market_seed,contrast_name,reference_case,comparison_case,scientific_role,metric,reference_value,comparison_value,paired_difference,favourable_direction,units
20261001,Sparse periodic minus dense periodic,dense_periodic,sparse_periodic,frequency/spacing,parametric_profile_RMSE,0.00015362847121067757,0.0006278174500694319,0.00047418897885875437,context dependent,native
20261002,Sparse periodic minus dense periodic,dense_periodic,sparse_periodic,frequency/spacing,parametric_profile_RMSE,0.0005360985571559064,0.0003430776717884559,-0.00019302088536745054,context dependent,native
20261003,Sparse periodic minus dense periodic,dense_periodic,sparse_periodic,frequency/spacing,parametric_profile_RMSE,0.00025166026401906823,0.0006976195544983543,0.00044595929047928603,context dependent,native
20261004,Sparse periodic minus dense periodic,dense_periodic,sparse_periodic,frequency/spacing,parametric_profile_RMSE,0.00015161764195286437,0.0005764134750317529,0.0004247958330788885,context dependent,native
20261005,Sparse periodic minus dense periodic,dense_periodic,sparse_periodic,frequency/spacing,parametric_profile_RMSE,0.00048318314154563723,0.0002605145472668716,-0.0002226685942787656,context dependent,native
20261006,Sparse periodic minus dense periodic,dense_periodic,sparse_periodic,frequency/spacing,parametric_profile_RMSE,0.00011633247838046466,0.0007701125004082197,0.0006537800220277551,context dependent,native
20261007,Sparse periodic minus dense periodic,dense_periodic,sparse_periodic,frequency/spacing,parametric_profile_RMSE,0.00012258261614654667,0.00022659927080950445,0.00010401665466295778,context dependent,native
20261008,Sparse periodic minus dense periodic,dense_periodic,sparse_periodic,frequency/spacing,parametric_profile_RMSE,0.00025615624448310277,0.0009908532444376714,0.0007346969999545685,context dependent,native
20261009,Sparse periodic minus dense periodic,dense_periodic,sparse_periodic,frequency/spacing,parametric_profile_RMSE,0.0002485061100904697,7.836928635417284e-05,-0.00017013682373629682,context dependent,native
20261010,Sparse periodic minus dense periodic,dense_periodic,sparse_periodic,frequency/spacing,parametric_profile_RMSE,3.056584242815121e-05,0.000765395879298231,0.0007348300368700798,context dependent,native
20261011,Sparse periodic minus dense periodic,dense_periodic,sparse_periodic,frequency/spacing,parametric_profile_RMSE,0.00015234394841415284,0.00031108049448886314,0.0001587365460747103,context dependent,native
20261012,Sparse periodic minus dense periodic,dense_periodic,sparse_periodic,frequency/spacing,parametric_profile_RMSE,0.0001635159002250379,0.0006757604468831712,0.0005122445466581333,context dependent,native
20261013,Sparse periodic minus dense periodic,dense_periodic,sparse_periodic,frequency/spacing,parametric_profile_RMSE,0.00022731352176290118,0.0002713544165306159,4.404089476771472e-05,context dependent,native
20261014,Sparse periodic minus dense periodic,dense_periodic,sparse_periodic,frequency/spacing,parametric_profile_RMSE,0.0008351742532685066,0.0007718994311142759,-6.327482215423065e-05,context dependent,native
20261015,Sparse periodic minus dense periodic,dense_periodic,sparse_periodic,frequency/spacing,parametric_profile_RMSE,0.0002608395820114105,0.0005567146824005257,0.0002958751003891152,context dependent,native
20261016,Sparse periodic minus dense periodic,dense_periodic,sparse_periodic,frequency/spacing,parametric_profile_RMSE,0.00018613431295391286,0.00027031103616960726,8.41767232156944e-05,context dependent,native
20261017,Sparse periodic minus dense periodic,dense_periodic,sparse_periodic,frequency/spacing,parametric_profile_RMSE,0.000892797429835957,0.00011155532490134328,-0.0007812421049346138,context dependent,native
20261018,Sparse periodic minus dense periodic,dense_periodic,sparse_periodic,frequency/spacing,parametric_profile_RMSE,0.0004603201233002939,0.0003328747322747487,-0.00012744539102554523,context dependent,native
20261019,Sparse periodic minus dense periodic,dense_periodic,sparse_periodic,frequency/spacing,parametric_profile_RMSE,0.00041504487213543136,0.0010322962064572589,0.0006172513343218275,context dependent,native
20261020,Sparse periodic minus dense periodic,dense_periodic,sparse_periodic,frequency/spacing,parametric_profile_RMSE,0.0006876602564401835,0.00029624563879378327,-0.00039141461764640026,context dependent,native
20261021,Sparse periodic minus dense periodic,dense_periodic,sparse_periodic,frequency/spacing,parametric_profile_RMSE,0.0007566749074252379,0.0011956651237174925,0.0004389902162922546,context dependent,native
20261022,Sparse periodic minus dense periodic,dense_periodic,sparse_periodic,frequency/spacing,parametric_profile_RMSE,0.00029007019579190934,0.0005570202976941032,0.00026695010190219383,context dependent,native
20261023,Sparse periodic minus dense periodic,dense_periodic,sparse_periodic,frequency/spacing,parametric_profile_RMSE,8.031381984250847e-05,0.0004037179909349079,0.0003234041710923994,context dependent,native
20261024,Sparse periodic minus dense periodic,dense_periodic,sparse_periodic,frequency/spacing,parametric_profile_RMSE,0.00024457100969924874,0.000445030250192778,0.00020045924049352928,context dependent,native
20261025,Sparse periodic minus dense periodic,dense_periodic,sparse_periodic,frequency/spacing,parametric_profile_RMSE,0.0004056715141864311,0.0007862900851005991,0.00038061857091416804,context dependent,native
20261026,Sparse periodic minus dense periodic,dense_periodic,sparse_periodic,frequency/spacing,parametric_profile_RMSE,2.7499238308346444e-05,0.0007315446763197576,0.0007040454380114111,context dependent,native
20261027,Sparse periodic minus dense periodic,dense_periodic,sparse_periodic,frequency/spacing,parametric_profile_RMSE,0.00015933299610256443,0.0005538713349035087,0.00039453833880094427,context dependent,native
20261028,Sparse periodic minus dense periodic,dense_periodic,sparse_periodic,frequency/spacing,parametric_profile_RMSE,0.00031281538831667925,0.0006460011812384898,0.00033318579292181057,context dependent,native
20261029,Sparse periodic minus dense periodic,dense_periodic,sparse_periodic,frequency/spacing,parametric_profile_RMSE,8.746471251476453e-05,0.0007910502194297448,0.0007035855069149803,context dependent,native
20261030,Sparse periodic minus dense periodic,dense_periodic,sparse_periodic,frequency/spacing,parametric_profile_RMSE,0.000435071112329811,0.0007125002229423569,0.00027742911061254586,context dependent,native
20261031,Sparse periodic minus dense periodic,dense_periodic,sparse_periodic,frequency/spacing,parametric_profile_RMSE,0.00013926472456336742,0.0003889772159922733,0.0002497124914289059,context dependent,native
20261032,Sparse periodic minus dense periodic,dense_periodic,sparse_periodic,frequency/spacing,parametric_profile_RMSE,0.0005430172464965974,0.000455068640147675,-8.794860634892237e-05,context dependent,native
20261033,Sparse periodic minus dense periodic,dense_periodic,sparse_periodic,frequency/spacing,parametric_profile_RMSE,0.00028757534447746824,0.0002542764990109813,-3.329884546648693e-05,context dependent,native
20261034,Sparse periodic minus dense periodic,dense_periodic,sparse_periodic,frequency/spacing,parametric_profile_RMSE,0.000838409048355625,0.0014485589520477876,0.0006101499036921626,context dependent,native
20261035,Sparse periodic minus dense periodic,dense_periodic,sparse_periodic,frequency/spacing,parametric_profile_RMSE,0.00016247997329844934,0.0005599012606999758,0.00039742128740152653,context dependent,native
20261036,Sparse periodic minus dense periodic,dense_periodic,sparse_periodic,frequency/spacing,parametric_profile_RMSE,0.00046165316116712876,0.00039013259431250547,-7.152056685462329e-05,context dependent,native
20261037,Sparse periodic minus dense periodic,dense_periodic,sparse_periodic,frequency/spacing,parametric_profile_RMSE,0.00038338650359193155,0.0006849825745423106,0.0003015960709503791,context dependent,native
20261038,Sparse periodic minus dense periodic,dense_periodic,sparse_periodic,frequency/spacing,parametric_profile_RMSE,0.0004177167860252748,0.0008298213809496855,0.00041210459492441073,context dependent,native
20261039,Sparse periodic minus dense periodic,dense_periodic,sparse_periodic,frequency/spacing,parametric_profile_RMSE,0.0002534602923346567,0.0008319353648479306,0.000578475072513274,context dependent,native
20261040,Sparse periodic minus dense periodic,dense_periodic,sparse_periodic,frequency/spacing,parametric_profile_RMSE,0.0002791714822930884,0.0003531916468195801,7.402016452649171e-05,context dependent,native
20261041,Sparse periodic minus dense periodic,dense_periodic,sparse_periodic,frequency/spacing,parametric_profile_RMSE,0.000383674914194689,0.0004492210933751325,6.554617918044353e-05,context dependent,native
20261042,Sparse periodic minus dense periodic,dense_periodic,sparse_periodic,frequency/spacing,parametric_profile_RMSE,0.0003292769138958671,0.00021500292198181994,-0.00011427399191404718,context dependent,native
20261043,Sparse periodic minus dense periodic,dense_periodic,sparse_periodic,frequency/spacing,parametric_profile_RMSE,0.0004954065007066982,0.00023116489864620144,-0.00026424160206049675,context dependent,native
20261044,Sparse periodic minus dense periodic,dense_periodic,sparse_periodic,frequency/spacing,parametric_profile_RMSE,0.0005116067425947826,0.0006804265320343408,0.00016881978943955817,context dependent,native
20261045,Sparse periodic minus dense periodic,dense_periodic,sparse_periodic,frequency/spacing,parametric_profile_RMSE,0.00048191986152643334,0.0005765170881876734,9.45972266612401e-05,context dependent,native
20261046,Sparse periodic minus dense periodic,dense_periodic,sparse_periodic,frequency/spacing,parametric_profile_RMSE,0.0003694915036518467,0.0006157063725912139,0.0002462148689393672,context dependent,native
20261047,Sparse periodic minus dense periodic,dense_periodic,sparse_periodic,frequency/spacing,parametric_profile_RMSE,7.9881637894603e-05,0.00033552836383824884,0.00025564672594364585,context dependent,native
20261048,Sparse periodic minus dense periodic,dense_periodic,sparse_periodic,frequency/spacing,parametric_profile_RMSE,0.00018435057068161726,0.0004080190959122296,0.00022366852523061237,context dependent,native
20261049,Sparse periodic minus dense periodic,dense_periodic,sparse_periodic,frequency/spacing,parametric_profile_RMSE,0.00036384354641859167,0.0005381077164653211,0.00017426417004672945,context dependent,native
20261050,Sparse periodic minus dense periodic,dense_periodic,sparse_periodic,frequency/spacing,parametric_profile_RMSE,0.0006617767666919396,0.0003622248926598774,-0.0002995518740320622,context dependent,native
20261001,Sparse periodic minus dense periodic,dense_periodic,sparse_periodic,frequency/spacing,nonparametric_profile_RMSE,0.0017390983852926035,0.0015747497353532033,-0.00016434864993940018,context dependent,native
20261002,Sparse periodic minus dense periodic,dense_periodic,sparse_periodic,frequency/spacing,nonparametric_profile_RMSE,0.0009110132642982664,0.0013459912967318955,0.00043497803243362906,context dependent,native
20261003,Sparse periodic minus dense periodic,dense_periodic,sparse_periodic,frequency/spacing,nonparametric_profile_RMSE,0.0013406854409216242,0.0015863836327831835,0.00024569819186155933,context dependent,native
20261004,Sparse periodic minus dense periodic,dense_periodic,sparse_periodic,frequency/spacing,nonparametric_profile_RMSE,0.0019194925442106519,0.001284877366078899,-0.0006346151781317529,context dependent,native
20261005,Sparse periodic minus dense periodic,dense_periodic,sparse_periodic,frequency/spacing,nonparametric_profile_RMSE,0.0020761092207256648,0.0017149585234251502,-0.0003611506973005146,context dependent,native
20261006,Sparse periodic minus dense periodic,dense_periodic,sparse_periodic,frequency/spacing,nonparametric_profile_RMSE,0.0016161718451698605,0.0021533967062821605,0.0005372248611123,context dependent,native
20261007,Sparse periodic minus dense periodic,dense_periodic,sparse_periodic,frequency/spacing,nonparametric_profile_RMSE,0.0015706192215443617,0.0016710009390696863,0.00010038171752532461,context dependent,native
20261008,Sparse periodic minus dense periodic,dense_periodic,sparse_periodic,frequency/spacing,nonparametric_profile_RMSE,0.001925830767303859,0.0024060068581694956,0.00048017609086563654,context dependent,native
20261009,Sparse periodic minus dense periodic,dense_periodic,sparse_periodic,frequency/spacing,nonparametric_profile_RMSE,0.000880916747633543,0.0019563481428970606,0.0010754313952635176,context dependent,native
20261010,Sparse periodic minus dense periodic,dense_periodic,sparse_periodic,frequency/spacing,nonparametric_profile_RMSE,0.0014858006198734226,0.0018625065953624654,0.0003767059754890428,context dependent,native
20261011,Sparse periodic minus dense periodic,dense_periodic,sparse_periodic,frequency/spacing,nonparametric_profile_RMSE,0.001532003579485683,0.0018109702300202308,0.00027896665053454774,context dependent,native
20261012,Sparse periodic minus dense periodic,dense_periodic,sparse_periodic,frequency/spacing,nonparametric_profile_RMSE,0.001984765943348596,0.0015280557252326484,-0.00045671021811594776,context dependent,native
20261013,Sparse periodic minus dense periodic,dense_periodic,sparse_periodic,frequency/spacing,nonparametric_profile_RMSE,0.0016562578717397973,0.0009123879153026104,-0.0007438699564371869,context dependent,native
20261014,Sparse periodic minus dense periodic,dense_periodic,sparse_periodic,frequency/spacing,nonparametric_profile_RMSE,0.0017688698277279185,0.002276943084720524,0.0005080732569926055,context dependent,native
20261015,Sparse periodic minus dense periodic,dense_periodic,sparse_periodic,frequency/spacing,nonparametric_profile_RMSE,0.0015595669345279555,0.00245238465490841,0.0008928177203804547,context dependent,native
20261016,Sparse periodic minus dense periodic,dense_periodic,sparse_periodic,frequency/spacing,nonparametric_profile_RMSE,0.00229936725740262,0.002938746033380604,0.000639378775977984,context dependent,native
20261017,Sparse periodic minus dense periodic,dense_periodic,sparse_periodic,frequency/spacing,nonparametric_profile_RMSE,0.002796452017452804,0.0026411937045682987,-0.00015525831288450533,context dependent,native
20261018,Sparse periodic minus dense periodic,dense_periodic,sparse_periodic,frequency/spacing,nonparametric_profile_RMSE,0.0017524779510266074,0.001782645108169772,3.016715714316458e-05,context dependent,native
20261019,Sparse periodic minus dense periodic,dense_periodic,sparse_periodic,frequency/spacing,nonparametric_profile_RMSE,0.0009463698350463081,0.0025222453386912575,0.0015758755036449495,context dependent,native
20261020,Sparse periodic minus dense periodic,dense_periodic,sparse_periodic,frequency/spacing,nonparametric_profile_RMSE,0.001617278791368806,0.0018617657228464477,0.0002444869314776417,context dependent,native
20261021,Sparse periodic minus dense periodic,dense_periodic,sparse_periodic,frequency/spacing,nonparametric_profile_RMSE,0.0010658882796677229,0.002395733450096487,0.0013298451704287643,context dependent,native
20261022,Sparse periodic minus dense periodic,dense_periodic,sparse_periodic,frequency/spacing,nonparametric_profile_RMSE,0.0013087049838130308,0.0016900917327657907,0.0003813867489527599,context dependent,native
20261023,Sparse periodic minus dense periodic,dense_periodic,sparse_periodic,frequency/spacing,nonparametric_profile_RMSE,0.002103475592488989,0.002306378509498916,0.00020290291700992722,context dependent,native
20261024,Sparse periodic minus dense periodic,dense_periodic,sparse_periodic,frequency/spacing,nonparametric_profile_RMSE,0.0016385927123618142,0.001155701271673914,-0.0004828914406879003,context dependent,native
20261025,Sparse periodic minus dense periodic,dense_periodic,sparse_periodic,frequency/spacing,nonparametric_profile_RMSE,0.001937299354867823,0.0024654230248944736,0.0005281236700266506,context dependent,native
20261026,Sparse periodic minus dense periodic,dense_periodic,sparse_periodic,frequency/spacing,nonparametric_profile_RMSE,0.0024505662545620775,0.0011859132410940512,-0.0012646530134680263,context dependent,native
20261027,Sparse periodic minus dense periodic,dense_periodic,sparse_periodic,frequency/spacing,nonparametric_profile_RMSE,0.0015608520066635035,0.0017408402096273034,0.0001799882029637999,context dependent,native
20261028,Sparse periodic minus dense periodic,dense_periodic,sparse_periodic,frequency/spacing,nonparametric_profile_RMSE,0.000705534143368488,0.0017945955393416436,0.0010890613959731554,context dependent,native
20261029,Sparse periodic minus dense periodic,dense_periodic,sparse_periodic,frequency/spacing,nonparametric_profile_RMSE,0.0017578744395312824,0.0023041325845342027,0.0005462581450029202,context dependent,native
20261030,Sparse periodic minus dense periodic,dense_periodic,sparse_periodic,frequency/spacing,nonparametric_profile_RMSE,0.001149257379521101,0.001943389035956507,0.000794131656435406,context dependent,native
20261031,Sparse periodic minus dense periodic,dense_periodic,sparse_periodic,frequency/spacing,nonparametric_profile_RMSE,0.0013120938917862556,0.0017745827255005015,0.0004624888337142459,context dependent,native
20261032,Sparse periodic minus dense periodic,dense_periodic,sparse_periodic,frequency/spacing,nonparametric_profile_RMSE,0.0017140848991756327,0.0015849224040038355,-0.00012916249517179717,context dependent,native
20261033,Sparse periodic minus dense periodic,dense_periodic,sparse_periodic,frequency/spacing,nonparametric_profile_RMSE,0.0013415343750693273,0.0017687327427316618,0.00042719836766233455,context dependent,native
20261034,Sparse periodic minus dense periodic,dense_periodic,sparse_periodic,frequency/spacing,nonparametric_profile_RMSE,0.0016880566434173939,0.002662590607620517,0.0009745339642031232,context dependent,native
20261035,Sparse periodic minus dense periodic,dense_periodic,sparse_periodic,frequency/spacing,nonparametric_profile_RMSE,0.0016234789848106437,0.0019891663404013604,0.00036568735559071677,context dependent,native
20261036,Sparse periodic minus dense periodic,dense_periodic,sparse_periodic,frequency/spacing,nonparametric_profile_RMSE,0.0009745534665444791,0.0021351256338479653,0.001160572167303486,context dependent,native
20261037,Sparse periodic minus dense periodic,dense_periodic,sparse_periodic,frequency/spacing,nonparametric_profile_RMSE,0.001281413021658164,0.0014562289020925347,0.00017481588043437063,context dependent,native
20261038,Sparse periodic minus dense periodic,dense_periodic,sparse_periodic,frequency/spacing,nonparametric_profile_RMSE,0.0016687568272481248,0.0019625993395513117,0.00029384251230318696,context dependent,native
20261039,Sparse periodic minus dense periodic,dense_periodic,sparse_periodic,frequency/spacing,nonparametric_profile_RMSE,0.002441696825249144,0.0035022069907659267,0.0010605101655167828,context dependent,native
20261040,Sparse periodic minus dense periodic,dense_periodic,sparse_periodic,frequency/spacing,nonparametric_profile_RMSE,0.0017024785408672582,0.0017092632830654404,6.784742198182167e-06,context dependent,native
20261041,Sparse periodic minus dense periodic,dense_periodic,sparse_periodic,frequency/spacing,nonparametric_profile_RMSE,0.0011935986474358553,0.0011688911904495826,-2.4707456986272722e-05,context dependent,native
20261042,Sparse periodic minus dense periodic,dense_periodic,sparse_periodic,frequency/spacing,nonparametric_profile_RMSE,0.00196364218216461,0.0020795342612043867,0.00011589207903977671,context dependent,native
20261043,Sparse periodic minus dense periodic,dense_periodic,sparse_periodic,frequency/spacing,nonparametric_profile_RMSE,0.0019454586589117038,0.001461470959931903,-0.00048398769897980086,context dependent,native
20261044,Sparse periodic minus dense periodic,dense_periodic,sparse_periodic,frequency/spacing,nonparametric_profile_RMSE,0.00183460993386563,0.0017942922619803574,-4.031767188527268e-05,context dependent,native
20261045,Sparse periodic minus dense periodic,dense_periodic,sparse_periodic,frequency/spacing,nonparametric_profile_RMSE,0.0016669174715632947,0.0019408763212134313,0.00027395884965013663,context dependent,native
20261046,Sparse periodic minus dense periodic,dense_periodic,sparse_periodic,frequency/spacing,nonparametric_profile_RMSE,0.001361100933812848,0.0018694749773899076,0.0005083740435770595,context dependent,native
20261047,Sparse periodic minus dense periodic,dense_periodic,sparse_periodic,frequency/spacing,nonparametric_profile_RMSE,0.0012467895538668386,0.0012821956718561227,3.540611798928412e-05,context dependent,native
20261048,Sparse periodic minus dense periodic,dense_periodic,sparse_periodic,frequency/spacing,nonparametric_profile_RMSE,0.0012798389632173264,0.0012873273690411418,7.488405823815464e-06,context dependent,native
20261049,Sparse periodic minus dense periodic,dense_periodic,sparse_periodic,frequency/spacing,nonparametric_profile_RMSE,0.002211026691028285,0.0018454105308066413,-0.0003656161602216437,context dependent,native
20261050,Sparse periodic minus dense periodic,dense_periodic,sparse_periodic,frequency/spacing,nonparametric_profile_RMSE,0.0011928958258747029,0.0016717309503598466,0.0004788351244851437,context dependent,native
20261001,Sparse periodic minus dense periodic,dense_periodic,sparse_periodic,frequency/spacing,active_sigma_parametric_MAE_gain_pct,29.164248945887405,25.520715167761665,-3.6435337781257395,context dependent,percent
20261002,Sparse periodic minus dense periodic,dense_periodic,sparse_periodic,frequency/spacing,active_sigma_parametric_MAE_gain_pct,26.202444774024503,22.6583528121868,-3.5440919618377045,context dependent,percent
20261003,Sparse periodic minus dense periodic,dense_periodic,sparse_periodic,frequency/spacing,active_sigma_parametric_MAE_gain_pct,36.55038816926752,20.49320978597474,-16.05717838329278,context dependent,percent
20261004,Sparse periodic minus dense periodic,dense_periodic,sparse_periodic,frequency/spacing,active_sigma_parametric_MAE_gain_pct,23.16661974789178,19.33078807750739,-3.8358316703843904,context dependent,percent
20261005,Sparse periodic minus dense periodic,dense_periodic,sparse_periodic,frequency/spacing,active_sigma_parametric_MAE_gain_pct,24.887842592833042,23.93833304439643,-0.9495095484366125,context dependent,percent
20261006,Sparse periodic minus dense periodic,dense_periodic,sparse_periodic,frequency/spacing,active_sigma_parametric_MAE_gain_pct,29.439253847306123,13.265949103850595,-16.173304743455528,context dependent,percent
20261007,Sparse periodic minus dense periodic,dense_periodic,sparse_periodic,frequency/spacing,active_sigma_parametric_MAE_gain_pct,26.97053227891488,21.868202838515817,-5.102329440399064,context dependent,percent
20261008,Sparse periodic minus dense periodic,dense_periodic,sparse_periodic,frequency/spacing,active_sigma_parametric_MAE_gain_pct,25.411023981761705,17.417815175844233,-7.993208805917472,context dependent,percent
20261009,Sparse periodic minus dense periodic,dense_periodic,sparse_periodic,frequency/spacing,active_sigma_parametric_MAE_gain_pct,32.62514918898556,24.006060073207735,-8.619089115777825,context dependent,percent
20261010,Sparse periodic minus dense periodic,dense_periodic,sparse_periodic,frequency/spacing,active_sigma_parametric_MAE_gain_pct,19.61590395273832,12.125686117782397,-7.490217834955924,context dependent,percent
20261011,Sparse periodic minus dense periodic,dense_periodic,sparse_periodic,frequency/spacing,active_sigma_parametric_MAE_gain_pct,20.526175061049546,25.347984449567875,4.821809388518329,context dependent,percent
20261012,Sparse periodic minus dense periodic,dense_periodic,sparse_periodic,frequency/spacing,active_sigma_parametric_MAE_gain_pct,28.006833361170237,14.021809525526596,-13.985023835643641,context dependent,percent
20261013,Sparse periodic minus dense periodic,dense_periodic,sparse_periodic,frequency/spacing,active_sigma_parametric_MAE_gain_pct,13.832233719173903,9.720825422142198,-4.111408297031705,context dependent,percent
20261014,Sparse periodic minus dense periodic,dense_periodic,sparse_periodic,frequency/spacing,active_sigma_parametric_MAE_gain_pct,26.956858015263073,13.893180460523958,-13.063677554739115,context dependent,percent
20261015,Sparse periodic minus dense periodic,dense_periodic,sparse_periodic,frequency/spacing,active_sigma_parametric_MAE_gain_pct,27.07110412713256,15.926056182140213,-11.145047944992347,context dependent,percent
20261016,Sparse periodic minus dense periodic,dense_periodic,sparse_periodic,frequency/spacing,active_sigma_parametric_MAE_gain_pct,21.94636676752274,10.450661312147913,-11.495705455374827,context dependent,percent
20261017,Sparse periodic minus dense periodic,dense_periodic,sparse_periodic,frequency/spacing,active_sigma_parametric_MAE_gain_pct,33.64272303442933,21.577012598657397,-12.065710435771933,context dependent,percent
20261018,Sparse periodic minus dense periodic,dense_periodic,sparse_periodic,frequency/spacing,active_sigma_parametric_MAE_gain_pct,17.166838635411843,6.055186587169659,-11.111652048242185,context dependent,percent
20261019,Sparse periodic minus dense periodic,dense_periodic,sparse_periodic,frequency/spacing,active_sigma_parametric_MAE_gain_pct,21.87345333366225,22.53072151931673,0.6572681856544804,context dependent,percent
20261020,Sparse periodic minus dense periodic,dense_periodic,sparse_periodic,frequency/spacing,active_sigma_parametric_MAE_gain_pct,37.5197814635247,28.52496805119069,-8.994813412334011,context dependent,percent
20261021,Sparse periodic minus dense periodic,dense_periodic,sparse_periodic,frequency/spacing,active_sigma_parametric_MAE_gain_pct,15.982436911100207,16.76215986782549,0.7797229567252817,context dependent,percent
20261022,Sparse periodic minus dense periodic,dense_periodic,sparse_periodic,frequency/spacing,active_sigma_parametric_MAE_gain_pct,19.14330021860361,16.261460351018076,-2.8818398675855335,context dependent,percent
20261023,Sparse periodic minus dense periodic,dense_periodic,sparse_periodic,frequency/spacing,active_sigma_parametric_MAE_gain_pct,25.21921347841589,26.818155274535528,1.598941796119636,context dependent,percent
20261024,Sparse periodic minus dense periodic,dense_periodic,sparse_periodic,frequency/spacing,active_sigma_parametric_MAE_gain_pct,21.75092971076966,27.652523387900764,5.901593677131103,context dependent,percent
20261025,Sparse periodic minus dense periodic,dense_periodic,sparse_periodic,frequency/spacing,active_sigma_parametric_MAE_gain_pct,24.25366568846251,22.025707776543403,-2.227957911919109,context dependent,percent
20261026,Sparse periodic minus dense periodic,dense_periodic,sparse_periodic,frequency/spacing,active_sigma_parametric_MAE_gain_pct,18.350665411870924,8.799317980495847,-9.551347431375078,context dependent,percent
20261027,Sparse periodic minus dense periodic,dense_periodic,sparse_periodic,frequency/spacing,active_sigma_parametric_MAE_gain_pct,26.810078663210835,25.481290676946568,-1.3287879862642669,context dependent,percent
20261028,Sparse periodic minus dense periodic,dense_periodic,sparse_periodic,frequency/spacing,active_sigma_parametric_MAE_gain_pct,22.634619044613913,23.313008042678018,0.6783889980641042,context dependent,percent
20261029,Sparse periodic minus dense periodic,dense_periodic,sparse_periodic,frequency/spacing,active_sigma_parametric_MAE_gain_pct,28.011609547093585,23.44655235541284,-4.565057191680744,context dependent,percent
20261030,Sparse periodic minus dense periodic,dense_periodic,sparse_periodic,frequency/spacing,active_sigma_parametric_MAE_gain_pct,16.61982488990357,18.678940247738762,2.059115357835193,context dependent,percent
20261031,Sparse periodic minus dense periodic,dense_periodic,sparse_periodic,frequency/spacing,active_sigma_parametric_MAE_gain_pct,20.428141497413943,12.4694511397626,-7.958690357651344,context dependent,percent
20261032,Sparse periodic minus dense periodic,dense_periodic,sparse_periodic,frequency/spacing,active_sigma_parametric_MAE_gain_pct,26.61010104965017,22.369033949337435,-4.241067100312733,context dependent,percent
20261033,Sparse periodic minus dense periodic,dense_periodic,sparse_periodic,frequency/spacing,active_sigma_parametric_MAE_gain_pct,26.215080981851703,23.399260132740164,-2.815820849111539,context dependent,percent
20261034,Sparse periodic minus dense periodic,dense_periodic,sparse_periodic,frequency/spacing,active_sigma_parametric_MAE_gain_pct,28.506005447507587,25.966891253370417,-2.53911419413717,context dependent,percent
20261035,Sparse periodic minus dense periodic,dense_periodic,sparse_periodic,frequency/spacing,active_sigma_parametric_MAE_gain_pct,19.94742723897844,17.460276908412432,-2.48715033056601,context dependent,percent
20261036,Sparse periodic minus dense periodic,dense_periodic,sparse_periodic,frequency/spacing,active_sigma_parametric_MAE_gain_pct,30.20582062238162,31.103263583470564,0.8974429610889452,context dependent,percent
20261037,Sparse periodic minus dense periodic,dense_periodic,sparse_periodic,frequency/spacing,active_sigma_parametric_MAE_gain_pct,20.2712237620712,13.543718997463417,-6.727504764607785,context dependent,percent
20261038,Sparse periodic minus dense periodic,dense_periodic,sparse_periodic,frequency/spacing,active_sigma_parametric_MAE_gain_pct,0.14495377747614224,-0.5210043310084345,-0.6659581084845767,context dependent,percent
20261039,Sparse periodic minus dense periodic,dense_periodic,sparse_periodic,frequency/spacing,active_sigma_parametric_MAE_gain_pct,20.807236861905977,2.3757809882938186,-18.43145587361216,context dependent,percent
20261040,Sparse periodic minus dense periodic,dense_periodic,sparse_periodic,frequency/spacing,active_sigma_parametric_MAE_gain_pct,7.073960530290435,11.606137815206118,4.532177284915683,context dependent,percent
20261041,Sparse periodic minus dense periodic,dense_periodic,sparse_periodic,frequency/spacing,active_sigma_parametric_MAE_gain_pct,37.213489828644505,22.134365803937882,-15.079124024706623,context dependent,percent
20261042,Sparse periodic minus dense periodic,dense_periodic,sparse_periodic,frequency/spacing,active_sigma_parametric_MAE_gain_pct,25.40951823732238,15.767096436296013,-9.642421801026368,context dependent,percent
20261043,Sparse periodic minus dense periodic,dense_periodic,sparse_periodic,frequency/spacing,active_sigma_parametric_MAE_gain_pct,30.34626926137003,35.65889118572089,5.312621924350861,context dependent,percent
20261044,Sparse periodic minus dense periodic,dense_periodic,sparse_periodic,frequency/spacing,active_sigma_parametric_MAE_gain_pct,25.15580404627411,13.47222926377909,-11.68357478249502,context dependent,percent
20261045,Sparse periodic minus dense periodic,dense_periodic,sparse_periodic,frequency/spacing,active_sigma_parametric_MAE_gain_pct,28.387396388207776,26.0062554790531,-2.381140909154677,context dependent,percent
20261046,Sparse periodic minus dense periodic,dense_periodic,sparse_periodic,frequency/spacing,active_sigma_parametric_MAE_gain_pct,10.969304840227977,17.482999302481005,6.513694462253028,context dependent,percent
20261047,Sparse periodic minus dense periodic,dense_periodic,sparse_periodic,frequency/spacing,active_sigma_parametric_MAE_gain_pct,32.81121997111078,12.616120464057579,-20.1950995070532,context dependent,percent
20261048,Sparse periodic minus dense periodic,dense_periodic,sparse_periodic,frequency/spacing,active_sigma_parametric_MAE_gain_pct,21.23877006838385,10.391284880053298,-10.847485188330552,context dependent,percent
20261049,Sparse periodic minus dense periodic,dense_periodic,sparse_periodic,frequency/spacing,active_sigma_parametric_MAE_gain_pct,27.117382986622886,13.182051503726477,-13.935331482896409,context dependent,percent
20261050,Sparse periodic minus dense periodic,dense_periodic,sparse_periodic,frequency/spacing,active_sigma_parametric_MAE_gain_pct,19.476713979721616,26.00649836436002,6.529784384638404,context dependent,percent
20261001,Sparse periodic minus dense periodic,dense_periodic,sparse_periodic,frequency/spacing,active_sigma_nonparametric_MAE_gain_pct,30.918655832448316,19.717131520503152,-11.201524311945164,context dependent,percent
20261002,Sparse periodic minus dense periodic,dense_periodic,sparse_periodic,frequency/spacing,active_sigma_nonparametric_MAE_gain_pct,23.214426195823467,21.535546546262253,-1.678879649561214,context dependent,percent
20261003,Sparse periodic minus dense periodic,dense_periodic,sparse_periodic,frequency/spacing,active_sigma_nonparametric_MAE_gain_pct,32.65843234322966,18.702741552876766,-13.955690790352897,context dependent,percent
20261004,Sparse periodic minus dense periodic,dense_periodic,sparse_periodic,frequency/spacing,active_sigma_nonparametric_MAE_gain_pct,20.779741761825786,17.757160202826594,-3.0225815589991925,context dependent,percent
20261005,Sparse periodic minus dense periodic,dense_periodic,sparse_periodic,frequency/spacing,active_sigma_nonparametric_MAE_gain_pct,6.923051616547871,26.178562484575185,19.255510868027315,context dependent,percent
20261006,Sparse periodic minus dense periodic,dense_periodic,sparse_periodic,frequency/spacing,active_sigma_nonparametric_MAE_gain_pct,17.94960668995045,-5.095236667168268,-23.04484335711872,context dependent,percent
20261007,Sparse periodic minus dense periodic,dense_periodic,sparse_periodic,frequency/spacing,active_sigma_nonparametric_MAE_gain_pct,24.009012565172338,24.08148270792457,0.07247014275223407,context dependent,percent
20261008,Sparse periodic minus dense periodic,dense_periodic,sparse_periodic,frequency/spacing,active_sigma_nonparametric_MAE_gain_pct,24.754366310708775,19.075625649975326,-5.67874066073345,context dependent,percent
20261009,Sparse periodic minus dense periodic,dense_periodic,sparse_periodic,frequency/spacing,active_sigma_nonparametric_MAE_gain_pct,29.737620231104643,13.12213334341481,-16.615486887689833,context dependent,percent
20261010,Sparse periodic minus dense periodic,dense_periodic,sparse_periodic,frequency/spacing,active_sigma_nonparametric_MAE_gain_pct,4.080174457478824,10.245560670859732,6.165386213380907,context dependent,percent
20261011,Sparse periodic minus dense periodic,dense_periodic,sparse_periodic,frequency/spacing,active_sigma_nonparametric_MAE_gain_pct,15.452110445197775,25.33875342273578,9.886642977538006,context dependent,percent
20261012,Sparse periodic minus dense periodic,dense_periodic,sparse_periodic,frequency/spacing,active_sigma_nonparametric_MAE_gain_pct,14.967703129303478,8.149179550505991,-6.818523578797487,context dependent,percent
20261013,Sparse periodic minus dense periodic,dense_periodic,sparse_periodic,frequency/spacing,active_sigma_nonparametric_MAE_gain_pct,8.651824671693586,10.203386545352222,1.5515618736586365,context dependent,percent
20261014,Sparse periodic minus dense periodic,dense_periodic,sparse_periodic,frequency/spacing,active_sigma_nonparametric_MAE_gain_pct,25.613809407462785,6.223166331741636,-19.39064307572115,context dependent,percent
20261015,Sparse periodic minus dense periodic,dense_periodic,sparse_periodic,frequency/spacing,active_sigma_nonparametric_MAE_gain_pct,19.341879324679713,-0.12917511468129028,-19.471054439361005,context dependent,percent
20261016,Sparse periodic minus dense periodic,dense_periodic,sparse_periodic,frequency/spacing,active_sigma_nonparametric_MAE_gain_pct,1.407199317088359,-19.391182285138342,-20.7983816022267,context dependent,percent
20261017,Sparse periodic minus dense periodic,dense_periodic,sparse_periodic,frequency/spacing,active_sigma_nonparametric_MAE_gain_pct,27.60003829057688,18.41949542544451,-9.18054286513237,context dependent,percent
20261018,Sparse periodic minus dense periodic,dense_periodic,sparse_periodic,frequency/spacing,active_sigma_nonparametric_MAE_gain_pct,16.291418437050964,5.8687626418495675,-10.422655795201397,context dependent,percent
20261019,Sparse periodic minus dense periodic,dense_periodic,sparse_periodic,frequency/spacing,active_sigma_nonparametric_MAE_gain_pct,25.08217531580439,15.608519929755404,-9.473655386048984,context dependent,percent
20261020,Sparse periodic minus dense periodic,dense_periodic,sparse_periodic,frequency/spacing,active_sigma_nonparametric_MAE_gain_pct,38.69303694332936,30.436478361920617,-8.256558581408743,context dependent,percent
20261021,Sparse periodic minus dense periodic,dense_periodic,sparse_periodic,frequency/spacing,active_sigma_nonparametric_MAE_gain_pct,13.816741349787398,8.57527466582102,-5.241466683966378,context dependent,percent
20261022,Sparse periodic minus dense periodic,dense_periodic,sparse_periodic,frequency/spacing,active_sigma_nonparametric_MAE_gain_pct,14.042956825373587,9.315782613160406,-4.72717421221318,context dependent,percent
20261023,Sparse periodic minus dense periodic,dense_periodic,sparse_periodic,frequency/spacing,active_sigma_nonparametric_MAE_gain_pct,19.833562013317206,22.49678209553656,2.663220082219354,context dependent,percent
20261024,Sparse periodic minus dense periodic,dense_periodic,sparse_periodic,frequency/spacing,active_sigma_nonparametric_MAE_gain_pct,11.776258822055885,24.69718186865464,12.920923046598753,context dependent,percent
20261025,Sparse periodic minus dense periodic,dense_periodic,sparse_periodic,frequency/spacing,active_sigma_nonparametric_MAE_gain_pct,8.888972281628217,6.937812157031309,-1.9511601245969077,context dependent,percent
20261026,Sparse periodic minus dense periodic,dense_periodic,sparse_periodic,frequency/spacing,active_sigma_nonparametric_MAE_gain_pct,-1.454135754059016,3.611103100803248,5.0652388548622636,context dependent,percent
20261027,Sparse periodic minus dense periodic,dense_periodic,sparse_periodic,frequency/spacing,active_sigma_nonparametric_MAE_gain_pct,14.40532006482995,7.962254553372306,-6.443065511457645,context dependent,percent
20261028,Sparse periodic minus dense periodic,dense_periodic,sparse_periodic,frequency/spacing,active_sigma_nonparametric_MAE_gain_pct,24.13105921205033,17.383833595611353,-6.747225616438978,context dependent,percent
20261029,Sparse periodic minus dense periodic,dense_periodic,sparse_periodic,frequency/spacing,active_sigma_nonparametric_MAE_gain_pct,21.925235632640018,26.434306956910625,4.509071324270607,context dependent,percent
20261030,Sparse periodic minus dense periodic,dense_periodic,sparse_periodic,frequency/spacing,active_sigma_nonparametric_MAE_gain_pct,12.218706156165782,5.622801143639755,-6.595905012526027,context dependent,percent
20261031,Sparse periodic minus dense periodic,dense_periodic,sparse_periodic,frequency/spacing,active_sigma_nonparametric_MAE_gain_pct,16.86009498108685,7.653883347832169,-9.20621163325468,context dependent,percent
20261032,Sparse periodic minus dense periodic,dense_periodic,sparse_periodic,frequency/spacing,active_sigma_nonparametric_MAE_gain_pct,18.470665137973263,14.43376382226873,-4.036901315704533,context dependent,percent
20261033,Sparse periodic minus dense periodic,dense_periodic,sparse_periodic,frequency/spacing,active_sigma_nonparametric_MAE_gain_pct,17.270294336734004,20.377519101481035,3.1072247647470306,context dependent,percent
20261034,Sparse periodic minus dense periodic,dense_periodic,sparse_periodic,frequency/spacing,active_sigma_nonparametric_MAE_gain_pct,22.915623863591904,20.673250345705373,-2.2423735178865307,context dependent,percent
20261035,Sparse periodic minus dense periodic,dense_periodic,sparse_periodic,frequency/spacing,active_sigma_nonparametric_MAE_gain_pct,17.970429313495863,8.330841740733664,-9.6395875727622,context dependent,percent
20261036,Sparse periodic minus dense periodic,dense_periodic,sparse_periodic,frequency/spacing,active_sigma_nonparametric_MAE_gain_pct,30.081460409241213,18.403906716429862,-11.677553692811351,context dependent,percent
20261037,Sparse periodic minus dense periodic,dense_periodic,sparse_periodic,frequency/spacing,active_sigma_nonparametric_MAE_gain_pct,2.121266802184152,-1.4648141493519118,-3.5860809515360637,context dependent,percent
20261038,Sparse periodic minus dense periodic,dense_periodic,sparse_periodic,frequency/spacing,active_sigma_nonparametric_MAE_gain_pct,-9.03983443196752,-2.7868842860967247,6.252950145870796,context dependent,percent
20261039,Sparse periodic minus dense periodic,dense_periodic,sparse_periodic,frequency/spacing,active_sigma_nonparametric_MAE_gain_pct,-3.045043300737249,-14.613317050989515,-11.568273750252267,context dependent,percent
20261040,Sparse periodic minus dense periodic,dense_periodic,sparse_periodic,frequency/spacing,active_sigma_nonparametric_MAE_gain_pct,-1.708792624876776,3.7183597440716643,5.42715236894844,context dependent,percent
20261041,Sparse periodic minus dense periodic,dense_periodic,sparse_periodic,frequency/spacing,active_sigma_nonparametric_MAE_gain_pct,34.77214950361608,17.179367353408747,-17.59278215020733,context dependent,percent
20261042,Sparse periodic minus dense periodic,dense_periodic,sparse_periodic,frequency/spacing,active_sigma_nonparametric_MAE_gain_pct,13.951014268618334,-2.6851639239382497,-16.636178192556585,context dependent,percent
20261043,Sparse periodic minus dense periodic,dense_periodic,sparse_periodic,frequency/spacing,active_sigma_nonparametric_MAE_gain_pct,18.157234502136244,19.006134815098598,0.8489003129623534,context dependent,percent
20261044,Sparse periodic minus dense periodic,dense_periodic,sparse_periodic,frequency/spacing,active_sigma_nonparametric_MAE_gain_pct,25.908027904312757,0.5148571860002948,-25.39317071831246,context dependent,percent
20261045,Sparse periodic minus dense periodic,dense_periodic,sparse_periodic,frequency/spacing,active_sigma_nonparametric_MAE_gain_pct,20.1379529995503,16.895125583785596,-3.2428274157647046,context dependent,percent
20261046,Sparse periodic minus dense periodic,dense_periodic,sparse_periodic,frequency/spacing,active_sigma_nonparametric_MAE_gain_pct,5.05163726719966,10.769785718707414,5.718148451507754,context dependent,percent
20261047,Sparse periodic minus dense periodic,dense_periodic,sparse_periodic,frequency/spacing,active_sigma_nonparametric_MAE_gain_pct,30.782092144719297,14.972639856434444,-15.809452288284852,context dependent,percent
20261048,Sparse periodic minus dense periodic,dense_periodic,sparse_periodic,frequency/spacing,active_sigma_nonparametric_MAE_gain_pct,15.134585797612187,12.366193911992218,-2.7683918856199696,context dependent,percent
20261049,Sparse periodic minus dense periodic,dense_periodic,sparse_periodic,frequency/spacing,active_sigma_nonparametric_MAE_gain_pct,24.490597521764222,9.544321469106787,-14.946276052657435,context dependent,percent
20261050,Sparse periodic minus dense periodic,dense_periodic,sparse_periodic,frequency/spacing,active_sigma_nonparametric_MAE_gain_pct,15.331419376527677,24.76075250623421,9.429333129706531,context dependent,percent
20261001,Sparse periodic minus dense periodic,dense_periodic,sparse_periodic,frequency/spacing,parametric_absolute_coverage_error,0.017032967032967083,0.011538461538461608,-0.005494505494505475,context dependent,native
20261002,Sparse periodic minus dense periodic,dense_periodic,sparse_periodic,frequency/spacing,parametric_absolute_coverage_error,0.0049450549450549275,0.026923076923076827,0.0219780219780219,context dependent,native
20261003,Sparse periodic minus dense periodic,dense_periodic,sparse_periodic,frequency/spacing,parametric_absolute_coverage_error,0.026923076923076827,0.026923076923076827,0.0,context dependent,native
20261004,Sparse periodic minus dense periodic,dense_periodic,sparse_periodic,frequency/spacing,parametric_absolute_coverage_error,0.026923076923076827,0.03076923076923077,0.0038461538461539435,context dependent,native
20261005,Sparse periodic minus dense periodic,dense_periodic,sparse_periodic,frequency/spacing,parametric_absolute_coverage_error,0.039010989010989094,0.03076923076923077,-0.008241758241758323,context dependent,native
20261006,Sparse periodic minus dense periodic,dense_periodic,sparse_periodic,frequency/spacing,parametric_absolute_coverage_error,0.0049450549450549275,0.026923076923076827,0.0219780219780219,context dependent,native
20261007,Sparse periodic minus dense periodic,dense_periodic,sparse_periodic,frequency/spacing,parametric_absolute_coverage_error,0.03791208791208789,0.06538461538461537,0.027472527472527486,context dependent,native
20261008,Sparse periodic minus dense periodic,dense_periodic,sparse_periodic,frequency/spacing,parametric_absolute_coverage_error,0.017032967032967083,0.03076923076923077,0.013736263736263687,context dependent,native
20261009,Sparse periodic minus dense periodic,dense_periodic,sparse_periodic,frequency/spacing,parametric_absolute_coverage_error,0.015934065934065877,0.026923076923076827,0.01098901098901095,context dependent,native
20261010,Sparse periodic minus dense periodic,dense_periodic,sparse_periodic,frequency/spacing,parametric_absolute_coverage_error,0.0060439560439561335,0.03076923076923077,0.024725274725274637,context dependent,native
20261011,Sparse periodic minus dense periodic,dense_periodic,sparse_periodic,frequency/spacing,parametric_absolute_coverage_error,0.04890109890109884,0.011538461538461608,-0.03736263736263723,context dependent,native
20261012,Sparse periodic minus dense periodic,dense_periodic,sparse_periodic,frequency/spacing,parametric_absolute_coverage_error,0.028021978021978033,0.03076923076923077,0.0027472527472527375,context dependent,native
20261013,Sparse periodic minus dense periodic,dense_periodic,sparse_periodic,frequency/spacing,parametric_absolute_coverage_error,0.017032967032967083,0.011538461538461608,-0.005494505494505475,context dependent,native
20261014,Sparse periodic minus dense periodic,dense_periodic,sparse_periodic,frequency/spacing,parametric_absolute_coverage_error,0.0049450549450549275,0.011538461538461608,0.006593406593406681,context dependent,native
20261015,Sparse periodic minus dense periodic,dense_periodic,sparse_periodic,frequency/spacing,parametric_absolute_coverage_error,0.0060439560439561335,0.011538461538461608,0.005494505494505475,context dependent,native
20261016,Sparse periodic minus dense periodic,dense_periodic,sparse_periodic,frequency/spacing,parametric_absolute_coverage_error,0.017032967032967083,0.011538461538461608,-0.005494505494505475,context dependent,native
20261017,Sparse periodic minus dense periodic,dense_periodic,sparse_periodic,frequency/spacing,parametric_absolute_coverage_error,0.03791208791208789,0.0461538461538461,0.008241758241758212,context dependent,native
20261018,Sparse periodic minus dense periodic,dense_periodic,sparse_periodic,frequency/spacing,parametric_absolute_coverage_error,0.0598901098901099,0.08461538461538454,0.024725274725274637,context dependent,native
20261019,Sparse periodic minus dense periodic,dense_periodic,sparse_periodic,frequency/spacing,parametric_absolute_coverage_error,0.039010989010989094,0.03076923076923077,-0.008241758241758323,context dependent,native
20261020,Sparse periodic minus dense periodic,dense_periodic,sparse_periodic,frequency/spacing,parametric_absolute_coverage_error,0.03791208791208789,0.06538461538461537,0.027472527472527486,context dependent,native
20261021,Sparse periodic minus dense periodic,dense_periodic,sparse_periodic,frequency/spacing,parametric_absolute_coverage_error,0.03791208791208789,0.026923076923076827,-0.010989010989011061,context dependent,native
20261022,Sparse periodic minus dense periodic,dense_periodic,sparse_periodic,frequency/spacing,parametric_absolute_coverage_error,0.0049450549450549275,0.011538461538461608,0.006593406593406681,context dependent,native
20261023,Sparse periodic minus dense periodic,dense_periodic,sparse_periodic,frequency/spacing,parametric_absolute_coverage_error,0.0060439560439561335,0.03076923076923077,0.024725274725274637,context dependent,native
20261024,Sparse periodic minus dense periodic,dense_periodic,sparse_periodic,frequency/spacing,parametric_absolute_coverage_error,0.0818681318681318,0.0461538461538461,-0.0357142857142857,context dependent,native
20261025,Sparse periodic minus dense periodic,dense_periodic,sparse_periodic,frequency/spacing,parametric_absolute_coverage_error,0.026923076923076827,0.026923076923076827,0.0,context dependent,native
20261026,Sparse periodic minus dense periodic,dense_periodic,sparse_periodic,frequency/spacing,parametric_absolute_coverage_error,0.017032967032967083,0.03076923076923077,0.013736263736263687,context dependent,native
20261027,Sparse periodic minus dense periodic,dense_periodic,sparse_periodic,frequency/spacing,parametric_absolute_coverage_error,0.028021978021978033,0.03076923076923077,0.0027472527472527375,context dependent,native
20261028,Sparse periodic minus dense periodic,dense_periodic,sparse_periodic,frequency/spacing,parametric_absolute_coverage_error,0.0049450549450549275,0.050000000000000044,0.04505494505494512,context dependent,native
20261029,Sparse periodic minus dense periodic,dense_periodic,sparse_periodic,frequency/spacing,parametric_absolute_coverage_error,0.026923076923076827,0.0461538461538461,0.019230769230769273,context dependent,native
20261030,Sparse periodic minus dense periodic,dense_periodic,sparse_periodic,frequency/spacing,parametric_absolute_coverage_error,0.0060439560439561335,0.03076923076923077,0.024725274725274637,context dependent,native
20261031,Sparse periodic minus dense periodic,dense_periodic,sparse_periodic,frequency/spacing,parametric_absolute_coverage_error,0.015934065934065877,0.007692307692307665,-0.008241758241758212,context dependent,native
20261032,Sparse periodic minus dense periodic,dense_periodic,sparse_periodic,frequency/spacing,parametric_absolute_coverage_error,0.039010989010989094,0.03076923076923077,-0.008241758241758323,context dependent,native
20261033,Sparse periodic minus dense periodic,dense_periodic,sparse_periodic,frequency/spacing,parametric_absolute_coverage_error,0.0060439560439561335,0.026923076923076827,0.020879120879120694,context dependent,native
20261034,Sparse periodic minus dense periodic,dense_periodic,sparse_periodic,frequency/spacing,parametric_absolute_coverage_error,0.028021978021978033,0.03076923076923077,0.0027472527472527375,context dependent,native
20261035,Sparse periodic minus dense periodic,dense_periodic,sparse_periodic,frequency/spacing,parametric_absolute_coverage_error,0.0060439560439561335,0.011538461538461608,0.005494505494505475,context dependent,native
20261036,Sparse periodic minus dense periodic,dense_periodic,sparse_periodic,frequency/spacing,parametric_absolute_coverage_error,0.015934065934065877,0.007692307692307665,-0.008241758241758212,context dependent,native
20261037,Sparse periodic minus dense periodic,dense_periodic,sparse_periodic,frequency/spacing,parametric_absolute_coverage_error,0.050000000000000044,0.050000000000000044,0.0,context dependent,native
20261038,Sparse periodic minus dense periodic,dense_periodic,sparse_periodic,frequency/spacing,parametric_absolute_coverage_error,0.015934065934065877,0.007692307692307665,-0.008241758241758212,context dependent,native
20261039,Sparse periodic minus dense periodic,dense_periodic,sparse_periodic,frequency/spacing,parametric_absolute_coverage_error,0.039010989010989094,0.03076923076923077,-0.008241758241758323,context dependent,native
20261040,Sparse periodic minus dense periodic,dense_periodic,sparse_periodic,frequency/spacing,parametric_absolute_coverage_error,0.015934065934065877,0.007692307692307665,-0.008241758241758212,context dependent,native
20261041,Sparse periodic minus dense periodic,dense_periodic,sparse_periodic,frequency/spacing,parametric_absolute_coverage_error,0.026923076923076827,0.007692307692307665,-0.019230769230769162,context dependent,native
20261042,Sparse periodic minus dense periodic,dense_periodic,sparse_periodic,frequency/spacing,parametric_absolute_coverage_error,0.017032967032967083,0.011538461538461608,-0.005494505494505475,context dependent,native
20261043,Sparse periodic minus dense periodic,dense_periodic,sparse_periodic,frequency/spacing,parametric_absolute_coverage_error,0.039010989010989094,0.050000000000000044,0.01098901098901095,context dependent,native
20261044,Sparse periodic minus dense periodic,dense_periodic,sparse_periodic,frequency/spacing,parametric_absolute_coverage_error,0.04890109890109884,0.026923076923076827,-0.02197802197802201,context dependent,native
20261045,Sparse periodic minus dense periodic,dense_periodic,sparse_periodic,frequency/spacing,parametric_absolute_coverage_error,0.039010989010989094,0.007692307692307665,-0.03131868131868143,context dependent,native
20261046,Sparse periodic minus dense periodic,dense_periodic,sparse_periodic,frequency/spacing,parametric_absolute_coverage_error,0.03791208791208789,0.0461538461538461,0.008241758241758212,context dependent,native
20261047,Sparse periodic minus dense periodic,dense_periodic,sparse_periodic,frequency/spacing,parametric_absolute_coverage_error,0.039010989010989094,0.050000000000000044,0.01098901098901095,context dependent,native
20261048,Sparse periodic minus dense periodic,dense_periodic,sparse_periodic,frequency/spacing,parametric_absolute_coverage_error,0.015934065934065877,0.026923076923076827,0.01098901098901095,context dependent,native
20261049,Sparse periodic minus dense periodic,dense_periodic,sparse_periodic,frequency/spacing,parametric_absolute_coverage_error,0.03791208791208789,0.026923076923076827,-0.010989010989011061,context dependent,native
20261050,Sparse periodic minus dense periodic,dense_periodic,sparse_periodic,frequency/spacing,parametric_absolute_coverage_error,0.028021978021978033,0.011538461538461608,-0.016483516483516425,context dependent,native
20261001,Sparse periodic minus dense periodic,dense_periodic,sparse_periodic,frequency/spacing,nonparametric_absolute_coverage_error,0.026923076923076827,0.0461538461538461,0.019230769230769273,context dependent,native
20261002,Sparse periodic minus dense periodic,dense_periodic,sparse_periodic,frequency/spacing,nonparametric_absolute_coverage_error,0.039010989010989094,0.011538461538461608,-0.027472527472527486,context dependent,native
20261003,Sparse periodic minus dense periodic,dense_periodic,sparse_periodic,frequency/spacing,nonparametric_absolute_coverage_error,0.0049450549450549275,0.06538461538461537,0.06043956043956045,context dependent,native
20261004,Sparse periodic minus dense periodic,dense_periodic,sparse_periodic,frequency/spacing,nonparametric_absolute_coverage_error,0.03791208791208789,0.011538461538461608,-0.02637362637362628,context dependent,native
20261005,Sparse periodic minus dense periodic,dense_periodic,sparse_periodic,frequency/spacing,nonparametric_absolute_coverage_error,0.03791208791208789,0.011538461538461608,-0.02637362637362628,context dependent,native
20261006,Sparse periodic minus dense periodic,dense_periodic,sparse_periodic,frequency/spacing,nonparametric_absolute_coverage_error,0.0598901098901099,0.06538461538461537,0.005494505494505475,context dependent,native
20261007,Sparse periodic minus dense periodic,dense_periodic,sparse_periodic,frequency/spacing,nonparametric_absolute_coverage_error,0.07087912087912085,0.06538461538461537,-0.005494505494505475,context dependent,native
20261008,Sparse periodic minus dense periodic,dense_periodic,sparse_periodic,frequency/spacing,nonparametric_absolute_coverage_error,0.017032967032967083,0.007692307692307665,-0.009340659340659418,context dependent,native
20261009,Sparse periodic minus dense periodic,dense_periodic,sparse_periodic,frequency/spacing,nonparametric_absolute_coverage_error,0.03791208791208789,0.08461538461538454,0.04670329670329665,context dependent,native
20261010,Sparse periodic minus dense periodic,dense_periodic,sparse_periodic,frequency/spacing,nonparametric_absolute_coverage_error,0.026923076923076827,0.011538461538461608,-0.015384615384615219,context dependent,native
20261011,Sparse periodic minus dense periodic,dense_periodic,sparse_periodic,frequency/spacing,nonparametric_absolute_coverage_error,0.026923076923076827,0.007692307692307665,-0.019230769230769162,context dependent,native
20261012,Sparse periodic minus dense periodic,dense_periodic,sparse_periodic,frequency/spacing,nonparametric_absolute_coverage_error,0.04890109890109884,0.011538461538461608,-0.03736263736263723,context dependent,native
20261013,Sparse periodic minus dense periodic,dense_periodic,sparse_periodic,frequency/spacing,nonparametric_absolute_coverage_error,0.0049450549450549275,0.026923076923076827,0.0219780219780219,context dependent,native
20261014,Sparse periodic minus dense periodic,dense_periodic,sparse_periodic,frequency/spacing,nonparametric_absolute_coverage_error,0.026923076923076827,0.007692307692307665,-0.019230769230769162,context dependent,native
20261015,Sparse periodic minus dense periodic,dense_periodic,sparse_periodic,frequency/spacing,nonparametric_absolute_coverage_error,0.03791208791208789,0.06538461538461537,0.027472527472527486,context dependent,native
20261016,Sparse periodic minus dense periodic,dense_periodic,sparse_periodic,frequency/spacing,nonparametric_absolute_coverage_error,0.026923076923076827,0.06538461538461537,0.03846153846153855,context dependent,native
20261017,Sparse periodic minus dense periodic,dense_periodic,sparse_periodic,frequency/spacing,nonparametric_absolute_coverage_error,0.026923076923076827,0.026923076923076827,0.0,context dependent,native
20261018,Sparse periodic minus dense periodic,dense_periodic,sparse_periodic,frequency/spacing,nonparametric_absolute_coverage_error,0.10384615384615381,0.10384615384615381,0.0,context dependent,native
20261019,Sparse periodic minus dense periodic,dense_periodic,sparse_periodic,frequency/spacing,nonparametric_absolute_coverage_error,0.028021978021978033,0.06538461538461537,0.03736263736263734,context dependent,native
20261020,Sparse periodic minus dense periodic,dense_periodic,sparse_periodic,frequency/spacing,nonparametric_absolute_coverage_error,0.03791208791208789,0.06538461538461537,0.027472527472527486,context dependent,native
20261021,Sparse periodic minus dense periodic,dense_periodic,sparse_periodic,frequency/spacing,nonparametric_absolute_coverage_error,0.0598901098901099,0.08461538461538454,0.024725274725274637,context dependent,native
20261022,Sparse periodic minus dense periodic,dense_periodic,sparse_periodic,frequency/spacing,nonparametric_absolute_coverage_error,0.03791208791208789,0.007692307692307665,-0.030219780219780223,context dependent,native
20261023,Sparse periodic minus dense periodic,dense_periodic,sparse_periodic,frequency/spacing,nonparametric_absolute_coverage_error,0.04890109890109884,0.007692307692307665,-0.04120879120879117,context dependent,native
20261024,Sparse periodic minus dense periodic,dense_periodic,sparse_periodic,frequency/spacing,nonparametric_absolute_coverage_error,0.12582417582417582,0.026923076923076827,-0.098901098901099,context dependent,native
20261025,Sparse periodic minus dense periodic,dense_periodic,sparse_periodic,frequency/spacing,nonparametric_absolute_coverage_error,0.0818681318681318,0.0461538461538461,-0.0357142857142857,context dependent,native
20261026,Sparse periodic minus dense periodic,dense_periodic,sparse_periodic,frequency/spacing,nonparametric_absolute_coverage_error,0.07087912087912085,0.03076923076923077,-0.04010989010989008,context dependent,native
20261027,Sparse periodic minus dense periodic,dense_periodic,sparse_periodic,frequency/spacing,nonparametric_absolute_coverage_error,0.015934065934065877,0.007692307692307665,-0.008241758241758212,context dependent,native
20261028,Sparse periodic minus dense periodic,dense_periodic,sparse_periodic,frequency/spacing,nonparametric_absolute_coverage_error,0.017032967032967083,0.03076923076923077,0.013736263736263687,context dependent,native
20261029,Sparse periodic minus dense periodic,dense_periodic,sparse_periodic,frequency/spacing,nonparametric_absolute_coverage_error,0.07087912087912085,0.06538461538461537,-0.005494505494505475,context dependent,native
20261030,Sparse periodic minus dense periodic,dense_periodic,sparse_periodic,frequency/spacing,nonparametric_absolute_coverage_error,0.015934065934065877,0.011538461538461608,-0.004395604395604269,context dependent,native
20261031,Sparse periodic minus dense periodic,dense_periodic,sparse_periodic,frequency/spacing,nonparametric_absolute_coverage_error,0.015934065934065877,0.06538461538461537,0.0494505494505495,context dependent,native
20261032,Sparse periodic minus dense periodic,dense_periodic,sparse_periodic,frequency/spacing,nonparametric_absolute_coverage_error,0.0060439560439561335,0.007692307692307665,0.0016483516483515315,context dependent,native
20261033,Sparse periodic minus dense periodic,dense_periodic,sparse_periodic,frequency/spacing,nonparametric_absolute_coverage_error,0.015934065934065877,0.08461538461538454,0.06868131868131866,context dependent,native
20261034,Sparse periodic minus dense periodic,dense_periodic,sparse_periodic,frequency/spacing,nonparametric_absolute_coverage_error,0.015934065934065877,0.026923076923076827,0.01098901098901095,context dependent,native
20261035,Sparse periodic minus dense periodic,dense_periodic,sparse_periodic,frequency/spacing,nonparametric_absolute_coverage_error,0.015934065934065877,0.011538461538461608,-0.004395604395604269,context dependent,native
20261036,Sparse periodic minus dense periodic,dense_periodic,sparse_periodic,frequency/spacing,nonparametric_absolute_coverage_error,0.0049450549450549275,0.08461538461538454,0.07967032967032961,context dependent,native
20261037,Sparse periodic minus dense periodic,dense_periodic,sparse_periodic,frequency/spacing,nonparametric_absolute_coverage_error,0.0060439560439561335,0.050000000000000044,0.04395604395604391,context dependent,native
20261038,Sparse periodic minus dense periodic,dense_periodic,sparse_periodic,frequency/spacing,nonparametric_absolute_coverage_error,0.07087912087912085,0.06538461538461537,-0.005494505494505475,context dependent,native
20261039,Sparse periodic minus dense periodic,dense_periodic,sparse_periodic,frequency/spacing,nonparametric_absolute_coverage_error,0.015934065934065877,0.08461538461538454,0.06868131868131866,context dependent,native
20261040,Sparse periodic minus dense periodic,dense_periodic,sparse_periodic,frequency/spacing,nonparametric_absolute_coverage_error,0.0598901098901099,0.06538461538461537,0.005494505494505475,context dependent,native
20261041,Sparse periodic minus dense periodic,dense_periodic,sparse_periodic,frequency/spacing,nonparametric_absolute_coverage_error,0.0049450549450549275,0.007692307692307665,0.0027472527472527375,context dependent,native
20261042,Sparse periodic minus dense periodic,dense_periodic,sparse_periodic,frequency/spacing,nonparametric_absolute_coverage_error,0.04890109890109884,0.06538461538461537,0.016483516483516536,context dependent,native
20261043,Sparse periodic minus dense periodic,dense_periodic,sparse_periodic,frequency/spacing,nonparametric_absolute_coverage_error,0.0060439560439561335,0.050000000000000044,0.04395604395604391,context dependent,native
20261044,Sparse periodic minus dense periodic,dense_periodic,sparse_periodic,frequency/spacing,nonparametric_absolute_coverage_error,0.09285714285714286,0.08461538461538454,-0.008241758241758323,context dependent,native
20261045,Sparse periodic minus dense periodic,dense_periodic,sparse_periodic,frequency/spacing,nonparametric_absolute_coverage_error,0.028021978021978033,0.026923076923076827,-0.001098901098901206,context dependent,native
20261046,Sparse periodic minus dense periodic,dense_periodic,sparse_periodic,frequency/spacing,nonparametric_absolute_coverage_error,0.07087912087912085,0.026923076923076827,-0.04395604395604402,context dependent,native
20261047,Sparse periodic minus dense periodic,dense_periodic,sparse_periodic,frequency/spacing,nonparametric_absolute_coverage_error,0.017032967032967083,0.050000000000000044,0.03296703296703296,context dependent,native
20261048,Sparse periodic minus dense periodic,dense_periodic,sparse_periodic,frequency/spacing,nonparametric_absolute_coverage_error,0.0598901098901099,0.026923076923076827,-0.03296703296703307,context dependent,native
20261049,Sparse periodic minus dense periodic,dense_periodic,sparse_periodic,frequency/spacing,nonparametric_absolute_coverage_error,0.09285714285714286,0.12307692307692308,0.030219780219780223,context dependent,native
20261050,Sparse periodic minus dense periodic,dense_periodic,sparse_periodic,frequency/spacing,nonparametric_absolute_coverage_error,0.028021978021978033,0.007692307692307665,-0.02032967032967037,context dependent,native
20261001,Sparse irregular minus sparse periodic,sparse_periodic,sparse_irregular,regularity,parametric_profile_RMSE,0.0006278174500694319,0.0005229158726836029,-0.00010490157738582905,context dependent,native
20261002,Sparse irregular minus sparse periodic,sparse_periodic,sparse_irregular,regularity,parametric_profile_RMSE,0.0003430776717884559,0.0003512064396748847,8.128767886428801e-06,context dependent,native
20261003,Sparse irregular minus sparse periodic,sparse_periodic,sparse_irregular,regularity,parametric_profile_RMSE,0.0006976195544983543,0.000586415708133683,-0.00011120384636467131,context dependent,native
20261004,Sparse irregular minus sparse periodic,sparse_periodic,sparse_irregular,regularity,parametric_profile_RMSE,0.0005764134750317529,0.0003451065462040781,-0.0002313069288276748,context dependent,native
20261005,Sparse irregular minus sparse periodic,sparse_periodic,sparse_irregular,regularity,parametric_profile_RMSE,0.0002605145472668716,0.0013490676994177436,0.001088553152150872,context dependent,native
20261006,Sparse irregular minus sparse periodic,sparse_periodic,sparse_irregular,regularity,parametric_profile_RMSE,0.0007701125004082197,0.00019842338116768672,-0.000571689119240533,context dependent,native
20261007,Sparse irregular minus sparse periodic,sparse_periodic,sparse_irregular,regularity,parametric_profile_RMSE,0.00022659927080950445,0.00010406625434444278,-0.00012253301646506166,context dependent,native
20261008,Sparse irregular minus sparse periodic,sparse_periodic,sparse_irregular,regularity,parametric_profile_RMSE,0.0009908532444376714,0.0012574813405230312,0.0002666280960853598,context dependent,native
20261009,Sparse irregular minus sparse periodic,sparse_periodic,sparse_irregular,regularity,parametric_profile_RMSE,7.836928635417284e-05,0.0009498317070302432,0.0008714624206760704,context dependent,native
20261010,Sparse irregular minus sparse periodic,sparse_periodic,sparse_irregular,regularity,parametric_profile_RMSE,0.000765395879298231,0.0002380348228310118,-0.0005273610564672192,context dependent,native
20261011,Sparse irregular minus sparse periodic,sparse_periodic,sparse_irregular,regularity,parametric_profile_RMSE,0.00031108049448886314,0.0007065304910987733,0.0003954499966099102,context dependent,native
20261012,Sparse irregular minus sparse periodic,sparse_periodic,sparse_irregular,regularity,parametric_profile_RMSE,0.0006757604468831712,0.000658592794512464,-1.7167652370707158e-05,context dependent,native
20261013,Sparse irregular minus sparse periodic,sparse_periodic,sparse_irregular,regularity,parametric_profile_RMSE,0.0002713544165306159,5.948367970895478e-05,-0.0002118707368216611,context dependent,native
20261014,Sparse irregular minus sparse periodic,sparse_periodic,sparse_irregular,regularity,parametric_profile_RMSE,0.0007718994311142759,0.0008717272632098247,9.982783209554875e-05,context dependent,native
20261015,Sparse irregular minus sparse periodic,sparse_periodic,sparse_irregular,regularity,parametric_profile_RMSE,0.0005567146824005257,0.0006168352592044755,6.012057680394986e-05,context dependent,native
20261016,Sparse irregular minus sparse periodic,sparse_periodic,sparse_irregular,regularity,parametric_profile_RMSE,0.00027031103616960726,0.0007456527153611952,0.0004753416791915879,context dependent,native
20261017,Sparse irregular minus sparse periodic,sparse_periodic,sparse_irregular,regularity,parametric_profile_RMSE,0.00011155532490134328,0.00050650460276561,0.00039494927786426666,context dependent,native
20261018,Sparse irregular minus sparse periodic,sparse_periodic,sparse_irregular,regularity,parametric_profile_RMSE,0.0003328747322747487,0.000641142793717379,0.0003082680614426303,context dependent,native
20261019,Sparse irregular minus sparse periodic,sparse_periodic,sparse_irregular,regularity,parametric_profile_RMSE,0.0010322962064572589,0.0013060611597944265,0.0002737649533371676,context dependent,native
20261020,Sparse irregular minus sparse periodic,sparse_periodic,sparse_irregular,regularity,parametric_profile_RMSE,0.00029624563879378327,9.272452513247582e-05,-0.00020352111366130744,context dependent,native
20261021,Sparse irregular minus sparse periodic,sparse_periodic,sparse_irregular,regularity,parametric_profile_RMSE,0.0011956651237174925,0.0002038557159713053,-0.0009918094077461873,context dependent,native
20261022,Sparse irregular minus sparse periodic,sparse_periodic,sparse_irregular,regularity,parametric_profile_RMSE,0.0005570202976941032,0.0006758850335468905,0.00011886473585278733,context dependent,native
20261023,Sparse irregular minus sparse periodic,sparse_periodic,sparse_irregular,regularity,parametric_profile_RMSE,0.0004037179909349079,0.000840934381794952,0.0004372163908600441,context dependent,native
20261024,Sparse irregular minus sparse periodic,sparse_periodic,sparse_irregular,regularity,parametric_profile_RMSE,0.000445030250192778,0.0006726817618374364,0.00022765151164465838,context dependent,native
20261025,Sparse irregular minus sparse periodic,sparse_periodic,sparse_irregular,regularity,parametric_profile_RMSE,0.0007862900851005991,0.0008594548257174338,7.31647406168347e-05,context dependent,native
20261026,Sparse irregular minus sparse periodic,sparse_periodic,sparse_irregular,regularity,parametric_profile_RMSE,0.0007315446763197576,0.0007528185437210734,2.127386740131585e-05,context dependent,native
20261027,Sparse irregular minus sparse periodic,sparse_periodic,sparse_irregular,regularity,parametric_profile_RMSE,0.0005538713349035087,0.0006346604866795276,8.078915177601889e-05,context dependent,native
20261028,Sparse irregular minus sparse periodic,sparse_periodic,sparse_irregular,regularity,parametric_profile_RMSE,0.0006460011812384898,0.0007694440646924672,0.00012344288345397737,context dependent,native
20261029,Sparse irregular minus sparse periodic,sparse_periodic,sparse_irregular,regularity,parametric_profile_RMSE,0.0007910502194297448,0.0003842702964437944,-0.00040677992298595043,context dependent,native
20261030,Sparse irregular minus sparse periodic,sparse_periodic,sparse_irregular,regularity,parametric_profile_RMSE,0.0007125002229423569,0.00013333749681617558,-0.0005791627261261814,context dependent,native
20261031,Sparse irregular minus sparse periodic,sparse_periodic,sparse_irregular,regularity,parametric_profile_RMSE,0.0003889772159922733,0.0002727876143733156,-0.00011618960161895772,context dependent,native
20261032,Sparse irregular minus sparse periodic,sparse_periodic,sparse_irregular,regularity,parametric_profile_RMSE,0.000455068640147675,0.0007123219554461479,0.0002572533152984729,context dependent,native
20261033,Sparse irregular minus sparse periodic,sparse_periodic,sparse_irregular,regularity,parametric_profile_RMSE,0.0002542764990109813,0.0007646953199417437,0.0005104188209307624,context dependent,native
20261034,Sparse irregular minus sparse periodic,sparse_periodic,sparse_irregular,regularity,parametric_profile_RMSE,0.0014485589520477876,0.0005469919096792387,-0.0009015670423685489,context dependent,native
20261035,Sparse irregular minus sparse periodic,sparse_periodic,sparse_irregular,regularity,parametric_profile_RMSE,0.0005599012606999758,0.0004964955496120002,-6.34057110879756e-05,context dependent,native
20261036,Sparse irregular minus sparse periodic,sparse_periodic,sparse_irregular,regularity,parametric_profile_RMSE,0.00039013259431250547,0.0007024858287446903,0.0003123532344321848,context dependent,native
20261037,Sparse irregular minus sparse periodic,sparse_periodic,sparse_irregular,regularity,parametric_profile_RMSE,0.0006849825745423106,0.0005430730753690385,-0.00014190949917327212,context dependent,native
20261038,Sparse irregular minus sparse periodic,sparse_periodic,sparse_irregular,regularity,parametric_profile_RMSE,0.0008298213809496855,0.0005603538686633002,-0.0002694675122863853,context dependent,native
20261039,Sparse irregular minus sparse periodic,sparse_periodic,sparse_irregular,regularity,parametric_profile_RMSE,0.0008319353648479306,0.0003119406516156147,-0.000519994713232316,context dependent,native
20261040,Sparse irregular minus sparse periodic,sparse_periodic,sparse_irregular,regularity,parametric_profile_RMSE,0.0003531916468195801,0.0007910061386876376,0.0004378144918680575,context dependent,native
20261041,Sparse irregular minus sparse periodic,sparse_periodic,sparse_irregular,regularity,parametric_profile_RMSE,0.0004492210933751325,0.0006690687763725749,0.00021984768299744241,context dependent,native
20261042,Sparse irregular minus sparse periodic,sparse_periodic,sparse_irregular,regularity,parametric_profile_RMSE,0.00021500292198181994,0.000306612389293836,9.160946731201605e-05,context dependent,native
20261043,Sparse irregular minus sparse periodic,sparse_periodic,sparse_irregular,regularity,parametric_profile_RMSE,0.00023116489864620144,0.00033855140571903923,0.0001073865070728378,context dependent,native
20261044,Sparse irregular minus sparse periodic,sparse_periodic,sparse_irregular,regularity,parametric_profile_RMSE,0.0006804265320343408,0.0004910595549098113,-0.00018936697712452946,context dependent,native
20261045,Sparse irregular minus sparse periodic,sparse_periodic,sparse_irregular,regularity,parametric_profile_RMSE,0.0005765170881876734,0.0009409611187459084,0.000364444030558235,context dependent,native
20261046,Sparse irregular minus sparse periodic,sparse_periodic,sparse_irregular,regularity,parametric_profile_RMSE,0.0006157063725912139,0.0007713122978522956,0.00015560592526108169,context dependent,native
20261047,Sparse irregular minus sparse periodic,sparse_periodic,sparse_irregular,regularity,parametric_profile_RMSE,0.00033552836383824884,0.00027084444917714053,-6.46839146611083e-05,context dependent,native
20261048,Sparse irregular minus sparse periodic,sparse_periodic,sparse_irregular,regularity,parametric_profile_RMSE,0.0004080190959122296,0.00019062117504744448,-0.00021739792086478515,context dependent,native
20261049,Sparse irregular minus sparse periodic,sparse_periodic,sparse_irregular,regularity,parametric_profile_RMSE,0.0005381077164653211,0.00022137644742479574,-0.00031673126904052537,context dependent,native
20261050,Sparse irregular minus sparse periodic,sparse_periodic,sparse_irregular,regularity,parametric_profile_RMSE,0.0003622248926598774,0.00090620412339782,0.0005439792307379426,context dependent,native
20261001,Sparse irregular minus sparse periodic,sparse_periodic,sparse_irregular,regularity,nonparametric_profile_RMSE,0.0015747497353532033,0.0017751272460428448,0.00020037751068964146,context dependent,native
20261002,Sparse irregular minus sparse periodic,sparse_periodic,sparse_irregular,regularity,nonparametric_profile_RMSE,0.0013459912967318955,0.0014685222958798858,0.0001225309991479903,context dependent,native
20261003,Sparse irregular minus sparse periodic,sparse_periodic,sparse_irregular,regularity,nonparametric_profile_RMSE,0.0015863836327831835,0.0018184625762768171,0.00023207894349363363,context dependent,native
20261004,Sparse irregular minus sparse periodic,sparse_periodic,sparse_irregular,regularity,nonparametric_profile_RMSE,0.001284877366078899,0.0017524469778302375,0.00046756961175133853,context dependent,native
20261005,Sparse irregular minus sparse periodic,sparse_periodic,sparse_irregular,regularity,nonparametric_profile_RMSE,0.0017149585234251502,0.0021636684165751733,0.00044870989315002317,context dependent,native
20261006,Sparse irregular minus sparse periodic,sparse_periodic,sparse_irregular,regularity,nonparametric_profile_RMSE,0.0021533967062821605,0.0023336918318986087,0.00018029512561644825,context dependent,native
20261007,Sparse irregular minus sparse periodic,sparse_periodic,sparse_irregular,regularity,nonparametric_profile_RMSE,0.0016710009390696863,0.0023742492991732605,0.0007032483601035742,context dependent,native
20261008,Sparse irregular minus sparse periodic,sparse_periodic,sparse_irregular,regularity,nonparametric_profile_RMSE,0.0024060068581694956,0.0020190791125561636,-0.00038692774561333194,context dependent,native
20261009,Sparse irregular minus sparse periodic,sparse_periodic,sparse_irregular,regularity,nonparametric_profile_RMSE,0.0019563481428970606,0.0027538500938087025,0.0007975019509116419,context dependent,native
20261010,Sparse irregular minus sparse periodic,sparse_periodic,sparse_irregular,regularity,nonparametric_profile_RMSE,0.0018625065953624654,0.0019739388867335487,0.00011143229137108336,context dependent,native
20261011,Sparse irregular minus sparse periodic,sparse_periodic,sparse_irregular,regularity,nonparametric_profile_RMSE,0.0018109702300202308,0.0015492027500554762,-0.00026176747996475456,context dependent,native
20261012,Sparse irregular minus sparse periodic,sparse_periodic,sparse_irregular,regularity,nonparametric_profile_RMSE,0.0015280557252326484,0.0011113958254074655,-0.0004166598998251829,context dependent,native
20261013,Sparse irregular minus sparse periodic,sparse_periodic,sparse_irregular,regularity,nonparametric_profile_RMSE,0.0009123879153026104,0.002870952597078153,0.0019585646817755426,context dependent,native
20261014,Sparse irregular minus sparse periodic,sparse_periodic,sparse_irregular,regularity,nonparametric_profile_RMSE,0.002276943084720524,0.001319016171984323,-0.0009579269127362011,context dependent,native
20261015,Sparse irregular minus sparse periodic,sparse_periodic,sparse_irregular,regularity,nonparametric_profile_RMSE,0.00245238465490841,0.002570152176086075,0.00011776752117766479,context dependent,native
20261016,Sparse irregular minus sparse periodic,sparse_periodic,sparse_irregular,regularity,nonparametric_profile_RMSE,0.002938746033380604,0.0018397560141799505,-0.0010989900192006536,context dependent,native
20261017,Sparse irregular minus sparse periodic,sparse_periodic,sparse_irregular,regularity,nonparametric_profile_RMSE,0.0026411937045682987,0.0040045233965971235,0.0013633296920288248,context dependent,native
20261018,Sparse irregular minus sparse periodic,sparse_periodic,sparse_irregular,regularity,nonparametric_profile_RMSE,0.001782645108169772,0.001862479849138071,7.983474096829907e-05,context dependent,native
20261019,Sparse irregular minus sparse periodic,sparse_periodic,sparse_irregular,regularity,nonparametric_profile_RMSE,0.0025222453386912575,0.0019026851521273176,-0.00061956018656394,context dependent,native
20261020,Sparse irregular minus sparse periodic,sparse_periodic,sparse_irregular,regularity,nonparametric_profile_RMSE,0.0018617657228464477,0.0015861572600988408,-0.00027560846274760683,context dependent,native
20261021,Sparse irregular minus sparse periodic,sparse_periodic,sparse_irregular,regularity,nonparametric_profile_RMSE,0.002395733450096487,0.00201520123790742,-0.00038053221218906693,context dependent,native
20261022,Sparse irregular minus sparse periodic,sparse_periodic,sparse_irregular,regularity,nonparametric_profile_RMSE,0.0016900917327657907,0.002216960079742745,0.0005268683469769543,context dependent,native
20261023,Sparse irregular minus sparse periodic,sparse_periodic,sparse_irregular,regularity,nonparametric_profile_RMSE,0.002306378509498916,0.0020665374883271515,-0.00023984102117176461,context dependent,native
20261024,Sparse irregular minus sparse periodic,sparse_periodic,sparse_irregular,regularity,nonparametric_profile_RMSE,0.001155701271673914,0.0018276760477874997,0.0006719747761135858,context dependent,native
20261025,Sparse irregular minus sparse periodic,sparse_periodic,sparse_irregular,regularity,nonparametric_profile_RMSE,0.0024654230248944736,0.0020556545838771667,-0.0004097684410173069,context dependent,native
20261026,Sparse irregular minus sparse periodic,sparse_periodic,sparse_irregular,regularity,nonparametric_profile_RMSE,0.0011859132410940512,0.0012750565472473502,8.914330615329897e-05,context dependent,native
20261027,Sparse irregular minus sparse periodic,sparse_periodic,sparse_irregular,regularity,nonparametric_profile_RMSE,0.0017408402096273034,0.0023594945387368197,0.0006186543291095163,context dependent,native
20261028,Sparse irregular minus sparse periodic,sparse_periodic,sparse_irregular,regularity,nonparametric_profile_RMSE,0.0017945955393416436,0.00163699458260728,-0.00015760095673436354,context dependent,native
20261029,Sparse irregular minus sparse periodic,sparse_periodic,sparse_irregular,regularity,nonparametric_profile_RMSE,0.0023041325845342027,0.001840437065319612,-0.00046369551921459067,context dependent,native
20261030,Sparse irregular minus sparse periodic,sparse_periodic,sparse_irregular,regularity,nonparametric_profile_RMSE,0.001943389035956507,0.0015627202900003417,-0.00038066874595616535,context dependent,native
20261031,Sparse irregular minus sparse periodic,sparse_periodic,sparse_irregular,regularity,nonparametric_profile_RMSE,0.0017745827255005015,0.002416120197324325,0.0006415374718238237,context dependent,native
20261032,Sparse irregular minus sparse periodic,sparse_periodic,sparse_irregular,regularity,nonparametric_profile_RMSE,0.0015849224040038355,0.0019364360240713746,0.0003515136200675391,context dependent,native
20261033,Sparse irregular minus sparse periodic,sparse_periodic,sparse_irregular,regularity,nonparametric_profile_RMSE,0.0017687327427316618,0.0017946734521074553,2.594070937579347e-05,context dependent,native
20261034,Sparse irregular minus sparse periodic,sparse_periodic,sparse_irregular,regularity,nonparametric_profile_RMSE,0.002662590607620517,0.0018178734216283178,-0.0008447171859921993,context dependent,native
20261035,Sparse irregular minus sparse periodic,sparse_periodic,sparse_irregular,regularity,nonparametric_profile_RMSE,0.0019891663404013604,0.0013967664442586154,-0.000592399896142745,context dependent,native
20261036,Sparse irregular minus sparse periodic,sparse_periodic,sparse_irregular,regularity,nonparametric_profile_RMSE,0.0021351256338479653,0.0020106260710255597,-0.00012449956282240557,context dependent,native
20261037,Sparse irregular minus sparse periodic,sparse_periodic,sparse_irregular,regularity,nonparametric_profile_RMSE,0.0014562289020925347,0.0021044389118582154,0.0006482100097656806,context dependent,native
20261038,Sparse irregular minus sparse periodic,sparse_periodic,sparse_irregular,regularity,nonparametric_profile_RMSE,0.0019625993395513117,0.00184587135378468,-0.0001167279857666318,context dependent,native
20261039,Sparse irregular minus sparse periodic,sparse_periodic,sparse_irregular,regularity,nonparametric_profile_RMSE,0.0035022069907659267,0.0026781119001625412,-0.0008240950906033854,context dependent,native
20261040,Sparse irregular minus sparse periodic,sparse_periodic,sparse_irregular,regularity,nonparametric_profile_RMSE,0.0017092632830654404,0.0029470588201702935,0.001237795537104853,context dependent,native
20261041,Sparse irregular minus sparse periodic,sparse_periodic,sparse_irregular,regularity,nonparametric_profile_RMSE,0.0011688911904495826,0.0018177425968647475,0.000648851406415165,context dependent,native
20261042,Sparse irregular minus sparse periodic,sparse_periodic,sparse_irregular,regularity,nonparametric_profile_RMSE,0.0020795342612043867,0.002309454089138473,0.00022991982793408618,context dependent,native
20261043,Sparse irregular minus sparse periodic,sparse_periodic,sparse_irregular,regularity,nonparametric_profile_RMSE,0.001461470959931903,0.0017960751251241173,0.00033460416519221436,context dependent,native
20261044,Sparse irregular minus sparse periodic,sparse_periodic,sparse_irregular,regularity,nonparametric_profile_RMSE,0.0017942922619803574,0.002213775626879098,0.00041948336489874057,context dependent,native
20261045,Sparse irregular minus sparse periodic,sparse_periodic,sparse_irregular,regularity,nonparametric_profile_RMSE,0.0019408763212134313,0.0019720523384769003,3.117601726346903e-05,context dependent,native
20261046,Sparse irregular minus sparse periodic,sparse_periodic,sparse_irregular,regularity,nonparametric_profile_RMSE,0.0018694749773899076,0.0017888460289467972,-8.062894844311041e-05,context dependent,native
20261047,Sparse irregular minus sparse periodic,sparse_periodic,sparse_irregular,regularity,nonparametric_profile_RMSE,0.0012821956718561227,0.0020991741634725568,0.0008169784916164341,context dependent,native
20261048,Sparse irregular minus sparse periodic,sparse_periodic,sparse_irregular,regularity,nonparametric_profile_RMSE,0.0012873273690411418,0.0018372486911370541,0.0005499213220959123,context dependent,native
20261049,Sparse irregular minus sparse periodic,sparse_periodic,sparse_irregular,regularity,nonparametric_profile_RMSE,0.0018454105308066413,0.0013075771045721399,-0.0005378334262345014,context dependent,native
20261050,Sparse irregular minus sparse periodic,sparse_periodic,sparse_irregular,regularity,nonparametric_profile_RMSE,0.0016717309503598466,0.001763859708693458,9.212875833361153e-05,context dependent,native
20261001,Sparse irregular minus sparse periodic,sparse_periodic,sparse_irregular,regularity,active_sigma_parametric_MAE_gain_pct,25.520715167761665,18.28522634528561,-7.235488822476054,context dependent,percent
20261002,Sparse irregular minus sparse periodic,sparse_periodic,sparse_irregular,regularity,active_sigma_parametric_MAE_gain_pct,22.6583528121868,24.58179411133583,1.923441299149033,context dependent,percent
20261003,Sparse irregular minus sparse periodic,sparse_periodic,sparse_irregular,regularity,active_sigma_parametric_MAE_gain_pct,20.49320978597474,15.213404236439597,-5.279805549535144,context dependent,percent
20261004,Sparse irregular minus sparse periodic,sparse_periodic,sparse_irregular,regularity,active_sigma_parametric_MAE_gain_pct,19.33078807750739,24.512336123030344,5.1815480455229554,context dependent,percent
20261005,Sparse irregular minus sparse periodic,sparse_periodic,sparse_irregular,regularity,active_sigma_parametric_MAE_gain_pct,23.93833304439643,20.755675753168923,-3.182657291227507,context dependent,percent
20261006,Sparse irregular minus sparse periodic,sparse_periodic,sparse_irregular,regularity,active_sigma_parametric_MAE_gain_pct,13.265949103850595,12.639920135886006,-0.6260289679645883,context dependent,percent
20261007,Sparse irregular minus sparse periodic,sparse_periodic,sparse_irregular,regularity,active_sigma_parametric_MAE_gain_pct,21.868202838515817,9.168176201984224,-12.700026636531593,context dependent,percent
20261008,Sparse irregular minus sparse periodic,sparse_periodic,sparse_irregular,regularity,active_sigma_parametric_MAE_gain_pct,17.417815175844233,24.668793184564553,7.25097800872032,context dependent,percent
20261009,Sparse irregular minus sparse periodic,sparse_periodic,sparse_irregular,regularity,active_sigma_parametric_MAE_gain_pct,24.006060073207735,25.5561026290131,1.5500425558053657,context dependent,percent
20261010,Sparse irregular minus sparse periodic,sparse_periodic,sparse_irregular,regularity,active_sigma_parametric_MAE_gain_pct,12.125686117782397,17.84864947548921,5.7229633577068135,context dependent,percent
20261011,Sparse irregular minus sparse periodic,sparse_periodic,sparse_irregular,regularity,active_sigma_parametric_MAE_gain_pct,25.347984449567875,21.68015524444995,-3.6678292051179255,context dependent,percent
20261012,Sparse irregular minus sparse periodic,sparse_periodic,sparse_irregular,regularity,active_sigma_parametric_MAE_gain_pct,14.021809525526596,20.2335845168789,6.2117749913523035,context dependent,percent
20261013,Sparse irregular minus sparse periodic,sparse_periodic,sparse_irregular,regularity,active_sigma_parametric_MAE_gain_pct,9.720825422142198,11.919836463379308,2.19901104123711,context dependent,percent
20261014,Sparse irregular minus sparse periodic,sparse_periodic,sparse_irregular,regularity,active_sigma_parametric_MAE_gain_pct,13.893180460523958,18.509678586200952,4.616498125676994,context dependent,percent
20261015,Sparse irregular minus sparse periodic,sparse_periodic,sparse_irregular,regularity,active_sigma_parametric_MAE_gain_pct,15.926056182140213,23.568773325218885,7.642717143078672,context dependent,percent
20261016,Sparse irregular minus sparse periodic,sparse_periodic,sparse_irregular,regularity,active_sigma_parametric_MAE_gain_pct,10.450661312147913,10.219258854806556,-0.2314024573413569,context dependent,percent
20261017,Sparse irregular minus sparse periodic,sparse_periodic,sparse_irregular,regularity,active_sigma_parametric_MAE_gain_pct,21.577012598657397,21.243480636103495,-0.33353196255390216,context dependent,percent
20261018,Sparse irregular minus sparse periodic,sparse_periodic,sparse_irregular,regularity,active_sigma_parametric_MAE_gain_pct,6.055186587169659,1.7449657663766605,-4.310220820792998,context dependent,percent
20261019,Sparse irregular minus sparse periodic,sparse_periodic,sparse_irregular,regularity,active_sigma_parametric_MAE_gain_pct,22.53072151931673,19.168939604388658,-3.3617819149280734,context dependent,percent
20261020,Sparse irregular minus sparse periodic,sparse_periodic,sparse_irregular,regularity,active_sigma_parametric_MAE_gain_pct,28.52496805119069,25.542266231093347,-2.9827018200973434,context dependent,percent
20261021,Sparse irregular minus sparse periodic,sparse_periodic,sparse_irregular,regularity,active_sigma_parametric_MAE_gain_pct,16.76215986782549,16.229334729776358,-0.5328251380491302,context dependent,percent
20261022,Sparse irregular minus sparse periodic,sparse_periodic,sparse_irregular,regularity,active_sigma_parametric_MAE_gain_pct,16.261460351018076,18.717769505729798,2.4563091547117217,context dependent,percent
20261023,Sparse irregular minus sparse periodic,sparse_periodic,sparse_irregular,regularity,active_sigma_parametric_MAE_gain_pct,26.818155274535528,25.102616374390895,-1.715538900144633,context dependent,percent
20261024,Sparse irregular minus sparse periodic,sparse_periodic,sparse_irregular,regularity,active_sigma_parametric_MAE_gain_pct,27.652523387900764,14.790997095207581,-12.861526292693183,context dependent,percent
20261025,Sparse irregular minus sparse periodic,sparse_periodic,sparse_irregular,regularity,active_sigma_parametric_MAE_gain_pct,22.025707776543403,20.860444914060526,-1.1652628624828765,context dependent,percent
20261026,Sparse irregular minus sparse periodic,sparse_periodic,sparse_irregular,regularity,active_sigma_parametric_MAE_gain_pct,8.799317980495847,12.349383456057495,3.5500654755616488,context dependent,percent
20261027,Sparse irregular minus sparse periodic,sparse_periodic,sparse_irregular,regularity,active_sigma_parametric_MAE_gain_pct,25.481290676946568,21.42683654486047,-4.0544541320860965,context dependent,percent
20261028,Sparse irregular minus sparse periodic,sparse_periodic,sparse_irregular,regularity,active_sigma_parametric_MAE_gain_pct,23.313008042678018,19.721650149754645,-3.591357892923373,context dependent,percent
20261029,Sparse irregular minus sparse periodic,sparse_periodic,sparse_irregular,regularity,active_sigma_parametric_MAE_gain_pct,23.44655235541284,19.22666911799984,-4.219883237413001,context dependent,percent
20261030,Sparse irregular minus sparse periodic,sparse_periodic,sparse_irregular,regularity,active_sigma_parametric_MAE_gain_pct,18.678940247738762,21.400350380916787,2.7214101331780256,context dependent,percent
20261031,Sparse irregular minus sparse periodic,sparse_periodic,sparse_irregular,regularity,active_sigma_parametric_MAE_gain_pct,12.4694511397626,13.026118753279459,0.5566676135168596,context dependent,percent
20261032,Sparse irregular minus sparse periodic,sparse_periodic,sparse_irregular,regularity,active_sigma_parametric_MAE_gain_pct,22.369033949337435,19.502832955803107,-2.866200993534328,context dependent,percent
20261033,Sparse irregular minus sparse periodic,sparse_periodic,sparse_irregular,regularity,active_sigma_parametric_MAE_gain_pct,23.399260132740164,5.581305910170209,-17.817954222569956,context dependent,percent
20261034,Sparse irregular minus sparse periodic,sparse_periodic,sparse_irregular,regularity,active_sigma_parametric_MAE_gain_pct,25.966891253370417,9.689569299287582,-16.277321954082836,context dependent,percent
20261035,Sparse irregular minus sparse periodic,sparse_periodic,sparse_irregular,regularity,active_sigma_parametric_MAE_gain_pct,17.460276908412432,22.416662607625383,4.956385699212952,context dependent,percent
20261036,Sparse irregular minus sparse periodic,sparse_periodic,sparse_irregular,regularity,active_sigma_parametric_MAE_gain_pct,31.103263583470564,14.632201791255838,-16.471061792214726,context dependent,percent
20261037,Sparse irregular minus sparse periodic,sparse_periodic,sparse_irregular,regularity,active_sigma_parametric_MAE_gain_pct,13.543718997463417,3.5554354551818657,-9.98828354228155,context dependent,percent
20261038,Sparse irregular minus sparse periodic,sparse_periodic,sparse_irregular,regularity,active_sigma_parametric_MAE_gain_pct,-0.5210043310084345,4.220154540145393,4.741158871153828,context dependent,percent
20261039,Sparse irregular minus sparse periodic,sparse_periodic,sparse_irregular,regularity,active_sigma_parametric_MAE_gain_pct,2.3757809882938186,13.282674629532032,10.906893641238213,context dependent,percent
20261040,Sparse irregular minus sparse periodic,sparse_periodic,sparse_irregular,regularity,active_sigma_parametric_MAE_gain_pct,11.606137815206118,1.9122604746767635,-9.693877340529355,context dependent,percent
20261041,Sparse irregular minus sparse periodic,sparse_periodic,sparse_irregular,regularity,active_sigma_parametric_MAE_gain_pct,22.134365803937882,34.426859730611945,12.292493926674062,context dependent,percent
20261042,Sparse irregular minus sparse periodic,sparse_periodic,sparse_irregular,regularity,active_sigma_parametric_MAE_gain_pct,15.767096436296013,19.334909552176782,3.567813115880769,context dependent,percent
20261043,Sparse irregular minus sparse periodic,sparse_periodic,sparse_irregular,regularity,active_sigma_parametric_MAE_gain_pct,35.65889118572089,31.115051795212278,-4.543839390508612,context dependent,percent
20261044,Sparse irregular minus sparse periodic,sparse_periodic,sparse_irregular,regularity,active_sigma_parametric_MAE_gain_pct,13.47222926377909,15.547981254062037,2.0757519902829475,context dependent,percent
20261045,Sparse irregular minus sparse periodic,sparse_periodic,sparse_irregular,regularity,active_sigma_parametric_MAE_gain_pct,26.0062554790531,23.77036226821665,-2.2358932108364478,context dependent,percent
20261046,Sparse irregular minus sparse periodic,sparse_periodic,sparse_irregular,regularity,active_sigma_parametric_MAE_gain_pct,17.482999302481005,26.40063835592983,8.917639053448823,context dependent,percent
20261047,Sparse irregular minus sparse periodic,sparse_periodic,sparse_irregular,regularity,active_sigma_parametric_MAE_gain_pct,12.616120464057579,16.01791656609839,3.4017961020408105,context dependent,percent
20261048,Sparse irregular minus sparse periodic,sparse_periodic,sparse_irregular,regularity,active_sigma_parametric_MAE_gain_pct,10.391284880053298,11.859968205486314,1.468683325433016,context dependent,percent
20261049,Sparse irregular minus sparse periodic,sparse_periodic,sparse_irregular,regularity,active_sigma_parametric_MAE_gain_pct,13.182051503726477,17.983415127509794,4.801363623783317,context dependent,percent
20261050,Sparse irregular minus sparse periodic,sparse_periodic,sparse_irregular,regularity,active_sigma_parametric_MAE_gain_pct,26.00649836436002,34.27205959362646,8.265561229266439,context dependent,percent
20261001,Sparse irregular minus sparse periodic,sparse_periodic,sparse_irregular,regularity,active_sigma_nonparametric_MAE_gain_pct,19.717131520503152,9.109925940857611,-10.607205579645541,context dependent,percent
20261002,Sparse irregular minus sparse periodic,sparse_periodic,sparse_irregular,regularity,active_sigma_nonparametric_MAE_gain_pct,21.535546546262253,21.42790771739902,-0.10763882886323373,context dependent,percent
20261003,Sparse irregular minus sparse periodic,sparse_periodic,sparse_irregular,regularity,active_sigma_nonparametric_MAE_gain_pct,18.702741552876766,8.392524613746987,-10.310216939129779,context dependent,percent
20261004,Sparse irregular minus sparse periodic,sparse_periodic,sparse_irregular,regularity,active_sigma_nonparametric_MAE_gain_pct,17.757160202826594,15.789833793299856,-1.9673264095267378,context dependent,percent
20261005,Sparse irregular minus sparse periodic,sparse_periodic,sparse_irregular,regularity,active_sigma_nonparametric_MAE_gain_pct,26.178562484575185,12.949464939880217,-13.229097544694968,context dependent,percent
20261006,Sparse irregular minus sparse periodic,sparse_periodic,sparse_irregular,regularity,active_sigma_nonparametric_MAE_gain_pct,-5.095236667168268,-5.523984436917662,-0.42874776974939355,context dependent,percent
20261007,Sparse irregular minus sparse periodic,sparse_periodic,sparse_irregular,regularity,active_sigma_nonparametric_MAE_gain_pct,24.08148270792457,3.1128690672296733,-20.968613640694898,context dependent,percent
20261008,Sparse irregular minus sparse periodic,sparse_periodic,sparse_irregular,regularity,active_sigma_nonparametric_MAE_gain_pct,19.075625649975326,19.070713701337294,-0.004911948638032015,context dependent,percent
20261009,Sparse irregular minus sparse periodic,sparse_periodic,sparse_irregular,regularity,active_sigma_nonparametric_MAE_gain_pct,13.12213334341481,-0.9961963772467497,-14.11832972066156,context dependent,percent
20261010,Sparse irregular minus sparse periodic,sparse_periodic,sparse_irregular,regularity,active_sigma_nonparametric_MAE_gain_pct,10.245560670859732,5.655243347882033,-4.590317322977699,context dependent,percent
20261011,Sparse irregular minus sparse periodic,sparse_periodic,sparse_irregular,regularity,active_sigma_nonparametric_MAE_gain_pct,25.33875342273578,24.381626860947136,-0.9571265617886446,context dependent,percent
20261012,Sparse irregular minus sparse periodic,sparse_periodic,sparse_irregular,regularity,active_sigma_nonparametric_MAE_gain_pct,8.149179550505991,12.498002653246754,4.348823102740763,context dependent,percent
20261013,Sparse irregular minus sparse periodic,sparse_periodic,sparse_irregular,regularity,active_sigma_nonparametric_MAE_gain_pct,10.203386545352222,-12.649728551573315,-22.853115096925535,context dependent,percent
20261014,Sparse irregular minus sparse periodic,sparse_periodic,sparse_irregular,regularity,active_sigma_nonparametric_MAE_gain_pct,6.223166331741636,14.095761691466269,7.872595359724633,context dependent,percent
20261015,Sparse irregular minus sparse periodic,sparse_periodic,sparse_irregular,regularity,active_sigma_nonparametric_MAE_gain_pct,-0.12917511468129028,7.3141890469162085,7.443364161597499,context dependent,percent
20261016,Sparse irregular minus sparse periodic,sparse_periodic,sparse_irregular,regularity,active_sigma_nonparametric_MAE_gain_pct,-19.391182285138342,-0.894454730021943,18.4967275551164,context dependent,percent
20261017,Sparse irregular minus sparse periodic,sparse_periodic,sparse_irregular,regularity,active_sigma_nonparametric_MAE_gain_pct,18.41949542544451,0.624645329939022,-17.79485009550549,context dependent,percent
20261018,Sparse irregular minus sparse periodic,sparse_periodic,sparse_irregular,regularity,active_sigma_nonparametric_MAE_gain_pct,5.8687626418495675,-7.818637901475123,-13.68740054332469,context dependent,percent
20261019,Sparse irregular minus sparse periodic,sparse_periodic,sparse_irregular,regularity,active_sigma_nonparametric_MAE_gain_pct,15.608519929755404,17.258600662090018,1.6500807323346134,context dependent,percent
20261020,Sparse irregular minus sparse periodic,sparse_periodic,sparse_irregular,regularity,active_sigma_nonparametric_MAE_gain_pct,30.436478361920617,21.029552830481023,-9.406925531439594,context dependent,percent
20261021,Sparse irregular minus sparse periodic,sparse_periodic,sparse_irregular,regularity,active_sigma_nonparametric_MAE_gain_pct,8.57527466582102,13.7256050593077,5.15033039348668,context dependent,percent
20261022,Sparse irregular minus sparse periodic,sparse_periodic,sparse_irregular,regularity,active_sigma_nonparametric_MAE_gain_pct,9.315782613160406,5.6825143631660024,-3.633268249994404,context dependent,percent
20261023,Sparse irregular minus sparse periodic,sparse_periodic,sparse_irregular,regularity,active_sigma_nonparametric_MAE_gain_pct,22.49678209553656,10.728727466089804,-11.768054629446755,context dependent,percent
20261024,Sparse irregular minus sparse periodic,sparse_periodic,sparse_irregular,regularity,active_sigma_nonparametric_MAE_gain_pct,24.69718186865464,9.97433194233135,-14.722849926323288,context dependent,percent
20261025,Sparse irregular minus sparse periodic,sparse_periodic,sparse_irregular,regularity,active_sigma_nonparametric_MAE_gain_pct,6.937812157031309,23.268658281739597,16.330846124708287,context dependent,percent
20261026,Sparse irregular minus sparse periodic,sparse_periodic,sparse_irregular,regularity,active_sigma_nonparametric_MAE_gain_pct,3.611103100803248,5.086461166569145,1.4753580657658971,context dependent,percent
20261027,Sparse irregular minus sparse periodic,sparse_periodic,sparse_irregular,regularity,active_sigma_nonparametric_MAE_gain_pct,7.962254553372306,6.774279602487676,-1.1879749508846302,context dependent,percent
20261028,Sparse irregular minus sparse periodic,sparse_periodic,sparse_irregular,regularity,active_sigma_nonparametric_MAE_gain_pct,17.383833595611353,19.00709819414603,1.6232645985346785,context dependent,percent
20261029,Sparse irregular minus sparse periodic,sparse_periodic,sparse_irregular,regularity,active_sigma_nonparametric_MAE_gain_pct,26.434306956910625,10.112298163187628,-16.322008793722997,context dependent,percent
20261030,Sparse irregular minus sparse periodic,sparse_periodic,sparse_irregular,regularity,active_sigma_nonparametric_MAE_gain_pct,5.622801143639755,23.325051376213533,17.70225023257378,context dependent,percent
20261031,Sparse irregular minus sparse periodic,sparse_periodic,sparse_irregular,regularity,active_sigma_nonparametric_MAE_gain_pct,7.653883347832169,3.1902284007831794,-4.4636549470489895,context dependent,percent
20261032,Sparse irregular minus sparse periodic,sparse_periodic,sparse_irregular,regularity,active_sigma_nonparametric_MAE_gain_pct,14.43376382226873,5.091650183494512,-9.342113638774219,context dependent,percent
20261033,Sparse irregular minus sparse periodic,sparse_periodic,sparse_irregular,regularity,active_sigma_nonparametric_MAE_gain_pct,20.377519101481035,4.0799321667142845,-16.29758693476675,context dependent,percent
20261034,Sparse irregular minus sparse periodic,sparse_periodic,sparse_irregular,regularity,active_sigma_nonparametric_MAE_gain_pct,20.673250345705373,5.040651866247503,-15.63259847945787,context dependent,percent
20261035,Sparse irregular minus sparse periodic,sparse_periodic,sparse_irregular,regularity,active_sigma_nonparametric_MAE_gain_pct,8.330841740733664,10.387532047145386,2.0566903064117223,context dependent,percent
20261036,Sparse irregular minus sparse periodic,sparse_periodic,sparse_irregular,regularity,active_sigma_nonparametric_MAE_gain_pct,18.403906716429862,12.66922219424873,-5.734684522181132,context dependent,percent
20261037,Sparse irregular minus sparse periodic,sparse_periodic,sparse_irregular,regularity,active_sigma_nonparametric_MAE_gain_pct,-1.4648141493519118,-16.281511924232706,-14.816697774880794,context dependent,percent
20261038,Sparse irregular minus sparse periodic,sparse_periodic,sparse_irregular,regularity,active_sigma_nonparametric_MAE_gain_pct,-2.7868842860967247,-9.3975913916446,-6.610707105547875,context dependent,percent
20261039,Sparse irregular minus sparse periodic,sparse_periodic,sparse_irregular,regularity,active_sigma_nonparametric_MAE_gain_pct,-14.613317050989515,-23.717384580539825,-9.10406752955031,context dependent,percent
20261040,Sparse irregular minus sparse periodic,sparse_periodic,sparse_irregular,regularity,active_sigma_nonparametric_MAE_gain_pct,3.7183597440716643,-7.133167887748404,-10.851527631820069,context dependent,percent
20261041,Sparse irregular minus sparse periodic,sparse_periodic,sparse_irregular,regularity,active_sigma_nonparametric_MAE_gain_pct,17.179367353408747,29.346057608117093,12.166690254708346,context dependent,percent
20261042,Sparse irregular minus sparse periodic,sparse_periodic,sparse_irregular,regularity,active_sigma_nonparametric_MAE_gain_pct,-2.6851639239382497,-4.092115501567517,-1.4069515776292674,context dependent,percent
20261043,Sparse irregular minus sparse periodic,sparse_periodic,sparse_irregular,regularity,active_sigma_nonparametric_MAE_gain_pct,19.006134815098598,20.64050811619743,1.634373301098833,context dependent,percent
20261044,Sparse irregular minus sparse periodic,sparse_periodic,sparse_irregular,regularity,active_sigma_nonparametric_MAE_gain_pct,0.5148571860002948,4.652530119241671,4.137672933241376,context dependent,percent
20261045,Sparse irregular minus sparse periodic,sparse_periodic,sparse_irregular,regularity,active_sigma_nonparametric_MAE_gain_pct,16.895125583785596,22.388774543921198,5.4936489601356016,context dependent,percent
20261046,Sparse irregular minus sparse periodic,sparse_periodic,sparse_irregular,regularity,active_sigma_nonparametric_MAE_gain_pct,10.769785718707414,19.65230925943622,8.882523540728805,context dependent,percent
20261047,Sparse irregular minus sparse periodic,sparse_periodic,sparse_irregular,regularity,active_sigma_nonparametric_MAE_gain_pct,14.972639856434444,9.364761294480594,-5.60787856195385,context dependent,percent
20261048,Sparse irregular minus sparse periodic,sparse_periodic,sparse_irregular,regularity,active_sigma_nonparametric_MAE_gain_pct,12.366193911992218,4.023376203429452,-8.342817708562766,context dependent,percent
20261049,Sparse irregular minus sparse periodic,sparse_periodic,sparse_irregular,regularity,active_sigma_nonparametric_MAE_gain_pct,9.544321469106787,10.232235182002626,0.6879137128958384,context dependent,percent
20261050,Sparse irregular minus sparse periodic,sparse_periodic,sparse_irregular,regularity,active_sigma_nonparametric_MAE_gain_pct,24.76075250623421,23.59441332020905,-1.1663391860251586,context dependent,percent
20261001,Sparse irregular minus sparse periodic,sparse_periodic,sparse_irregular,regularity,parametric_absolute_coverage_error,0.011538461538461608,0.06538461538461537,0.053846153846153766,context dependent,native
20261002,Sparse irregular minus sparse periodic,sparse_periodic,sparse_irregular,regularity,parametric_absolute_coverage_error,0.026923076923076827,0.011538461538461608,-0.015384615384615219,context dependent,native
20261003,Sparse irregular minus sparse periodic,sparse_periodic,sparse_irregular,regularity,parametric_absolute_coverage_error,0.026923076923076827,0.026923076923076827,0.0,context dependent,native
20261004,Sparse irregular minus sparse periodic,sparse_periodic,sparse_irregular,regularity,parametric_absolute_coverage_error,0.03076923076923077,0.011538461538461608,-0.019230769230769162,context dependent,native
20261005,Sparse irregular minus sparse periodic,sparse_periodic,sparse_irregular,regularity,parametric_absolute_coverage_error,0.03076923076923077,0.007692307692307665,-0.023076923076923106,context dependent,native
20261006,Sparse irregular minus sparse periodic,sparse_periodic,sparse_irregular,regularity,parametric_absolute_coverage_error,0.026923076923076827,0.026923076923076827,0.0,context dependent,native
20261007,Sparse irregular minus sparse periodic,sparse_periodic,sparse_irregular,regularity,parametric_absolute_coverage_error,0.06538461538461537,0.14230769230769225,0.07692307692307687,context dependent,native
20261008,Sparse irregular minus sparse periodic,sparse_periodic,sparse_irregular,regularity,parametric_absolute_coverage_error,0.03076923076923077,0.03076923076923077,0.0,context dependent,native
20261009,Sparse irregular minus sparse periodic,sparse_periodic,sparse_irregular,regularity,parametric_absolute_coverage_error,0.026923076923076827,0.06538461538461537,0.03846153846153855,context dependent,native
20261010,Sparse irregular minus sparse periodic,sparse_periodic,sparse_irregular,regularity,parametric_absolute_coverage_error,0.03076923076923077,0.007692307692307665,-0.023076923076923106,context dependent,native
20261011,Sparse irregular minus sparse periodic,sparse_periodic,sparse_irregular,regularity,parametric_absolute_coverage_error,0.011538461538461608,0.026923076923076827,0.015384615384615219,context dependent,native
20261012,Sparse irregular minus sparse periodic,sparse_periodic,sparse_irregular,regularity,parametric_absolute_coverage_error,0.03076923076923077,0.007692307692307665,-0.023076923076923106,context dependent,native
20261013,Sparse irregular minus sparse periodic,sparse_periodic,sparse_irregular,regularity,parametric_absolute_coverage_error,0.011538461538461608,0.026923076923076827,0.015384615384615219,context dependent,native
20261014,Sparse irregular minus sparse periodic,sparse_periodic,sparse_irregular,regularity,parametric_absolute_coverage_error,0.011538461538461608,0.007692307692307665,-0.0038461538461539435,context dependent,native
20261015,Sparse irregular minus sparse periodic,sparse_periodic,sparse_irregular,regularity,parametric_absolute_coverage_error,0.011538461538461608,0.007692307692307665,-0.0038461538461539435,context dependent,native
20261016,Sparse irregular minus sparse periodic,sparse_periodic,sparse_irregular,regularity,parametric_absolute_coverage_error,0.011538461538461608,0.011538461538461608,0.0,context dependent,native
20261017,Sparse irregular minus sparse periodic,sparse_periodic,sparse_irregular,regularity,parametric_absolute_coverage_error,0.0461538461538461,0.026923076923076827,-0.019230769230769273,context dependent,native
20261018,Sparse irregular minus sparse periodic,sparse_periodic,sparse_irregular,regularity,parametric_absolute_coverage_error,0.08461538461538454,0.0461538461538461,-0.038461538461538436,context dependent,native
20261019,Sparse irregular minus sparse periodic,sparse_periodic,sparse_irregular,regularity,parametric_absolute_coverage_error,0.03076923076923077,0.03076923076923077,0.0,context dependent,native
20261020,Sparse irregular minus sparse periodic,sparse_periodic,sparse_irregular,regularity,parametric_absolute_coverage_error,0.06538461538461537,0.0461538461538461,-0.019230769230769273,context dependent,native
20261021,Sparse irregular minus sparse periodic,sparse_periodic,sparse_irregular,regularity,parametric_absolute_coverage_error,0.026923076923076827,0.007692307692307665,-0.019230769230769162,context dependent,native
20261022,Sparse irregular minus sparse periodic,sparse_periodic,sparse_irregular,regularity,parametric_absolute_coverage_error,0.011538461538461608,0.011538461538461608,0.0,context dependent,native
20261023,Sparse irregular minus sparse periodic,sparse_periodic,sparse_irregular,regularity,parametric_absolute_coverage_error,0.03076923076923077,0.03076923076923077,0.0,context dependent,native
20261024,Sparse irregular minus sparse periodic,sparse_periodic,sparse_irregular,regularity,parametric_absolute_coverage_error,0.0461538461538461,0.011538461538461608,-0.03461538461538449,context dependent,native
20261025,Sparse irregular minus sparse periodic,sparse_periodic,sparse_irregular,regularity,parametric_absolute_coverage_error,0.026923076923076827,0.06538461538461537,0.03846153846153855,context dependent,native
20261026,Sparse irregular minus sparse periodic,sparse_periodic,sparse_irregular,regularity,parametric_absolute_coverage_error,0.03076923076923077,0.026923076923076827,-0.0038461538461539435,context dependent,native
20261027,Sparse irregular minus sparse periodic,sparse_periodic,sparse_irregular,regularity,parametric_absolute_coverage_error,0.03076923076923077,0.007692307692307665,-0.023076923076923106,context dependent,native
20261028,Sparse irregular minus sparse periodic,sparse_periodic,sparse_irregular,regularity,parametric_absolute_coverage_error,0.050000000000000044,0.03076923076923077,-0.019230769230769273,context dependent,native
20261029,Sparse irregular minus sparse periodic,sparse_periodic,sparse_irregular,regularity,parametric_absolute_coverage_error,0.0461538461538461,0.011538461538461608,-0.03461538461538449,context dependent,native
20261030,Sparse irregular minus sparse periodic,sparse_periodic,sparse_irregular,regularity,parametric_absolute_coverage_error,0.03076923076923077,0.03076923076923077,0.0,context dependent,native
20261031,Sparse irregular minus sparse periodic,sparse_periodic,sparse_irregular,regularity,parametric_absolute_coverage_error,0.007692307692307665,0.0461538461538461,0.038461538461538436,context dependent,native
20261032,Sparse irregular minus sparse periodic,sparse_periodic,sparse_irregular,regularity,parametric_absolute_coverage_error,0.03076923076923077,0.011538461538461608,-0.019230769230769162,context dependent,native
20261033,Sparse irregular minus sparse periodic,sparse_periodic,sparse_irregular,regularity,parametric_absolute_coverage_error,0.026923076923076827,0.08461538461538454,0.05769230769230771,context dependent,native
20261034,Sparse irregular minus sparse periodic,sparse_periodic,sparse_irregular,regularity,parametric_absolute_coverage_error,0.03076923076923077,0.03076923076923077,0.0,context dependent,native
20261035,Sparse irregular minus sparse periodic,sparse_periodic,sparse_irregular,regularity,parametric_absolute_coverage_error,0.011538461538461608,0.011538461538461608,0.0,context dependent,native
20261036,Sparse irregular minus sparse periodic,sparse_periodic,sparse_irregular,regularity,parametric_absolute_coverage_error,0.007692307692307665,0.007692307692307665,0.0,context dependent,native
20261037,Sparse irregular minus sparse periodic,sparse_periodic,sparse_irregular,regularity,parametric_absolute_coverage_error,0.050000000000000044,0.011538461538461608,-0.038461538461538436,context dependent,native
20261038,Sparse irregular minus sparse periodic,sparse_periodic,sparse_irregular,regularity,parametric_absolute_coverage_error,0.007692307692307665,0.0461538461538461,0.038461538461538436,context dependent,native
20261039,Sparse irregular minus sparse periodic,sparse_periodic,sparse_irregular,regularity,parametric_absolute_coverage_error,0.03076923076923077,0.007692307692307665,-0.023076923076923106,context dependent,native
20261040,Sparse irregular minus sparse periodic,sparse_periodic,sparse_irregular,regularity,parametric_absolute_coverage_error,0.007692307692307665,0.007692307692307665,0.0,context dependent,native
20261041,Sparse irregular minus sparse periodic,sparse_periodic,sparse_irregular,regularity,parametric_absolute_coverage_error,0.007692307692307665,0.007692307692307665,0.0,context dependent,native
20261042,Sparse irregular minus sparse periodic,sparse_periodic,sparse_irregular,regularity,parametric_absolute_coverage_error,0.011538461538461608,0.007692307692307665,-0.0038461538461539435,context dependent,native
20261043,Sparse irregular minus sparse periodic,sparse_periodic,sparse_irregular,regularity,parametric_absolute_coverage_error,0.050000000000000044,0.03076923076923077,-0.019230769230769273,context dependent,native
20261044,Sparse irregular minus sparse periodic,sparse_periodic,sparse_irregular,regularity,parametric_absolute_coverage_error,0.026923076923076827,0.026923076923076827,0.0,context dependent,native
20261045,Sparse irregular minus sparse periodic,sparse_periodic,sparse_irregular,regularity,parametric_absolute_coverage_error,0.007692307692307665,0.011538461538461608,0.0038461538461539435,context dependent,native
20261046,Sparse irregular minus sparse periodic,sparse_periodic,sparse_irregular,regularity,parametric_absolute_coverage_error,0.0461538461538461,0.0461538461538461,0.0,context dependent,native
20261047,Sparse irregular minus sparse periodic,sparse_periodic,sparse_irregular,regularity,parametric_absolute_coverage_error,0.050000000000000044,0.03076923076923077,-0.019230769230769273,context dependent,native
20261048,Sparse irregular minus sparse periodic,sparse_periodic,sparse_irregular,regularity,parametric_absolute_coverage_error,0.026923076923076827,0.007692307692307665,-0.019230769230769162,context dependent,native
20261049,Sparse irregular minus sparse periodic,sparse_periodic,sparse_irregular,regularity,parametric_absolute_coverage_error,0.026923076923076827,0.011538461538461608,-0.015384615384615219,context dependent,native
20261050,Sparse irregular minus sparse periodic,sparse_periodic,sparse_irregular,regularity,parametric_absolute_coverage_error,0.011538461538461608,0.03076923076923077,0.019230769230769162,context dependent,native
20261001,Sparse irregular minus sparse periodic,sparse_periodic,sparse_irregular,regularity,nonparametric_absolute_coverage_error,0.0461538461538461,0.12307692307692308,0.07692307692307698,context dependent,native
20261002,Sparse irregular minus sparse periodic,sparse_periodic,sparse_irregular,regularity,nonparametric_absolute_coverage_error,0.011538461538461608,0.011538461538461608,0.0,context dependent,native
20261003,Sparse irregular minus sparse periodic,sparse_periodic,sparse_irregular,regularity,nonparametric_absolute_coverage_error,0.06538461538461537,0.0461538461538461,-0.019230769230769273,context dependent,native
20261004,Sparse irregular minus sparse periodic,sparse_periodic,sparse_irregular,regularity,nonparametric_absolute_coverage_error,0.011538461538461608,0.011538461538461608,0.0,context dependent,native
20261005,Sparse irregular minus sparse periodic,sparse_periodic,sparse_irregular,regularity,nonparametric_absolute_coverage_error,0.011538461538461608,0.08461538461538454,0.07307692307692293,context dependent,native
20261006,Sparse irregular minus sparse periodic,sparse_periodic,sparse_irregular,regularity,nonparametric_absolute_coverage_error,0.06538461538461537,0.0461538461538461,-0.019230769230769273,context dependent,native
20261007,Sparse irregular minus sparse periodic,sparse_periodic,sparse_irregular,regularity,nonparametric_absolute_coverage_error,0.06538461538461537,0.16153846153846152,0.09615384615384615,context dependent,native
20261008,Sparse irregular minus sparse periodic,sparse_periodic,sparse_irregular,regularity,nonparametric_absolute_coverage_error,0.007692307692307665,0.011538461538461608,0.0038461538461539435,context dependent,native
20261009,Sparse irregular minus sparse periodic,sparse_periodic,sparse_irregular,regularity,nonparametric_absolute_coverage_error,0.08461538461538454,0.08461538461538454,0.0,context dependent,native
20261010,Sparse irregular minus sparse periodic,sparse_periodic,sparse_irregular,regularity,nonparametric_absolute_coverage_error,0.011538461538461608,0.007692307692307665,-0.0038461538461539435,context dependent,native
20261011,Sparse irregular minus sparse periodic,sparse_periodic,sparse_irregular,regularity,nonparametric_absolute_coverage_error,0.007692307692307665,0.007692307692307665,0.0,context dependent,native
20261012,Sparse irregular minus sparse periodic,sparse_periodic,sparse_irregular,regularity,nonparametric_absolute_coverage_error,0.011538461538461608,0.007692307692307665,-0.0038461538461539435,context dependent,native
20261013,Sparse irregular minus sparse periodic,sparse_periodic,sparse_irregular,regularity,nonparametric_absolute_coverage_error,0.026923076923076827,0.06538461538461537,0.03846153846153855,context dependent,native
20261014,Sparse irregular minus sparse periodic,sparse_periodic,sparse_irregular,regularity,nonparametric_absolute_coverage_error,0.007692307692307665,0.011538461538461608,0.0038461538461539435,context dependent,native
20261015,Sparse irregular minus sparse periodic,sparse_periodic,sparse_irregular,regularity,nonparametric_absolute_coverage_error,0.06538461538461537,0.026923076923076827,-0.03846153846153855,context dependent,native
20261016,Sparse irregular minus sparse periodic,sparse_periodic,sparse_irregular,regularity,nonparametric_absolute_coverage_error,0.06538461538461537,0.026923076923076827,-0.03846153846153855,context dependent,native
20261017,Sparse irregular minus sparse periodic,sparse_periodic,sparse_irregular,regularity,nonparametric_absolute_coverage_error,0.026923076923076827,0.16153846153846152,0.1346153846153847,context dependent,native
20261018,Sparse irregular minus sparse periodic,sparse_periodic,sparse_irregular,regularity,nonparametric_absolute_coverage_error,0.10384615384615381,0.0461538461538461,-0.05769230769230771,context dependent,native
20261019,Sparse irregular minus sparse periodic,sparse_periodic,sparse_irregular,regularity,nonparametric_absolute_coverage_error,0.06538461538461537,0.011538461538461608,-0.053846153846153766,context dependent,native
20261020,Sparse irregular minus sparse periodic,sparse_periodic,sparse_irregular,regularity,nonparametric_absolute_coverage_error,0.06538461538461537,0.08461538461538454,0.019230769230769162,context dependent,native
20261021,Sparse irregular minus sparse periodic,sparse_periodic,sparse_irregular,regularity,nonparametric_absolute_coverage_error,0.08461538461538454,0.0461538461538461,-0.038461538461538436,context dependent,native
20261022,Sparse irregular minus sparse periodic,sparse_periodic,sparse_irregular,regularity,nonparametric_absolute_coverage_error,0.007692307692307665,0.08461538461538454,0.07692307692307687,context dependent,native
20261023,Sparse irregular minus sparse periodic,sparse_periodic,sparse_irregular,regularity,nonparametric_absolute_coverage_error,0.007692307692307665,0.007692307692307665,0.0,context dependent,native
20261024,Sparse irregular minus sparse periodic,sparse_periodic,sparse_irregular,regularity,nonparametric_absolute_coverage_error,0.026923076923076827,0.0461538461538461,0.019230769230769273,context dependent,native
20261025,Sparse irregular minus sparse periodic,sparse_periodic,sparse_irregular,regularity,nonparametric_absolute_coverage_error,0.0461538461538461,0.007692307692307665,-0.038461538461538436,context dependent,native
20261026,Sparse irregular minus sparse periodic,sparse_periodic,sparse_irregular,regularity,nonparametric_absolute_coverage_error,0.03076923076923077,0.007692307692307665,-0.023076923076923106,context dependent,native
20261027,Sparse irregular minus sparse periodic,sparse_periodic,sparse_irregular,regularity,nonparametric_absolute_coverage_error,0.007692307692307665,0.026923076923076827,0.019230769230769162,context dependent,native
20261028,Sparse irregular minus sparse periodic,sparse_periodic,sparse_irregular,regularity,nonparametric_absolute_coverage_error,0.03076923076923077,0.03076923076923077,0.0,context dependent,native
20261029,Sparse irregular minus sparse periodic,sparse_periodic,sparse_irregular,regularity,nonparametric_absolute_coverage_error,0.06538461538461537,0.011538461538461608,-0.053846153846153766,context dependent,native
20261030,Sparse irregular minus sparse periodic,sparse_periodic,sparse_irregular,regularity,nonparametric_absolute_coverage_error,0.011538461538461608,0.011538461538461608,0.0,context dependent,native
20261031,Sparse irregular minus sparse periodic,sparse_periodic,sparse_irregular,regularity,nonparametric_absolute_coverage_error,0.06538461538461537,0.10384615384615381,0.038461538461538436,context dependent,native
20261032,Sparse irregular minus sparse periodic,sparse_periodic,sparse_irregular,regularity,nonparametric_absolute_coverage_error,0.007692307692307665,0.007692307692307665,0.0,context dependent,native
20261033,Sparse irregular minus sparse periodic,sparse_periodic,sparse_irregular,regularity,nonparametric_absolute_coverage_error,0.08461538461538454,0.06538461538461537,-0.019230769230769162,context dependent,native
20261034,Sparse irregular minus sparse periodic,sparse_periodic,sparse_irregular,regularity,nonparametric_absolute_coverage_error,0.026923076923076827,0.007692307692307665,-0.019230769230769162,context dependent,native
20261035,Sparse irregular minus sparse periodic,sparse_periodic,sparse_irregular,regularity,nonparametric_absolute_coverage_error,0.011538461538461608,0.011538461538461608,0.0,context dependent,native
20261036,Sparse irregular minus sparse periodic,sparse_periodic,sparse_irregular,regularity,nonparametric_absolute_coverage_error,0.08461538461538454,0.007692307692307665,-0.07692307692307687,context dependent,native
20261037,Sparse irregular minus sparse periodic,sparse_periodic,sparse_irregular,regularity,nonparametric_absolute_coverage_error,0.050000000000000044,0.026923076923076827,-0.023076923076923217,context dependent,native
20261038,Sparse irregular minus sparse periodic,sparse_periodic,sparse_irregular,regularity,nonparametric_absolute_coverage_error,0.06538461538461537,0.08461538461538454,0.019230769230769162,context dependent,native
20261039,Sparse irregular minus sparse periodic,sparse_periodic,sparse_irregular,regularity,nonparametric_absolute_coverage_error,0.08461538461538454,0.06538461538461537,-0.019230769230769162,context dependent,native
20261040,Sparse irregular minus sparse periodic,sparse_periodic,sparse_irregular,regularity,nonparametric_absolute_coverage_error,0.06538461538461537,0.06538461538461537,0.0,context dependent,native
20261041,Sparse irregular minus sparse periodic,sparse_periodic,sparse_irregular,regularity,nonparametric_absolute_coverage_error,0.007692307692307665,0.011538461538461608,0.0038461538461539435,context dependent,native
20261042,Sparse irregular minus sparse periodic,sparse_periodic,sparse_irregular,regularity,nonparametric_absolute_coverage_error,0.06538461538461537,0.10384615384615381,0.038461538461538436,context dependent,native
20261043,Sparse irregular minus sparse periodic,sparse_periodic,sparse_irregular,regularity,nonparametric_absolute_coverage_error,0.050000000000000044,0.011538461538461608,-0.038461538461538436,context dependent,native
20261044,Sparse irregular minus sparse periodic,sparse_periodic,sparse_irregular,regularity,nonparametric_absolute_coverage_error,0.08461538461538454,0.10384615384615381,0.019230769230769273,context dependent,native
20261045,Sparse irregular minus sparse periodic,sparse_periodic,sparse_irregular,regularity,nonparametric_absolute_coverage_error,0.026923076923076827,0.007692307692307665,-0.019230769230769162,context dependent,native
20261046,Sparse irregular minus sparse periodic,sparse_periodic,sparse_irregular,regularity,nonparametric_absolute_coverage_error,0.026923076923076827,0.10384615384615381,0.07692307692307698,context dependent,native
20261047,Sparse irregular minus sparse periodic,sparse_periodic,sparse_irregular,regularity,nonparametric_absolute_coverage_error,0.050000000000000044,0.011538461538461608,-0.038461538461538436,context dependent,native
20261048,Sparse irregular minus sparse periodic,sparse_periodic,sparse_irregular,regularity,nonparametric_absolute_coverage_error,0.026923076923076827,0.011538461538461608,-0.015384615384615219,context dependent,native
20261049,Sparse irregular minus sparse periodic,sparse_periodic,sparse_irregular,regularity,nonparametric_absolute_coverage_error,0.12307692307692308,0.0461538461538461,-0.07692307692307698,context dependent,native
20261050,Sparse irregular minus sparse periodic,sparse_periodic,sparse_irregular,regularity,nonparametric_absolute_coverage_error,0.007692307692307665,0.007692307692307665,0.0,context dependent,native
