alignment_convention,event_id,central_bank,event_date,aligned_date,market_date,event_time_index,event_age,spot_log_return,atm_1m_iv,atm_1m_div,data_availability,other_event_occurs_on_this_market_date_flag,other_event_ids_on_this_market_date,complete_pre_window_flag,complete_post_window_flag,complete_window_flag,other_decision_in_full_window_flag,other_decision_ids_full_window,other_decision_count_full_window,other_decision_in_post_window_flag,other_decision_ids_post_window,other_decision_count_post_window,same_bank_decision_in_full_window_flag,other_bank_decision_in_full_window_flag,strict_clean_full_window_flag,clean_post_window_flag
next_observation,FOMC_20210728,FOMC,2021-07-28,2021-07-29,2021-07-01,6652,-20,0.003862742855383014,5.5525,0.11249999999999982,True,False,,True,True,True,True,BOJ_20210716,1,False,,0,False,True,False,True
next_observation,FOMC_20210728,FOMC,2021-07-28,2021-07-29,2021-07-02,6652,-19,-0.004402918425573912,5.0025,-0.5499999999999998,True,False,,True,True,True,True,BOJ_20210716,1,False,,0,False,True,False,True
next_observation,FOMC_20210728,FOMC,2021-07-28,2021-07-29,2021-07-05,6652,-18,-0.0006756300506989868,5.14,0.1374999999999993,True,False,,True,True,True,True,BOJ_20210716,1,False,,0,False,True,False,True
next_observation,FOMC_20210728,FOMC,2021-07-28,2021-07-29,2021-07-06,6652,-17,-0.0030233997895780427,5.315,0.1750000000000007,True,False,,True,True,True,True,BOJ_20210716,1,False,,0,False,True,False,True
next_observation,FOMC_20210728,FOMC,2021-07-28,2021-07-29,2021-07-07,6652,-16,0.00022594274706942496,5.32,0.004999999999999893,True,False,,True,True,True,True,BOJ_20210716,1,False,,0,False,True,False,True
next_observation,FOMC_20210728,FOMC,2021-07-28,2021-07-29,2021-07-08,6652,-15,-0.008485201895665963,5.73,0.41000000000000014,True,False,,True,True,True,True,BOJ_20210716,1,False,,0,False,True,False,True
next_observation,FOMC_20210728,FOMC,2021-07-28,2021-07-29,2021-07-09,6652,-14,0.003775048260037806,5.2425,-0.4875000000000007,True,False,,True,True,True,True,BOJ_20210716,1,False,,0,False,True,False,True
next_observation,FOMC_20210728,FOMC,2021-07-28,2021-07-29,2021-07-12,6652,-13,0.002086073950457347,5.2625,0.020000000000000462,True,False,,True,True,True,True,BOJ_20210716,1,False,,0,False,True,False,True
next_observation,FOMC_20210728,FOMC,2021-07-28,2021-07-29,2021-07-13,6652,-12,0.002398136938101586,5.1625,-0.10000000000000053,True,False,,True,True,True,True,BOJ_20210716,1,False,,0,False,True,False,True
next_observation,FOMC_20210728,FOMC,2021-07-28,2021-07-29,2021-07-14,6652,-11,-0.006074361379234752,5.1525,-0.009999999999999787,True,False,,True,True,True,True,BOJ_20210716,1,False,,0,False,True,False,True
next_observation,FOMC_20210728,FOMC,2021-07-28,2021-07-29,2021-07-15,6652,-10,-0.0011828936775104206,5.2,0.04750000000000032,True,False,,True,True,True,True,BOJ_20210716,1,False,,0,False,True,False,True
next_observation,FOMC_20210728,FOMC,2021-07-28,2021-07-29,2021-07-16,6652,-9,0.0021372873691511847,5.14,-0.0600000000000005,True,False,,True,True,True,True,BOJ_20210716,1,False,,0,False,True,False,True
next_observation,FOMC_20210728,FOMC,2021-07-28,2021-07-29,2021-07-19,6652,-8,-0.005557341319528144,5.79,0.6500000000000004,True,True,BOJ_20210716,True,True,True,True,BOJ_20210716,1,False,,0,False,True,False,True
next_observation,FOMC_20210728,FOMC,2021-07-28,2021-07-29,2021-07-20,6652,-7,0.003602128692561234,5.59,-0.20000000000000018,True,False,,True,True,True,True,BOJ_20210716,1,False,,0,False,True,False,True
next_observation,FOMC_20210728,FOMC,2021-07-28,2021-07-29,2021-07-21,6652,-6,0.003997279907961938,5.3625,-0.22750000000000004,True,False,,True,True,True,True,BOJ_20210716,1,False,,0,False,True,False,True
next_observation,FOMC_20210728,FOMC,2021-07-28,2021-07-29,2021-07-22,6652,-5,-0.001360914744611693,5.375,0.012500000000000178,True,False,,True,True,True,True,BOJ_20210716,1,False,,0,False,True,False,True
next_observation,FOMC_20210728,FOMC,2021-07-28,2021-07-29,2021-07-23,6652,-4,0.003624998305499197,5.2025,-0.17250000000000032,True,False,,True,True,True,True,BOJ_20210716,1,False,,0,False,True,False,True
next_observation,FOMC_20210728,FOMC,2021-07-28,2021-07-29,2021-07-26,6652,-3,-0.0014484228305109272,5.3875,0.1850000000000005,True,False,,True,True,True,True,BOJ_20210716,1,False,,0,False,True,False,True
next_observation,FOMC_20210728,FOMC,2021-07-28,2021-07-29,2021-07-27,6652,-2,-0.005541438598890741,5.68,0.29249999999999954,True,False,,True,True,True,True,BOJ_20210716,1,False,,0,False,True,False,True
next_observation,FOMC_20210728,FOMC,2021-07-28,2021-07-29,2021-07-28,6652,-1,0.0012745233642991465,5.3925,-0.28749999999999964,True,False,,True,True,True,True,BOJ_20210716,1,False,,0,False,True,False,True
next_observation,FOMC_20210728,FOMC,2021-07-28,2021-07-29,2021-07-29,6652,0,-0.003919786240375069,5.415,0.022499999999999964,True,False,,True,True,True,True,BOJ_20210716,1,False,,0,False,True,False,True
next_observation,FOMC_20210728,FOMC,2021-07-28,2021-07-29,2021-07-30,6652,1,0.0020985409161276623,5.365,-0.04999999999999982,True,False,,True,True,True,True,BOJ_20210716,1,False,,0,False,True,False,True
next_observation,FOMC_20210728,FOMC,2021-07-28,2021-07-29,2021-08-02,6652,2,-0.0036982121820887805,5.5625,0.1974999999999998,True,False,,True,True,True,True,BOJ_20210716,1,False,,0,False,True,False,True
next_observation,FOMC_20210728,FOMC,2021-07-28,2021-07-29,2021-08-03,6652,3,-0.002473094917467054,5.6375,0.07500000000000018,True,False,,True,True,True,True,BOJ_20210716,1,False,,0,False,True,False,True
next_observation,FOMC_20210728,FOMC,2021-07-28,2021-07-29,2021-08-04,6652,4,0.004072766183428193,5.6575,0.019999999999999574,True,False,,True,True,True,True,BOJ_20210716,1,False,,0,False,True,False,True
next_observation,FOMC_20210728,FOMC,2021-07-28,2021-07-29,2021-08-05,6652,5,0.0026452628760759785,5.5175,-0.13999999999999968,True,False,,True,True,True,True,BOJ_20210716,1,False,,0,False,True,False,True
next_observation,FOMC_20210728,FOMC,2021-07-28,2021-07-29,2021-08-06,6652,6,0.004272345376842167,5.46,-0.05750000000000011,True,False,,True,True,True,True,BOJ_20210716,1,False,,0,False,True,False,True
next_observation,FOMC_20210728,FOMC,2021-07-28,2021-07-29,2021-08-09,6652,7,0.0004534324916718074,5.555,0.09499999999999975,True,False,,True,True,True,True,BOJ_20210716,1,False,,0,False,True,False,True
next_observation,FOMC_20210728,FOMC,2021-07-28,2021-07-29,2021-08-10,6652,8,0.0025354294380952685,5.5675,0.012500000000000178,True,False,,True,True,True,True,BOJ_20210716,1,False,,0,False,True,False,True
next_observation,FOMC_20210728,FOMC,2021-07-28,2021-07-29,2021-08-11,6652,9,-0.0013121876953509643,5.2475,-0.3200000000000003,True,False,,True,True,True,True,BOJ_20210716,1,False,,0,False,True,False,True
next_observation,FOMC_20210728,FOMC,2021-07-28,2021-07-29,2021-08-12,6652,10,-0.00013584188026061336,5.05,-0.1974999999999998,True,False,,True,True,True,True,BOJ_20210716,1,False,,0,False,True,False,True
next_observation,FOMC_20210922,FOMC,2021-09-22,2021-09-23,2021-08-26,6692,-20,0.0006360456349998185,5.205,-0.012500000000000178,True,False,,True,True,True,True,BOJ_20210922,1,True,BOJ_20210922,1,False,True,False,False
next_observation,FOMC_20210922,FOMC,2021-09-22,2021-09-23,2021-08-27,6692,-19,-0.0022734516225961787,5.0925,-0.11249999999999982,True,False,,True,True,True,True,BOJ_20210922,1,True,BOJ_20210922,1,False,True,False,False
next_observation,FOMC_20210922,FOMC,2021-09-22,2021-09-23,2021-08-30,6692,-18,0.0007280670143235832,5.2375,0.14499999999999957,True,False,,True,True,True,True,BOJ_20210922,1,True,BOJ_20210922,1,False,True,False,False
next_observation,FOMC_20210922,FOMC,2021-09-22,2021-09-23,2021-08-31,6692,-17,0.0008638916580650981,5.265,0.027499999999999858,True,False,,True,True,True,True,BOJ_20210922,1,True,BOJ_20210922,1,False,True,False,False
next_observation,FOMC_20210922,FOMC,2021-09-22,2021-09-23,2021-09-01,6692,-16,-4.5449380760073513e-05,5.3475,0.08250000000000046,True,False,,True,True,True,True,BOJ_20210922,1,True,BOJ_20210922,1,False,True,False,False
next_observation,FOMC_20210922,FOMC,2021-09-22,2021-09-23,2021-09-02,6692,-15,-0.0005910300006104149,5.065,-0.28249999999999975,True,False,,True,True,True,True,BOJ_20210922,1,True,BOJ_20210922,1,False,True,False,False
next_observation,FOMC_20210922,FOMC,2021-09-22,2021-09-23,2021-09-03,6692,-14,-0.002094146262900934,5.0525,-0.012500000000000178,True,False,,True,True,True,True,BOJ_20210922,1,True,BOJ_20210922,1,False,True,False,False
next_observation,FOMC_20210922,FOMC,2021-09-22,2021-09-23,2021-09-06,6692,-13,0.0012752199205005802,5.135,0.08249999999999957,True,False,,True,True,True,True,BOJ_20210922,1,True,BOJ_20210922,1,False,True,False,False
next_observation,FOMC_20210922,FOMC,2021-09-22,2021-09-23,2021-09-07,6692,-12,0.0038612717472624567,5.265,0.1299999999999999,True,False,,True,True,True,True,BOJ_20210922,1,True,BOJ_20210922,1,False,True,False,False
next_observation,FOMC_20210922,FOMC,2021-09-22,2021-09-23,2021-09-08,6692,-11,-0.00022672138306478615,5.3025,0.03750000000000053,True,False,,True,True,True,True,BOJ_20210922,1,True,BOJ_20210922,1,False,True,False,False
next_observation,FOMC_20210922,FOMC,2021-09-22,2021-09-23,2021-09-09,6692,-10,-0.00490977028469839,5.0425,-0.2599999999999998,True,False,,True,True,True,True,BOJ_20210922,1,True,BOJ_20210922,1,False,True,False,False
next_observation,FOMC_20210922,FOMC,2021-09-22,2021-09-23,2021-09-10,6692,-9,0.0020486679446812817,4.8775,-0.16500000000000004,True,False,,True,True,True,True,BOJ_20210922,1,True,BOJ_20210922,1,False,True,False,False
next_observation,FOMC_20210922,FOMC,2021-09-22,2021-09-23,2021-09-13,6692,-8,0.00045469013651098253,4.9,0.022499999999999964,True,False,,True,True,True,True,BOJ_20210922,1,True,BOJ_20210922,1,False,True,False,False
next_observation,FOMC_20210922,FOMC,2021-09-22,2021-09-23,2021-09-14,6692,-7,-0.0027312471457826308,4.94,0.040000000000000036,True,False,,True,True,True,True,BOJ_20210922,1,True,BOJ_20210922,1,False,True,False,False
next_observation,FOMC_20210922,FOMC,2021-09-22,2021-09-23,2021-09-15,6692,-6,-0.002875860745464264,5.1125,0.17249999999999943,True,False,,True,True,True,True,BOJ_20210922,1,True,BOJ_20210922,1,False,True,False,False
next_observation,FOMC_20210922,FOMC,2021-09-22,2021-09-23,2021-09-16,6692,-5,0.0032404583249292704,5.0,-0.11249999999999982,True,False,,True,True,True,True,BOJ_20210922,1,True,BOJ_20210922,1,False,True,False,False
next_observation,FOMC_20210922,FOMC,2021-09-22,2021-09-23,2021-09-17,6692,-4,0.0018209965880646851,5.035,0.03500000000000014,True,False,,True,True,True,True,BOJ_20210922,1,True,BOJ_20210922,1,False,True,False,False
next_observation,FOMC_20210922,FOMC,2021-09-22,2021-09-23,2021-09-20,6692,-3,-0.0044673457165321515,5.5825,0.5474999999999994,True,False,,True,True,True,True,BOJ_20210922,1,True,BOJ_20210922,1,False,True,False,False
next_observation,FOMC_20210922,FOMC,2021-09-22,2021-09-23,2021-09-21,6692,-2,-0.0019207030187886177,5.5875,0.005000000000000782,True,False,,True,True,True,True,BOJ_20210922,1,True,BOJ_20210922,1,False,True,False,False
next_observation,FOMC_20210922,FOMC,2021-09-22,2021-09-23,2021-09-22,6692,-1,0.005068156865848507,5.2075,-0.3800000000000008,True,False,,True,True,True,True,BOJ_20210922,1,True,BOJ_20210922,1,False,True,False,False
next_observation,FOMC_20210922,FOMC,2021-09-22,2021-09-23,2021-09-23,6692,0,0.004906647434310728,5.065,-0.14249999999999918,True,True,BOJ_20210922,True,True,True,True,BOJ_20210922,1,True,BOJ_20210922,1,False,True,False,False
next_observation,FOMC_20210922,FOMC,2021-09-22,2021-09-23,2021-09-24,6692,1,0.00366425055440609,5.2575,0.1924999999999999,True,False,,True,True,True,True,BOJ_20210922,1,True,BOJ_20210922,1,False,True,False,False
next_observation,FOMC_20210922,FOMC,2021-09-22,2021-09-23,2021-09-27,6692,2,0.0024804396328647724,5.5275,0.2699999999999996,True,False,,True,True,True,True,BOJ_20210922,1,True,BOJ_20210922,1,False,True,False,False
next_observation,FOMC_20210922,FOMC,2021-09-22,2021-09-23,2021-09-28,6692,3,0.004404501502485002,5.8275,0.2999999999999998,True,False,,True,True,True,True,BOJ_20210922,1,True,BOJ_20210922,1,False,True,False,False
next_observation,FOMC_20210922,FOMC,2021-09-22,2021-09-23,2021-09-29,6692,4,0.004206575611428171,5.8725,0.04499999999999993,True,False,,True,True,True,True,BOJ_20210922,1,True,BOJ_20210922,1,False,True,False,False
next_observation,FOMC_20210922,FOMC,2021-09-22,2021-09-23,2021-09-30,6692,5,-0.006046915471460931,5.625,-0.2474999999999996,True,False,,True,True,True,True,BOJ_20210922,1,True,BOJ_20210922,1,False,True,False,False
next_observation,FOMC_20210922,FOMC,2021-09-22,2021-09-23,2021-10-01,6692,6,-0.0021588566448972513,5.685,0.05999999999999961,True,False,,True,True,True,True,BOJ_20210922,1,True,BOJ_20210922,1,False,True,False,False
next_observation,FOMC_20210922,FOMC,2021-09-22,2021-09-23,2021-10-04,6692,7,-0.0011262530754632836,5.8975,0.21250000000000036,True,False,,True,True,True,True,BOJ_20210922,1,True,BOJ_20210922,1,False,True,False,False
next_observation,FOMC_20210922,FOMC,2021-09-22,2021-09-23,2021-10-05,6692,8,0.004856343012569242,5.9175,0.020000000000000462,True,False,,True,True,True,True,BOJ_20210922,1,True,BOJ_20210922,1,False,True,False,False
next_observation,FOMC_20210922,FOMC,2021-09-22,2021-09-23,2021-10-06,6692,9,-0.0004935502063171689,5.95,0.03249999999999975,True,False,,True,True,True,True,BOJ_20210922,1,True,BOJ_20210922,1,False,True,False,False
next_observation,FOMC_20210922,FOMC,2021-09-22,2021-09-23,2021-10-07,6692,10,0.001972740955415737,5.6775,-0.27249999999999996,True,False,,True,True,True,True,BOJ_20210922,1,True,BOJ_20210922,1,False,True,False,False
next_observation,FOMC_20211103,FOMC,2021-11-03,2021-11-04,2021-10-07,6722,-20,0.001972740955415737,5.6775,-0.27249999999999996,True,False,,True,True,True,True,BOJ_20211028,1,False,,0,False,True,False,True
next_observation,FOMC_20211103,FOMC,2021-11-03,2021-11-04,2021-10-08,6722,-19,0.005449604767564685,5.8375,0.16000000000000014,True,False,,True,True,True,True,BOJ_20211028,1,False,,0,False,True,False,True
next_observation,FOMC_20211103,FOMC,2021-11-03,2021-11-04,2021-10-11,6722,-18,0.009487989598269764,6.385,0.5474999999999994,True,False,,True,True,True,True,BOJ_20211028,1,False,,0,False,True,False,True
next_observation,FOMC_20211103,FOMC,2021-11-03,2021-11-04,2021-10-12,6722,-17,0.0026441051893379254,6.67,0.28500000000000014,True,False,,True,True,True,True,BOJ_20211028,1,False,,0,False,True,False,True
next_observation,FOMC_20211103,FOMC,2021-11-03,2021-11-04,2021-10-13,6722,-16,-0.003173766218669773,6.33,-0.33999999999999986,True,False,,True,True,True,True,BOJ_20211028,1,False,,0,False,True,False,True
next_observation,FOMC_20211103,FOMC,2021-11-03,2021-11-04,2021-10-14,6722,-15,0.003789719425701913,6.1025,-0.22750000000000004,True,False,,True,True,True,True,BOJ_20211028,1,False,,0,False,True,False,True
next_observation,FOMC_20211103,FOMC,2021-11-03,2021-11-04,2021-10-15,6722,-14,0.004738929447871699,6.5875,0.4850000000000003,True,False,,True,True,True,True,BOJ_20211028,1,False,,0,False,True,False,True
next_observation,FOMC_20211103,FOMC,2021-11-03,2021-11-04,2021-10-18,6722,-13,0.0008751203848949774,6.5525,-0.03500000000000014,True,False,,True,True,True,True,BOJ_20211028,1,False,,0,False,True,False,True
next_observation,FOMC_20211103,FOMC,2021-11-03,2021-11-04,2021-10-19,6722,-12,0.00048098997407352916,6.3975,-0.15500000000000025,True,False,,True,True,True,True,BOJ_20211028,1,False,,0,False,True,False,True
next_observation,FOMC_20211103,FOMC,2021-11-03,2021-11-04,2021-10-20,6722,-11,-0.0005684675579983184,6.3775,-0.019999999999999574,True,False,,True,True,True,True,BOJ_20211028,1,False,,0,False,True,False,True
next_observation,FOMC_20211103,FOMC,2021-11-03,2021-11-04,2021-10-21,6722,-10,-0.0028033307889997377,6.4575,0.07999999999999918,True,False,,True,True,True,True,BOJ_20211028,1,False,,0,False,True,False,True
next_observation,FOMC_20211103,FOMC,2021-11-03,2021-11-04,2021-10-22,6722,-9,-0.004263836434092681,6.5325,0.07500000000000018,True,False,,True,True,True,True,BOJ_20211028,1,False,,0,False,True,False,True
next_observation,FOMC_20211103,FOMC,2021-11-03,2021-11-04,2021-10-25,6722,-8,0.001848429361782375,6.5175,-0.01499999999999968,True,False,,True,True,True,True,BOJ_20211028,1,False,,0,False,True,False,True
next_observation,FOMC_20211103,FOMC,2021-11-03,2021-11-04,2021-10-26,6722,-7,0.0038618558550401047,6.2825,-0.23500000000000032,True,False,,True,True,True,True,BOJ_20211028,1,False,,0,False,True,False,True
next_observation,FOMC_20211103,FOMC,2021-11-03,2021-11-04,2021-10-27,6722,-6,-0.0028949928105713274,6.2525,-0.02999999999999936,True,False,,True,True,True,True,BOJ_20211028,1,False,,0,False,True,False,True
next_observation,FOMC_20211103,FOMC,2021-11-03,2021-11-04,2021-10-28,6722,-5,-0.0021987695753787,6.3025,0.04999999999999982,True,False,,True,True,True,True,BOJ_20211028,1,False,,0,False,True,False,True
next_observation,FOMC_20211103,FOMC,2021-11-03,2021-11-04,2021-10-29,6722,-4,0.0032524641892674976,6.355,0.05250000000000021,True,True,BOJ_20211028,True,True,True,True,BOJ_20211028,1,False,,0,False,True,False,True
next_observation,FOMC_20211103,FOMC,2021-11-03,2021-11-04,2021-11-01,6722,-3,0.0004825725597610279,6.505,0.14999999999999947,True,False,,True,True,True,True,BOJ_20211028,1,False,,0,False,True,False,True
next_observation,FOMC_20211103,FOMC,2021-11-03,2021-11-04,2021-11-02,6722,-2,-0.00035093876478789536,6.52,0.01499999999999968,True,False,,True,True,True,True,BOJ_20211028,1,False,,0,False,True,False,True
next_observation,FOMC_20211103,FOMC,2021-11-03,2021-11-04,2021-11-03,6722,-1,0.0003947974521043013,6.105,-0.41499999999999915,True,False,,True,True,True,True,BOJ_20211028,1,False,,0,False,True,False,True
next_observation,FOMC_20211103,FOMC,2021-11-03,2021-11-04,2021-11-04,6722,0,-0.0021952941728347677,5.9775,-0.1275000000000004,True,False,,True,True,True,True,BOJ_20211028,1,False,,0,False,True,False,True
next_observation,FOMC_20211103,FOMC,2021-11-03,2021-11-04,2021-11-05,6722,1,-0.002993355230634383,5.765,-0.21250000000000036,True,False,,True,True,True,True,BOJ_20211028,1,False,,0,False,True,False,True
next_observation,FOMC_20211103,FOMC,2021-11-03,2021-11-04,2021-11-08,6722,2,-0.0015883524186449532,5.845,0.08000000000000007,True,False,,True,True,True,True,BOJ_20211028,1,False,,0,False,True,False,True
next_observation,FOMC_20211103,FOMC,2021-11-03,2021-11-04,2021-11-09,6722,3,-0.0031842935225483834,5.9275,0.08250000000000046,True,False,,True,True,True,True,BOJ_20211028,1,False,,0,False,True,False,True
next_observation,FOMC_20211103,FOMC,2021-11-03,2021-11-04,2021-11-10,6722,4,0.009083755908768512,6.195,0.26750000000000007,True,False,,True,True,True,True,BOJ_20211028,1,False,,0,False,True,False,True
next_observation,FOMC_20211103,FOMC,2021-11-03,2021-11-04,2021-11-11,6722,5,0.0013598580824748078,6.065,-0.1299999999999999,True,False,,True,True,True,True,BOJ_20211028,1,False,,0,False,True,False,True
next_observation,FOMC_20211103,FOMC,2021-11-03,2021-11-04,2021-11-12,6722,6,-0.0014915554421330753,6.0525,-0.012500000000000178,True,False,,True,True,True,True,BOJ_20211028,1,False,,0,False,True,False,True
next_observation,FOMC_20211103,FOMC,2021-11-03,2021-11-04,2021-11-15,6722,7,0.0020174560590394694,6.175,0.12249999999999961,True,False,,True,True,True,True,BOJ_20211028,1,False,,0,False,True,False,True
next_observation,FOMC_20211103,FOMC,2021-11-03,2021-11-04,2021-11-16,6722,8,0.0061587038665579675,7.0325,0.8574999999999999,True,False,,True,True,True,True,BOJ_20211028,1,False,,0,False,True,False,True
next_observation,FOMC_20211103,FOMC,2021-11-03,2021-11-04,2021-11-17,6722,9,-0.006509273545871347,7.1125,0.08000000000000007,True,False,,True,True,True,True,BOJ_20211028,1,False,,0,False,True,False,True
next_observation,FOMC_20211103,FOMC,2021-11-03,2021-11-04,2021-11-18,6722,10,0.0015328358268752328,6.875,-0.23749999999999982,True,False,,True,True,True,True,BOJ_20211028,1,False,,0,False,True,False,True
next_observation,FOMC_20211215,FOMC,2021-12-15,2021-12-16,2021-11-18,6752,-20,0.0015328358268752328,6.875,-0.23749999999999982,True,False,,True,True,True,True,BOJ_20211217,1,True,BOJ_20211217,1,False,True,False,False
next_observation,FOMC_20211215,FOMC,2021-12-15,2021-12-16,2021-11-19,6752,-19,-0.002322067244173797,7.13,0.2549999999999999,True,False,,True,True,True,True,BOJ_20211217,1,True,BOJ_20211217,1,False,True,False,False
next_observation,FOMC_20211215,FOMC,2021-12-15,2021-12-16,2021-11-22,6752,-18,0.00777738005122672,7.305,0.17499999999999982,True,False,,True,True,True,True,BOJ_20211217,1,True,BOJ_20211217,1,False,True,False,False
next_observation,FOMC_20211215,FOMC,2021-12-15,2021-12-16,2021-11-23,6752,-17,0.0022606739477496235,7.4425,0.13750000000000018,True,False,,True,True,True,True,BOJ_20211217,1,True,BOJ_20211217,1,False,True,False,False
next_observation,FOMC_20211215,FOMC,2021-12-15,2021-12-16,2021-11-24,6752,-16,0.0025155063791573056,7.43,-0.012500000000000178,True,False,,True,True,True,True,BOJ_20211217,1,True,BOJ_20211217,1,False,True,False,False
next_observation,FOMC_20211215,FOMC,2021-12-15,2021-12-16,2021-11-25,6752,-15,-0.0005632704496941261,6.92,-0.5099999999999998,True,False,,True,True,True,True,BOJ_20211217,1,True,BOJ_20211217,1,False,True,False,False
next_observation,FOMC_20211215,FOMC,2021-12-15,2021-12-16,2021-11-26,6752,-14,-0.017400106741826158,8.81,1.8900000000000006,True,False,,True,True,True,True,BOJ_20211217,1,True,BOJ_20211217,1,False,True,False,False
next_observation,FOMC_20211215,FOMC,2021-12-15,2021-12-16,2021-11-29,6752,-13,0.0013662107411416616,7.975,-0.8350000000000009,True,False,,True,True,True,True,BOJ_20211217,1,True,BOJ_20211217,1,False,True,False,False
next_observation,FOMC_20211215,FOMC,2021-12-15,2021-12-16,2021-11-30,6752,-12,-0.003220188494753247,8.175,0.20000000000000107,True,False,,True,True,True,True,BOJ_20211217,1,True,BOJ_20211217,1,False,True,False,False
next_observation,FOMC_20211215,FOMC,2021-12-15,2021-12-16,2021-12-01,6752,-11,-0.0034522473872293986,7.835,-0.34000000000000075,True,False,,True,True,True,True,BOJ_20211217,1,True,BOJ_20211217,1,False,True,False,False
next_observation,FOMC_20211215,FOMC,2021-12-15,2021-12-16,2021-12-02,6752,-10,0.0029219075153392045,7.5125,-0.3224999999999998,True,False,,True,True,True,True,BOJ_20211217,1,True,BOJ_20211217,1,False,True,False,False
next_observation,FOMC_20211215,FOMC,2021-12-15,2021-12-16,2021-12-03,6752,-9,-0.0027002517458403095,7.5675,0.054999999999999716,True,False,,True,True,True,True,BOJ_20211217,1,True,BOJ_20211217,1,False,True,False,False
next_observation,FOMC_20211215,FOMC,2021-12-15,2021-12-16,2021-12-06,6752,-8,0.006010270876691947,7.435,-0.13250000000000028,True,False,,True,True,True,True,BOJ_20211217,1,True,BOJ_20211217,1,False,True,False,False
next_observation,FOMC_20211215,FOMC,2021-12-15,2021-12-16,2021-12-07,6752,-7,0.0010568963464004757,7.255,-0.17999999999999972,True,False,,True,True,True,True,BOJ_20211217,1,True,BOJ_20211217,1,False,True,False,False
next_observation,FOMC_20211215,FOMC,2021-12-15,2021-12-16,2021-12-08,6752,-6,0.0005720194642587061,7.055,-0.20000000000000018,True,False,,True,True,True,True,BOJ_20211217,1,True,BOJ_20211217,1,False,True,False,False
next_observation,FOMC_20211215,FOMC,2021-12-15,2021-12-16,2021-12-09,6752,-5,-0.00158485615387653,7.085,0.03000000000000025,True,False,,True,True,True,True,BOJ_20211217,1,True,BOJ_20211217,1,False,True,False,False
next_observation,FOMC_20211215,FOMC,2021-12-15,2021-12-16,2021-12-10,6752,-4,-0.00044068394860899727,6.75,-0.33499999999999996,True,False,,True,True,True,True,BOJ_20211217,1,True,BOJ_20211217,1,False,True,False,False
next_observation,FOMC_20211215,FOMC,2021-12-15,2021-12-16,2021-12-13,6752,-3,0.0009252120937561188,6.675,-0.07500000000000018,True,False,,True,True,True,True,BOJ_20211217,1,True,BOJ_20211217,1,False,True,False,False
next_observation,FOMC_20211215,FOMC,2021-12-15,2021-12-16,2021-12-14,6752,-2,0.001408203013910238,6.595,-0.08000000000000007,True,False,,True,True,True,True,BOJ_20211217,1,True,BOJ_20211217,1,False,True,False,False
next_observation,FOMC_20211215,FOMC,2021-12-15,2021-12-16,2021-12-15,6752,-1,0.002942018061622764,6.12,-0.47499999999999964,True,False,,True,True,True,True,BOJ_20211217,1,True,BOJ_20211217,1,False,True,False,False
next_observation,FOMC_20211215,FOMC,2021-12-15,2021-12-16,2021-12-16,6752,0,-0.0032498930668037186,5.5875,-0.5324999999999998,True,False,,True,True,True,True,BOJ_20211217,1,True,BOJ_20211217,1,False,True,False,False
next_observation,FOMC_20211215,FOMC,2021-12-15,2021-12-16,2021-12-17,6752,1,-0.0003079698213918264,5.875,0.28749999999999964,True,False,,True,True,True,True,BOJ_20211217,1,True,BOJ_20211217,1,False,True,False,False
next_observation,FOMC_20211215,FOMC,2021-12-15,2021-12-16,2021-12-20,6752,2,-0.000220036526951165,6.03,0.15500000000000025,True,True,BOJ_20211217,True,True,True,True,BOJ_20211217,1,True,BOJ_20211217,1,False,True,False,False
next_observation,FOMC_20211215,FOMC,2021-12-15,2021-12-16,2021-12-21,6752,3,0.004347737465063458,5.86,-0.16999999999999993,True,False,,True,True,True,True,BOJ_20211217,1,True,BOJ_20211217,1,False,True,False,False
next_observation,FOMC_20211215,FOMC,2021-12-15,2021-12-16,2021-12-22,6752,4,-4.382216964258377e-05,5.6325,-0.22750000000000004,True,False,,True,True,True,True,BOJ_20211217,1,True,BOJ_20211217,1,False,True,False,False
next_observation,FOMC_20211215,FOMC,2021-12-15,2021-12-16,2021-12-23,6752,5,0.002625936998456067,5.3775,-0.2549999999999999,True,False,,True,True,True,True,BOJ_20211217,1,True,BOJ_20211217,1,False,True,False,False
next_observation,FOMC_20211215,FOMC,2021-12-15,2021-12-16,2021-12-24,6752,6,-0.00017484810115800297,5.435,0.05749999999999922,True,False,,True,True,True,True,BOJ_20211217,1,True,BOJ_20211217,1,False,True,False,False
next_observation,FOMC_20211215,FOMC,2021-12-15,2021-12-16,2021-12-27,6752,7,0.004275002148448871,5.735,0.3000000000000007,True,False,,True,True,True,True,BOJ_20211217,1,True,BOJ_20211217,1,False,True,False,False
next_observation,FOMC_20211215,FOMC,2021-12-15,2021-12-16,2021-12-28,6752,8,-0.000348295532277272,5.735,0.0,True,False,,True,True,True,True,BOJ_20211217,1,True,BOJ_20211217,1,False,True,False,False
next_observation,FOMC_20211215,FOMC,2021-12-15,2021-12-16,2021-12-29,6752,9,0.0010880209973334971,5.6325,-0.10250000000000004,True,False,,True,True,True,True,BOJ_20211217,1,True,BOJ_20211217,1,False,True,False,False
next_observation,FOMC_20211215,FOMC,2021-12-15,2021-12-16,2021-12-30,6752,10,0.0011302874741565272,5.585,-0.04750000000000032,True,False,,True,True,True,True,BOJ_20211217,1,True,BOJ_20211217,1,False,True,False,False
next_observation,FOMC_20220126,FOMC,2022-01-26,2022-01-27,2021-12-30,6782,-20,0.0011302874741565272,5.585,-0.04750000000000032,True,False,,True,True,True,True,BOJ_20220118,1,False,,0,False,True,False,True
next_observation,FOMC_20220126,FOMC,2022-01-26,2022-01-27,2021-12-31,6782,-19,2.2204460492503128e-16,5.4025,-0.1825000000000001,True,False,,True,True,True,True,BOJ_20220118,1,False,,0,False,True,False,True
next_observation,FOMC_20220126,FOMC,2022-01-26,2022-01-27,2022-01-03,6782,-18,0.0021266907605369317,5.5575,0.15500000000000025,True,False,,True,True,True,True,BOJ_20220118,1,False,,0,False,True,False,True
next_observation,FOMC_20220126,FOMC,2022-01-26,2022-01-27,2022-01-04,6782,-17,0.007171276629043876,5.915,0.35749999999999993,True,False,,True,True,True,True,BOJ_20220118,1,False,,0,False,True,False,True
next_observation,FOMC_20220126,FOMC,2022-01-26,2022-01-27,2022-01-05,6782,-16,-0.0003874884340133335,5.665,-0.25,True,False,,True,True,True,True,BOJ_20220118,1,False,,0,False,True,False,True
next_observation,FOMC_20220126,FOMC,2022-01-26,2022-01-27,2022-01-06,6782,-15,-0.002414418694660131,5.885,0.21999999999999975,True,False,,True,True,True,True,BOJ_20220118,1,False,,0,False,True,False,True
next_observation,FOMC_20220126,FOMC,2022-01-26,2022-01-27,2022-01-07,6782,-14,-0.0023337233462201,5.7325,-0.15249999999999986,True,False,,True,True,True,True,BOJ_20220118,1,False,,0,False,True,False,True
next_observation,FOMC_20220126,FOMC,2022-01-26,2022-01-27,2022-01-10,6782,-13,-0.0031201273362437454,6.0325,0.2999999999999998,True,False,,True,True,True,True,BOJ_20220118,1,False,,0,False,True,False,True
next_observation,FOMC_20220126,FOMC,2022-01-26,2022-01-27,2022-01-11,6782,-12,0.0008243129384961463,5.8825,-0.14999999999999947,True,False,,True,True,True,True,BOJ_20220118,1,False,,0,False,True,False,True
next_observation,FOMC_20220126,FOMC,2022-01-26,2022-01-27,2022-01-12,6782,-11,-0.005697277680370393,5.9575,0.07499999999999929,True,False,,True,True,True,True,BOJ_20220118,1,False,,0,False,True,False,True
next_observation,FOMC_20220126,FOMC,2022-01-26,2022-01-27,2022-01-13,6782,-10,-0.0038892700936309244,6.0125,0.055000000000000604,True,False,,True,True,True,True,BOJ_20220118,1,False,,0,False,True,False,True
next_observation,FOMC_20220126,FOMC,2022-01-26,2022-01-27,2022-01-14,6782,-9,0.0,6.3,0.28749999999999964,True,False,,True,True,True,True,BOJ_20220118,1,False,,0,False,True,False,True
next_observation,FOMC_20220126,FOMC,2022-01-26,2022-01-27,2022-01-17,6782,-8,0.003802036700632747,6.14,-0.16000000000000014,True,False,,True,True,True,True,BOJ_20220118,1,False,,0,False,True,False,True
next_observation,FOMC_20220126,FOMC,2022-01-26,2022-01-27,2022-01-18,6782,-7,-0.00017448961831041342,6.22,0.08000000000000007,True,False,,True,True,True,True,BOJ_20220118,1,False,,0,False,True,False,True
next_observation,FOMC_20220126,FOMC,2022-01-26,2022-01-27,2022-01-19,6782,-6,-0.0024897909644889023,6.15,-0.0699999999999994,True,True,BOJ_20220118,True,True,True,True,BOJ_20220118,1,False,,0,False,True,False,True
next_observation,FOMC_20220126,FOMC,2022-01-26,2022-01-27,2022-01-20,6782,-5,-0.001838557688278407,6.03,-0.1200000000000001,True,False,,True,True,True,True,BOJ_20220118,1,False,,0,False,True,False,True
next_observation,FOMC_20220126,FOMC,2022-01-26,2022-01-27,2022-01-21,6782,-4,-0.003775245923738364,6.24,0.20999999999999996,True,False,,True,True,True,True,BOJ_20220118,1,False,,0,False,True,False,True
next_observation,FOMC_20220126,FOMC,2022-01-26,2022-01-27,2022-01-24,6782,-3,0.0023282897595909464,6.615,0.375,True,False,,True,True,True,True,BOJ_20220118,1,False,,0,False,True,False,True
next_observation,FOMC_20220126,FOMC,2022-01-26,2022-01-27,2022-01-25,6782,-2,-0.0006144932818563921,6.345,-0.27000000000000046,True,False,,True,True,True,True,BOJ_20220118,1,False,,0,False,True,False,True
next_observation,FOMC_20220126,FOMC,2022-01-26,2022-01-27,2022-01-26,6782,-1,0.0066079053647885334,5.83,-0.5149999999999997,True,False,,True,True,True,True,BOJ_20220118,1,False,,0,False,True,False,True
next_observation,FOMC_20220126,FOMC,2022-01-26,2022-01-27,2022-01-27,6782,0,0.006347847402501478,6.125,0.29499999999999993,True,False,,True,True,True,True,BOJ_20220118,1,False,,0,False,True,False,True
next_observation,FOMC_20220126,FOMC,2022-01-26,2022-01-27,2022-01-28,6782,1,-0.000910569168606583,6.075,-0.04999999999999982,True,False,,True,True,True,True,BOJ_20220118,1,False,,0,False,True,False,True
next_observation,FOMC_20220126,FOMC,2022-01-26,2022-01-27,2022-01-31,6782,2,-0.0013022530815495004,5.945,-0.1299999999999999,True,False,,True,True,True,True,BOJ_20220118,1,False,,0,False,True,False,True
next_observation,FOMC_20220126,FOMC,2022-01-26,2022-01-27,2022-02-01,6782,3,-0.003480988633794313,5.87,-0.07500000000000018,True,False,,True,True,True,True,BOJ_20220118,1,False,,0,False,True,False,True
next_observation,FOMC_20220126,FOMC,2022-01-26,2022-01-27,2022-02-02,6782,4,-0.002225471649208016,5.99,0.1200000000000001,True,False,,True,True,True,True,BOJ_20220118,1,False,,0,False,True,False,True
next_observation,FOMC_20220126,FOMC,2022-01-26,2022-01-27,2022-02-03,6782,5,0.004532980782019095,6.03,0.040000000000000036,True,False,,True,True,True,True,BOJ_20220118,1,False,,0,False,True,False,True
next_observation,FOMC_20220126,FOMC,2022-01-26,2022-01-27,2022-02-04,6782,6,0.002475732582532889,5.945,-0.08499999999999996,True,False,,True,True,True,True,BOJ_20220118,1,False,,0,False,True,False,True
next_observation,FOMC_20220126,FOMC,2022-01-26,2022-01-27,2022-02-07,6782,7,-0.0013891302806834328,5.845,-0.10000000000000053,True,False,,True,True,True,True,BOJ_20220118,1,False,,0,False,True,False,True
next_observation,FOMC_20220126,FOMC,2022-01-26,2022-01-27,2022-02-08,6782,8,0.0039020209925527453,5.855,0.010000000000000675,True,False,,True,True,True,True,BOJ_20220118,1,False,,0,False,True,False,True
next_observation,FOMC_20220126,FOMC,2022-01-26,2022-01-27,2022-02-09,6782,9,-0.0003029450610666254,5.88,0.024999999999999467,True,False,,True,True,True,True,BOJ_20220118,1,False,,0,False,True,False,True
next_observation,FOMC_20220126,FOMC,2022-01-26,2022-01-27,2022-02-10,6782,10,0.004276002627992115,6.195,0.3150000000000004,True,False,,True,True,True,True,BOJ_20220118,1,False,,0,False,True,False,True
next_observation,FOMC_20220316,FOMC,2022-03-16,2022-03-17,2022-02-17,6817,-20,-0.004990138579727707,7.17,0.8600000000000003,True,False,,True,True,True,True,BOJ_20220318,1,True,BOJ_20220318,1,False,True,False,False
next_observation,FOMC_20220316,FOMC,2022-03-16,2022-03-17,2022-02-18,6817,-19,0.0005653525993720515,7.13,-0.040000000000000036,True,False,,True,True,True,True,BOJ_20220318,1,True,BOJ_20220318,1,False,True,False,False
next_observation,FOMC_20220316,FOMC,2022-03-16,2022-03-17,2022-02-21,6817,-18,-0.002306906505242342,7.185,0.054999999999999716,True,False,,True,True,True,True,BOJ_20220318,1,True,BOJ_20220318,1,False,True,False,False
next_observation,FOMC_20220316,FOMC,2022-03-16,2022-03-17,2022-02-22,6817,-17,0.0029588395096221327,6.755,-0.4299999999999997,True,False,,True,True,True,True,BOJ_20220318,1,True,BOJ_20220318,1,False,True,False,False
next_observation,FOMC_20220316,FOMC,2022-03-16,2022-03-17,2022-02-23,6817,-16,-0.0006519330043797336,6.42,-0.33499999999999996,True,False,,True,True,True,True,BOJ_20220318,1,True,BOJ_20220318,1,False,True,False,False
next_observation,FOMC_20220316,FOMC,2022-03-16,2022-03-17,2022-02-24,6817,-15,0.004554630815959838,6.795,0.375,True,False,,True,True,True,True,BOJ_20220318,1,True,BOJ_20220318,1,False,True,False,False
next_observation,FOMC_20220316,FOMC,2022-03-16,2022-03-17,2022-02-25,6817,-14,0.00021637060040705512,6.375,-0.41999999999999993,True,False,,True,True,True,True,BOJ_20220318,1,True,BOJ_20220318,1,False,True,False,False
next_observation,FOMC_20220316,FOMC,2022-03-16,2022-03-17,2022-02-28,6817,-13,-0.004857957938160734,6.96,0.585,True,False,,True,True,True,True,BOJ_20220318,1,True,BOJ_20220318,1,False,True,False,False
next_observation,FOMC_20220316,FOMC,2022-03-16,2022-03-17,2022-03-01,6817,-12,-0.0006524150460848211,7.68,0.7199999999999998,True,False,,True,True,True,True,BOJ_20220318,1,True,BOJ_20220318,1,False,True,False,False
next_observation,FOMC_20220316,FOMC,2022-03-16,2022-03-17,2022-03-02,6817,-11,0.005207441033427414,7.23,-0.4499999999999993,True,False,,True,True,True,True,BOJ_20220318,1,True,BOJ_20220318,1,False,True,False,False
next_observation,FOMC_20220316,FOMC,2022-03-16,2022-03-17,2022-03-03,6817,-10,-0.00047622140865810267,7.075,-0.15500000000000025,True,False,,True,True,True,True,BOJ_20220318,1,True,BOJ_20220318,1,False,True,False,False
next_observation,FOMC_20220316,FOMC,2022-03-16,2022-03-17,2022-03-04,6817,-9,-0.0056017689963674296,8.13,1.0550000000000006,True,False,,True,True,True,True,BOJ_20220318,1,True,BOJ_20220318,1,False,True,False,False
next_observation,FOMC_20220316,FOMC,2022-03-16,2022-03-17,2022-03-07,6817,-8,0.0043018294771453745,8.195,0.0649999999999995,True,False,,True,True,True,True,BOJ_20220318,1,True,BOJ_20220318,1,False,True,False,False
next_observation,FOMC_20220316,FOMC,2022-03-16,2022-03-17,2022-03-08,6817,-7,0.003030567736397698,7.875,-0.3200000000000003,True,False,,True,True,True,True,BOJ_20220318,1,True,BOJ_20220318,1,False,True,False,False
next_observation,FOMC_20220316,FOMC,2022-03-16,2022-03-17,2022-03-09,6817,-6,0.0014686827693989278,7.095,-0.7800000000000002,True,False,,True,True,True,True,BOJ_20220318,1,True,BOJ_20220318,1,False,True,False,False
next_observation,FOMC_20220316,FOMC,2022-03-16,2022-03-17,2022-03-10,6817,-5,0.00262959522147129,6.935,-0.16000000000000014,True,False,,True,True,True,True,BOJ_20220318,1,True,BOJ_20220318,1,False,True,False,False
next_observation,FOMC_20220316,FOMC,2022-03-16,2022-03-17,2022-03-11,6817,-4,0.009895769061072401,7.23,0.2950000000000008,True,False,,True,True,True,True,BOJ_20220318,1,True,BOJ_20220318,1,False,True,False,False
next_observation,FOMC_20220316,FOMC,2022-03-16,2022-03-17,2022-03-14,6817,-3,0.007601370019172941,7.845,0.6149999999999993,True,False,,True,True,True,True,BOJ_20220318,1,True,BOJ_20220318,1,False,True,False,False
next_observation,FOMC_20220316,FOMC,2022-03-16,2022-03-17,2022-03-15,6817,-2,0.0009302719601920344,7.65,-0.1949999999999994,True,False,,True,True,True,True,BOJ_20220318,1,True,BOJ_20220318,1,False,True,False,False
next_observation,FOMC_20220316,FOMC,2022-03-16,2022-03-17,2022-03-16,6817,-1,0.0036282366933596258,7.075,-0.5750000000000002,True,False,,True,True,True,True,BOJ_20220318,1,True,BOJ_20220318,1,False,True,False,False
next_observation,FOMC_20220316,FOMC,2022-03-16,2022-03-17,2022-03-17,6817,0,-0.0011376805187913155,6.72,-0.3550000000000004,True,False,,True,True,True,True,BOJ_20220318,1,True,BOJ_20220318,1,False,True,False,False
next_observation,FOMC_20220316,FOMC,2022-03-16,2022-03-17,2022-03-18,6817,1,0.004836717943805221,6.995,0.27500000000000036,True,False,,True,True,True,True,BOJ_20220318,1,True,BOJ_20220318,1,False,True,False,False
next_observation,FOMC_20220316,FOMC,2022-03-16,2022-03-17,2022-03-21,6817,2,0.0025560993615069503,6.955,-0.040000000000000036,True,True,BOJ_20220318,True,True,True,True,BOJ_20220318,1,True,BOJ_20220318,1,False,True,False,False
next_observation,FOMC_20220316,FOMC,2022-03-16,2022-03-17,2022-03-22,6817,3,0.010987749451395981,7.565,0.6100000000000003,True,False,,True,True,True,True,BOJ_20220318,1,True,BOJ_20220318,1,False,True,False,False
next_observation,FOMC_20220316,FOMC,2022-03-16,2022-03-17,2022-03-23,6817,4,0.002975823646751502,7.765,0.1999999999999993,True,False,,True,True,True,True,BOJ_20220318,1,True,BOJ_20220318,1,False,True,False,False
next_observation,FOMC_20220316,FOMC,2022-03-16,2022-03-17,2022-03-24,6817,5,0.009815072326311236,8.935,1.1700000000000008,True,False,,True,True,True,True,BOJ_20220318,1,True,BOJ_20220318,1,False,True,False,False
next_observation,FOMC_20220316,FOMC,2022-03-16,2022-03-17,2022-03-25,6817,6,-0.0024549930497114354,8.275,-0.6600000000000001,True,False,,True,True,True,True,BOJ_20220318,1,True,BOJ_20220318,1,False,True,False,False
next_observation,FOMC_20220316,FOMC,2022-03-16,2022-03-17,2022-03-28,6817,7,0.014721098670945773,10.685,2.41,True,False,,True,True,True,True,BOJ_20220318,1,True,BOJ_20220318,1,False,True,False,False
next_observation,FOMC_20220316,FOMC,2022-03-16,2022-03-17,2022-03-29,6817,8,-0.007943626110553017,9.63,-1.0549999999999997,True,False,,True,True,True,True,BOJ_20220318,1,True,BOJ_20220318,1,False,True,False,False
next_observation,FOMC_20220316,FOMC,2022-03-16,2022-03-17,2022-03-30,6817,9,-0.008540599080646433,9.465,-0.16500000000000092,True,False,,True,True,True,True,BOJ_20220318,1,True,BOJ_20220318,1,False,True,False,False
next_observation,FOMC_20220316,FOMC,2022-03-16,2022-03-17,2022-03-31,6817,10,-0.0010675865348377712,9.17,-0.29499999999999993,True,False,,True,True,True,True,BOJ_20220318,1,True,BOJ_20220318,1,False,True,False,False
next_observation,FOMC_20220504,FOMC,2022-05-04,2022-05-05,2022-04-07,6852,-20,0.0012512362634233025,8.765,-0.5649999999999995,True,False,,True,True,True,True,BOJ_20220428,1,False,,0,False,True,False,True
next_observation,FOMC_20220504,FOMC,2022-05-04,2022-05-05,2022-04-08,6852,-19,0.0031413638398338664,8.97,0.20500000000000007,True,False,,True,True,True,True,BOJ_20220428,1,False,,0,False,True,False,True
next_observation,FOMC_20220504,FOMC,2022-05-04,2022-05-05,2022-04-11,6852,-18,0.008249285928346685,9.975,1.004999999999999,True,False,,True,True,True,True,BOJ_20220428,1,False,,0,False,True,False,True
next_observation,FOMC_20220504,FOMC,2022-05-04,2022-05-05,2022-04-12,6852,-17,3.987956372284454e-05,9.555,-0.41999999999999993,True,False,,True,True,True,True,BOJ_20220428,1,False,,0,False,True,False,True
next_observation,FOMC_20220504,FOMC,2022-05-04,2022-05-05,2022-04-13,6852,-16,0.0019123511804123353,9.8,0.245000000000001,True,False,,True,True,True,True,BOJ_20220428,1,False,,0,False,True,False,True
next_observation,FOMC_20220504,FOMC,2022-05-04,2022-05-05,2022-04-14,6852,-15,0.00206759516997128,9.165,-0.6350000000000016,True,False,,True,True,True,True,BOJ_20220428,1,False,,0,False,True,False,True
next_observation,FOMC_20220504,FOMC,2022-05-04,2022-05-05,2022-04-15,6852,-14,0.004596980434261159,9.51,0.34500000000000064,True,False,,True,True,True,True,BOJ_20220428,1,False,,0,False,True,False,True
next_observation,FOMC_20220504,FOMC,2022-05-04,2022-05-05,2022-04-18,6852,-13,0.004182290570474968,9.955,0.4450000000000003,True,False,,True,True,True,True,BOJ_20220428,1,False,,0,False,True,False,True
next_observation,FOMC_20220504,FOMC,2022-05-04,2022-05-05,2022-04-19,6852,-12,0.014967355751399888,11.25,1.295,True,False,,True,True,True,True,BOJ_20220428,1,False,,0,False,True,False,True
next_observation,FOMC_20220504,FOMC,2022-05-04,2022-05-05,2022-04-20,6852,-11,-0.00817888964978294,10.975,-0.27500000000000036,True,False,,True,True,True,True,BOJ_20220428,1,False,,0,False,True,False,True
next_observation,FOMC_20220504,FOMC,2022-05-04,2022-05-05,2022-04-21,6852,-10,0.00413675269912365,10.48,-0.4949999999999992,True,False,,True,True,True,True,BOJ_20220428,1,False,,0,False,True,False,True
next_observation,FOMC_20220504,FOMC,2022-05-04,2022-05-05,2022-04-22,6852,-9,0.0008953423335918879,10.655,0.17499999999999893,True,False,,True,True,True,True,BOJ_20220428,1,False,,0,False,True,False,True
next_observation,FOMC_20220504,FOMC,2022-05-04,2022-05-05,2022-04-25,6852,-8,-0.002805488124399129,11.575,0.9199999999999999,True,False,,True,True,True,True,BOJ_20220428,1,False,,0,False,True,False,True
next_observation,FOMC_20220504,FOMC,2022-05-04,2022-05-05,2022-04-26,6852,-7,-0.007126944056266426,11.705,0.13000000000000078,True,False,,True,True,True,True,BOJ_20220428,1,False,,0,False,True,False,True
next_observation,FOMC_20220504,FOMC,2022-05-04,2022-05-05,2022-04-27,6852,-6,0.009387536670355525,11.42,-0.28500000000000014,True,False,,True,True,True,True,BOJ_20220428,1,False,,0,False,True,False,True
next_observation,FOMC_20220504,FOMC,2022-05-04,2022-05-05,2022-04-28,6852,-5,0.018667620151190473,12.84,1.42,True,False,,True,True,True,True,BOJ_20220428,1,False,,0,False,True,False,True
next_observation,FOMC_20220504,FOMC,2022-05-04,2022-05-05,2022-04-29,6852,-4,-0.008827537653756903,11.94,-0.9000000000000004,True,True,BOJ_20220428,True,True,True,True,BOJ_20220428,1,False,,0,False,True,False,True
next_observation,FOMC_20220504,FOMC,2022-05-04,2022-05-05,2022-05-02,6852,-3,0.0035019565911645558,12.135,0.19500000000000028,True,False,,True,True,True,True,BOJ_20220428,1,False,,0,False,True,False,True
next_observation,FOMC_20220504,FOMC,2022-05-04,2022-05-05,2022-05-03,6852,-2,-0.0001152538467247916,12.06,-0.07499999999999929,True,False,,True,True,True,True,BOJ_20220428,1,False,,0,False,True,False,True
next_observation,FOMC_20220504,FOMC,2022-05-04,2022-05-05,2022-05-04,6852,-1,-0.008139691965480452,10.62,-1.4400000000000013,True,False,,True,True,True,True,BOJ_20220428,1,False,,0,False,True,False,True
next_observation,FOMC_20220504,FOMC,2022-05-04,2022-05-05,2022-05-05,6852,0,0.008562224477960883,11.525,0.9050000000000011,True,False,,True,True,True,True,BOJ_20220428,1,False,,0,False,True,False,True
next_observation,FOMC_20220504,FOMC,2022-05-04,2022-05-05,2022-05-06,6852,1,0.0027995646364786567,11.275,-0.25,True,False,,True,True,True,True,BOJ_20220428,1,False,,0,False,True,False,True
next_observation,FOMC_20220504,FOMC,2022-05-04,2022-05-05,2022-05-09,6852,2,-0.002070156000956799,11.785,0.5099999999999998,True,False,,True,True,True,True,BOJ_20220428,1,False,,0,False,True,False,True
next_observation,FOMC_20220504,FOMC,2022-05-04,2022-05-05,2022-05-10,6852,3,0.001188946771694857,11.14,-0.6449999999999996,True,False,,True,True,True,True,BOJ_20220428,1,False,,0,False,True,False,True
next_observation,FOMC_20220504,FOMC,2022-05-04,2022-05-05,2022-05-11,6852,4,-0.003686498549293525,10.725,-0.4150000000000009,True,False,,True,True,True,True,BOJ_20220428,1,False,,0,False,True,False,True
next_observation,FOMC_20220504,FOMC,2022-05-04,2022-05-05,2022-05-12,6852,5,-0.012582191114872262,11.99,1.2650000000000006,True,False,,True,True,True,True,BOJ_20220428,1,False,,0,False,True,False,True
next_observation,FOMC_20220504,FOMC,2022-05-04,2022-05-05,2022-05-13,6852,6,0.006794691358363739,11.485,-0.5050000000000008,True,False,,True,True,True,True,BOJ_20220428,1,False,,0,False,True,False,True
next_observation,FOMC_20220504,FOMC,2022-05-04,2022-05-05,2022-05-16,6852,7,-0.00042573779065873237,11.865,0.3800000000000008,True,False,,True,True,True,True,BOJ_20220428,1,False,,0,False,True,False,True
next_observation,FOMC_20220504,FOMC,2022-05-04,2022-05-05,2022-05-17,6852,8,0.001740509828468999,10.98,-0.8849999999999998,True,False,,True,True,True,True,BOJ_20220428,1,False,,0,False,True,False,True
next_observation,FOMC_20220504,FOMC,2022-05-04,2022-05-05,2022-05-18,6852,9,-0.0090059224432114,11.335,0.3550000000000004,True,False,,True,True,True,True,BOJ_20220428,1,False,,0,False,True,False,True
next_observation,FOMC_20220504,FOMC,2022-05-04,2022-05-05,2022-05-19,6852,10,-0.0033591157279198435,11.605,0.2699999999999996,True,False,,True,True,True,True,BOJ_20220428,1,False,,0,False,True,False,True
next_observation,FOMC_20220615,FOMC,2022-06-15,2022-06-16,2022-05-19,6882,-20,-0.0033591157279198435,11.605,0.2699999999999996,True,False,,True,True,True,True,BOJ_20220617,1,True,BOJ_20220617,1,False,True,False,False
next_observation,FOMC_20220615,FOMC,2022-06-15,2022-06-16,2022-05-20,6882,-19,0.000625806724378242,10.98,-0.625,True,False,,True,True,True,True,BOJ_20220617,1,True,BOJ_20220617,1,False,True,False,False
next_observation,FOMC_20220615,FOMC,2022-06-15,2022-06-16,2022-05-23,6882,-18,0.00023457659033205528,10.585,-0.3949999999999996,True,False,,True,True,True,True,BOJ_20220617,1,True,BOJ_20220617,1,False,True,False,False
next_observation,FOMC_20220615,FOMC,2022-06-15,2022-06-16,2022-05-24,6882,-17,-0.008440193782784476,11.07,0.48499999999999943,True,False,,True,True,True,True,BOJ_20220617,1,True,BOJ_20220617,1,False,True,False,False
next_observation,FOMC_20220615,FOMC,2022-06-15,2022-06-16,2022-05-25,6882,-16,0.0038559953345537416,10.47,-0.5999999999999996,True,False,,True,True,True,True,BOJ_20220617,1,True,BOJ_20220617,1,False,True,False,False
next_observation,FOMC_20220615,FOMC,2022-06-15,2022-06-16,2022-05-26,6882,-15,-0.0015327480451679657,10.325,-0.14500000000000135,True,False,,True,True,True,True,BOJ_20220617,1,True,BOJ_20220617,1,False,True,False,False
next_observation,FOMC_20220615,FOMC,2022-06-15,2022-06-16,2022-05-27,6882,-14,-7.866582760504932e-05,9.495,-0.8300000000000001,True,False,,True,True,True,True,BOJ_20220617,1,True,BOJ_20220617,1,False,True,False,False
next_observation,FOMC_20220615,FOMC,2022-06-15,2022-06-16,2022-05-30,6882,-13,0.0036906206005224325,9.37,-0.125,True,False,,True,True,True,True,BOJ_20220617,1,True,BOJ_20220617,1,False,True,False,False
next_observation,FOMC_20220615,FOMC,2022-06-15,2022-06-16,2022-05-31,6882,-12,0.008468178055257526,9.6,0.23000000000000043,True,False,,True,True,True,True,BOJ_20220617,1,True,BOJ_20220617,1,False,True,False,False
next_observation,FOMC_20220615,FOMC,2022-06-15,2022-06-16,2022-06-01,6882,-11,0.011282963591767078,10.015,0.4150000000000009,True,False,,True,True,True,True,BOJ_20220617,1,True,BOJ_20220617,1,False,True,False,False
next_observation,FOMC_20220615,FOMC,2022-06-15,2022-06-16,2022-06-02,6882,-10,-0.0022310275823300787,9.6225,-0.39250000000000007,True,False,,True,True,True,True,BOJ_20220617,1,True,BOJ_20220617,1,False,True,False,False
next_observation,FOMC_20220615,FOMC,2022-06-15,2022-06-16,2022-06-03,6882,-9,0.007977949648101178,9.635,0.01249999999999929,True,False,,True,True,True,True,BOJ_20220617,1,True,BOJ_20220617,1,False,True,False,False
next_observation,FOMC_20220615,FOMC,2022-06-15,2022-06-16,2022-06-06,6882,-8,0.007611545349093284,10.985,1.3499999999999996,True,False,,True,True,True,True,BOJ_20220617,1,True,BOJ_20220617,1,False,True,False,False
next_observation,FOMC_20220615,FOMC,2022-06-15,2022-06-16,2022-06-07,6882,-7,0.005406951446641769,11.185,0.20000000000000107,True,False,,True,True,True,True,BOJ_20220617,1,True,BOJ_20220617,1,False,True,False,False
next_observation,FOMC_20220615,FOMC,2022-06-15,2022-06-16,2022-06-08,6882,-6,0.012404363738802075,12.24,1.0549999999999997,True,False,,True,True,True,True,BOJ_20220617,1,True,BOJ_20220617,1,False,True,False,False
next_observation,FOMC_20220615,FOMC,2022-06-15,2022-06-16,2022-06-09,6882,-5,0.0007818172062943117,12.05,-0.1899999999999995,True,False,,True,True,True,True,BOJ_20220617,1,True,BOJ_20220617,1,False,True,False,False
next_observation,FOMC_20220615,FOMC,2022-06-15,2022-06-16,2022-06-10,6882,-4,0.00044647840902418956,11.79,-0.26000000000000156,True,False,,True,True,True,True,BOJ_20220617,1,True,BOJ_20220617,1,False,True,False,False
next_observation,FOMC_20220615,FOMC,2022-06-15,2022-06-16,2022-06-13,6882,-3,7.439369144913472e-05,13.885,2.0950000000000006,True,False,,True,True,True,True,BOJ_20220617,1,True,BOJ_20220617,1,False,True,False,False
next_observation,FOMC_20220615,FOMC,2022-06-15,2022-06-16,2022-06-14,6882,-2,0.007743790896903258,14.335,0.45000000000000107,True,False,,True,True,True,True,BOJ_20220617,1,True,BOJ_20220617,1,False,True,False,False
next_observation,FOMC_20220615,FOMC,2022-06-15,2022-06-16,2022-06-15,6882,-1,-0.012142515651355698,14.285,-0.05000000000000071,True,False,,True,True,True,True,BOJ_20220617,1,True,BOJ_20220617,1,False,True,False,False
next_observation,FOMC_20220615,FOMC,2022-06-15,2022-06-16,2022-06-16,6882,0,-0.012216130419284144,15.84,1.5549999999999997,True,False,,True,True,True,True,BOJ_20220617,1,True,BOJ_20220617,1,False,True,False,False
next_observation,FOMC_20220615,FOMC,2022-06-15,2022-06-16,2022-06-17,6882,1,0.021068378956949577,12.4975,-3.3424999999999994,True,False,,True,True,True,True,BOJ_20220617,1,True,BOJ_20220617,1,False,True,False,False
next_observation,FOMC_20220615,FOMC,2022-06-15,2022-06-16,2022-06-20,6882,2,0.00037023325117469327,12.325,-0.1725000000000012,True,True,BOJ_20220617,True,True,True,True,BOJ_20220617,1,True,BOJ_20220617,1,False,True,False,False
next_observation,FOMC_20220615,FOMC,2022-06-15,2022-06-16,2022-06-21,6882,3,0.011043734551651866,13.465,1.1400000000000006,True,False,,True,True,True,True,BOJ_20220617,1,True,BOJ_20220617,1,False,True,False,False
next_observation,FOMC_20220615,FOMC,2022-06-15,2022-06-16,2022-06-22,6882,4,-0.0023090889362592467,13.62,0.15499999999999936,True,False,,True,True,True,True,BOJ_20220617,1,True,BOJ_20220617,1,False,True,False,False
next_observation,FOMC_20220615,FOMC,2022-06-15,2022-06-16,2022-06-23,6882,5,-0.009660485881508512,13.425,-0.1949999999999985,True,False,,True,True,True,True,BOJ_20220617,1,True,BOJ_20220617,1,False,True,False,False
next_observation,FOMC_20220615,FOMC,2022-06-15,2022-06-16,2022-06-24,6882,6,0.002035718293477239,12.4975,-0.9275000000000002,True,False,,True,True,True,True,BOJ_20220617,1,True,BOJ_20220617,1,False,True,False,False
next_observation,FOMC_20220615,FOMC,2022-06-15,2022-06-16,2022-06-27,6882,7,0.0017363360292668166,12.225,-0.27250000000000085,True,False,,True,True,True,True,BOJ_20220617,1,True,BOJ_20220617,1,False,True,False,False
next_observation,FOMC_20220615,FOMC,2022-06-15,2022-06-16,2022-06-28,6882,8,0.004970646659817941,12.205,-0.019999999999999574,True,False,,True,True,True,True,BOJ_20220617,1,True,BOJ_20220617,1,False,True,False,False
next_observation,FOMC_20220615,FOMC,2022-06-15,2022-06-16,2022-06-29,6882,9,0.0033366975682248366,13.305,1.0999999999999996,True,False,,True,True,True,True,BOJ_20220617,1,True,BOJ_20220617,1,False,True,False,False
next_observation,FOMC_20220615,FOMC,2022-06-15,2022-06-16,2022-06-30,6882,10,-0.006352958223285441,12.99,-0.3149999999999995,True,False,,True,True,True,True,BOJ_20220617,1,True,BOJ_20220617,1,False,True,False,False
next_observation,FOMC_20220727,FOMC,2022-07-27,2022-07-28,2022-06-30,6912,-20,-0.006352958223285441,12.99,-0.3149999999999995,True,False,,True,True,True,True,BOJ_20220721,1,False,,0,False,True,False,True
next_observation,FOMC_20220727,FOMC,2022-07-27,2022-07-28,2022-07-01,6912,-19,-0.0037646755912241047,13.41,0.41999999999999993,True,False,,True,True,True,True,BOJ_20220721,1,False,,0,False,True,False,True
next_observation,FOMC_20220727,FOMC,2022-07-27,2022-07-28,2022-07-04,6912,-18,0.002990753055405221,13.24,-0.16999999999999993,True,False,,True,True,True,True,BOJ_20220721,1,False,,0,False,True,False,True
next_observation,FOMC_20220727,FOMC,2022-07-27,2022-07-28,2022-07-05,6912,-17,0.0016576726393656915,13.175,-0.0649999999999995,True,False,,True,True,True,True,BOJ_20220721,1,False,,0,False,True,False,True
next_observation,FOMC_20220727,FOMC,2022-07-27,2022-07-28,2022-07-06,6912,-16,0.0007726411834177427,13.035,-0.14000000000000057,True,False,,True,True,True,True,BOJ_20220721,1,False,,0,False,True,False,True
next_observation,FOMC_20220727,FOMC,2022-07-27,2022-07-28,2022-07-07,6912,-15,0.0004412413661822855,11.9,-1.1349999999999998,True,False,,True,True,True,True,BOJ_20220721,1,False,,0,False,True,False,True
next_observation,FOMC_20220727,FOMC,2022-07-27,2022-07-28,2022-07-08,6912,-14,0.0006247588450399192,11.365,-0.5350000000000001,True,False,,True,True,True,True,BOJ_20220721,1,False,,0,False,True,False,True
next_observation,FOMC_20220727,FOMC,2022-07-27,2022-07-28,2022-07-11,6912,-13,0.009834286946243213,12.42,1.0549999999999997,True,False,,True,True,True,True,BOJ_20220721,1,False,,0,False,True,False,True
next_observation,FOMC_20220727,FOMC,2022-07-27,2022-07-28,2022-07-12,6912,-12,-0.004155888012770238,12.175,-0.24499999999999922,True,False,,True,True,True,True,BOJ_20220721,1,False,,0,False,True,False,True
next_observation,FOMC_20220727,FOMC,2022-07-27,2022-07-28,2022-07-13,6912,-11,0.003828418801045799,11.75,-0.4250000000000007,True,False,,True,True,True,True,BOJ_20220721,1,False,,0,False,True,False,True
next_observation,FOMC_20220727,FOMC,2022-07-27,2022-07-28,2022-07-14,6912,-10,0.011326132908628666,12.555,0.8049999999999997,True,False,,True,True,True,True,BOJ_20220721,1,False,,0,False,True,False,True
next_observation,FOMC_20220727,FOMC,2022-07-27,2022-07-28,2022-07-15,6912,-9,-0.0028105088222257204,12.075,-0.4800000000000004,True,False,,True,True,True,True,BOJ_20220721,1,False,,0,False,True,False,True
next_observation,FOMC_20220727,FOMC,2022-07-27,2022-07-28,2022-07-18,6912,-8,-0.00310794944979692,12.1175,0.042500000000000426,True,False,,True,True,True,True,BOJ_20220721,1,False,,0,False,True,False,True
next_observation,FOMC_20220727,FOMC,2022-07-27,2022-07-28,2022-07-19,6912,-7,0.00039806756817837056,11.775,-0.34249999999999936,True,False,,True,True,True,True,BOJ_20220721,1,False,,0,False,True,False,True
next_observation,FOMC_20220727,FOMC,2022-07-27,2022-07-28,2022-07-20,6912,-6,0.00010853638693038189,10.7925,-0.9824999999999999,True,False,,True,True,True,True,BOJ_20220721,1,False,,0,False,True,False,True
next_observation,FOMC_20220727,FOMC,2022-07-27,2022-07-28,2022-07-21,6912,-5,-0.006132650990311172,10.29,-0.5025000000000013,True,False,,True,True,True,True,BOJ_20220721,1,False,,0,False,True,False,True
next_observation,FOMC_20220727,FOMC,2022-07-27,2022-07-28,2022-07-22,6912,-4,-0.009068035372499669,10.7825,0.4925000000000015,True,True,BOJ_20220721,True,True,True,True,BOJ_20220721,1,False,,0,False,True,False,True
next_observation,FOMC_20220727,FOMC,2022-07-27,2022-07-28,2022-07-25,6912,-3,0.004142006911437144,10.79,0.007499999999998508,True,False,,True,True,True,True,BOJ_20220721,1,False,,0,False,True,False,True
next_observation,FOMC_20220727,FOMC,2022-07-27,2022-07-28,2022-07-26,6912,-2,0.0016447071560818586,10.325,-0.46499999999999986,True,False,,True,True,True,True,BOJ_20220721,1,False,,0,False,True,False,True
next_observation,FOMC_20220727,FOMC,2022-07-27,2022-07-28,2022-07-27,6912,-1,-0.0025229916303103994,9.895,-0.4299999999999997,True,False,,True,True,True,True,BOJ_20220721,1,False,,0,False,True,False,True
next_observation,FOMC_20220727,FOMC,2022-07-27,2022-07-28,2022-07-28,6912,0,-0.01702184469932119,10.77,0.875,True,False,,True,True,True,True,BOJ_20220721,1,False,,0,False,True,False,True
next_observation,FOMC_20220727,FOMC,2022-07-27,2022-07-28,2022-07-29,6912,1,-0.007438313399376435,11.31,0.5400000000000009,True,False,,True,True,True,True,BOJ_20220721,1,False,,0,False,True,False,True
next_observation,FOMC_20220727,FOMC,2022-07-27,2022-07-28,2022-08-01,6912,2,-0.012534141745403059,11.565,0.254999999999999,True,False,,True,True,True,True,BOJ_20220721,1,False,,0,False,True,False,True
next_observation,FOMC_20220727,FOMC,2022-07-27,2022-07-28,2022-08-02,6912,3,0.011783503667821289,11.795,0.23000000000000043,True,False,,True,True,True,True,BOJ_20220721,1,False,,0,False,True,False,True
next_observation,FOMC_20220727,FOMC,2022-07-27,2022-07-28,2022-08-03,6912,4,0.0051306170030304835,11.82,0.025000000000000355,True,False,,True,True,True,True,BOJ_20220721,1,False,,0,False,True,False,True
next_observation,FOMC_20220727,FOMC,2022-07-27,2022-07-28,2022-08-04,6912,5,-0.007235406173667898,11.085,-0.7349999999999994,True,False,,True,True,True,True,BOJ_20220721,1,False,,0,False,True,False,True
next_observation,FOMC_20220727,FOMC,2022-07-27,2022-07-28,2022-08-05,6912,6,0.01579009644619615,10.815,-0.27000000000000135,True,False,,True,True,True,True,BOJ_20220721,1,False,,0,False,True,False,True
next_observation,FOMC_20220727,FOMC,2022-07-27,2022-07-28,2022-08-08,6912,7,-0.000407475325598742,10.875,0.0600000000000005,True,False,,True,True,True,True,BOJ_20220721,1,False,,0,False,True,False,True
next_observation,FOMC_20220727,FOMC,2022-07-27,2022-07-28,2022-08-09,6912,8,0.0007777634139591383,10.385,-0.4900000000000002,True,False,,True,True,True,True,BOJ_20220721,1,False,,0,False,True,False,True
next_observation,FOMC_20220727,FOMC,2022-07-27,2022-07-28,2022-08-10,6912,9,-0.01619801034586748,9.955,-0.4299999999999997,True,False,,True,True,True,True,BOJ_20220721,1,False,,0,False,True,False,True
next_observation,FOMC_20220727,FOMC,2022-07-27,2022-07-28,2022-08-11,6912,10,0.0010529879503276141,9.975,0.019999999999999574,True,False,,True,True,True,True,BOJ_20220721,1,False,,0,False,True,False,True
next_observation,FOMC_20220921,FOMC,2022-09-21,2022-09-22,2022-08-25,6952,-20,-0.004604934677906083,12.06,0.28000000000000114,True,False,,True,True,True,True,BOJ_20220922,1,True,BOJ_20220922,1,False,True,False,False
next_observation,FOMC_20220921,FOMC,2022-09-21,2022-09-22,2022-08-26,6952,-19,0.008353597011791296,11.595,-0.46499999999999986,True,False,,True,True,True,True,BOJ_20220922,1,True,BOJ_20220922,1,False,True,False,False
next_observation,FOMC_20220921,FOMC,2022-09-21,2022-09-22,2022-08-29,6952,-18,0.007815932102952236,12.135,0.5399999999999991,True,False,,True,True,True,True,BOJ_20220922,1,True,BOJ_20220922,1,False,True,False,False
next_observation,FOMC_20220921,FOMC,2022-09-21,2022-09-22,2022-08-30,6952,-17,0.0005044863355168513,11.89,-0.24499999999999922,True,False,,True,True,True,True,BOJ_20220922,1,True,BOJ_20220922,1,False,True,False,False
next_observation,FOMC_20220921,FOMC,2022-09-21,2022-09-22,2022-08-31,6952,-16,0.0012241225651006753,11.695,-0.19500000000000028,True,False,,True,True,True,True,BOJ_20220922,1,True,BOJ_20220922,1,False,True,False,False
next_observation,FOMC_20220921,FOMC,2022-09-21,2022-09-22,2022-09-01,6952,-15,0.008955176800190751,12.1425,0.4474999999999998,True,False,,True,True,True,True,BOJ_20220922,1,True,BOJ_20220922,1,False,True,False,False
next_observation,FOMC_20220921,FOMC,2022-09-21,2022-09-22,2022-09-02,6952,-14,-3.5661430383690664e-05,11.77,-0.3725000000000005,True,False,,True,True,True,True,BOJ_20220922,1,True,BOJ_20220922,1,False,True,False,False
next_observation,FOMC_20220921,FOMC,2022-09-21,2022-09-22,2022-09-05,6952,-13,0.002848903319266928,11.975,0.20500000000000007,True,False,,True,True,True,True,BOJ_20220922,1,True,BOJ_20220922,1,False,True,False,False
next_observation,FOMC_20220921,FOMC,2022-09-21,2022-09-22,2022-09-06,6952,-12,0.015490509283560975,13.44,1.4649999999999999,True,False,,True,True,True,True,BOJ_20220922,1,True,BOJ_20220922,1,False,True,False,False
next_observation,FOMC_20220921,FOMC,2022-09-21,2022-09-22,2022-09-07,6952,-11,0.006526276501275666,14.37,0.9299999999999997,True,False,,True,True,True,True,BOJ_20220922,1,True,BOJ_20220922,1,False,True,False,False
next_observation,FOMC_20220921,FOMC,2022-09-21,2022-09-22,2022-09-08,6952,-10,0.0026055704435105197,13.67,-0.6999999999999993,True,False,,True,True,True,True,BOJ_20220922,1,True,BOJ_20220922,1,False,True,False,False
next_observation,FOMC_20220921,FOMC,2022-09-21,2022-09-22,2022-09-09,6952,-9,-0.01144544562113018,13.39,-0.27999999999999936,True,False,,True,True,True,True,BOJ_20220922,1,True,BOJ_20220922,1,False,True,False,False
next_observation,FOMC_20220921,FOMC,2022-09-21,2022-09-22,2022-09-12,6952,-8,0.002628675084978774,13.67,0.27999999999999936,True,False,,True,True,True,True,BOJ_20220922,1,True,BOJ_20220922,1,False,True,False,False
next_observation,FOMC_20220921,FOMC,2022-09-21,2022-09-22,2022-09-13,6952,-7,0.012107443589922235,13.935,0.26500000000000057,True,False,,True,True,True,True,BOJ_20220922,1,True,BOJ_20220922,1,False,True,False,False
next_observation,FOMC_20220921,FOMC,2022-09-21,2022-09-22,2022-09-14,6952,-6,-0.010428710638760092,14.06,0.125,True,False,,True,True,True,True,BOJ_20220922,1,True,BOJ_20220922,1,False,True,False,False
next_observation,FOMC_20220921,FOMC,2022-09-21,2022-09-22,2022-09-15,6952,-5,0.0030703767884194028,13.525,-0.5350000000000001,True,False,,True,True,True,True,BOJ_20220922,1,True,BOJ_20220922,1,False,True,False,False
next_observation,FOMC_20220921,FOMC,2022-09-21,2022-09-22,2022-09-16,6952,-4,-0.0041892189036655215,13.19,-0.33500000000000085,True,False,,True,True,True,True,BOJ_20220922,1,True,BOJ_20220922,1,False,True,False,False
next_observation,FOMC_20220921,FOMC,2022-09-21,2022-09-22,2022-09-19,6952,-3,0.0019571529680710207,13.385,0.19500000000000028,True,False,,True,True,True,True,BOJ_20220922,1,True,BOJ_20220922,1,False,True,False,False
next_observation,FOMC_20220921,FOMC,2022-09-21,2022-09-22,2022-09-20,6952,-2,0.0037637263457292332,13.0175,-0.3674999999999997,True,False,,True,True,True,True,BOJ_20220922,1,True,BOJ_20220922,1,False,True,False,False
next_observation,FOMC_20220921,FOMC,2022-09-21,2022-09-22,2022-09-21,6952,-1,0.002223690155736557,12.75,-0.26750000000000007,True,False,,True,True,True,True,BOJ_20220922,1,True,BOJ_20220922,1,False,True,False,False
next_observation,FOMC_20220921,FOMC,2022-09-21,2022-09-22,2022-09-22,6952,0,-0.011659700617700103,12.9375,0.1875,True,False,,True,True,True,True,BOJ_20220922,1,True,BOJ_20220922,1,False,True,False,False
next_observation,FOMC_20220921,FOMC,2022-09-21,2022-09-22,2022-09-23,6952,1,0.006405230068108525,12.69,-0.2475000000000005,True,True,BOJ_20220922,True,True,True,True,BOJ_20220922,1,True,BOJ_20220922,1,False,True,False,False
next_observation,FOMC_20220921,FOMC,2022-09-21,2022-09-22,2022-09-26,6952,2,0.00999800038312454,13.3075,0.6174999999999997,True,False,,True,True,True,True,BOJ_20220922,1,True,BOJ_20220922,1,False,True,False,False
next_observation,FOMC_20220921,FOMC,2022-09-21,2022-09-22,2022-09-27,6952,3,0.0003453634985113827,12.48,-0.8274999999999988,True,False,,True,True,True,True,BOJ_20220922,1,True,BOJ_20220922,1,False,True,False,False
next_observation,FOMC_20220921,FOMC,2022-09-21,2022-09-22,2022-09-28,6952,4,-0.0043950030082585256,12.645,0.16499999999999915,True,False,,True,True,True,True,BOJ_20220922,1,True,BOJ_20220922,1,False,True,False,False
next_observation,FOMC_20220921,FOMC,2022-09-21,2022-09-22,2022-09-29,6952,5,0.0020441756793432107,12.535,-0.10999999999999943,True,False,,True,True,True,True,BOJ_20220922,1,True,BOJ_20220922,1,False,True,False,False
next_observation,FOMC_20220921,FOMC,2022-09-21,2022-09-22,2022-09-30,6952,6,0.0019363768152809615,12.08,-0.45500000000000007,True,False,,True,True,True,True,BOJ_20220922,1,True,BOJ_20220922,1,False,True,False,False
next_observation,FOMC_20220921,FOMC,2022-09-21,2022-09-22,2022-10-03,6952,7,-0.001348151681107442,12.285,0.20500000000000007,True,False,,True,True,True,True,BOJ_20220922,1,True,BOJ_20220922,1,False,True,False,False
next_observation,FOMC_20220921,FOMC,2022-09-21,2022-09-22,2022-10-04,6952,8,-0.002909899167651147,11.31,-0.9749999999999996,True,False,,True,True,True,True,BOJ_20220922,1,True,BOJ_20220922,1,False,True,False,False
next_observation,FOMC_20220921,FOMC,2022-09-21,2022-09-22,2022-10-05,6952,9,0.003566918054643176,11.5275,0.21749999999999936,True,False,,True,True,True,True,BOJ_20220922,1,True,BOJ_20220922,1,False,True,False,False
next_observation,FOMC_20220921,FOMC,2022-09-21,2022-09-22,2022-10-06,6952,10,0.003450897206124419,11.36,-0.16750000000000043,True,False,,True,True,True,True,BOJ_20220922,1,True,BOJ_20220922,1,False,True,False,False
next_observation,FOMC_20221102,FOMC,2022-11-02,2022-11-03,2022-10-06,6982,-20,0.003450897206124419,11.36,-0.16750000000000043,True,False,,True,True,True,True,BOJ_20221028,1,False,,0,False,True,False,True
next_observation,FOMC_20221102,FOMC,2022-11-02,2022-11-03,2022-10-07,6982,-19,0.0007576018820298197,11.3725,0.012500000000001066,True,False,,True,True,True,True,BOJ_20221028,1,False,,0,False,True,False,True
next_observation,FOMC_20221102,FOMC,2022-11-02,2022-11-03,2022-10-10,6982,-18,0.0032305764083424547,11.805,0.4324999999999992,True,False,,True,True,True,True,BOJ_20221028,1,False,,0,False,True,False,True
next_observation,FOMC_20221102,FOMC,2022-11-02,2022-11-03,2022-10-11,6982,-17,0.0009602854157240546,11.91,0.10500000000000043,True,False,,True,True,True,True,BOJ_20221028,1,False,,0,False,True,False,True
next_observation,FOMC_20221102,FOMC,2022-11-02,2022-11-03,2022-10-12,6982,-16,0.007172896826248478,13.1125,1.2025000000000006,True,False,,True,True,True,True,BOJ_20221028,1,False,,0,False,True,False,True
next_observation,FOMC_20221102,FOMC,2022-11-02,2022-11-03,2022-10-13,6982,-15,0.0014624111981051135,12.57,-0.5425000000000004,True,False,,True,True,True,True,BOJ_20221028,1,False,,0,False,True,False,True
next_observation,FOMC_20221102,FOMC,2022-11-02,2022-11-03,2022-10-14,6982,-14,0.010412886946340807,13.8225,1.2524999999999995,True,False,,True,True,True,True,BOJ_20221028,1,False,,0,False,True,False,True
next_observation,FOMC_20221102,FOMC,2022-11-02,2022-11-03,2022-10-17,6982,-13,0.002485725163009102,13.965,0.14250000000000007,True,False,,True,True,True,True,BOJ_20221028,1,False,,0,False,True,False,True
next_observation,FOMC_20221102,FOMC,2022-11-02,2022-11-03,2022-10-18,6982,-12,0.001508574013450608,14.0625,0.09750000000000014,True,False,,True,True,True,True,BOJ_20221028,1,False,,0,False,True,False,True
next_observation,FOMC_20221102,FOMC,2022-11-02,2022-11-03,2022-10-19,6982,-11,0.004312008419406124,14.205,0.14250000000000007,True,False,,True,True,True,True,BOJ_20221028,1,False,,0,False,True,False,True
next_observation,FOMC_20221102,FOMC,2022-11-02,2022-11-03,2022-10-20,6982,-10,0.0015997337189332158,14.085,-0.11999999999999922,True,False,,True,True,True,True,BOJ_20221028,1,False,,0,False,True,False,True
next_observation,FOMC_20221102,FOMC,2022-11-02,2022-11-03,2022-10-21,6982,-9,-0.01672302235776325,15.685,1.5999999999999996,True,False,,True,True,True,True,BOJ_20221028,1,False,,0,False,True,False,True
next_observation,FOMC_20221102,FOMC,2022-11-02,2022-11-03,2022-10-24,6982,-8,0.008463625118296195,14.52,-1.165000000000001,True,False,,True,True,True,True,BOJ_20221028,1,False,,0,False,True,False,True
next_observation,FOMC_20221102,FOMC,2022-11-02,2022-11-03,2022-10-25,6982,-7,-0.00656910849900705,13.69,-0.8300000000000001,True,False,,True,True,True,True,BOJ_20221028,1,False,,0,False,True,False,True
next_observation,FOMC_20221102,FOMC,2022-11-02,2022-11-03,2022-10-26,6982,-6,-0.01066948619618294,13.585,-0.10499999999999865,True,False,,True,True,True,True,BOJ_20221028,1,False,,0,False,True,False,True
next_observation,FOMC_20221102,FOMC,2022-11-02,2022-11-03,2022-10-27,6982,-5,-0.0005467281872049267,13.465,-0.120000000000001,True,False,,True,True,True,True,BOJ_20221028,1,False,,0,False,True,False,True
next_observation,FOMC_20221102,FOMC,2022-11-02,2022-11-03,2022-10-28,6982,-4,0.008949138446653225,12.85,-0.6150000000000002,True,False,,True,True,True,True,BOJ_20221028,1,False,,0,False,True,False,True
next_observation,FOMC_20221102,FOMC,2022-11-02,2022-11-03,2022-10-31,6982,-3,0.007525810455715939,13.035,0.1850000000000005,True,True,BOJ_20221028,True,True,True,True,BOJ_20221028,1,False,,0,False,True,False,True
next_observation,FOMC_20221102,FOMC,2022-11-02,2022-11-03,2022-11-01,6982,-2,-0.003030509424200049,12.83,-0.20500000000000007,True,False,,True,True,True,True,BOJ_20221028,1,False,,0,False,True,False,True
next_observation,FOMC_20221102,FOMC,2022-11-02,2022-11-03,2022-11-02,6982,-1,-0.00243103742646628,12.125,-0.7050000000000001,True,False,,True,True,True,True,BOJ_20221028,1,False,,0,False,True,False,True
next_observation,FOMC_20221102,FOMC,2022-11-02,2022-11-03,2022-11-03,6982,0,0.002363588350493118,12.14,0.015000000000000568,True,False,,True,True,True,True,BOJ_20221028,1,False,,0,False,True,False,True
next_observation,FOMC_20221102,FOMC,2022-11-02,2022-11-03,2022-11-04,6982,1,-0.01108955832647423,11.5925,-0.5475000000000012,True,False,,True,True,True,True,BOJ_20221028,1,False,,0,False,True,False,True
next_observation,FOMC_20221102,FOMC,2022-11-02,2022-11-03,2022-11-07,6982,2,0.00010230004612422944,11.485,-0.10749999999999993,True,False,,True,True,True,True,BOJ_20221028,1,False,,0,False,True,False,True
next_observation,FOMC_20221102,FOMC,2022-11-02,2022-11-03,2022-11-08,6982,3,-0.0065340704222121085,11.135,-0.34999999999999964,True,False,,True,True,True,True,BOJ_20221028,1,False,,0,False,True,False,True
next_observation,FOMC_20221102,FOMC,2022-11-02,2022-11-03,2022-11-09,6982,4,0.005442330011499702,11.1475,0.012500000000001066,True,False,,True,True,True,True,BOJ_20221028,1,False,,0,False,True,False,True
next_observation,FOMC_20221102,FOMC,2022-11-02,2022-11-03,2022-11-10,6982,5,-0.038272195737606304,11.3125,0.16499999999999915,True,False,,True,True,True,True,BOJ_20221028,1,False,,0,False,True,False,True
next_observation,FOMC_20221102,FOMC,2022-11-02,2022-11-03,2022-11-11,6982,6,-0.015512499214601457,13.26,1.9474999999999998,True,False,,True,True,True,True,BOJ_20221028,1,False,,0,False,True,False,True
next_observation,FOMC_20221102,FOMC,2022-11-02,2022-11-03,2022-11-14,6982,7,0.0078220707399556,13.335,0.07500000000000107,True,False,,True,True,True,True,BOJ_20221028,1,False,,0,False,True,False,True
next_observation,FOMC_20221102,FOMC,2022-11-02,2022-11-03,2022-11-15,6982,8,-0.004441745311721012,13.6925,0.35749999999999993,True,False,,True,True,True,True,BOJ_20221028,1,False,,0,False,True,False,True
next_observation,FOMC_20221102,FOMC,2022-11-02,2022-11-03,2022-11-16,6982,9,0.001614205354541201,13.285,-0.40750000000000064,True,False,,True,True,True,True,BOJ_20221028,1,False,,0,False,True,False,True
next_observation,FOMC_20221102,FOMC,2022-11-02,2022-11-03,2022-11-17,6982,10,0.005041036041235965,12.8425,-0.4425000000000008,True,False,,True,True,True,True,BOJ_20221028,1,False,,0,False,True,False,True
next_observation,FOMC_20221214,FOMC,2022-12-14,2022-12-15,2022-11-17,7012,-20,0.005041036041235965,12.8425,-0.4425000000000008,True,False,,True,True,True,True,BOJ_20221220,1,True,BOJ_20221220,1,False,True,False,False
next_observation,FOMC_20221214,FOMC,2022-12-14,2022-12-15,2022-11-18,7012,-19,0.0011761562435783862,12.5825,-0.2599999999999998,True,False,,True,True,True,True,BOJ_20221220,1,True,BOJ_20221220,1,False,True,False,False
next_observation,FOMC_20221214,FOMC,2022-12-14,2022-12-15,2022-11-21,7012,-18,0.012495516647339677,13.06,0.4775000000000009,True,False,,True,True,True,True,BOJ_20221220,1,True,BOJ_20221220,1,False,True,False,False
next_observation,FOMC_20221214,FOMC,2022-12-14,2022-12-15,2022-11-22,7012,-17,-0.006352140496344717,12.89,-0.16999999999999993,True,False,,True,True,True,True,BOJ_20221220,1,True,BOJ_20221220,1,False,True,False,False
next_observation,FOMC_20221214,FOMC,2022-12-14,2022-12-15,2022-11-23,7012,-16,-0.011643979368957324,13.6025,0.7124999999999986,True,False,,True,True,True,True,BOJ_20221220,1,True,BOJ_20221220,1,False,True,False,False
next_observation,FOMC_20221214,FOMC,2022-12-14,2022-12-15,2022-11-24,7012,-15,-0.007586007725328043,13.89,0.2875000000000014,True,False,,True,True,True,True,BOJ_20221220,1,True,BOJ_20221220,1,False,True,False,False
next_observation,FOMC_20221214,FOMC,2022-12-14,2022-12-15,2022-11-25,7012,-14,0.004644723636365058,13.71,-0.17999999999999972,True,False,,True,True,True,True,BOJ_20221220,1,True,BOJ_20221220,1,False,True,False,False
next_observation,FOMC_20221214,FOMC,2022-12-14,2022-12-15,2022-11-28,7012,-13,-0.0017617348652087003,14.2825,0.5724999999999998,True,False,,True,True,True,True,BOJ_20221220,1,True,BOJ_20221220,1,False,True,False,False
next_observation,FOMC_20221214,FOMC,2022-12-14,2022-12-15,2022-11-29,7012,-12,-0.002269657823815759,13.97,-0.3125,True,False,,True,True,True,True,BOJ_20221220,1,True,BOJ_20221220,1,False,True,False,False
next_observation,FOMC_20221214,FOMC,2022-12-14,2022-12-15,2022-11-30,7012,-11,-0.004047710622223756,13.955,-0.015000000000000568,True,False,,True,True,True,True,BOJ_20221220,1,True,BOJ_20221220,1,False,True,False,False
next_observation,FOMC_20221214,FOMC,2022-12-14,2022-12-15,2022-12-01,7012,-10,-0.020081510245019397,14.4125,0.4574999999999996,True,False,,True,True,True,True,BOJ_20221220,1,True,BOJ_20221220,1,False,True,False,False
next_observation,FOMC_20221214,FOMC,2022-12-14,2022-12-15,2022-12-02,7012,-9,-0.007528731762057622,13.755,-0.6574999999999989,True,False,,True,True,True,True,BOJ_20221220,1,True,BOJ_20221220,1,False,True,False,False
next_observation,FOMC_20221214,FOMC,2022-12-14,2022-12-15,2022-12-05,7012,-8,0.017967316641363307,13.56,-0.19500000000000028,True,False,,True,True,True,True,BOJ_20221220,1,True,BOJ_20221220,1,False,True,False,False
next_observation,FOMC_20221214,FOMC,2022-12-14,2022-12-15,2022-12-06,7012,-7,0.0018630482657776327,13.77,0.20999999999999908,True,False,,True,True,True,True,BOJ_20221220,1,True,BOJ_20221220,1,False,True,False,False
next_observation,FOMC_20221214,FOMC,2022-12-14,2022-12-15,2022-12-07,7012,-6,-0.0027409793314222934,13.8,0.030000000000001137,True,False,,True,True,True,True,BOJ_20221220,1,True,BOJ_20221220,1,False,True,False,False
next_observation,FOMC_20221214,FOMC,2022-12-14,2022-12-15,2022-12-08,7012,-5,0.00029272933722871423,12.935,-0.8650000000000002,True,False,,True,True,True,True,BOJ_20221220,1,True,BOJ_20221220,1,False,True,False,False
next_observation,FOMC_20221214,FOMC,2022-12-14,2022-12-15,2022-12-09,7012,-4,-0.0007319840754309226,12.38,-0.5549999999999997,True,False,,True,True,True,True,BOJ_20221220,1,True,BOJ_20221220,1,False,True,False,False
next_observation,FOMC_20221214,FOMC,2022-12-14,2022-12-15,2022-12-12,7012,-3,0.008095143390044862,12.405,0.02499999999999858,True,False,,True,True,True,True,BOJ_20221220,1,True,BOJ_20221220,1,False,True,False,False
next_observation,FOMC_20221214,FOMC,2022-12-14,2022-12-15,2022-12-13,7012,-2,-0.015223333478423836,11.3775,-1.0274999999999999,True,False,,True,True,True,True,BOJ_20221220,1,True,BOJ_20221220,1,False,True,False,False
next_observation,FOMC_20221214,FOMC,2022-12-14,2022-12-15,2022-12-14,7012,-1,-0.0008853802179434425,10.385,-0.9924999999999997,True,False,,True,True,True,True,BOJ_20221220,1,True,BOJ_20221220,1,False,True,False,False
next_observation,FOMC_20221214,FOMC,2022-12-14,2022-12-15,2022-12-15,7012,0,0.01687108871287166,10.28,-0.10500000000000043,True,False,,True,True,True,True,BOJ_20221220,1,True,BOJ_20221220,1,False,True,False,False
next_observation,FOMC_20221214,FOMC,2022-12-14,2022-12-15,2022-12-16,7012,1,-0.008601263028359969,10.87,0.5899999999999999,True,False,,True,True,True,True,BOJ_20221220,1,True,BOJ_20221220,1,False,True,False,False
next_observation,FOMC_20221214,FOMC,2022-12-14,2022-12-15,2022-12-19,7012,2,0.0022668285089748174,11.415,0.5449999999999999,True,False,,True,True,True,True,BOJ_20221220,1,True,BOJ_20221220,1,False,True,False,False
next_observation,FOMC_20221214,FOMC,2022-12-14,2022-12-15,2022-12-20,7012,3,-0.038569402403928664,13.665,2.25,True,False,,True,True,True,True,BOJ_20221220,1,True,BOJ_20221220,1,False,True,False,False
next_observation,FOMC_20221214,FOMC,2022-12-14,2022-12-15,2022-12-21,7012,4,0.005526339815097408,13.0175,-0.6474999999999991,True,True,BOJ_20221220,True,True,True,True,BOJ_20221220,1,True,BOJ_20221220,1,False,True,False,False
next_observation,FOMC_20221214,FOMC,2022-12-14,2022-12-15,2022-12-22,7012,5,-0.0008307843837229579,12.6525,-0.3650000000000002,True,False,,True,True,True,True,BOJ_20221220,1,True,BOJ_20221220,1,False,True,False,False
next_observation,FOMC_20221214,FOMC,2022-12-14,2022-12-15,2022-12-23,7012,6,0.004184658610774741,12.7425,0.08999999999999986,True,False,,True,True,True,True,BOJ_20221220,1,True,BOJ_20221220,1,False,True,False,False
next_observation,FOMC_20221214,FOMC,2022-12-14,2022-12-15,2022-12-26,7012,7,-0.00022575062177301818,13.335,0.5925000000000011,True,False,,True,True,True,True,BOJ_20221220,1,True,BOJ_20221220,1,False,True,False,False
next_observation,FOMC_20221214,FOMC,2022-12-14,2022-12-15,2022-12-27,7012,8,0.004617732005529029,13.355,0.019999999999999574,True,False,,True,True,True,True,BOJ_20221220,1,True,BOJ_20221220,1,False,True,False,False
next_observation,FOMC_20221214,FOMC,2022-12-14,2022-12-15,2022-12-28,7012,9,0.007351739491665176,13.38,0.025000000000000355,True,False,,True,True,True,True,BOJ_20221220,1,True,BOJ_20221220,1,False,True,False,False
next_observation,FOMC_20221214,FOMC,2022-12-14,2022-12-15,2022-12-29,7012,10,-0.01084122767687336,13.5225,0.14250000000000007,True,False,,True,True,True,True,BOJ_20221220,1,True,BOJ_20221220,1,False,True,False,False
next_observation,FOMC_20230201,FOMC,2023-02-01,2023-02-02,2023-01-05,7047,-20,0.00586379668445334,14.505,-0.22499999999999964,True,False,,True,True,True,True,BOJ_20230118,1,False,,0,False,True,False,True
next_observation,FOMC_20230201,FOMC,2023-02-01,2023-02-02,2023-01-06,7047,-19,-0.010019293578842268,14.2,-0.3050000000000015,True,False,,True,True,True,True,BOJ_20230118,1,False,,0,False,True,False,True
next_observation,FOMC_20230201,FOMC,2023-02-01,2023-02-02,2023-01-09,7047,-18,-0.0014774688725577652,14.4625,0.26250000000000107,True,False,,True,True,True,True,BOJ_20230118,1,False,,0,False,True,False,True
next_observation,FOMC_20230201,FOMC,2023-02-01,2023-02-02,2023-01-10,7047,-17,0.002801546467785316,13.86,-0.6025000000000009,True,False,,True,True,True,True,BOJ_20230118,1,False,,0,False,True,False,True
next_observation,FOMC_20230201,FOMC,2023-02-01,2023-02-02,2023-01-11,7047,-16,0.0015110878928369775,14.13,0.27000000000000135,True,False,,True,True,True,True,BOJ_20230118,1,False,,0,False,True,False,True
next_observation,FOMC_20230201,FOMC,2023-02-01,2023-02-02,2023-01-12,7047,-15,-0.024455767740097188,15.73,1.5999999999999996,True,False,,True,True,True,True,BOJ_20230118,1,False,,0,False,True,False,True
next_observation,FOMC_20230201,FOMC,2023-02-01,2023-02-02,2023-01-13,7047,-14,-0.01081217751445959,16.145,0.41499999999999915,True,False,,True,True,True,True,BOJ_20230118,1,False,,0,False,True,False,True
next_observation,FOMC_20230201,FOMC,2023-02-01,2023-02-02,2023-01-16,7047,-13,0.005537371815599663,16.7325,0.5875000000000021,True,False,,True,True,True,True,BOJ_20230118,1,False,,0,False,True,False,True
next_observation,FOMC_20230201,FOMC,2023-02-01,2023-02-02,2023-01-17,7047,-12,-0.0035450669200223894,15.935,-0.7975000000000012,True,False,,True,True,True,True,BOJ_20230118,1,False,,0,False,True,False,True
next_observation,FOMC_20230201,FOMC,2023-02-01,2023-02-02,2023-01-18,7047,-11,0.006108374211384421,13.355,-2.58,True,False,,True,True,True,True,BOJ_20230118,1,False,,0,False,True,False,True
next_observation,FOMC_20230201,FOMC,2023-02-01,2023-02-02,2023-01-19,7047,-10,-0.0036916901273774585,12.805,-0.5500000000000007,True,True,BOJ_20230118,True,True,True,True,BOJ_20230118,1,False,,0,False,True,False,True
next_observation,FOMC_20230201,FOMC,2023-02-01,2023-02-02,2023-01-20,7047,-9,0.009030194102059342,12.26,-0.5449999999999999,True,False,,True,True,True,True,BOJ_20230118,1,False,,0,False,True,False,True
next_observation,FOMC_20230201,FOMC,2023-02-01,2023-02-02,2023-01-23,7047,-8,0.008260858074031041,12.57,0.3100000000000005,True,False,,True,True,True,True,BOJ_20230118,1,False,,0,False,True,False,True
next_observation,FOMC_20230201,FOMC,2023-02-01,2023-02-02,2023-01-24,7047,-7,-0.003872184568708055,12.61,0.03999999999999915,True,False,,True,True,True,True,BOJ_20230118,1,False,,0,False,True,False,True
next_observation,FOMC_20230201,FOMC,2023-02-01,2023-02-02,2023-01-25,7047,-6,-0.004388673505322945,12.655,0.04499999999999993,True,False,,True,True,True,True,BOJ_20230118,1,False,,0,False,True,False,True
next_observation,FOMC_20230201,FOMC,2023-02-01,2023-02-02,2023-01-26,7047,-5,0.0048111248816920865,12.98,0.32500000000000107,True,False,,True,True,True,True,BOJ_20230118,1,False,,0,False,True,False,True
next_observation,FOMC_20230201,FOMC,2023-02-01,2023-02-02,2023-01-27,7047,-4,-0.0026143805740708207,12.925,-0.054999999999999716,True,False,,True,True,True,True,BOJ_20230118,1,False,,0,False,True,False,True
next_observation,FOMC_20230201,FOMC,2023-02-01,2023-02-02,2023-01-30,7047,-3,0.003880664966525319,13.03,0.10499999999999865,True,False,,True,True,True,True,BOJ_20230118,1,False,,0,False,True,False,True
next_observation,FOMC_20230201,FOMC,2023-02-01,2023-02-02,2023-01-31,7047,-2,-0.0022266593966416524,13.03,0.0,True,False,,True,True,True,True,BOJ_20230118,1,False,,0,False,True,False,True
next_observation,FOMC_20230201,FOMC,2023-02-01,2023-02-02,2023-02-01,7047,-1,-0.008607599222297342,12.17,-0.8599999999999994,True,False,,True,True,True,True,BOJ_20230118,1,False,,0,False,True,False,True
next_observation,FOMC_20230201,FOMC,2023-02-01,2023-02-02,2023-02-02,7047,0,-0.0023286512114057906,12.05,-0.11999999999999922,True,False,,True,True,True,True,BOJ_20230118,1,False,,0,False,True,False,True
next_observation,FOMC_20230201,FOMC,2023-02-01,2023-02-02,2023-02-03,7047,1,0.01931795172211334,12.195,0.14499999999999957,True,False,,True,True,True,True,BOJ_20230118,1,False,,0,False,True,False,True
next_observation,FOMC_20230201,FOMC,2023-02-01,2023-02-02,2023-02-06,7047,2,0.011142810004470953,12.155,-0.040000000000000924,True,False,,True,True,True,True,BOJ_20230118,1,False,,0,False,True,False,True
next_observation,FOMC_20230201,FOMC,2023-02-01,2023-02-02,2023-02-07,7047,3,-0.012019785638813533,12.095,-0.05999999999999872,True,False,,True,True,True,True,BOJ_20230118,1,False,,0,False,True,False,True
next_observation,FOMC_20230201,FOMC,2023-02-01,2023-02-02,2023-02-08,7047,4,0.0024383751175471704,12.1,0.004999999999999005,True,False,,True,True,True,True,BOJ_20230118,1,False,,0,False,True,False,True
next_observation,FOMC_20230201,FOMC,2023-02-01,2023-02-02,2023-02-09,7047,5,0.0014449770557406656,12.29,0.1899999999999995,True,False,,True,True,True,True,BOJ_20230118,1,False,,0,False,True,False,True
next_observation,FOMC_20230201,FOMC,2023-02-01,2023-02-02,2023-02-10,7047,6,-0.0017494489895865772,14.255,1.9650000000000016,True,False,,True,True,True,True,BOJ_20230118,1,False,,0,False,True,False,True
next_observation,FOMC_20230201,FOMC,2023-02-01,2023-02-02,2023-02-13,7047,7,0.008075107854402483,13.935,-0.3200000000000003,True,False,,True,True,True,True,BOJ_20230118,1,False,,0,False,True,False,True
next_observation,FOMC_20230201,FOMC,2023-02-01,2023-02-02,2023-02-14,7047,8,0.005535173691692191,13.165,-0.7700000000000014,True,False,,True,True,True,True,BOJ_20230118,1,False,,0,False,True,False,True
next_observation,FOMC_20230201,FOMC,2023-02-01,2023-02-02,2023-02-15,7047,9,0.007519254326560923,13.365,0.20000000000000107,True,False,,True,True,True,True,BOJ_20230118,1,False,,0,False,True,False,True
next_observation,FOMC_20230201,FOMC,2023-02-01,2023-02-02,2023-02-16,7047,10,-0.001603849581974516,13.015,-0.34999999999999964,True,False,,True,True,True,True,BOJ_20230118,1,False,,0,False,True,False,True
next_observation,FOMC_20230322,FOMC,2023-03-22,2023-03-23,2023-02-23,7082,-20,-0.001001688113584285,13.0,0.23499999999999943,True,False,,True,True,True,True,BOJ_20230310,1,False,,0,False,True,False,True
next_observation,FOMC_20230322,FOMC,2023-03-22,2023-03-23,2023-02-24,7082,-19,0.013054245415545658,12.18,-0.8200000000000003,True,False,,True,True,True,True,BOJ_20230310,1,False,,0,False,True,False,True
next_observation,FOMC_20230322,FOMC,2023-03-22,2023-03-23,2023-02-27,7082,-18,-0.00209047808695545,12.175,-0.004999999999999005,True,False,,True,True,True,True,BOJ_20230310,1,False,,0,False,True,False,True
next_observation,FOMC_20230322,FOMC,2023-03-22,2023-03-23,2023-02-28,7082,-17,-0.00014686444438186913,12.13,-0.04499999999999993,True,False,,True,True,True,True,BOJ_20230310,1,False,,0,False,True,False,True
next_observation,FOMC_20230322,FOMC,2023-03-22,2023-03-23,2023-03-01,7082,-16,0.00014686444438192738,12.215,0.08499999999999908,True,False,,True,True,True,True,BOJ_20230310,1,False,,0,False,True,False,True
next_observation,FOMC_20230322,FOMC,2023-03-22,2023-03-23,2023-03-02,7082,-15,0.0042862703690236675,11.88,-0.3349999999999991,True,False,,True,True,True,True,BOJ_20230310,1,False,,0,False,True,False,True
next_observation,FOMC_20230322,FOMC,2023-03-22,2023-03-23,2023-03-03,7082,-14,-0.006675494273030086,11.83,-0.05000000000000071,True,False,,True,True,True,True,BOJ_20230310,1,False,,0,False,True,False,True
next_observation,FOMC_20230322,FOMC,2023-03-22,2023-03-23,2023-03-06,7082,-13,0.00047830167029703434,12.285,0.45500000000000007,True,False,,True,True,True,True,BOJ_20230310,1,False,,0,False,True,False,True
next_observation,FOMC_20230322,FOMC,2023-03-22,2023-03-23,2023-03-07,7082,-12,0.008971625806496613,12.405,0.11999999999999922,True,False,,True,True,True,True,BOJ_20230310,1,False,,0,False,True,False,True
next_observation,FOMC_20230322,FOMC,2023-03-22,2023-03-23,2023-03-08,7082,-11,0.0014571420741521018,12.85,0.4450000000000003,True,False,,True,True,True,True,BOJ_20230310,1,False,,0,False,True,False,True
next_observation,FOMC_20230322,FOMC,2023-03-22,2023-03-23,2023-03-09,7082,-10,-0.008811596108036642,13.39,0.5400000000000009,True,False,,True,True,True,True,BOJ_20230310,1,False,,0,False,True,False,True
next_observation,FOMC_20230322,FOMC,2023-03-22,2023-03-23,2023-03-10,7082,-9,-0.008260243146817805,12.79,-0.6000000000000014,True,False,,True,True,True,True,BOJ_20230310,1,False,,0,False,True,False,True
next_observation,FOMC_20230322,FOMC,2023-03-22,2023-03-23,2023-03-13,7082,-8,-0.013570145609579582,14.085,1.2950000000000017,True,True,BOJ_20230310,True,True,True,True,BOJ_20230310,1,False,,0,False,True,False,True
next_observation,FOMC_20230322,FOMC,2023-03-22,2023-03-23,2023-03-14,7082,-7,0.007553414366721935,12.99,-1.0950000000000006,True,False,,True,True,True,True,BOJ_20230310,1,False,,0,False,True,False,True
next_observation,FOMC_20230322,FOMC,2023-03-22,2023-03-23,2023-03-15,7082,-6,-0.005978197448723809,13.995,1.004999999999999,True,False,,True,True,True,True,BOJ_20230310,1,False,,0,False,True,False,True
next_observation,FOMC_20230322,FOMC,2023-03-22,2023-03-23,2023-03-16,7082,-5,0.0023955693444631036,12.655,-1.3399999999999999,True,False,,True,True,True,True,BOJ_20230310,1,False,,0,False,True,False,True
next_observation,FOMC_20230322,FOMC,2023-03-22,2023-03-23,2023-03-17,7082,-4,-0.014232703826536864,13.0,0.34500000000000064,True,False,,True,True,True,True,BOJ_20230310,1,False,,0,False,True,False,True
next_observation,FOMC_20230322,FOMC,2023-03-22,2023-03-23,2023-03-20,7082,-3,-0.004027820165903832,13.495,0.4949999999999992,True,False,,True,True,True,True,BOJ_20230310,1,False,,0,False,True,False,True
next_observation,FOMC_20230322,FOMC,2023-03-22,2023-03-23,2023-03-21,7082,-2,0.008983287929962263,12.95,-0.5449999999999999,True,False,,True,True,True,True,BOJ_20230310,1,False,,0,False,True,False,True
next_observation,FOMC_20230322,FOMC,2023-03-22,2023-03-23,2023-03-22,7082,-1,-0.00803186738743063,12.02,-0.9299999999999997,True,False,,True,True,True,True,BOJ_20230310,1,False,,0,False,True,False,True
next_observation,FOMC_20230322,FOMC,2023-03-22,2023-03-23,2023-03-23,7082,0,-0.004575096622632073,11.955,-0.0649999999999995,True,False,,True,True,True,True,BOJ_20230310,1,False,,0,False,True,False,True
next_observation,FOMC_20230322,FOMC,2023-03-22,2023-03-23,2023-03-24,7082,1,-0.0009175364790973107,12.365,0.41000000000000014,True,False,,True,True,True,True,BOJ_20230310,1,False,,0,False,True,False,True
next_observation,FOMC_20230322,FOMC,2023-03-22,2023-03-23,2023-03-27,7082,2,0.006405145997260435,12.055,-0.3100000000000005,True,False,,True,True,True,True,BOJ_20230310,1,False,,0,False,True,False,True
next_observation,FOMC_20230322,FOMC,2023-03-22,2023-03-23,2023-03-28,7082,3,-0.005181951012745963,11.8,-0.254999999999999,True,False,,True,True,True,True,BOJ_20230310,1,False,,0,False,True,False,True
next_observation,FOMC_20230322,FOMC,2023-03-22,2023-03-23,2023-03-29,7082,4,0.015014500069537811,11.695,-0.10500000000000043,True,False,,True,True,True,True,BOJ_20230310,1,False,,0,False,True,False,True
next_observation,FOMC_20230322,FOMC,2023-03-22,2023-03-23,2023-03-30,7082,5,-0.0012426337900847222,13.265,1.5700000000000003,True,False,,True,True,True,True,BOJ_20230310,1,False,,0,False,True,False,True
next_observation,FOMC_20230322,FOMC,2023-03-22,2023-03-23,2023-03-31,7082,6,0.0012050008989335378,13.02,-0.245000000000001,True,False,,True,True,True,True,BOJ_20230310,1,False,,0,False,True,False,True
next_observation,FOMC_20230322,FOMC,2023-03-22,2023-03-23,2023-04-03,7082,7,-0.0030152291802617724,12.875,-0.14499999999999957,True,False,,True,True,True,True,BOJ_20230310,1,False,,0,False,True,False,True
next_observation,FOMC_20230322,FOMC,2023-03-22,2023-03-23,2023-04-04,7082,8,-0.005678177045878409,12.695,-0.17999999999999972,True,False,,True,True,True,True,BOJ_20230310,1,False,,0,False,True,False,True
next_observation,FOMC_20230322,FOMC,2023-03-22,2023-03-23,2023-04-05,7082,9,-0.003003519033896788,13.02,0.3249999999999993,True,False,,True,True,True,True,BOJ_20230310,1,False,,0,False,True,False,True
next_observation,FOMC_20230322,FOMC,2023-03-22,2023-03-23,2023-04-06,7082,10,0.0035348485086156237,12.775,-0.24499999999999922,True,False,,True,True,True,True,BOJ_20230310,1,False,,0,False,True,False,True
next_observation,FOMC_20230503,FOMC,2023-05-03,2023-05-04,2023-04-06,7112,-20,0.0035348485086156237,12.775,-0.24499999999999922,True,False,,True,True,True,True,BOJ_20230428,1,False,,0,False,True,False,True
next_observation,FOMC_20230503,FOMC,2023-05-03,2023-05-04,2023-04-07,7112,-19,0.0028794442869940085,12.53,-0.245000000000001,True,False,,True,True,True,True,BOJ_20230428,1,False,,0,False,True,False,True
next_observation,FOMC_20230503,FOMC,2023-05-03,2023-05-04,2023-04-10,7112,-18,0.010874375779274593,12.86,0.33000000000000007,True,False,,True,True,True,True,BOJ_20230428,1,False,,0,False,True,False,True
next_observation,FOMC_20230503,FOMC,2023-05-03,2023-05-04,2023-04-11,7112,-17,0.000561198735195952,12.1475,-0.7124999999999986,True,False,,True,True,True,True,BOJ_20230428,1,False,,0,False,True,False,True
next_observation,FOMC_20230503,FOMC,2023-05-03,2023-05-04,2023-04-12,7112,-16,-0.004085233273725231,11.55,-0.5975000000000001,True,False,,True,True,True,True,BOJ_20230428,1,False,,0,False,True,False,True
next_observation,FOMC_20230503,FOMC,2023-05-03,2023-05-04,2023-04-13,7112,-15,-0.004215127990219535,10.76,-0.7900000000000009,True,False,,True,True,True,True,BOJ_20230428,1,False,,0,False,True,False,True
next_observation,FOMC_20230503,FOMC,2023-05-03,2023-05-04,2023-04-14,7112,-14,0.00912288346233419,10.83,0.07000000000000028,True,False,,True,True,True,True,BOJ_20230428,1,False,,0,False,True,False,True
next_observation,FOMC_20230503,FOMC,2023-05-03,2023-05-04,2023-04-17,7112,-13,0.0050697193502508,10.815,-0.015000000000000568,True,False,,True,True,True,True,BOJ_20230428,1,False,,0,False,True,False,True
next_observation,FOMC_20230503,FOMC,2023-05-03,2023-05-04,2023-04-18,7112,-12,-0.002606204237750753,10.84,0.025000000000000355,True,False,,True,True,True,True,BOJ_20230428,1,False,,0,False,True,False,True
next_observation,FOMC_20230503,FOMC,2023-05-03,2023-05-04,2023-04-19,7112,-11,0.00442651419299481,10.735,-0.10500000000000043,True,False,,True,True,True,True,BOJ_20230428,1,False,,0,False,True,False,True
next_observation,FOMC_20230503,FOMC,2023-05-03,2023-05-04,2023-04-20,7112,-10,-0.0035321930721264015,10.43,-0.3049999999999997,True,False,,True,True,True,True,BOJ_20230428,1,False,,0,False,True,False,True
next_observation,FOMC_20230503,FOMC,2023-05-03,2023-05-04,2023-04-21,7112,-9,-0.0005961252039426908,10.47,0.040000000000000924,True,False,,True,True,True,True,BOJ_20230428,1,False,,0,False,True,False,True
next_observation,FOMC_20230503,FOMC,2023-05-03,2023-05-04,2023-04-24,7112,-8,0.0005588777879779748,10.54,0.06999999999999851,True,False,,True,True,True,True,BOJ_20230428,1,False,,0,False,True,False,True
next_observation,FOMC_20230503,FOMC,2023-05-03,2023-05-04,2023-04-25,7112,-7,-0.003507466282393964,10.975,0.4350000000000005,True,False,,True,True,True,True,BOJ_20230428,1,False,,0,False,True,False,True
next_observation,FOMC_20230503,FOMC,2023-05-03,2023-05-04,2023-04-26,7112,-6,-0.000710453037155565,10.945,-0.02999999999999936,True,False,,True,True,True,True,BOJ_20230428,1,False,,0,False,True,False,True
next_observation,FOMC_20230503,FOMC,2023-05-03,2023-05-04,2023-04-27,7112,-5,0.002241818305512664,10.825,-0.120000000000001,True,False,,True,True,True,True,BOJ_20230428,1,False,,0,False,True,False,True
next_observation,FOMC_20230503,FOMC,2023-05-03,2023-05-04,2023-04-28,7112,-4,0.017242444413592527,9.515,-1.3099999999999987,True,False,,True,True,True,True,BOJ_20230428,1,False,,0,False,True,False,True
next_observation,FOMC_20230503,FOMC,2023-05-03,2023-05-04,2023-05-01,7112,-3,0.008729214106602406,9.605,0.08999999999999986,True,True,BOJ_20230428,True,True,True,True,BOJ_20230428,1,False,,0,False,True,False,True
next_observation,FOMC_20230503,FOMC,2023-05-03,2023-05-04,2023-05-02,7112,-2,-0.006896704889375193,10.21,0.6050000000000004,True,False,,True,True,True,True,BOJ_20230428,1,False,,0,False,True,False,True
next_observation,FOMC_20230503,FOMC,2023-05-03,2023-05-04,2023-05-03,7112,-1,-0.01360364566743837,10.355,0.14499999999999957,True,False,,True,True,True,True,BOJ_20230428,1,False,,0,False,True,False,True
next_observation,FOMC_20230503,FOMC,2023-05-03,2023-05-04,2023-05-04,7112,0,-0.0030855616591916814,10.775,0.41999999999999993,True,False,,True,True,True,True,BOJ_20230428,1,False,,0,False,True,False,True
next_observation,FOMC_20230503,FOMC,2023-05-03,2023-05-04,2023-05-05,7112,1,0.0038276491853624505,10.16,-0.6150000000000002,True,False,,True,True,True,True,BOJ_20230428,1,False,,0,False,True,False,True
next_observation,FOMC_20230503,FOMC,2023-05-03,2023-05-04,2023-05-08,7112,2,0.0021489448803318155,10.0,-0.16000000000000014,True,False,,True,True,True,True,BOJ_20230428,1,False,,0,False,True,False,True
next_observation,FOMC_20230503,FOMC,2023-05-03,2023-05-04,2023-05-09,7112,3,0.0009618230987125127,9.5,-0.5,True,False,,True,True,True,True,BOJ_20230428,1,False,,0,False,True,False,True
next_observation,FOMC_20230503,FOMC,2023-05-03,2023-05-04,2023-05-10,7112,4,-0.006528939614806136,9.37,-0.13000000000000078,True,False,,True,True,True,True,BOJ_20230428,1,False,,0,False,True,False,True
next_observation,FOMC_20230503,FOMC,2023-05-03,2023-05-04,2023-05-11,7112,5,0.0013761043547668194,9.425,0.05500000000000149,True,False,,True,True,True,True,BOJ_20230428,1,False,,0,False,True,False,True
next_observation,FOMC_20230503,FOMC,2023-05-03,2023-05-04,2023-05-12,7112,6,0.008696189648363065,9.175,-0.25,True,False,,True,True,True,True,BOJ_20230428,1,False,,0,False,True,False,True
next_observation,FOMC_20230503,FOMC,2023-05-03,2023-05-04,2023-05-15,7112,7,0.0030167045172095537,10.67,1.4949999999999992,True,False,,True,True,True,True,BOJ_20230428,1,False,,0,False,True,False,True
next_observation,FOMC_20230503,FOMC,2023-05-03,2023-05-04,2023-05-16,7112,8,0.0020183122757596785,10.245,-0.4250000000000007,True,False,,True,True,True,True,BOJ_20230428,1,False,,0,False,True,False,True
next_observation,FOMC_20230503,FOMC,2023-05-03,2023-05-04,2023-05-17,7112,9,0.009450038400380426,10.23,-0.014999999999998792,True,False,,True,True,True,True,BOJ_20230428,1,False,,0,False,True,False,True
next_observation,FOMC_20230503,FOMC,2023-05-03,2023-05-04,2023-05-18,7112,10,0.007453001214176701,10.2,-0.030000000000001137,True,False,,True,True,True,True,BOJ_20230428,1,False,,0,False,True,False,True
next_observation,FOMC_20230614,FOMC,2023-06-14,2023-06-15,2023-05-18,7142,-20,0.007453001214176701,10.2,-0.030000000000001137,True,False,,True,True,True,True,BOJ_20230616,1,True,BOJ_20230616,1,False,True,False,False
next_observation,FOMC_20230614,FOMC,2023-06-14,2023-06-15,2023-05-19,7142,-19,-0.0053127214353779,10.525,0.32500000000000107,True,False,,True,True,True,True,BOJ_20230616,1,True,BOJ_20230616,1,False,True,False,False
next_observation,FOMC_20230614,FOMC,2023-06-14,2023-06-15,2023-05-22,7142,-18,0.004483339637840347,10.655,0.129999999999999,True,False,,True,True,True,True,BOJ_20230616,1,True,BOJ_20230616,1,False,True,False,False
next_observation,FOMC_20230614,FOMC,2023-06-14,2023-06-15,2023-05-23,7142,-17,-0.00010823096498498508,10.86,0.20500000000000007,True,False,,True,True,True,True,BOJ_20230616,1,True,BOJ_20230616,1,False,True,False,False
next_observation,FOMC_20230614,FOMC,2023-06-14,2023-06-15,2023-05-24,7142,-16,0.006329817933573198,10.775,-0.08499999999999908,True,False,,True,True,True,True,BOJ_20230616,1,True,BOJ_20230616,1,False,True,False,False
next_observation,FOMC_20230614,FOMC,2023-06-14,2023-06-15,2023-05-25,7142,-15,0.004221528879607833,10.805,0.02999999999999936,True,False,,True,True,True,True,BOJ_20230616,1,True,BOJ_20230616,1,False,True,False,False
next_observation,FOMC_20230614,FOMC,2023-06-14,2023-06-15,2023-05-26,7142,-14,0.0038837767725655157,10.755,-0.049999999999998934,True,False,,True,True,True,True,BOJ_20230616,1,True,BOJ_20230616,1,False,True,False,False
next_observation,FOMC_20230614,FOMC,2023-06-14,2023-06-15,2023-05-29,7142,-13,-0.001031826602371269,10.785,0.02999999999999936,True,False,,True,True,True,True,BOJ_20230616,1,True,BOJ_20230616,1,False,True,False,False
next_observation,FOMC_20230614,FOMC,2023-06-14,2023-06-15,2023-05-30,7142,-12,-0.004710088993192693,10.925,0.14000000000000057,True,False,,True,True,True,True,BOJ_20230616,1,True,BOJ_20230616,1,False,True,False,False
next_observation,FOMC_20230614,FOMC,2023-06-14,2023-06-15,2023-05-31,7142,-11,-0.0032241913722705477,10.82,-0.10500000000000043,True,False,,True,True,True,True,BOJ_20230616,1,True,BOJ_20230616,1,False,True,False,False
next_observation,FOMC_20230614,FOMC,2023-06-14,2023-06-15,2023-06-01,7142,-10,-0.003954848039626639,10.23,-0.5899999999999999,True,False,,True,True,True,True,BOJ_20230616,1,True,BOJ_20230616,1,False,True,False,False
next_observation,FOMC_20230614,FOMC,2023-06-14,2023-06-15,2023-06-02,7142,-9,0.008072806341243256,9.65,-0.5800000000000001,True,False,,True,True,True,True,BOJ_20230616,1,True,BOJ_20230616,1,False,True,False,False
next_observation,FOMC_20230614,FOMC,2023-06-14,2023-06-15,2023-06-05,7142,-8,-0.0023970960119577647,9.765,0.11500000000000021,True,False,,True,True,True,True,BOJ_20230616,1,True,BOJ_20230616,1,False,True,False,False
next_observation,FOMC_20230614,FOMC,2023-06-14,2023-06-15,2023-06-06,7142,-7,0.0003581405381738179,9.545,-0.22000000000000064,True,False,,True,True,True,True,BOJ_20230616,1,True,BOJ_20230616,1,False,True,False,False
next_observation,FOMC_20230614,FOMC,2023-06-14,2023-06-15,2023-06-07,7142,-6,0.0035386879455634583,9.37,-0.1750000000000007,True,False,,True,True,True,True,BOJ_20230616,1,True,BOJ_20230616,1,False,True,False,False
next_observation,FOMC_20230614,FOMC,2023-06-14,2023-06-15,2023-06-08,7142,-5,-0.008672335306252962,9.08,-0.28999999999999915,True,False,,True,True,True,True,BOJ_20230616,1,True,BOJ_20230616,1,False,True,False,False
next_observation,FOMC_20230614,FOMC,2023-06-14,2023-06-15,2023-06-09,7142,-4,0.0034492704505502472,8.68,-0.40000000000000036,True,False,,True,True,True,True,BOJ_20230616,1,True,BOJ_20230616,1,False,True,False,False
next_observation,FOMC_20230614,FOMC,2023-06-14,2023-06-15,2023-06-12,7142,-3,0.001469507979359978,8.775,0.09500000000000064,True,False,,True,True,True,True,BOJ_20230616,1,True,BOJ_20230616,1,False,True,False,False
next_observation,FOMC_20230614,FOMC,2023-06-14,2023-06-15,2023-06-13,7142,-2,0.004359952585947861,8.955,0.17999999999999972,True,False,,True,True,True,True,BOJ_20230616,1,True,BOJ_20230616,1,False,True,False,False
next_observation,FOMC_20230614,FOMC,2023-06-14,2023-06-15,2023-06-14,7142,-1,-0.000927577661940818,8.97,0.015000000000000568,True,False,,True,True,True,True,BOJ_20230616,1,True,BOJ_20230616,1,False,True,False,False
next_observation,FOMC_20230614,FOMC,2023-06-14,2023-06-15,2023-06-15,7142,0,0.0014623275008903791,9.435,0.46499999999999986,True,False,,True,True,True,True,BOJ_20230616,1,True,BOJ_20230616,1,False,True,False,False
next_observation,FOMC_20230614,FOMC,2023-06-14,2023-06-15,2023-06-16,7142,1,0.010846939145169586,8.67,-0.7650000000000006,True,False,,True,True,True,True,BOJ_20230616,1,True,BOJ_20230616,1,False,True,False,False
next_observation,FOMC_20230614,FOMC,2023-06-14,2023-06-15,2023-06-19,7142,2,0.001092337887645689,9.09,0.41999999999999993,True,True,BOJ_20230616,True,True,True,True,BOJ_20230616,1,True,BOJ_20230616,1,False,True,False,False
next_observation,FOMC_20230614,FOMC,2023-06-14,2023-06-15,2023-06-20,7142,3,-0.0035986490995383877,8.925,-0.16499999999999915,True,False,,True,True,True,True,BOJ_20230616,1,True,BOJ_20230616,1,False,True,False,False
next_observation,FOMC_20230614,FOMC,2023-06-14,2023-06-15,2023-06-21,7142,4,0.002929293241463164,8.695,-0.23000000000000043,True,False,,True,True,True,True,BOJ_20230616,1,True,BOJ_20230616,1,False,True,False,False
next_observation,FOMC_20230614,FOMC,2023-06-14,2023-06-15,2023-06-22,7142,5,0.008666872966497936,8.585,-0.10999999999999943,True,False,,True,True,True,True,BOJ_20230616,1,True,BOJ_20230616,1,False,True,False,False
next_observation,FOMC_20230614,FOMC,2023-06-14,2023-06-15,2023-06-23,7142,6,0.004114084318942265,9.005,0.41999999999999993,True,False,,True,True,True,True,BOJ_20230616,1,True,BOJ_20230616,1,False,True,False,False
next_observation,FOMC_20230614,FOMC,2023-06-14,2023-06-15,2023-06-26,7142,7,-0.0013578680080208385,9.205,0.1999999999999993,True,False,,True,True,True,True,BOJ_20230616,1,True,BOJ_20230616,1,False,True,False,False
next_observation,FOMC_20230614,FOMC,2023-06-14,2023-06-15,2023-06-27,7142,8,0.003929278139889557,9.52,0.3149999999999995,True,False,,True,True,True,True,BOJ_20230616,1,True,BOJ_20230616,1,False,True,False,False
next_observation,FOMC_20230614,FOMC,2023-06-14,2023-06-15,2023-06-28,7142,9,0.0028416986131438887,9.735,0.21499999999999986,True,False,,True,True,True,True,BOJ_20230616,1,True,BOJ_20230616,1,False,True,False,False
next_observation,FOMC_20230614,FOMC,2023-06-14,2023-06-15,2023-06-29,7142,10,0.001936042091335046,10.78,1.045,True,False,,True,True,True,True,BOJ_20230616,1,True,BOJ_20230616,1,False,True,False,False
next_observation,FOMC_20230726,FOMC,2023-07-26,2023-07-27,2023-06-29,7172,-20,0.001936042091335046,10.78,1.045,True,False,,True,True,True,True,BOJ_20230728,1,True,BOJ_20230728,1,False,True,False,False
next_observation,FOMC_20230726,FOMC,2023-07-26,2023-07-27,2023-06-30,7172,-19,-0.0031826228130322747,10.695,-0.08499999999999908,True,False,,True,True,True,True,BOJ_20230728,1,True,BOJ_20230728,1,False,True,False,False
next_observation,FOMC_20230726,FOMC,2023-07-26,2023-07-27,2023-07-03,7172,-18,0.0025952918697204957,10.535,-0.16000000000000014,True,False,,True,True,True,True,BOJ_20230728,1,True,BOJ_20230728,1,False,True,False,False
next_observation,FOMC_20230726,FOMC,2023-07-26,2023-07-27,2023-07-04,7172,-17,-0.0014525335426073245,10.215,-0.3200000000000003,True,False,,True,True,True,True,BOJ_20230728,1,True,BOJ_20230728,1,False,True,False,False
next_observation,FOMC_20230726,FOMC,2023-07-26,2023-07-27,2023-07-05,7172,-16,0.0012797234777188506,10.155,-0.0600000000000005,True,False,,True,True,True,True,BOJ_20230728,1,True,BOJ_20230728,1,False,True,False,False
next_observation,FOMC_20230726,FOMC,2023-07-26,2023-07-27,2023-07-06,7172,-15,-0.0040523044456272205,10.125,-0.02999999999999936,True,False,,True,True,True,True,BOJ_20230728,1,True,BOJ_20230728,1,False,True,False,False
next_observation,FOMC_20230726,FOMC,2023-07-26,2023-07-27,2023-07-07,7172,-14,-0.013029614078378281,10.28,0.15499999999999936,True,False,,True,True,True,True,BOJ_20230728,1,True,BOJ_20230728,1,False,True,False,False
next_observation,FOMC_20230726,FOMC,2023-07-26,2023-07-27,2023-07-10,7172,-13,-0.006278237326262511,10.885,0.6050000000000004,True,False,,True,True,True,True,BOJ_20230728,1,True,BOJ_20230728,1,False,True,False,False
next_observation,FOMC_20230726,FOMC,2023-07-26,2023-07-27,2023-07-11,7172,-12,-0.0067452684036736,11.295,0.41000000000000014,True,False,,True,True,True,True,BOJ_20230728,1,True,BOJ_20230728,1,False,True,False,False
next_observation,FOMC_20230726,FOMC,2023-07-26,2023-07-27,2023-07-12,7172,-11,-0.013411948872366266,11.2,-0.09500000000000064,True,False,,True,True,True,True,BOJ_20230728,1,True,BOJ_20230728,1,False,True,False,False
next_observation,FOMC_20230726,FOMC,2023-07-26,2023-07-27,2023-07-13,7172,-10,-0.0032182855165374404,10.705,-0.4949999999999992,True,False,,True,True,True,True,BOJ_20230728,1,True,BOJ_20230728,1,False,True,False,False
next_observation,FOMC_20230726,FOMC,2023-07-26,2023-07-27,2023-07-14,7172,-9,0.005418109696540685,10.8725,0.16750000000000043,True,False,,True,True,True,True,BOJ_20230728,1,True,BOJ_20230728,1,False,True,False,False
next_observation,FOMC_20230726,FOMC,2023-07-26,2023-07-27,2023-07-17,7172,-8,-0.0006486252975055987,11.07,0.1974999999999998,True,False,,True,True,True,True,BOJ_20230728,1,True,BOJ_20230728,1,False,True,False,False
next_observation,FOMC_20230726,FOMC,2023-07-26,2023-07-27,2023-07-18,7172,-7,0.0009007548934526829,10.965,-0.10500000000000043,True,False,,True,True,True,True,BOJ_20230728,1,True,BOJ_20230728,1,False,True,False,False
next_observation,FOMC_20230726,FOMC,2023-07-26,2023-07-27,2023-07-19,7172,-6,0.00581731028636112,11.59,0.625,True,False,,True,True,True,True,BOJ_20230728,1,True,BOJ_20230728,1,False,True,False,False
next_observation,FOMC_20230726,FOMC,2023-07-26,2023-07-27,2023-07-20,7172,-5,0.0030745054963357923,11.325,-0.26500000000000057,True,False,,True,True,True,True,BOJ_20230728,1,True,BOJ_20230728,1,False,True,False,False
next_observation,FOMC_20230726,FOMC,2023-07-26,2023-07-27,2023-07-21,7172,-4,0.011781123451350937,10.945,-0.379999999999999,True,False,,True,True,True,True,BOJ_20230728,1,True,BOJ_20230728,1,False,True,False,False
next_observation,FOMC_20230726,FOMC,2023-07-26,2023-07-27,2023-07-24,7172,-3,-0.0018007525654189854,11.05,0.10500000000000043,True,False,,True,True,True,True,BOJ_20230728,1,True,BOJ_20230728,1,False,True,False,False
next_observation,FOMC_20230726,FOMC,2023-07-26,2023-07-27,2023-07-25,7172,-2,-0.004107945432645457,11.045,-0.005000000000000782,True,False,,True,True,True,True,BOJ_20230728,1,True,BOJ_20230728,1,False,True,False,False
next_observation,FOMC_20230726,FOMC,2023-07-26,2023-07-27,2023-07-26,7172,-1,-0.004695178291655459,11.515,0.47000000000000064,True,False,,True,True,True,True,BOJ_20230728,1,True,BOJ_20230728,1,False,True,False,False
next_observation,FOMC_20230726,FOMC,2023-07-26,2023-07-27,2023-07-27,7172,0,-0.005434018805528623,12.175,0.6600000000000001,True,False,,True,True,True,True,BOJ_20230728,1,True,BOJ_20230728,1,False,True,False,False
next_observation,FOMC_20230726,FOMC,2023-07-26,2023-07-27,2023-07-28,7172,1,0.011972776999618656,9.755,-2.42,True,False,,True,True,True,True,BOJ_20230728,1,True,BOJ_20230728,1,False,True,False,False
next_observation,FOMC_20230726,FOMC,2023-07-26,2023-07-27,2023-07-31,7172,2,0.007973229750530716,9.92,0.16499999999999915,True,True,BOJ_20230728,True,True,True,True,BOJ_20230728,1,True,BOJ_20230728,1,False,True,False,False
next_observation,FOMC_20230726,FOMC,2023-07-26,2023-07-27,2023-08-01,7172,3,0.007317319301271499,9.86,-0.0600000000000005,True,False,,True,True,True,True,BOJ_20230728,1,True,BOJ_20230728,1,False,True,False,False
next_observation,FOMC_20230726,FOMC,2023-07-26,2023-07-27,2023-08-02,7172,4,-6.976906442510052e-05,10.06,0.20000000000000107,True,False,,True,True,True,True,BOJ_20230728,1,True,BOJ_20230728,1,False,True,False,False
next_observation,FOMC_20230726,FOMC,2023-07-26,2023-07-27,2023-08-03,7172,5,-0.005211533104964051,10.08,0.019999999999999574,True,False,,True,True,True,True,BOJ_20230728,1,True,BOJ_20230728,1,False,True,False,False
next_observation,FOMC_20230726,FOMC,2023-07-26,2023-07-27,2023-08-04,7172,6,-0.005767758832711551,9.63,-0.4499999999999993,True,False,,True,True,True,True,BOJ_20230728,1,True,BOJ_20230728,1,False,True,False,False
next_observation,FOMC_20230726,FOMC,2023-07-26,2023-07-27,2023-08-07,7172,7,0.005206512851934502,9.585,-0.04499999999999993,True,False,,True,True,True,True,BOJ_20230728,1,True,BOJ_20230728,1,False,True,False,False
next_observation,FOMC_20230726,FOMC,2023-07-26,2023-07-27,2023-08-08,7172,8,0.006156448716020897,9.5125,-0.07250000000000156,True,False,,True,True,True,True,BOJ_20230728,1,True,BOJ_20230728,1,False,True,False,False
next_observation,FOMC_20230726,FOMC,2023-07-26,2023-07-27,2023-08-09,7172,9,0.002403303084628581,9.085,-0.42749999999999844,True,False,,True,True,True,True,BOJ_20230728,1,True,BOJ_20230728,1,False,True,False,False
next_observation,FOMC_20230726,FOMC,2023-07-26,2023-07-27,2023-08-10,7172,10,0.0071063649437497645,8.82,-0.26500000000000057,True,False,,True,True,True,True,BOJ_20230728,1,True,BOJ_20230728,1,False,True,False,False
next_observation,FOMC_20230920,FOMC,2023-09-20,2023-09-21,2023-08-24,7212,-20,0.006846160738241661,9.61,0.41499999999999915,True,False,,True,True,True,True,BOJ_20230922,1,True,BOJ_20230922,1,False,True,False,False
next_observation,FOMC_20230920,FOMC,2023-09-20,2023-09-21,2023-08-25,7212,-19,0.004105798356853544,9.335,-0.2749999999999986,True,False,,True,True,True,True,BOJ_20230922,1,True,BOJ_20230922,1,False,True,False,False
next_observation,FOMC_20230920,FOMC,2023-09-20,2023-09-21,2023-08-28,7212,-18,0.0006826637804798919,9.1,-0.2350000000000012,True,False,,True,True,True,True,BOJ_20230922,1,True,BOJ_20230922,1,False,True,False,False
next_observation,FOMC_20230920,FOMC,2023-09-20,2023-09-21,2023-08-29,7212,-17,-0.00447994183253631,9.155,0.054999999999999716,True,False,,True,True,True,True,BOJ_20230922,1,True,BOJ_20230922,1,False,True,False,False
next_observation,FOMC_20230920,FOMC,2023-09-20,2023-09-21,2023-08-30,7212,-16,0.002464741765360599,9.15,-0.004999999999999005,True,False,,True,True,True,True,BOJ_20230922,1,True,BOJ_20230922,1,False,True,False,False
next_observation,FOMC_20230920,FOMC,2023-09-20,2023-09-21,2023-08-31,7212,-15,-0.004832500193584877,9.165,0.014999999999998792,True,False,,True,True,True,True,BOJ_20230922,1,True,BOJ_20230922,1,False,True,False,False
next_observation,FOMC_20230920,FOMC,2023-09-20,2023-09-21,2023-09-01,7212,-14,0.004695729352914809,9.05,-0.11499999999999844,True,False,,True,True,True,True,BOJ_20230922,1,True,BOJ_20230922,1,False,True,False,False
next_observation,FOMC_20230920,FOMC,2023-09-20,2023-09-21,2023-09-04,7212,-13,0.0017424285656824313,9.07,0.019999999999999574,True,False,,True,True,True,True,BOJ_20230922,1,True,BOJ_20230922,1,False,True,False,False
next_observation,FOMC_20230920,FOMC,2023-09-20,2023-09-21,2023-09-05,7212,-12,0.00846382455351015,9.135,0.0649999999999995,True,False,,True,True,True,True,BOJ_20230922,1,True,BOJ_20230922,1,False,True,False,False
next_observation,FOMC_20230920,FOMC,2023-09-20,2023-09-21,2023-09-06,7212,-11,-0.00040625635334300673,9.19,0.054999999999999716,True,False,,True,True,True,True,BOJ_20230922,1,True,BOJ_20230922,1,False,True,False,False
next_observation,FOMC_20230920,FOMC,2023-09-20,2023-09-21,2023-09-07,7212,-10,-0.0024749550698532747,9.27,0.08000000000000007,True,False,,True,True,True,True,BOJ_20230922,1,True,BOJ_20230922,1,False,True,False,False
next_observation,FOMC_20230920,FOMC,2023-09-20,2023-09-21,2023-09-08,7212,-9,0.003659408413966634,9.115,-0.15499999999999936,True,False,,True,True,True,True,BOJ_20230922,1,True,BOJ_20230922,1,False,True,False,False
next_observation,FOMC_20230920,FOMC,2023-09-20,2023-09-21,2023-09-11,7212,-8,-0.00845721267319299,9.67,0.5549999999999997,True,False,,True,True,True,True,BOJ_20230922,1,True,BOJ_20230922,1,False,True,False,False
next_observation,FOMC_20230920,FOMC,2023-09-20,2023-09-21,2023-09-12,7212,-7,0.003337082131131354,9.695,0.025000000000000355,True,False,,True,True,True,True,BOJ_20230922,1,True,BOJ_20230922,1,False,True,False,False
next_observation,FOMC_20230920,FOMC,2023-09-20,2023-09-21,2023-09-13,7212,-6,0.002614203053925985,9.475,-0.22000000000000064,True,False,,True,True,True,True,BOJ_20230922,1,True,BOJ_20230922,1,False,True,False,False
next_observation,FOMC_20230920,FOMC,2023-09-20,2023-09-21,2023-09-14,7212,-5,6.781040214188143e-05,9.05,-0.42499999999999893,True,False,,True,True,True,True,BOJ_20230922,1,True,BOJ_20230922,1,False,True,False,False
next_observation,FOMC_20230920,FOMC,2023-09-20,2023-09-21,2023-09-15,7212,-4,0.002505757778660314,9.085,0.03500000000000014,True,False,,True,True,True,True,BOJ_20230922,1,True,BOJ_20230922,1,False,True,False,False
next_observation,FOMC_20230920,FOMC,2023-09-20,2023-09-21,2023-09-18,7212,-3,-0.0016246407364300744,9.06,-0.025000000000000355,True,False,,True,True,True,True,BOJ_20230922,1,True,BOJ_20230922,1,False,True,False,False
next_observation,FOMC_20230920,FOMC,2023-09-20,2023-09-21,2023-09-19,7212,-2,0.001692276854142726,8.665,-0.39500000000000135,True,False,,True,True,True,True,BOJ_20230922,1,True,BOJ_20230922,1,False,True,False,False
next_observation,FOMC_20230920,FOMC,2023-09-20,2023-09-21,2023-09-20,7212,-1,0.0033085783051302817,8.71,0.045000000000001705,True,False,,True,True,True,True,BOJ_20230922,1,True,BOJ_20230922,1,False,True,False,False
next_observation,FOMC_20230920,FOMC,2023-09-20,2023-09-21,2023-09-21,7212,0,-0.005136361104803803,9.065,0.35499999999999865,True,False,,True,True,True,True,BOJ_20230922,1,True,BOJ_20230922,1,False,True,False,False
next_observation,FOMC_20230920,FOMC,2023-09-20,2023-09-21,2023-09-22,7212,1,0.005304872976863772,7.99,-1.0749999999999993,True,False,,True,True,True,True,BOJ_20230922,1,True,BOJ_20230922,1,False,True,False,False
next_observation,FOMC_20230920,FOMC,2023-09-20,2023-09-21,2023-09-25,7212,2,0.003465041901932714,7.91,-0.08000000000000007,True,True,BOJ_20230922,True,True,True,True,BOJ_20230922,1,True,BOJ_20230922,1,False,True,False,False
next_observation,FOMC_20230920,FOMC,2023-09-20,2023-09-21,2023-09-26,7212,3,0.0012082565658550605,8.395,0.48499999999999943,True,False,,True,True,True,True,BOJ_20230922,1,True,BOJ_20230922,1,False,True,False,False
next_observation,FOMC_20230920,FOMC,2023-09-20,2023-09-21,2023-09-27,7212,4,0.003816542965415653,8.86,0.46499999999999986,True,False,,True,True,True,True,BOJ_20230922,1,True,BOJ_20230922,1,False,True,False,False
next_observation,FOMC_20230920,FOMC,2023-09-20,2023-09-21,2023-09-28,7212,5,-0.00220780179330744,9.2,0.33999999999999986,True,False,,True,True,True,True,BOJ_20230922,1,True,BOJ_20230922,1,False,True,False,False
next_observation,FOMC_20230920,FOMC,2023-09-20,2023-09-21,2023-09-29,7212,6,0.00043525571960271564,8.71,-0.48999999999999844,True,False,,True,True,True,True,BOJ_20230922,1,True,BOJ_20230922,1,False,True,False,False
next_observation,FOMC_20230920,FOMC,2023-09-20,2023-09-21,2023-10-02,7212,7,0.0032750756139636123,9.02,0.3099999999999987,True,False,,True,True,True,True,BOJ_20230922,1,True,BOJ_20230922,1,False,True,False,False
next_observation,FOMC_20230920,FOMC,2023-09-20,2023-09-21,2023-10-03,7212,8,-0.005587447830174707,9.81,0.7900000000000009,True,False,,True,True,True,True,BOJ_20230922,1,True,BOJ_20230922,1,False,True,False,False
next_observation,FOMC_20230920,FOMC,2023-09-20,2023-09-21,2023-10-04,7212,9,0.0006372738312909299,9.405,-0.40500000000000114,True,False,,True,True,True,True,BOJ_20230922,1,True,BOJ_20230922,1,False,True,False,False
next_observation,FOMC_20230920,FOMC,2023-09-20,2023-09-21,2023-10-05,7212,10,-0.004099054894427343,9.215,-0.1899999999999995,True,False,,True,True,True,True,BOJ_20230922,1,True,BOJ_20230922,1,False,True,False,False
next_observation,FOMC_20231101,FOMC,2023-11-01,2023-11-02,2023-10-05,7242,-20,-0.004099054894427343,9.215,-0.1899999999999995,True,False,,True,True,True,True,BOJ_20231031,1,False,,0,False,True,False,True
next_observation,FOMC_20231101,FOMC,2023-11-01,2023-11-02,2023-10-06,7242,-19,0.005439358003529353,8.845,-0.3699999999999992,True,False,,True,True,True,True,BOJ_20231031,1,False,,0,False,True,False,True
next_observation,FOMC_20231101,FOMC,2023-11-01,2023-11-02,2023-10-09,7242,-18,-0.005439358003529303,9.065,0.21999999999999886,True,False,,True,True,True,True,BOJ_20231031,1,False,,0,False,True,False,True
next_observation,FOMC_20231101,FOMC,2023-11-01,2023-11-02,2023-10-10,7242,-17,0.0013458046577383997,8.975,-0.08999999999999986,True,False,,True,True,True,True,BOJ_20231031,1,False,,0,False,True,False,True
next_observation,FOMC_20231101,FOMC,2023-11-01,2023-11-02,2023-10-11,7242,-16,0.0030549750994304744,8.705,-0.2699999999999996,True,False,,True,True,True,True,BOJ_20231031,1,False,,0,False,True,False,True
next_observation,FOMC_20231101,FOMC,2023-11-01,2023-11-02,2023-10-12,7242,-15,0.00431474872926801,8.54,-0.16500000000000092,True,False,,True,True,True,True,BOJ_20231031,1,False,,0,False,True,False,True
next_observation,FOMC_20231101,FOMC,2023-11-01,2023-11-02,2023-10-13,7242,-14,-0.001603313858055443,8.51,-0.02999999999999936,True,False,,True,True,True,True,BOJ_20231031,1,False,,0,False,True,False,True
next_observation,FOMC_20231101,FOMC,2023-11-01,2023-11-02,2023-10-16,7242,-13,-0.0003677884254976992,8.145,-0.3650000000000002,True,False,,True,True,True,True,BOJ_20231031,1,False,,0,False,True,False,True
next_observation,FOMC_20231101,FOMC,2023-11-01,2023-11-02,2023-10-17,7242,-12,0.0020044773357046253,7.775,-0.3699999999999992,True,False,,True,True,True,True,BOJ_20231031,1,False,,0,False,True,False,True
next_observation,FOMC_20231101,FOMC,2023-11-01,2023-11-02,2023-10-18,7242,-11,0.0007673189253696889,7.775,0.0,True,False,,True,True,True,True,BOJ_20231031,1,False,,0,False,True,False,True
next_observation,FOMC_20231101,FOMC,2023-11-01,2023-11-02,2023-10-19,7242,-10,-0.0009008258178612217,7.86,0.08499999999999996,True,False,,True,True,True,True,BOJ_20231031,1,False,,0,False,True,False,True
next_observation,FOMC_20231101,FOMC,2023-11-01,2023-11-02,2023-10-20,7242,-9,0.0004338322472141034,8.345,0.4850000000000003,True,False,,True,True,True,True,BOJ_20231031,1,False,,0,False,True,False,True
next_observation,FOMC_20231101,FOMC,2023-11-01,2023-11-02,2023-10-23,7242,-8,-0.0009680381295055406,8.315,-0.030000000000001137,True,False,,True,True,True,True,BOJ_20231031,1,False,,0,False,True,False,True
next_observation,FOMC_20231101,FOMC,2023-11-01,2023-11-02,2023-10-24,7242,-7,0.0013349800066943852,7.99,-0.3249999999999993,True,False,,True,True,True,True,BOJ_20231031,1,False,,0,False,True,False,True
next_observation,FOMC_20231101,FOMC,2023-11-01,2023-11-02,2023-10-25,7242,-6,0.002098986260978694,8.07,0.08000000000000007,True,False,,True,True,True,True,BOJ_20231031,1,False,,0,False,True,False,True
next_observation,FOMC_20231101,FOMC,2023-11-01,2023-11-02,2023-10-26,7242,-5,0.0011309584414071273,8.34,0.2699999999999996,True,False,,True,True,True,True,BOJ_20231031,1,False,,0,False,True,False,True
next_observation,FOMC_20231101,FOMC,2023-11-01,2023-11-02,2023-10-27,7242,-4,-0.0049323568635268634,8.065,-0.27500000000000036,True,False,,True,True,True,True,BOJ_20231031,1,False,,0,False,True,False,True
next_observation,FOMC_20231101,FOMC,2023-11-01,2023-11-02,2023-10-30,7242,-3,-0.0037152989032129624,8.045,-0.019999999999999574,True,False,,True,True,True,True,BOJ_20231031,1,False,,0,False,True,False,True
next_observation,FOMC_20231101,FOMC,2023-11-01,2023-11-02,2023-10-31,7242,-2,0.01715524634942804,8.915,0.8699999999999992,True,False,,True,True,True,True,BOJ_20231031,1,False,,0,False,True,False,True
next_observation,FOMC_20231101,FOMC,2023-11-01,2023-11-02,2023-11-01,7242,-1,-0.004824222943307926,7.99,-0.9249999999999989,True,True,BOJ_20231031,True,True,True,True,BOJ_20231031,1,False,,0,False,True,False,True
next_observation,FOMC_20231101,FOMC,2023-11-01,2023-11-02,2023-11-02,7242,0,-0.0033842102637508635,7.555,-0.4350000000000005,True,False,,True,True,True,True,BOJ_20231031,1,False,,0,False,True,False,True
next_observation,FOMC_20231101,FOMC,2023-11-01,2023-11-02,2023-11-03,7242,1,-0.007070702839656298,7.21,-0.34499999999999975,True,False,,True,True,True,True,BOJ_20231031,1,False,,0,False,True,False,True
next_observation,FOMC_20231101,FOMC,2023-11-01,2023-11-02,2023-11-06,7242,2,0.004574985856185623,7.2,-0.009999999999999787,True,False,,True,True,True,True,BOJ_20231031,1,False,,0,False,True,False,True
next_observation,FOMC_20231101,FOMC,2023-11-01,2023-11-02,2023-11-07,7242,3,0.002030322386944729,7.24,0.040000000000000036,True,False,,True,True,True,True,BOJ_20231031,1,False,,0,False,True,False,True
next_observation,FOMC_20231101,FOMC,2023-11-01,2023-11-02,2023-11-08,7242,4,0.003982085899122163,7.24,0.0,True,False,,True,True,True,True,BOJ_20231031,1,False,,0,False,True,False,True
next_observation,FOMC_20231101,FOMC,2023-11-01,2023-11-02,2023-11-09,7242,5,0.002480775273762845,7.2,-0.040000000000000036,True,False,,True,True,True,True,BOJ_20231031,1,False,,0,False,True,False,True
next_observation,FOMC_20231101,FOMC,2023-11-01,2023-11-02,2023-11-10,7242,6,0.0011225939700401648,7.2,0.0,True,False,,True,True,True,True,BOJ_20231031,1,False,,0,False,True,False,True
next_observation,FOMC_20231101,FOMC,2023-11-01,2023-11-02,2023-11-13,7242,7,0.0013190873829302906,7.685,0.48499999999999943,True,False,,True,True,True,True,BOJ_20231031,1,False,,0,False,True,False,True
next_observation,FOMC_20231101,FOMC,2023-11-01,2023-11-02,2023-11-14,7242,8,-0.008937793286469362,7.55,-0.1349999999999998,True,False,,True,True,True,True,BOJ_20231031,1,False,,0,False,True,False,True
next_observation,FOMC_20231101,FOMC,2023-11-01,2023-11-02,2023-11-15,7242,9,0.006562181769339446,7.26,-0.29000000000000004,True,False,,True,True,True,True,BOJ_20231031,1,False,,0,False,True,False,True
next_observation,FOMC_20231101,FOMC,2023-11-01,2023-11-02,2023-11-16,7242,10,-0.004170948481130304,6.935,-0.3250000000000002,True,False,,True,True,True,True,BOJ_20231031,1,False,,0,False,True,False,True
next_observation,FOMC_20231213,FOMC,2023-12-13,2023-12-14,2023-11-16,7272,-20,-0.004170948481130304,6.935,-0.3250000000000002,True,False,,True,True,True,True,BOJ_20231219,1,True,BOJ_20231219,1,False,True,False,False
next_observation,FOMC_20231213,FOMC,2023-12-13,2023-12-14,2023-11-17,7272,-19,-0.00729116142653223,8.165,1.2299999999999995,True,False,,True,True,True,True,BOJ_20231219,1,True,BOJ_20231219,1,False,True,False,False
next_observation,FOMC_20231213,FOMC,2023-12-13,2023-12-14,2023-11-20,7272,-18,-0.008388747938483833,8.81,0.6450000000000014,True,False,,True,True,True,True,BOJ_20231219,1,True,BOJ_20231219,1,False,True,False,False
next_observation,FOMC_20231213,FOMC,2023-12-13,2023-12-14,2023-11-21,7272,-17,6.738998587355494e-05,8.965,0.15499999999999936,True,False,,True,True,True,True,BOJ_20231219,1,True,BOJ_20231219,1,False,True,False,False
next_observation,FOMC_20231213,FOMC,2023-12-13,2023-12-14,2023-11-22,7272,-16,0.00768627812847405,8.815,-0.15000000000000036,True,False,,True,True,True,True,BOJ_20231219,1,True,BOJ_20231219,1,False,True,False,False
next_observation,FOMC_20231213,FOMC,2023-12-13,2023-12-14,2023-11-23,7272,-15,0.0001671653770961954,8.76,-0.054999999999999716,True,False,,True,True,True,True,BOJ_20231219,1,True,BOJ_20231219,1,False,True,False,False
next_observation,FOMC_20231213,FOMC,2023-12-13,2023-12-14,2023-11-24,7272,-14,-0.0008026487839366867,8.1075,-0.6524999999999999,True,False,,True,True,True,True,BOJ_20231219,1,True,BOJ_20231219,1,False,True,False,False
next_observation,FOMC_20231213,FOMC,2023-12-13,2023-12-14,2023-11-27,7272,-13,-0.005064830455797305,8.3075,0.1999999999999993,True,False,,True,True,True,True,BOJ_20231219,1,True,BOJ_20231219,1,False,True,False,False
next_observation,FOMC_20231213,FOMC,2023-12-13,2023-12-14,2023-11-28,7272,-12,-0.008171028343187968,8.8,0.4925000000000015,True,False,,True,True,True,True,BOJ_20231219,1,True,BOJ_20231219,1,False,True,False,False
next_observation,FOMC_20231213,FOMC,2023-12-13,2023-12-14,2023-11-29,7272,-11,-0.001594707268146359,8.9,0.09999999999999964,True,False,,True,True,True,True,BOJ_20231219,1,True,BOJ_20231219,1,False,True,False,False
next_observation,FOMC_20231213,FOMC,2023-12-13,2023-12-14,2023-11-30,7272,-10,0.006498584386701721,9.105,0.20500000000000007,True,False,,True,True,True,True,BOJ_20231219,1,True,BOJ_20231219,1,False,True,False,False
next_observation,FOMC_20231213,FOMC,2023-12-13,2023-12-14,2023-12-01,7272,-9,-0.009423159687575788,8.75,-0.3550000000000004,True,False,,True,True,True,True,BOJ_20231219,1,True,BOJ_20231219,1,False,True,False,False
next_observation,FOMC_20231213,FOMC,2023-12-13,2023-12-14,2023-12-04,7272,-8,0.0026868479729980446,9.125,0.375,True,False,,True,True,True,True,BOJ_20231219,1,True,BOJ_20231219,1,False,True,False,False
next_observation,FOMC_20231213,FOMC,2023-12-13,2023-12-14,2023-12-05,7272,-7,-0.0003736857346493366,8.945,-0.17999999999999972,True,False,,True,True,True,True,BOJ_20231219,1,True,BOJ_20231219,1,False,True,False,False
next_observation,FOMC_20231213,FOMC,2023-12-13,2023-12-14,2023-12-06,7272,-6,0.001052756791574651,8.575,-0.370000000000001,True,False,,True,True,True,True,BOJ_20231219,1,True,BOJ_20231219,1,False,True,False,False
next_observation,FOMC_20231213,FOMC,2023-12-13,2023-12-14,2023-12-07,7272,-5,-0.021858231237623902,10.985,2.41,True,False,,True,True,True,True,BOJ_20231219,1,True,BOJ_20231219,1,False,True,False,False
next_observation,FOMC_20231213,FOMC,2023-12-13,2023-12-14,2023-12-08,7272,-4,0.005673381530158464,10.46,-0.5249999999999986,True,False,,True,True,True,True,BOJ_20231219,1,True,BOJ_20231219,1,False,True,False,False
next_observation,FOMC_20231213,FOMC,2023-12-13,2023-12-14,2023-12-11,7272,-3,0.008347551950369713,10.415,-0.045000000000001705,True,False,,True,True,True,True,BOJ_20231219,1,True,BOJ_20231219,1,False,True,False,False
next_observation,FOMC_20231213,FOMC,2023-12-13,2023-12-14,2023-12-12,7272,-2,-0.004869527128540654,10.56,0.14500000000000135,True,False,,True,True,True,True,BOJ_20231219,1,True,BOJ_20231219,1,False,True,False,False
next_observation,FOMC_20231213,FOMC,2023-12-13,2023-12-14,2023-12-13,7272,-1,-0.017792274024415623,10.795,0.23499999999999943,True,False,,True,True,True,True,BOJ_20231219,1,True,BOJ_20231219,1,False,True,False,False
next_observation,FOMC_20231213,FOMC,2023-12-13,2023-12-14,2023-12-14,7272,0,-0.007023240583551481,11.58,0.7850000000000001,True,False,,True,True,True,True,BOJ_20231219,1,True,BOJ_20231219,1,False,True,False,False
next_observation,FOMC_20231213,FOMC,2023-12-13,2023-12-14,2023-12-15,7272,1,0.0018659677637652106,11.495,-0.08500000000000085,True,False,,True,True,True,True,BOJ_20231219,1,True,BOJ_20231219,1,False,True,False,False
next_observation,FOMC_20231213,FOMC,2023-12-13,2023-12-14,2023-12-18,7272,2,0.0044221459773059,11.305,-0.1899999999999995,True,False,,True,True,True,True,BOJ_20231219,1,True,BOJ_20231219,1,False,True,False,False
next_observation,FOMC_20231213,FOMC,2023-12-13,2023-12-14,2023-12-19,7272,3,0.0073618251994395575,9.085,-2.219999999999999,True,False,,True,True,True,True,BOJ_20231219,1,True,BOJ_20231219,1,False,True,False,False
next_observation,FOMC_20231213,FOMC,2023-12-13,2023-12-14,2023-12-20,7272,4,-0.0018440881341515868,8.67,-0.4150000000000009,True,True,BOJ_20231219,True,True,True,True,BOJ_20231219,1,True,BOJ_20231219,1,False,True,False,False
next_observation,FOMC_20231213,FOMC,2023-12-13,2023-12-14,2023-12-21,7272,5,-0.010150949986776134,10.4,1.7300000000000004,True,False,,True,True,True,True,BOJ_20231219,1,True,BOJ_20231219,1,False,True,False,False
next_observation,FOMC_20231213,FOMC,2023-12-13,2023-12-14,2023-12-22,7272,6,0.0020384500785098885,10.49,0.08999999999999986,True,False,,True,True,True,True,BOJ_20231219,1,True,BOJ_20231219,1,False,True,False,False
next_observation,FOMC_20231213,FOMC,2023-12-13,2023-12-14,2023-12-25,7272,7,-0.00042140750728977,10.88,0.39000000000000057,True,False,,True,True,True,True,BOJ_20231219,1,True,BOJ_20231219,1,False,True,False,False
next_observation,FOMC_20231213,FOMC,2023-12-13,2023-12-14,2023-12-26,7272,8,0.0003511852538286026,10.88,0.0,True,False,,True,True,True,True,BOJ_20231219,1,True,BOJ_20231219,1,False,True,False,False
next_observation,FOMC_20231213,FOMC,2023-12-13,2023-12-14,2023-12-27,7272,9,-0.0040108416713592,10.29,-0.5900000000000016,True,False,,True,True,True,True,BOJ_20231219,1,True,BOJ_20231219,1,False,True,False,False
next_observation,FOMC_20231213,FOMC,2023-12-13,2023-12-14,2023-12-28,7272,10,-0.002930327433569804,10.97,0.6800000000000015,True,False,,True,True,True,True,BOJ_20231219,1,True,BOJ_20231219,1,False,True,False,False
next_observation,FOMC_20240131,FOMC,2024-01-31,2024-02-01,2024-01-04,7307,-20,0.009308208357128922,10.815,-0.09250000000000114,True,False,,True,True,True,True,BOJ_20240123,1,False,,0,False,True,False,True
next_observation,FOMC_20240131,FOMC,2024-01-31,2024-02-01,2024-01-05,7307,-19,3.4570376647645245e-05,10.43,-0.3849999999999998,True,False,,True,True,True,True,BOJ_20240123,1,False,,0,False,True,False,True
next_observation,FOMC_20240131,FOMC,2024-01-31,2024-02-01,2024-01-08,7307,-18,-0.0027694136161941787,10.675,0.245000000000001,True,False,,True,True,True,True,BOJ_20240123,1,False,,0,False,True,False,True
next_observation,FOMC_20240131,FOMC,2024-01-31,2024-02-01,2024-01-09,7307,-17,0.001697175822581233,10.365,-0.3100000000000005,True,False,,True,True,True,True,BOJ_20240123,1,False,,0,False,True,False,True
next_observation,FOMC_20240131,FOMC,2024-01-31,2024-02-01,2024-01-10,7307,-16,0.008786040290836485,10.21,-0.15499999999999936,True,False,,True,True,True,True,BOJ_20240123,1,False,,0,False,True,False,True
next_observation,FOMC_20240131,FOMC,2024-01-31,2024-02-01,2024-01-11,7307,-15,-0.0032297993991965723,9.485,-0.7250000000000014,True,False,,True,True,True,True,BOJ_20240123,1,False,,0,False,True,False,True
next_observation,FOMC_20240131,FOMC,2024-01-31,2024-02-01,2024-01-12,7307,-14,-0.00279151698515741,9.375,-0.10999999999999943,True,False,,True,True,True,True,BOJ_20240123,1,False,,0,False,True,False,True
next_observation,FOMC_20240131,FOMC,2024-01-31,2024-02-01,2024-01-15,7307,-13,0.00588409040726142,9.41,0.03500000000000014,True,False,,True,True,True,True,BOJ_20240123,1,False,,0,False,True,False,True
next_observation,FOMC_20240131,FOMC,2024-01-31,2024-02-01,2024-01-16,7307,-12,0.009934365222075955,9.52,0.10999999999999943,True,False,,True,True,True,True,BOJ_20240123,1,False,,0,False,True,False,True
next_observation,FOMC_20240131,FOMC,2024-01-31,2024-02-01,2024-01-17,7307,-11,0.006568501693373926,9.735,0.21499999999999986,True,False,,True,True,True,True,BOJ_20240123,1,False,,0,False,True,False,True
next_observation,FOMC_20240131,FOMC,2024-01-31,2024-02-01,2024-01-18,7307,-10,0.0,9.235,-0.5,True,False,,True,True,True,True,BOJ_20240123,1,False,,0,False,True,False,True
next_observation,FOMC_20240131,FOMC,2024-01-31,2024-02-01,2024-01-19,7307,-9,-0.00027001485245727557,9.245,0.009999999999999787,True,False,,True,True,True,True,BOJ_20240123,1,False,,0,False,True,False,True
next_observation,FOMC_20240131,FOMC,2024-01-31,2024-02-01,2024-01-22,7307,-8,-0.00010127436923153739,9.23,-0.014999999999998792,True,False,,True,True,True,True,BOJ_20240123,1,False,,0,False,True,False,True
next_observation,FOMC_20240131,FOMC,2024-01-31,2024-02-01,2024-01-23,7307,-7,0.0016865685708743763,8.6075,-0.6225000000000005,True,False,,True,True,True,True,BOJ_20240123,1,False,,0,False,True,False,True
next_observation,FOMC_20240131,FOMC,2024-01-31,2024-02-01,2024-01-24,7307,-6,-0.005745976736630041,8.875,0.26750000000000007,True,True,BOJ_20240123,True,True,True,True,BOJ_20240123,1,False,,0,False,True,False,True
next_observation,FOMC_20240131,FOMC,2024-01-31,2024-02-01,2024-01-25,7307,-5,0.0010502601205947327,8.45,-0.4250000000000007,True,False,,True,True,True,True,BOJ_20240123,1,False,,0,False,True,False,True
next_observation,FOMC_20240131,FOMC,2024-01-31,2024-02-01,2024-01-26,7307,-4,0.0033129403885549125,8.215,-0.23499999999999943,True,False,,True,True,True,True,BOJ_20240123,1,False,,0,False,True,False,True
next_observation,FOMC_20240131,FOMC,2024-01-31,2024-02-01,2024-01-29,7307,-3,-0.0043970982396997595,8.425,0.21000000000000085,True,False,,True,True,True,True,BOJ_20240123,1,False,,0,False,True,False,True
next_observation,FOMC_20240131,FOMC,2024-01-31,2024-02-01,2024-01-30,7307,-2,0.0007116111514948402,8.4125,-0.012500000000001066,True,False,,True,True,True,True,BOJ_20240123,1,False,,0,False,True,False,True
next_observation,FOMC_20240131,FOMC,2024-01-31,2024-02-01,2024-01-31,7307,-1,-0.004651565979902678,8.915,0.5024999999999995,True,False,,True,True,True,True,BOJ_20240123,1,False,,0,False,True,False,True
next_observation,FOMC_20240131,FOMC,2024-01-31,2024-02-01,2024-02-01,7307,0,-0.0033407223843008355,9.0175,0.10250000000000092,True,False,,True,True,True,True,BOJ_20240123,1,False,,0,False,True,False,True
next_observation,FOMC_20240131,FOMC,2024-01-31,2024-02-01,2024-02-02,7307,1,0.013195354362666332,8.4075,-0.6099999999999994,True,False,,True,True,True,True,BOJ_20240123,1,False,,0,False,True,False,True
next_observation,FOMC_20240131,FOMC,2024-01-31,2024-02-01,2024-02-05,7307,2,0.002053492499219348,8.44,0.03249999999999886,True,False,,True,True,True,True,BOJ_20240123,1,False,,0,False,True,False,True
next_observation,FOMC_20240131,FOMC,2024-01-31,2024-02-01,2024-02-06,7307,3,-0.004955762354984989,8.31,-0.129999999999999,True,False,,True,True,True,True,BOJ_20240123,1,False,,0,False,True,False,True
next_observation,FOMC_20240131,FOMC,2024-01-31,2024-02-01,2024-02-07,7307,4,0.001620910090480587,8.3875,0.07749999999999879,True,False,,True,True,True,True,BOJ_20240123,1,False,,0,False,True,False,True
next_observation,FOMC_20240131,FOMC,2024-01-31,2024-02-01,2024-02-08,7307,5,0.007596675188595483,8.1675,-0.21999999999999886,True,False,,True,True,True,True,BOJ_20240123,1,False,,0,False,True,False,True
next_observation,FOMC_20240131,FOMC,2024-01-31,2024-02-01,2024-02-09,7307,6,-0.00013395398700568402,7.7875,-0.3800000000000008,True,False,,True,True,True,True,BOJ_20240123,1,False,,0,False,True,False,True
next_observation,FOMC_20240131,FOMC,2024-01-31,2024-02-01,2024-02-12,7307,7,0.00036833029598237814,7.8025,0.015000000000000568,True,False,,True,True,True,True,BOJ_20240123,1,False,,0,False,True,False,True
next_observation,FOMC_20240131,FOMC,2024-01-31,2024-02-01,2024-02-13,7307,8,0.00966191091173689,8.2275,0.42499999999999893,True,False,,True,True,True,True,BOJ_20240123,1,False,,0,False,True,False,True
next_observation,FOMC_20240131,FOMC,2024-01-31,2024-02-01,2024-02-14,7307,9,-0.0014931566440710442,7.88,-0.34749999999999925,True,False,,True,True,True,True,BOJ_20240123,1,False,,0,False,True,False,True
next_observation,FOMC_20240131,FOMC,2024-01-31,2024-02-01,2024-02-15,7307,10,-0.004292780422972865,7.57,-0.3099999999999996,True,False,,True,True,True,True,BOJ_20240123,1,False,,0,False,True,False,True
next_observation,FOMC_20240320,FOMC,2024-03-20,2024-03-21,2024-02-22,7342,-20,0.001562370466569682,7.64,-0.3050000000000006,True,False,,True,True,True,True,BOJ_20240319,1,False,,0,False,True,False,True
next_observation,FOMC_20240320,FOMC,2024-03-20,2024-03-21,2024-02-23,7342,-19,-0.0001660936439781896,7.425,-0.21499999999999986,True,False,,True,True,True,True,BOJ_20240319,1,False,,0,False,True,False,True
next_observation,FOMC_20240320,FOMC,2024-03-20,2024-03-21,2024-02-26,7342,-18,0.0013279773539526696,7.335,-0.08999999999999986,True,False,,True,True,True,True,BOJ_20240319,1,False,,0,False,True,False,True
next_observation,FOMC_20240320,FOMC,2024-03-20,2024-03-21,2024-02-27,7342,-17,-0.0012615365858730644,7.55,0.21499999999999986,True,False,,True,True,True,True,BOJ_20240319,1,False,,0,False,True,False,True
next_observation,FOMC_20240320,FOMC,2024-03-20,2024-03-21,2024-02-28,7342,-16,0.001195179585185194,7.67,0.1200000000000001,True,False,,True,True,True,True,BOJ_20240319,1,False,,0,False,True,False,True
next_observation,FOMC_20240320,FOMC,2024-03-20,2024-03-21,2024-02-29,7342,-15,-0.004789313042542391,8.04,0.3699999999999992,True,False,,True,True,True,True,BOJ_20240319,1,False,,0,False,True,False,True
next_observation,FOMC_20240320,FOMC,2024-03-20,2024-03-21,2024-03-01,7342,-14,0.000999666860990769,7.6675,-0.3724999999999987,True,False,,True,True,True,True,BOJ_20240319,1,False,,0,False,True,False,True
next_observation,FOMC_20240320,FOMC,2024-03-20,2024-03-21,2024-03-04,7342,-13,0.002694119472264954,7.605,-0.0625,True,False,,True,True,True,True,BOJ_20240319,1,False,,0,False,True,False,True
next_observation,FOMC_20240320,FOMC,2024-03-20,2024-03-21,2024-03-05,7342,-12,-0.003193827986036379,7.8,0.1949999999999994,True,False,,True,True,True,True,BOJ_20240319,1,False,,0,False,True,False,True
next_observation,FOMC_20240320,FOMC,2024-03-20,2024-03-21,2024-03-06,7342,-11,-0.004441705834663694,8.385,0.585,True,False,,True,True,True,True,BOJ_20240319,1,False,,0,False,True,False,True
next_observation,FOMC_20240320,FOMC,2024-03-20,2024-03-21,2024-03-07,7342,-10,-0.00897681150411211,8.865,0.4800000000000004,True,False,,True,True,True,True,BOJ_20240319,1,False,,0,False,True,False,True
next_observation,FOMC_20240320,FOMC,2024-03-20,2024-03-21,2024-03-08,7342,-9,-0.006709387779524147,8.925,0.0600000000000005,True,False,,True,True,True,True,BOJ_20240319,1,False,,0,False,True,False,True
next_observation,FOMC_20240320,FOMC,2024-03-20,2024-03-21,2024-03-11,7342,-8,-0.0007822996606515898,9.2,0.2749999999999986,True,False,,True,True,True,True,BOJ_20240319,1,False,,0,False,True,False,True
next_observation,FOMC_20240320,FOMC,2024-03-20,2024-03-21,2024-03-12,7342,-7,0.004989403647117408,8.7475,-0.4524999999999988,True,False,,True,True,True,True,BOJ_20240319,1,False,,0,False,True,False,True
next_observation,FOMC_20240320,FOMC,2024-03-20,2024-03-21,2024-03-13,7342,-6,0.0005415651364424427,8.4775,-0.27000000000000135,True,False,,True,True,True,True,BOJ_20240319,1,False,,0,False,True,False,True
next_observation,FOMC_20240320,FOMC,2024-03-20,2024-03-21,2024-03-14,7342,-5,0.003850185444536716,8.2575,-0.21999999999999886,True,False,,True,True,True,True,BOJ_20240319,1,False,,0,False,True,False,True
next_observation,FOMC_20240320,FOMC,2024-03-20,2024-03-21,2024-03-15,7342,-4,0.004808752435883338,7.81,-0.4475000000000007,True,False,,True,True,True,True,BOJ_20240319,1,False,,0,False,True,False,True
next_observation,FOMC_20240320,FOMC,2024-03-20,2024-03-21,2024-03-18,7342,-3,0.0007377599261523577,7.555,-0.2549999999999999,True,False,,True,True,True,True,BOJ_20240319,1,False,,0,False,True,False,True
next_observation,FOMC_20240320,FOMC,2024-03-20,2024-03-21,2024-03-19,7342,-2,0.011333076866996883,7.1225,-0.4325000000000001,True,False,,True,True,True,True,BOJ_20240319,1,False,,0,False,True,False,True
next_observation,FOMC_20240320,FOMC,2024-03-20,2024-03-21,2024-03-20,7342,-1,0.0026810998633299415,7.3675,0.2450000000000001,True,True,BOJ_20240319,True,True,True,True,BOJ_20240319,1,False,,0,False,True,False,True
next_observation,FOMC_20240320,FOMC,2024-03-20,2024-03-21,2024-03-21,7342,0,0.002344202476723716,7.41,0.042500000000000426,True,False,,True,True,True,True,BOJ_20240319,1,False,,0,False,True,False,True
next_observation,FOMC_20240320,FOMC,2024-03-20,2024-03-21,2024-03-22,7342,1,-0.0013530238843262985,7.8775,0.46750000000000025,True,False,,True,True,True,True,BOJ_20240319,1,False,,0,False,True,False,True
next_observation,FOMC_20240320,FOMC,2024-03-20,2024-03-21,2024-03-25,7342,2,3.3022372660529134e-05,7.315,-0.5625,True,False,,True,True,True,True,BOJ_20240319,1,False,,0,False,True,False,True
next_observation,FOMC_20240320,FOMC,2024-03-20,2024-03-21,2024-03-26,7342,3,0.0009571747574586455,6.905,-0.41000000000000014,True,False,,True,True,True,True,BOJ_20240319,1,False,,0,False,True,False,True
next_observation,FOMC_20240320,FOMC,2024-03-20,2024-03-21,2024-03-27,7342,4,-0.0015187034514653516,7.3675,0.46249999999999947,True,False,,True,True,True,True,BOJ_20240319,1,False,,0,False,True,False,True
next_observation,FOMC_20240320,FOMC,2024-03-20,2024-03-21,2024-03-28,7342,5,0.00029731917432161486,7.635,0.26750000000000007,True,False,,True,True,True,True,BOJ_20240319,1,False,,0,False,True,False,True
next_observation,FOMC_20240320,FOMC,2024-03-20,2024-03-21,2024-03-29,7342,6,-0.00019820296047967637,7.685,0.04999999999999982,True,False,,True,True,True,True,BOJ_20240319,1,False,,0,False,True,False,True
next_observation,FOMC_20240320,FOMC,2024-03-20,2024-03-21,2024-04-01,7342,7,0.0019802640221532344,7.95,0.26500000000000057,True,False,,True,True,True,True,BOJ_20240319,1,False,,0,False,True,False,True
next_observation,FOMC_20240320,FOMC,2024-03-20,2024-03-21,2024-04-02,7342,8,-0.0005936675636100667,7.795,-0.15500000000000025,True,False,,True,True,True,True,BOJ_20240319,1,False,,0,False,True,False,True
next_observation,FOMC_20240320,FOMC,2024-03-20,2024-03-21,2024-04-03,7342,9,0.0009233306509234487,7.5425,-0.2524999999999995,True,False,,True,True,True,True,BOJ_20240319,1,False,,0,False,True,False,True
next_observation,FOMC_20240320,FOMC,2024-03-20,2024-03-21,2024-04-04,7342,10,-0.002309927109466552,7.69,0.14749999999999996,True,False,,True,True,True,True,BOJ_20240319,1,False,,0,False,True,False,True
next_observation,FOMC_20240501,FOMC,2024-05-01,2024-05-02,2024-04-04,7372,-20,-0.002309927109466552,7.69,0.14749999999999996,True,False,,True,True,True,True,BOJ_20240426,1,False,,0,False,True,False,True
next_observation,FOMC_20240501,FOMC,2024-05-01,2024-05-02,2024-04-05,7372,-19,0.0018483683514374074,7.525,-0.16500000000000004,True,False,,True,True,True,True,BOJ_20240426,1,False,,0,False,True,False,True
next_observation,FOMC_20240501,FOMC,2024-05-01,2024-05-02,2024-04-08,7372,-18,0.0012523070447599343,7.8075,0.28249999999999975,True,False,,True,True,True,True,BOJ_20240426,1,False,,0,False,True,False,True
next_observation,FOMC_20240501,FOMC,2024-05-01,2024-05-02,2024-04-09,7372,-17,-0.00032940246690903044,7.8,-0.007500000000000284,True,False,,True,True,True,True,BOJ_20240426,1,False,,0,False,True,False,True
next_observation,FOMC_20240501,FOMC,2024-05-01,2024-05-02,2024-04-10,7372,-16,0.009149854767028653,8.955,1.1550000000000002,True,False,,True,True,True,True,BOJ_20240426,1,False,,0,False,True,False,True
next_observation,FOMC_20240501,FOMC,2024-05-01,2024-05-02,2024-04-11,7372,-15,0.0007179454017223325,8.5975,-0.35749999999999993,True,False,,True,True,True,True,BOJ_20240426,1,False,,0,False,True,False,True
next_observation,FOMC_20240501,FOMC,2024-05-01,2024-05-02,2024-04-12,7372,-14,-0.0002936426390207594,8.7525,0.15499999999999936,True,False,,True,True,True,True,BOJ_20240426,1,False,,0,False,True,False,True
next_observation,FOMC_20240501,FOMC,2024-05-01,2024-05-02,2024-04-15,7372,-13,0.006829294835335016,9.35,0.5975000000000001,True,False,,True,True,True,True,BOJ_20240426,1,False,,0,False,True,False,True
next_observation,FOMC_20240501,FOMC,2024-05-01,2024-05-02,2024-04-16,7372,-12,0.00288030749785376,10.01,0.6600000000000001,True,False,,True,True,True,True,BOJ_20240426,1,False,,0,False,True,False,True
next_observation,FOMC_20240501,FOMC,2024-05-01,2024-05-02,2024-04-17,7372,-11,-0.0021675490927678545,9.4375,-0.5724999999999998,True,False,,True,True,True,True,BOJ_20240426,1,False,,0,False,True,False,True
next_observation,FOMC_20240501,FOMC,2024-05-01,2024-05-02,2024-04-18,7372,-10,0.0016503522878591743,8.5475,-0.8900000000000006,True,False,,True,True,True,True,BOJ_20240426,1,False,,0,False,True,False,True
next_observation,FOMC_20240501,FOMC,2024-05-01,2024-05-02,2024-04-19,7372,-9,-3.233368361771121e-05,8.65,0.10250000000000092,True,False,,True,True,True,True,BOJ_20240426,1,False,,0,False,True,False,True
next_observation,FOMC_20240501,FOMC,2024-05-01,2024-05-02,2024-04-22,7372,-8,0.0013571153692056464,8.4775,-0.1725000000000012,True,False,,True,True,True,True,BOJ_20240426,1,False,,0,False,True,False,True
next_observation,FOMC_20240501,FOMC,2024-05-01,2024-05-02,2024-04-23,7372,-7,-9.687575691792754e-05,8.6425,0.16500000000000092,True,False,,True,True,True,True,BOJ_20240426,1,False,,0,False,True,False,True
next_observation,FOMC_20240501,FOMC,2024-05-01,2024-05-02,2024-04-24,7372,-6,0.003320709104516525,9.49,0.8475000000000001,True,False,,True,True,True,True,BOJ_20240426,1,False,,0,False,True,False,True
next_observation,FOMC_20240501,FOMC,2024-05-01,2024-05-02,2024-04-25,7372,-5,0.001961446954354995,9.73,0.2400000000000002,True,False,,True,True,True,True,BOJ_20240426,1,False,,0,False,True,False,True
next_observation,FOMC_20240501,FOMC,2024-05-01,2024-05-02,2024-04-26,7372,-4,0.017071565625725687,10.97,1.2400000000000002,True,False,,True,True,True,True,BOJ_20240426,1,False,,0,False,True,False,True
next_observation,FOMC_20240501,FOMC,2024-05-01,2024-05-02,2024-04-29,7372,-3,-0.012616358653947396,10.475,-0.495000000000001,True,True,BOJ_20240426,True,True,True,True,BOJ_20240426,1,False,,0,False,True,False,True
next_observation,FOMC_20240501,FOMC,2024-05-01,2024-05-02,2024-04-30,7372,-2,0.009294989728471618,10.2875,-0.1875,True,False,,True,True,True,True,BOJ_20240426,1,False,,0,False,True,False,True
next_observation,FOMC_20240501,FOMC,2024-05-01,2024-05-02,2024-05-01,7372,-1,-0.020680678143234554,10.4375,0.15000000000000036,True,False,,True,True,True,True,BOJ_20240426,1,False,,0,False,True,False,True
next_observation,FOMC_20240501,FOMC,2024-05-01,2024-05-02,2024-05-02,7372,0,-0.006034668888024622,10.55,0.11250000000000071,True,False,,True,True,True,True,BOJ_20240426,1,False,,0,False,True,False,True
next_observation,FOMC_20240501,FOMC,2024-05-01,2024-05-02,2024-05-03,7372,1,-0.003880081165186081,9.545,-1.0050000000000008,True,False,,True,True,True,True,BOJ_20240426,1,False,,0,False,True,False,True
next_observation,FOMC_20240501,FOMC,2024-05-01,2024-05-02,2024-05-06,7372,2,0.005635836590860707,9.035,-0.5099999999999998,True,False,,True,True,True,True,BOJ_20240426,1,False,,0,False,True,False,True
next_observation,FOMC_20240501,FOMC,2024-05-01,2024-05-02,2024-05-07,7372,3,0.005054934453859716,8.79,-0.245000000000001,True,False,,True,True,True,True,BOJ_20240426,1,False,,0,False,True,False,True
next_observation,FOMC_20240501,FOMC,2024-05-01,2024-05-02,2024-05-08,7372,4,0.005351053964941458,9.0575,0.26750000000000007,True,False,,True,True,True,True,BOJ_20240426,1,False,,0,False,True,False,True
next_observation,FOMC_20240501,FOMC,2024-05-01,2024-05-02,2024-05-09,7372,5,-0.0003215434111305691,8.82,-0.23749999999999893,True,False,,True,True,True,True,BOJ_20240426,1,False,,0,False,True,False,True
next_observation,FOMC_20240501,FOMC,2024-05-01,2024-05-02,2024-05-10,7372,6,0.0019277114403327027,8.59,-0.23000000000000043,True,False,,True,True,True,True,BOJ_20240426,1,False,,0,False,True,False,True
next_observation,FOMC_20240501,FOMC,2024-05-01,2024-05-02,2024-05-13,7372,7,0.002852611751865659,8.825,0.23499999999999943,True,False,,True,True,True,True,BOJ_20240426,1,False,,0,False,True,False,True
next_observation,FOMC_20240501,FOMC,2024-05-01,2024-05-02,2024-05-14,7372,8,0.0013113917022760284,8.975,0.15000000000000036,True,False,,True,True,True,True,BOJ_20240426,1,False,,0,False,True,False,True
next_observation,FOMC_20240501,FOMC,2024-05-01,2024-05-02,2024-05-15,7372,9,-0.009926038356160436,8.5925,-0.3825000000000003,True,False,,True,True,True,True,BOJ_20240426,1,False,,0,False,True,False,True
next_observation,FOMC_20240501,FOMC,2024-05-01,2024-05-02,2024-05-16,7372,10,0.0032874622703757293,8.78,0.1875,True,False,,True,True,True,True,BOJ_20240426,1,False,,0,False,True,False,True
next_observation,FOMC_20240612,FOMC,2024-06-12,2024-06-13,2024-05-16,7402,-20,0.0032874622703757293,8.78,0.1875,True,False,,True,True,True,True,BOJ_20240614,1,True,BOJ_20240614,1,False,True,False,False
next_observation,FOMC_20240612,FOMC,2024-06-12,2024-06-13,2024-05-17,7402,-19,0.0016718110889743989,8.555,-0.22499999999999964,True,False,,True,True,True,True,BOJ_20240614,1,True,BOJ_20240614,1,False,True,False,False
next_observation,FOMC_20240612,FOMC,2024-06-12,2024-06-13,2024-05-20,7402,-18,0.003911389680981266,8.745,0.1899999999999995,True,False,,True,True,True,True,BOJ_20240614,1,True,BOJ_20240614,1,False,True,False,False
next_observation,FOMC_20240612,FOMC,2024-06-12,2024-06-13,2024-05-21,7402,-17,-0.0006081459737723506,8.615,-0.129999999999999,True,False,,True,True,True,True,BOJ_20240614,1,True,BOJ_20240614,1,False,True,False,False
next_observation,FOMC_20240612,FOMC,2024-06-12,2024-06-13,2024-05-22,7402,-16,0.004026079057954438,8.545,-0.07000000000000028,True,False,,True,True,True,True,BOJ_20240614,1,True,BOJ_20240614,1,False,True,False,False
next_observation,FOMC_20240612,FOMC,2024-06-12,2024-06-13,2024-05-23,7402,-15,0.0008287645508151592,8.4425,-0.10249999999999915,True,False,,True,True,True,True,BOJ_20240614,1,True,BOJ_20240614,1,False,True,False,False
next_observation,FOMC_20240612,FOMC,2024-06-12,2024-06-13,2024-05-24,7402,-14,0.00038227517906832664,8.38,-0.0625,True,False,,True,True,True,True,BOJ_20240614,1,True,BOJ_20240614,1,False,True,False,False
next_observation,FOMC_20240612,FOMC,2024-06-12,2024-06-13,2024-05-27,7402,-13,-0.0006690774945730324,8.44,0.05999999999999872,True,False,,True,True,True,True,BOJ_20240614,1,True,BOJ_20240614,1,False,True,False,False
next_observation,FOMC_20240612,FOMC,2024-06-12,2024-06-13,2024-05-28,7402,-12,0.0018150270072134485,8.32,-0.11999999999999922,True,False,,True,True,True,True,BOJ_20240614,1,True,BOJ_20240614,1,False,True,False,False
next_observation,FOMC_20240612,FOMC,2024-06-12,2024-06-13,2024-05-29,7402,-11,0.003049460766610908,8.6025,0.28249999999999886,True,False,,True,True,True,True,BOJ_20240614,1,True,BOJ_20240614,1,False,True,False,False
next_observation,FOMC_20240612,FOMC,2024-06-12,2024-06-13,2024-05-30,7402,-10,-0.005278903055739939,8.515,-0.08749999999999858,True,False,,True,True,True,True,BOJ_20240614,1,True,BOJ_20240614,1,False,True,False,False
next_observation,FOMC_20240612,FOMC,2024-06-12,2024-06-13,2024-05-31,7402,-9,0.0031516142282381186,8.3275,-0.1875,True,False,,True,True,True,True,BOJ_20240614,1,True,BOJ_20240614,1,False,True,False,False
next_observation,FOMC_20240612,FOMC,2024-06-12,2024-06-13,2024-06-03,7402,-8,-0.007849684519557735,8.515,0.1875,True,False,,True,True,True,True,BOJ_20240614,1,True,BOJ_20240614,1,False,True,False,False
next_observation,FOMC_20240612,FOMC,2024-06-12,2024-06-13,2024-06-04,7402,-7,-0.007685790249824273,9.2475,0.7324999999999999,True,False,,True,True,True,True,BOJ_20240614,1,True,BOJ_20240614,1,False,True,False,False
next_observation,FOMC_20240612,FOMC,2024-06-12,2024-06-13,2024-06-05,7402,-6,0.00787798090354399,8.86,-0.38750000000000107,True,False,,True,True,True,True,BOJ_20240614,1,True,BOJ_20240614,1,False,True,False,False
next_observation,FOMC_20240612,FOMC,2024-06-12,2024-06-13,2024-06-06,7402,-5,-0.003175878842286965,8.705,-0.15499999999999936,True,False,,True,True,True,True,BOJ_20240614,1,True,BOJ_20240614,1,False,True,False,False
next_observation,FOMC_20240612,FOMC,2024-06-12,2024-06-13,2024-06-07,7402,-4,0.0072671713867416355,8.695,-0.009999999999999787,True,False,,True,True,True,True,BOJ_20240614,1,True,BOJ_20240614,1,False,True,False,False
next_observation,FOMC_20240612,FOMC,2024-06-12,2024-06-13,2024-06-10,7402,-3,0.001848370455175397,8.8325,0.1374999999999993,True,False,,True,True,True,True,BOJ_20240614,1,True,BOJ_20240614,1,False,True,False,False
next_observation,FOMC_20240612,FOMC,2024-06-12,2024-06-13,2024-06-11,7402,-2,0.0005411169422060245,8.97,0.13750000000000107,True,False,,True,True,True,True,BOJ_20240614,1,True,BOJ_20240614,1,False,True,False,False
next_observation,FOMC_20240612,FOMC,2024-06-12,2024-06-13,2024-06-12,7402,-1,-0.002580893274126204,8.615,-0.3550000000000004,True,False,,True,True,True,True,BOJ_20240614,1,True,BOJ_20240614,1,False,True,False,False
next_observation,FOMC_20240612,FOMC,2024-06-12,2024-06-13,2024-06-13,7402,0,0.001976096260577201,8.225,-0.39000000000000057,True,False,,True,True,True,True,BOJ_20240614,1,True,BOJ_20240614,1,False,True,False,False
next_observation,FOMC_20240612,FOMC,2024-06-12,2024-06-13,2024-06-14,7402,1,0.0023216993811217396,8.25,0.025000000000000355,True,False,,True,True,True,True,BOJ_20240614,1,True,BOJ_20240614,1,False,True,False,False
next_observation,FOMC_20240612,FOMC,2024-06-12,2024-06-13,2024-06-17,7402,2,0.0021895386918607445,8.0,-0.25,True,True,BOJ_20240614,True,True,True,True,BOJ_20240614,1,True,BOJ_20240614,1,False,True,False,False
next_observation,FOMC_20240612,FOMC,2024-06-12,2024-06-13,2024-06-18,7402,3,0.0007921294436787943,7.875,-0.125,True,False,,True,True,True,True,BOJ_20240614,1,True,BOJ_20240614,1,False,True,False,False
next_observation,FOMC_20240612,FOMC,2024-06-12,2024-06-13,2024-06-19,7402,4,0.0014558807483571088,7.54,-0.33499999999999996,True,False,,True,True,True,True,BOJ_20240614,1,True,BOJ_20240614,1,False,True,False,False
next_observation,FOMC_20240612,FOMC,2024-06-12,2024-06-13,2024-06-20,7402,5,0.005267735546847408,7.8425,0.3025000000000002,True,False,,True,True,True,True,BOJ_20240614,1,True,BOJ_20240614,1,False,True,False,False
next_observation,FOMC_20240612,FOMC,2024-06-12,2024-06-13,2024-06-21,7402,6,0.005459179623446163,8.33,0.4874999999999998,True,False,,True,True,True,True,BOJ_20240614,1,True,BOJ_20240614,1,False,True,False,False
next_observation,FOMC_20240612,FOMC,2024-06-12,2024-06-13,2024-06-24,7402,7,-0.0011270428843114663,8.77,0.4399999999999995,True,False,,True,True,True,True,BOJ_20240614,1,True,BOJ_20240614,1,False,True,False,False
next_observation,FOMC_20240612,FOMC,2024-06-12,2024-06-13,2024-06-25,7402,8,0.0005010647731039051,8.355,-0.41499999999999915,True,False,,True,True,True,True,BOJ_20240614,1,True,BOJ_20240614,1,False,True,False,False
next_observation,FOMC_20240612,FOMC,2024-06-12,2024-06-13,2024-06-26,7402,9,0.006926488644966629,8.9475,0.5924999999999994,True,False,,True,True,True,True,BOJ_20240614,1,True,BOJ_20240614,1,False,True,False,False
next_observation,FOMC_20240612,FOMC,2024-06-12,2024-06-13,2024-06-27,7402,10,-0.00031097428493295884,8.8975,-0.049999999999998934,True,False,,True,True,True,True,BOJ_20240614,1,True,BOJ_20240614,1,False,True,False,False
next_observation,FOMC_20240731,FOMC,2024-07-31,2024-08-01,2024-07-04,7437,-20,-0.002538936868719421,9.26,-0.27999999999999936,True,False,,True,True,True,True,BOJ_20240731,1,True,BOJ_20240731,1,False,True,False,False
next_observation,FOMC_20240731,FOMC,2024-07-31,2024-08-01,2024-07-05,7437,-19,-0.0032916217652750566,8.925,-0.3349999999999991,True,False,,True,True,True,True,BOJ_20240731,1,True,BOJ_20240731,1,False,True,False,False
next_observation,FOMC_20240731,FOMC,2024-07-31,2024-08-01,2024-07-08,7437,-18,0.0004975433898273524,8.95,0.02499999999999858,True,False,,True,True,True,True,BOJ_20240731,1,True,BOJ_20240731,1,False,True,False,False
next_observation,FOMC_20240731,FOMC,2024-07-31,2024-08-01,2024-07-09,7437,-17,0.0031040501704964136,8.645,-0.3049999999999997,True,False,,True,True,True,True,BOJ_20240731,1,True,BOJ_20240731,1,False,True,False,False
next_observation,FOMC_20240731,FOMC,2024-07-31,2024-08-01,2024-07-10,7437,-16,0.002228965073670727,8.525,-0.11999999999999922,True,False,,True,True,True,True,BOJ_20240731,1,True,BOJ_20240731,1,False,True,False,False
next_observation,FOMC_20240731,FOMC,2024-07-31,2024-08-01,2024-07-11,7437,-15,-0.017783515488672606,9.055,0.5299999999999994,True,False,,True,True,True,True,BOJ_20240731,1,True,BOJ_20240731,1,False,True,False,False
next_observation,FOMC_20240731,FOMC,2024-07-31,2024-08-01,2024-07-12,7437,-14,-0.0064105820093612945,9.185,0.13000000000000078,True,False,,True,True,True,True,BOJ_20240731,1,True,BOJ_20240731,1,False,True,False,False
next_observation,FOMC_20240731,FOMC,2024-07-31,2024-08-01,2024-07-15,7437,-13,0.0014878835231400395,9.47,0.28500000000000014,True,False,,True,True,True,True,BOJ_20240731,1,True,BOJ_20240731,1,False,True,False,False
next_observation,FOMC_20240731,FOMC,2024-07-31,2024-08-01,2024-07-16,7437,-12,0.0018014890856803913,9.02,-0.45000000000000107,True,False,,True,True,True,True,BOJ_20240731,1,True,BOJ_20240731,1,False,True,False,False
next_observation,FOMC_20240731,FOMC,2024-07-31,2024-08-01,2024-07-17,7437,-11,-0.013638959456924261,9.91,0.8900000000000006,True,False,,True,True,True,True,BOJ_20240731,1,True,BOJ_20240731,1,False,True,False,False
next_observation,FOMC_20240731,FOMC,2024-07-31,2024-08-01,2024-07-18,7437,-10,0.007462483207187604,9.585,-0.3249999999999993,True,False,,True,True,True,True,BOJ_20240731,1,True,BOJ_20240731,1,False,True,False,False
next_observation,FOMC_20240731,FOMC,2024-07-31,2024-08-01,2024-07-19,7437,-9,0.000698745462763807,9.35,-0.2350000000000012,True,False,,True,True,True,True,BOJ_20240731,1,True,BOJ_20240731,1,False,True,False,False
next_observation,FOMC_20240731,FOMC,2024-07-31,2024-08-01,2024-07-22,7437,-8,-0.0028297556361089474,9.44,0.08999999999999986,True,False,,True,True,True,True,BOJ_20240731,1,True,BOJ_20240731,1,False,True,False,False
next_observation,FOMC_20240731,FOMC,2024-07-31,2024-08-01,2024-07-23,7437,-7,-0.009244368112556526,9.95,0.5099999999999998,True,False,,True,True,True,True,BOJ_20240731,1,True,BOJ_20240731,1,False,True,False,False
next_observation,FOMC_20240731,FOMC,2024-07-31,2024-08-01,2024-07-24,7437,-6,-0.010986280851111153,10.3425,0.39250000000000007,True,False,,True,True,True,True,BOJ_20240731,1,True,BOJ_20240731,1,False,True,False,False
next_observation,FOMC_20240731,FOMC,2024-07-31,2024-08-01,2024-07-25,7437,-5,0.0002923739158325721,10.55,0.20750000000000135,True,False,,True,True,True,True,BOJ_20240731,1,True,BOJ_20240731,1,False,True,False,False
next_observation,FOMC_20240731,FOMC,2024-07-31,2024-08-01,2024-07-26,7437,-4,-0.0011700089085365975,10.32,-0.23000000000000043,True,False,,True,True,True,True,BOJ_20240731,1,True,BOJ_20240731,1,False,True,False,False
next_observation,FOMC_20240731,FOMC,2024-07-31,2024-08-01,2024-07-29,7437,-3,0.0017545004175781613,10.73,0.41000000000000014,True,False,,True,True,True,True,BOJ_20240731,1,True,BOJ_20240731,1,False,True,False,False
next_observation,FOMC_20240731,FOMC,2024-07-31,2024-08-01,2024-07-30,7437,-2,-0.008181404523002976,11.075,0.34499999999999886,True,False,,True,True,True,True,BOJ_20240731,1,True,BOJ_20240731,1,False,True,False,False
next_observation,FOMC_20240731,FOMC,2024-07-31,2024-08-01,2024-07-31,7437,-1,-0.018398233281708896,11.52,0.4450000000000003,True,False,,True,True,True,True,BOJ_20240731,1,True,BOJ_20240731,1,False,True,False,False
next_observation,FOMC_20240731,FOMC,2024-07-31,2024-08-01,2024-08-01,7437,0,-0.004142314257798998,11.18,-0.33999999999999986,True,True,BOJ_20240731,True,True,True,True,BOJ_20240731,1,True,BOJ_20240731,1,False,True,False,False
next_observation,FOMC_20240731,FOMC,2024-07-31,2024-08-01,2024-08-02,7437,1,-0.01916278918818976,11.8625,0.682500000000001,True,False,,True,True,True,True,BOJ_20240731,1,True,BOJ_20240731,1,False,True,False,False
next_observation,FOMC_20240731,FOMC,2024-07-31,2024-08-01,2024-08-05,7437,2,-0.016202346148457385,15.61,3.7474999999999987,True,False,,True,True,True,True,BOJ_20240731,1,True,BOJ_20240731,1,False,True,False,False
next_observation,FOMC_20240731,FOMC,2024-07-31,2024-08-01,2024-08-06,7437,3,0.0011784279749974234,14.5375,-1.0724999999999998,True,False,,True,True,True,True,BOJ_20240731,1,True,BOJ_20240731,1,False,True,False,False
next_observation,FOMC_20240731,FOMC,2024-07-31,2024-08-01,2024-08-07,7437,4,0.016047075726651455,14.695,0.15750000000000064,True,False,,True,True,True,True,BOJ_20240731,1,True,BOJ_20240731,1,False,True,False,False
next_observation,FOMC_20240731,FOMC,2024-07-31,2024-08-01,2024-08-08,7437,5,0.003708685627509227,13.745,-0.9500000000000011,True,False,,True,True,True,True,BOJ_20240731,1,True,BOJ_20240731,1,False,True,False,False
next_observation,FOMC_20240731,FOMC,2024-07-31,2024-08-01,2024-08-09,7437,6,-0.0041860288804614195,13.535,-0.20999999999999908,True,False,,True,True,True,True,BOJ_20240731,1,True,BOJ_20240731,1,False,True,False,False
next_observation,FOMC_20240731,FOMC,2024-07-31,2024-08-01,2024-08-12,7437,7,0.0040501731590280934,13.18,-0.3550000000000004,True,False,,True,True,True,True,BOJ_20240731,1,True,BOJ_20240731,1,False,True,False,False
next_observation,FOMC_20240731,FOMC,2024-07-31,2024-08-01,2024-08-13,7437,8,-0.002516665727698153,13.215,0.03500000000000014,True,False,,True,True,True,True,BOJ_20240731,1,True,BOJ_20240731,1,False,True,False,False
next_observation,FOMC_20240731,FOMC,2024-07-31,2024-08-01,2024-08-14,7437,9,0.0033993981812972716,12.19,-1.0250000000000004,True,False,,True,True,True,True,BOJ_20240731,1,True,BOJ_20240731,1,False,True,False,False
next_observation,FOMC_20240731,FOMC,2024-07-31,2024-08-01,2024-08-15,7437,10,0.013148325080355832,10.515,-1.674999999999999,True,False,,True,True,True,True,BOJ_20240731,1,True,BOJ_20240731,1,False,True,False,False
next_observation,FOMC_20240918,FOMC,2024-09-18,2024-09-19,2024-08-22,7472,-20,0.007375550149850272,12.33,-0.5574999999999992,True,False,,True,True,True,True,BOJ_20240920,1,True,BOJ_20240920,1,False,True,False,False
next_observation,FOMC_20240918,FOMC,2024-09-18,2024-09-19,2024-08-23,7472,-19,-0.013211504348271685,12.2925,-0.037499999999999645,True,False,,True,True,True,True,BOJ_20240920,1,True,BOJ_20240920,1,False,True,False,False
next_observation,FOMC_20240918,FOMC,2024-09-18,2024-09-19,2024-08-26,7472,-18,0.001073054326816467,12.6525,0.35999999999999943,True,False,,True,True,True,True,BOJ_20240920,1,True,BOJ_20240920,1,False,True,False,False
next_observation,FOMC_20240918,FOMC,2024-09-18,2024-09-19,2024-08-27,7472,-17,-0.003917019757709601,12.545,-0.10749999999999993,True,False,,True,True,True,True,BOJ_20240920,1,True,BOJ_20240920,1,False,True,False,False
next_observation,FOMC_20240918,FOMC,2024-09-18,2024-09-19,2024-08-28,7472,-16,0.004366667829205006,12.575,0.02999999999999936,True,False,,True,True,True,True,BOJ_20240920,1,True,BOJ_20240920,1,False,True,False,False
next_observation,FOMC_20240918,FOMC,2024-09-18,2024-09-19,2024-08-29,7472,-15,0.0027281377535356374,12.195,-0.379999999999999,True,False,,True,True,True,True,BOJ_20240920,1,True,BOJ_20240920,1,False,True,False,False
next_observation,FOMC_20240918,FOMC,2024-09-18,2024-09-19,2024-08-30,7472,-14,0.008174245268163712,11.63,-0.5649999999999995,True,False,,True,True,True,True,BOJ_20240920,1,True,BOJ_20240920,1,False,True,False,False
next_observation,FOMC_20240918,FOMC,2024-09-18,2024-09-19,2024-09-02,7472,-13,0.005049654184299116,11.93,0.29999999999999893,True,False,,True,True,True,True,BOJ_20240920,1,True,BOJ_20240920,1,False,True,False,False
next_observation,FOMC_20240918,FOMC,2024-09-18,2024-09-19,2024-09-03,7472,-12,-0.009815568127244866,12.555,0.625,True,False,,True,True,True,True,BOJ_20240920,1,True,BOJ_20240920,1,False,True,False,False
next_observation,FOMC_20240918,FOMC,2024-09-18,2024-09-19,2024-09-04,7472,-11,-0.01203250807849179,12.99,0.4350000000000005,True,False,,True,True,True,True,BOJ_20240920,1,True,BOJ_20240920,1,False,True,False,False
next_observation,FOMC_20240918,FOMC,2024-09-18,2024-09-19,2024-09-05,7472,-10,-0.0020195696129229335,13.2175,0.22749999999999915,True,False,,True,True,True,True,BOJ_20240920,1,True,BOJ_20240920,1,False,True,False,False
next_observation,FOMC_20240918,FOMC,2024-09-18,2024-09-19,2024-09-06,7472,-9,-0.008049037331566904,12.8475,-0.3699999999999992,True,False,,True,True,True,True,BOJ_20240920,1,True,BOJ_20240920,1,False,True,False,False
next_observation,FOMC_20240918,FOMC,2024-09-18,2024-09-19,2024-09-09,7472,-8,0.006165074872232189,12.36,-0.4875000000000007,True,False,,True,True,True,True,BOJ_20240920,1,True,BOJ_20240920,1,False,True,False,False
next_observation,FOMC_20240918,FOMC,2024-09-18,2024-09-19,2024-09-10,7472,-7,-0.005181721558462047,12.4625,0.10250000000000092,True,False,,True,True,True,True,BOJ_20240920,1,True,BOJ_20240920,1,False,True,False,False
next_observation,FOMC_20240918,FOMC,2024-09-18,2024-09-19,2024-09-11,7472,-6,-0.000561797767584979,12.4075,-0.054999999999999716,True,False,,True,True,True,True,BOJ_20240920,1,True,BOJ_20240920,1,False,True,False,False
next_observation,FOMC_20240918,FOMC,2024-09-18,2024-09-19,2024-09-12,7472,-5,-0.003800412766141389,11.9525,-0.45500000000000007,True,False,,True,True,True,True,BOJ_20240920,1,True,BOJ_20240920,1,False,True,False,False
next_observation,FOMC_20240918,FOMC,2024-09-18,2024-09-19,2024-09-13,7472,-4,-0.006827655425991551,12.51,0.5574999999999992,True,False,,True,True,True,True,BOJ_20240920,1,True,BOJ_20240920,1,False,True,False,False
next_observation,FOMC_20240918,FOMC,2024-09-18,2024-09-19,2024-09-16,7472,-3,-0.0017053331308004495,13.02,0.5099999999999998,True,False,,True,True,True,True,BOJ_20240920,1,True,BOJ_20240920,1,False,True,False,False
next_observation,FOMC_20240918,FOMC,2024-09-18,2024-09-19,2024-09-17,7472,-2,0.012684561912277782,12.6125,-0.40749999999999886,True,False,,True,True,True,True,BOJ_20240920,1,True,BOJ_20240920,1,False,True,False,False
next_observation,FOMC_20240918,FOMC,2024-09-18,2024-09-19,2024-09-18,7472,-1,-0.0008781327949733417,12.2525,-0.3600000000000012,True,False,,True,True,True,True,BOJ_20240920,1,True,BOJ_20240920,1,False,True,False,False
next_observation,FOMC_20240918,FOMC,2024-09-18,2024-09-19,2024-09-19,7472,0,0.0024217760989678266,11.7975,-0.45500000000000007,True,False,,True,True,True,True,BOJ_20240920,1,True,BOJ_20240920,1,False,True,False,False
next_observation,FOMC_20240918,FOMC,2024-09-18,2024-09-19,2024-09-20,7472,1,0.008551983287084794,11.4475,-0.34999999999999964,True,False,,True,True,True,True,BOJ_20240920,1,True,BOJ_20240920,1,False,True,False,False
next_observation,FOMC_20240918,FOMC,2024-09-18,2024-09-19,2024-09-23,7472,2,-0.0017045557498882378,11.5825,0.1349999999999998,True,True,BOJ_20240920,True,True,True,True,BOJ_20240920,1,True,BOJ_20240920,1,False,True,False,False
next_observation,FOMC_20240918,FOMC,2024-09-18,2024-09-19,2024-09-24,7472,3,-0.00264956228075362,11.6225,0.040000000000000924,True,False,,True,True,True,True,BOJ_20240920,1,True,BOJ_20240920,1,False,True,False,False
next_observation,FOMC_20240918,FOMC,2024-09-18,2024-09-19,2024-09-25,7472,4,0.010590928379093693,12.215,0.5924999999999994,True,False,,True,True,True,True,BOJ_20240920,1,True,BOJ_20240920,1,False,True,False,False
next_observation,FOMC_20240918,FOMC,2024-09-18,2024-09-19,2024-09-26,7472,5,0.00041440757577570803,11.97,-0.24499999999999922,True,False,,True,True,True,True,BOJ_20240920,1,True,BOJ_20240920,1,False,True,False,False
next_observation,FOMC_20240918,FOMC,2024-09-18,2024-09-19,2024-09-27,7472,6,-0.01815222736203823,11.51,-0.46000000000000085,True,False,,True,True,True,True,BOJ_20240920,1,True,BOJ_20240920,1,False,True,False,False
next_observation,FOMC_20240918,FOMC,2024-09-18,2024-09-19,2024-09-30,7472,7,0.009970521122085576,12.26,0.75,True,False,,True,True,True,True,BOJ_20240920,1,True,BOJ_20240920,1,False,True,False,False
next_observation,FOMC_20240918,FOMC,2024-09-18,2024-09-19,2024-10-01,7472,8,-0.000487465190711164,12.645,0.3849999999999998,True,False,,True,True,True,True,BOJ_20240920,1,True,BOJ_20240920,1,False,True,False,False
next_observation,FOMC_20240918,FOMC,2024-09-18,2024-09-19,2024-10-02,7472,9,0.019998597748286395,12.66,0.015000000000000568,True,False,,True,True,True,True,BOJ_20240920,1,True,BOJ_20240920,1,False,True,False,False
next_observation,FOMC_20240918,FOMC,2024-09-18,2024-09-19,2024-10-03,7472,10,0.0031697908235891023,12.4375,-0.22250000000000014,True,False,,True,True,True,True,BOJ_20240920,1,True,BOJ_20240920,1,False,True,False,False
next_observation,FOMC_20241107,FOMC,2024-11-07,2024-11-08,2024-10-11,7508,-20,0.0037286527688187463,11.83,-0.4499999999999993,True,False,,True,True,True,True,BOJ_20241031,1,False,,0,False,True,False,True
next_observation,FOMC_20241107,FOMC,2024-11-07,2024-11-08,2024-10-14,7508,-19,0.004249132311201715,11.8,-0.02999999999999936,True,False,,True,True,True,True,BOJ_20241031,1,False,,0,False,True,False,True
next_observation,FOMC_20241107,FOMC,2024-11-07,2024-11-08,2024-10-15,7508,-18,-0.0037128134567949887,11.855,0.054999999999999716,True,False,,True,True,True,True,BOJ_20241031,1,False,,0,False,True,False,True
next_observation,FOMC_20241107,FOMC,2024-11-07,2024-11-08,2024-10-16,7508,-17,0.002877796123419034,11.7925,-0.0625,True,False,,True,True,True,True,BOJ_20241031,1,False,,0,False,True,False,True
next_observation,FOMC_20241107,FOMC,2024-11-07,2024-11-08,2024-10-17,7508,-16,0.003835319614057046,11.53,-0.26250000000000107,True,False,,True,True,True,True,BOJ_20241031,1,False,,0,False,True,False,True
next_observation,FOMC_20241107,FOMC,2024-11-07,2024-11-08,2024-10-18,7508,-15,-0.004537273414210652,11.525,-0.004999999999999005,True,False,,True,True,True,True,BOJ_20241031,1,False,,0,False,True,False,True
next_observation,FOMC_20241107,FOMC,2024-11-07,2024-11-08,2024-10-21,7508,-14,0.008722630794403951,11.8675,0.34249999999999936,True,False,,True,True,True,True,BOJ_20241031,1,False,,0,False,True,False,True
next_observation,FOMC_20241107,FOMC,2024-11-07,2024-11-08,2024-10-22,7508,-13,0.0015567298574658273,11.9925,0.125,True,False,,True,True,True,True,BOJ_20241031,1,False,,0,False,True,False,True
next_observation,FOMC_20241107,FOMC,2024-11-07,2024-11-08,2024-10-23,7508,-12,0.011091660109693249,13.3,1.307500000000001,True,False,,True,True,True,True,BOJ_20241031,1,False,,0,False,True,False,True
next_observation,FOMC_20241107,FOMC,2024-11-07,2024-11-08,2024-10-24,7508,-11,-0.006106588463219179,12.705,-0.5950000000000006,True,False,,True,True,True,True,BOJ_20241031,1,False,,0,False,True,False,True
next_observation,FOMC_20241107,FOMC,2024-11-07,2024-11-08,2024-10-25,7508,-10,0.0031564437333165478,12.955,0.25,True,False,,True,True,True,True,BOJ_20241031,1,False,,0,False,True,False,True
next_observation,FOMC_20241107,FOMC,2024-11-07,2024-11-08,2024-10-28,7508,-9,0.006381016104869646,13.3875,0.4324999999999992,True,False,,True,True,True,True,BOJ_20241031,1,False,,0,False,True,False,True
next_observation,FOMC_20241107,FOMC,2024-11-07,2024-11-08,2024-10-29,7508,-8,0.0004891650051068419,13.7275,0.33999999999999986,True,False,,True,True,True,True,BOJ_20241031,1,False,,0,False,True,False,True
next_observation,FOMC_20241107,FOMC,2024-11-07,2024-11-08,2024-10-30,7508,-7,0.00035856898762470405,13.3,-0.42749999999999844,True,False,,True,True,True,True,BOJ_20241031,1,False,,0,False,True,False,True
next_observation,FOMC_20241107,FOMC,2024-11-07,2024-11-08,2024-10-31,7508,-6,-0.009035910227334623,12.865,-0.4350000000000005,True,False,,True,True,True,True,BOJ_20241031,1,False,,0,False,True,False,True
next_observation,FOMC_20241107,FOMC,2024-11-07,2024-11-08,2024-11-01,7508,-5,0.006359843099347201,12.6925,-0.17249999999999943,True,True,BOJ_20241031,True,True,True,True,BOJ_20241031,1,False,,0,False,True,False,True
next_observation,FOMC_20241107,FOMC,2024-11-07,2024-11-08,2024-11-04,7508,-4,-0.005702316034858258,13.175,0.48249999999999993,True,False,,True,True,True,True,BOJ_20241031,1,False,,0,False,True,False,True
next_observation,FOMC_20241107,FOMC,2024-11-07,2024-11-08,2024-11-05,7508,-3,-0.0033908939340103823,12.935,-0.2400000000000002,True,False,,True,True,True,True,BOJ_20241031,1,False,,0,False,True,False,True
next_observation,FOMC_20241107,FOMC,2024-11-07,2024-11-08,2024-11-06,7508,-2,0.019690110588299777,10.89,-2.045,True,False,,True,True,True,True,BOJ_20241031,1,False,,0,False,True,False,True
next_observation,FOMC_20241107,FOMC,2024-11-07,2024-11-08,2024-11-07,7508,-1,-0.01102181360037861,10.3,-0.5899999999999999,True,False,,True,True,True,True,BOJ_20241031,1,False,,0,False,True,False,True
next_observation,FOMC_20241107,FOMC,2024-11-07,2024-11-08,2024-11-08,7508,0,-0.001996237266036081,9.8975,-0.40249999999999986,True,False,,True,True,True,True,BOJ_20241031,1,False,,0,False,True,False,True
next_observation,FOMC_20241107,FOMC,2024-11-07,2024-11-08,2024-11-11,7508,1,0.007083315346600075,10.1425,0.24499999999999922,True,False,,True,True,True,True,BOJ_20241031,1,False,,0,False,True,False,True
next_observation,FOMC_20241107,FOMC,2024-11-07,2024-11-08,2024-11-12,7508,2,0.005805390329658484,10.3275,0.1850000000000005,True,False,,True,True,True,True,BOJ_20241031,1,False,,0,False,True,False,True
next_observation,FOMC_20241107,FOMC,2024-11-07,2024-11-08,2024-11-13,7508,3,0.005450307775771829,9.9775,-0.3500000000000014,True,False,,True,True,True,True,BOJ_20241031,1,False,,0,False,True,False,True
next_observation,FOMC_20241107,FOMC,2024-11-07,2024-11-08,2024-11-14,7508,4,0.005164820206732215,9.9375,-0.03999999999999915,True,False,,True,True,True,True,BOJ_20241031,1,False,,0,False,True,False,True
next_observation,FOMC_20241107,FOMC,2024-11-07,2024-11-08,2024-11-15,7508,5,-0.01265452463969048,10.6225,0.6850000000000005,True,False,,True,True,True,True,BOJ_20241031,1,False,,0,False,True,False,True
next_observation,FOMC_20241107,FOMC,2024-11-07,2024-11-08,2024-11-18,7508,6,0.0023303998117740333,10.345,-0.27749999999999986,True,False,,True,True,True,True,BOJ_20241031,1,False,,0,False,True,False,True
next_observation,FOMC_20241107,FOMC,2024-11-07,2024-11-08,2024-11-19,7508,7,0.0,11.4,1.0549999999999997,True,False,,True,True,True,True,BOJ_20241031,1,False,,0,False,True,False,True
next_observation,FOMC_20241107,FOMC,2024-11-07,2024-11-08,2024-11-20,7508,8,0.005030645888295202,11.53,0.129999999999999,True,False,,True,True,True,True,BOJ_20241031,1,False,,0,False,True,False,True
next_observation,FOMC_20241107,FOMC,2024-11-07,2024-11-08,2024-11-21,7508,9,-0.005806842563746638,11.67,0.14000000000000057,True,False,,True,True,True,True,BOJ_20241031,1,False,,0,False,True,False,True
next_observation,FOMC_20241107,FOMC,2024-11-07,2024-11-08,2024-11-22,7508,10,0.0015517913368748772,11.4825,-0.1875,True,False,,True,True,True,True,BOJ_20241031,1,False,,0,False,True,False,True
next_observation,FOMC_20241218,FOMC,2024-12-18,2024-12-19,2024-11-21,7537,-20,-0.005806842563746638,11.67,0.14000000000000057,True,False,,True,True,True,True,BOJ_20241219,1,True,BOJ_20241219,1,False,True,False,False
next_observation,FOMC_20241218,FOMC,2024-12-18,2024-12-19,2024-11-22,7537,-19,0.0015517913368748772,11.4825,-0.1875,True,False,,True,True,True,True,BOJ_20241219,1,True,BOJ_20241219,1,False,True,False,False
next_observation,FOMC_20241218,FOMC,2024-12-18,2024-12-19,2024-11-25,7537,-18,-0.003592178746610354,11.455,-0.027499999999999858,True,False,,True,True,True,True,BOJ_20241219,1,True,BOJ_20241219,1,False,True,False,False
next_observation,FOMC_20241218,FOMC,2024-12-18,2024-12-19,2024-11-26,7537,-17,-0.007419252411566931,11.49,0.03500000000000014,True,False,,True,True,True,True,BOJ_20241219,1,True,BOJ_20241219,1,False,True,False,False
next_observation,FOMC_20241218,FOMC,2024-12-18,2024-12-19,2024-11-27,7537,-16,-0.013084544621381432,11.9975,0.5075000000000003,True,False,,True,True,True,True,BOJ_20241219,1,True,BOJ_20241219,1,False,True,False,False
next_observation,FOMC_20241218,FOMC,2024-12-18,2024-12-19,2024-11-28,7537,-15,0.0029738324850512943,11.685,-0.3125,True,False,,True,True,True,True,BOJ_20241219,1,True,BOJ_20241219,1,False,True,False,False
next_observation,FOMC_20241218,FOMC,2024-12-18,2024-12-19,2024-11-29,7537,-14,-0.011748442577816688,12.2525,0.567499999999999,True,False,,True,True,True,True,BOJ_20241219,1,True,BOJ_20241219,1,False,True,False,False
next_observation,FOMC_20241218,FOMC,2024-12-18,2024-12-19,2024-12-02,7537,-13,-0.0011691024296118333,12.905,0.6524999999999999,True,False,,True,True,True,True,BOJ_20241219,1,True,BOJ_20241219,1,False,True,False,False
next_observation,FOMC_20241218,FOMC,2024-12-18,2024-12-19,2024-12-03,7537,-12,0.0,13.115,0.21000000000000085,True,False,,True,True,True,True,BOJ_20241219,1,True,BOJ_20241219,1,False,True,False,False
next_observation,FOMC_20241218,FOMC,2024-12-18,2024-12-19,2024-12-04,7537,-11,0.006629048743057946,12.9475,-0.16750000000000043,True,False,,True,True,True,True,BOJ_20241219,1,True,BOJ_20241219,1,False,True,False,False
next_observation,FOMC_20241218,FOMC,2024-12-18,2024-12-19,2024-12-05,7537,-10,-0.0033256873247624968,11.3475,-1.5999999999999996,True,False,,True,True,True,True,BOJ_20241219,1,True,BOJ_20241219,1,False,True,False,False
next_observation,FOMC_20241218,FOMC,2024-12-18,2024-12-19,2024-12-06,7537,-9,-0.0006331328624165303,10.92,-0.4275000000000002,True,False,,True,True,True,True,BOJ_20241219,1,True,BOJ_20241219,1,False,True,False,False
next_observation,FOMC_20241218,FOMC,2024-12-18,2024-12-19,2024-12-09,7537,-8,0.008034305028321819,10.86,-0.0600000000000005,True,False,,True,True,True,True,BOJ_20241219,1,True,BOJ_20241219,1,False,True,False,False
next_observation,FOMC_20241218,FOMC,2024-12-18,2024-12-19,2024-12-10,7537,-7,0.004914825257887934,10.6975,-0.16249999999999964,True,False,,True,True,True,True,BOJ_20241219,1,True,BOJ_20241219,1,False,True,False,False
next_observation,FOMC_20241218,FOMC,2024-12-18,2024-12-19,2024-12-11,7537,-6,0.003219450875373779,10.2175,-0.4800000000000004,True,False,,True,True,True,True,BOJ_20241219,1,True,BOJ_20241219,1,False,True,False,False
next_observation,FOMC_20241218,FOMC,2024-12-18,2024-12-19,2024-12-12,7537,-5,0.00121281666919126,9.8575,-0.35999999999999943,True,False,,True,True,True,True,BOJ_20241219,1,True,BOJ_20241219,1,False,True,False,False
next_observation,FOMC_20241218,FOMC,2024-12-18,2024-12-19,2024-12-13,7537,-4,0.006660596649463053,9.815,-0.042500000000000426,True,False,,True,True,True,True,BOJ_20241219,1,True,BOJ_20241219,1,False,True,False,False
next_observation,FOMC_20241218,FOMC,2024-12-18,2024-12-19,2024-12-16,7537,-3,0.003248865755665637,9.97,0.15500000000000114,True,False,,True,True,True,True,BOJ_20241219,1,True,BOJ_20241219,1,False,True,False,False
next_observation,FOMC_20241218,FOMC,2024-12-18,2024-12-19,2024-12-17,7537,-2,-0.004453626333146545,10.18,0.20999999999999908,True,False,,True,True,True,True,BOJ_20241219,1,True,BOJ_20241219,1,False,True,False,False
next_observation,FOMC_20241218,FOMC,2024-12-18,2024-12-19,2024-12-18,7537,-1,0.008661433156614043,10.0875,-0.09249999999999936,True,False,,True,True,True,True,BOJ_20241219,1,True,BOJ_20241219,1,False,True,False,False
next_observation,FOMC_20241218,FOMC,2024-12-18,2024-12-19,2024-12-19,7537,0,0.016878713513935197,9.97,-0.11749999999999972,True,False,,True,True,True,True,BOJ_20241219,1,True,BOJ_20241219,1,False,True,False,False
next_observation,FOMC_20241218,FOMC,2024-12-18,2024-12-19,2024-12-20,7537,1,-0.007171459762182071,10.01,0.03999999999999915,True,True,BOJ_20241219,True,True,True,True,BOJ_20241219,1,True,BOJ_20241219,1,False,True,False,False
next_observation,FOMC_20241218,FOMC,2024-12-18,2024-12-19,2024-12-23,7537,2,0.005454993987924506,10.185,0.1750000000000007,True,False,,True,True,True,True,BOJ_20241219,1,True,BOJ_20241219,1,False,True,False,False
next_observation,FOMC_20241218,FOMC,2024-12-18,2024-12-19,2024-12-24,7537,3,0.0001272466997103266,10.105,-0.08000000000000007,True,False,,True,True,True,True,BOJ_20241219,1,True,BOJ_20241219,1,False,True,False,False
next_observation,FOMC_20241218,FOMC,2024-12-18,2024-12-19,2024-12-25,7537,4,0.0009220546573172617,10.215,0.10999999999999943,True,False,,True,True,True,True,BOJ_20241219,1,True,BOJ_20241219,1,False,True,False,False
next_observation,FOMC_20241218,FOMC,2024-12-18,2024-12-19,2024-12-26,7537,5,0.004186229632425609,10.705,0.4900000000000002,True,False,,True,True,True,True,BOJ_20241219,1,True,BOJ_20241219,1,False,True,False,False
next_observation,FOMC_20241218,FOMC,2024-12-18,2024-12-19,2024-12-27,7537,6,-0.0007281592141025464,10.565,-0.14000000000000057,True,False,,True,True,True,True,BOJ_20241219,1,True,BOJ_20241219,1,False,True,False,False
next_observation,FOMC_20241218,FOMC,2024-12-18,2024-12-19,2024-12-30,7537,7,-0.0065774032465242774,10.79,0.22499999999999964,True,False,,True,True,True,True,BOJ_20241219,1,True,BOJ_20241219,1,False,True,False,False
next_observation,FOMC_20241218,FOMC,2024-12-18,2024-12-19,2024-12-31,7537,8,0.002292702570975241,10.825,0.03500000000000014,True,False,,True,True,True,True,BOJ_20241219,1,True,BOJ_20241219,1,False,True,False,False
next_observation,FOMC_20241218,FOMC,2024-12-18,2024-12-19,2025-01-01,7537,9,0.00025442055855348883,10.92,0.09500000000000064,True,False,,True,True,True,True,BOJ_20241219,1,True,BOJ_20241219,1,False,True,False,False
next_observation,FOMC_20241218,FOMC,2024-12-18,2024-12-19,2025-01-02,7537,10,0.001683903239879575,11.0175,0.09750000000000014,True,False,,True,True,True,True,BOJ_20241219,1,True,BOJ_20241219,1,False,True,False,False
next_observation,FOMC_20250129,FOMC,2025-01-29,2025-01-30,2025-01-02,7567,-20,0.001683903239879575,11.0175,0.09750000000000014,True,False,,True,True,True,True,BOJ_20250124,1,False,,0,False,True,False,True
next_observation,FOMC_20250129,FOMC,2025-01-29,2025-01-30,2025-01-03,7567,-19,-0.0015249232551248616,10.5075,-0.5099999999999998,True,False,,True,True,True,True,BOJ_20250124,1,False,,0,False,True,False,True
next_observation,FOMC_20250129,FOMC,2025-01-29,2025-01-30,2025-01-06,7567,-18,0.0022547923870893044,10.475,-0.03250000000000064,True,False,,True,True,True,True,BOJ_20250124,1,False,,0,False,True,False,True
next_observation,FOMC_20250129,FOMC,2025-01-29,2025-01-30,2025-01-07,7567,-17,0.0026927296773407833,10.23,-0.24499999999999922,True,False,,True,True,True,True,BOJ_20250124,1,False,,0,False,True,False,True
next_observation,FOMC_20250129,FOMC,2025-01-29,2025-01-30,2025-01-08,7567,-16,0.0019279703818044726,10.565,0.3349999999999991,True,False,,True,True,True,True,BOJ_20250124,1,False,,0,False,True,False,True
next_observation,FOMC_20250129,FOMC,2025-01-29,2025-01-30,2025-01-09,7567,-15,-0.0013270563418680858,10.5125,-0.05250000000000021,True,False,,True,True,True,True,BOJ_20250124,1,False,,0,False,True,False,True
next_observation,FOMC_20250129,FOMC,2025-01-29,2025-01-30,2025-01-10,7567,-14,-0.0025643069057621555,10.7075,0.19500000000000028,True,False,,True,True,True,True,BOJ_20250124,1,False,,0,False,True,False,True
next_observation,FOMC_20250129,FOMC,2025-01-29,2025-01-30,2025-01-13,7567,-13,-0.00161794366148189,11.335,0.6275000000000013,True,False,,True,True,True,True,BOJ_20250124,1,False,,0,False,True,False,True
next_observation,FOMC_20250129,FOMC,2025-01-29,2025-01-30,2025-01-14,7567,-12,0.0030433703429115643,10.86,-0.4750000000000014,True,False,,True,True,True,True,BOJ_20250124,1,False,,0,False,True,False,True
next_observation,FOMC_20250129,FOMC,2025-01-29,2025-01-30,2025-01-15,7567,-11,-0.009509493622404448,11.01,0.15000000000000036,True,False,,True,True,True,True,BOJ_20250124,1,False,,0,False,True,False,True
next_observation,FOMC_20250129,FOMC,2025-01-29,2025-01-30,2025-01-16,7567,-10,-0.008375500224277781,10.6375,-0.3725000000000005,True,False,,True,True,True,True,BOJ_20250124,1,False,,0,False,True,False,True
next_observation,FOMC_20250129,FOMC,2025-01-29,2025-01-30,2025-01-17,7567,-9,0.00732039485566463,10.4625,-0.17499999999999893,True,False,,True,True,True,True,BOJ_20250124,1,False,,0,False,True,False,True
next_observation,FOMC_20250129,FOMC,2025-01-29,2025-01-30,2025-01-20,7567,-8,-0.004360099238646951,10.175,-0.28749999999999964,True,False,,True,True,True,True,BOJ_20250124,1,False,,0,False,True,False,True
next_observation,FOMC_20250129,FOMC,2025-01-29,2025-01-30,2025-01-21,7567,-7,-0.0006749481992454982,9.745,-0.4300000000000015,True,False,,True,True,True,True,BOJ_20250124,1,False,,0,False,True,False,True
next_observation,FOMC_20250129,FOMC,2025-01-29,2025-01-30,2025-01-22,7567,-6,0.0065054949105928855,9.47,-0.2749999999999986,True,False,,True,True,True,True,BOJ_20250124,1,False,,0,False,True,False,True
next_observation,FOMC_20250129,FOMC,2025-01-29,2025-01-30,2025-01-23,7567,-5,-0.003039175684149398,9.2875,-0.182500000000001,True,False,,True,True,True,True,BOJ_20250124,1,False,,0,False,True,False,True
next_observation,FOMC_20250129,FOMC,2025-01-29,2025-01-30,2025-01-24,7567,-4,-0.00032045119802523084,8.685,-0.6024999999999991,True,False,,True,True,True,True,BOJ_20250124,1,False,,0,False,True,False,True
next_observation,FOMC_20250129,FOMC,2025-01-29,2025-01-30,2025-01-27,7567,-3,-0.009629238855630225,9.825,1.1399999999999988,True,True,BOJ_20250124,True,True,True,True,BOJ_20250124,1,False,,0,False,True,False,True
next_observation,FOMC_20250129,FOMC,2025-01-29,2025-01-30,2025-01-28,7567,-2,0.006644114104470638,9.5475,-0.27749999999999986,True,False,,True,True,True,True,BOJ_20250124,1,False,,0,False,True,False,True
next_observation,FOMC_20250129,FOMC,2025-01-29,2025-01-30,2025-01-29,7567,-1,-0.0020594678408046596,9.3775,-0.16999999999999993,True,False,,True,True,True,True,BOJ_20250124,1,False,,0,False,True,False,True
next_observation,FOMC_20250129,FOMC,2025-01-29,2025-01-30,2025-01-30,7567,0,-0.006009516971058149,9.8775,0.5,True,False,,True,True,True,True,BOJ_20250124,1,False,,0,False,True,False,True
next_observation,FOMC_20250129,FOMC,2025-01-29,2025-01-30,2025-01-31,7567,1,0.005816224228598758,9.57,-0.3074999999999992,True,False,,True,True,True,True,BOJ_20250124,1,False,,0,False,True,False,True
next_observation,FOMC_20250129,FOMC,2025-01-29,2025-01-30,2025-02-03,7567,2,-0.002936196350013433,9.94,0.3699999999999992,True,False,,True,True,True,True,BOJ_20250124,1,False,,0,False,True,False,True
next_observation,FOMC_20250129,FOMC,2025-01-29,2025-01-30,2025-02-04,7567,3,-0.002556015304062922,9.5075,-0.4324999999999992,True,False,,True,True,True,True,BOJ_20250124,1,False,,0,False,True,False,True
next_observation,FOMC_20250129,FOMC,2025-01-29,2025-01-30,2025-02-05,7567,4,-0.011272313526673539,10.1175,0.6099999999999994,True,False,,True,True,True,True,BOJ_20250124,1,False,,0,False,True,False,True
next_observation,FOMC_20250129,FOMC,2025-01-29,2025-01-30,2025-02-06,7567,5,-0.007861236109842249,10.3425,0.22499999999999964,True,False,,True,True,True,True,BOJ_20250124,1,False,,0,False,True,False,True
next_observation,FOMC_20250129,FOMC,2025-01-29,2025-01-30,2025-02-07,7567,6,2.2204460492503128e-16,10.5875,0.245000000000001,True,False,,True,True,True,True,BOJ_20250124,1,False,,0,False,True,False,True
next_observation,FOMC_20250129,FOMC,2025-01-29,2025-01-30,2025-02-10,7567,7,0.0038232141754493683,10.255,-0.3324999999999996,True,False,,True,True,True,True,BOJ_20250124,1,False,,0,False,True,False,True
next_observation,FOMC_20250129,FOMC,2025-01-29,2025-01-30,2025-02-11,7567,8,0.0032841830563281166,9.815,-0.4400000000000013,True,False,,True,True,True,True,BOJ_20250124,1,False,,0,False,True,False,True
next_observation,FOMC_20250129,FOMC,2025-01-29,2025-01-30,2025-02-12,7567,9,0.012511974506243636,9.85,0.03500000000000014,True,False,,True,True,True,True,BOJ_20250124,1,False,,0,False,True,False,True
next_observation,FOMC_20250129,FOMC,2025-01-29,2025-01-30,2025-02-13,7567,10,-0.010513906398542279,9.805,-0.04499999999999993,True,False,,True,True,True,True,BOJ_20250124,1,False,,0,False,True,False,True
next_observation,FOMC_20250319,FOMC,2025-03-19,2025-03-20,2025-02-20,7602,-20,-0.0121547723835318,10.7275,1.442499999999999,True,False,,True,True,True,True,BOJ_20250319,1,True,BOJ_20250319,1,False,True,False,False
next_observation,FOMC_20250319,FOMC,2025-03-19,2025-03-20,2025-02-21,7602,-19,-0.0024755800144651684,10.585,-0.1424999999999983,True,False,,True,True,True,True,BOJ_20250319,1,True,BOJ_20250319,1,False,True,False,False
next_observation,FOMC_20250319,FOMC,2025-03-19,2025-03-20,2025-02-24,7602,-18,0.0029766406031723376,10.78,0.1949999999999985,True,False,,True,True,True,True,BOJ_20250319,1,True,BOJ_20250319,1,False,True,False,False
next_observation,FOMC_20250319,FOMC,2025-03-19,2025-03-20,2025-02-25,7602,-17,-0.004585705346437535,10.8825,0.10250000000000092,True,False,,True,True,True,True,BOJ_20250319,1,True,BOJ_20250319,1,False,True,False,False
next_observation,FOMC_20250319,FOMC,2025-03-19,2025-03-20,2025-02-26,7602,-16,0.0004025089780301426,10.84,-0.042500000000000426,True,False,,True,True,True,True,BOJ_20250319,1,True,BOJ_20250319,1,False,True,False,False
next_observation,FOMC_20250319,FOMC,2025-03-19,2025-03-20,2025-02-27,7602,-15,0.004817512913621236,10.4325,-0.40750000000000064,True,False,,True,True,True,True,BOJ_20250319,1,True,BOJ_20250319,1,False,True,False,False
next_observation,FOMC_20250319,FOMC,2025-03-19,2025-03-20,2025-02-28,7602,-14,0.005392104663477317,10.7525,0.3200000000000003,True,False,,True,True,True,True,BOJ_20250319,1,True,BOJ_20250319,1,False,True,False,False
next_observation,FOMC_20250319,FOMC,2025-03-19,2025-03-20,2025-03-03,7602,-13,-0.007496911414178298,11.0425,0.2900000000000009,True,False,,True,True,True,True,BOJ_20250319,1,True,BOJ_20250319,1,False,True,False,False
next_observation,FOMC_20250319,FOMC,2025-03-19,2025-03-20,2025-03-04,7602,-12,0.001937920349886696,11.5725,0.5299999999999994,True,False,,True,True,True,True,BOJ_20250319,1,True,BOJ_20250319,1,False,True,False,False
next_observation,FOMC_20250319,FOMC,2025-03-19,2025-03-20,2025-03-05,7602,-11,-0.0060937008466324365,11.4575,-0.11500000000000021,True,False,,True,True,True,True,BOJ_20250319,1,True,BOJ_20250319,1,False,True,False,False
next_observation,FOMC_20250319,FOMC,2025-03-19,2025-03-20,2025-03-06,7602,-10,-0.006029695057626774,11.9275,0.47000000000000064,True,False,,True,True,True,True,BOJ_20250319,1,True,BOJ_20250319,1,False,True,False,False
next_observation,FOMC_20250319,FOMC,2025-03-19,2025-03-20,2025-03-07,7602,-9,0.0004053643267345169,11.69,-0.2375000000000007,True,False,,True,True,True,True,BOJ_20250319,1,True,BOJ_20250319,1,False,True,False,False
next_observation,FOMC_20250319,FOMC,2025-03-19,2025-03-20,2025-03-10,7602,-8,-0.0052486448650322665,12.215,0.5250000000000004,True,False,,True,True,True,True,BOJ_20250319,1,True,BOJ_20250319,1,False,True,False,False
next_observation,FOMC_20250319,FOMC,2025-03-19,2025-03-20,2025-03-11,7602,-7,0.003423209972362412,11.8475,-0.3674999999999997,True,False,,True,True,True,True,BOJ_20250319,1,True,BOJ_20250319,1,False,True,False,False
next_observation,FOMC_20250319,FOMC,2025-03-19,2025-03-20,2025-03-12,7602,-6,0.0031754637858239193,11.02,-0.8275000000000006,True,False,,True,True,True,True,BOJ_20250319,1,True,BOJ_20250319,1,False,True,False,False
next_observation,FOMC_20250319,FOMC,2025-03-19,2025-03-20,2025-03-13,7602,-5,-0.0029048186337944752,10.525,-0.4949999999999992,True,False,,True,True,True,True,BOJ_20250319,1,True,BOJ_20250319,1,False,True,False,False
next_observation,FOMC_20250319,FOMC,2025-03-19,2025-03-20,2025-03-14,7602,-4,0.005565783203065835,10.1525,-0.3725000000000005,True,False,,True,True,True,True,BOJ_20250319,1,True,BOJ_20250319,1,False,True,False,False
next_observation,FOMC_20250319,FOMC,2025-03-19,2025-03-20,2025-03-17,7602,-3,0.003793924206958528,10.115,-0.037499999999999645,True,False,,True,True,True,True,BOJ_20250319,1,True,BOJ_20250319,1,False,True,False,False
next_observation,FOMC_20250319,FOMC,2025-03-19,2025-03-20,2025-03-18,7602,-2,0.00043554737266142163,10.0925,-0.022500000000000853,True,False,,True,True,True,True,BOJ_20250319,1,True,BOJ_20250319,1,False,True,False,False
next_observation,FOMC_20250319,FOMC,2025-03-19,2025-03-20,2025-03-19,7602,-1,-0.003893144936016367,9.6875,-0.40499999999999936,True,False,,True,True,True,True,BOJ_20250319,1,True,BOJ_20250319,1,False,True,False,False
next_observation,FOMC_20250319,FOMC,2025-03-19,2025-03-20,2025-03-20,7602,0,0.0006387091569350258,9.61,-0.07750000000000057,True,True,BOJ_20250319,True,True,True,True,BOJ_20250319,1,True,BOJ_20250319,1,False,True,False,False
next_observation,FOMC_20250319,FOMC,2025-03-19,2025-03-20,2025-03-21,7602,1,0.0035558574870755435,9.595,-0.014999999999998792,True,False,,True,True,True,True,BOJ_20250319,1,True,BOJ_20250319,1,False,True,False,False
next_observation,FOMC_20250319,FOMC,2025-03-19,2025-03-20,2025-03-24,7602,2,0.00926611522924482,9.44,-0.15500000000000114,True,False,,True,True,True,True,BOJ_20250319,1,True,BOJ_20250319,1,False,True,False,False
next_observation,FOMC_20250319,FOMC,2025-03-19,2025-03-20,2025-03-25,7602,3,-0.005289169558163851,9.365,-0.07499999999999929,True,False,,True,True,True,True,BOJ_20250319,1,True,BOJ_20250319,1,False,True,False,False
next_observation,FOMC_20250319,FOMC,2025-03-19,2025-03-20,2025-03-26,7602,4,0.004392978310728643,9.3225,-0.042500000000000426,True,False,,True,True,True,True,BOJ_20250319,1,True,BOJ_20250319,1,False,True,False,False
next_observation,FOMC_20250319,FOMC,2025-03-19,2025-03-20,2025-03-27,7602,5,0.0031497133278788666,9.2275,-0.09500000000000064,True,False,,True,True,True,True,BOJ_20250319,1,True,BOJ_20250319,1,False,True,False,False
next_observation,FOMC_20250319,FOMC,2025-03-19,2025-03-20,2025-03-28,7602,6,-0.008009747526997906,9.325,0.09750000000000014,True,False,,True,True,True,True,BOJ_20250319,1,True,BOJ_20250319,1,False,True,False,False
next_observation,FOMC_20250319,FOMC,2025-03-19,2025-03-20,2025-03-31,7602,7,0.0008338754006317121,10.265,0.9400000000000013,True,False,,True,True,True,True,BOJ_20250319,1,True,BOJ_20250319,1,False,True,False,False
next_observation,FOMC_20250319,FOMC,2025-03-19,2025-03-20,2025-04-01,7602,8,-0.002370025310323797,10.845,0.5800000000000001,True,False,,True,True,True,True,BOJ_20250319,1,True,BOJ_20250319,1,False,True,False,False
next_observation,FOMC_20250319,FOMC,2025-03-19,2025-03-20,2025-04-02,7602,9,-0.0022081711271072085,10.655,-0.19000000000000128,True,False,,True,True,True,True,BOJ_20250319,1,True,BOJ_20250319,1,False,True,False,False
next_observation,FOMC_20250319,FOMC,2025-03-19,2025-03-20,2025-04-03,7602,10,-0.02180624090706999,12.3375,1.682500000000001,True,False,,True,True,True,True,BOJ_20250319,1,True,BOJ_20250319,1,False,True,False,False
next_observation,FOMC_20250507,FOMC,2025-05-07,2025-05-08,2025-04-10,7637,-20,-0.022690523631126034,13.7175,1.004999999999999,True,False,,True,True,True,True,BOJ_20250501,1,False,,0,False,True,False,True
next_observation,FOMC_20250507,FOMC,2025-05-07,2025-05-08,2025-04-11,7637,-19,-0.006285070257932658,15.115,1.3975000000000009,True,False,,True,True,True,True,BOJ_20250501,1,False,,0,False,True,False,True
next_observation,FOMC_20250507,FOMC,2025-05-07,2025-05-08,2025-04-14,7637,-18,-0.003384570302940329,13.9525,-1.1624999999999996,True,False,,True,True,True,True,BOJ_20250501,1,False,,0,False,True,False,True
next_observation,FOMC_20250507,FOMC,2025-05-07,2025-05-08,2025-04-15,7637,-17,0.0011178259451596238,13.6325,-0.3200000000000003,True,False,,True,True,True,True,BOJ_20250501,1,False,,0,False,True,False,True
next_observation,FOMC_20250507,FOMC,2025-05-07,2025-05-08,2025-04-16,7637,-16,-0.009365367738724071,14.1275,0.4949999999999992,True,False,,True,True,True,True,BOJ_20250501,1,False,,0,False,True,False,True
next_observation,FOMC_20250507,FOMC,2025-05-07,2025-05-08,2025-04-17,7637,-15,0.003904125388750795,12.745,-1.3825000000000003,True,False,,True,True,True,True,BOJ_20250501,1,False,,0,False,True,False,True
next_observation,FOMC_20250507,FOMC,2025-05-07,2025-05-08,2025-04-18,7637,-14,-0.0017567287210573115,12.595,-0.14999999999999858,True,False,,True,True,True,True,BOJ_20250501,1,False,,0,False,True,False,True
next_observation,FOMC_20250507,FOMC,2025-05-07,2025-05-08,2025-04-21,7637,-13,-0.009398034123255444,13.435,0.8399999999999999,True,False,,True,True,True,True,BOJ_20250501,1,False,,0,False,True,False,True
next_observation,FOMC_20250507,FOMC,2025-05-07,2025-05-08,2025-04-22,7637,-12,0.005098619550009429,13.4425,0.007500000000000284,True,False,,True,True,True,True,BOJ_20250501,1,False,,0,False,True,False,True
next_observation,FOMC_20250507,FOMC,2025-05-07,2025-05-08,2025-04-23,7637,-11,0.013156930427505204,12.58,-0.8625000000000007,True,False,,True,True,True,True,BOJ_20250501,1,False,,0,False,True,False,True
next_observation,FOMC_20250507,FOMC,2025-05-07,2025-05-08,2025-04-24,7637,-10,-0.005767734245133961,11.865,-0.7149999999999999,True,False,,True,True,True,True,BOJ_20250501,1,False,,0,False,True,False,True
next_observation,FOMC_20250507,FOMC,2025-05-07,2025-05-08,2025-04-25,7637,-9,0.007334996211565691,11.8675,0.0024999999999995026,True,False,,True,True,True,True,BOJ_20250501,1,False,,0,False,True,False,True
next_observation,FOMC_20250507,FOMC,2025-05-07,2025-05-08,2025-04-28,7637,-8,-0.011656326736883701,12.3275,0.46000000000000085,True,False,,True,True,True,True,BOJ_20250501,1,False,,0,False,True,False,True
next_observation,FOMC_20250507,FOMC,2025-05-07,2025-05-08,2025-04-29,7637,-7,0.0022859564369100936,12.425,0.09750000000000014,True,False,,True,True,True,True,BOJ_20250501,1,False,,0,False,True,False,True
next_observation,FOMC_20250507,FOMC,2025-05-07,2025-05-08,2025-04-30,7637,-6,0.005115638346130129,12.245,-0.1800000000000015,True,False,,True,True,True,True,BOJ_20250501,1,False,,0,False,True,False,True
next_observation,FOMC_20250507,FOMC,2025-05-07,2025-05-08,2025-05-01,7637,-5,0.016155104172719172,11.735,-0.5099999999999998,True,False,,True,True,True,True,BOJ_20250501,1,False,,0,False,True,False,True
next_observation,FOMC_20250507,FOMC,2025-05-07,2025-05-08,2025-05-02,7637,-4,-0.002996334318011564,11.975,0.2400000000000002,True,True,BOJ_20250501,True,True,True,True,BOJ_20250501,1,False,,0,False,True,False,True
next_observation,FOMC_20250507,FOMC,2025-05-07,2025-05-08,2025-05-05,7637,-3,-0.008730049209690043,12.6125,0.6375000000000011,True,False,,True,True,True,True,BOJ_20250501,1,False,,0,False,True,False,True
next_observation,FOMC_20250507,FOMC,2025-05-07,2025-05-08,2025-05-06,7637,-2,-0.00873673214106191,12.69,0.07749999999999879,True,False,,True,True,True,True,BOJ_20250501,1,False,,0,False,True,False,True
next_observation,FOMC_20250507,FOMC,2025-05-07,2025-05-08,2025-05-07,7637,-1,0.009606221805439933,12.1175,-0.5724999999999998,True,False,,True,True,True,True,BOJ_20250501,1,False,,0,False,True,False,True
next_observation,FOMC_20250507,FOMC,2025-05-07,2025-05-08,2025-05-08,7637,0,0.014426977638716644,11.415,-0.7025000000000006,True,False,,True,True,True,True,BOJ_20250501,1,False,,0,False,True,False,True
next_observation,FOMC_20250507,FOMC,2025-05-07,2025-05-08,2025-05-09,7637,1,-0.0037764395334504907,11.37,-0.04499999999999993,True,False,,True,True,True,True,BOJ_20250501,1,False,,0,False,True,False,True
next_observation,FOMC_20250507,FOMC,2025-05-07,2025-05-08,2025-05-12,7637,2,0.021101419373132126,10.47,-0.8999999999999986,True,False,,True,True,True,True,BOJ_20250501,1,False,,0,False,True,False,True
next_observation,FOMC_20250507,FOMC,2025-05-07,2025-05-08,2025-05-13,7637,3,-0.006690570338616202,9.685,-0.7850000000000001,True,False,,True,True,True,True,BOJ_20250501,1,False,,0,False,True,False,True
next_observation,FOMC_20250507,FOMC,2025-05-07,2025-05-08,2025-05-14,7637,4,-0.004928211180933273,10.605,0.9199999999999999,True,False,,True,True,True,True,BOJ_20250501,1,False,,0,False,True,False,True
next_observation,FOMC_20250507,FOMC,2025-05-07,2025-05-08,2025-05-15,7637,5,-0.007386669247349402,11.115,0.5099999999999998,True,False,,True,True,True,True,BOJ_20250501,1,False,,0,False,True,False,True
next_observation,FOMC_20250507,FOMC,2025-05-07,2025-05-08,2025-05-16,7637,6,0.00020592374030262468,10.85,-0.26500000000000057,True,False,,True,True,True,True,BOJ_20250501,1,False,,0,False,True,False,True
next_observation,FOMC_20250507,FOMC,2025-05-07,2025-05-08,2025-05-19,7637,7,-0.005747438945149973,11.3625,0.5125000000000011,True,False,,True,True,True,True,BOJ_20250501,1,False,,0,False,True,False,True
next_observation,FOMC_20250507,FOMC,2025-05-07,2025-05-08,2025-05-20,7637,8,-0.0024881652260357553,11.0825,-0.28000000000000114,True,False,,True,True,True,True,BOJ_20250501,1,False,,0,False,True,False,True
next_observation,FOMC_20250507,FOMC,2025-05-07,2025-05-08,2025-05-21,7637,9,-0.0057255044760838635,11.9425,0.8600000000000012,True,False,,True,True,True,True,BOJ_20250501,1,False,,0,False,True,False,True
next_observation,FOMC_20250507,FOMC,2025-05-07,2025-05-08,2025-05-22,7637,10,0.0023288562638072267,11.5925,-0.3500000000000014,True,False,,True,True,True,True,BOJ_20250501,1,False,,0,False,True,False,True
next_observation,FOMC_20250618,FOMC,2025-06-18,2025-06-19,2025-05-22,7667,-20,0.0023288562638072267,11.5925,-0.3500000000000014,True,False,,True,True,True,True,BOJ_20250617,1,False,,0,False,True,False,True
next_observation,FOMC_20250618,FOMC,2025-06-18,2025-06-19,2025-05-23,7667,-19,-0.010189570662007421,12.095,0.5025000000000013,True,False,,True,True,True,True,BOJ_20250617,1,False,,0,False,True,False,True
next_observation,FOMC_20250618,FOMC,2025-06-18,2025-06-19,2025-05-26,7667,-18,0.002032236158430024,12.325,0.22999999999999865,True,False,,True,True,True,True,BOJ_20250617,1,False,,0,False,True,False,True
next_observation,FOMC_20250618,FOMC,2025-06-18,2025-06-19,2025-05-27,7667,-17,0.010376860297701612,11.79,-0.5350000000000001,True,False,,True,True,True,True,BOJ_20250617,1,False,,0,False,True,False,True
next_observation,FOMC_20250618,FOMC,2025-06-18,2025-06-19,2025-05-28,7667,-16,0.003492698285619578,11.175,-0.6149999999999984,True,False,,True,True,True,True,BOJ_20250617,1,False,,0,False,True,False,True
next_observation,FOMC_20250618,FOMC,2025-06-18,2025-06-19,2025-05-29,7667,-15,-0.004359114323461636,11.43,0.254999999999999,True,False,,True,True,True,True,BOJ_20250617,1,False,,0,False,True,False,True
next_observation,FOMC_20250618,FOMC,2025-06-18,2025-06-19,2025-05-30,7667,-14,-0.0013183917532582244,11.2675,-0.16249999999999964,True,False,,True,True,True,True,BOJ_20250617,1,False,,0,False,True,False,True
next_observation,FOMC_20250618,FOMC,2025-06-18,2025-06-19,2025-06-02,7667,-13,-0.00917261640936874,12.0,0.7324999999999999,True,False,,True,True,True,True,BOJ_20250617,1,False,,0,False,True,False,True
next_observation,FOMC_20250618,FOMC,2025-06-18,2025-06-19,2025-06-03,7667,-12,0.008860110981384077,11.5875,-0.41249999999999964,True,False,,True,True,True,True,BOJ_20250617,1,False,,0,False,True,False,True
next_observation,FOMC_20250618,FOMC,2025-06-18,2025-06-19,2025-06-04,7667,-11,-0.008439751567901017,11.7975,0.20999999999999908,True,False,,True,True,True,True,BOJ_20250617,1,False,,0,False,True,False,True
next_observation,FOMC_20250618,FOMC,2025-06-18,2025-06-19,2025-06-05,7667,-10,0.005344150758454033,11.4925,-0.3049999999999997,True,False,,True,True,True,True,BOJ_20250617,1,False,,0,False,True,False,True
next_observation,FOMC_20250618,FOMC,2025-06-18,2025-06-19,2025-06-06,7667,-9,0.009120132568914302,10.655,-0.8375000000000004,True,False,,True,True,True,True,BOJ_20250617,1,False,,0,False,True,False,True
next_observation,FOMC_20250618,FOMC,2025-06-18,2025-06-19,2025-06-09,7667,-8,-0.0019003858318523176,10.53,-0.125,True,False,,True,True,True,True,BOJ_20250617,1,False,,0,False,True,False,True
next_observation,FOMC_20250618,FOMC,2025-06-18,2025-06-19,2025-06-10,7667,-7,0.0020384549356581463,10.4375,-0.09249999999999936,True,False,,True,True,True,True,BOJ_20250617,1,False,,0,False,True,False,True
next_observation,FOMC_20250618,FOMC,2025-06-18,2025-06-19,2025-06-11,7667,-6,-0.002142216284648584,10.05,-0.3874999999999993,True,False,,True,True,True,True,BOJ_20250617,1,False,,0,False,True,False,True
next_observation,FOMC_20250618,FOMC,2025-06-18,2025-06-19,2025-06-12,7667,-5,-0.007464405307278697,10.4875,0.4375,True,False,,True,True,True,True,BOJ_20250617,1,False,,0,False,True,False,True
next_observation,FOMC_20250618,FOMC,2025-06-18,2025-06-19,2025-06-13,7667,-4,0.004103639909299735,10.705,0.21749999999999936,True,False,,True,True,True,True,BOJ_20250617,1,False,,0,False,True,False,True
next_observation,FOMC_20250618,FOMC,2025-06-18,2025-06-19,2025-06-16,7667,-3,0.0046742809687885965,10.5225,-0.18249999999999922,True,False,,True,True,True,True,BOJ_20250617,1,False,,0,False,True,False,True
next_observation,FOMC_20250618,FOMC,2025-06-18,2025-06-19,2025-06-17,7667,-2,0.0037581715410774,10.37,-0.15250000000000163,True,False,,True,True,True,True,BOJ_20250617,1,False,,0,False,True,False,True
next_observation,FOMC_20250618,FOMC,2025-06-18,2025-06-19,2025-06-18,7667,-1,-0.001101852600976099,10.0825,-0.28749999999999964,True,True,BOJ_20250617,True,True,True,True,BOJ_20250617,1,False,,0,False,True,False,True
next_observation,FOMC_20250618,FOMC,2025-06-18,2025-06-19,2025-06-19,7667,0,0.002202492458939183,9.825,-0.2575000000000003,True,False,,True,True,True,True,BOJ_20250617,1,False,,0,False,True,False,True
next_observation,FOMC_20250618,FOMC,2025-06-18,2025-06-19,2025-06-20,7667,1,0.004356259140061676,9.3425,-0.48249999999999993,True,False,,True,True,True,True,BOJ_20250617,1,False,,0,False,True,False,True
next_observation,FOMC_20250618,FOMC,2025-06-18,2025-06-19,2025-06-23,7667,2,0.0004790583174016809,9.9725,0.6300000000000008,True,False,,True,True,True,True,BOJ_20250617,1,False,,0,False,True,False,True
next_observation,FOMC_20250618,FOMC,2025-06-18,2025-06-19,2025-06-24,7667,3,-0.008347838717538553,10.06,0.08750000000000036,True,False,,True,True,True,True,BOJ_20250617,1,False,,0,False,True,False,True
next_observation,FOMC_20250618,FOMC,2025-06-18,2025-06-19,2025-06-25,7667,4,0.0020332564943964094,9.8125,-0.2475000000000005,True,False,,True,True,True,True,BOJ_20250617,1,False,,0,False,True,False,True
next_observation,FOMC_20250618,FOMC,2025-06-18,2025-06-19,2025-06-26,7667,5,-0.005627399152496123,10.0975,0.28500000000000014,True,False,,True,True,True,True,BOJ_20250617,1,False,,0,False,True,False,True
next_observation,FOMC_20250618,FOMC,2025-06-18,2025-06-19,2025-06-27,7667,6,0.001591310399108393,9.905,-0.19250000000000078,True,False,,True,True,True,True,BOJ_20250617,1,False,,0,False,True,False,True
next_observation,FOMC_20250618,FOMC,2025-06-18,2025-06-19,2025-06-30,7667,7,-0.00429542021118542,10.505,0.6000000000000014,True,False,,True,True,True,True,BOJ_20250617,1,False,,0,False,True,False,True
next_observation,FOMC_20250618,FOMC,2025-06-18,2025-06-19,2025-07-01,7667,8,-0.004209360723023848,10.865,0.35999999999999943,True,False,,True,True,True,True,BOJ_20250617,1,False,,0,False,True,False,True
next_observation,FOMC_20250618,FOMC,2025-06-18,2025-06-19,2025-07-02,7667,9,0.0016371461587207498,10.68,-0.1850000000000005,True,False,,True,True,True,True,BOJ_20250617,1,False,,0,False,True,False,True
next_observation,FOMC_20250618,FOMC,2025-06-18,2025-06-19,2025-07-03,7667,10,0.008766970579141092,10.105,-0.5749999999999993,True,False,,True,True,True,True,BOJ_20250617,1,False,,0,False,True,False,True
next_observation,FOMC_20250730,FOMC,2025-07-30,2025-07-31,2025-07-03,7697,-20,0.008766970579141092,10.105,-0.5749999999999993,True,False,,True,True,True,True,BOJ_20250731,1,True,BOJ_20250731,1,False,True,False,False
next_observation,FOMC_20250730,FOMC,2025-07-30,2025-07-31,2025-07-04,7697,-19,-0.003144493684506617,10.06,-0.04499999999999993,True,False,,True,True,True,True,BOJ_20250731,1,True,BOJ_20250731,1,False,True,False,False
next_observation,FOMC_20250730,FOMC,2025-07-30,2025-07-31,2025-07-07,7697,-18,0.010911389557539385,10.6025,0.5424999999999986,True,False,,True,True,True,True,BOJ_20250731,1,True,BOJ_20250731,1,False,True,False,False
next_observation,FOMC_20250730,FOMC,2025-07-30,2025-07-31,2025-07-08,7697,-17,0.0035539797514495216,10.675,0.07250000000000156,True,False,,True,True,True,True,BOJ_20250731,1,True,BOJ_20250731,1,False,True,False,False
next_observation,FOMC_20250730,FOMC,2025-07-30,2025-07-31,2025-07-09,7697,-16,-0.001707067672994159,10.32,-0.3550000000000004,True,False,,True,True,True,True,BOJ_20250731,1,True,BOJ_20250731,1,False,True,False,False
next_observation,FOMC_20250730,FOMC,2025-07-30,2025-07-31,2025-07-10,7697,-15,-0.00047850161552815144,9.7525,-0.5675000000000008,True,False,,True,True,True,True,BOJ_20250731,1,True,BOJ_20250731,1,False,True,False,False
next_observation,FOMC_20250730,FOMC,2025-07-30,2025-07-31,2025-07-11,7697,-14,0.008001813299972117,9.945,0.19250000000000078,True,False,,True,True,True,True,BOJ_20250731,1,True,BOJ_20250731,1,False,True,False,False
next_observation,FOMC_20250730,FOMC,2025-07-30,2025-07-31,2025-07-14,7697,-13,0.00196510312263395,10.5925,0.6474999999999991,True,False,,True,True,True,True,BOJ_20250731,1,True,BOJ_20250731,1,False,True,False,False
next_observation,FOMC_20250730,FOMC,2025-07-30,2025-07-31,2025-07-15,7697,-12,0.007788437691101762,11.025,0.432500000000001,True,False,,True,True,True,True,BOJ_20250731,1,True,BOJ_20250731,1,False,True,False,False
next_observation,FOMC_20250730,FOMC,2025-07-30,2025-07-31,2025-07-16,7697,-11,-0.006705893607032987,10.94,-0.08500000000000085,True,False,,True,True,True,True,BOJ_20250731,1,True,BOJ_20250731,1,False,True,False,False
next_observation,FOMC_20250730,FOMC,2025-07-30,2025-07-31,2025-07-17,7697,-10,0.004722399655228899,10.7375,-0.2024999999999988,True,False,,True,True,True,True,BOJ_20250731,1,True,BOJ_20250731,1,False,True,False,False
next_observation,FOMC_20250730,FOMC,2025-07-30,2025-07-31,2025-07-18,7697,-9,0.0015803900463154785,10.7275,-0.010000000000001563,True,False,,True,True,True,True,BOJ_20250731,1,True,BOJ_20250731,1,False,True,False,False
next_observation,FOMC_20250730,FOMC,2025-07-30,2025-07-31,2025-07-21,7697,-8,-0.009689638431122236,9.9725,-0.754999999999999,True,False,,True,True,True,True,BOJ_20250731,1,True,BOJ_20250731,1,False,True,False,False
next_observation,FOMC_20250730,FOMC,2025-07-30,2025-07-31,2025-07-22,7697,-7,-0.005101878349865428,10.1025,0.129999999999999,True,False,,True,True,True,True,BOJ_20250731,1,True,BOJ_20250731,1,False,True,False,False
next_observation,FOMC_20250730,FOMC,2025-07-30,2025-07-31,2025-07-23,7697,-6,-0.0008187214757662609,9.9425,-0.15999999999999837,True,False,,True,True,True,True,BOJ_20250731,1,True,BOJ_20250731,1,False,True,False,False
next_observation,FOMC_20250730,FOMC,2025-07-30,2025-07-31,2025-07-24,7697,-5,0.0034069261626531234,9.63,-0.3125,True,False,,True,True,True,True,BOJ_20250731,1,True,BOJ_20250731,1,False,True,False,False
next_observation,FOMC_20250730,FOMC,2025-07-30,2025-07-31,2025-07-25,7697,-4,0.004581015493614757,9.6675,0.037499999999999645,True,False,,True,True,True,True,BOJ_20250731,1,True,BOJ_20250731,1,False,True,False,False
next_observation,FOMC_20250730,FOMC,2025-07-30,2025-07-31,2025-07-28,7697,-3,0.005705330871951927,9.52,-0.14750000000000085,True,False,,True,True,True,True,BOJ_20250731,1,True,BOJ_20250731,1,False,True,False,False
next_observation,FOMC_20250730,FOMC,2025-07-30,2025-07-31,2025-07-29,7697,-2,-0.00043771781368588545,9.1925,-0.3274999999999988,True,False,,True,True,True,True,BOJ_20250731,1,True,BOJ_20250731,1,False,True,False,False
next_observation,FOMC_20250730,FOMC,2025-07-30,2025-07-31,2025-07-30,7697,-1,0.007014039998080775,9.1425,-0.05000000000000071,True,False,,True,True,True,True,BOJ_20250731,1,True,BOJ_20250731,1,False,True,False,False
next_observation,FOMC_20250730,FOMC,2025-07-30,2025-07-31,2025-07-31,7697,0,0.008226387335550853,9.1375,-0.005000000000000782,True,False,,True,True,True,True,BOJ_20250731,1,True,BOJ_20250731,1,False,True,False,False
next_observation,FOMC_20250730,FOMC,2025-07-30,2025-07-31,2025-08-01,7697,1,-0.02247360968406957,9.555,0.4175000000000004,True,True,BOJ_20250731,True,True,True,True,BOJ_20250731,1,True,BOJ_20250731,1,False,True,False,False
next_observation,FOMC_20250730,FOMC,2025-07-30,2025-07-31,2025-08-04,7697,2,-0.002105406917362158,9.98,0.4250000000000007,True,False,,True,True,True,True,BOJ_20250731,1,True,BOJ_20250731,1,False,True,False,False
next_observation,FOMC_20250730,FOMC,2025-07-30,2025-07-31,2025-08-05,7697,3,0.0036307533819507827,9.55,-0.4299999999999997,True,False,,True,True,True,True,BOJ_20250731,1,True,BOJ_20250731,1,False,True,False,False
next_observation,FOMC_20250730,FOMC,2025-07-30,2025-07-31,2025-08-06,7697,4,-0.0017289019002214424,9.515,-0.03500000000000014,True,False,,True,True,True,True,BOJ_20250731,1,True,BOJ_20250731,1,False,True,False,False
next_observation,FOMC_20250730,FOMC,2025-07-30,2025-07-31,2025-08-07,7697,5,-0.0015619697572963461,9.725,0.20999999999999908,True,False,,True,True,True,True,BOJ_20250731,1,True,BOJ_20250731,1,False,True,False,False
next_observation,FOMC_20250730,FOMC,2025-07-30,2025-07-31,2025-08-08,7697,6,0.004103439416203264,9.27,-0.45500000000000007,True,False,,True,True,True,True,BOJ_20250731,1,True,BOJ_20250731,1,False,True,False,False
next_observation,FOMC_20250730,FOMC,2025-07-30,2025-07-31,2025-08-11,7697,7,0.0027713019189823528,9.105,-0.16499999999999915,True,False,,True,True,True,True,BOJ_20250731,1,True,BOJ_20250731,1,False,True,False,False
next_observation,FOMC_20250730,FOMC,2025-07-30,2025-07-31,2025-08-12,7697,8,-0.0020946661262000055,8.8975,-0.20749999999999957,True,False,,True,True,True,True,BOJ_20250731,1,True,BOJ_20250731,1,False,True,False,False
next_observation,FOMC_20250730,FOMC,2025-07-30,2025-07-31,2025-08-13,7697,9,-0.003150249035839072,8.9225,0.02499999999999858,True,False,,True,True,True,True,BOJ_20250731,1,True,BOJ_20250731,1,False,True,False,False
next_observation,FOMC_20250730,FOMC,2025-07-30,2025-07-31,2025-08-14,7697,10,0.0026089770334494686,8.9525,0.030000000000001137,True,False,,True,True,True,True,BOJ_20250731,1,True,BOJ_20250731,1,False,True,False,False
next_observation,FOMC_20250917,FOMC,2025-09-17,2025-09-18,2025-08-21,7732,-20,0.007034185243439576,8.9325,0.1899999999999995,True,False,,True,True,True,True,BOJ_20250919,1,True,BOJ_20250919,1,False,True,False,False
next_observation,FOMC_20250917,FOMC,2025-09-17,2025-09-18,2025-08-22,7732,-19,-0.009650786855277703,8.975,0.042500000000000426,True,False,,True,True,True,True,BOJ_20250919,1,True,BOJ_20250919,1,False,True,False,False
next_observation,FOMC_20250917,FOMC,2025-09-17,2025-09-18,2025-08-25,7732,-18,0.005767811335123162,8.985,0.009999999999999787,True,False,,True,True,True,True,BOJ_20250919,1,True,BOJ_20250919,1,False,True,False,False
next_observation,FOMC_20250917,FOMC,2025-09-17,2025-09-18,2025-08-26,7732,-17,-0.002676198687311372,9.12,0.1349999999999998,True,False,,True,True,True,True,BOJ_20250919,1,True,BOJ_20250919,1,False,True,False,False
next_observation,FOMC_20250917,FOMC,2025-09-17,2025-09-18,2025-08-27,7732,-16,0.00010175873013866495,9.4425,0.32250000000000156,True,False,,True,True,True,True,BOJ_20250919,1,True,BOJ_20250919,1,False,True,False,False
next_observation,FOMC_20250917,FOMC,2025-09-17,2025-09-18,2025-08-28,7732,-15,-0.0032614263664072613,9.7,0.2574999999999985,True,False,,True,True,True,True,BOJ_20250919,1,True,BOJ_20250919,1,False,True,False,False
next_observation,FOMC_20250917,FOMC,2025-09-17,2025-09-18,2025-08-29,7732,-14,0.0008163543431023706,9.42,-0.27999999999999936,True,False,,True,True,True,True,BOJ_20250919,1,True,BOJ_20250919,1,False,True,False,False
next_observation,FOMC_20250917,FOMC,2025-09-17,2025-09-18,2025-09-01,7732,-13,0.0008496610363828633,9.845,0.4250000000000007,True,False,,True,True,True,True,BOJ_20250919,1,True,BOJ_20250919,1,False,True,False,False
next_observation,FOMC_20250917,FOMC,2025-09-17,2025-09-18,2025-09-02,7732,-12,0.008019126361460882,9.915,0.06999999999999851,True,False,,True,True,True,True,BOJ_20250919,1,True,BOJ_20250919,1,False,True,False,False
next_observation,FOMC_20250917,FOMC,2025-09-17,2025-09-18,2025-09-03,7732,-11,-0.0017877325861607892,10.0475,0.13250000000000028,True,False,,True,True,True,True,BOJ_20250919,1,True,BOJ_20250919,1,False,True,False,False
next_observation,FOMC_20250917,FOMC,2025-09-17,2025-09-18,2025-09-04,7732,-10,0.0026298946342171916,9.8525,-0.19500000000000028,True,False,,True,True,True,True,BOJ_20250919,1,True,BOJ_20250919,1,False,True,False,False
next_observation,FOMC_20250917,FOMC,2025-09-17,2025-09-18,2025-09-05,7732,-9,-0.0071641290462417795,9.72,-0.1324999999999985,True,False,,True,True,True,True,BOJ_20250919,1,True,BOJ_20250919,1,False,True,False,False
next_observation,FOMC_20250917,FOMC,2025-09-17,2025-09-18,2025-09-08,7732,-8,0.00047468891814610403,9.815,0.09499999999999886,True,False,,True,True,True,True,BOJ_20250919,1,True,BOJ_20250919,1,False,True,False,False
next_observation,FOMC_20250917,FOMC,2025-09-17,2025-09-18,2025-09-09,7732,-7,-0.0006103557206877636,9.9025,0.08750000000000036,True,False,,True,True,True,True,BOJ_20250919,1,True,BOJ_20250919,1,False,True,False,False
next_observation,FOMC_20250917,FOMC,2025-09-17,2025-09-18,2025-09-10,7732,-6,0.0003730394278103608,9.4625,-0.4399999999999995,True,False,,True,True,True,True,BOJ_20250919,1,True,BOJ_20250919,1,False,True,False,False
next_observation,FOMC_20250917,FOMC,2025-09-17,2025-09-18,2025-09-11,7732,-5,-0.0017307207170755682,9.0875,-0.375,True,False,,True,True,True,True,BOJ_20250919,1,True,BOJ_20250919,1,False,True,False,False
next_observation,FOMC_20250917,FOMC,2025-09-17,2025-09-18,2025-09-12,7732,-4,0.003153774423377534,8.97,-0.11749999999999972,True,False,,True,True,True,True,BOJ_20250919,1,True,BOJ_20250919,1,False,True,False,False
next_observation,FOMC_20250917,FOMC,2025-09-17,2025-09-18,2025-09-15,7732,-3,-0.0018639334380627533,9.0475,0.07749999999999879,True,False,,True,True,True,True,BOJ_20250919,1,True,BOJ_20250919,1,False,True,False,False
next_observation,FOMC_20250917,FOMC,2025-09-17,2025-09-18,2025-09-16,7732,-2,-0.00626107938898084,9.7975,0.75,True,False,,True,True,True,True,BOJ_20250919,1,True,BOJ_20250919,1,False,True,False,False
next_observation,FOMC_20250917,FOMC,2025-09-17,2025-09-18,2025-09-17,7732,-1,0.003441640389636137,9.41,-0.3874999999999993,True,False,,True,True,True,True,BOJ_20250919,1,True,BOJ_20250919,1,False,True,False,False
next_observation,FOMC_20250917,FOMC,2025-09-17,2025-09-18,2025-09-18,7732,0,0.006881733008223595,8.8175,-0.5924999999999994,True,False,,True,True,True,True,BOJ_20250919,1,True,BOJ_20250919,1,False,True,False,False
next_observation,FOMC_20250917,FOMC,2025-09-17,2025-09-18,2025-09-19,7732,1,-0.0003716906900485373,8.445,-0.3725000000000005,True,False,,True,True,True,True,BOJ_20250919,1,True,BOJ_20250919,1,False,True,False,False
next_observation,FOMC_20250917,FOMC,2025-09-17,2025-09-18,2025-09-22,7732,2,-0.0015558414827549294,8.5325,0.08750000000000036,True,True,BOJ_20250919,True,True,True,True,BOJ_20250919,1,True,BOJ_20250919,1,False,True,False,False
next_observation,FOMC_20250917,FOMC,2025-09-17,2025-09-18,2025-09-23,7732,3,-0.00050786342951382,8.4325,-0.10000000000000142,True,False,,True,True,True,True,BOJ_20250919,1,True,BOJ_20250919,1,False,True,False,False
next_observation,FOMC_20250917,FOMC,2025-09-17,2025-09-18,2025-09-24,7732,4,0.008498061528165464,8.4075,-0.02499999999999858,True,False,,True,True,True,True,BOJ_20250919,1,True,BOJ_20250919,1,False,True,False,False
next_observation,FOMC_20250917,FOMC,2025-09-17,2025-09-18,2025-09-25,7732,5,0.005992752998987429,8.3675,-0.040000000000000924,True,False,,True,True,True,True,BOJ_20250919,1,True,BOJ_20250919,1,False,True,False,False
next_observation,FOMC_20250917,FOMC,2025-09-17,2025-09-18,2025-09-26,7732,6,-0.0020381917275277424,8.3875,0.019999999999999574,True,False,,True,True,True,True,BOJ_20250919,1,True,BOJ_20250919,1,False,True,False,False
next_observation,FOMC_20250917,FOMC,2025-09-17,2025-09-18,2025-09-29,7732,7,-0.00600501661935447,9.3775,0.9900000000000002,True,False,,True,True,True,True,BOJ_20250919,1,True,BOJ_20250919,1,False,True,False,False
next_observation,FOMC_20250917,FOMC,2025-09-17,2025-09-18,2025-09-30,7732,8,-0.004688114625314228,9.415,0.037499999999999645,True,False,,True,True,True,True,BOJ_20250919,1,True,BOJ_20250919,1,False,True,False,False
next_observation,FOMC_20250917,FOMC,2025-09-17,2025-09-18,2025-10-01,7732,9,-0.005593708966234528,9.6275,0.21250000000000036,True,False,,True,True,True,True,BOJ_20250919,1,True,BOJ_20250919,1,False,True,False,False
next_observation,FOMC_20250917,FOMC,2025-09-17,2025-09-18,2025-10-02,7732,10,0.0012570711900511137,9.045,-0.5824999999999996,True,False,,True,True,True,True,BOJ_20250919,1,True,BOJ_20250919,1,False,True,False,False
next_observation,FOMC_20251029,FOMC,2025-10-29,2025-10-30,2025-10-02,7762,-20,0.0012570711900511137,9.045,-0.5824999999999996,True,False,,True,True,True,True,BOJ_20251030,1,True,BOJ_20251030,1,False,True,False,False
next_observation,FOMC_20251029,FOMC,2025-10-29,2025-10-30,2025-10-03,7762,-19,0.0013911275464263515,8.6175,-0.4275000000000002,True,False,,True,True,True,True,BOJ_20251030,1,True,BOJ_20251030,1,False,True,False,False
next_observation,FOMC_20251029,FOMC,2025-10-29,2025-10-30,2025-10-06,7762,-18,0.019375049947541096,8.8275,0.21000000000000085,True,False,,True,True,True,True,BOJ_20251030,1,True,BOJ_20251030,1,False,True,False,False
next_observation,FOMC_20251029,FOMC,2025-10-29,2025-10-30,2025-10-07,7762,-17,0.010256500167188841,9.46,0.6325000000000003,True,False,,True,True,True,True,BOJ_20251030,1,True,BOJ_20251030,1,False,True,False,False
next_observation,FOMC_20251029,FOMC,2025-10-29,2025-10-30,2025-10-08,7762,-16,0.005187312593693163,9.7075,0.24749999999999872,True,False,,True,True,True,True,BOJ_20251030,1,True,BOJ_20251030,1,False,True,False,False
next_observation,FOMC_20251029,FOMC,2025-10-29,2025-10-30,2025-10-09,7762,-15,0.0025182751685978505,9.725,0.01750000000000007,True,False,,True,True,True,True,BOJ_20251030,1,True,BOJ_20251030,1,False,True,False,False
next_observation,FOMC_20251029,FOMC,2025-10-29,2025-10-30,2025-10-10,7762,-14,-0.012390673371908275,10.17,0.4450000000000003,True,False,,True,True,True,True,BOJ_20251030,1,True,BOJ_20251030,1,False,True,False,False
next_observation,FOMC_20251029,FOMC,2025-10-29,2025-10-30,2025-10-13,7762,-13,0.007150772730438327,10.215,0.04499999999999993,True,False,,True,True,True,True,BOJ_20251030,1,True,BOJ_20251030,1,False,True,False,False
next_observation,FOMC_20251029,FOMC,2025-10-29,2025-10-30,2025-10-14,7762,-12,-0.0028278330037233017,10.1175,-0.09750000000000014,True,False,,True,True,True,True,BOJ_20251030,1,True,BOJ_20251030,1,False,True,False,False
next_observation,FOMC_20251029,FOMC,2025-10-29,2025-10-30,2025-10-15,7762,-11,-0.005216254812010952,9.8275,-0.28999999999999915,True,False,,True,True,True,True,BOJ_20251030,1,True,BOJ_20251030,1,False,True,False,False
next_observation,FOMC_20251029,FOMC,2025-10-29,2025-10-30,2025-10-16,7762,-10,-0.004146149197081528,9.635,-0.19250000000000078,True,False,,True,True,True,True,BOJ_20251030,1,True,BOJ_20251030,1,False,True,False,False
next_observation,FOMC_20251029,FOMC,2025-10-29,2025-10-30,2025-10-17,7762,-9,0.0011626556361437426,9.4975,-0.1374999999999993,True,False,,True,True,True,True,BOJ_20251030,1,True,BOJ_20251030,1,False,True,False,False
next_observation,FOMC_20251029,FOMC,2025-10-29,2025-10-30,2025-10-20,7762,-8,0.0009291522155111057,8.9275,-0.5700000000000003,True,False,,True,True,True,True,BOJ_20251030,1,True,BOJ_20251030,1,False,True,False,False
next_observation,FOMC_20251029,FOMC,2025-10-29,2025-10-30,2025-10-21,7762,-7,0.007830220894287882,9.1475,0.22000000000000064,True,False,,True,True,True,True,BOJ_20251030,1,True,BOJ_20251030,1,False,True,False,False
next_observation,FOMC_20251029,FOMC,2025-10-29,2025-10-30,2025-10-22,7762,-6,0.0003619433104679483,9.0375,-0.11000000000000121,True,False,,True,True,True,True,BOJ_20251030,1,True,BOJ_20251030,1,False,True,False,False
next_observation,FOMC_20251029,FOMC,2025-10-29,2025-10-30,2025-10-23,7762,-5,0.0038416753589675754,8.9275,-0.10999999999999943,True,False,,True,True,True,True,BOJ_20251030,1,True,BOJ_20251030,1,False,True,False,False
next_observation,FOMC_20251029,FOMC,2025-10-29,2025-10-30,2025-10-24,7762,-4,0.0018989626896274009,8.5975,-0.33000000000000007,True,False,,True,True,True,True,BOJ_20251030,1,True,BOJ_20251030,1,False,True,False,False
next_observation,FOMC_20251029,FOMC,2025-10-29,2025-10-30,2025-10-27,7762,-3,9.812419259834699e-05,8.2225,-0.375,True,False,,True,True,True,True,BOJ_20251030,1,True,BOJ_20251030,1,False,True,False,False
next_observation,FOMC_20251029,FOMC,2025-10-29,2025-10-30,2025-10-28,7762,-2,-0.005016650683684723,8.395,0.17249999999999943,True,False,,True,True,True,True,BOJ_20251030,1,True,BOJ_20251030,1,False,True,False,False
next_observation,FOMC_20251029,FOMC,2025-10-29,2025-10-30,2025-10-29,7762,-1,0.004034975212179082,8.755,0.3600000000000012,True,False,,True,True,True,True,BOJ_20251030,1,True,BOJ_20251030,1,False,True,False,False
next_observation,FOMC_20251029,FOMC,2025-10-29,2025-10-30,2025-10-30,7762,0,0.009189923244554428,8.035,-0.7200000000000006,True,False,,True,True,True,True,BOJ_20251030,1,True,BOJ_20251030,1,False,True,False,False
next_observation,FOMC_20251029,FOMC,2025-10-29,2025-10-30,2025-10-31,7762,1,-0.0009087074263053396,7.815,-0.21999999999999975,True,True,BOJ_20251030,True,True,True,True,BOJ_20251030,1,True,BOJ_20251030,1,False,True,False,False
next_observation,FOMC_20251029,FOMC,2025-10-29,2025-10-30,2025-11-03,7762,2,0.0014600200507347081,7.66,-0.15500000000000025,True,False,,True,True,True,True,BOJ_20251030,1,True,BOJ_20251030,1,False,True,False,False
next_observation,FOMC_20251029,FOMC,2025-10-29,2025-10-30,2025-11-04,7762,3,-0.003572708337573488,8.04,0.379999999999999,True,False,,True,True,True,True,BOJ_20251030,1,True,BOJ_20251030,1,False,True,False,False
next_observation,FOMC_20251029,FOMC,2025-10-29,2025-10-30,2025-11-05,7762,4,0.0029565154172672926,7.6525,-0.3874999999999993,True,False,,True,True,True,True,BOJ_20251030,1,True,BOJ_20251030,1,False,True,False,False
next_observation,FOMC_20251029,FOMC,2025-10-29,2025-10-30,2025-11-06,7762,5,-0.00690129370828375,7.9875,0.33499999999999996,True,False,,True,True,True,True,BOJ_20251030,1,True,BOJ_20251030,1,False,True,False,False
next_observation,FOMC_20251029,FOMC,2025-10-29,2025-10-30,2025-11-07,7762,6,0.0023165907549256627,8.0875,0.10000000000000053,True,False,,True,True,True,True,BOJ_20251030,1,True,BOJ_20251030,1,False,True,False,False
next_observation,FOMC_20251029,FOMC,2025-10-29,2025-10-30,2025-11-10,7762,7,0.004714459335932033,8.0625,-0.025000000000000355,True,False,,True,True,True,True,BOJ_20251030,1,True,BOJ_20251030,1,False,True,False,False
next_observation,FOMC_20251029,FOMC,2025-10-29,2025-10-30,2025-11-11,7762,8,9.730623902849011e-05,8.2825,0.22000000000000064,True,False,,True,True,True,True,BOJ_20251030,1,True,BOJ_20251030,1,False,True,False,False
next_observation,FOMC_20251029,FOMC,2025-10-29,2025-10-30,2025-11-12,7762,9,0.0040783354796753235,8.6725,0.3899999999999988,True,False,,True,True,True,True,BOJ_20251030,1,True,BOJ_20251030,1,False,True,False,False
next_observation,FOMC_20251029,FOMC,2025-10-29,2025-10-30,2025-11-13,7762,10,-0.001486989121578367,8.7675,0.09500000000000064,True,False,,True,True,True,True,BOJ_20251030,1,True,BOJ_20251030,1,False,True,False,False
next_observation,FOMC_20251210,FOMC,2025-12-10,2025-12-11,2025-11-13,7792,-20,-0.001486989121578367,8.7675,0.09500000000000064,True,False,,True,True,True,True,BOJ_20251219,1,True,BOJ_20251219,1,False,True,False,False
next_observation,FOMC_20251210,FOMC,2025-12-10,2025-12-11,2025-11-14,7792,-19,-3.235041974945229e-05,8.82,0.05250000000000021,True,False,,True,True,True,True,BOJ_20251219,1,True,BOJ_20251219,1,False,True,False,False
next_observation,FOMC_20251210,FOMC,2025-12-10,2025-12-11,2025-11-17,7792,-18,0.00451890636968648,8.955,0.1349999999999998,True,False,,True,True,True,True,BOJ_20251219,1,True,BOJ_20251219,1,False,True,False,False
next_observation,FOMC_20251210,FOMC,2025-12-10,2025-12-11,2025-11-18,7792,-17,0.0016411118191013137,9.0875,0.13250000000000028,True,False,,True,True,True,True,BOJ_20251219,1,True,BOJ_20251219,1,False,True,False,False
next_observation,FOMC_20251210,FOMC,2025-12-10,2025-12-11,2025-11-19,7792,-16,0.010554356457012753,9.845,0.7575000000000003,True,False,,True,True,True,True,BOJ_20251219,1,True,BOJ_20251219,1,False,True,False,False
next_observation,FOMC_20251210,FOMC,2025-12-10,2025-12-11,2025-11-20,7792,-15,0.0020023208177336513,10.365,0.5199999999999996,True,False,,True,True,True,True,BOJ_20251219,1,True,BOJ_20251219,1,False,True,False,False
next_observation,FOMC_20251210,FOMC,2025-12-10,2025-12-11,2025-11-21,7792,-14,-0.0067859508218423336,10.125,-0.2400000000000002,True,False,,True,True,True,True,BOJ_20251219,1,True,BOJ_20251219,1,False,True,False,False
next_observation,FOMC_20251210,FOMC,2025-12-10,2025-12-11,2025-11-24,7792,-13,0.0030322881881908394,10.105,-0.019999999999999574,True,False,,True,True,True,True,BOJ_20251219,1,True,BOJ_20251219,1,False,True,False,False
next_observation,FOMC_20251210,FOMC,2025-12-10,2025-12-11,2025-11-25,7792,-12,-0.005336584157552621,9.67,-0.4350000000000005,True,False,,True,True,True,True,BOJ_20251219,1,True,BOJ_20251219,1,False,True,False,False
next_observation,FOMC_20251210,FOMC,2025-12-10,2025-12-11,2025-11-26,7792,-11,0.0026878295971774413,9.5075,-0.16249999999999964,True,False,,True,True,True,True,BOJ_20251219,1,True,BOJ_20251219,1,False,True,False,False
next_observation,FOMC_20251210,FOMC,2025-12-10,2025-12-11,2025-11-27,7792,-10,-0.001023083406586088,9.1175,-0.39000000000000057,True,False,,True,True,True,True,BOJ_20251219,1,True,BOJ_20251219,1,False,True,False,False
next_observation,FOMC_20251210,FOMC,2025-12-10,2025-12-11,2025-11-28,7792,-9,-0.0008640415277461159,9.16,0.042500000000000426,True,False,,True,True,True,True,BOJ_20251219,1,True,BOJ_20251219,1,False,True,False,False
next_observation,FOMC_20251210,FOMC,2025-12-10,2025-12-11,2025-12-01,7792,-8,-0.0046208727089654044,9.14,-0.019999999999999574,True,False,,True,True,True,True,BOJ_20251219,1,True,BOJ_20251219,1,False,True,False,False
next_observation,FOMC_20251210,FOMC,2025-12-10,2025-12-11,2025-12-02,7792,-7,0.0027301797998403043,8.75,-0.39000000000000057,True,False,,True,True,True,True,BOJ_20251219,1,True,BOJ_20251219,1,False,True,False,False
next_observation,FOMC_20251210,FOMC,2025-12-10,2025-12-11,2025-12-03,7792,-6,-0.004017554056363662,8.385,-0.3650000000000002,True,False,,True,True,True,True,BOJ_20251219,1,True,BOJ_20251219,1,False,True,False,False
next_observation,FOMC_20251210,FOMC,2025-12-10,2025-12-11,2025-12-04,7792,-5,-0.0009988562316516805,8.2175,-0.16750000000000043,True,False,,True,True,True,True,BOJ_20251219,1,True,BOJ_20251219,1,False,True,False,False
next_observation,FOMC_20251210,FOMC,2025-12-10,2025-12-11,2025-12-05,7792,-4,0.001514004831215233,8.0325,-0.18499999999999872,True,False,,True,True,True,True,BOJ_20251219,1,True,BOJ_20251219,1,False,True,False,False
next_observation,FOMC_20251210,FOMC,2025-12-10,2025-12-11,2025-12-08,7792,-3,0.0037589801855972974,8.23,0.1974999999999998,True,False,,True,True,True,True,BOJ_20251219,1,True,BOJ_20251219,1,False,True,False,False
next_observation,FOMC_20251210,FOMC,2025-12-10,2025-12-11,2025-12-09,7792,-2,0.0061381266887852596,8.2375,0.007500000000000284,True,False,,True,True,True,True,BOJ_20251219,1,True,BOJ_20251219,1,False,True,False,False
next_observation,FOMC_20251210,FOMC,2025-12-10,2025-12-11,2025-12-10,7792,-1,-0.005496977727923647,8.1375,-0.10000000000000142,True,False,,True,True,True,True,BOJ_20251219,1,True,BOJ_20251219,1,False,True,False,False
next_observation,FOMC_20251210,FOMC,2025-12-10,2025-12-11,2025-12-11,7792,0,-0.0027598618332957425,8.2425,0.10500000000000043,True,False,,True,True,True,True,BOJ_20251219,1,True,BOJ_20251219,1,False,True,False,False
next_observation,FOMC_20251210,FOMC,2025-12-10,2025-12-11,2025-12-12,7792,1,0.0013808830210131058,8.165,-0.07750000000000057,True,False,,True,True,True,True,BOJ_20251219,1,True,BOJ_20251219,1,False,True,False,False
next_observation,FOMC_20251210,FOMC,2025-12-10,2025-12-11,2025-12-15,7792,2,-0.0036973373095323192,8.445,0.28000000000000114,True,False,,True,True,True,True,BOJ_20251219,1,True,BOJ_20251219,1,False,True,False,False
next_observation,FOMC_20251210,FOMC,2025-12-10,2025-12-11,2025-12-16,7792,3,-0.0033231732981615827,8.025,-0.41999999999999993,True,False,,True,True,True,True,BOJ_20251219,1,True,BOJ_20251219,1,False,True,False,False
next_observation,FOMC_20251210,FOMC,2025-12-10,2025-12-11,2025-12-17,7792,4,0.006282135961392544,7.6825,-0.34250000000000025,True,False,,True,True,True,True,BOJ_20251219,1,True,BOJ_20251219,1,False,True,False,False
next_observation,FOMC_20251210,FOMC,2025-12-10,2025-12-11,2025-12-18,7792,5,-0.0008996273579370546,7.5125,-0.16999999999999993,True,False,,True,True,True,True,BOJ_20251219,1,True,BOJ_20251219,1,False,True,False,False
next_observation,FOMC_20251210,FOMC,2025-12-10,2025-12-11,2025-12-19,7792,6,0.014044278077676437,7.4375,-0.07500000000000018,True,False,,True,True,True,True,BOJ_20251219,1,True,BOJ_20251219,1,False,True,False,False
next_observation,FOMC_20251210,FOMC,2025-12-10,2025-12-11,2025-12-22,7792,7,-0.004415438948865541,7.9,0.46250000000000036,True,True,BOJ_20251219,True,True,True,True,BOJ_20251219,1,True,BOJ_20251219,1,False,True,False,False
next_observation,FOMC_20251210,FOMC,2025-12-10,2025-12-11,2025-12-23,7792,8,-0.0052667820486450665,8.43,0.5299999999999994,True,False,,True,True,True,True,BOJ_20251219,1,True,BOJ_20251219,1,False,True,False,False
next_observation,FOMC_20251210,FOMC,2025-12-10,2025-12-11,2025-12-24,7792,9,-0.001890026670617243,8.4575,0.027499999999999858,True,False,,True,True,True,True,BOJ_20251219,1,True,BOJ_20251219,1,False,True,False,False
next_observation,FOMC_20251210,FOMC,2025-12-10,2025-12-11,2025-12-25,7792,10,-0.0006414985625899271,8.6525,0.19500000000000028,True,False,,True,True,True,True,BOJ_20251219,1,True,BOJ_20251219,1,False,True,False,False
next_observation,FOMC_20260128,FOMC,2026-01-28,2026-01-29,2026-01-01,7827,-20,0.0001914119829744388,8.415,0.07249999999999979,True,False,,True,True,True,True,BOJ_20260123,1,False,,0,False,True,False,True
next_observation,FOMC_20260128,FOMC,2026-01-28,2026-01-29,2026-01-02,7827,-19,0.0006058963464851804,8.07,-0.34499999999999886,True,False,,True,True,True,True,BOJ_20260123,1,False,,0,False,True,False,True
next_observation,FOMC_20260128,FOMC,2026-01-28,2026-01-29,2026-01-05,7827,-18,-0.002905261840768311,8.1825,0.11249999999999893,True,False,,True,True,True,True,BOJ_20260123,1,False,,0,False,True,False,True
next_observation,FOMC_20260128,FOMC,2026-01-28,2026-01-29,2026-01-06,7827,-17,0.0016931018148382986,7.925,-0.2574999999999994,True,False,,True,True,True,True,BOJ_20260123,1,False,,0,False,True,False,True
next_observation,FOMC_20260128,FOMC,2026-01-28,2026-01-29,2026-01-07,7827,-16,0.000733851316375742,7.6575,-0.26750000000000007,True,False,,True,True,True,True,BOJ_20260123,1,False,,0,False,True,False,True
next_observation,FOMC_20260128,FOMC,2026-01-28,2026-01-29,2026-01-08,7827,-15,0.0006376941197513333,7.58,-0.07749999999999968,True,False,,True,True,True,True,BOJ_20260123,1,False,,0,False,True,False,True
next_observation,FOMC_20260128,FOMC,2026-01-28,2026-01-29,2026-01-09,7827,-14,0.006513025199469321,8.0225,0.4425000000000008,True,False,,True,True,True,True,BOJ_20260123,1,False,,0,False,True,False,True
next_observation,FOMC_20260128,FOMC,2026-01-28,2026-01-29,2026-01-12,7827,-13,0.0015821286089836074,8.1425,0.11999999999999922,True,False,,True,True,True,True,BOJ_20260123,1,False,,0,False,True,False,True
next_observation,FOMC_20260128,FOMC,2026-01-28,2026-01-29,2026-01-13,7827,-12,0.006303601306607891,8.7175,0.5749999999999993,True,False,,True,True,True,True,BOJ_20260123,1,False,,0,False,True,False,True
next_observation,FOMC_20260128,FOMC,2026-01-28,2026-01-29,2026-01-14,7827,-11,-0.004313676614526401,8.9625,0.245000000000001,True,False,,True,True,True,True,BOJ_20260123,1,False,,0,False,True,False,True
next_observation,FOMC_20260128,FOMC,2026-01-28,2026-01-29,2026-01-15,7827,-10,0.0011038050855016468,8.6075,-0.3550000000000004,True,False,,True,True,True,True,BOJ_20260123,1,False,,0,False,True,False,True
next_observation,FOMC_20260128,FOMC,2026-01-28,2026-01-29,2026-01-16,7827,-9,-0.003220207991879043,8.3975,-0.20999999999999908,True,False,,True,True,True,True,BOJ_20260123,1,False,,0,False,True,False,True
next_observation,FOMC_20260128,FOMC,2026-01-28,2026-01-29,2026-01-19,7827,-8,-6.324510643087997e-05,8.615,0.21749999999999936,True,False,,True,True,True,True,BOJ_20260123,1,False,,0,False,True,False,True
next_observation,FOMC_20260128,FOMC,2026-01-28,2026-01-29,2026-01-20,7827,-7,0.0002845714846958349,9.0975,0.48249999999999993,True,False,,True,True,True,True,BOJ_20260123,1,False,,0,False,True,False,True
next_observation,FOMC_20260128,FOMC,2026-01-28,2026-01-29,2026-01-21,7827,-6,0.0008848159844136908,8.82,-0.27749999999999986,True,False,,True,True,True,True,BOJ_20260123,1,False,,0,False,True,False,True
next_observation,FOMC_20260128,FOMC,2026-01-28,2026-01-29,2026-01-22,7827,-5,0.0007262279095960764,9.0175,0.1974999999999998,True,False,,True,True,True,True,BOJ_20260123,1,False,,0,False,True,False,True
next_observation,FOMC_20260128,FOMC,2026-01-28,2026-01-29,2026-01-23,7827,-4,-0.01728764341433476,9.8775,0.8599999999999994,True,False,,True,True,True,True,BOJ_20260123,1,False,,0,False,True,False,True
next_observation,FOMC_20260128,FOMC,2026-01-28,2026-01-29,2026-01-26,7827,-3,-0.009778214255308356,10.295,0.4175000000000004,True,True,BOJ_20260123,True,True,True,True,BOJ_20260123,1,False,,0,False,True,False,True
next_observation,FOMC_20260128,FOMC,2026-01-28,2026-01-29,2026-01-27,7827,-2,-0.012859604739540611,11.2,0.9049999999999994,True,False,,True,True,True,True,BOJ_20260123,1,False,,0,False,True,False,True
next_observation,FOMC_20260128,FOMC,2026-01-28,2026-01-29,2026-01-28,7827,-1,0.007885521433438424,10.1475,-1.0524999999999984,True,False,,True,True,True,True,BOJ_20260123,1,False,,0,False,True,False,True
next_observation,FOMC_20260128,FOMC,2026-01-28,2026-01-29,2026-01-29,7827,0,-0.001990050408010036,10.325,0.17749999999999844,True,False,,True,True,True,True,BOJ_20260123,1,False,,0,False,True,False,True
next_observation,FOMC_20260128,FOMC,2026-01-28,2026-01-29,2026-01-30,7827,1,0.01084813652530915,9.9225,-0.40249999999999986,True,False,,True,True,True,True,BOJ_20260123,1,False,,0,False,True,False,True
next_observation,FOMC_20260128,FOMC,2026-01-28,2026-01-29,2026-02-02,7827,2,0.005444513376659042,9.1,-0.8224999999999998,True,False,,True,True,True,True,BOJ_20260123,1,False,,0,False,True,False,True
next_observation,FOMC_20260128,FOMC,2026-01-28,2026-01-29,2026-02-03,7827,3,0.0008028904485905621,8.895,-0.20500000000000007,True,False,,True,True,True,True,BOJ_20260123,1,False,,0,False,True,False,True
next_observation,FOMC_20260128,FOMC,2026-01-28,2026-01-29,2026-02-04,7827,4,0.007069654051099249,9.43,0.5350000000000001,True,False,,True,True,True,True,BOJ_20260123,1,False,,0,False,True,False,True
next_observation,FOMC_20260128,FOMC,2026-01-28,2026-01-29,2026-02-05,7827,5,0.0012105767645982893,10.015,0.5850000000000009,True,False,,True,True,True,True,BOJ_20260123,1,False,,0,False,True,False,True
next_observation,FOMC_20260128,FOMC,2026-01-28,2026-01-29,2026-02-06,7827,6,0.0011455119463069014,10.1125,0.09750000000000014,True,False,,True,True,True,True,BOJ_20260123,1,False,,0,False,True,False,True
next_observation,FOMC_20260128,FOMC,2026-01-28,2026-01-29,2026-02-09,7827,7,-0.008559344517617563,9.2175,-0.8950000000000014,True,False,,True,True,True,True,BOJ_20260123,1,False,,0,False,True,False,True
next_observation,FOMC_20260128,FOMC,2026-01-28,2026-01-29,2026-02-10,7827,8,-0.009604302265317147,9.44,0.22250000000000014,True,False,,True,True,True,True,BOJ_20260123,1,False,,0,False,True,False,True
next_observation,FOMC_20260128,FOMC,2026-01-28,2026-01-29,2026-02-11,7827,9,-0.007345804337957447,10.275,0.8350000000000009,True,False,,True,True,True,True,BOJ_20260123,1,False,,0,False,True,False,True
next_observation,FOMC_20260128,FOMC,2026-01-28,2026-01-29,2026-02-12,7827,10,-0.0034313198484367787,10.41,0.1349999999999998,True,False,,True,True,True,True,BOJ_20260123,1,False,,0,False,True,False,True
next_observation,FOMC_20260318,FOMC,2026-03-18,2026-03-19,2026-02-19,7862,-20,0.0013233278781005567,9.635,0.6724999999999994,True,False,,True,True,True,True,BOJ_20260319,1,True,BOJ_20260319,1,False,True,False,False
next_observation,FOMC_20260318,FOMC,2026-03-18,2026-03-19,2026-02-20,7862,-19,0.00022575911598331363,9.43,-0.20500000000000007,True,False,,True,True,True,True,BOJ_20260319,1,True,BOJ_20260319,1,False,True,False,False
next_observation,FOMC_20260318,FOMC,2026-03-18,2026-03-19,2026-02-23,7862,-18,-0.0025831464153793196,9.6625,0.23249999999999993,True,False,,True,True,True,True,BOJ_20260319,1,True,BOJ_20260319,1,False,True,False,False
next_observation,FOMC_20260318,FOMC,2026-03-18,2026-03-19,2026-02-24,7862,-17,0.007857827369880948,9.3575,-0.3049999999999997,True,False,,True,True,True,True,BOJ_20260319,1,True,BOJ_20260319,1,False,True,False,False
next_observation,FOMC_20260318,FOMC,2026-03-18,2026-03-19,2026-02-25,7862,-16,0.0031706914003740093,9.21,-0.14749999999999908,True,False,,True,True,True,True,BOJ_20260319,1,True,BOJ_20260319,1,False,True,False,False
next_observation,FOMC_20260318,FOMC,2026-03-18,2026-03-19,2026-02-26,7862,-15,-0.0015360494555919837,8.8925,-0.3175000000000008,True,False,,True,True,True,True,BOJ_20260319,1,True,BOJ_20260319,1,False,True,False,False
next_observation,FOMC_20260318,FOMC,2026-03-18,2026-03-19,2026-02-27,7862,-14,-0.0004484592297595122,8.8875,-0.005000000000000782,True,False,,True,True,True,True,BOJ_20260319,1,True,BOJ_20260319,1,False,True,False,False
next_observation,FOMC_20260318,FOMC,2026-03-18,2026-03-19,2026-03-02,7862,-13,0.008550060062001711,9.6575,0.7700000000000014,True,False,,True,True,True,True,BOJ_20260319,1,True,BOJ_20260319,1,False,True,False,False
next_observation,FOMC_20260318,FOMC,2026-03-18,2026-03-19,2026-03-03,7862,-12,0.0021578404590347896,9.9875,0.33000000000000007,True,False,,True,True,True,True,BOJ_20260319,1,True,BOJ_20260319,1,False,True,False,False
next_observation,FOMC_20260318,FOMC,2026-03-18,2026-03-19,2026-03-04,7862,-11,-0.004288511790290181,9.61,-0.3775000000000013,True,False,,True,True,True,True,BOJ_20260319,1,True,BOJ_20260319,1,False,True,False,False
next_observation,FOMC_20260318,FOMC,2026-03-18,2026-03-19,2026-03-05,7862,-10,0.0033688256872512904,9.5625,-0.04749999999999943,True,False,,True,True,True,True,BOJ_20260319,1,True,BOJ_20260319,1,False,True,False,False
next_observation,FOMC_20260318,FOMC,2026-03-18,2026-03-19,2026-03-06,7862,-9,0.0012049340329635912,9.6075,0.04499999999999993,True,False,,True,True,True,True,BOJ_20260319,1,True,BOJ_20260319,1,False,True,False,False
next_observation,FOMC_20260318,FOMC,2026-03-18,2026-03-19,2026-03-09,7862,-8,-0.0007291287235161682,9.645,0.037499999999999645,True,False,,True,True,True,True,BOJ_20260319,1,True,BOJ_20260319,1,False,True,False,False
next_observation,FOMC_20260318,FOMC,2026-03-18,2026-03-19,2026-03-10,7862,-7,0.0024389097181993767,8.9775,-0.6675000000000004,True,False,,True,True,True,True,BOJ_20260319,1,True,BOJ_20260319,1,False,True,False,False
next_observation,FOMC_20260318,FOMC,2026-03-18,2026-03-19,2026-03-11,7862,-6,0.005678248695184806,9.57,0.5925000000000011,True,False,,True,True,True,True,BOJ_20260319,1,True,BOJ_20260319,1,False,True,False,False
next_observation,FOMC_20260318,FOMC,2026-03-18,2026-03-19,2026-03-12,7862,-5,0.0024819755432748964,9.605,0.03500000000000014,True,False,,True,True,True,True,BOJ_20260319,1,True,BOJ_20260319,1,False,True,False,False
next_observation,FOMC_20260318,FOMC,2026-03-18,2026-03-19,2026-03-13,7862,-4,0.002444529235370175,9.93,0.3249999999999993,True,False,,True,True,True,True,BOJ_20260319,1,True,BOJ_20260319,1,False,True,False,False
next_observation,FOMC_20260318,FOMC,2026-03-18,2026-03-19,2026-03-16,7862,-3,-0.004140403016601083,9.73,-0.1999999999999993,True,False,,True,True,True,True,BOJ_20260319,1,True,BOJ_20260319,1,False,True,False,False
next_observation,FOMC_20260318,FOMC,2026-03-18,2026-03-19,2026-03-17,7862,-2,-0.0004715868986242526,9.255,-0.47499999999999964,True,False,,True,True,True,True,BOJ_20260319,1,True,BOJ_20260319,1,False,True,False,False
next_observation,FOMC_20260318,FOMC,2026-03-18,2026-03-19,2026-03-18,7862,-1,0.0053942299776416095,9.7225,0.46749999999999936,True,False,,True,True,True,True,BOJ_20260319,1,True,BOJ_20260319,1,False,True,False,False
next_observation,FOMC_20260318,FOMC,2026-03-18,2026-03-19,2026-03-19,7862,0,-0.013413721698490437,9.725,0.0024999999999995026,True,False,,True,True,True,True,BOJ_20260319,1,True,BOJ_20260319,1,False,True,False,False
next_observation,FOMC_20260318,FOMC,2026-03-18,2026-03-19,2026-03-20,7862,1,0.009464987368952224,9.885,0.16000000000000014,True,True,BOJ_20260319,True,True,True,True,BOJ_20260319,1,True,BOJ_20260319,1,False,True,False,False
next_observation,FOMC_20260318,FOMC,2026-03-18,2026-03-19,2026-03-23,7862,2,-0.004942167925099694,9.5575,-0.32750000000000057,True,False,,True,True,True,True,BOJ_20260319,1,True,BOJ_20260319,1,False,True,False,False
next_observation,FOMC_20260318,FOMC,2026-03-18,2026-03-19,2026-03-24,7862,3,0.0016080975891280818,9.26,-0.29749999999999943,True,False,,True,True,True,True,BOJ_20260319,1,True,BOJ_20260319,1,False,True,False,False
next_observation,FOMC_20260318,FOMC,2026-03-18,2026-03-19,2026-03-25,7862,4,0.004840189227517469,9.105,-0.15499999999999936,True,False,,True,True,True,True,BOJ_20260319,1,True,BOJ_20260319,1,False,True,False,False
next_observation,FOMC_20260318,FOMC,2026-03-18,2026-03-19,2026-03-26,7862,5,0.002161079501198514,9.2725,0.16750000000000043,True,False,,True,True,True,True,BOJ_20260319,1,True,BOJ_20260319,1,False,True,False,False
next_observation,FOMC_20260318,FOMC,2026-03-18,2026-03-19,2026-03-27,7862,6,0.0030925444405027177,9.925,0.6524999999999999,True,False,,True,True,True,True,BOJ_20260319,1,True,BOJ_20260319,1,False,True,False,False
next_observation,FOMC_20260318,FOMC,2026-03-18,2026-03-19,2026-03-30,7862,7,-0.003749770033364186,9.89,-0.03500000000000014,True,False,,True,True,True,True,BOJ_20260319,1,True,BOJ_20260319,1,False,True,False,False
next_observation,FOMC_20260318,FOMC,2026-03-18,2026-03-19,2026-03-31,7862,8,-0.006218027131655423,9.535,-0.3550000000000004,True,False,,True,True,True,True,BOJ_20260319,1,True,BOJ_20260319,1,False,True,False,False
next_observation,FOMC_20260318,FOMC,2026-03-18,2026-03-19,2026-04-01,7862,9,0.00062984193050211,9.1075,-0.4275000000000002,True,False,,True,True,True,True,BOJ_20260319,1,True,BOJ_20260319,1,False,True,False,False
next_observation,FOMC_20260318,FOMC,2026-03-18,2026-03-19,2026-04-02,7862,10,0.0048678707370995045,9.0675,-0.03999999999999915,True,False,,True,True,True,True,BOJ_20260319,1,True,BOJ_20260319,1,False,True,False,False
next_observation,FOMC_20260429,FOMC,2026-04-29,2026-04-30,2026-04-02,7892,-20,0.0048678707370995045,9.0675,-0.03999999999999915,True,False,,True,True,True,True,BOJ_20260428,1,False,,0,False,True,False,True
next_observation,FOMC_20260429,FOMC,2026-04-29,2026-04-30,2026-04-03,7892,-19,0.0004385140707994169,8.8925,-0.1750000000000007,True,False,,True,True,True,True,BOJ_20260428,1,False,,0,False,True,False,True
next_observation,FOMC_20260429,FOMC,2026-04-29,2026-04-30,2026-04-06,7892,-18,0.00012525442321055977,8.77,-0.1225000000000005,True,False,,True,True,True,True,BOJ_20260428,1,False,,0,False,True,False,True
next_observation,FOMC_20260429,FOMC,2026-04-29,2026-04-30,2026-04-07,7892,-17,-0.0003758103454709543,8.8525,0.08249999999999957,True,False,,True,True,True,True,BOJ_20260428,1,False,,0,False,True,False,True
next_observation,FOMC_20260429,FOMC,2026-04-29,2026-04-30,2026-04-08,7892,-16,-0.006599646832742589,8.235,-0.6174999999999997,True,False,,True,True,True,True,BOJ_20260428,1,False,,0,False,True,False,True
next_observation,FOMC_20260429,FOMC,2026-04-29,2026-04-30,2026-04-09,7892,-15,0.00242493072360079,7.885,-0.34999999999999964,True,False,,True,True,True,True,BOJ_20260428,1,False,,0,False,True,False,True
next_observation,FOMC_20260429,FOMC,2026-04-29,2026-04-30,2026-04-10,7892,-14,0.0019168832957311597,7.6875,-0.1974999999999998,True,False,,True,True,True,True,BOJ_20260428,1,False,,0,False,True,False,True
next_observation,FOMC_20260429,FOMC,2026-04-29,2026-04-30,2026-04-13,7892,-13,0.0011609119167739523,7.855,0.16750000000000043,True,False,,True,True,True,True,BOJ_20260428,1,False,,0,False,True,False,True
next_observation,FOMC_20260429,FOMC,2026-04-29,2026-04-30,2026-04-14,7892,-12,-0.004147818918060691,7.85,-0.005000000000000782,True,False,,True,True,True,True,BOJ_20260428,1,False,,0,False,True,False,True
next_observation,FOMC_20260429,FOMC,2026-04-29,2026-04-30,2026-04-15,7892,-11,0.0013216276822256158,7.6625,-0.1875,True,False,,True,True,True,True,BOJ_20260428,1,False,,0,False,True,False,True
next_observation,FOMC_20260429,FOMC,2026-04-29,2026-04-30,2026-04-16,7892,-10,0.0010371977734319477,7.685,0.022499999999999964,True,False,,True,True,True,True,BOJ_20260428,1,False,,0,False,True,False,True
next_observation,FOMC_20260429,FOMC,2026-04-29,2026-04-30,2026-04-17,7892,-9,-0.003272398376633026,7.985,0.3000000000000007,True,False,,True,True,True,True,BOJ_20260428,1,False,,0,False,True,False,True
next_observation,FOMC_20260429,FOMC,2026-04-29,2026-04-30,2026-04-20,7892,-8,0.0010710011733746933,7.5825,-0.40250000000000075,True,False,,True,True,True,True,BOJ_20260428,1,False,,0,False,True,False,True
next_observation,FOMC_20260429,FOMC,2026-04-29,2026-04-30,2026-04-21,7892,-7,0.0035199131222855094,7.535,-0.04749999999999943,True,False,,True,True,True,True,BOJ_20260428,1,False,,0,False,True,False,True
next_observation,FOMC_20260429,FOMC,2026-04-29,2026-04-30,2026-04-22,7892,-6,0.0006586066004637371,7.2925,-0.24249999999999972,True,False,,True,True,True,True,BOJ_20260428,1,False,,0,False,True,False,True
next_observation,FOMC_20260429,FOMC,2026-04-29,2026-04-30,2026-04-23,7892,-5,0.0014411481550636173,7.4925,0.1999999999999993,True,False,,True,True,True,True,BOJ_20260428,1,False,,0,False,True,False,True
next_observation,FOMC_20260429,FOMC,2026-04-29,2026-04-30,2026-04-24,7892,-4,-0.0020997547555273587,7.3325,-0.16000000000000014,True,False,,True,True,True,True,BOJ_20260428,1,False,,0,False,True,False,True
next_observation,FOMC_20260429,FOMC,2026-04-29,2026-04-30,2026-04-27,7892,-3,0.00028231308708669665,7.34,0.007500000000000284,True,False,,True,True,True,True,BOJ_20260428,1,False,,0,False,True,False,True
next_observation,FOMC_20260429,FOMC,2026-04-29,2026-04-30,2026-04-28,7892,-2,0.0012537614480855835,6.91,-0.4299999999999997,True,False,,True,True,True,True,BOJ_20260428,1,False,,0,False,True,False,True
next_observation,FOMC_20260429,FOMC,2026-04-29,2026-04-30,2026-04-29,7892,-1,0.004968216821659374,7.435,0.5249999999999995,True,True,BOJ_20260428,True,True,True,True,BOJ_20260428,1,False,,0,False,True,False,True
next_observation,FOMC_20260429,FOMC,2026-04-29,2026-04-30,2026-04-30,7892,0,-0.024133282712170693,8.2575,0.8225000000000007,True,False,,True,True,True,True,BOJ_20260428,1,False,,0,False,True,False,True
next_observation,FOMC_20260429,FOMC,2026-04-29,2026-04-30,2026-05-01,7892,1,0.0027104176284413503,8.275,0.01750000000000007,True,False,,True,True,True,True,BOJ_20260428,1,False,,0,False,True,False,True
next_observation,FOMC_20260429,FOMC,2026-04-29,2026-04-30,2026-05-04,7892,2,0.0014319583678668382,8.1575,-0.11749999999999972,True,False,,True,True,True,True,BOJ_20260428,1,False,,0,False,True,False,True
next_observation,FOMC_20260429,FOMC,2026-04-29,2026-04-30,2026-05-05,7892,3,0.004093619362012969,7.555,-0.6025000000000009,True,False,,True,True,True,True,BOJ_20260428,1,False,,0,False,True,False,True
next_observation,FOMC_20260429,FOMC,2026-04-29,2026-04-30,2026-05-06,7892,4,-0.009514032467548303,8.0175,0.46250000000000036,True,False,,True,True,True,True,BOJ_20260428,1,False,,0,False,True,False,True
next_observation,FOMC_20260429,FOMC,2026-04-29,2026-04-30,2026-05-07,7892,5,0.003415096755471437,7.9075,-0.11000000000000032,True,False,,True,True,True,True,BOJ_20260428,1,False,,0,False,True,False,True
next_observation,FOMC_20260429,FOMC,2026-04-29,2026-04-30,2026-05-08,7892,6,-0.0015305637374606247,7.4675,-0.4399999999999995,True,False,,True,True,True,True,BOJ_20260428,1,False,,0,False,True,False,True
next_observation,FOMC_20260429,FOMC,2026-04-29,2026-04-30,2026-05-11,7892,7,0.003217844274011618,7.2225,-0.2450000000000001,True,False,,True,True,True,True,BOJ_20260428,1,False,,0,False,True,False,True
next_observation,FOMC_20260429,FOMC,2026-04-29,2026-04-30,2026-05-12,7892,8,0.002763529544937071,7.28,0.05750000000000011,True,False,,True,True,True,True,BOJ_20260428,1,False,,0,False,True,False,True
next_observation,FOMC_20260429,FOMC,2026-04-29,2026-04-30,2026-05-13,7892,9,0.0015214431284401738,7.07,-0.20999999999999996,True,False,,True,True,True,True,BOJ_20260428,1,False,,0,False,True,False,True
next_observation,FOMC_20260429,FOMC,2026-04-29,2026-04-30,2026-05-14,7892,10,0.00319383009011089,7.355,0.28500000000000014,True,False,,True,True,True,True,BOJ_20260428,1,False,,0,False,True,False,True
next_observation,BOJ_20150121,BoJ,2015-01-21,2015-01-22,2014-12-25,4952,-20,-0.0033248856530936235,10.45,-0.03750000000000142,True,False,,True,True,True,False,,0,False,,0,False,False,True,True
next_observation,BOJ_20150121,BoJ,2015-01-21,2015-01-22,2014-12-26,4952,-19,0.001705384852726463,10.7675,0.3175000000000008,True,False,,True,True,True,False,,0,False,,0,False,False,True,True
next_observation,BOJ_20150121,BoJ,2015-01-21,2015-01-22,2014-12-29,4952,-18,0.0029878020400763415,11.0925,0.3249999999999993,True,False,,True,True,True,False,,0,False,,0,False,False,True,True
next_observation,BOJ_20150121,BoJ,2015-01-21,2015-01-22,2014-12-30,4952,-17,-0.009910553737600443,11.19,0.09750000000000014,True,False,,True,True,True,False,,0,False,,0,False,False,True,True
next_observation,BOJ_20150121,BoJ,2015-01-21,2015-01-22,2014-12-31,4952,-16,0.002549475813043435,11.2175,0.027499999999999858,True,False,,True,True,True,False,,0,False,,0,False,False,True,True
next_observation,BOJ_20150121,BoJ,2015-01-21,2015-01-22,2015-01-01,4952,-15,-0.0003339873950804804,11.205,-0.01249999999999929,True,False,,True,True,True,False,,0,False,,0,False,False,True,True
next_observation,BOJ_20150121,BoJ,2015-01-21,2015-01-22,2015-01-02,4952,-14,0.006285271164837756,11.3425,0.1374999999999993,True,False,,True,True,True,False,,0,False,,0,False,False,True,True
next_observation,BOJ_20150121,BoJ,2015-01-21,2015-01-22,2015-01-05,4952,-13,-0.007204312085069326,11.2775,-0.0649999999999995,True,False,,True,True,True,False,,0,False,,0,False,False,True,True
next_observation,BOJ_20150121,BoJ,2015-01-21,2015-01-22,2015-01-06,4952,-12,-0.010418949017164822,11.56,0.28250000000000064,True,False,,True,True,True,False,,0,False,,0,False,False,True,True
next_observation,BOJ_20150121,BoJ,2015-01-21,2015-01-22,2015-01-07,4952,-11,0.007237565782164694,11.2575,-0.3025000000000002,True,False,,True,True,True,False,,0,False,,0,False,False,True,True
next_observation,BOJ_20150121,BoJ,2015-01-21,2015-01-22,2015-01-08,4952,-10,0.00343211453593761,10.74,-0.5175000000000001,True,False,,True,True,True,False,,0,False,,0,False,False,True,True
next_observation,BOJ_20150121,BoJ,2015-01-21,2015-01-22,2015-01-09,4952,-9,-0.0097410183687107,9.9375,-0.8025000000000002,True,False,,True,True,True,False,,0,False,,0,False,False,True,True
next_observation,BOJ_20150121,BoJ,2015-01-21,2015-01-22,2015-01-12,4952,-8,-0.0013088178178742376,10.065,0.1274999999999995,True,False,,True,True,True,False,,0,False,,0,False,False,True,True
next_observation,BOJ_20150121,BoJ,2015-01-21,2015-01-22,2015-01-13,4952,-7,-0.00359750678966741,10.6625,0.5975000000000001,True,False,,True,True,True,False,,0,False,,0,False,False,True,True
next_observation,BOJ_20150121,BoJ,2015-01-21,2015-01-22,2015-01-14,4952,-6,-0.005015737795767034,11.0875,0.4250000000000007,True,False,,True,True,True,False,,0,False,,0,False,False,True,True
next_observation,BOJ_20150121,BoJ,2015-01-21,2015-01-22,2015-01-15,4952,-5,-0.010021497147307283,12.4175,1.33,True,False,,True,True,True,False,,0,False,,0,False,False,True,True
next_observation,BOJ_20150121,BoJ,2015-01-21,2015-01-22,2015-01-16,4952,-4,0.011511842118598408,12.6125,0.19500000000000028,True,False,,True,True,True,False,,0,False,,0,False,False,True,True
next_observation,BOJ_20150121,BoJ,2015-01-21,2015-01-22,2015-01-19,4952,-3,0.0004254052048669653,12.415,-0.19750000000000156,True,False,,True,True,True,False,,0,False,,0,False,False,True,True
next_observation,BOJ_20150121,BoJ,2015-01-21,2015-01-22,2015-01-20,4952,-2,0.01061882003363602,12.355,-0.05999999999999872,True,False,,True,True,True,False,,0,False,,0,False,False,True,True
next_observation,BOJ_20150121,BoJ,2015-01-21,2015-01-22,2015-01-21,4952,-1,-0.007179691285675993,11.2,-1.1550000000000011,True,False,,True,True,True,False,,0,False,,0,False,False,True,True
next_observation,BOJ_20150121,BoJ,2015-01-21,2015-01-22,2015-01-22,4952,0,0.00448279529348638,10.81,-0.3899999999999988,True,False,,True,True,True,False,,0,False,,0,False,False,True,True
next_observation,BOJ_20150121,BoJ,2015-01-21,2015-01-22,2015-01-23,4952,1,-0.0060947410060582545,11.165,0.35499999999999865,True,False,,True,True,True,False,,0,False,,0,False,False,True,True
next_observation,BOJ_20150121,BoJ,2015-01-21,2015-01-22,2015-01-26,4952,2,0.005757117031549162,11.1125,-0.05249999999999844,True,False,,True,True,True,False,,0,False,,0,False,False,True,True
next_observation,BOJ_20150121,BoJ,2015-01-21,2015-01-22,2015-01-27,4952,3,-0.004950819379175838,10.8975,-0.21499999999999986,True,False,,True,True,True,False,,0,False,,0,False,False,True,True
next_observation,BOJ_20150121,BoJ,2015-01-21,2015-01-22,2015-01-28,4952,4,-0.002761083248492746,10.6625,-0.2350000000000012,True,False,,True,True,True,False,,0,False,,0,False,False,True,True
next_observation,BOJ_20150121,BoJ,2015-01-21,2015-01-22,2015-01-29,4952,5,0.006275727674385171,10.835,0.1725000000000012,True,False,,True,True,True,False,,0,False,,0,False,False,True,True
next_observation,BOJ_20150121,BoJ,2015-01-21,2015-01-22,2015-01-30,4952,6,-0.0067437430848893585,11.305,0.46999999999999886,True,False,,True,True,True,False,,0,False,,0,False,False,True,True
next_observation,BOJ_20150121,BoJ,2015-01-21,2015-01-22,2015-02-02,4952,7,0.0007232042516302239,11.13,-0.17499999999999893,True,False,,True,True,True,False,,0,False,,0,False,False,True,True
next_observation,BOJ_20150121,BoJ,2015-01-21,2015-01-22,2015-02-03,4952,8,-8.505571154226888e-05,10.6,-0.5300000000000011,True,False,,True,True,True,False,,0,False,,0,False,False,True,True
next_observation,BOJ_20150121,BoJ,2015-01-21,2015-01-22,2015-02-04,4952,9,-0.0024697679050475953,10.045,-0.5549999999999997,True,False,,True,True,True,False,,0,False,,0,False,False,True,True
next_observation,BOJ_20150121,BoJ,2015-01-21,2015-01-22,2015-02-05,4952,10,0.0021720159302410502,9.6325,-0.41249999999999964,True,False,,True,True,True,False,,0,False,,0,False,False,True,True
next_observation,BOJ_20150218,BoJ,2015-02-18,2015-02-19,2015-01-22,4972,-20,0.00448279529348638,10.81,-0.3899999999999988,True,True,BOJ_20150121,True,True,True,True,BOJ_20150121,1,False,,0,True,False,False,True
next_observation,BOJ_20150218,BoJ,2015-02-18,2015-02-19,2015-01-23,4972,-19,-0.0060947410060582545,11.165,0.35499999999999865,True,False,,True,True,True,True,BOJ_20150121,1,False,,0,True,False,False,True
next_observation,BOJ_20150218,BoJ,2015-02-18,2015-02-19,2015-01-26,4972,-18,0.005757117031549162,11.1125,-0.05249999999999844,True,False,,True,True,True,True,BOJ_20150121,1,False,,0,True,False,False,True
next_observation,BOJ_20150218,BoJ,2015-02-18,2015-02-19,2015-01-27,4972,-17,-0.004950819379175838,10.8975,-0.21499999999999986,True,False,,True,True,True,True,BOJ_20150121,1,False,,0,True,False,False,True
next_observation,BOJ_20150218,BoJ,2015-02-18,2015-02-19,2015-01-28,4972,-16,-0.002761083248492746,10.6625,-0.2350000000000012,True,False,,True,True,True,True,BOJ_20150121,1,False,,0,True,False,False,True
next_observation,BOJ_20150218,BoJ,2015-02-18,2015-02-19,2015-01-29,4972,-15,0.006275727674385171,10.835,0.1725000000000012,True,False,,True,True,True,True,BOJ_20150121,1,False,,0,True,False,False,True
next_observation,BOJ_20150218,BoJ,2015-02-18,2015-02-19,2015-01-30,4972,-14,-0.0067437430848893585,11.305,0.46999999999999886,True,False,,True,True,True,True,BOJ_20150121,1,False,,0,True,False,False,True
next_observation,BOJ_20150218,BoJ,2015-02-18,2015-02-19,2015-02-02,4972,-13,0.0007232042516302239,11.13,-0.17499999999999893,True,False,,True,True,True,True,BOJ_20150121,1,False,,0,True,False,False,True
next_observation,BOJ_20150218,BoJ,2015-02-18,2015-02-19,2015-02-03,4972,-12,-8.505571154226888e-05,10.6,-0.5300000000000011,True,False,,True,True,True,True,BOJ_20150121,1,False,,0,True,False,False,True
next_observation,BOJ_20150218,BoJ,2015-02-18,2015-02-19,2015-02-04,4972,-11,-0.0024697679050475953,10.045,-0.5549999999999997,True,False,,True,True,True,True,BOJ_20150121,1,False,,0,True,False,False,True
next_observation,BOJ_20150218,BoJ,2015-02-18,2015-02-19,2015-02-05,4972,-10,0.0021720159302410502,9.6325,-0.41249999999999964,True,False,,True,True,True,True,BOJ_20150121,1,False,,0,True,False,False,True
next_observation,BOJ_20150218,BoJ,2015-02-18,2015-02-19,2015-02-06,4972,-9,0.013479741829603455,10.285,0.6524999999999999,True,False,,True,True,True,True,BOJ_20150121,1,False,,0,True,False,False,True
next_observation,BOJ_20150218,BoJ,2015-02-18,2015-02-19,2015-02-09,4972,-8,-0.004121809334875978,10.5275,0.24249999999999972,True,False,,True,True,True,True,BOJ_20150121,1,False,,0,True,False,False,True
next_observation,BOJ_20150218,BoJ,2015-02-18,2015-02-19,2015-02-10,4972,-7,0.006678873040845315,10.7925,0.26500000000000057,True,False,,True,True,True,True,BOJ_20150121,1,False,,0,True,False,False,True
next_observation,BOJ_20150218,BoJ,2015-02-18,2015-02-19,2015-02-11,4972,-6,0.008545813519402083,11.41,0.6174999999999997,True,False,,True,True,True,True,BOJ_20150121,1,False,,0,True,False,False,True
next_observation,BOJ_20150218,BoJ,2015-02-18,2015-02-19,2015-02-12,4972,-5,-0.011186826184453677,11.255,-0.15499999999999936,True,False,,True,True,True,True,BOJ_20150121,1,False,,0,True,False,False,True
next_observation,BOJ_20150218,BoJ,2015-02-18,2015-02-19,2015-02-13,4972,-4,-0.003026865723777339,10.73,-0.5250000000000004,True,False,,True,True,True,True,BOJ_20150121,1,False,,0,True,False,False,True
next_observation,BOJ_20150218,BoJ,2015-02-18,2015-02-19,2015-02-16,4972,-3,-0.0023183773319634996,10.0825,-0.6475000000000009,True,False,,True,True,True,True,BOJ_20150121,1,False,,0,True,False,False,True
next_observation,BOJ_20150218,BoJ,2015-02-18,2015-02-19,2015-02-17,4972,-2,0.006519887651097114,10.235,0.15249999999999986,True,False,,True,True,True,True,BOJ_20150121,1,False,,0,True,False,False,True
next_observation,BOJ_20150218,BoJ,2015-02-18,2015-02-19,2015-02-18,4972,-1,-0.00394892128015483,9.86,-0.375,True,False,,True,True,True,True,BOJ_20150121,1,False,,0,True,False,False,True
next_observation,BOJ_20150218,BoJ,2015-02-18,2015-02-19,2015-02-19,4972,0,0.0013460650667442237,9.8825,0.022500000000000853,True,False,,True,True,True,True,BOJ_20150121,1,False,,0,True,False,False,True
next_observation,BOJ_20150218,BoJ,2015-02-18,2015-02-19,2015-02-20,4972,1,0.0007143607825588381,10.19,0.3074999999999992,True,False,,True,True,True,True,BOJ_20150121,1,False,,0,True,False,False,True
next_observation,BOJ_20150218,BoJ,2015-02-18,2015-02-19,2015-02-23,4972,2,-0.001807900595435737,9.565,-0.625,True,False,,True,True,True,True,BOJ_20150121,1,False,,0,True,False,False,True
next_observation,BOJ_20150218,BoJ,2015-02-18,2015-02-19,2015-02-24,4972,3,0.001345725422821379,9.4425,-0.12249999999999872,True,False,,True,True,True,True,BOJ_20150121,1,False,,0,True,False,False,True
next_observation,BOJ_20150218,BoJ,2015-02-18,2015-02-19,2015-02-25,4972,4,-0.0009249916569380949,8.27,-1.1725000000000012,True,False,,True,True,True,True,BOJ_20150121,1,False,,0,True,False,False,True
next_observation,BOJ_20150218,BoJ,2015-02-18,2015-02-19,2015-02-26,4972,5,0.004616425858415076,8.51,0.2400000000000002,True,False,,True,True,True,True,BOJ_20150121,1,False,,0,True,False,False,True
next_observation,BOJ_20150218,BoJ,2015-02-18,2015-02-19,2015-02-27,4972,6,0.0017570285644672593,8.7,0.1899999999999995,True,False,,True,True,True,True,BOJ_20150121,1,False,,0,True,False,False,True
next_observation,BOJ_20150218,BoJ,2015-02-18,2015-02-19,2015-03-02,4972,7,0.004254260670636948,8.93,0.23000000000000043,True,False,,True,True,True,True,BOJ_20150121,1,False,,0,True,False,False,True
next_observation,BOJ_20150218,BoJ,2015-02-18,2015-02-19,2015-03-03,4972,8,-0.003376902715003104,8.425,-0.504999999999999,True,False,,True,True,True,True,BOJ_20150121,1,False,,0,True,False,False,True
next_observation,BOJ_20150218,BoJ,2015-02-18,2015-02-19,2015-03-04,4972,9,-0.0004594724501793339,8.5475,0.12249999999999872,True,False,,True,True,True,True,BOJ_20150121,1,False,,0,True,False,False,True
next_observation,BOJ_20150218,BoJ,2015-02-18,2015-02-19,2015-03-05,4972,10,0.0038363751651824536,9.035,0.4875000000000007,True,False,,True,True,True,True,BOJ_20150121,1,False,,0,True,False,False,True
next_observation,BOJ_20150317,BoJ,2015-03-17,2015-03-18,2015-02-18,4991,-20,-0.00394892128015483,9.86,-0.375,True,False,,True,True,True,True,BOJ_20150218,1,False,,0,True,False,False,True
next_observation,BOJ_20150317,BoJ,2015-03-17,2015-03-18,2015-02-19,4991,-19,0.0013460650667442237,9.8825,0.022500000000000853,True,True,BOJ_20150218,True,True,True,True,BOJ_20150218,1,False,,0,True,False,False,True
next_observation,BOJ_20150317,BoJ,2015-03-17,2015-03-18,2015-02-20,4991,-18,0.0007143607825588381,10.19,0.3074999999999992,True,False,,True,True,True,True,BOJ_20150218,1,False,,0,True,False,False,True
next_observation,BOJ_20150317,BoJ,2015-03-17,2015-03-18,2015-02-23,4991,-17,-0.001807900595435737,9.565,-0.625,True,False,,True,True,True,True,BOJ_20150218,1,False,,0,True,False,False,True
next_observation,BOJ_20150317,BoJ,2015-03-17,2015-03-18,2015-02-24,4991,-16,0.001345725422821379,9.4425,-0.12249999999999872,True,False,,True,True,True,True,BOJ_20150218,1,False,,0,True,False,False,True
next_observation,BOJ_20150317,BoJ,2015-03-17,2015-03-18,2015-02-25,4991,-15,-0.0009249916569380949,8.27,-1.1725000000000012,True,False,,True,True,True,True,BOJ_20150218,1,False,,0,True,False,False,True
next_observation,BOJ_20150317,BoJ,2015-03-17,2015-03-18,2015-02-26,4991,-14,0.004616425858415076,8.51,0.2400000000000002,True,False,,True,True,True,True,BOJ_20150218,1,False,,0,True,False,False,True
next_observation,BOJ_20150317,BoJ,2015-03-17,2015-03-18,2015-02-27,4991,-13,0.0017570285644672593,8.7,0.1899999999999995,True,False,,True,True,True,True,BOJ_20150218,1,False,,0,True,False,False,True
next_observation,BOJ_20150317,BoJ,2015-03-17,2015-03-18,2015-03-02,4991,-12,0.004254260670636948,8.93,0.23000000000000043,True,False,,True,True,True,True,BOJ_20150218,1,False,,0,True,False,False,True
next_observation,BOJ_20150317,BoJ,2015-03-17,2015-03-18,2015-03-03,4991,-11,-0.003376902715003104,8.425,-0.504999999999999,True,False,,True,True,True,True,BOJ_20150218,1,False,,0,True,False,False,True
next_observation,BOJ_20150317,BoJ,2015-03-17,2015-03-18,2015-03-04,4991,-10,-0.0004594724501793339,8.5475,0.12249999999999872,True,False,,True,True,True,True,BOJ_20150218,1,False,,0,True,False,False,True
next_observation,BOJ_20150317,BoJ,2015-03-17,2015-03-18,2015-03-05,4991,-9,0.0038363751651824536,9.035,0.4875000000000007,True,False,,True,True,True,True,BOJ_20150218,1,False,,0,True,False,False,True
next_observation,BOJ_20150317,BoJ,2015-03-17,2015-03-18,2015-03-06,4991,-8,0.005727107287392532,9.06,0.025000000000000355,True,False,,True,True,True,True,BOJ_20150218,1,False,,0,True,False,False,True
next_observation,BOJ_20150317,BoJ,2015-03-17,2015-03-18,2015-03-09,4991,-7,0.002727499831221665,9.2375,0.1775000000000002,True,False,,True,True,True,True,BOJ_20150218,1,False,,0,True,False,False,True
next_observation,BOJ_20150317,BoJ,2015-03-17,2015-03-18,2015-03-10,4991,-6,-0.00016509141974850898,9.7875,0.5499999999999989,True,False,,True,True,True,True,BOJ_20150218,1,False,,0,True,False,False,True
next_observation,BOJ_20150317,BoJ,2015-03-17,2015-03-18,2015-03-11,4991,-5,0.0026381976635665976,9.785,-0.0024999999999995026,True,False,,True,True,True,True,BOJ_20150218,1,False,,0,True,False,False,True
next_observation,BOJ_20150317,BoJ,2015-03-17,2015-03-18,2015-03-12,4991,-4,-0.0014006758490029516,9.4675,-0.3175000000000008,True,False,,True,True,True,True,BOJ_20150218,1,False,,0,True,False,False,True
next_observation,BOJ_20150317,BoJ,2015-03-17,2015-03-18,2015-03-13,4991,-3,0.0009065436585904493,9.345,-0.12249999999999872,True,False,,True,True,True,True,BOJ_20150218,1,False,,0,True,False,False,True
next_observation,BOJ_20150317,BoJ,2015-03-17,2015-03-18,2015-03-16,4991,-2,-0.0004943764777493017,9.18,-0.16500000000000092,True,False,,True,True,True,True,BOJ_20150218,1,False,,0,True,False,False,True
next_observation,BOJ_20150317,BoJ,2015-03-17,2015-03-18,2015-03-17,4991,-1,0.0002472187898870149,9.0175,-0.16249999999999964,True,False,,True,True,True,True,BOJ_20150218,1,False,,0,True,False,False,True
next_observation,BOJ_20150317,BoJ,2015-03-17,2015-03-18,2015-03-18,4991,0,-0.010394544361513847,8.9,-0.11749999999999972,True,False,,True,True,True,True,BOJ_20150218,1,False,,0,True,False,False,True
next_observation,BOJ_20150317,BoJ,2015-03-17,2015-03-18,2015-03-19,4991,1,0.00552132087407159,8.7875,-0.11250000000000071,True,False,,True,True,True,True,BOJ_20150218,1,False,,0,True,False,False,True
next_observation,BOJ_20150317,BoJ,2015-03-17,2015-03-18,2015-03-20,4991,2,-0.006145943518211131,8.32,-0.46749999999999936,True,False,,True,True,True,True,BOJ_20150218,1,False,,0,True,False,False,True
next_observation,BOJ_20150317,BoJ,2015-03-17,2015-03-18,2015-03-23,4991,3,-0.00258592069358625,8.6025,0.28249999999999886,True,False,,True,True,True,True,BOJ_20150218,1,False,,0,True,False,False,True
next_observation,BOJ_20150317,BoJ,2015-03-17,2015-03-18,2015-03-24,4991,4,0.0002505428441367239,8.595,-0.007499999999998508,True,False,,True,True,True,True,BOJ_20150218,1,False,,0,True,False,False,True
next_observation,BOJ_20150317,BoJ,2015-03-17,2015-03-18,2015-03-25,4991,5,-0.002215303211147096,8.25,-0.34500000000000064,True,False,,True,True,True,True,BOJ_20150218,1,False,,0,True,False,False,True
next_observation,BOJ_20150317,BoJ,2015-03-17,2015-03-18,2015-03-26,4991,6,-0.0025557780749696376,8.555,0.3049999999999997,True,False,,True,True,True,True,BOJ_20150218,1,False,,0,True,False,False,True
next_observation,BOJ_20150317,BoJ,2015-03-17,2015-03-18,2015-03-27,4991,7,-0.0004196039000807339,8.5675,0.012500000000001066,True,False,,True,True,True,True,BOJ_20150218,1,False,,0,True,False,False,True
next_observation,BOJ_20150317,BoJ,2015-03-17,2015-03-18,2015-03-30,4991,8,0.007859243664275886,9.01,0.442499999999999,True,False,,True,True,True,True,BOJ_20150218,1,False,,0,True,False,False,True
next_observation,BOJ_20150317,BoJ,2015-03-17,2015-03-18,2015-03-31,4991,9,0.0004163197395685658,9.5,0.4900000000000002,True,False,,True,True,True,True,BOJ_20150218,1,False,,0,True,False,False,True
next_observation,BOJ_20150317,BoJ,2015-03-17,2015-03-18,2015-04-01,4991,10,-0.003001377883596969,9.405,-0.09500000000000064,True,False,,True,True,True,True,BOJ_20150218,1,False,,0,True,False,False,True
next_observation,BOJ_20150408,BoJ,2015-04-08,2015-04-09,2015-03-12,5007,-20,-0.0014006758490029516,9.4675,-0.3175000000000008,True,False,,True,True,True,True,BOJ_20150317,1,False,,0,True,False,False,True
next_observation,BOJ_20150408,BoJ,2015-04-08,2015-04-09,2015-03-13,5007,-19,0.0009065436585904493,9.345,-0.12249999999999872,True,False,,True,True,True,True,BOJ_20150317,1,False,,0,True,False,False,True
next_observation,BOJ_20150408,BoJ,2015-04-08,2015-04-09,2015-03-16,5007,-18,-0.0004943764777493017,9.18,-0.16500000000000092,True,False,,True,True,True,True,BOJ_20150317,1,False,,0,True,False,False,True
next_observation,BOJ_20150408,BoJ,2015-04-08,2015-04-09,2015-03-17,5007,-17,0.0002472187898870149,9.0175,-0.16249999999999964,True,False,,True,True,True,True,BOJ_20150317,1,False,,0,True,False,False,True
next_observation,BOJ_20150408,BoJ,2015-04-08,2015-04-09,2015-03-18,5007,-16,-0.010394544361513847,8.9,-0.11749999999999972,True,True,BOJ_20150317,True,True,True,True,BOJ_20150317,1,False,,0,True,False,False,True
next_observation,BOJ_20150408,BoJ,2015-04-08,2015-04-09,2015-03-19,5007,-15,0.00552132087407159,8.7875,-0.11250000000000071,True,False,,True,True,True,True,BOJ_20150317,1,False,,0,True,False,False,True
next_observation,BOJ_20150408,BoJ,2015-04-08,2015-04-09,2015-03-20,5007,-14,-0.006145943518211131,8.32,-0.46749999999999936,True,False,,True,True,True,True,BOJ_20150317,1,False,,0,True,False,False,True
next_observation,BOJ_20150408,BoJ,2015-04-08,2015-04-09,2015-03-23,5007,-13,-0.00258592069358625,8.6025,0.28249999999999886,True,False,,True,True,True,True,BOJ_20150317,1,False,,0,True,False,False,True
next_observation,BOJ_20150408,BoJ,2015-04-08,2015-04-09,2015-03-24,5007,-12,0.0002505428441367239,8.595,-0.007499999999998508,True,False,,True,True,True,True,BOJ_20150317,1,False,,0,True,False,False,True
next_observation,BOJ_20150408,BoJ,2015-04-08,2015-04-09,2015-03-25,5007,-11,-0.002215303211147096,8.25,-0.34500000000000064,True,False,,True,True,True,True,BOJ_20150317,1,False,,0,True,False,False,True
next_observation,BOJ_20150408,BoJ,2015-04-08,2015-04-09,2015-03-26,5007,-10,-0.0025557780749696376,8.555,0.3049999999999997,True,False,,True,True,True,True,BOJ_20150317,1,False,,0,True,False,False,True
next_observation,BOJ_20150408,BoJ,2015-04-08,2015-04-09,2015-03-27,5007,-9,-0.0004196039000807339,8.5675,0.012500000000001066,True,False,,True,True,True,True,BOJ_20150317,1,False,,0,True,False,False,True
next_observation,BOJ_20150408,BoJ,2015-04-08,2015-04-09,2015-03-30,5007,-8,0.007859243664275886,9.01,0.442499999999999,True,False,,True,True,True,True,BOJ_20150317,1,False,,0,True,False,False,True
next_observation,BOJ_20150408,BoJ,2015-04-08,2015-04-09,2015-03-31,5007,-7,0.0004163197395685658,9.5,0.4900000000000002,True,False,,True,True,True,True,BOJ_20150317,1,False,,0,True,False,False,True
next_observation,BOJ_20150408,BoJ,2015-04-08,2015-04-09,2015-04-01,5007,-6,-0.003001377883596969,9.405,-0.09500000000000064,True,False,,True,True,True,True,BOJ_20150317,1,False,,0,True,False,False,True
next_observation,BOJ_20150408,BoJ,2015-04-08,2015-04-09,2015-04-02,5007,-5,-0.00033404317818659315,9.2075,-0.1974999999999998,True,False,,True,True,True,True,BOJ_20150317,1,False,,0,True,False,False,True
next_observation,BOJ_20150408,BoJ,2015-04-08,2015-04-09,2015-04-03,5007,-4,-0.006284059221498883,8.6,-0.6074999999999999,True,False,,True,True,True,True,BOJ_20150317,1,False,,0,True,False,False,True
next_observation,BOJ_20150408,BoJ,2015-04-08,2015-04-09,2015-04-06,5007,-3,0.004695828510647098,8.0075,-0.5924999999999994,True,False,,True,True,True,True,BOJ_20150317,1,False,,0,True,False,False,True
next_observation,BOJ_20150408,BoJ,2015-04-08,2015-04-09,2015-04-07,5007,-2,0.006171572067696357,8.4525,0.4450000000000003,True,False,,True,True,True,True,BOJ_20150317,1,False,,0,True,False,False,True
next_observation,BOJ_20150408,BoJ,2015-04-08,2015-04-09,2015-04-08,5007,-1,-0.0011646771417622294,7.97,-0.4825000000000008,True,False,,True,True,True,True,BOJ_20150317,1,False,,0,True,False,False,True
next_observation,BOJ_20150408,BoJ,2015-04-08,2015-04-09,2015-04-09,5007,0,0.003655855511280206,8.125,0.15500000000000025,True,False,,True,True,True,True,BOJ_20150317,1,False,,0,True,False,False,True
next_observation,BOJ_20150408,BoJ,2015-04-08,2015-04-09,2015-04-10,5007,1,-0.002906978791309161,8.08,-0.04499999999999993,True,False,,True,True,True,True,BOJ_20150317,1,False,,0,True,False,False,True
next_observation,BOJ_20150408,BoJ,2015-04-08,2015-04-09,2015-04-13,5007,2,-0.0007488767199710599,8.525,0.4450000000000003,True,False,,True,True,True,True,BOJ_20150317,1,False,,0,True,False,False,True
next_observation,BOJ_20150408,BoJ,2015-04-08,2015-04-09,2015-04-14,5007,3,-0.0061787864089807585,8.41,-0.11500000000000021,True,False,,True,True,True,True,BOJ_20150317,1,False,,0,True,False,False,True
next_observation,BOJ_20150408,BoJ,2015-04-08,2015-04-09,2015-04-15,5007,4,-0.0021800201481622936,8.19,-0.22000000000000064,True,False,,True,True,True,True,BOJ_20150317,1,False,,0,True,False,False,True
next_observation,BOJ_20150408,BoJ,2015-04-08,2015-04-09,2015-04-16,5007,5,-0.0010077682986014314,8.005,-0.18499999999999872,True,False,,True,True,True,True,BOJ_20150317,1,False,,0,True,False,False,True
next_observation,BOJ_20150408,BoJ,2015-04-08,2015-04-09,2015-04-17,5007,6,-0.0009246806307819071,8.0775,0.07249999999999979,True,False,,True,True,True,True,BOJ_20150317,1,False,,0,True,False,False,True
next_observation,BOJ_20150408,BoJ,2015-04-08,2015-04-09,2015-04-20,5007,7,0.002268146133660663,8.2825,0.20500000000000007,True,False,,True,True,True,True,BOJ_20150317,1,False,,0,True,False,False,True
next_observation,BOJ_20150408,BoJ,2015-04-08,2015-04-09,2015-04-21,5007,8,0.004186734187683421,8.46,0.1775000000000002,True,False,,True,True,True,True,BOJ_20150317,1,False,,0,True,False,False,True
next_observation,BOJ_20150408,BoJ,2015-04-08,2015-04-09,2015-04-22,5007,9,0.0020034231835557425,8.51,0.049999999999998934,True,False,,True,True,True,True,BOJ_20150317,1,False,,0,True,False,False,True
next_observation,BOJ_20150408,BoJ,2015-04-08,2015-04-09,2015-04-23,5007,10,-0.002755742871300379,8.3125,-0.1974999999999998,True,False,,True,True,True,True,BOJ_20150317,1,False,,0,True,False,False,True
next_observation,BOJ_20150430,BoJ,2015-04-30,2015-05-01,2015-04-03,5023,-20,-0.006284059221498883,8.6,-0.6074999999999999,True,False,,True,True,True,True,BOJ_20150408,1,False,,0,True,False,False,True
next_observation,BOJ_20150430,BoJ,2015-04-30,2015-05-01,2015-04-06,5023,-19,0.004695828510647098,8.0075,-0.5924999999999994,True,False,,True,True,True,True,BOJ_20150408,1,False,,0,True,False,False,True
next_observation,BOJ_20150430,BoJ,2015-04-30,2015-05-01,2015-04-07,5023,-18,0.006171572067696357,8.4525,0.4450000000000003,True,False,,True,True,True,True,BOJ_20150408,1,False,,0,True,False,False,True
next_observation,BOJ_20150430,BoJ,2015-04-30,2015-05-01,2015-04-08,5023,-17,-0.0011646771417622294,7.97,-0.4825000000000008,True,False,,True,True,True,True,BOJ_20150408,1,False,,0,True,False,False,True
next_observation,BOJ_20150430,BoJ,2015-04-30,2015-05-01,2015-04-09,5023,-16,0.003655855511280206,8.125,0.15500000000000025,True,True,BOJ_20150408,True,True,True,True,BOJ_20150408,1,False,,0,True,False,False,True
next_observation,BOJ_20150430,BoJ,2015-04-30,2015-05-01,2015-04-10,5023,-15,-0.002906978791309161,8.08,-0.04499999999999993,True,False,,True,True,True,True,BOJ_20150408,1,False,,0,True,False,False,True
next_observation,BOJ_20150430,BoJ,2015-04-30,2015-05-01,2015-04-13,5023,-14,-0.0007488767199710599,8.525,0.4450000000000003,True,False,,True,True,True,True,BOJ_20150408,1,False,,0,True,False,False,True
next_observation,BOJ_20150430,BoJ,2015-04-30,2015-05-01,2015-04-14,5023,-13,-0.0061787864089807585,8.41,-0.11500000000000021,True,False,,True,True,True,True,BOJ_20150408,1,False,,0,True,False,False,True
next_observation,BOJ_20150430,BoJ,2015-04-30,2015-05-01,2015-04-15,5023,-12,-0.0021800201481622936,8.19,-0.22000000000000064,True,False,,True,True,True,True,BOJ_20150408,1,False,,0,True,False,False,True
next_observation,BOJ_20150430,BoJ,2015-04-30,2015-05-01,2015-04-16,5023,-11,-0.0010077682986014314,8.005,-0.18499999999999872,True,False,,True,True,True,True,BOJ_20150408,1,False,,0,True,False,False,True
next_observation,BOJ_20150430,BoJ,2015-04-30,2015-05-01,2015-04-17,5023,-10,-0.0009246806307819071,8.0775,0.07249999999999979,True,False,,True,True,True,True,BOJ_20150408,1,False,,0,True,False,False,True
next_observation,BOJ_20150430,BoJ,2015-04-30,2015-05-01,2015-04-20,5023,-9,0.002268146133660663,8.2825,0.20500000000000007,True,False,,True,True,True,True,BOJ_20150408,1,False,,0,True,False,False,True
next_observation,BOJ_20150430,BoJ,2015-04-30,2015-05-01,2015-04-21,5023,-8,0.004186734187683421,8.46,0.1775000000000002,True,False,,True,True,True,True,BOJ_20150408,1,False,,0,True,False,False,True
next_observation,BOJ_20150430,BoJ,2015-04-30,2015-05-01,2015-04-22,5023,-7,0.0020034231835557425,8.51,0.049999999999998934,True,False,,True,True,True,True,BOJ_20150408,1,False,,0,True,False,False,True
next_observation,BOJ_20150430,BoJ,2015-04-30,2015-05-01,2015-04-23,5023,-6,-0.002755742871300379,8.3125,-0.1974999999999998,True,False,,True,True,True,True,BOJ_20150408,1,False,,0,True,False,False,True
next_observation,BOJ_20150430,BoJ,2015-04-30,2015-05-01,2015-04-24,5023,-5,-0.005029980844488756,8.305,-0.007500000000000284,True,False,,True,True,True,True,BOJ_20150408,1,False,,0,True,False,False,True
next_observation,BOJ_20150430,BoJ,2015-04-30,2015-05-01,2015-04-27,5023,-4,0.00042013276813271437,8.485,0.17999999999999972,True,False,,True,True,True,True,BOJ_20150408,1,False,,0,True,False,False,True
next_observation,BOJ_20150430,BoJ,2015-04-30,2015-05-01,2015-04-28,5023,-3,-0.0015133047572523147,7.9575,-0.5274999999999999,True,False,,True,True,True,True,BOJ_20150408,1,False,,0,True,False,False,True
next_observation,BOJ_20150430,BoJ,2015-04-30,2015-05-01,2015-04-29,5023,-2,0.0013452728307910174,8.03,0.07249999999999979,True,False,,True,True,True,True,BOJ_20150408,1,False,,0,True,False,False,True
next_observation,BOJ_20150430,BoJ,2015-04-30,2015-05-01,2015-04-30,5023,-1,0.003020263212883574,8.01,-0.019999999999999574,True,False,,True,True,True,True,BOJ_20150408,1,False,,0,True,False,False,True
next_observation,BOJ_20150430,BoJ,2015-04-30,2015-05-01,2015-05-01,5023,0,0.006471163381583556,8.395,0.3849999999999998,True,False,,True,True,True,True,BOJ_20150408,1,False,,0,True,False,False,True
next_observation,BOJ_20150430,BoJ,2015-04-30,2015-05-01,2015-05-04,5023,1,-0.00016647244919430355,8.6075,0.21250000000000036,True,False,,True,True,True,True,BOJ_20150408,1,False,,0,True,False,False,True
next_observation,BOJ_20150430,BoJ,2015-04-30,2015-05-01,2015-05-05,5023,2,-0.002291810907910376,8.37,-0.2375000000000007,True,False,,True,True,True,True,BOJ_20150408,1,False,,0,True,False,False,True
next_observation,BOJ_20150430,BoJ,2015-04-30,2015-05-01,2015-05-06,5023,3,-0.0032592373828793787,8.14,-0.22999999999999865,True,False,,True,True,True,True,BOJ_20150408,1,False,,0,True,False,False,True
next_observation,BOJ_20150430,BoJ,2015-04-30,2015-05-01,2015-05-07,5023,4,0.0022575260423873286,8.3775,0.23749999999999893,True,False,,True,True,True,True,BOJ_20150408,1,False,,0,True,False,False,True
next_observation,BOJ_20150430,BoJ,2015-04-30,2015-05-01,2015-05-08,5023,5,0.00025052192197835745,7.7875,-0.5899999999999999,True,False,,True,True,True,True,BOJ_20150408,1,False,,0,True,False,False,True
next_observation,BOJ_20150430,BoJ,2015-04-30,2015-05-01,2015-05-11,5023,6,0.0026683359588667763,7.595,-0.1924999999999999,True,False,,True,True,True,True,BOJ_20150408,1,False,,0,True,False,False,True
next_observation,BOJ_20150430,BoJ,2015-04-30,2015-05-01,2015-05-12,5023,7,-0.001792003146717967,7.375,-0.21999999999999975,True,False,,True,True,True,True,BOJ_20150408,1,False,,0,True,False,False,True
next_observation,BOJ_20150430,BoJ,2015-04-30,2015-05-01,2015-05-13,5023,8,-0.005982655643681164,6.7525,-0.6224999999999996,True,False,,True,True,True,True,BOJ_20150408,1,False,,0,True,False,False,True
next_observation,BOJ_20150430,BoJ,2015-04-30,2015-05-01,2015-05-14,5023,9,0.00016783451556201355,6.72,-0.03250000000000064,True,False,,True,True,True,True,BOJ_20150408,1,False,,0,True,False,False,True
next_observation,BOJ_20150430,BoJ,2015-04-30,2015-05-01,2015-05-15,5023,10,0.0005871990773537401,6.765,0.04499999999999993,True,False,,True,True,True,True,BOJ_20150408,1,False,,0,True,False,False,True
next_observation,BOJ_20150522,BoJ,2015-05-22,2015-05-25,2015-04-27,5039,-20,0.00042013276813271437,8.485,0.17999999999999972,True,False,,True,True,True,True,BOJ_20150430,1,False,,0,True,False,False,True
next_observation,BOJ_20150522,BoJ,2015-05-22,2015-05-25,2015-04-28,5039,-19,-0.0015133047572523147,7.9575,-0.5274999999999999,True,False,,True,True,True,True,BOJ_20150430,1,False,,0,True,False,False,True
next_observation,BOJ_20150522,BoJ,2015-05-22,2015-05-25,2015-04-29,5039,-18,0.0013452728307910174,8.03,0.07249999999999979,True,False,,True,True,True,True,BOJ_20150430,1,False,,0,True,False,False,True
next_observation,BOJ_20150522,BoJ,2015-05-22,2015-05-25,2015-04-30,5039,-17,0.003020263212883574,8.01,-0.019999999999999574,True,False,,True,True,True,True,BOJ_20150430,1,False,,0,True,False,False,True
next_observation,BOJ_20150522,BoJ,2015-05-22,2015-05-25,2015-05-01,5039,-16,0.006471163381583556,8.395,0.3849999999999998,True,True,BOJ_20150430,True,True,True,True,BOJ_20150430,1,False,,0,True,False,False,True
next_observation,BOJ_20150522,BoJ,2015-05-22,2015-05-25,2015-05-04,5039,-15,-0.00016647244919430355,8.6075,0.21250000000000036,True,False,,True,True,True,True,BOJ_20150430,1,False,,0,True,False,False,True
next_observation,BOJ_20150522,BoJ,2015-05-22,2015-05-25,2015-05-05,5039,-14,-0.002291810907910376,8.37,-0.2375000000000007,True,False,,True,True,True,True,BOJ_20150430,1,False,,0,True,False,False,True
next_observation,BOJ_20150522,BoJ,2015-05-22,2015-05-25,2015-05-06,5039,-13,-0.0032592373828793787,8.14,-0.22999999999999865,True,False,,True,True,True,True,BOJ_20150430,1,False,,0,True,False,False,True
next_observation,BOJ_20150522,BoJ,2015-05-22,2015-05-25,2015-05-07,5039,-12,0.0022575260423873286,8.3775,0.23749999999999893,True,False,,True,True,True,True,BOJ_20150430,1,False,,0,True,False,False,True
next_observation,BOJ_20150522,BoJ,2015-05-22,2015-05-25,2015-05-08,5039,-11,0.00025052192197835745,7.7875,-0.5899999999999999,True,False,,True,True,True,True,BOJ_20150430,1,False,,0,True,False,False,True
next_observation,BOJ_20150522,BoJ,2015-05-22,2015-05-25,2015-05-11,5039,-10,0.0026683359588667763,7.595,-0.1924999999999999,True,False,,True,True,True,True,BOJ_20150430,1,False,,0,True,False,False,True
next_observation,BOJ_20150522,BoJ,2015-05-22,2015-05-25,2015-05-12,5039,-9,-0.001792003146717967,7.375,-0.21999999999999975,True,False,,True,True,True,True,BOJ_20150430,1,False,,0,True,False,False,True
next_observation,BOJ_20150522,BoJ,2015-05-22,2015-05-25,2015-05-13,5039,-8,-0.005982655643681164,6.7525,-0.6224999999999996,True,False,,True,True,True,True,BOJ_20150430,1,False,,0,True,False,False,True
next_observation,BOJ_20150522,BoJ,2015-05-22,2015-05-25,2015-05-14,5039,-7,0.00016783451556201355,6.72,-0.03250000000000064,True,False,,True,True,True,True,BOJ_20150430,1,False,,0,True,False,False,True
next_observation,BOJ_20150522,BoJ,2015-05-22,2015-05-25,2015-05-15,5039,-6,0.0005871990773537401,6.765,0.04499999999999993,True,False,,True,True,True,True,BOJ_20150430,1,False,,0,True,False,False,True
next_observation,BOJ_20150522,BoJ,2015-05-22,2015-05-25,2015-05-18,5039,-5,0.006186534800651619,7.175,0.41000000000000014,True,False,,True,True,True,True,BOJ_20150430,1,False,,0,True,False,False,True
next_observation,BOJ_20150522,BoJ,2015-05-22,2015-05-25,2015-05-19,5039,-4,0.005899967255838483,7.8875,0.7125000000000004,True,False,,True,True,True,True,BOJ_20150430,1,False,,0,True,False,False,True
next_observation,BOJ_20150522,BoJ,2015-05-22,2015-05-25,2015-05-20,5039,-3,0.00537102596756658,8.2475,0.3600000000000003,True,False,,True,True,True,True,BOJ_20150430,1,False,,0,True,False,False,True
next_observation,BOJ_20150522,BoJ,2015-05-22,2015-05-25,2015-05-21,5039,-2,-0.002557968223720451,7.6375,-0.6100000000000003,True,False,,True,True,True,True,BOJ_20150430,1,False,,0,True,False,False,True
next_observation,BOJ_20150522,BoJ,2015-05-22,2015-05-25,2015-05-22,5039,-1,0.004204804612218735,7.6575,0.019999999999999574,True,False,,True,True,True,True,BOJ_20150430,1,False,,0,True,False,False,True
next_observation,BOJ_20150522,BoJ,2015-05-22,2015-05-25,2015-05-25,5039,0,8.227067055250347e-05,7.9175,0.2600000000000007,True,False,,True,True,True,True,BOJ_20150430,1,False,,0,True,False,False,True
next_observation,BOJ_20150522,BoJ,2015-05-22,2015-05-25,2015-05-26,5039,1,0.012589579729908318,9.37,1.4524999999999988,True,False,,True,True,True,True,BOJ_20150430,1,False,,0,True,False,False,True
next_observation,BOJ_20150522,BoJ,2015-05-22,2015-05-25,2015-05-27,5039,2,0.0045390148851628025,9.765,0.39500000000000135,True,False,,True,True,True,True,BOJ_20150430,1,False,,0,True,False,False,True
next_observation,BOJ_20150522,BoJ,2015-05-22,2015-05-25,2015-05-28,5039,3,0.002423166647497328,9.475,-0.2900000000000009,True,False,,True,True,True,True,BOJ_20150430,1,False,,0,True,False,False,True
next_observation,BOJ_20150522,BoJ,2015-05-22,2015-05-25,2015-05-29,5039,4,0.0015316407669794978,8.8325,-0.6425000000000001,True,False,,True,True,True,True,BOJ_20150430,1,False,,0,True,False,False,True
next_observation,BOJ_20150522,BoJ,2015-05-22,2015-05-25,2015-06-01,5039,5,0.0050618780747743826,9.005,0.1725000000000012,True,False,,True,True,True,True,BOJ_20150430,1,False,,0,True,False,False,True
next_observation,BOJ_20150522,BoJ,2015-05-22,2015-05-25,2015-06-02,5039,6,-0.005303560183418844,9.31,0.3049999999999997,True,False,,True,True,True,True,BOJ_20150430,1,False,,0,True,False,False,True
next_observation,BOJ_20150522,BoJ,2015-05-22,2015-05-25,2015-06-03,5039,7,0.0010468675460831099,9.3175,0.007500000000000284,True,False,,True,True,True,True,BOJ_20150430,1,False,,0,True,False,False,True
next_observation,BOJ_20150522,BoJ,2015-05-22,2015-05-25,2015-06-04,5039,8,0.000965367517954581,8.9,-0.4175000000000004,True,False,,True,True,True,True,BOJ_20150430,1,False,,0,True,False,False,True
next_observation,BOJ_20150522,BoJ,2015-05-22,2015-05-25,2015-06-05,5039,9,0.010080488577048312,8.5775,-0.3224999999999998,True,False,,True,True,True,True,BOJ_20150430,1,False,,0,True,False,False,True
next_observation,BOJ_20150522,BoJ,2015-05-22,2015-05-25,2015-06-08,5039,10,-0.009116052094819187,8.675,0.09750000000000014,True,False,,True,True,True,True,BOJ_20150430,1,False,,0,True,False,False,True
next_observation,BOJ_20150619,BoJ,2015-06-19,2015-06-22,2015-05-25,5059,-20,8.227067055250347e-05,7.9175,0.2600000000000007,True,True,BOJ_20150522,True,True,True,True,BOJ_20150522,1,False,,0,True,False,False,True
next_observation,BOJ_20150619,BoJ,2015-06-19,2015-06-22,2015-05-26,5059,-19,0.012589579729908318,9.37,1.4524999999999988,True,False,,True,True,True,True,BOJ_20150522,1,False,,0,True,False,False,True
next_observation,BOJ_20150619,BoJ,2015-06-19,2015-06-22,2015-05-27,5059,-18,0.0045390148851628025,9.765,0.39500000000000135,True,False,,True,True,True,True,BOJ_20150522,1,False,,0,True,False,False,True
next_observation,BOJ_20150619,BoJ,2015-06-19,2015-06-22,2015-05-28,5059,-17,0.002423166647497328,9.475,-0.2900000000000009,True,False,,True,True,True,True,BOJ_20150522,1,False,,0,True,False,False,True
next_observation,BOJ_20150619,BoJ,2015-06-19,2015-06-22,2015-05-29,5059,-16,0.0015316407669794978,8.8325,-0.6425000000000001,True,False,,True,True,True,True,BOJ_20150522,1,False,,0,True,False,False,True
next_observation,BOJ_20150619,BoJ,2015-06-19,2015-06-22,2015-06-01,5059,-15,0.0050618780747743826,9.005,0.1725000000000012,True,False,,True,True,True,True,BOJ_20150522,1,False,,0,True,False,False,True
next_observation,BOJ_20150619,BoJ,2015-06-19,2015-06-22,2015-06-02,5059,-14,-0.005303560183418844,9.31,0.3049999999999997,True,False,,True,True,True,True,BOJ_20150522,1,False,,0,True,False,False,True
next_observation,BOJ_20150619,BoJ,2015-06-19,2015-06-22,2015-06-03,5059,-13,0.0010468675460831099,9.3175,0.007500000000000284,True,False,,True,True,True,True,BOJ_20150522,1,False,,0,True,False,False,True
next_observation,BOJ_20150619,BoJ,2015-06-19,2015-06-22,2015-06-04,5059,-12,0.000965367517954581,8.9,-0.4175000000000004,True,False,,True,True,True,True,BOJ_20150522,1,False,,0,True,False,False,True
next_observation,BOJ_20150619,BoJ,2015-06-19,2015-06-22,2015-06-05,5059,-11,0.010080488577048312,8.5775,-0.3224999999999998,True,False,,True,True,True,True,BOJ_20150522,1,False,,0,True,False,False,True
next_observation,BOJ_20150619,BoJ,2015-06-19,2015-06-22,2015-06-08,5059,-10,-0.009116052094819187,8.675,0.09750000000000014,True,False,,True,True,True,True,BOJ_20150522,1,False,,0,True,False,False,True
next_observation,BOJ_20150619,BoJ,2015-06-19,2015-06-22,2015-06-09,5059,-9,-0.0011252663647680532,9.0325,0.35749999999999993,True,False,,True,True,True,True,BOJ_20150522,1,False,,0,True,False,False,True
next_observation,BOJ_20150619,BoJ,2015-06-19,2015-06-22,2015-06-10,5059,-8,-0.013521378377785777,9.265,0.23249999999999993,True,False,,True,True,True,True,BOJ_20150522,1,False,,0,True,False,False,True
next_observation,BOJ_20150619,BoJ,2015-06-19,2015-06-22,2015-06-11,5059,-7,0.006054590916953524,8.6525,-0.6125000000000007,True,False,,True,True,True,True,BOJ_20150522,1,False,,0,True,False,False,True
next_observation,BOJ_20150619,BoJ,2015-06-19,2015-06-22,2015-06-12,5059,-6,-0.00024310198247844725,8.6525,0.0,True,False,,True,True,True,True,BOJ_20150522,1,False,,0,True,False,False,True
next_observation,BOJ_20150619,BoJ,2015-06-19,2015-06-22,2015-06-15,5059,-5,0.00020258908924456528,9.005,0.3525000000000009,True,False,,True,True,True,True,BOJ_20150522,1,False,,0,True,False,False,True
next_observation,BOJ_20150619,BoJ,2015-06-19,2015-06-22,2015-06-16,5059,-4,-0.0004862827830153713,8.6325,-0.3725000000000005,True,False,,True,True,True,True,BOJ_20150522,1,False,,0,True,False,False,True
next_observation,BOJ_20150619,BoJ,2015-06-19,2015-06-22,2015-06-17,5059,-3,0.0006078165391657893,7.915,-0.7175000000000002,True,False,,True,True,True,True,BOJ_20150522,1,False,,0,True,False,False,True
next_observation,BOJ_20150619,BoJ,2015-06-19,2015-06-22,2015-06-18,5059,-2,-0.003774431721791029,7.7375,-0.1775000000000002,True,False,,True,True,True,True,BOJ_20150522,1,False,,0,True,False,False,True
next_observation,BOJ_20150619,BoJ,2015-06-19,2015-06-22,2015-06-19,5059,-1,-0.0021166613511799707,7.91,0.17250000000000032,True,False,,True,True,True,True,BOJ_20150522,1,False,,0,True,False,False,True
next_observation,BOJ_20150619,BoJ,2015-06-19,2015-06-22,2015-06-22,5059,0,0.005404869400506964,7.4425,-0.46750000000000025,True,False,,True,True,True,True,BOJ_20150522,1,False,,0,True,False,False,True
next_observation,BOJ_20150619,BoJ,2015-06-19,2015-06-22,2015-06-23,5059,1,0.004649948737884126,7.69,0.2475000000000005,True,False,,True,True,True,True,BOJ_20150522,1,False,,0,True,False,False,True
next_observation,BOJ_20150619,BoJ,2015-06-19,2015-06-22,2015-06-24,5059,2,-0.0007667628858887503,7.6275,-0.0625,True,False,,True,True,True,True,BOJ_20150522,1,False,,0,True,False,False,True
next_observation,BOJ_20150619,BoJ,2015-06-19,2015-06-22,2015-06-25,5059,3,-0.0018183659924923237,7.3275,-0.3000000000000007,True,False,,True,True,True,True,BOJ_20150522,1,False,,0,True,False,False,True
next_observation,BOJ_20150619,BoJ,2015-06-19,2015-06-22,2015-06-26,5059,4,0.001858736594625342,7.6375,0.3100000000000005,True,False,,True,True,True,True,BOJ_20150522,1,False,,0,True,False,False,True
next_observation,BOJ_20150619,BoJ,2015-06-19,2015-06-22,2015-06-29,5059,5,-0.010633217069311819,8.69,1.0524999999999993,True,False,,True,True,True,True,BOJ_20150522,1,False,,0,True,False,False,True
next_observation,BOJ_20150619,BoJ,2015-06-19,2015-06-22,2015-06-30,5059,6,-0.00040809664294746246,8.905,0.21499999999999986,True,False,,True,True,True,True,BOJ_20150522,1,False,,0,True,False,False,True
next_observation,BOJ_20150619,BoJ,2015-06-19,2015-06-22,2015-07-01,5059,7,0.005535895604784613,8.23,-0.6749999999999989,True,False,,True,True,True,True,BOJ_20150522,1,False,,0,True,False,False,True
next_observation,BOJ_20150619,BoJ,2015-06-19,2015-06-22,2015-07-02,5059,8,-0.0008934373563769073,7.67,-0.5600000000000005,True,False,,True,True,True,True,BOJ_20150522,1,False,,0,True,False,False,True
next_observation,BOJ_20150619,BoJ,2015-06-19,2015-06-22,2015-07-03,5059,9,-0.0022778126586404388,8.21,0.5400000000000009,True,False,,True,True,True,True,BOJ_20150522,1,False,,0,True,False,False,True
next_observation,BOJ_20150619,BoJ,2015-06-19,2015-06-22,2015-07-06,5059,10,-0.0017117708777127628,8.0,-0.21000000000000085,True,False,,True,True,True,True,BOJ_20150522,1,False,,0,True,False,False,True
next_observation,BOJ_20150715,BoJ,2015-07-15,2015-07-16,2015-06-18,5077,-20,-0.003774431721791029,7.7375,-0.1775000000000002,True,False,,True,True,True,True,BOJ_20150619,1,False,,0,True,False,False,True
next_observation,BOJ_20150715,BoJ,2015-07-15,2015-07-16,2015-06-19,5077,-19,-0.0021166613511799707,7.91,0.17250000000000032,True,False,,True,True,True,True,BOJ_20150619,1,False,,0,True,False,False,True
next_observation,BOJ_20150715,BoJ,2015-07-15,2015-07-16,2015-06-22,5077,-18,0.005404869400506964,7.4425,-0.46750000000000025,True,True,BOJ_20150619,True,True,True,True,BOJ_20150619,1,False,,0,True,False,False,True
next_observation,BOJ_20150715,BoJ,2015-07-15,2015-07-16,2015-06-23,5077,-17,0.004649948737884126,7.69,0.2475000000000005,True,False,,True,True,True,True,BOJ_20150619,1,False,,0,True,False,False,True
next_observation,BOJ_20150715,BoJ,2015-07-15,2015-07-16,2015-06-24,5077,-16,-0.0007667628858887503,7.6275,-0.0625,True,False,,True,True,True,True,BOJ_20150619,1,False,,0,True,False,False,True
next_observation,BOJ_20150715,BoJ,2015-07-15,2015-07-16,2015-06-25,5077,-15,-0.0018183659924923237,7.3275,-0.3000000000000007,True,False,,True,True,True,True,BOJ_20150619,1,False,,0,True,False,False,True
next_observation,BOJ_20150715,BoJ,2015-07-15,2015-07-16,2015-06-26,5077,-14,0.001858736594625342,7.6375,0.3100000000000005,True,False,,True,True,True,True,BOJ_20150619,1,False,,0,True,False,False,True
next_observation,BOJ_20150715,BoJ,2015-07-15,2015-07-16,2015-06-29,5077,-13,-0.010633217069311819,8.69,1.0524999999999993,True,False,,True,True,True,True,BOJ_20150619,1,False,,0,True,False,False,True
next_observation,BOJ_20150715,BoJ,2015-07-15,2015-07-16,2015-06-30,5077,-12,-0.00040809664294746246,8.905,0.21499999999999986,True,False,,True,True,True,True,BOJ_20150619,1,False,,0,True,False,False,True
next_observation,BOJ_20150715,BoJ,2015-07-15,2015-07-16,2015-07-01,5077,-11,0.005535895604784613,8.23,-0.6749999999999989,True,False,,True,True,True,True,BOJ_20150619,1,False,,0,True,False,False,True
next_observation,BOJ_20150715,BoJ,2015-07-15,2015-07-16,2015-07-02,5077,-10,-0.0008934373563769073,7.67,-0.5600000000000005,True,False,,True,True,True,True,BOJ_20150619,1,False,,0,True,False,False,True
next_observation,BOJ_20150715,BoJ,2015-07-15,2015-07-16,2015-07-03,5077,-9,-0.0022778126586404388,8.21,0.5400000000000009,True,False,,True,True,True,True,BOJ_20150619,1,False,,0,True,False,False,True
next_observation,BOJ_20150715,BoJ,2015-07-15,2015-07-16,2015-07-06,5077,-8,-0.0017117708777127628,8.0,-0.21000000000000085,True,False,,True,True,True,True,BOJ_20150619,1,False,,0,True,False,False,True
next_observation,BOJ_20150715,BoJ,2015-07-15,2015-07-16,2015-07-07,5077,-7,-0.00032638407535462655,8.5575,0.5574999999999992,True,False,,True,True,True,True,BOJ_20150619,1,False,,0,True,False,False,True
next_observation,BOJ_20150715,BoJ,2015-07-15,2015-07-16,2015-07-08,5077,-6,-0.015047151195736385,9.915,1.3575,True,False,,True,True,True,True,BOJ_20150619,1,False,,0,True,False,False,True
next_observation,BOJ_20150715,BoJ,2015-07-15,2015-07-16,2015-07-09,5077,-5,0.005246970247945904,9.28,-0.6349999999999998,True,False,,True,True,True,True,BOJ_20150619,1,False,,0,True,False,False,True
next_observation,BOJ_20150715,BoJ,2015-07-15,2015-07-16,2015-07-10,5077,-4,0.011756889411156528,8.36,-0.9199999999999999,True,False,,True,True,True,True,BOJ_20150619,1,False,,0,True,False,False,True
next_observation,BOJ_20150715,BoJ,2015-07-15,2015-07-16,2015-07-13,5077,-3,0.005280272219618356,8.295,-0.0649999999999995,True,False,,True,True,True,True,BOJ_20150619,1,False,,0,True,False,False,True
next_observation,BOJ_20150715,BoJ,2015-07-15,2015-07-16,2015-07-14,5077,-2,-0.00024309213311514703,8.06,-0.23499999999999943,True,False,,True,True,True,True,BOJ_20150619,1,False,,0,True,False,False,True
next_observation,BOJ_20150715,BoJ,2015-07-15,2015-07-16,2015-07-15,5077,-1,0.0029940142126046996,7.67,-0.39000000000000057,True,False,,True,True,True,True,BOJ_20150619,1,False,,0,True,False,False,True
next_observation,BOJ_20150715,BoJ,2015-07-15,2015-07-16,2015-07-16,5077,0,0.003065631056482384,7.71,0.040000000000000036,True,False,,True,True,True,True,BOJ_20150619,1,False,,0,True,False,False,True
next_observation,BOJ_20150715,BoJ,2015-07-15,2015-07-16,2015-07-17,5077,1,-0.0004834226416507762,7.175,-0.5350000000000001,True,False,,True,True,True,True,BOJ_20150619,1,False,,0,True,False,False,True
next_observation,BOJ_20150715,BoJ,2015-07-15,2015-07-16,2015-07-20,5077,2,0.0014495673969694546,7.25,0.07500000000000018,True,False,,True,True,True,True,BOJ_20150619,1,False,,0,True,False,False,True
next_observation,BOJ_20150715,BoJ,2015-07-15,2015-07-16,2015-07-21,5077,3,-0.003062666105427247,6.975,-0.27500000000000036,True,False,,True,True,True,True,BOJ_20150619,1,False,,0,True,False,False,True
next_observation,BOJ_20150715,BoJ,2015-07-15,2015-07-16,2015-07-22,5077,4,0.0006455517674259601,7.01,0.03500000000000014,True,False,,True,True,True,True,BOJ_20150619,1,False,,0,True,False,False,True
next_observation,BOJ_20150715,BoJ,2015-07-15,2015-07-16,2015-07-23,5077,5,-0.00032272379157825506,7.015,0.004999999999999893,True,False,,True,True,True,True,BOJ_20150619,1,False,,0,True,False,False,True
next_observation,BOJ_20150715,BoJ,2015-07-15,2015-07-16,2015-07-24,5077,6,-0.0008880278294081465,7.15,0.13500000000000068,True,False,,True,True,True,True,BOJ_20150619,1,False,,0,True,False,False,True
next_observation,BOJ_20150715,BoJ,2015-07-15,2015-07-16,2015-07-27,5077,7,-0.0046142719286501,7.505,0.35499999999999954,True,False,,True,True,True,True,BOJ_20150619,1,False,,0,True,False,False,True
next_observation,BOJ_20150715,BoJ,2015-07-15,2015-07-16,2015-07-28,5077,8,0.0025930892533498244,7.4725,-0.03249999999999975,True,False,,True,True,True,True,BOJ_20150619,1,False,,0,True,False,False,True
next_observation,BOJ_20150715,BoJ,2015-07-15,2015-07-16,2015-07-29,5077,9,0.0029899012172512262,7.015,-0.45750000000000046,True,False,,True,True,True,True,BOJ_20150619,1,False,,0,True,False,False,True
next_observation,BOJ_20150715,BoJ,2015-07-15,2015-07-16,2015-07-30,5077,10,0.0016930026617181365,7.1925,0.1775000000000002,True,False,,True,True,True,True,BOJ_20150619,1,False,,0,True,False,False,True
next_observation,BOJ_20150807,BoJ,2015-08-07,2015-08-10,2015-07-13,5094,-20,0.005280272219618356,8.295,-0.0649999999999995,True,False,,True,True,True,True,BOJ_20150715,1,False,,0,True,False,False,True
next_observation,BOJ_20150807,BoJ,2015-08-07,2015-08-10,2015-07-14,5094,-19,-0.00024309213311514703,8.06,-0.23499999999999943,True,False,,True,True,True,True,BOJ_20150715,1,False,,0,True,False,False,True
next_observation,BOJ_20150807,BoJ,2015-08-07,2015-08-10,2015-07-15,5094,-18,0.0029940142126046996,7.67,-0.39000000000000057,True,False,,True,True,True,True,BOJ_20150715,1,False,,0,True,False,False,True
next_observation,BOJ_20150807,BoJ,2015-08-07,2015-08-10,2015-07-16,5094,-17,0.003065631056482384,7.71,0.040000000000000036,True,True,BOJ_20150715,True,True,True,True,BOJ_20150715,1,False,,0,True,False,False,True
next_observation,BOJ_20150807,BoJ,2015-08-07,2015-08-10,2015-07-17,5094,-16,-0.0004834226416507762,7.175,-0.5350000000000001,True,False,,True,True,True,True,BOJ_20150715,1,False,,0,True,False,False,True
next_observation,BOJ_20150807,BoJ,2015-08-07,2015-08-10,2015-07-20,5094,-15,0.0014495673969694546,7.25,0.07500000000000018,True,False,,True,True,True,True,BOJ_20150715,1,False,,0,True,False,False,True
next_observation,BOJ_20150807,BoJ,2015-08-07,2015-08-10,2015-07-21,5094,-14,-0.003062666105427247,6.975,-0.27500000000000036,True,False,,True,True,True,True,BOJ_20150715,1,False,,0,True,False,False,True
next_observation,BOJ_20150807,BoJ,2015-08-07,2015-08-10,2015-07-22,5094,-13,0.0006455517674259601,7.01,0.03500000000000014,True,False,,True,True,True,True,BOJ_20150715,1,False,,0,True,False,False,True
next_observation,BOJ_20150807,BoJ,2015-08-07,2015-08-10,2015-07-23,5094,-12,-0.00032272379157825506,7.015,0.004999999999999893,True,False,,True,True,True,True,BOJ_20150715,1,False,,0,True,False,False,True
next_observation,BOJ_20150807,BoJ,2015-08-07,2015-08-10,2015-07-24,5094,-11,-0.0008880278294081465,7.15,0.13500000000000068,True,False,,True,True,True,True,BOJ_20150715,1,False,,0,True,False,False,True
next_observation,BOJ_20150807,BoJ,2015-08-07,2015-08-10,2015-07-27,5094,-10,-0.0046142719286501,7.505,0.35499999999999954,True,False,,True,True,True,True,BOJ_20150715,1,False,,0,True,False,False,True
next_observation,BOJ_20150807,BoJ,2015-08-07,2015-08-10,2015-07-28,5094,-9,0.0025930892533498244,7.4725,-0.03249999999999975,True,False,,True,True,True,True,BOJ_20150715,1,False,,0,True,False,False,True
next_observation,BOJ_20150807,BoJ,2015-08-07,2015-08-10,2015-07-29,5094,-8,0.0029899012172512262,7.015,-0.45750000000000046,True,False,,True,True,True,True,BOJ_20150715,1,False,,0,True,False,False,True
next_observation,BOJ_20150807,BoJ,2015-08-07,2015-08-10,2015-07-30,5094,-7,0.0016930026617181365,7.1925,0.1775000000000002,True,False,,True,True,True,True,BOJ_20150715,1,False,,0,True,False,False,True
next_observation,BOJ_20150807,BoJ,2015-08-07,2015-08-10,2015-07-31,5094,-6,-0.0020158045851925866,7.1825,-0.009999999999999787,True,False,,True,True,True,True,BOJ_20150715,1,False,,0,True,False,False,True
next_observation,BOJ_20150807,BoJ,2015-08-07,2015-08-10,2015-08-03,5094,-5,0.001129351146533759,7.435,0.2524999999999995,True,False,,True,True,True,True,BOJ_20150715,1,False,,0,True,False,False,True
next_observation,BOJ_20150807,BoJ,2015-08-07,2015-08-10,2015-08-04,5094,-4,0.0028178104144989473,7.3975,-0.037499999999999645,True,False,,True,True,True,True,BOJ_20150715,1,False,,0,True,False,False,True
next_observation,BOJ_20150807,BoJ,2015-08-07,2015-08-10,2015-08-05,5094,-3,0.0038515594253182082,8.02,0.6224999999999996,True,False,,True,True,True,True,BOJ_20150715,1,False,,0,True,False,False,True
next_observation,BOJ_20150807,BoJ,2015-08-07,2015-08-10,2015-08-06,5094,-2,-0.0010416667608567657,7.7875,-0.23249999999999993,True,False,,True,True,True,True,BOJ_20150715,1,False,,0,True,False,False,True
next_observation,BOJ_20150807,BoJ,2015-08-07,2015-08-10,2015-08-07,5094,-1,-0.003936064202862825,7.13,-0.6574999999999998,True,False,,True,True,True,True,BOJ_20150715,1,False,,0,True,False,False,True
next_observation,BOJ_20150807,BoJ,2015-08-07,2015-08-10,2015-08-10,5094,0,0.0030538055636651898,6.995,-0.1349999999999998,True,False,,True,True,True,True,BOJ_20150715,1,False,,0,True,False,False,True
next_observation,BOJ_20150807,BoJ,2015-08-07,2015-08-10,2015-08-11,5094,1,0.004004009353382181,7.455,0.45999999999999996,True,False,,True,True,True,True,BOJ_20150715,1,False,,0,True,False,False,True
next_observation,BOJ_20150807,BoJ,2015-08-07,2015-08-10,2015-08-12,5094,2,-0.007299302481611496,8.025,0.5700000000000003,True,False,,True,True,True,True,BOJ_20150715,1,False,,0,True,False,False,True
next_observation,BOJ_20150807,BoJ,2015-08-07,2015-08-10,2015-08-13,5094,3,0.0017695560619962471,7.305,-0.7200000000000006,True,False,,True,True,True,True,BOJ_20150715,1,False,,0,True,False,False,True
next_observation,BOJ_20150807,BoJ,2015-08-07,2015-08-10,2015-08-14,5094,4,-0.0009648241954480974,7.285,-0.019999999999999574,True,False,,True,True,True,True,BOJ_20150715,1,False,,0,True,False,False,True
next_observation,BOJ_20150807,BoJ,2015-08-07,2015-08-10,2015-08-17,5094,5,0.0005629272364173308,7.14,-0.14500000000000046,True,False,,True,True,True,True,BOJ_20150715,1,False,,0,True,False,False,True
next_observation,BOJ_20150807,BoJ,2015-08-07,2015-08-10,2015-08-18,5094,6,0.00016077816667134186,7.1975,0.05750000000000011,True,False,,True,True,True,True,BOJ_20150715,1,False,,0,True,False,False,True
next_observation,BOJ_20150807,BoJ,2015-08-07,2015-08-10,2015-08-19,5094,7,-0.004915400710652786,7.235,0.03750000000000053,True,False,,True,True,True,True,BOJ_20150715,1,False,,0,True,False,False,True
next_observation,BOJ_20150807,BoJ,2015-08-07,2015-08-10,2015-08-20,5094,8,-0.003155342423753922,7.3775,0.14250000000000007,True,False,,True,True,True,True,BOJ_20150715,1,False,,0,True,False,False,True
next_observation,BOJ_20150807,BoJ,2015-08-07,2015-08-10,2015-08-21,5094,9,-0.011163740453548471,9.4675,2.089999999999999,True,False,,True,True,True,True,BOJ_20150715,1,False,,0,True,False,False,True
next_observation,BOJ_20150807,BoJ,2015-08-07,2015-08-10,2015-08-24,5094,10,-0.030112485220757962,13.185,3.717500000000001,True,False,,True,True,True,True,BOJ_20150715,1,False,,0,True,False,False,True
next_observation,BOJ_20150915,BoJ,2015-09-15,2015-09-16,2015-08-19,5121,-20,-0.004915400710652786,7.235,0.03750000000000053,True,False,,True,True,True,False,,0,False,,0,False,False,True,True
next_observation,BOJ_20150915,BoJ,2015-09-15,2015-09-16,2015-08-20,5121,-19,-0.003155342423753922,7.3775,0.14250000000000007,True,False,,True,True,True,False,,0,False,,0,False,False,True,True
next_observation,BOJ_20150915,BoJ,2015-09-15,2015-09-16,2015-08-21,5121,-18,-0.011163740453548471,9.4675,2.089999999999999,True,False,,True,True,True,False,,0,False,,0,False,False,True,True
next_observation,BOJ_20150915,BoJ,2015-09-15,2015-09-16,2015-08-24,5121,-17,-0.030112485220757962,13.185,3.717500000000001,True,False,,True,True,True,False,,0,False,,0,False,False,True,True
next_observation,BOJ_20150915,BoJ,2015-09-15,2015-09-16,2015-08-25,5121,-16,0.0035405727186331466,11.6,-1.5850000000000009,True,False,,True,True,True,False,,0,False,,0,False,False,True,True
next_observation,BOJ_20150915,BoJ,2015-09-15,2015-09-16,2015-08-26,5121,-15,0.009088877461012385,11.625,0.025000000000000355,True,False,,True,True,True,False,,0,False,,0,False,False,True,True
next_observation,BOJ_20150915,BoJ,2015-09-15,2015-09-16,2015-08-27,5121,-14,0.009172282031415778,10.455,-1.17,True,False,,True,True,True,False,,0,False,,0,False,False,True,True
next_observation,BOJ_20150915,BoJ,2015-09-15,2015-09-16,2015-08-28,5121,-13,0.005685110475625384,10.075,-0.3800000000000008,True,False,,True,True,True,False,,0,False,,0,False,False,True,True
next_observation,BOJ_20150915,BoJ,2015-09-15,2015-09-16,2015-08-31,5121,-12,-0.00403392330996763,10.5875,0.5125000000000011,True,False,,True,True,True,False,,0,False,,0,False,False,True,True
next_observation,BOJ_20150915,BoJ,2015-09-15,2015-09-16,2015-09-01,5121,-11,-0.015378524190521561,11.8225,1.2349999999999994,True,False,,True,True,True,False,,0,False,,0,False,False,True,True
next_observation,BOJ_20150915,BoJ,2015-09-15,2015-09-16,2015-09-02,5121,-10,0.00800972118347338,11.405,-0.4175000000000004,True,False,,True,True,True,False,,0,False,,0,False,False,True,True
next_observation,BOJ_20150915,BoJ,2015-09-15,2015-09-16,2015-09-03,5121,-9,-0.0021629724334796237,10.5325,-0.8724999999999987,True,False,,True,True,True,False,,0,False,,0,False,False,True,True
next_observation,BOJ_20150915,BoJ,2015-09-15,2015-09-16,2015-09-04,5121,-8,-0.009119112804548524,11.65,1.1174999999999997,True,False,,True,True,True,False,,0,False,,0,False,False,True,True
next_observation,BOJ_20150915,BoJ,2015-09-15,2015-09-16,2015-09-07,5121,-7,0.0024343166558313664,11.795,0.14499999999999957,True,False,,True,True,True,False,,0,False,,0,False,False,True,True
next_observation,BOJ_20150915,BoJ,2015-09-15,2015-09-16,2015-09-08,5121,-6,0.004517135122360739,11.53,-0.26500000000000057,True,False,,True,True,True,False,,0,False,,0,False,False,True,True
next_observation,BOJ_20150915,BoJ,2015-09-15,2015-09-16,2015-09-09,5121,-5,0.0057423593212688135,11.375,-0.15499999999999936,True,False,,True,True,True,False,,0,False,,0,False,False,True,True
next_observation,BOJ_20150915,BoJ,2015-09-15,2015-09-16,2015-09-10,5121,-4,0.0009953138133496774,11.5,0.125,True,False,,True,True,True,False,,0,False,,0,False,False,True,True
next_observation,BOJ_20150915,BoJ,2015-09-15,2015-09-16,2015-09-11,5121,-3,-0.0003316612111160948,11.385,-0.11500000000000021,True,False,,True,True,True,False,,0,False,,0,False,False,True,True
next_observation,BOJ_20150915,BoJ,2015-09-15,2015-09-16,2015-09-14,5121,-2,-0.002906737367599907,11.9,0.5150000000000006,True,False,,True,True,True,False,,0,False,,0,False,False,True,True
next_observation,BOJ_20150915,BoJ,2015-09-15,2015-09-16,2015-09-15,5121,-1,0.0015789914358505088,11.345,-0.5549999999999997,True,False,,True,True,True,False,,0,False,,0,False,False,True,True
next_observation,BOJ_20150915,BoJ,2015-09-15,2015-09-16,2015-09-16,5121,0,0.0011618740673837557,10.7075,-0.6375000000000011,True,False,,True,True,True,False,,0,False,,0,False,False,True,True
next_observation,BOJ_20150915,BoJ,2015-09-15,2015-09-16,2015-09-17,5121,1,-0.004572291613471408,9.81,-0.8974999999999991,True,False,,True,True,True,False,,0,False,,0,False,False,True,True
next_observation,BOJ_20150915,BoJ,2015-09-15,2015-09-16,2015-09-18,5121,2,-0.00033334722588775393,10.075,0.2649999999999988,True,False,,True,True,True,False,,0,False,,0,False,False,True,True
next_observation,BOJ_20150915,BoJ,2015-09-15,2015-09-16,2015-09-21,5121,3,0.004822692588482314,9.92,-0.15499999999999936,True,False,,True,True,True,False,,0,False,,0,False,False,True,True
next_observation,BOJ_20150915,BoJ,2015-09-15,2015-09-16,2015-09-22,5121,4,-0.0033235043678227884,10.245,0.3249999999999993,True,False,,True,True,True,False,,0,False,,0,False,False,True,True
next_observation,BOJ_20150915,BoJ,2015-09-15,2015-09-16,2015-09-23,5121,5,0.0009982116205486946,10.0925,-0.15249999999999986,True,False,,True,True,True,False,,0,False,,0,False,False,True,True
next_observation,BOJ_20150915,BoJ,2015-09-15,2015-09-16,2015-09-24,5121,6,-0.001747524785239687,10.5775,0.4850000000000012,True,False,,True,True,True,False,,0,False,,0,False,False,True,True
next_observation,BOJ_20150915,BoJ,2015-09-15,2015-09-16,2015-09-25,5121,7,0.004321635647756147,10.2775,-0.3000000000000007,True,False,,True,True,True,False,,0,False,,0,False,False,True,True
next_observation,BOJ_20150915,BoJ,2015-09-15,2015-09-16,2015-09-28,5121,8,-0.0054883510599062066,10.295,0.01750000000000007,True,False,,True,True,True,False,,0,False,,0,False,False,True,True
next_observation,BOJ_20150915,BoJ,2015-09-15,2015-09-16,2015-09-29,5121,9,-0.0015855799032464303,10.945,0.6500000000000004,True,False,,True,True,True,False,,0,False,,0,False,False,True,True
next_observation,BOJ_20150915,BoJ,2015-09-15,2015-09-16,2015-09-30,5121,10,0.0011685657187208939,10.815,-0.13000000000000078,True,False,,True,True,True,False,,0,False,,0,False,False,True,True
next_observation,BOJ_20151007,BoJ,2015-10-07,2015-10-08,2015-09-10,5137,-20,0.0009953138133496774,11.5,0.125,True,False,,True,True,True,True,BOJ_20150915,1,False,,0,True,False,False,True
next_observation,BOJ_20151007,BoJ,2015-10-07,2015-10-08,2015-09-11,5137,-19,-0.0003316612111160948,11.385,-0.11500000000000021,True,False,,True,True,True,True,BOJ_20150915,1,False,,0,True,False,False,True
next_observation,BOJ_20151007,BoJ,2015-10-07,2015-10-08,2015-09-14,5137,-18,-0.002906737367599907,11.9,0.5150000000000006,True,False,,True,True,True,True,BOJ_20150915,1,False,,0,True,False,False,True
next_observation,BOJ_20151007,BoJ,2015-10-07,2015-10-08,2015-09-15,5137,-17,0.0015789914358505088,11.345,-0.5549999999999997,True,False,,True,True,True,True,BOJ_20150915,1,False,,0,True,False,False,True
next_observation,BOJ_20151007,BoJ,2015-10-07,2015-10-08,2015-09-16,5137,-16,0.0011618740673837557,10.7075,-0.6375000000000011,True,True,BOJ_20150915,True,True,True,True,BOJ_20150915,1,False,,0,True,False,False,True
next_observation,BOJ_20151007,BoJ,2015-10-07,2015-10-08,2015-09-17,5137,-15,-0.004572291613471408,9.81,-0.8974999999999991,True,False,,True,True,True,True,BOJ_20150915,1,False,,0,True,False,False,True
next_observation,BOJ_20151007,BoJ,2015-10-07,2015-10-08,2015-09-18,5137,-14,-0.00033334722588775393,10.075,0.2649999999999988,True,False,,True,True,True,True,BOJ_20150915,1,False,,0,True,False,False,True
next_observation,BOJ_20151007,BoJ,2015-10-07,2015-10-08,2015-09-21,5137,-13,0.004822692588482314,9.92,-0.15499999999999936,True,False,,True,True,True,True,BOJ_20150915,1,False,,0,True,False,False,True
next_observation,BOJ_20151007,BoJ,2015-10-07,2015-10-08,2015-09-22,5137,-12,-0.0033235043678227884,10.245,0.3249999999999993,True,False,,True,True,True,True,BOJ_20150915,1,False,,0,True,False,False,True
next_observation,BOJ_20151007,BoJ,2015-10-07,2015-10-08,2015-09-23,5137,-11,0.0009982116205486946,10.0925,-0.15249999999999986,True,False,,True,True,True,True,BOJ_20150915,1,False,,0,True,False,False,True
next_observation,BOJ_20151007,BoJ,2015-10-07,2015-10-08,2015-09-24,5137,-10,-0.001747524785239687,10.5775,0.4850000000000012,True,False,,True,True,True,True,BOJ_20150915,1,False,,0,True,False,False,True
next_observation,BOJ_20151007,BoJ,2015-10-07,2015-10-08,2015-09-25,5137,-9,0.004321635647756147,10.2775,-0.3000000000000007,True,False,,True,True,True,True,BOJ_20150915,1,False,,0,True,False,False,True
next_observation,BOJ_20151007,BoJ,2015-10-07,2015-10-08,2015-09-28,5137,-8,-0.0054883510599062066,10.295,0.01750000000000007,True,False,,True,True,True,True,BOJ_20150915,1,False,,0,True,False,False,True
next_observation,BOJ_20151007,BoJ,2015-10-07,2015-10-08,2015-09-29,5137,-7,-0.0015855799032464303,10.945,0.6500000000000004,True,False,,True,True,True,True,BOJ_20150915,1,False,,0,True,False,False,True
next_observation,BOJ_20151007,BoJ,2015-10-07,2015-10-08,2015-09-30,5137,-6,0.0011685657187208939,10.815,-0.13000000000000078,True,False,,True,True,True,True,BOJ_20150915,1,False,,0,True,False,False,True
next_observation,BOJ_20151007,BoJ,2015-10-07,2015-10-08,2015-10-01,5137,-5,0.00041701418452537155,10.7825,-0.03249999999999886,True,False,,True,True,True,True,BOJ_20150915,1,False,,0,True,False,False,True
next_observation,BOJ_20151007,BoJ,2015-10-07,2015-10-08,2015-10-02,5137,-4,-0.00012508599678587442,10.6025,-0.1800000000000015,True,False,,True,True,True,True,BOJ_20150915,1,False,,0,True,False,False,True
next_observation,BOJ_20151007,BoJ,2015-10-07,2015-10-08,2015-10-05,5137,-3,0.004576286224233322,10.71,0.1075000000000017,True,False,,True,True,True,True,BOJ_20150915,1,False,,0,True,False,False,True
next_observation,BOJ_20151007,BoJ,2015-10-07,2015-10-08,2015-10-06,5137,-2,-0.001952760451848755,10.695,-0.015000000000000568,True,False,,True,True,True,True,BOJ_20150915,1,False,,0,True,False,False,True
next_observation,BOJ_20151007,BoJ,2015-10-07,2015-10-08,2015-10-07,5137,-1,-0.0017482521935292823,9.5175,-1.1775000000000002,True,False,,True,True,True,True,BOJ_20150915,1,False,,0,True,False,False,True
next_observation,BOJ_20151007,BoJ,2015-10-07,2015-10-08,2015-10-08,5137,0,-0.0006668056092035648,9.355,-0.16249999999999964,True,False,,True,True,True,True,BOJ_20150915,1,False,,0,True,False,False,True
next_observation,BOJ_20151007,BoJ,2015-10-07,2015-10-08,2015-10-09,5137,1,0.0027477119702148667,9.0,-0.3550000000000004,True,False,,True,True,True,True,BOJ_20150915,1,False,,0,True,False,False,True
next_observation,BOJ_20151007,BoJ,2015-10-07,2015-10-08,2015-10-12,5137,2,-0.001914274408948971,8.7,-0.3000000000000007,True,False,,True,True,True,True,BOJ_20150915,1,False,,0,True,False,False,True
next_observation,BOJ_20151007,BoJ,2015-10-07,2015-10-08,2015-10-13,5137,3,-0.0024188851563873566,8.78,0.08000000000000007,True,False,,True,True,True,True,BOJ_20150915,1,False,,0,True,False,False,True
next_observation,BOJ_20151007,BoJ,2015-10-07,2015-10-08,2015-10-14,5137,4,-0.007628505432541968,9.205,0.4250000000000007,True,False,,True,True,True,True,BOJ_20150915,1,False,,0,True,False,False,True
next_observation,BOJ_20151007,BoJ,2015-10-07,2015-10-08,2015-10-15,5137,5,0.0005047743345306012,9.5,0.29499999999999993,True,False,,True,True,True,True,BOJ_20150915,1,False,,0,True,False,False,True
next_observation,BOJ_20151007,BoJ,2015-10-07,2015-10-08,2015-10-16,5137,6,0.004615263709657166,9.0725,-0.4275000000000002,True,False,,True,True,True,True,BOJ_20150915,1,False,,0,True,False,False,True
next_observation,BOJ_20151007,BoJ,2015-10-07,2015-10-08,2015-10-19,5137,7,0.00046035699404747,9.355,0.28250000000000064,True,False,,True,True,True,True,BOJ_20150915,1,False,,0,True,False,False,True
next_observation,BOJ_20151007,BoJ,2015-10-07,2015-10-08,2015-10-20,5137,8,0.0027994252305496726,8.885,-0.47000000000000064,True,False,,True,True,True,True,BOJ_20150915,1,False,,0,True,False,False,True
next_observation,BOJ_20151007,BoJ,2015-10-07,2015-10-08,2015-10-21,5137,9,0.0007507507860127011,8.8325,-0.05250000000000021,True,False,,True,True,True,True,BOJ_20150915,1,False,,0,True,False,False,True
next_observation,BOJ_20151007,BoJ,2015-10-07,2015-10-08,2015-10-22,5137,10,0.00640015483660576,9.0025,0.16999999999999993,True,False,,True,True,True,True,BOJ_20150915,1,False,,0,True,False,False,True
next_observation,BOJ_20151030,BoJ,2015-10-30,2015-11-02,2015-10-05,5154,-20,0.004576286224233322,10.71,0.1075000000000017,True,False,,True,True,True,True,BOJ_20151007,1,False,,0,True,False,False,True
next_observation,BOJ_20151030,BoJ,2015-10-30,2015-11-02,2015-10-06,5154,-19,-0.001952760451848755,10.695,-0.015000000000000568,True,False,,True,True,True,True,BOJ_20151007,1,False,,0,True,False,False,True
next_observation,BOJ_20151030,BoJ,2015-10-30,2015-11-02,2015-10-07,5154,-18,-0.0017482521935292823,9.5175,-1.1775000000000002,True,False,,True,True,True,True,BOJ_20151007,1,False,,0,True,False,False,True
next_observation,BOJ_20151030,BoJ,2015-10-30,2015-11-02,2015-10-08,5154,-17,-0.0006668056092035648,9.355,-0.16249999999999964,True,True,BOJ_20151007,True,True,True,True,BOJ_20151007,1,False,,0,True,False,False,True
next_observation,BOJ_20151030,BoJ,2015-10-30,2015-11-02,2015-10-09,5154,-16,0.0027477119702148667,9.0,-0.3550000000000004,True,False,,True,True,True,True,BOJ_20151007,1,False,,0,True,False,False,True
next_observation,BOJ_20151030,BoJ,2015-10-30,2015-11-02,2015-10-12,5154,-15,-0.001914274408948971,8.7,-0.3000000000000007,True,False,,True,True,True,True,BOJ_20151007,1,False,,0,True,False,False,True
next_observation,BOJ_20151030,BoJ,2015-10-30,2015-11-02,2015-10-13,5154,-14,-0.0024188851563873566,8.78,0.08000000000000007,True,False,,True,True,True,True,BOJ_20151007,1,False,,0,True,False,False,True
next_observation,BOJ_20151030,BoJ,2015-10-30,2015-11-02,2015-10-14,5154,-13,-0.007628505432541968,9.205,0.4250000000000007,True,False,,True,True,True,True,BOJ_20151007,1,False,,0,True,False,False,True
next_observation,BOJ_20151030,BoJ,2015-10-30,2015-11-02,2015-10-15,5154,-12,0.0005047743345306012,9.5,0.29499999999999993,True,False,,True,True,True,True,BOJ_20151007,1,False,,0,True,False,False,True
next_observation,BOJ_20151030,BoJ,2015-10-30,2015-11-02,2015-10-16,5154,-11,0.004615263709657166,9.0725,-0.4275000000000002,True,False,,True,True,True,True,BOJ_20151007,1,False,,0,True,False,False,True
next_observation,BOJ_20151030,BoJ,2015-10-30,2015-11-02,2015-10-19,5154,-10,0.00046035699404747,9.355,0.28250000000000064,True,False,,True,True,True,True,BOJ_20151007,1,False,,0,True,False,False,True
next_observation,BOJ_20151030,BoJ,2015-10-30,2015-11-02,2015-10-20,5154,-9,0.0027994252305496726,8.885,-0.47000000000000064,True,False,,True,True,True,True,BOJ_20151007,1,False,,0,True,False,False,True
next_observation,BOJ_20151030,BoJ,2015-10-30,2015-11-02,2015-10-21,5154,-8,0.0007507507860127011,8.8325,-0.05250000000000021,True,False,,True,True,True,True,BOJ_20151007,1,False,,0,True,False,False,True
next_observation,BOJ_20151030,BoJ,2015-10-30,2015-11-02,2015-10-22,5154,-7,0.00640015483660576,9.0025,0.16999999999999993,True,False,,True,True,True,True,BOJ_20151007,1,False,,0,True,False,False,True
next_observation,BOJ_20151030,BoJ,2015-10-30,2015-11-02,2015-10-23,5154,-6,0.006359453213313386,9.52,0.5175000000000001,True,False,,True,True,True,True,BOJ_20151007,1,False,,0,True,False,False,True
next_observation,BOJ_20151030,BoJ,2015-10-30,2015-11-02,2015-10-26,5154,-5,-0.003050793922958308,9.5375,0.01750000000000007,True,False,,True,True,True,True,BOJ_20151007,1,False,,0,True,False,False,True
next_observation,BOJ_20151030,BoJ,2015-10-30,2015-11-02,2015-10-27,5154,-4,-0.005299122315350767,9.32,-0.21749999999999936,True,False,,True,True,True,True,BOJ_20151007,1,False,,0,True,False,False,True
next_observation,BOJ_20151030,BoJ,2015-10-30,2015-11-02,2015-10-28,5154,-3,0.0052991223153508234,9.52,0.1999999999999993,True,False,,True,True,True,True,BOJ_20151007,1,False,,0,True,False,False,True
next_observation,BOJ_20151030,BoJ,2015-10-30,2015-11-02,2015-10-29,5154,-2,0.0002477086958417554,9.1675,-0.35249999999999915,True,False,,True,True,True,True,BOJ_20151007,1,False,,0,True,False,False,True
next_observation,BOJ_20151030,BoJ,2015-10-30,2015-11-02,2015-10-30,5154,-1,-0.004219415542708211,7.4825,-1.6850000000000005,True,False,,True,True,True,True,BOJ_20151007,1,False,,0,True,False,False,True
next_observation,BOJ_20151030,BoJ,2015-10-30,2015-11-02,2015-11-02,5154,0,0.001160044874672625,7.24,-0.24249999999999972,True,False,,True,True,True,True,BOJ_20151007,1,False,,0,True,False,False,True
next_observation,BOJ_20151030,BoJ,2015-10-30,2015-11-02,2015-11-03,5154,1,0.0025638919015506124,7.35,0.10999999999999943,True,False,,True,True,True,True,BOJ_20151007,1,False,,0,True,False,False,True
next_observation,BOJ_20151030,BoJ,2015-10-30,2015-11-02,2015-11-04,5154,2,0.004203764845404141,7.84,0.4900000000000002,True,False,,True,True,True,True,BOJ_20151007,1,False,,0,True,False,False,True
next_observation,BOJ_20151030,BoJ,2015-10-30,2015-11-02,2015-11-05,5154,3,0.0014384056728497816,7.9675,0.1275000000000004,True,False,,True,True,True,True,BOJ_20151007,1,False,,0,True,False,False,True
next_observation,BOJ_20151030,BoJ,2015-10-30,2015-11-02,2015-11-06,5154,4,0.011311552505640038,7.9875,0.019999999999999574,True,False,,True,True,True,True,BOJ_20151007,1,False,,0,True,False,False,True
next_observation,BOJ_20151030,BoJ,2015-10-30,2015-11-02,2015-11-09,5154,5,0.0003247939616877983,7.8725,-0.11500000000000021,True,False,,True,True,True,True,BOJ_20151007,1,False,,0,True,False,False,True
next_observation,BOJ_20151030,BoJ,2015-10-30,2015-11-02,2015-11-10,5154,6,-0.00016238379445424801,7.89,0.01750000000000007,True,False,,True,True,True,True,BOJ_20151007,1,False,,0,True,False,False,True
next_observation,BOJ_20151030,BoJ,2015-10-30,2015-11-02,2015-11-11,5154,7,-0.002438926455908696,7.72,-0.16999999999999993,True,False,,True,True,True,True,BOJ_20151007,1,False,,0,True,False,False,True
next_observation,BOJ_20151030,BoJ,2015-10-30,2015-11-02,2015-11-12,5154,8,-0.002036992474900563,7.69,-0.02999999999999936,True,False,,True,True,True,True,BOJ_20151007,1,False,,0,True,False,False,True
next_observation,BOJ_20151030,BoJ,2015-10-30,2015-11-02,2015-11-13,5154,9,8.155941607995263e-05,7.715,0.024999999999999467,True,False,,True,True,True,True,BOJ_20151007,1,False,,0,True,False,False,True
next_observation,BOJ_20151030,BoJ,2015-10-30,2015-11-02,2015-11-16,5154,10,0.004556743309183539,8.035,0.3200000000000003,True,False,,True,True,True,True,BOJ_20151007,1,False,,0,True,False,False,True
next_observation,BOJ_20151119,BoJ,2015-11-19,2015-11-20,2015-10-23,5168,-20,0.006359453213313386,9.52,0.5175000000000001,True,False,,True,True,True,True,BOJ_20151030,1,False,,0,True,False,False,True
next_observation,BOJ_20151119,BoJ,2015-11-19,2015-11-20,2015-10-26,5168,-19,-0.003050793922958308,9.5375,0.01750000000000007,True,False,,True,True,True,True,BOJ_20151030,1,False,,0,True,False,False,True
next_observation,BOJ_20151119,BoJ,2015-11-19,2015-11-20,2015-10-27,5168,-18,-0.005299122315350767,9.32,-0.21749999999999936,True,False,,True,True,True,True,BOJ_20151030,1,False,,0,True,False,False,True
next_observation,BOJ_20151119,BoJ,2015-11-19,2015-11-20,2015-10-28,5168,-17,0.0052991223153508234,9.52,0.1999999999999993,True,False,,True,True,True,True,BOJ_20151030,1,False,,0,True,False,False,True
next_observation,BOJ_20151119,BoJ,2015-11-19,2015-11-20,2015-10-29,5168,-16,0.0002477086958417554,9.1675,-0.35249999999999915,True,False,,True,True,True,True,BOJ_20151030,1,False,,0,True,False,False,True
next_observation,BOJ_20151119,BoJ,2015-11-19,2015-11-20,2015-10-30,5168,-15,-0.004219415542708211,7.4825,-1.6850000000000005,True,False,,True,True,True,True,BOJ_20151030,1,False,,0,True,False,False,True
next_observation,BOJ_20151119,BoJ,2015-11-19,2015-11-20,2015-11-02,5168,-14,0.001160044874672625,7.24,-0.24249999999999972,True,True,BOJ_20151030,True,True,True,True,BOJ_20151030,1,False,,0,True,False,False,True
next_observation,BOJ_20151119,BoJ,2015-11-19,2015-11-20,2015-11-03,5168,-13,0.0025638919015506124,7.35,0.10999999999999943,True,False,,True,True,True,True,BOJ_20151030,1,False,,0,True,False,False,True
next_observation,BOJ_20151119,BoJ,2015-11-19,2015-11-20,2015-11-04,5168,-12,0.004203764845404141,7.84,0.4900000000000002,True,False,,True,True,True,True,BOJ_20151030,1,False,,0,True,False,False,True
next_observation,BOJ_20151119,BoJ,2015-11-19,2015-11-20,2015-11-05,5168,-11,0.0014384056728497816,7.9675,0.1275000000000004,True,False,,True,True,True,True,BOJ_20151030,1,False,,0,True,False,False,True
next_observation,BOJ_20151119,BoJ,2015-11-19,2015-11-20,2015-11-06,5168,-10,0.011311552505640038,7.9875,0.019999999999999574,True,False,,True,True,True,True,BOJ_20151030,1,False,,0,True,False,False,True
next_observation,BOJ_20151119,BoJ,2015-11-19,2015-11-20,2015-11-09,5168,-9,0.0003247939616877983,7.8725,-0.11500000000000021,True,False,,True,True,True,True,BOJ_20151030,1,False,,0,True,False,False,True
next_observation,BOJ_20151119,BoJ,2015-11-19,2015-11-20,2015-11-10,5168,-8,-0.00016238379445424801,7.89,0.01750000000000007,True,False,,True,True,True,True,BOJ_20151030,1,False,,0,True,False,False,True
next_observation,BOJ_20151119,BoJ,2015-11-19,2015-11-20,2015-11-11,5168,-7,-0.002438926455908696,7.72,-0.16999999999999993,True,False,,True,True,True,True,BOJ_20151030,1,False,,0,True,False,False,True
next_observation,BOJ_20151119,BoJ,2015-11-19,2015-11-20,2015-11-12,5168,-6,-0.002036992474900563,7.69,-0.02999999999999936,True,False,,True,True,True,True,BOJ_20151030,1,False,,0,True,False,False,True
next_observation,BOJ_20151119,BoJ,2015-11-19,2015-11-20,2015-11-13,5168,-5,8.155941607995263e-05,7.715,0.024999999999999467,True,False,,True,True,True,True,BOJ_20151030,1,False,,0,True,False,False,True
next_observation,BOJ_20151119,BoJ,2015-11-19,2015-11-20,2015-11-16,5168,-4,0.004556743309183539,8.035,0.3200000000000003,True,False,,True,True,True,True,BOJ_20151030,1,False,,0,True,False,False,True
next_observation,BOJ_20151119,BoJ,2015-11-19,2015-11-20,2015-11-17,5168,-3,0.0021896043133017113,9.3,1.2650000000000006,True,False,,True,True,True,True,BOJ_20151030,1,False,,0,True,False,False,True
next_observation,BOJ_20151119,BoJ,2015-11-19,2015-11-20,2015-11-18,5168,-2,0.0015379637158093053,9.44,0.1399999999999988,True,False,,True,True,True,True,BOJ_20151030,1,False,,0,True,False,False,True
next_observation,BOJ_20151119,BoJ,2015-11-19,2015-11-20,2015-11-19,5168,-1,-0.006247484823462819,9.0325,-0.40749999999999886,True,False,,True,True,True,True,BOJ_20151030,1,False,,0,True,False,False,True
next_observation,BOJ_20151119,BoJ,2015-11-19,2015-11-20,2015-11-20,5168,0,-0.0004070335451834221,8.535,-0.4975000000000005,True,False,,True,True,True,True,BOJ_20151030,1,False,,0,True,False,False,True
next_observation,BOJ_20151119,BoJ,2015-11-19,2015-11-20,2015-11-23,5168,1,0.00016283329976957725,8.6,0.0649999999999995,True,False,,True,True,True,True,BOJ_20151030,1,False,,0,True,False,False,True
next_observation,BOJ_20151119,BoJ,2015-11-19,2015-11-20,2015-11-24,5168,2,-0.002445287928319026,8.685,0.08500000000000085,True,False,,True,True,True,True,BOJ_20151030,1,False,,0,True,False,False,True
next_observation,BOJ_20151119,BoJ,2015-11-19,2015-11-20,2015-11-25,5168,3,0.0017123291855125188,8.66,-0.025000000000000355,True,False,,True,True,True,True,BOJ_20151030,1,False,,0,True,False,False,True
next_observation,BOJ_20151119,BoJ,2015-11-19,2015-11-20,2015-11-26,5168,4,-0.001385945110157949,8.25,-0.41000000000000014,True,False,,True,True,True,True,BOJ_20151030,1,False,,0,True,False,False,True
next_observation,BOJ_20151119,BoJ,2015-11-19,2015-11-20,2015-11-27,5168,5,0.0017932107344235902,8.245,-0.005000000000000782,True,False,,True,True,True,True,BOJ_20151030,1,False,,0,True,False,False,True
next_observation,BOJ_20151119,BoJ,2015-11-19,2015-11-20,2015-11-30,5168,6,0.0025213514780639966,8.2575,0.012500000000001066,True,False,,True,True,True,True,BOJ_20151030,1,False,,0,True,False,False,True
next_observation,BOJ_20151119,BoJ,2015-11-19,2015-11-20,2015-12-01,5168,7,-0.0018700712824539863,8.3125,0.054999999999999716,True,False,,True,True,True,True,BOJ_20151030,1,False,,0,True,False,False,True
next_observation,BOJ_20151119,BoJ,2015-11-19,2015-11-20,2015-12-02,5168,8,0.003006665681248751,8.3,-0.01249999999999929,True,False,,True,True,True,True,BOJ_20151030,1,False,,0,True,False,False,True
next_observation,BOJ_20151119,BoJ,2015-11-19,2015-11-20,2015-12-03,5168,9,-0.005206438443816079,7.775,-0.5250000000000004,True,False,,True,True,True,True,BOJ_20151030,1,False,,0,True,False,False,True
next_observation,BOJ_20151119,BoJ,2015-11-19,2015-11-20,2015-12-04,5168,10,0.004110458954760184,6.825,-0.9500000000000002,True,False,,True,True,True,True,BOJ_20151030,1,False,,0,True,False,False,True
next_observation,BOJ_20151218,BoJ,2015-12-18,2015-12-21,2015-11-23,5189,-20,0.00016283329976957725,8.6,0.0649999999999995,True,False,,True,True,True,False,,0,False,,0,False,False,True,True
next_observation,BOJ_20151218,BoJ,2015-12-18,2015-12-21,2015-11-24,5189,-19,-0.002445287928319026,8.685,0.08500000000000085,True,False,,True,True,True,False,,0,False,,0,False,False,True,True
next_observation,BOJ_20151218,BoJ,2015-12-18,2015-12-21,2015-11-25,5189,-18,0.0017123291855125188,8.66,-0.025000000000000355,True,False,,True,True,True,False,,0,False,,0,False,False,True,True
next_observation,BOJ_20151218,BoJ,2015-12-18,2015-12-21,2015-11-26,5189,-17,-0.001385945110157949,8.25,-0.41000000000000014,True,False,,True,True,True,False,,0,False,,0,False,False,True,True
next_observation,BOJ_20151218,BoJ,2015-12-18,2015-12-21,2015-11-27,5189,-16,0.0017932107344235902,8.245,-0.005000000000000782,True,False,,True,True,True,False,,0,False,,0,False,False,True,True
next_observation,BOJ_20151218,BoJ,2015-12-18,2015-12-21,2015-11-30,5189,-15,0.0025213514780639966,8.2575,0.012500000000001066,True,False,,True,True,True,False,,0,False,,0,False,False,True,True
next_observation,BOJ_20151218,BoJ,2015-12-18,2015-12-21,2015-12-01,5189,-14,-0.0018700712824539863,8.3125,0.054999999999999716,True,False,,True,True,True,False,,0,False,,0,False,False,True,True
next_observation,BOJ_20151218,BoJ,2015-12-18,2015-12-21,2015-12-02,5189,-13,0.003006665681248751,8.3,-0.01249999999999929,True,False,,True,True,True,False,,0,False,,0,False,False,True,True
next_observation,BOJ_20151218,BoJ,2015-12-18,2015-12-21,2015-12-03,5189,-12,-0.005206438443816079,7.775,-0.5250000000000004,True,False,,True,True,True,False,,0,False,,0,False,False,True,True
next_observation,BOJ_20151218,BoJ,2015-12-18,2015-12-21,2015-12-04,5189,-11,0.004110458954760184,6.825,-0.9500000000000002,True,False,,True,True,True,False,,0,False,,0,False,False,True,True
next_observation,BOJ_20151218,BoJ,2015-12-18,2015-12-21,2015-12-07,5189,-10,0.002150233094122109,6.555,-0.27000000000000046,True,False,,True,True,True,False,,0,False,,0,False,False,True,True
next_observation,BOJ_20151218,BoJ,2015-12-18,2015-12-21,2015-12-08,5189,-9,-0.003572737347487396,6.85,0.29499999999999993,True,False,,True,True,True,False,,0,False,,0,False,False,True,True
next_observation,BOJ_20151218,BoJ,2015-12-18,2015-12-21,2015-12-09,5189,-8,-0.01219427501088618,8.1775,1.3275000000000006,True,False,,True,True,True,False,,0,False,,0,False,False,True,True
next_observation,BOJ_20151218,BoJ,2015-12-18,2015-12-21,2015-12-10,5189,-7,0.0009053498560786866,8.1875,0.009999999999999787,True,False,,True,True,True,False,,0,False,,0,False,False,True,True
next_observation,BOJ_20151218,BoJ,2015-12-18,2015-12-21,2015-12-11,5189,-6,-0.004534968194303405,8.915,0.7274999999999991,True,False,,True,True,True,False,,0,False,,0,False,False,True,True
next_observation,BOJ_20151218,BoJ,2015-12-18,2015-12-21,2015-12-14,5189,-5,0.00024789291153215167,9.375,0.46000000000000085,True,False,,True,True,True,False,,0,False,,0,False,False,True,True
next_observation,BOJ_20151218,BoJ,2015-12-18,2015-12-21,2015-12-15,5189,-4,0.0052737957509385695,8.73,-0.6449999999999996,True,False,,True,True,True,False,,0,False,,0,False,False,True,True
next_observation,BOJ_20151218,BoJ,2015-12-18,2015-12-21,2015-12-16,5189,-3,0.004387320730391183,7.34,-1.3900000000000006,True,False,,True,True,True,False,,0,False,,0,False,False,True,True
next_observation,BOJ_20151218,BoJ,2015-12-18,2015-12-21,2015-12-17,5189,-2,0.0028190323655308673,7.0075,-0.3324999999999996,True,False,,True,True,True,False,,0,False,,0,False,False,True,True
next_observation,BOJ_20151218,BoJ,2015-12-18,2015-12-21,2015-12-18,5189,-1,-0.011489191253070827,7.2725,0.2649999999999997,True,False,,True,True,True,False,,0,False,,0,False,False,True,True
next_observation,BOJ_20151218,BoJ,2015-12-18,2015-12-21,2015-12-21,5189,0,0.0002475860374122198,6.85,-0.4225000000000003,True,False,,True,True,True,False,,0,False,,0,False,False,True,True
next_observation,BOJ_20151218,BoJ,2015-12-18,2015-12-21,2015-12-22,5189,1,-0.0009081153104889466,6.765,-0.08499999999999996,True,False,,True,True,True,False,,0,False,,0,False,False,True,True
next_observation,BOJ_20151218,BoJ,2015-12-18,2015-12-21,2015-12-23,5189,2,-0.0013223688856189128,6.785,0.020000000000000462,True,False,,True,True,True,False,,0,False,,0,False,False,True,True
next_observation,BOJ_20151218,BoJ,2015-12-18,2015-12-21,2015-12-24,5189,3,-0.00397763109891683,7.09,0.3049999999999997,True,False,,True,True,True,False,,0,False,,0,False,False,True,True
next_observation,BOJ_20151218,BoJ,2015-12-18,2015-12-21,2015-12-25,5189,4,-0.0009137731155840404,7.16,0.07000000000000028,True,False,,True,True,True,False,,0,False,,0,False,False,True,True
next_observation,BOJ_20151218,BoJ,2015-12-18,2015-12-21,2015-12-28,5189,5,0.0006646450624768468,7.3,0.13999999999999968,True,False,,True,True,True,False,,0,False,,0,False,False,True,True
next_observation,BOJ_20151218,BoJ,2015-12-18,2015-12-21,2015-12-29,5189,6,0.00041517894808777754,7.3375,0.03750000000000053,True,False,,True,True,True,False,,0,False,,0,False,False,True,True
next_observation,BOJ_20151218,BoJ,2015-12-18,2015-12-21,2015-12-30,5189,7,0.0005809610919483805,7.2475,-0.09000000000000075,True,False,,True,True,True,False,,0,False,,0,False,False,True,True
next_observation,BOJ_20151218,BoJ,2015-12-18,2015-12-21,2015-12-31,5189,8,-0.002575393963143252,7.375,0.1275000000000004,True,False,,True,True,True,False,,0,False,,0,False,False,True,True
next_observation,BOJ_20151218,BoJ,2015-12-18,2015-12-21,2016-01-01,5189,9,0.0027413208727204066,7.395,0.019999999999999574,True,False,,True,True,True,False,,0,False,,0,False,False,True,True
next_observation,BOJ_20151218,BoJ,2015-12-18,2015-12-21,2016-01-04,5189,10,-0.009167112823745412,8.8225,1.4275000000000002,True,False,,True,True,True,False,,0,False,,0,False,False,True,True
next_observation,BOJ_20160129,BoJ,2016-01-29,2016-02-01,2016-01-04,5219,-20,-0.009167112823745412,8.8225,1.4275000000000002,True,False,,True,True,True,False,,0,False,,0,False,False,True,True
next_observation,BOJ_20160129,BoJ,2016-01-29,2016-02-01,2016-01-05,5219,-19,-0.0032704431665692034,8.74,-0.08249999999999957,True,False,,True,True,True,False,,0,False,,0,False,False,True,True
next_observation,BOJ_20160129,BoJ,2016-01-29,2016-02-01,2016-01-06,5219,-18,-0.004925807244280833,9.0375,0.29749999999999943,True,False,,True,True,True,False,,0,False,,0,False,False,True,True
next_observation,BOJ_20160129,BoJ,2016-01-29,2016-02-01,2016-01-07,5219,-17,-0.006818160107744515,10.165,1.1274999999999995,True,False,,True,True,True,False,,0,False,,0,False,False,True,True
next_observation,BOJ_20160129,BoJ,2016-01-29,2016-02-01,2016-01-08,5219,-16,-0.003405272945382686,10.05,-0.11499999999999844,True,False,,True,True,True,False,,0,False,,0,False,False,True,True
next_observation,BOJ_20160129,BoJ,2016-01-29,2016-02-01,2016-01-11,5219,-15,0.00416986392647614,10.47,0.41999999999999993,True,False,,True,True,True,False,,0,False,,0,False,False,True,True
next_observation,BOJ_20160129,BoJ,2016-01-29,2016-02-01,2016-01-12,5219,-14,-0.0009345795072769927,10.01,-0.46000000000000085,True,False,,True,True,True,False,,0,False,,0,False,False,True,True
next_observation,BOJ_20160129,BoJ,2016-01-29,2016-02-01,2016-01-13,5219,-13,0.00025497195446659197,9.435,-0.5749999999999993,True,False,,True,True,True,False,,0,False,,0,False,False,True,True
next_observation,BOJ_20160129,BoJ,2016-01-29,2016-02-01,2016-01-14,5219,-12,0.003224030281720803,9.61,0.17499999999999893,True,False,,True,True,True,False,,0,False,,0,False,False,True,True
next_observation,BOJ_20160129,BoJ,2016-01-29,2016-02-01,2016-01-15,5219,-11,-0.009104896118355932,10.69,1.08,True,False,,True,True,True,False,,0,False,,0,False,False,True,True
next_observation,BOJ_20160129,BoJ,2016-01-29,2016-02-01,2016-01-18,5219,-10,0.002902140229910211,10.295,-0.3949999999999996,True,False,,True,True,True,False,,0,False,,0,False,False,True,True
next_observation,BOJ_20160129,BoJ,2016-01-29,2016-02-01,2016-01-19,5219,-9,0.0026387485519009596,10.205,-0.08999999999999986,True,False,,True,True,True,False,,0,False,,0,False,False,True,True
next_observation,BOJ_20160129,BoJ,2016-01-29,2016-02-01,2016-01-20,5219,-8,-0.0058828714295250184,11.15,0.9450000000000003,True,False,,True,True,True,False,,0,False,,0,False,False,True,True
next_observation,BOJ_20160129,BoJ,2016-01-29,2016-02-01,2016-01-21,5219,-7,0.006477755444689087,11.24,0.08999999999999986,True,False,,True,True,True,False,,0,False,,0,False,False,True,True
next_observation,BOJ_20160129,BoJ,2016-01-29,2016-02-01,2016-01-22,5219,-6,0.00913364208293919,10.9325,-0.307500000000001,True,False,,True,True,True,False,,0,False,,0,False,False,True,True
next_observation,BOJ_20160129,BoJ,2016-01-29,2016-02-01,2016-01-25,5219,-5,-0.004133631666233545,10.325,-0.6074999999999999,True,False,,True,True,True,False,,0,False,,0,False,False,True,True
next_observation,BOJ_20160129,BoJ,2016-01-29,2016-02-01,2016-01-26,5219,-4,0.0010983441455635382,10.465,0.14000000000000057,True,False,,True,True,True,False,,0,False,,0,False,False,True,True
next_observation,BOJ_20160129,BoJ,2016-01-29,2016-02-01,2016-01-27,5219,-3,0.0021088156275663483,10.125,-0.33999999999999986,True,False,,True,True,True,False,,0,False,,0,False,False,True,True
next_observation,BOJ_20160129,BoJ,2016-01-29,2016-02-01,2016-01-28,5219,-2,0.0011789971469707444,10.4375,0.3125,True,False,,True,True,True,False,,0,False,,0,False,False,True,True
next_observation,BOJ_20160129,BoJ,2016-01-29,2016-02-01,2016-01-29,5219,-1,0.01933796455826805,9.4825,-0.9550000000000001,True,False,,True,True,True,False,,0,False,,0,False,False,True,True
next_observation,BOJ_20160129,BoJ,2016-01-29,2016-02-01,2016-02-01,5219,0,-0.0011564037137196455,8.615,-0.8674999999999997,True,False,,True,True,True,False,,0,False,,0,False,False,True,True
next_observation,BOJ_20160129,BoJ,2016-01-29,2016-02-01,2016-02-02,5219,1,-0.008549188856516487,9.14,0.5250000000000004,True,False,,True,True,True,False,,0,False,,0,False,False,True,True
next_observation,BOJ_20160129,BoJ,2016-01-29,2016-02-01,2016-02-03,5219,2,-0.0174056357493736,10.4275,1.2874999999999996,True,False,,True,True,True,False,,0,False,,0,False,False,True,True
next_observation,BOJ_20160129,BoJ,2016-01-29,2016-02-01,2016-02-04,5219,3,-0.009545391434839305,10.63,0.20250000000000057,True,False,,True,True,True,False,,0,False,,0,False,False,True,True
next_observation,BOJ_20160129,BoJ,2016-01-29,2016-02-01,2016-02-05,5219,4,0.0008559812206792369,9.815,-0.8150000000000013,True,False,,True,True,True,False,,0,False,,0,False,False,True,True
next_observation,BOJ_20160129,BoJ,2016-01-29,2016-02-01,2016-02-08,5219,5,-0.008851896919514142,12.48,2.665000000000001,True,False,,True,True,True,False,,0,False,,0,False,False,True,True
next_observation,BOJ_20160129,BoJ,2016-01-29,2016-02-01,2016-02-09,5219,6,-0.006321461993003157,13.3075,0.8274999999999988,True,False,,True,True,True,False,,0,False,,0,False,False,True,True
next_observation,BOJ_20160129,BoJ,2016-01-29,2016-02-01,2016-02-10,5219,7,-0.01549536387584498,13.33,0.022500000000000853,True,False,,True,True,True,False,,0,False,,0,False,False,True,True
next_observation,BOJ_20160129,BoJ,2016-01-29,2016-02-01,2016-02-11,5219,8,-0.008149932163717412,15.855,2.5250000000000004,True,False,,True,True,True,False,,0,False,,0,False,False,True,True
next_observation,BOJ_20160129,BoJ,2016-01-29,2016-02-01,2016-02-12,5219,9,0.007267280621352262,13.825,-2.030000000000001,True,False,,True,True,True,False,,0,False,,0,False,False,True,True
next_observation,BOJ_20160129,BoJ,2016-01-29,2016-02-01,2016-02-15,5219,10,0.011850560033246893,13.165,-0.6600000000000001,True,False,,True,True,True,False,,0,False,,0,False,False,True,True
next_observation,BOJ_20160315,BoJ,2016-03-15,2016-03-16,2016-02-17,5251,-20,0.00017530788492109087,14.0625,0.1274999999999995,True,False,,True,True,True,False,,0,False,,0,False,False,True,True
next_observation,BOJ_20160315,BoJ,2016-03-15,2016-03-16,2016-02-18,5251,-19,-0.007477821420263952,13.7825,-0.27999999999999936,True,False,,True,True,True,False,,0,False,,0,False,False,True,True
next_observation,BOJ_20160315,BoJ,2016-03-15,2016-03-16,2016-02-19,5251,-18,-0.005489897349621367,14.2125,0.4299999999999997,True,False,,True,True,True,False,,0,False,,0,False,False,True,True
next_observation,BOJ_20160315,BoJ,2016-03-15,2016-03-16,2016-02-22,5251,-17,0.0025716073407654016,13.7,-0.5125000000000011,True,False,,True,True,True,False,,0,False,,0,False,False,True,True
next_observation,BOJ_20160315,BoJ,2016-03-15,2016-03-16,2016-02-23,5251,-16,-0.007199391152832678,14.245,0.5449999999999999,True,False,,True,True,True,False,,0,False,,0,False,False,True,True
next_observation,BOJ_20160315,BoJ,2016-03-15,2016-03-16,2016-02-24,5251,-15,0.000668791963756224,14.815,0.5700000000000003,True,False,,True,True,True,False,,0,False,,0,False,False,True,True
next_observation,BOJ_20160315,BoJ,2016-03-15,2016-03-16,2016-02-25,5251,-14,0.007238845865576796,13.61,-1.205,True,False,,True,True,True,False,,0,False,,0,False,False,True,True
next_observation,BOJ_20160315,BoJ,2016-03-15,2016-03-16,2016-02-26,5251,-13,0.008811017837742487,13.16,-0.4499999999999993,True,False,,True,True,True,False,,0,False,,0,False,False,True,True
next_observation,BOJ_20160315,BoJ,2016-03-15,2016-03-16,2016-02-29,5251,-12,-0.011469533294276578,13.5725,0.41249999999999964,True,False,,True,True,True,False,,0,False,,0,False,False,True,True
next_observation,BOJ_20160315,BoJ,2016-03-15,2016-03-16,2016-03-01,5251,-11,0.011557252592578305,12.47,-1.1024999999999991,True,False,,True,True,True,False,,0,False,,0,False,False,True,True
next_observation,BOJ_20160315,BoJ,2016-03-15,2016-03-16,2016-03-02,5251,-10,-0.00465975873928273,12.0075,-0.46250000000000036,True,False,,True,True,True,False,,0,False,,0,False,False,True,True
next_observation,BOJ_20160315,BoJ,2016-03-15,2016-03-16,2016-03-03,5251,-9,0.0019368760732252411,11.755,-0.2524999999999995,True,False,,True,True,True,False,,0,False,,0,False,False,True,True
next_observation,BOJ_20160315,BoJ,2016-03-15,2016-03-16,2016-03-04,5251,-8,0.00043967640525416194,11.13,-0.625,True,False,,True,True,True,False,,0,False,,0,False,False,True,True
next_observation,BOJ_20160315,BoJ,2016-03-15,2016-03-16,2016-03-07,5251,-7,-0.0024646814994228657,11.65,0.5199999999999996,True,False,,True,True,True,False,,0,False,,0,False,False,True,True
next_observation,BOJ_20160315,BoJ,2016-03-15,2016-03-16,2016-03-08,5251,-6,-0.007430703393083753,12.045,0.3949999999999996,True,False,,True,True,True,False,,0,False,,0,False,False,True,True
next_observation,BOJ_20160315,BoJ,2016-03-15,2016-03-16,2016-03-09,5251,-5,0.006372548891986636,12.0525,0.007500000000000284,True,False,,True,True,True,False,,0,False,,0,False,False,True,True
next_observation,BOJ_20160315,BoJ,2016-03-15,2016-03-16,2016-03-10,5251,-4,-0.001324269638219585,12.1775,0.125,True,False,,True,True,True,False,,0,False,,0,False,False,True,True
next_observation,BOJ_20160315,BoJ,2016-03-15,2016-03-16,2016-03-11,5251,-3,0.005813713798358901,11.3425,-0.8350000000000009,True,False,,True,True,True,False,,0,False,,0,False,False,True,True
next_observation,BOJ_20160315,BoJ,2016-03-15,2016-03-16,2016-03-14,5251,-2,-0.0002635277597823073,10.75,-0.5924999999999994,True,False,,True,True,True,False,,0,False,,0,False,False,True,True
next_observation,BOJ_20160315,BoJ,2016-03-15,2016-03-16,2016-03-15,5251,-1,-0.005726887898823252,9.995,-0.7550000000000008,True,False,,True,True,True,False,,0,False,,0,False,False,True,True
next_observation,BOJ_20160315,BoJ,2016-03-15,2016-03-16,2016-03-16,5251,0,-0.005404460749085315,9.75,-0.24499999999999922,True,False,,True,True,True,False,,0,False,,0,False,False,True,True
next_observation,BOJ_20160315,BoJ,2016-03-15,2016-03-16,2016-03-17,5251,1,-0.010538164056099922,10.305,0.5549999999999997,True,False,,True,True,True,False,,0,False,,0,False,False,True,True
next_observation,BOJ_20160315,BoJ,2016-03-15,2016-03-16,2016-03-18,5251,2,0.0014354284077758926,9.385,-0.9199999999999999,True,False,,True,True,True,False,,0,False,,0,False,False,True,True
next_observation,BOJ_20160315,BoJ,2016-03-15,2016-03-16,2016-03-21,5251,3,0.0036689079186888996,8.785,-0.5999999999999996,True,False,,True,True,True,False,,0,False,,0,False,False,True,True
next_observation,BOJ_20160315,BoJ,2016-03-15,2016-03-16,2016-03-22,5251,4,0.0037444879484825632,8.825,0.03999999999999915,True,False,,True,True,True,False,,0,False,,0,False,False,True,True
next_observation,BOJ_20160315,BoJ,2016-03-15,2016-03-16,2016-03-23,5251,5,0.0,9.245,0.41999999999999993,True,False,,True,True,True,False,,0,False,,0,False,False,True,True
next_observation,BOJ_20160315,BoJ,2016-03-15,2016-03-16,2016-03-24,5251,6,0.004705264362820731,9.375,0.13000000000000078,True,False,,True,True,True,False,,0,False,,0,False,False,True,True
next_observation,BOJ_20160315,BoJ,2016-03-15,2016-03-16,2016-03-25,5251,7,0.0015929911771698788,9.395,0.019999999999999574,True,False,,True,True,True,False,,0,False,,0,False,False,True,True
next_observation,BOJ_20160315,BoJ,2016-03-15,2016-03-16,2016-03-28,5251,8,0.0032665342014583133,9.835,0.4400000000000013,True,False,,True,True,True,False,,0,False,,0,False,False,True,True
next_observation,BOJ_20160315,BoJ,2016-03-15,2016-03-16,2016-03-29,5251,9,-0.006721228043999579,9.645,-0.19000000000000128,True,False,,True,True,True,False,,0,False,,0,False,False,True,True
next_observation,BOJ_20160315,BoJ,2016-03-15,2016-03-16,2016-03-30,5251,10,-0.002398721832462362,9.0725,-0.5724999999999998,True,False,,True,True,True,False,,0,False,,0,False,False,True,True
next_observation,BOJ_20160428,BoJ,2016-04-28,2016-04-29,2016-04-01,5283,-20,-0.007803656020201889,9.93,-0.120000000000001,True,False,,True,True,True,False,,0,False,,0,False,False,True,True
next_observation,BOJ_20160428,BoJ,2016-04-28,2016-04-29,2016-04-04,5283,-19,-0.0031835022963144135,10.3625,0.432500000000001,True,False,,True,True,True,False,,0,False,,0,False,False,True,True
next_observation,BOJ_20160428,BoJ,2016-04-28,2016-04-29,2016-04-05,5283,-18,-0.009022481921376856,11.6775,1.3149999999999995,True,False,,True,True,True,False,,0,False,,0,False,False,True,True
next_observation,BOJ_20160428,BoJ,2016-04-28,2016-04-29,2016-04-06,5283,-17,-0.004906201637089182,11.67,-0.007500000000000284,True,False,,True,True,True,False,,0,False,,0,False,False,True,True
next_observation,BOJ_20160428,BoJ,2016-04-28,2016-04-29,2016-04-07,5283,-16,-0.014495001731462105,13.16,1.4900000000000002,True,False,,True,True,True,False,,0,False,,0,False,False,True,True
next_observation,BOJ_20160428,BoJ,2016-04-28,2016-04-29,2016-04-08,5283,-15,-0.0013870910306109823,11.945,-1.2149999999999999,True,False,,True,True,True,False,,0,False,,0,False,False,True,True
next_observation,BOJ_20160428,BoJ,2016-04-28,2016-04-29,2016-04-11,5283,-14,-0.001111059787459268,12.24,0.29499999999999993,True,False,,True,True,True,False,,0,False,,0,False,False,True,True
next_observation,BOJ_20160428,BoJ,2016-04-28,2016-04-29,2016-04-12,5283,-13,0.005542995392296295,11.29,-0.9500000000000011,True,False,,True,True,True,False,,0,False,,0,False,False,True,True
next_observation,BOJ_20160428,BoJ,2016-04-28,2016-04-29,2016-04-13,5283,-12,0.007251729961567336,11.195,-0.09499999999999886,True,False,,True,True,True,False,,0,False,,0,False,False,True,True
next_observation,BOJ_20160428,BoJ,2016-04-28,2016-04-29,2016-04-14,5283,-11,0.0005486216020201682,11.0775,-0.11749999999999972,True,False,,True,True,True,False,,0,False,,0,False,False,True,True
next_observation,BOJ_20160428,BoJ,2016-04-28,2016-04-29,2016-04-15,5283,-10,-0.005775593612640389,11.425,0.34750000000000014,True,False,,True,True,True,False,,0,False,,0,False,False,True,True
next_observation,BOJ_20160428,BoJ,2016-04-28,2016-04-29,2016-04-18,5283,-9,0.0005514959466955069,11.47,0.04499999999999993,True,False,,True,True,True,False,,0,False,,0,False,False,True,True
next_observation,BOJ_20160428,BoJ,2016-04-28,2016-04-29,2016-04-19,5283,-8,0.0034857623700133636,10.815,-0.6550000000000011,True,False,,True,True,True,False,,0,False,,0,False,False,True,True
next_observation,BOJ_20160428,BoJ,2016-04-28,2016-04-29,2016-04-20,5283,-7,0.005843431372768237,10.79,-0.025000000000000355,True,False,,True,True,True,False,,0,False,,0,False,False,True,True
next_observation,BOJ_20160428,BoJ,2016-04-28,2016-04-29,2016-04-21,5283,-6,-0.0034654177218431848,10.78,-0.009999999999999787,True,False,,True,True,True,False,,0,False,,0,False,False,True,True
next_observation,BOJ_20160428,BoJ,2016-04-28,2016-04-29,2016-04-22,5283,-5,0.020972520102922883,11.58,0.8000000000000007,True,False,,True,True,True,False,,0,False,,0,False,False,True,True
next_observation,BOJ_20160428,BoJ,2016-04-28,2016-04-29,2016-04-25,5283,-4,-0.005202038727815131,11.9325,0.35249999999999915,True,False,,True,True,True,False,,0,False,,0,False,False,True,True
next_observation,BOJ_20160428,BoJ,2016-04-28,2016-04-29,2016-04-26,5283,-3,0.0008988360678850986,12.1,0.16750000000000043,True,False,,True,True,True,False,,0,False,,0,False,False,True,True
next_observation,BOJ_20160428,BoJ,2016-04-28,2016-04-29,2016-04-27,5283,-2,0.0014364593752498223,11.5425,-0.5574999999999992,True,False,,True,True,True,False,,0,False,,0,False,False,True,True
next_observation,BOJ_20160428,BoJ,2016-04-28,2016-04-29,2016-04-28,5283,-1,-0.03051516485168385,10.475,-1.0675000000000008,True,False,,True,True,True,False,,0,False,,0,False,False,True,True
next_observation,BOJ_20160428,BoJ,2016-04-28,2016-04-29,2016-04-29,5283,0,-0.015097439735294645,11.48,1.0050000000000008,True,False,,True,True,True,False,,0,False,,0,False,False,True,True
next_observation,BOJ_20160428,BoJ,2016-04-28,2016-04-29,2016-05-02,5283,1,-0.0008454674059287854,11.7275,0.24749999999999872,True,False,,True,True,True,False,,0,False,,0,False,False,True,True
next_observation,BOJ_20160428,BoJ,2016-04-28,2016-04-29,2016-05-03,5283,2,0.001784038031870454,11.925,0.19750000000000156,True,False,,True,True,True,False,,0,False,,0,False,False,True,True
next_observation,BOJ_20160428,BoJ,2016-04-28,2016-04-29,2016-05-04,5283,3,0.003885681722404305,11.7725,-0.15249999999999986,True,False,,True,True,True,False,,0,False,,0,False,False,True,True
next_observation,BOJ_20160428,BoJ,2016-04-28,2016-04-29,2016-05-05,5283,4,0.0022868887291560866,11.485,-0.2875000000000014,True,False,,True,True,True,False,,0,False,,0,False,False,True,True
next_observation,BOJ_20160428,BoJ,2016-04-28,2016-04-29,2016-05-06,5283,5,-0.001212799850121893,10.605,-0.879999999999999,True,False,,True,True,True,False,,0,False,,0,False,False,True,True
next_observation,BOJ_20160428,BoJ,2016-04-28,2016-04-29,2016-05-09,5283,6,0.01113959070802915,9.9325,-0.6725000000000012,True,False,,True,True,True,False,,0,False,,0,False,False,True,True
next_observation,BOJ_20160428,BoJ,2016-04-28,2016-04-29,2016-05-10,5283,7,0.008640156696142662,10.11,0.1775000000000002,True,False,,True,True,True,False,,0,False,,0,False,False,True,True
next_observation,BOJ_20160428,BoJ,2016-04-28,2016-04-29,2016-05-11,5283,8,-0.0078096685059347555,10.225,0.11500000000000021,True,False,,True,True,True,False,,0,False,,0,False,False,True,True
next_observation,BOJ_20160428,BoJ,2016-04-28,2016-04-29,2016-05-12,5283,9,0.00561075791264926,10.02,-0.20500000000000007,True,False,,True,True,True,False,,0,False,,0,False,False,True,True
next_observation,BOJ_20160428,BoJ,2016-04-28,2016-04-29,2016-05-13,5283,10,-0.003675630143274056,10.065,0.04499999999999993,True,False,,True,True,True,False,,0,False,,0,False,False,True,True
next_observation,BOJ_20160616,BoJ,2016-06-16,2016-06-17,2016-05-20,5318,-20,0.0016355462280239926,11.0975,-0.6174999999999997,True,False,,True,True,True,False,,0,False,,0,False,False,True,True
next_observation,BOJ_20160616,BoJ,2016-06-16,2016-06-17,2016-05-23,5318,-19,-0.008296154793627511,11.205,0.10749999999999993,True,False,,True,True,True,False,,0,False,,0,False,False,True,True
next_observation,BOJ_20160616,BoJ,2016-06-16,2016-06-17,2016-05-24,5318,-18,0.006933385435816449,11.31,0.10500000000000043,True,False,,True,True,True,False,,0,False,,0,False,False,True,True
next_observation,BOJ_20160616,BoJ,2016-06-16,2016-06-17,2016-05-25,5318,-17,0.0018166134247821165,11.045,-0.26500000000000057,True,False,,True,True,True,False,,0,False,,0,False,False,True,True
next_observation,BOJ_20160616,BoJ,2016-06-16,2016-06-17,2016-05-26,5318,-16,-0.003909806762768576,10.975,-0.07000000000000028,True,False,,True,True,True,False,,0,False,,0,False,False,True,True
next_observation,BOJ_20160616,BoJ,2016-06-16,2016-06-17,2016-05-27,5318,-15,0.0049981928844487974,10.735,-0.2400000000000002,True,False,,True,True,True,False,,0,False,,0,False,False,True,True
next_observation,BOJ_20160616,BoJ,2016-06-16,2016-06-17,2016-05-30,5318,-14,0.00727078868575353,11.615,0.8800000000000008,True,False,,True,True,True,False,,0,False,,0,False,False,True,True
next_observation,BOJ_20160616,BoJ,2016-06-16,2016-06-17,2016-05-31,5318,-13,-0.0035610486368264807,11.71,0.09500000000000064,True,False,,True,True,True,False,,0,False,,0,False,False,True,True
next_observation,BOJ_20160616,BoJ,2016-06-16,2016-06-17,2016-06-01,5318,-12,-0.010759870453686506,12.13,0.41999999999999993,True,False,,True,True,True,False,,0,False,,0,False,False,True,True
next_observation,BOJ_20160616,BoJ,2016-06-16,2016-06-17,2016-06-02,5318,-11,-0.006089344182908404,11.81,-0.3200000000000003,True,False,,True,True,True,False,,0,False,,0,False,False,True,True
next_observation,BOJ_20160616,BoJ,2016-06-16,2016-06-17,2016-06-03,5318,-10,-0.0217268655153371,11.955,0.14499999999999957,True,False,,True,True,True,False,,0,False,,0,False,False,True,True
next_observation,BOJ_20160616,BoJ,2016-06-16,2016-06-17,2016-06-06,5318,-9,0.009528774980431589,11.9725,0.01750000000000007,True,False,,True,True,True,False,,0,False,,0,False,False,True,True
next_observation,BOJ_20160616,BoJ,2016-06-16,2016-06-17,2016-06-07,5318,-8,-0.0017681002186657104,11.545,-0.4275000000000002,True,False,,True,True,True,False,,0,False,,0,False,False,True,True
next_observation,BOJ_20160616,BoJ,2016-06-16,2016-06-17,2016-06-08,5318,-7,-0.0035456067001813875,11.72,0.1750000000000007,True,False,,True,True,True,False,,0,False,,0,False,False,True,True
next_observation,BOJ_20160616,BoJ,2016-06-16,2016-06-17,2016-06-09,5318,-6,0.0010276533041915128,12.25,0.5299999999999994,True,False,,True,True,True,False,,0,False,,0,False,False,True,True
next_observation,BOJ_20160616,BoJ,2016-06-16,2016-06-17,2016-06-10,5318,-5,-0.0011211287202252127,13.225,0.9749999999999996,True,False,,True,True,True,False,,0,False,,0,False,False,True,True
next_observation,BOJ_20160616,BoJ,2016-06-16,2016-06-17,2016-06-13,5318,-4,-0.006659187992226089,14.1125,0.8875000000000011,True,False,,True,True,True,False,,0,False,,0,False,False,True,True
next_observation,BOJ_20160616,BoJ,2016-06-16,2016-06-17,2016-06-14,5318,-3,-0.0014125626230498242,14.6225,0.5099999999999998,True,False,,True,True,True,False,,0,False,,0,False,False,True,True
next_observation,BOJ_20160616,BoJ,2016-06-16,2016-06-17,2016-06-15,5318,-2,-0.0009428181530906564,14.125,-0.4975000000000005,True,False,,True,True,True,False,,0,False,,0,False,False,True,True
next_observation,BOJ_20160616,BoJ,2016-06-16,2016-06-17,2016-06-16,5318,-1,-0.01674077237502995,13.86,-0.26500000000000057,True,False,,True,True,True,False,,0,False,,0,False,False,True,True
next_observation,BOJ_20160616,BoJ,2016-06-16,2016-06-17,2016-06-17,5318,0,-0.0008636407791389158,13.3875,-0.47250000000000014,True,False,,True,True,True,False,,0,False,,0,False,False,True,True
next_observation,BOJ_20160616,BoJ,2016-06-16,2016-06-17,2016-06-20,5318,1,-0.0022104766328907574,12.5775,-0.8099999999999987,True,False,,True,True,True,False,,0,False,,0,False,False,True,True
next_observation,BOJ_20160616,BoJ,2016-06-16,2016-06-17,2016-06-21,5318,2,0.007810855054792883,12.755,0.1775000000000002,True,False,,True,True,True,False,,0,False,,0,False,False,True,True
next_observation,BOJ_20160616,BoJ,2016-06-16,2016-06-17,2016-06-22,5318,3,-0.0032032155135077005,13.8225,1.067499999999999,True,False,,True,True,True,False,,0,False,,0,False,False,True,True
next_observation,BOJ_20160616,BoJ,2016-06-16,2016-06-17,2016-06-23,5318,4,0.01662114434501754,12.0675,-1.754999999999999,True,False,,True,True,True,False,,0,False,,0,False,False,True,True
next_observation,BOJ_20160616,BoJ,2016-06-16,2016-06-17,2016-06-24,5318,5,-0.03781822138305101,15.2775,3.209999999999999,True,False,,True,True,True,False,,0,False,,0,False,False,True,True
next_observation,BOJ_20160616,BoJ,2016-06-16,2016-06-17,2016-06-27,5318,6,-0.0022524737757782035,15.09,-0.1875,True,False,,True,True,True,False,,0,False,,0,False,False,True,True
next_observation,BOJ_20160616,BoJ,2016-06-16,2016-06-17,2016-06-28,5318,7,0.007423721517955857,12.375,-2.715,True,False,,True,True,True,False,,0,False,,0,False,False,True,True
next_observation,BOJ_20160616,BoJ,2016-06-16,2016-06-17,2016-06-29,5318,8,0.0006810001236040854,11.83,-0.5449999999999999,True,False,,True,True,True,False,,0,False,,0,False,False,True,True
next_observation,BOJ_20160616,BoJ,2016-06-16,2016-06-17,2016-06-30,5318,9,0.0035918881448511854,13.52,1.6899999999999995,True,False,,True,True,True,False,,0,False,,0,False,False,True,True
next_observation,BOJ_20160616,BoJ,2016-06-16,2016-06-17,2016-07-01,5318,10,-0.0066112729263287425,13.3175,-0.2024999999999988,True,False,,True,True,True,False,,0,False,,0,False,False,True,True
next_observation,BOJ_20160729,BoJ,2016-07-29,2016-08-01,2016-07-04,5349,-20,0.00048761459909009723,13.395,0.07749999999999879,True,False,,True,True,True,False,,0,False,,0,False,False,True,True
next_observation,BOJ_20160729,BoJ,2016-07-29,2016-08-01,2016-07-05,5349,-19,-0.008125350626233947,14.4375,1.0425000000000004,True,False,,True,True,True,False,,0,False,,0,False,False,True,True
next_observation,BOJ_20160729,BoJ,2016-07-29,2016-08-01,2016-07-06,5349,-18,-0.004038220793494131,14.915,0.47749999999999915,True,False,,True,True,True,False,,0,False,,0,False,False,True,True
next_observation,BOJ_20160729,BoJ,2016-07-29,2016-08-01,2016-07-07,5349,-17,-0.005442863511142587,14.17,-0.7449999999999992,True,False,,True,True,True,False,,0,False,,0,False,False,True,True
next_observation,BOJ_20160729,BoJ,2016-07-29,2016-08-01,2016-07-08,5349,-16,-0.002284920525198813,14.085,-0.08499999999999908,True,False,,True,True,True,False,,0,False,,0,False,False,True,True
next_observation,BOJ_20160729,BoJ,2016-07-29,2016-08-01,2016-07-11,5349,-15,0.022228601492534212,14.565,0.47999999999999865,True,False,,True,True,True,False,,0,False,,0,False,False,True,True
next_observation,BOJ_20160729,BoJ,2016-07-29,2016-08-01,2016-07-12,5349,-14,0.01821737127371491,15.21,0.6450000000000014,True,False,,True,True,True,False,,0,False,,0,False,False,True,True
next_observation,BOJ_20160729,BoJ,2016-07-29,2016-08-01,2016-07-13,5349,-13,-0.0020078408122184213,14.775,-0.4350000000000005,True,False,,True,True,True,False,,0,False,,0,False,False,True,True
next_observation,BOJ_20160729,BoJ,2016-07-29,2016-08-01,2016-07-14,5349,-12,0.008197157847032177,14.73,-0.04499999999999993,True,False,,True,True,True,False,,0,False,,0,False,False,True,True
next_observation,BOJ_20160729,BoJ,2016-07-29,2016-08-01,2016-07-15,5349,-11,-0.0044238388236491144,15.125,0.3949999999999996,True,False,,True,True,True,False,,0,False,,0,False,False,True,True
next_observation,BOJ_20160729,BoJ,2016-07-29,2016-08-01,2016-07-18,5349,-10,0.012083450740413493,15.285,0.16000000000000014,True,False,,True,True,True,False,,0,False,,0,False,False,True,True
next_observation,BOJ_20160729,BoJ,2016-07-29,2016-08-01,2016-07-19,5349,-9,-0.00028264556434639393,15.49,0.20500000000000007,True,False,,True,True,True,False,,0,False,,0,False,False,True,True
next_observation,BOJ_20160729,BoJ,2016-07-29,2016-08-01,2016-07-20,5349,-8,0.007135845499732536,16.2225,0.7324999999999999,True,False,,True,True,True,False,,0,False,,0,False,False,True,True
next_observation,BOJ_20160729,BoJ,2016-07-29,2016-08-01,2016-07-21,5349,-7,-0.01006120381882699,15.855,-0.3674999999999997,True,False,,True,True,True,False,,0,False,,0,False,False,True,True
next_observation,BOJ_20160729,BoJ,2016-07-29,2016-08-01,2016-07-22,5349,-6,0.003019582383990294,15.63,-0.22499999999999964,True,False,,True,True,True,False,,0,False,,0,False,False,True,True
next_observation,BOJ_20160729,BoJ,2016-07-29,2016-08-01,2016-07-25,5349,-5,-0.0031140914096723887,15.0525,-0.5775000000000006,True,False,,True,True,True,False,,0,False,,0,False,False,True,True
next_observation,BOJ_20160729,BoJ,2016-07-29,2016-08-01,2016-07-26,5349,-4,-0.010833003740251425,14.68,-0.3725000000000005,True,False,,True,True,True,False,,0,False,,0,False,False,True,True
next_observation,BOJ_20160729,BoJ,2016-07-29,2016-08-01,2016-07-27,5349,-3,0.00695042310537471,14.065,-0.6150000000000002,True,False,,True,True,True,False,,0,False,,0,False,False,True,True
next_observation,BOJ_20160729,BoJ,2016-07-29,2016-08-01,2016-07-28,5349,-2,-0.0011867183886245353,14.515,0.45000000000000107,True,False,,True,True,True,False,,0,False,,0,False,False,True,True
next_observation,BOJ_20160729,BoJ,2016-07-29,2016-08-01,2016-07-29,5349,-1,-0.030918613037686143,11.31,-3.205,True,False,,True,True,True,False,,0,False,,0,False,False,True,True
next_observation,BOJ_20160729,BoJ,2016-07-29,2016-08-01,2016-08-01,5349,0,0.003228018062728444,11.1825,-0.12750000000000128,True,False,,True,True,True,False,,0,False,,0,False,False,True,True
next_observation,BOJ_20160729,BoJ,2016-07-29,2016-08-01,2016-08-02,5349,1,-0.01475751117042825,12.4,1.2175000000000011,True,False,,True,True,True,False,,0,False,,0,False,False,True,True
next_observation,BOJ_20160729,BoJ,2016-07-29,2016-08-01,2016-08-03,5349,2,0.0034629499333850905,11.51,-0.8900000000000006,True,False,,True,True,True,False,,0,False,,0,False,False,True,True
next_observation,BOJ_20160729,BoJ,2016-07-29,2016-08-01,2016-08-04,5349,3,-0.00029635483769206467,10.8975,-0.6124999999999989,True,False,,True,True,True,False,,0,False,,0,False,False,True,True
next_observation,BOJ_20160729,BoJ,2016-07-29,2016-08-01,2016-08-05,5349,4,0.005910473788937595,9.8325,-1.0650000000000013,True,False,,True,True,True,False,,0,False,,0,False,False,True,True
next_observation,BOJ_20160729,BoJ,2016-07-29,2016-08-01,2016-08-08,5349,5,0.006266236786317577,9.62,-0.21250000000000036,True,False,,True,True,True,False,,0,False,,0,False,False,True,True
next_observation,BOJ_20160729,BoJ,2016-07-29,2016-08-01,2016-08-09,5349,6,-0.005578951535896067,9.41,-0.20999999999999908,True,False,,True,True,True,False,,0,False,,0,False,False,True,True
next_observation,BOJ_20160729,BoJ,2016-07-29,2016-08-01,2016-08-10,5349,7,-0.0058076745579847475,9.67,0.2599999999999998,True,False,,True,True,True,False,,0,False,,0,False,False,True,True
next_observation,BOJ_20160729,BoJ,2016-07-29,2016-08-01,2016-08-11,5349,8,0.006494487771796277,9.48,-0.1899999999999995,True,False,,True,True,True,False,,0,False,,0,False,False,True,True
next_observation,BOJ_20160729,BoJ,2016-07-29,2016-08-01,2016-08-12,5349,9,-0.006445128212073361,9.74,0.2599999999999998,True,False,,True,True,True,False,,0,False,,0,False,False,True,True
next_observation,BOJ_20160729,BoJ,2016-07-29,2016-08-01,2016-08-15,5349,10,-0.00044432377122609107,9.845,0.10500000000000043,True,False,,True,True,True,False,,0,False,,0,False,False,True,True
next_observation,BOJ_20160921,BoJ,2016-09-21,2016-09-22,2016-08-25,5387,-20,0.0007961387692252732,13.935,-0.7750000000000004,True,False,,True,True,True,False,,0,False,,0,False,False,True,True
next_observation,BOJ_20160921,BoJ,2016-09-21,2016-09-22,2016-08-26,5387,-19,0.012947403638382385,13.87,-0.06500000000000128,True,False,,True,True,True,False,,0,False,,0,False,False,True,True
next_observation,BOJ_20160921,BoJ,2016-09-21,2016-09-22,2016-08-29,5387,-18,0.0007852761139734953,14.485,0.6150000000000002,True,False,,True,True,True,False,,0,False,,0,False,False,True,True
next_observation,BOJ_20160921,BoJ,2016-09-21,2016-09-22,2016-08-30,5387,-17,0.010249992121617804,14.525,0.040000000000000924,True,False,,True,True,True,False,,0,False,,0,False,False,True,True
next_observation,BOJ_20160921,BoJ,2016-09-21,2016-09-22,2016-08-31,5387,-16,0.004457587690163965,14.2625,-0.26250000000000107,True,False,,True,True,True,False,,0,False,,0,False,False,True,True
next_observation,BOJ_20160921,BoJ,2016-09-21,2016-09-22,2016-09-01,5387,-15,-0.001838769510632652,13.625,-0.6374999999999993,True,False,,True,True,True,False,,0,False,,0,False,False,True,True
next_observation,BOJ_20160921,BoJ,2016-09-21,2016-09-22,2016-09-02,5387,-14,0.006661542301858377,13.1375,-0.4875000000000007,True,False,,True,True,True,False,,0,False,,0,False,False,True,True
next_observation,BOJ_20160921,BoJ,2016-09-21,2016-09-22,2016-09-05,5387,-13,-0.0048227727912257545,12.8775,-0.2599999999999998,True,False,,True,True,True,False,,0,False,,0,False,False,True,True
next_observation,BOJ_20160921,BoJ,2016-09-21,2016-09-22,2016-09-06,5387,-12,-0.013726851051763581,13.0,0.1225000000000005,True,False,,True,True,True,False,,0,False,,0,False,False,True,True
next_observation,BOJ_20160921,BoJ,2016-09-21,2016-09-22,2016-09-07,5387,-11,-0.0026501782295591417,12.885,-0.11500000000000021,True,False,,True,True,True,False,,0,False,,0,False,False,True,True
next_observation,BOJ_20160921,BoJ,2016-09-21,2016-09-22,2016-09-08,5387,-10,0.007344333834698784,12.2675,-0.6174999999999997,True,False,,True,True,True,False,,0,False,,0,False,False,True,True
next_observation,BOJ_20160921,BoJ,2016-09-21,2016-09-22,2016-09-09,5387,-9,0.00194941335676071,12.9675,0.6999999999999993,True,False,,True,True,True,False,,0,False,,0,False,False,True,True
next_observation,BOJ_20160921,BoJ,2016-09-21,2016-09-22,2016-09-12,5387,-8,-0.008311380591508247,13.34,0.3725000000000005,True,False,,True,True,True,False,,0,False,,0,False,False,True,True
next_observation,BOJ_20160921,BoJ,2016-09-21,2016-09-22,2016-09-13,5387,-7,0.007044694267996543,13.735,0.3949999999999996,True,False,,True,True,True,False,,0,False,,0,False,False,True,True
next_observation,BOJ_20160921,BoJ,2016-09-21,2016-09-22,2016-09-14,5387,-6,-0.0013659205011652582,13.895,0.16000000000000014,True,False,,True,True,True,False,,0,False,,0,False,False,True,True
next_observation,BOJ_20160921,BoJ,2016-09-21,2016-09-22,2016-09-15,5387,-5,-0.0032270710579368265,12.5075,-1.3874999999999993,True,False,,True,True,True,False,,0,False,,0,False,False,True,True
next_observation,BOJ_20160921,BoJ,2016-09-21,2016-09-22,2016-09-16,5387,-4,0.0018592822657277973,12.0875,-0.41999999999999993,True,False,,True,True,True,False,,0,False,,0,False,False,True,True
next_observation,BOJ_20160921,BoJ,2016-09-21,2016-09-22,2016-09-19,5387,-3,-0.003525785935408674,12.2975,0.20999999999999908,True,False,,True,True,True,False,,0,False,,0,False,False,True,True
next_observation,BOJ_20160921,BoJ,2016-09-21,2016-09-22,2016-09-20,5387,-2,-0.0021607826508667502,12.41,0.11250000000000071,True,False,,True,True,True,False,,0,False,,0,False,False,True,True
next_observation,BOJ_20160921,BoJ,2016-09-21,2016-09-22,2016-09-21,5387,-1,-0.013711389169839877,10.28,-2.130000000000001,True,False,,True,True,True,False,,0,False,,0,False,False,True,True
next_observation,BOJ_20160921,BoJ,2016-09-21,2016-09-22,2016-09-22,5387,0,0.0043763745997987815,10.1725,-0.10749999999999993,True,False,,True,True,True,False,,0,False,,0,False,False,True,True
next_observation,BOJ_20160921,BoJ,2016-09-21,2016-09-22,2016-09-23,5387,1,0.0025275691810963947,9.75,-0.42249999999999943,True,False,,True,True,True,False,,0,False,,0,False,False,True,True
next_observation,BOJ_20160921,BoJ,2016-09-21,2016-09-22,2016-09-26,5387,2,-0.0068042677279844055,10.345,0.5950000000000006,True,False,,True,True,True,False,,0,False,,0,False,False,True,True
next_observation,BOJ_20160921,BoJ,2016-09-21,2016-09-22,2016-09-27,5387,3,0.0009962144677263354,10.165,-0.1800000000000015,True,False,,True,True,True,False,,0,False,,0,False,False,True,True
next_observation,BOJ_20160921,BoJ,2016-09-21,2016-09-22,2016-09-28,5387,4,0.0025855225222756995,9.92,-0.24499999999999922,True,False,,True,True,True,False,,0,False,,0,False,False,True,True
next_observation,BOJ_20160921,BoJ,2016-09-21,2016-09-22,2016-09-29,5387,5,0.003371012512117363,10.97,1.0500000000000007,True,False,,True,True,True,False,,0,False,,0,False,False,True,True
next_observation,BOJ_20160921,BoJ,2016-09-21,2016-09-22,2016-09-30,5387,6,0.0031130352502868374,10.77,-0.20000000000000107,True,False,,True,True,True,False,,0,False,,0,False,False,True,True
next_observation,BOJ_20160921,BoJ,2016-09-21,2016-09-22,2016-10-03,5387,7,0.0029558127830996905,10.8975,0.12750000000000128,True,False,,True,True,True,False,,0,False,,0,False,False,True,True
next_observation,BOJ_20160921,BoJ,2016-09-21,2016-09-22,2016-10-04,5387,8,0.012271292366976534,11.305,0.40749999999999886,True,False,,True,True,True,False,,0,False,,0,False,False,True,True
next_observation,BOJ_20160921,BoJ,2016-09-21,2016-09-22,2016-10-05,5387,9,0.005813969865419816,10.95,-0.3550000000000004,True,False,,True,True,True,False,,0,False,,0,False,False,True,True
next_observation,BOJ_20160921,BoJ,2016-09-21,2016-09-22,2016-10-06,5387,10,0.004290300393653656,12.04,1.0899999999999999,True,False,,True,True,True,False,,0,False,,0,False,False,True,True
next_observation,BOJ_20161101,BoJ,2016-11-01,2016-11-02,2016-10-05,5416,-20,0.005813969865419816,10.95,-0.3550000000000004,True,False,,True,True,True,False,,0,False,,0,False,False,True,True
next_observation,BOJ_20161101,BoJ,2016-11-01,2016-11-02,2016-10-06,5416,-19,0.004290300393653656,12.04,1.0899999999999999,True,False,,True,True,True,False,,0,False,,0,False,False,True,True
next_observation,BOJ_20161101,BoJ,2016-11-01,2016-11-02,2016-10-07,5416,-18,-0.009375672776933016,11.8225,-0.21749999999999936,True,False,,True,True,True,False,,0,False,,0,False,False,True,True
next_observation,BOJ_20161101,BoJ,2016-11-01,2016-11-02,2016-10-10,5416,-17,0.006099350886901477,11.5725,-0.25,True,False,,True,True,True,False,,0,False,,0,False,False,True,True
next_observation,BOJ_20161101,BoJ,2016-11-01,2016-11-02,2016-10-11,5416,-16,-0.0009656704917290591,11.745,0.17249999999999943,True,False,,True,True,True,False,,0,False,,0,False,False,True,True
next_observation,BOJ_20161101,BoJ,2016-11-01,2016-11-02,2016-10-12,5416,-15,0.006740192095637078,11.6,-0.14499999999999957,True,False,,True,True,True,False,,0,False,,0,False,False,True,True
next_observation,BOJ_20161101,BoJ,2016-11-01,2016-11-02,2016-10-13,5416,-14,-0.004809782732111955,11.52,-0.08000000000000007,True,False,,True,True,True,False,,0,False,,0,False,False,True,True
next_observation,BOJ_20161101,BoJ,2016-11-01,2016-11-02,2016-10-14,5416,-13,0.004569842236203547,11.0475,-0.47250000000000014,True,False,,True,True,True,False,,0,False,,0,False,False,True,True
next_observation,BOJ_20161101,BoJ,2016-11-01,2016-11-02,2016-10-17,5416,-12,-0.0028356542202961814,11.2275,0.17999999999999972,True,False,,True,True,True,False,,0,False,,0,False,False,True,True
next_observation,BOJ_20161101,BoJ,2016-11-01,2016-11-02,2016-10-18,5416,-11,-0.00019253911010147157,10.675,-0.5524999999999984,True,False,,True,True,True,False,,0,False,,0,False,False,True,True
next_observation,BOJ_20161101,BoJ,2016-11-01,2016-11-02,2016-10-19,5416,-10,-0.0041002445230459185,10.395,-0.28000000000000114,True,False,,True,True,True,False,,0,False,,0,False,False,True,True
next_observation,BOJ_20161101,BoJ,2016-11-01,2016-11-02,2016-10-20,5416,-9,0.004918279840419775,9.62,-0.7750000000000004,True,False,,True,True,True,False,,0,False,,0,False,False,True,True
next_observation,BOJ_20161101,BoJ,2016-11-01,2016-11-02,2016-10-21,5416,-8,-0.001444043572233469,9.345,-0.2749999999999986,True,False,,True,True,True,False,,0,False,,0,False,False,True,True
next_observation,BOJ_20161101,BoJ,2016-11-01,2016-11-02,2016-10-24,5416,-7,0.0037021942903752254,9.3,-0.04499999999999993,True,False,,True,True,True,False,,0,False,,0,False,False,True,True
next_observation,BOJ_20161101,BoJ,2016-11-01,2016-11-02,2016-10-25,5416,-6,0.00038385874469707874,9.4,0.09999999999999964,True,False,,True,True,True,False,,0,False,,0,False,False,True,True
next_observation,BOJ_20161101,BoJ,2016-11-01,2016-11-02,2016-10-26,5416,-5,0.0023957845671184735,9.605,0.20500000000000007,True,False,,True,True,True,False,,0,False,,0,False,False,True,True
next_observation,BOJ_20161101,BoJ,2016-11-01,2016-11-02,2016-10-27,5416,-4,0.007723150516515515,10.025,0.41999999999999993,True,False,,True,True,True,False,,0,False,,0,False,False,True,True
next_observation,BOJ_20161101,BoJ,2016-11-01,2016-11-02,2016-10-28,5416,-3,-0.005237608392764874,10.1125,0.08750000000000036,True,False,,True,True,True,False,,0,False,,0,False,False,True,True
next_observation,BOJ_20161101,BoJ,2016-11-01,2016-11-02,2016-10-31,5416,-2,0.0008112429162904758,10.43,0.317499999999999,True,False,,True,True,True,False,,0,False,,0,False,False,True,True
next_observation,BOJ_20161101,BoJ,2016-11-01,2016-11-02,2016-11-01,5416,-1,-0.006364419138141971,11.275,0.8450000000000006,True,False,,True,True,True,False,,0,False,,0,False,False,True,True
next_observation,BOJ_20161101,BoJ,2016-11-01,2016-11-02,2016-11-02,5416,0,-0.008194396571106788,12.1775,0.9024999999999999,True,False,,True,True,True,False,,0,False,,0,False,False,True,True
next_observation,BOJ_20161101,BoJ,2016-11-01,2016-11-02,2016-11-03,5416,1,-0.0031024311083303452,12.2975,0.11999999999999922,True,False,,True,True,True,False,,0,False,,0,False,False,True,True
next_observation,BOJ_20161101,BoJ,2016-11-01,2016-11-02,2016-11-04,5416,2,0.00126152369956929,12.4375,0.14000000000000057,True,False,,True,True,True,False,,0,False,,0,False,False,True,True
next_observation,BOJ_20161101,BoJ,2016-11-01,2016-11-02,2016-11-07,5416,3,0.01300721681820389,11.53,-0.9075000000000006,True,False,,True,True,True,False,,0,False,,0,False,False,True,True
next_observation,BOJ_20161101,BoJ,2016-11-01,2016-11-02,2016-11-08,5416,4,0.006678458252826375,11.455,-0.07499999999999929,True,False,,True,True,True,False,,0,False,,0,False,False,True,True
next_observation,BOJ_20161101,BoJ,2016-11-01,2016-11-02,2016-11-09,5416,5,0.004743166887074931,11.055,-0.40000000000000036,True,False,,True,True,True,False,,0,False,,0,False,False,True,True
next_observation,BOJ_20161101,BoJ,2016-11-01,2016-11-02,2016-11-10,5416,6,0.010918269315973292,11.955,0.9000000000000004,True,False,,True,True,True,False,,0,False,,0,False,False,True,True
next_observation,BOJ_20161101,BoJ,2016-11-01,2016-11-02,2016-11-11,5416,7,-0.0016864200371028907,11.625,-0.33000000000000007,True,False,,True,True,True,False,,0,False,,0,False,False,True,True
next_observation,BOJ_20161101,BoJ,2016-11-01,2016-11-02,2016-11-14,5416,8,0.016507012339206303,11.99,0.3650000000000002,True,False,,True,True,True,False,,0,False,,0,False,False,True,True
next_observation,BOJ_20161101,BoJ,2016-11-01,2016-11-02,2016-11-15,5416,9,0.007214275976182415,12.5825,0.5924999999999994,True,False,,True,True,True,False,,0,False,,0,False,False,True,True
next_observation,BOJ_20161101,BoJ,2016-11-01,2016-11-02,2016-11-16,5416,10,-0.0011911307987011563,12.735,0.15249999999999986,True,False,,True,True,True,False,,0,False,,0,False,False,True,True
next_observation,BOJ_20161220,BoJ,2016-12-20,2016-12-21,2016-11-23,5451,-20,0.012295878237934162,13.375,0.3650000000000002,True,False,,True,True,True,False,,0,False,,0,False,False,True,True
next_observation,BOJ_20161220,BoJ,2016-12-20,2016-12-21,2016-11-24,5451,-19,0.007217370655147752,13.175,-0.1999999999999993,True,False,,True,True,True,False,,0,False,,0,False,False,True,True
next_observation,BOJ_20161220,BoJ,2016-12-20,2016-12-21,2016-11-25,5451,-18,-0.000926927302579681,12.9875,-0.1875,True,False,,True,True,True,False,,0,False,,0,False,False,True,True
next_observation,BOJ_20161220,BoJ,2016-12-20,2016-12-21,2016-11-28,5451,-17,-0.011369310190817111,13.275,0.28749999999999964,True,False,,True,True,True,False,,0,False,,0,False,False,True,True
next_observation,BOJ_20161220,BoJ,2016-12-20,2016-12-21,2016-11-29,5451,-16,0.0038783064325917434,13.2,-0.07500000000000107,True,False,,True,True,True,False,,0,False,,0,False,False,True,True
next_observation,BOJ_20161220,BoJ,2016-12-20,2016-12-21,2016-11-30,5451,-15,0.01829574695991629,13.515,0.3150000000000013,True,False,,True,True,True,False,,0,False,,0,False,False,True,True
next_observation,BOJ_20161220,BoJ,2016-12-20,2016-12-21,2016-12-01,5451,-14,-0.0031064757759384546,13.23,-0.28500000000000014,True,False,,True,True,True,False,,0,False,,0,False,False,True,True
next_observation,BOJ_20161220,BoJ,2016-12-20,2016-12-21,2016-12-02,5451,-13,-0.005228368053435328,12.77,-0.46000000000000085,True,False,,True,True,True,False,,0,False,,0,False,False,True,True
next_observation,BOJ_20161220,BoJ,2016-12-20,2016-12-21,2016-12-05,5451,-12,0.0030788201660334816,12.39,-0.379999999999999,True,False,,True,True,True,False,,0,False,,0,False,False,True,True
next_observation,BOJ_20161220,BoJ,2016-12-20,2016-12-21,2016-12-06,5451,-11,0.0014481626228077002,12.02,-0.370000000000001,True,False,,True,True,True,False,,0,False,,0,False,False,True,True
next_observation,BOJ_20161220,BoJ,2016-12-20,2016-12-21,2016-12-07,5451,-10,-0.0021510577007300734,11.96,-0.05999999999999872,True,False,,True,True,True,False,,0,False,,0,False,False,True,True
next_observation,BOJ_20161220,BoJ,2016-12-20,2016-12-21,2016-12-08,5451,-9,0.0022826049154074917,11.68,-0.28000000000000114,True,False,,True,True,True,False,,0,False,,0,False,False,True,True
next_observation,BOJ_20161220,BoJ,2016-12-20,2016-12-21,2016-12-09,5451,-8,0.011162095398522729,12.205,0.5250000000000004,True,False,,True,True,True,False,,0,False,,0,False,False,True,True
next_observation,BOJ_20161220,BoJ,2016-12-20,2016-12-21,2016-12-12,5451,-7,-0.0025180181751036745,12.315,0.10999999999999943,True,False,,True,True,True,False,,0,False,,0,False,False,True,True
next_observation,BOJ_20161220,BoJ,2016-12-20,2016-12-21,2016-12-13,5451,-6,0.0014334428968826862,11.68,-0.6349999999999998,True,False,,True,True,True,False,,0,False,,0,False,False,True,True
next_observation,BOJ_20161220,BoJ,2016-12-20,2016-12-21,2016-12-14,5451,-5,0.015932817773453838,11.4575,-0.22250000000000014,True,False,,True,True,True,False,,0,False,,0,False,False,True,True
next_observation,BOJ_20161220,BoJ,2016-12-20,2016-12-21,2016-12-15,5451,-4,0.009693129205659751,12.245,0.7874999999999996,True,False,,True,True,True,False,,0,False,,0,False,False,True,True
next_observation,BOJ_20161220,BoJ,2016-12-20,2016-12-21,2016-12-16,5451,-3,-0.0020752606816898697,12.0825,-0.16249999999999964,True,False,,True,True,True,False,,0,False,,0,False,False,True,True
next_observation,BOJ_20161220,BoJ,2016-12-20,2016-12-21,2016-12-19,5451,-2,-0.007190755375205449,12.36,0.27749999999999986,True,False,,True,True,True,False,,0,False,,0,False,False,True,True
next_observation,BOJ_20161220,BoJ,2016-12-20,2016-12-21,2016-12-20,5451,-1,0.006512185435261123,11.555,-0.8049999999999997,True,False,,True,True,True,False,,0,False,,0,False,False,True,True
next_observation,BOJ_20161220,BoJ,2016-12-20,2016-12-21,2016-12-21,5451,0,-0.002591280309815997,11.235,-0.3200000000000003,True,False,,True,True,True,False,,0,False,,0,False,False,True,True
next_observation,BOJ_20161220,BoJ,2016-12-20,2016-12-21,2016-12-22,5451,1,-8.507380157417535e-05,10.8975,-0.3374999999999986,True,False,,True,True,True,False,,0,False,,0,False,False,True,True
next_observation,BOJ_20161220,BoJ,2016-12-20,2016-12-21,2016-12-23,5451,2,-0.0017456098099459228,11.2425,0.34499999999999886,True,False,,True,True,True,False,,0,False,,0,False,False,True,True
next_observation,BOJ_20161220,BoJ,2016-12-20,2016-12-21,2016-12-26,5451,3,-0.002004820770886811,11.64,0.39750000000000085,True,False,,True,True,True,False,,0,False,,0,False,False,True,True
next_observation,BOJ_20161220,BoJ,2016-12-20,2016-12-21,2016-12-27,5451,4,0.0028141407733183275,11.98,0.33999999999999986,True,False,,True,True,True,False,,0,False,,0,False,False,True,True
next_observation,BOJ_20161220,BoJ,2016-12-20,2016-12-21,2016-12-28,5451,5,-0.0014913610365864585,12.285,0.3049999999999997,True,False,,True,True,True,False,,0,False,,0,False,False,True,True
next_observation,BOJ_20161220,BoJ,2016-12-20,2016-12-21,2016-12-29,5451,6,-0.006116488625475339,13.115,0.8300000000000001,True,False,,True,True,True,False,,0,False,,0,False,False,True,True
next_observation,BOJ_20161220,BoJ,2016-12-20,2016-12-21,2016-12-30,5451,7,0.0036401830308024413,13.1175,0.0024999999999995026,True,False,,True,True,True,False,,0,False,,0,False,False,True,True
next_observation,BOJ_20161220,BoJ,2016-12-20,2016-12-21,2017-01-02,5451,8,0.004989030240348027,13.57,0.45250000000000057,True,False,,True,True,True,False,,0,False,,0,False,False,True,True
next_observation,BOJ_20161220,BoJ,2016-12-20,2016-12-21,2017-01-03,5451,9,0.0016999579104486008,13.3775,-0.19250000000000078,True,False,,True,True,True,False,,0,False,,0,False,False,True,True
next_observation,BOJ_20161220,BoJ,2016-12-20,2016-12-21,2017-01-04,5451,10,-0.00421268255612378,12.68,-0.6974999999999998,True,False,,True,True,True,False,,0,False,,0,False,False,True,True
next_observation,BOJ_20170131,BoJ,2017-01-31,2017-02-01,2017-01-04,5481,-20,-0.00421268255612378,12.68,-0.6974999999999998,True,False,,True,True,True,False,,0,False,,0,False,False,True,True
next_observation,BOJ_20170131,BoJ,2017-01-31,2017-02-01,2017-01-05,5481,-19,-0.01633672032283167,13.175,0.495000000000001,True,False,,True,True,True,False,,0,False,,0,False,False,True,True
next_observation,BOJ_20170131,BoJ,2017-01-31,2017-02-01,2017-01-06,5481,-18,0.014330530342518277,12.625,-0.5500000000000007,True,False,,True,True,True,False,,0,False,,0,False,False,True,True
next_observation,BOJ_20170131,BoJ,2017-01-31,2017-02-01,2017-01-09,5481,-17,-0.008539175232850532,13.04,0.41499999999999915,True,False,,True,True,True,False,,0,False,,0,False,False,True,True
next_observation,BOJ_20170131,BoJ,2017-01-31,2017-02-01,2017-01-10,5481,-16,-0.0022002209096024235,13.1275,0.08750000000000036,True,False,,True,True,True,False,,0,False,,0,False,False,True,True
next_observation,BOJ_20170131,BoJ,2017-01-31,2017-02-01,2017-01-11,5481,-15,-0.0031144587853237683,13.6,0.47250000000000014,True,False,,True,True,True,False,,0,False,,0,False,False,True,True
next_observation,BOJ_20170131,BoJ,2017-01-31,2017-02-01,2017-01-12,5481,-14,-0.006040213910188275,13.3225,-0.27749999999999986,True,False,,True,True,True,False,,0,False,,0,False,False,True,True
next_observation,BOJ_20170131,BoJ,2017-01-31,2017-02-01,2017-01-13,5481,-13,-0.001963308586404052,12.81,-0.5124999999999993,True,False,,True,True,True,False,,0,False,,0,False,False,True,True
next_observation,BOJ_20170131,BoJ,2017-01-31,2017-02-01,2017-01-16,5481,-12,-0.002579969509435489,13.125,0.3149999999999995,True,False,,True,True,True,False,,0,False,,0,False,False,True,True
next_observation,BOJ_20170131,BoJ,2017-01-31,2017-02-01,2017-01-17,5481,-11,-0.013888193599813038,13.1575,0.03250000000000064,True,False,,True,True,True,False,,0,False,,0,False,False,True,True
next_observation,BOJ_20170131,BoJ,2017-01-31,2017-02-01,2017-01-18,5481,-10,0.017821077536484656,12.785,-0.3725000000000005,True,False,,True,True,True,False,,0,False,,0,False,False,True,True
next_observation,BOJ_20170131,BoJ,2017-01-31,2017-02-01,2017-01-19,5481,-9,0.0019171283811769489,12.92,0.1349999999999998,True,False,,True,True,True,False,,0,False,,0,False,False,True,True
next_observation,BOJ_20170131,BoJ,2017-01-31,2017-02-01,2017-01-20,5481,-8,-0.0020915951675052505,12.245,-0.6750000000000007,True,False,,True,True,True,False,,0,False,,0,False,False,True,True
next_observation,BOJ_20170131,BoJ,2017-01-31,2017-02-01,2017-01-23,5481,-7,-0.0168477823226416,12.47,0.22500000000000142,True,False,,True,True,True,False,,0,False,,0,False,False,True,True
next_observation,BOJ_20170131,BoJ,2017-01-31,2017-02-01,2017-01-24,5481,-6,0.009492554557194676,12.305,-0.16500000000000092,True,False,,True,True,True,False,,0,False,,0,False,False,True,True
next_observation,BOJ_20170131,BoJ,2017-01-31,2017-02-01,2017-01-25,5481,-5,-0.004403935421764541,11.925,-0.379999999999999,True,False,,True,True,True,False,,0,False,,0,False,False,True,True
next_observation,BOJ_20170131,BoJ,2017-01-31,2017-02-01,2017-01-26,5481,-4,0.010930030020207421,11.9375,0.01249999999999929,True,False,,True,True,True,False,,0,False,,0,False,False,True,True
next_observation,BOJ_20170131,BoJ,2017-01-31,2017-02-01,2017-01-27,5481,-3,0.005007957861234772,12.025,0.08750000000000036,True,False,,True,True,True,False,,0,False,,0,False,False,True,True
next_observation,BOJ_20170131,BoJ,2017-01-31,2017-02-01,2017-01-30,5481,-2,-0.011621941368154066,12.125,0.09999999999999964,True,False,,True,True,True,False,,0,False,,0,False,False,True,True
next_observation,BOJ_20170131,BoJ,2017-01-31,2017-02-01,2017-01-31,5481,-1,-0.008606474838747035,12.3525,0.22749999999999915,True,False,,True,True,True,False,,0,False,,0,False,False,True,True
next_observation,BOJ_20170131,BoJ,2017-01-31,2017-02-01,2017-02-01,5481,0,0.003937274214164781,12.11,-0.24249999999999972,True,False,,True,True,True,False,,0,False,,0,False,False,True,True
next_observation,BOJ_20170131,BoJ,2017-01-31,2017-02-01,2017-02-02,5481,1,-0.003937274214164692,12.2325,0.1225000000000005,True,False,,True,True,True,False,,0,False,,0,False,False,True,True
next_observation,BOJ_20170131,BoJ,2017-01-31,2017-02-01,2017-02-03,5481,2,-0.0016858173550243938,11.7975,-0.4350000000000005,True,False,,True,True,True,False,,0,False,,0,False,False,True,True
next_observation,BOJ_20170131,BoJ,2017-01-31,2017-02-01,2017-02-06,5481,3,-0.007755777677931423,11.47,-0.3274999999999988,True,False,,True,True,True,False,,0,False,,0,False,False,True,True
next_observation,BOJ_20170131,BoJ,2017-01-31,2017-02-01,2017-02-07,5481,4,0.005800221499172991,11.6025,0.1324999999999985,True,False,,True,True,True,False,,0,False,,0,False,False,True,True
next_observation,BOJ_20170131,BoJ,2017-01-31,2017-02-01,2017-02-08,5481,5,-0.004056619850330834,11.46,-0.1424999999999983,True,False,,True,True,True,False,,0,False,,0,False,False,True,True
next_observation,BOJ_20170131,BoJ,2017-01-31,2017-02-01,2017-02-09,5481,6,0.011723567819086313,11.66,0.1999999999999993,True,False,,True,True,True,False,,0,False,,0,False,False,True,True
next_observation,BOJ_20170131,BoJ,2017-01-31,2017-02-01,2017-02-10,5481,7,-0.0003532476744464307,11.66,0.0,True,False,,True,True,True,False,,0,False,,0,False,False,True,True
next_observation,BOJ_20170131,BoJ,2017-01-31,2017-02-01,2017-02-13,5481,8,0.004582515179340301,11.23,-0.4299999999999997,True,False,,True,True,True,False,,0,False,,0,False,False,True,True
next_observation,BOJ_20170131,BoJ,2017-01-31,2017-02-01,2017-02-14,5481,9,0.004605372292491247,10.715,-0.5150000000000006,True,False,,True,True,True,False,,0,False,,0,False,False,True,True
next_observation,BOJ_20170131,BoJ,2017-01-31,2017-02-01,2017-02-15,5481,10,-0.000875580127735474,10.18,-0.5350000000000001,True,False,,True,True,True,False,,0,False,,0,False,False,True,True
next_observation,BOJ_20170316,BoJ,2017-03-16,2017-03-17,2017-02-17,5513,-20,-0.003494419125902314,11.155,0.17499999999999893,True,False,,True,True,True,False,,0,False,,0,False,False,True,True
next_observation,BOJ_20170316,BoJ,2017-03-16,2017-03-17,2017-02-20,5513,-19,0.0023014969882791674,11.16,0.005000000000000782,True,False,,True,True,True,False,,0,False,,0,False,False,True,True
next_observation,BOJ_20170316,BoJ,2017-03-16,2017-03-17,2017-02-21,5513,-18,0.005071116588999606,11.06,-0.09999999999999964,True,False,,True,True,True,False,,0,False,,0,False,False,True,True
next_observation,BOJ_20170316,BoJ,2017-03-16,2017-03-17,2017-02-22,5513,-17,-0.003216074318599058,11.115,0.054999999999999716,True,False,,True,True,True,False,,0,False,,0,False,False,True,True
next_observation,BOJ_20170316,BoJ,2017-03-16,2017-03-17,2017-02-23,5513,-16,-0.006196903683541035,10.97,-0.14499999999999957,True,False,,True,True,True,False,,0,False,,0,False,False,True,True
next_observation,BOJ_20170316,BoJ,2017-03-16,2017-03-17,2017-02-24,5513,-15,-0.004360795412346611,10.36,-0.6100000000000012,True,False,,True,True,True,False,,0,False,,0,False,False,True,True
next_observation,BOJ_20170316,BoJ,2017-03-16,2017-03-17,2017-02-27,5513,-14,0.005204059337336194,10.305,-0.054999999999999716,True,False,,True,True,True,False,,0,False,,0,False,False,True,True
next_observation,BOJ_20170316,BoJ,2017-03-16,2017-03-17,2017-02-28,5513,-13,0.0005765606102726175,10.325,0.019999999999999574,True,False,,True,True,True,False,,0,False,,0,False,False,True,True
next_observation,BOJ_20170316,BoJ,2017-03-16,2017-03-17,2017-03-01,5513,-12,0.008476871952156774,10.9,0.5750000000000011,True,False,,True,True,True,False,,0,False,,0,False,False,True,True
next_observation,BOJ_20170316,BoJ,2017-03-16,2017-03-17,2017-03-02,5513,-11,0.0060049710351341235,10.605,-0.29499999999999993,True,False,,True,True,True,False,,0,False,,0,False,False,True,True
next_observation,BOJ_20170316,BoJ,2017-03-16,2017-03-17,2017-03-03,5513,-10,-0.0032829251870161165,10.0925,-0.5125000000000011,True,False,,True,True,True,False,,0,False,,0,False,False,True,True
next_observation,BOJ_20170316,BoJ,2017-03-16,2017-03-17,2017-03-06,5513,-9,-0.0013161937582113978,9.505,-0.5874999999999986,True,False,,True,True,True,False,,0,False,,0,False,False,True,True
next_observation,BOJ_20170316,BoJ,2017-03-16,2017-03-17,2017-03-07,5513,-8,0.0007899241205937308,9.295,-0.21000000000000085,True,False,,True,True,True,False,,0,False,,0,False,False,True,True
next_observation,BOJ_20170316,BoJ,2017-03-16,2017-03-17,2017-03-08,5513,-7,0.003240926061936602,9.5925,0.29749999999999943,True,False,,True,True,True,False,,0,False,,0,False,False,True,True
next_observation,BOJ_20170316,BoJ,2017-03-16,2017-03-17,2017-03-09,5513,-6,0.005233330740400431,9.67,0.07750000000000057,True,False,,True,True,True,False,,0,False,,0,False,False,True,True
next_observation,BOJ_20170316,BoJ,2017-03-16,2017-03-17,2017-03-10,5513,-5,-0.0013928791317851076,9.445,-0.22499999999999964,True,False,,True,True,True,False,,0,False,,0,False,False,True,True
next_observation,BOJ_20170316,BoJ,2017-03-16,2017-03-17,2017-03-13,5513,-4,0.0007837332225086419,9.275,-0.16999999999999993,True,False,,True,True,True,False,,0,False,,0,False,False,True,True
next_observation,BOJ_20170316,BoJ,2017-03-16,2017-03-17,2017-03-14,5513,-3,-0.0011322563592594717,9.27,-0.005000000000000782,True,False,,True,True,True,False,,0,False,,0,False,False,True,True
next_observation,BOJ_20170316,BoJ,2017-03-16,2017-03-17,2017-03-15,5513,-2,-0.012054940505353856,8.7775,-0.4924999999999997,True,False,,True,True,True,False,,0,False,,0,False,False,True,True
next_observation,BOJ_20170316,BoJ,2017-03-16,2017-03-17,2017-03-16,5513,-1,-0.0005293572844068821,7.725,-1.0525000000000002,True,False,,True,True,True,False,,0,False,,0,False,False,True,True
next_observation,BOJ_20170316,BoJ,2017-03-16,2017-03-17,2017-03-17,5513,0,-0.0054421301051632625,8.055,0.33000000000000007,True,False,,True,True,True,False,,0,False,,0,False,False,True,True
next_observation,BOJ_20170316,BoJ,2017-03-16,2017-03-17,2017-03-20,5513,1,-0.0013318536929892199,8.005,-0.049999999999998934,True,False,,True,True,True,False,,0,False,,0,False,False,True,True
next_observation,BOJ_20170316,BoJ,2017-03-16,2017-03-17,2017-03-21,5513,2,-0.007446582021291583,8.6125,0.6074999999999999,True,False,,True,True,True,False,,0,False,,0,False,False,True,True
next_observation,BOJ_20170316,BoJ,2017-03-16,2017-03-17,2017-03-22,5513,3,-0.004935401260017882,9.185,0.5724999999999998,True,False,,True,True,True,False,,0,False,,0,False,False,True,True
next_observation,BOJ_20170316,BoJ,2017-03-16,2017-03-17,2017-03-23,5513,4,-0.0020711398668861133,9.9175,0.7324999999999999,True,False,,True,True,True,False,,0,False,,0,False,False,True,True
next_observation,BOJ_20170316,BoJ,2017-03-16,2017-03-17,2017-03-24,5513,5,0.003644138550816076,9.635,-0.28250000000000064,True,False,,True,True,True,False,,0,False,,0,False,False,True,True
next_observation,BOJ_20170316,BoJ,2017-03-16,2017-03-17,2017-03-27,5513,6,-0.006080962861353373,9.8025,0.16750000000000043,True,False,,True,True,True,False,,0,False,,0,False,False,True,True
next_observation,BOJ_20170316,BoJ,2017-03-16,2017-03-17,2017-03-28,5513,7,0.004373020516197175,9.44,-0.3625000000000007,True,False,,True,True,True,False,,0,False,,0,False,False,True,True
next_observation,BOJ_20170316,BoJ,2017-03-16,2017-03-17,2017-03-29,5513,8,-0.0009901436517113567,9.1175,-0.3224999999999998,True,False,,True,True,True,False,,0,False,,0,False,False,True,True
next_observation,BOJ_20170316,BoJ,2017-03-16,2017-03-17,2017-03-30,5513,9,0.007893833598731557,8.9375,-0.17999999999999972,True,False,,True,True,True,False,,0,False,,0,False,False,True,True
next_observation,BOJ_20170316,BoJ,2017-03-16,2017-03-17,2017-03-31,5513,10,-0.004701887174738772,9.1075,0.16999999999999993,True,False,,True,True,True,False,,0,False,,0,False,False,True,True
next_observation,BOJ_20170427,BoJ,2017-04-27,2017-04-28,2017-03-31,5543,-20,-0.004701887174738772,9.1075,0.16999999999999993,True,False,,True,True,True,False,,0,False,,0,False,False,True,True
next_observation,BOJ_20170427,BoJ,2017-04-27,2017-04-28,2017-04-03,5543,-19,-0.0044986355053139,9.0,-0.10749999999999993,True,False,,True,True,True,False,,0,False,,0,False,False,True,True
next_observation,BOJ_20170427,BoJ,2017-04-27,2017-04-28,2017-04-04,5543,-18,-0.0013535464979345184,9.1925,0.19250000000000078,True,False,,True,True,True,False,,0,False,,0,False,False,True,True
next_observation,BOJ_20170427,BoJ,2017-04-27,2017-04-28,2017-04-05,5543,-17,-0.00036125536631311737,9.1025,-0.09000000000000163,True,False,,True,True,True,False,,0,False,,0,False,False,True,True
next_observation,BOJ_20170427,BoJ,2017-04-27,2017-04-28,2017-04-06,5543,-16,0.0009028938358854866,10.885,1.7825000000000006,True,False,,True,True,True,False,,0,False,,0,False,False,True,True
next_observation,BOJ_20170427,BoJ,2017-04-27,2017-04-28,2017-04-07,5543,-15,0.002613791483590525,10.96,0.07500000000000107,True,False,,True,True,True,False,,0,False,,0,False,False,True,True
next_observation,BOJ_20170427,BoJ,2017-04-27,2017-04-28,2017-04-10,5543,-14,-0.00139617650531284,11.1375,0.17749999999999844,True,False,,True,True,True,False,,0,False,,0,False,False,True,True
next_observation,BOJ_20170427,BoJ,2017-04-27,2017-04-28,2017-04-11,5543,-13,-0.012015288163959966,11.625,0.4875000000000007,True,False,,True,True,True,False,,0,False,,0,False,False,True,True
next_observation,BOJ_20170427,BoJ,2017-04-27,2017-04-28,2017-04-12,5543,-12,-0.005351152744838093,12.29,0.6649999999999991,True,False,,True,True,True,False,,0,False,,0,False,False,True,True
next_observation,BOJ_20170427,BoJ,2017-04-27,2017-04-28,2017-04-13,5543,-11,0.0005959885563232548,11.76,-0.5299999999999994,True,False,,True,True,True,False,,0,False,,0,False,False,True,True
next_observation,BOJ_20170427,BoJ,2017-04-27,2017-04-28,2017-04-14,5543,-10,-0.004179398464227737,11.87,0.10999999999999943,True,False,,True,True,True,False,,0,False,,0,False,False,True,True
next_observation,BOJ_20170427,BoJ,2017-04-27,2017-04-28,2017-04-17,5543,-9,0.0024821892772090644,12.515,0.6450000000000014,True,False,,True,True,True,False,,0,False,,0,False,False,True,True
next_observation,BOJ_20170427,BoJ,2017-04-27,2017-04-28,2017-04-18,5543,-8,-0.004463163366165029,11.6775,-0.8375000000000004,True,False,,True,True,True,False,,0,False,,0,False,False,True,True
next_observation,BOJ_20170427,BoJ,2017-04-27,2017-04-28,2017-04-19,5543,-7,0.004003963284623899,10.995,-0.682500000000001,True,False,,True,True,True,False,,0,False,,0,False,False,True,True
next_observation,BOJ_20170427,BoJ,2017-04-27,2017-04-28,2017-04-20,5543,-6,0.004216708053813324,10.505,-0.48999999999999844,True,False,,True,True,True,False,,0,False,,0,False,False,True,True
next_observation,BOJ_20170427,BoJ,2017-04-27,2017-04-28,2017-04-21,5543,-5,-0.00210613145020181,10.82,0.3149999999999995,True,False,,True,True,True,False,,0,False,,0,False,False,True,True
next_observation,BOJ_20170427,BoJ,2017-04-27,2017-04-28,2017-04-24,5543,-4,0.006168487266220765,8.765,-2.0549999999999997,True,False,,True,True,True,False,,0,False,,0,False,False,True,True
next_observation,BOJ_20170427,BoJ,2017-04-27,2017-04-28,2017-04-25,5543,-3,0.011953957153204882,9.305,0.5399999999999991,True,False,,True,True,True,False,,0,False,,0,False,False,True,True
next_observation,BOJ_20170427,BoJ,2017-04-27,2017-04-28,2017-04-26,5543,-2,-0.0002250782156298429,9.25,-0.054999999999999716,True,False,,True,True,True,False,,0,False,,0,False,False,True,True
next_observation,BOJ_20170427,BoJ,2017-04-27,2017-04-28,2017-04-27,5543,-1,0.0017992088336858394,8.7825,-0.46749999999999936,True,False,,True,True,True,False,,0,False,,0,False,False,True,True
next_observation,BOJ_20170427,BoJ,2017-04-27,2017-04-28,2017-04-28,5543,0,0.0020650961323331394,8.395,-0.38750000000000107,True,False,,True,True,True,False,,0,False,,0,False,False,True,True
next_observation,BOJ_20170427,BoJ,2017-04-27,2017-04-28,2017-05-01,5543,1,0.003134377706019869,8.485,0.08999999999999986,True,False,,True,True,True,False,,0,False,,0,False,False,True,True
next_observation,BOJ_20170427,BoJ,2017-04-27,2017-04-28,2017-05-02,5543,2,0.0013403031091020793,8.6125,0.12750000000000128,True,False,,True,True,True,False,,0,False,,0,False,False,True,True
next_observation,BOJ_20170427,BoJ,2017-04-27,2017-04-28,2017-05-03,5543,3,0.006763396788185401,8.4475,-0.16500000000000092,True,False,,True,True,True,False,,0,False,,0,False,False,True,True
next_observation,BOJ_20170427,BoJ,2017-04-27,2017-04-28,2017-05-04,5543,4,-0.0025753755187319645,8.3625,-0.08499999999999908,True,False,,True,True,True,False,,0,False,,0,False,False,True,True
next_observation,BOJ_20170427,BoJ,2017-04-27,2017-04-28,2017-05-05,5543,5,0.002220545389931617,8.3325,-0.030000000000001137,True,False,,True,True,True,False,,0,False,,0,False,False,True,True
next_observation,BOJ_20170427,BoJ,2017-04-27,2017-04-28,2017-05-08,5543,6,0.004823765244943937,7.66,-0.6724999999999994,True,False,,True,True,True,False,,0,False,,0,False,False,True,True
next_observation,BOJ_20170427,BoJ,2017-04-27,2017-04-28,2017-05-09,5543,7,0.006337212600573769,8.4175,0.7575000000000003,True,False,,True,True,True,False,,0,False,,0,False,False,True,True
next_observation,BOJ_20170427,BoJ,2017-04-27,2017-04-28,2017-05-10,5543,8,0.0026724512630673064,8.24,-0.1775000000000002,True,False,,True,True,True,False,,0,False,,0,False,False,True,True
next_observation,BOJ_20170427,BoJ,2017-04-27,2017-04-28,2017-05-11,5543,9,-0.0036380412257310465,8.08,-0.16000000000000014,True,False,,True,True,True,False,,0,False,,0,False,False,True,True
next_observation,BOJ_20170427,BoJ,2017-04-27,2017-04-28,2017-05-12,5543,10,-0.0043126277015406505,7.8975,-0.1825000000000001,True,False,,True,True,True,False,,0,False,,0,False,False,True,True
next_observation,BOJ_20170616,BoJ,2017-06-16,2017-06-19,2017-05-22,5579,-20,0.00035945363435194676,8.8275,-0.4375,True,False,,True,True,True,False,,0,False,,0,False,False,True,True
next_observation,BOJ_20170616,BoJ,2017-06-16,2017-06-19,2017-05-23,5579,-19,0.004303395560052752,8.9025,0.07499999999999929,True,False,,True,True,True,False,,0,False,,0,False,False,True,True
next_observation,BOJ_20170616,BoJ,2017-06-16,2017-06-19,2017-05-24,5579,-18,-0.0025977530620719144,8.765,-0.1374999999999993,True,False,,True,True,True,False,,0,False,,0,False,False,True,True
next_observation,BOJ_20170616,BoJ,2017-06-16,2017-06-19,2017-05-25,5579,-17,0.003089669982753241,8.2225,-0.5425000000000004,True,False,,True,True,True,False,,0,False,,0,False,False,True,True
next_observation,BOJ_20170616,BoJ,2017-06-16,2017-06-19,2017-05-26,5579,-16,-0.004525807021617394,8.515,0.2925000000000004,True,False,,True,True,True,False,,0,False,,0,False,False,True,True
next_observation,BOJ_20170616,BoJ,2017-06-16,2017-06-19,2017-05-29,5579,-15,-0.0005840203225367341,8.4125,-0.10250000000000092,True,False,,True,True,True,False,,0,False,,0,False,False,True,True
next_observation,BOJ_20170616,BoJ,2017-06-16,2017-06-19,2017-05-30,5579,-14,-0.0037819143721629566,8.665,0.2524999999999995,True,False,,True,True,True,False,,0,False,,0,False,False,True,True
next_observation,BOJ_20170616,BoJ,2017-06-16,2017-06-19,2017-05-31,5579,-13,-0.0006317119603631589,8.5425,-0.12249999999999872,True,False,,True,True,True,False,,0,False,,0,False,False,True,True
next_observation,BOJ_20170616,BoJ,2017-06-16,2017-06-19,2017-06-01,5579,-12,0.00531197791789466,8.2375,-0.3049999999999997,True,False,,True,True,True,False,,0,False,,0,False,False,True,True
next_observation,BOJ_20170616,BoJ,2017-06-16,2017-06-19,2017-06-02,5579,-11,-0.008702961160452844,8.2475,0.009999999999999787,True,False,,True,True,True,False,,0,False,,0,False,False,True,True
next_observation,BOJ_20170616,BoJ,2017-06-16,2017-06-19,2017-06-05,5579,-10,0.0004980643511532512,8.215,-0.03250000000000064,True,False,,True,True,True,False,,0,False,,0,False,False,True,True
next_observation,BOJ_20170616,BoJ,2017-06-16,2017-06-19,2017-06-06,5579,-9,-0.009505904705449679,8.7825,0.5675000000000008,True,False,,True,True,True,False,,0,False,,0,False,False,True,True
next_observation,BOJ_20170616,BoJ,2017-06-16,2017-06-19,2017-06-07,5579,-8,0.0037403683620280243,8.605,-0.1775000000000002,True,False,,True,True,True,False,,0,False,,0,False,False,True,True
next_observation,BOJ_20170616,BoJ,2017-06-16,2017-06-19,2017-06-08,5579,-7,0.0017740582813776742,8.1425,-0.46250000000000036,True,False,,True,True,True,False,,0,False,,0,False,False,True,True
next_observation,BOJ_20170616,BoJ,2017-06-16,2017-06-19,2017-06-09,5579,-6,0.0027685133529420777,7.715,-0.4275000000000002,True,False,,True,True,True,False,,0,False,,0,False,False,True,True
next_observation,BOJ_20170616,BoJ,2017-06-16,2017-06-19,2017-06-12,5579,-5,-0.0034049927343124792,8.035,0.3200000000000003,True,False,,True,True,True,False,,0,False,,0,False,False,True,True
next_observation,BOJ_20170616,BoJ,2017-06-16,2017-06-19,2017-06-13,5579,-4,0.00113628628456643,7.735,-0.2999999999999998,True,False,,True,True,True,False,,0,False,,0,False,False,True,True
next_observation,BOJ_20170616,BoJ,2017-06-16,2017-06-19,2017-06-14,5579,-3,-0.004507280730427586,7.81,0.07499999999999929,True,False,,True,True,True,False,,0,False,,0,False,False,True,True
next_observation,BOJ_20170616,BoJ,2017-06-16,2017-06-19,2017-06-15,5579,-2,0.012335197899672955,7.895,0.08499999999999996,True,False,,True,True,True,False,,0,False,,0,False,False,True,True
next_observation,BOJ_20170616,BoJ,2017-06-16,2017-06-19,2017-06-16,5579,-1,-0.0004959087629525672,7.785,-0.10999999999999943,True,False,,True,True,True,False,,0,False,,0,False,False,True,True
next_observation,BOJ_20170616,BoJ,2017-06-16,2017-06-19,2017-06-19,5579,0,0.00580024557273543,7.575,-0.20999999999999996,True,False,,True,True,True,False,,0,False,,0,False,False,True,True
next_observation,BOJ_20170616,BoJ,2017-06-16,2017-06-19,2017-06-20,5579,1,-0.0006727211824506214,7.84,0.2649999999999997,True,False,,True,True,True,False,,0,False,,0,False,False,True,True
next_observation,BOJ_20170616,BoJ,2017-06-16,2017-06-19,2017-06-21,5579,2,-0.0005833913150406137,8.085,0.245000000000001,True,False,,True,True,True,False,,0,False,,0,False,False,True,True
next_observation,BOJ_20170616,BoJ,2017-06-16,2017-06-19,2017-06-22,5579,3,-0.0004939047762214172,7.72,-0.3650000000000011,True,False,,True,True,True,False,,0,False,,0,False,False,True,True
next_observation,BOJ_20170616,BoJ,2017-06-16,2017-06-19,2017-06-23,5579,4,-0.0004042854310170152,7.25,-0.46999999999999975,True,False,,True,True,True,False,,0,False,,0,False,False,True,True
next_observation,BOJ_20170616,BoJ,2017-06-16,2017-06-19,2017-06-26,5579,5,0.005108911354268937,7.19,-0.05999999999999961,True,False,,True,True,True,False,,0,False,,0,False,False,True,True
next_observation,BOJ_20170616,BoJ,2017-06-16,2017-06-19,2017-06-27,5579,6,0.004371104194326091,7.69,0.5,True,False,,True,True,True,False,,0,False,,0,False,False,True,True
next_observation,BOJ_20170616,BoJ,2017-06-16,2017-06-19,2017-06-28,5579,7,-0.0004006321137964296,7.665,-0.025000000000000355,True,False,,True,True,True,False,,0,False,,0,False,False,True,True
next_observation,BOJ_20170616,BoJ,2017-06-16,2017-06-19,2017-06-29,5579,8,-0.0010691376642065255,8.27,0.6049999999999995,True,False,,True,True,True,False,,0,False,,0,False,False,True,True
next_observation,BOJ_20170616,BoJ,2017-06-16,2017-06-19,2017-06-30,5579,9,0.0018702414499848887,8.125,-0.14499999999999957,True,False,,True,True,True,False,,0,False,,0,False,False,True,True
next_observation,BOJ_20170616,BoJ,2017-06-16,2017-06-19,2017-07-03,5579,10,0.00877004336598186,8.27,0.14499999999999957,True,False,,True,True,True,False,,0,False,,0,False,False,True,True
next_observation,BOJ_20170720,BoJ,2017-07-20,2017-07-21,2017-06-23,5603,-20,-0.0004042854310170152,7.25,-0.46999999999999975,True,False,,True,True,True,False,,0,False,,0,False,False,True,True
next_observation,BOJ_20170720,BoJ,2017-07-20,2017-07-21,2017-06-26,5603,-19,0.005108911354268937,7.19,-0.05999999999999961,True,False,,True,True,True,False,,0,False,,0,False,False,True,True
next_observation,BOJ_20170720,BoJ,2017-07-20,2017-07-21,2017-06-27,5603,-18,0.004371104194326091,7.69,0.5,True,False,,True,True,True,False,,0,False,,0,False,False,True,True
next_observation,BOJ_20170720,BoJ,2017-07-20,2017-07-21,2017-06-28,5603,-17,-0.0004006321137964296,7.665,-0.025000000000000355,True,False,,True,True,True,False,,0,False,,0,False,False,True,True
next_observation,BOJ_20170720,BoJ,2017-07-20,2017-07-21,2017-06-29,5603,-16,-0.0010691376642065255,8.27,0.6049999999999995,True,False,,True,True,True,False,,0,False,,0,False,False,True,True
next_observation,BOJ_20170720,BoJ,2017-07-20,2017-07-21,2017-06-30,5603,-15,0.0018702414499848887,8.125,-0.14499999999999957,True,False,,True,True,True,False,,0,False,,0,False,False,True,True
next_observation,BOJ_20170720,BoJ,2017-07-20,2017-07-21,2017-07-03,5603,-14,0.00877004336598186,8.27,0.14499999999999957,True,False,,True,True,True,False,,0,False,,0,False,False,True,True
next_observation,BOJ_20170720,BoJ,2017-07-20,2017-07-21,2017-07-04,5603,-13,-0.0008823789507479498,8.24,-0.02999999999999936,True,False,,True,True,True,False,,0,False,,0,False,False,True,True
next_observation,BOJ_20170720,BoJ,2017-07-20,2017-07-21,2017-07-05,5603,-12,-0.0001324240219110076,8.5275,0.28749999999999964,True,False,,True,True,True,False,,0,False,,0,False,False,True,True
next_observation,BOJ_20170720,BoJ,2017-07-20,2017-07-21,2017-07-06,5603,-11,-0.0003973773149847619,8.34,-0.1875,True,False,,True,True,True,False,,0,False,,0,False,False,True,True
next_observation,BOJ_20170720,BoJ,2017-07-20,2017-07-21,2017-07-07,5603,-10,0.0061636190551518375,8.2675,-0.07249999999999979,True,False,,True,True,True,False,,0,False,,0,False,False,True,True
next_observation,BOJ_20170720,BoJ,2017-07-20,2017-07-21,2017-07-10,5603,-9,0.0010528163808055475,7.9875,-0.28000000000000025,True,False,,True,True,True,False,,0,False,,0,False,False,True,True
next_observation,BOJ_20170720,BoJ,2017-07-20,2017-07-21,2017-07-11,5603,-8,-0.0008772699922216588,8.05,0.06250000000000089,True,False,,True,True,True,False,,0,False,,0,False,False,True,True
next_observation,BOJ_20170720,BoJ,2017-07-20,2017-07-21,2017-07-12,5603,-7,-0.006825063370560281,8.03,-0.02000000000000135,True,False,,True,True,True,False,,0,False,,0,False,False,True,True
next_observation,BOJ_20170720,BoJ,2017-07-20,2017-07-21,2017-07-13,5603,-6,0.0010156992637204278,7.735,-0.29499999999999904,True,False,,True,True,True,False,,0,False,,0,False,False,True,True
next_observation,BOJ_20170720,BoJ,2017-07-20,2017-07-21,2017-07-14,5603,-5,-0.006598345574850322,7.66,-0.07500000000000018,True,False,,True,True,True,False,,0,False,,0,False,False,True,True
next_observation,BOJ_20170720,BoJ,2017-07-20,2017-07-21,2017-07-17,5603,-4,0.0007994315579426606,7.705,0.04499999999999993,True,False,,True,True,True,False,,0,False,,0,False,False,True,True
next_observation,BOJ_20170720,BoJ,2017-07-20,2017-07-21,2017-07-18,5603,-3,-0.0049400398645653935,8.155,0.4499999999999993,True,False,,True,True,True,False,,0,False,,0,False,False,True,True
next_observation,BOJ_20170720,BoJ,2017-07-20,2017-07-21,2017-07-19,5603,-2,-0.0008926977918309334,8.0375,-0.11749999999999972,True,False,,True,True,True,False,,0,False,,0,False,False,True,True
next_observation,BOJ_20170720,BoJ,2017-07-20,2017-07-21,2017-07-20,5603,-1,-0.0005360014421698646,7.82,-0.21749999999999936,True,False,,True,True,True,False,,0,False,,0,False,False,True,True
next_observation,BOJ_20170720,BoJ,2017-07-20,2017-07-21,2017-07-21,5603,0,-0.006949298293205917,7.9475,0.1274999999999995,True,False,,True,True,True,False,,0,False,,0,False,False,True,True
next_observation,BOJ_20170720,BoJ,2017-07-20,2017-07-21,2017-07-24,5603,1,-0.0003599874043284627,8.27,0.3224999999999998,True,False,,True,True,True,False,,0,False,,0,False,False,True,True
next_observation,BOJ_20170720,BoJ,2017-07-20,2017-07-21,2017-07-25,5603,2,0.007130554687228559,8.215,-0.054999999999999716,True,False,,True,True,True,False,,0,False,,0,False,False,True,True
next_observation,BOJ_20170720,BoJ,2017-07-20,2017-07-21,2017-07-26,5603,3,-0.006410709422869653,8.005,-0.20999999999999908,True,False,,True,True,True,False,,0,False,,0,False,False,True,True
next_observation,BOJ_20170720,BoJ,2017-07-20,2017-07-21,2017-07-27,5603,4,0.0007642682503868424,8.295,0.28999999999999915,True,False,,True,True,True,False,,0,False,,0,False,False,True,True
next_observation,BOJ_20170720,BoJ,2017-07-20,2017-07-21,2017-07-28,5603,5,-0.0052266497284218895,8.475,0.17999999999999972,True,False,,True,True,True,False,,0,False,,0,False,False,True,True
next_observation,BOJ_20170720,BoJ,2017-07-20,2017-07-21,2017-07-31,5603,6,-0.003847290146193954,8.905,0.4299999999999997,True,False,,True,True,True,False,,0,False,,0,False,False,True,True
next_observation,BOJ_20170720,BoJ,2017-07-20,2017-07-21,2017-08-01,5603,7,0.000997189820644002,8.85,-0.054999999999999716,True,False,,True,True,True,False,,0,False,,0,False,False,True,True
next_observation,BOJ_20170720,BoJ,2017-07-20,2017-07-21,2017-08-02,5603,8,0.0032114372761842054,8.865,0.015000000000000568,True,False,,True,True,True,False,,0,False,,0,False,False,True,True
next_observation,BOJ_20170720,BoJ,2017-07-20,2017-07-21,2017-08-03,5603,9,-0.006069683896888681,8.7,-0.16500000000000092,True,False,,True,True,True,False,,0,False,,0,False,False,True,True
next_observation,BOJ_20170720,BoJ,2017-07-20,2017-07-21,2017-08-04,5603,10,0.005798693425061828,8.31,-0.3899999999999988,True,False,,True,True,True,False,,0,False,,0,False,False,True,True
next_observation,BOJ_20170921,BoJ,2017-09-21,2017-09-22,2017-08-25,5648,-20,-0.0018271519791832713,8.0,-0.46000000000000085,True,False,,True,True,True,False,,0,False,,0,False,False,True,True
next_observation,BOJ_20170921,BoJ,2017-09-21,2017-09-22,2017-08-28,5648,-19,-0.0009605928968641063,7.925,-0.07500000000000018,True,False,,True,True,True,False,,0,False,,0,False,False,True,True
next_observation,BOJ_20170921,BoJ,2017-09-21,2017-09-22,2017-08-29,5648,-18,0.004201494969002747,8.63,0.705000000000001,True,False,,True,True,True,False,,0,False,,0,False,False,True,True
next_observation,BOJ_20170921,BoJ,2017-09-21,2017-09-22,2017-08-30,5648,-17,0.004819067336790459,8.595,-0.03500000000000014,True,False,,True,True,True,False,,0,False,,0,False,False,True,True
next_observation,BOJ_20170921,BoJ,2017-09-21,2017-09-22,2017-08-31,5648,-16,-0.0024520945898398806,8.6775,0.08249999999999957,True,False,,True,True,True,False,,0,False,,0,False,False,True,True
next_observation,BOJ_20170921,BoJ,2017-09-21,2017-09-22,2017-09-01,5648,-15,0.0024974470921719297,8.24,-0.4375,True,False,,True,True,True,False,,0,False,,0,False,False,True,True
next_observation,BOJ_20170921,BoJ,2017-09-21,2017-09-22,2017-09-04,5648,-14,-0.0048188482575529,9.075,0.8349999999999991,True,False,,True,True,True,False,,0,False,,0,False,False,True,True
next_observation,BOJ_20170921,BoJ,2017-09-21,2017-09-22,2017-09-05,5648,-13,-0.008328424106481741,9.7475,0.6725000000000012,True,False,,True,True,True,False,,0,False,,0,False,False,True,True
next_observation,BOJ_20170921,BoJ,2017-09-21,2017-09-22,2017-09-06,5648,-12,0.003760954761086948,9.1925,-0.5549999999999997,True,False,,True,True,True,False,,0,False,,0,False,False,True,True
next_observation,BOJ_20170921,BoJ,2017-09-21,2017-09-22,2017-09-07,5648,-11,-0.007028856318408069,9.445,0.2524999999999995,True,False,,True,True,True,False,,0,False,,0,False,False,True,True
next_observation,BOJ_20170921,BoJ,2017-09-21,2017-09-22,2017-09-08,5648,-10,-0.005686693241602621,9.8575,0.41249999999999964,True,False,,True,True,True,False,,0,False,,0,False,False,True,True
next_observation,BOJ_20170921,BoJ,2017-09-21,2017-09-22,2017-09-11,5648,-9,0.014316537940309213,9.05,-0.8074999999999992,True,False,,True,True,True,False,,0,False,,0,False,False,True,True
next_observation,BOJ_20170921,BoJ,2017-09-21,2017-09-22,2017-09-12,5648,-8,0.007059442247667347,9.12,0.06999999999999851,True,False,,True,True,True,False,,0,False,,0,False,False,True,True
next_observation,BOJ_20170921,BoJ,2017-09-21,2017-09-22,2017-09-13,5648,-7,0.002855137785094588,9.385,0.26500000000000057,True,False,,True,True,True,False,,0,False,,0,False,False,True,True
next_observation,BOJ_20170921,BoJ,2017-09-21,2017-09-22,2017-09-14,5648,-6,-0.0022199578717197236,9.0975,-0.28749999999999964,True,False,,True,True,True,False,,0,False,,0,False,False,True,True
next_observation,BOJ_20170921,BoJ,2017-09-21,2017-09-22,2017-09-15,5648,-5,0.005337688522213238,9.115,0.01750000000000007,True,False,,True,True,True,False,,0,False,,0,False,False,True,True
next_observation,BOJ_20170921,BoJ,2017-09-21,2017-09-22,2017-09-18,5648,-4,0.0066547008175265555,9.57,0.45500000000000007,True,False,,True,True,True,False,,0,False,,0,False,False,True,True
next_observation,BOJ_20170921,BoJ,2017-09-21,2017-09-22,2017-09-19,5648,-3,0.00017924359252165735,9.72,0.15000000000000036,True,False,,True,True,True,False,,0,False,,0,False,False,True,True
next_observation,BOJ_20170921,BoJ,2017-09-21,2017-09-22,2017-09-20,5648,-2,0.005585233794868114,9.265,-0.45500000000000007,True,False,,True,True,True,False,,0,False,,0,False,False,True,True
next_observation,BOJ_20170921,BoJ,2017-09-21,2017-09-22,2017-09-21,5648,-1,0.002314300734757946,9.49,0.22499999999999964,True,False,,True,True,True,False,,0,False,,0,False,False,True,True
next_observation,BOJ_20170921,BoJ,2017-09-21,2017-09-22,2017-09-22,5648,0,-0.004276747285806237,9.655,0.16499999999999915,True,False,,True,True,True,False,,0,False,,0,False,False,True,True
next_observation,BOJ_20170921,BoJ,2017-09-21,2017-09-22,2017-09-25,5648,1,-0.0023689808821832966,9.88,0.22500000000000142,True,False,,True,True,True,False,,0,False,,0,False,False,True,True
next_observation,BOJ_20170921,BoJ,2017-09-21,2017-09-22,2017-09-26,5648,2,0.004598735641185084,9.78,-0.10000000000000142,True,False,,True,True,True,False,,0,False,,0,False,False,True,True
next_observation,BOJ_20170921,BoJ,2017-09-21,2017-09-22,2017-09-27,5648,3,0.00524259242344204,10.0775,0.2975000000000012,True,False,,True,True,True,False,,0,False,,0,False,False,True,True
next_observation,BOJ_20170921,BoJ,2017-09-21,2017-09-22,2017-09-28,5648,4,-0.004352080765679747,10.0675,-0.009999999999999787,True,False,,True,True,True,False,,0,False,,0,False,False,True,True
next_observation,BOJ_20170921,BoJ,2017-09-21,2017-09-22,2017-09-29,5648,5,0.0015120522315155037,9.94,-0.12750000000000128,True,False,,True,True,True,False,,0,False,,0,False,False,True,True
next_observation,BOJ_20170921,BoJ,2017-09-21,2017-09-22,2017-10-02,5648,6,0.0022638001544870194,9.835,-0.10499999999999865,True,False,,True,True,True,False,,0,False,,0,False,False,True,True
next_observation,BOJ_20170921,BoJ,2017-09-21,2017-09-22,2017-10-03,5648,7,0.0007091570193481927,9.095,-0.7400000000000002,True,False,,True,True,True,False,,0,False,,0,False,False,True,True
next_observation,BOJ_20170921,BoJ,2017-09-21,2017-09-22,2017-10-04,5648,8,-0.0007978370176329498,9.04,-0.05500000000000149,True,False,,True,True,True,False,,0,False,,0,False,False,True,True
next_observation,BOJ_20170921,BoJ,2017-09-21,2017-09-22,2017-10-05,5648,9,0.0005319620659181822,8.82,-0.21999999999999886,True,False,,True,True,True,False,,0,False,,0,False,False,True,True
next_observation,BOJ_20170921,BoJ,2017-09-21,2017-09-22,2017-10-06,5648,10,-0.0014635771544808515,8.885,0.0649999999999995,True,False,,True,True,True,False,,0,False,,0,False,False,True,True
next_observation,BOJ_20171031,BoJ,2017-10-31,2017-11-01,2017-10-04,5676,-20,-0.0007978370176329498,9.04,-0.05500000000000149,True,False,,True,True,True,False,,0,False,,0,False,False,True,True
next_observation,BOJ_20171031,BoJ,2017-10-31,2017-11-01,2017-10-05,5676,-19,0.0005319620659181822,8.82,-0.21999999999999886,True,False,,True,True,True,False,,0,False,,0,False,False,True,True
next_observation,BOJ_20171031,BoJ,2017-10-31,2017-11-01,2017-10-06,5676,-18,-0.0014635771544808515,8.885,0.0649999999999995,True,False,,True,True,True,False,,0,False,,0,False,False,True,True
next_observation,BOJ_20171031,BoJ,2017-10-31,2017-11-01,2017-10-09,5676,-17,0.0002662643132797585,9.09,0.20500000000000007,True,False,,True,True,True,False,,0,False,,0,False,False,True,True
next_observation,BOJ_20171031,BoJ,2017-10-31,2017-11-01,2017-10-10,5676,-16,-0.0020876370653043594,9.0075,-0.08249999999999957,True,False,,True,True,True,False,,0,False,,0,False,False,True,True
next_observation,BOJ_20171031,BoJ,2017-10-31,2017-11-01,2017-10-11,5676,-15,0.0004445432391501712,8.87,-0.13750000000000107,True,False,,True,True,True,False,,0,False,,0,False,False,True,True
next_observation,BOJ_20171031,BoJ,2017-10-31,2017-11-01,2017-10-12,5676,-14,-0.0019129396139701868,8.67,-0.1999999999999993,True,False,,True,True,True,False,,0,False,,0,False,False,True,True
next_observation,BOJ_20171031,BoJ,2017-10-31,2017-11-01,2017-10-13,5676,-13,-0.004149846432005512,8.46,-0.20999999999999908,True,False,,True,True,True,False,,0,False,,0,False,False,True,True
next_observation,BOJ_20171031,BoJ,2017-10-31,2017-11-01,2017-10-16,5676,-12,0.003303426958374085,8.215,-0.245000000000001,True,False,,True,True,True,False,,0,False,,0,False,False,True,True
next_observation,BOJ_20171031,BoJ,2017-10-31,2017-11-01,2017-10-17,5676,-11,8.91305317225571e-05,8.1075,-0.10749999999999993,True,False,,True,True,True,False,,0,False,,0,False,False,True,True
next_observation,BOJ_20171031,BoJ,2017-10-31,2017-11-01,2017-10-18,5676,-10,0.006529438881599399,8.3275,0.22000000000000064,True,False,,True,True,True,False,,0,False,,0,False,False,True,True
next_observation,BOJ_20171031,BoJ,2017-10-31,2017-11-01,2017-10-19,5676,-9,-0.0034592903043935285,8.345,0.01750000000000007,True,False,,True,True,True,False,,0,False,,0,False,False,True,True
next_observation,BOJ_20171031,BoJ,2017-10-31,2017-11-01,2017-10-20,5676,-8,0.008625891185985557,8.4825,0.1374999999999993,True,False,,True,True,True,False,,0,False,,0,False,False,True,True
next_observation,BOJ_20171031,BoJ,2017-10-31,2017-11-01,2017-10-23,5676,-7,-0.000749047202963244,8.285,-0.1974999999999998,True,False,,True,True,True,False,,0,False,,0,False,False,True,True
next_observation,BOJ_20171031,BoJ,2017-10-31,2017-11-01,2017-10-24,5676,-6,0.004134781997094022,8.205,-0.08000000000000007,True,False,,True,True,True,False,,0,False,,0,False,False,True,True
next_observation,BOJ_20171031,BoJ,2017-10-31,2017-11-01,2017-10-25,5676,-5,-0.0014056668249094013,8.2625,0.05749999999999922,True,False,,True,True,True,False,,0,False,,0,False,False,True,True
next_observation,BOJ_20171031,BoJ,2017-10-31,2017-11-01,2017-10-26,5676,-4,0.0021077599688493955,7.9425,-0.3199999999999994,True,False,,True,True,True,False,,0,False,,0,False,False,True,True
next_observation,BOJ_20171031,BoJ,2017-10-31,2017-11-01,2017-10-27,5676,-3,-0.002767347091238766,7.9575,0.01499999999999968,True,False,,True,True,True,False,,0,False,,0,False,False,True,True
next_observation,BOJ_20171031,BoJ,2017-10-31,2017-11-01,2017-10-30,5676,-2,-0.004275865543530028,7.885,-0.07249999999999979,True,False,,True,True,True,False,,0,False,,0,False,False,True,True
next_observation,BOJ_20171031,BoJ,2017-10-31,2017-11-01,2017-10-31,5676,-1,0.0039679092708864066,7.685,-0.20000000000000018,True,False,,True,True,True,False,,0,False,,0,False,False,True,True
next_observation,BOJ_20171031,BoJ,2017-10-31,2017-11-01,2017-11-01,5676,0,0.0047845931101376605,7.5875,-0.09749999999999925,True,False,,True,True,True,False,,0,False,,0,False,False,True,True
next_observation,BOJ_20171031,BoJ,2017-10-31,2017-11-01,2017-11-02,5676,1,-0.0008323659385795737,7.53,-0.05750000000000011,True,False,,True,True,True,False,,0,False,,0,False,False,True,True
next_observation,BOJ_20171031,BoJ,2017-10-31,2017-11-01,2017-11-03,5676,2,-0.00013148955772725263,7.145,-0.3850000000000007,True,False,,True,True,True,False,,0,False,,0,False,False,True,True
next_observation,BOJ_20171031,BoJ,2017-10-31,2017-11-01,2017-11-06,5676,3,-0.0032049198764138183,7.1375,-0.007499999999999396,True,False,,True,True,True,False,,0,False,,0,False,False,True,True
next_observation,BOJ_20171031,BoJ,2017-10-31,2017-11-01,2017-11-07,5676,4,0.0026349319184193593,7.055,-0.08250000000000046,True,False,,True,True,True,False,,0,False,,0,False,False,True,True
next_observation,BOJ_20171031,BoJ,2017-10-31,2017-11-01,2017-11-08,5676,5,-0.0011409515016895845,7.185,0.1299999999999999,True,False,,True,True,True,False,,0,False,,0,False,False,True,True
next_observation,BOJ_20171031,BoJ,2017-10-31,2017-11-01,2017-11-09,5676,6,-0.0035628707772243887,7.67,0.4850000000000003,True,False,,True,True,True,False,,0,False,,0,False,False,True,True
next_observation,BOJ_20171031,BoJ,2017-10-31,2017-11-01,2017-11-10,5676,7,0.000572674626342284,7.53,-0.13999999999999968,True,False,,True,True,True,False,,0,False,,0,False,False,True,True
next_observation,BOJ_20171031,BoJ,2017-10-31,2017-11-01,2017-11-13,5676,8,0.0007923930684024075,7.73,0.20000000000000018,True,False,,True,True,True,False,,0,False,,0,False,False,True,True
next_observation,BOJ_20171031,BoJ,2017-10-31,2017-11-01,2017-11-14,5676,9,-0.0014532005992217423,8.215,0.48499999999999943,True,False,,True,True,True,False,,0,False,,0,False,False,True,True
next_observation,BOJ_20171031,BoJ,2017-10-31,2017-11-01,2017-11-15,5676,10,-0.005169340161271715,8.56,0.34500000000000064,True,False,,True,True,True,False,,0,False,,0,False,False,True,True
next_observation,BOJ_20171221,BoJ,2017-12-21,2017-12-22,2017-11-24,5713,-20,0.0027385592549105087,7.6775,-0.46749999999999936,True,False,,True,True,True,False,,0,False,,0,False,False,True,True
next_observation,BOJ_20171221,BoJ,2017-12-21,2017-12-22,2017-11-27,5713,-19,-0.0038630898819271434,7.8725,0.1949999999999994,True,False,,True,True,True,False,,0,False,,0,False,False,True,True
next_observation,BOJ_20171221,BoJ,2017-12-21,2017-12-22,2017-11-28,5713,-18,0.003459511481345958,7.75,-0.12249999999999961,True,False,,True,True,True,False,,0,False,,0,False,False,True,True
next_observation,BOJ_20171221,BoJ,2017-12-21,2017-12-22,2017-11-29,5713,-17,0.003983801513281857,7.91,0.16000000000000014,True,False,,True,True,True,False,,0,False,,0,False,False,True,True
next_observation,BOJ_20171221,BoJ,2017-12-21,2017-12-22,2017-11-30,5713,-16,0.005479709878103701,7.985,0.07500000000000018,True,False,,True,True,True,False,,0,False,,0,False,False,True,True
next_observation,BOJ_20171221,BoJ,2017-12-21,2017-12-22,2017-12-01,5713,-15,-0.0033377125398640966,8.37,0.3849999999999989,True,False,,True,True,True,False,,0,False,,0,False,False,True,True
next_observation,BOJ_20171221,BoJ,2017-12-21,2017-12-22,2017-12-04,5713,-14,0.0021819000084368828,8.1,-0.2699999999999996,True,False,,True,True,True,False,,0,False,,0,False,False,True,True
next_observation,BOJ_20171221,BoJ,2017-12-21,2017-12-22,2017-12-05,5713,-13,0.0016888142318843315,7.89,-0.20999999999999996,True,False,,True,True,True,False,,0,False,,0,False,False,True,True
next_observation,BOJ_20171221,BoJ,2017-12-21,2017-12-22,2017-12-06,5713,-12,-0.0027569051211427512,7.9325,0.042500000000000426,True,False,,True,True,True,False,,0,False,,0,False,False,True,True
next_observation,BOJ_20171221,BoJ,2017-12-21,2017-12-22,2017-12-07,5713,-11,0.007054937747327652,7.765,-0.16750000000000043,True,False,,True,True,True,False,,0,False,,0,False,False,True,True
next_observation,BOJ_20171221,BoJ,2017-12-21,2017-12-22,2017-12-08,5713,-10,0.0034428000107541924,7.51,-0.2549999999999999,True,False,,True,True,True,False,,0,False,,0,False,False,True,True
next_observation,BOJ_20171221,BoJ,2017-12-21,2017-12-22,2017-12-11,5713,-9,0.0007487832622413105,7.18,-0.33000000000000007,True,False,,True,True,True,False,,0,False,,0,False,False,True,True
next_observation,BOJ_20171221,BoJ,2017-12-21,2017-12-22,2017-12-12,5713,-8,-0.00013209748813825057,6.7825,-0.39749999999999996,True,False,,True,True,True,False,,0,False,,0,False,False,True,True
next_observation,BOJ_20171221,BoJ,2017-12-21,2017-12-22,2017-12-13,5713,-7,-0.008890520111499368,6.64,-0.14250000000000007,True,False,,True,True,True,False,,0,False,,0,False,False,True,True
next_observation,BOJ_20171221,BoJ,2017-12-21,2017-12-22,2017-12-14,5713,-6,-0.0013337484749571422,6.4,-0.23999999999999932,True,False,,True,True,True,False,,0,False,,0,False,False,True,True
next_observation,BOJ_20171221,BoJ,2017-12-21,2017-12-22,2017-12-15,5713,-5,0.0019111541628995365,6.425,0.024999999999999467,True,False,,True,True,True,False,,0,False,,0,False,False,True,True
next_observation,BOJ_20171221,BoJ,2017-12-21,2017-12-22,2017-12-18,5713,-4,-0.0004885523403338849,6.375,-0.04999999999999982,True,False,,True,True,True,False,,0,False,,0,False,False,True,True
next_observation,BOJ_20171221,BoJ,2017-12-21,2017-12-22,2017-12-19,5713,-3,0.0029720340371946607,6.2,-0.17499999999999982,True,False,,True,True,True,False,,0,False,,0,False,False,True,True
next_observation,BOJ_20171221,BoJ,2017-12-21,2017-12-22,2017-12-20,5713,-2,0.004551789903715882,6.4025,0.20249999999999968,True,False,,True,True,True,False,,0,False,,0,False,False,True,True
next_observation,BOJ_20171221,BoJ,2017-12-21,2017-12-22,2017-12-21,5713,-1,-0.000661594466738884,6.255,-0.14749999999999996,True,False,,True,True,True,False,,0,False,,0,False,False,True,True
next_observation,BOJ_20171221,BoJ,2017-12-21,2017-12-22,2017-12-22,5713,0,-0.00026476039339199347,6.0375,-0.21750000000000025,True,False,,True,True,True,False,,0,False,,0,False,False,True,True
next_observation,BOJ_20171221,BoJ,2017-12-21,2017-12-22,2017-12-25,5713,1,-0.00035312293458969094,6.235,0.19750000000000068,True,False,,True,True,True,False,,0,False,,0,False,False,True,True
next_observation,BOJ_20171221,BoJ,2017-12-21,2017-12-22,2017-12-26,5713,2,-0.000220765172983077,6.395,0.15999999999999925,True,False,,True,True,True,False,,0,False,,0,False,False,True,True
next_observation,BOJ_20171221,BoJ,2017-12-21,2017-12-22,2017-12-27,5713,3,0.0010592286275897995,6.165,-0.22999999999999954,True,False,,True,True,True,False,,0,False,,0,False,False,True,True
next_observation,BOJ_20171221,BoJ,2017-12-21,2017-12-22,2017-12-28,5713,4,-0.00424366298600293,6.495,0.33000000000000007,True,False,,True,True,True,False,,0,False,,0,False,False,True,True
next_observation,BOJ_20171221,BoJ,2017-12-21,2017-12-22,2017-12-29,5713,5,-0.0015516594783014693,6.46,-0.03500000000000014,True,False,,True,True,True,False,,0,False,,0,False,False,True,True
next_observation,BOJ_20171221,BoJ,2017-12-21,2017-12-22,2018-01-01,5713,6,-0.0006213385607315797,6.5775,0.11749999999999972,True,False,,True,True,True,False,,0,False,,0,False,False,True,True
next_observation,BOJ_20171221,BoJ,2017-12-21,2017-12-22,2018-01-02,5713,7,-0.0029789053440548107,6.64,0.0625,True,False,,True,True,True,False,,0,False,,0,False,False,True,True
next_observation,BOJ_20171221,BoJ,2017-12-21,2017-12-22,2018-01-03,5713,8,0.0019572959985332656,6.345,-0.29499999999999993,True,False,,True,True,True,False,,0,False,,0,False,False,True,True
next_observation,BOJ_20171221,BoJ,2017-12-21,2017-12-22,2018-01-04,5713,9,0.0020865249184945952,6.305,-0.040000000000000036,True,False,,True,True,True,False,,0,False,,0,False,False,True,True
next_observation,BOJ_20171221,BoJ,2017-12-21,2017-12-22,2018-01-05,5713,10,0.0027457944620679258,6.0825,-0.22250000000000014,True,False,,True,True,True,False,,0,False,,0,False,False,True,True
next_observation,BOJ_20180123,BoJ,2018-01-23,2018-01-24,2017-12-27,5736,-20,0.0010592286275897995,6.165,-0.22999999999999954,True,False,,True,True,True,False,,0,False,,0,False,False,True,True
next_observation,BOJ_20180123,BoJ,2018-01-23,2018-01-24,2017-12-28,5736,-19,-0.00424366298600293,6.495,0.33000000000000007,True,False,,True,True,True,False,,0,False,,0,False,False,True,True
next_observation,BOJ_20180123,BoJ,2018-01-23,2018-01-24,2017-12-29,5736,-18,-0.0015516594783014693,6.46,-0.03500000000000014,True,False,,True,True,True,False,,0,False,,0,False,False,True,True
next_observation,BOJ_20180123,BoJ,2018-01-23,2018-01-24,2018-01-01,5736,-17,-0.0006213385607315797,6.5775,0.11749999999999972,True,False,,True,True,True,False,,0,False,,0,False,False,True,True
next_observation,BOJ_20180123,BoJ,2018-01-23,2018-01-24,2018-01-02,5736,-16,-0.0029789053440548107,6.64,0.0625,True,False,,True,True,True,False,,0,False,,0,False,False,True,True
next_observation,BOJ_20180123,BoJ,2018-01-23,2018-01-24,2018-01-03,5736,-15,0.0019572959985332656,6.345,-0.29499999999999993,True,False,,True,True,True,False,,0,False,,0,False,False,True,True
next_observation,BOJ_20180123,BoJ,2018-01-23,2018-01-24,2018-01-04,5736,-14,0.0020865249184945952,6.305,-0.040000000000000036,True,False,,True,True,True,False,,0,False,,0,False,False,True,True
next_observation,BOJ_20180123,BoJ,2018-01-23,2018-01-24,2018-01-05,5736,-13,0.0027457944620679258,6.0825,-0.22250000000000014,True,False,,True,True,True,False,,0,False,,0,False,False,True,True
next_observation,BOJ_20180123,BoJ,2018-01-23,2018-01-24,2018-01-08,5736,-12,0.0003537475164015703,5.98,-0.10249999999999915,True,False,,True,True,True,False,,0,False,,0,False,False,True,True
next_observation,BOJ_20180123,BoJ,2018-01-23,2018-01-24,2018-01-09,5736,-11,-0.0038981223225955453,6.1925,0.21249999999999947,True,False,,True,True,True,False,,0,False,,0,False,False,True,True
next_observation,BOJ_20180123,BoJ,2018-01-23,2018-01-24,2018-01-10,5736,-10,-0.010843721685798854,7.03,0.8375000000000004,True,False,,True,True,True,False,,0,False,,0,False,False,True,True
next_observation,BOJ_20180123,BoJ,2018-01-23,2018-01-24,2018-01-11,5736,-9,-0.0016165248244031571,6.6475,-0.3825000000000003,True,False,,True,True,True,False,,0,False,,0,False,False,True,True
next_observation,BOJ_20180123,BoJ,2018-01-23,2018-01-24,2018-01-12,5736,-8,-0.0017992088336858986,6.9,0.2525000000000004,True,False,,True,True,True,False,,0,False,,0,False,False,True,True
next_observation,BOJ_20180123,BoJ,2018-01-23,2018-01-24,2018-01-15,5736,-7,-0.004693149408344384,7.3825,0.48249999999999993,True,False,,True,True,True,False,,0,False,,0,False,False,True,True
next_observation,BOJ_20180123,BoJ,2018-01-23,2018-01-24,2018-01-16,5736,-6,-0.0007692482109685245,7.135,-0.2475000000000005,True,False,,True,True,True,False,,0,False,,0,False,False,True,True
next_observation,BOJ_20180123,BoJ,2018-01-23,2018-01-24,2018-01-17,5736,-5,0.0074862801154504935,7.2175,0.08250000000000046,True,False,,True,True,True,False,,0,False,,0,False,False,True,True
next_observation,BOJ_20180123,BoJ,2018-01-23,2018-01-24,2018-01-18,5736,-4,-0.0015737767136815802,7.165,-0.05250000000000021,True,False,,True,True,True,False,,0,False,,0,False,False,True,True
next_observation,BOJ_20180123,BoJ,2018-01-23,2018-01-24,2018-01-19,5736,-3,-0.0031098616612785335,7.415,0.25,True,False,,True,True,True,False,,0,False,,0,False,False,True,True
next_observation,BOJ_20180123,BoJ,2018-01-23,2018-01-24,2018-01-22,5736,-2,0.001398380812938508,7.06,-0.3550000000000004,True,False,,True,True,True,False,,0,False,,0,False,False,True,True
next_observation,BOJ_20180123,BoJ,2018-01-23,2018-01-24,2018-01-23,5736,-1,-0.005514636766286946,7.2,0.14000000000000057,True,False,,True,True,True,False,,0,False,,0,False,False,True,True
next_observation,BOJ_20180123,BoJ,2018-01-23,2018-01-24,2018-01-24,5736,0,-0.009884609143790782,7.935,0.7349999999999994,True,False,,True,True,True,False,,0,False,,0,False,False,True,True
next_observation,BOJ_20180123,BoJ,2018-01-23,2018-01-24,2018-01-25,5736,1,0.0017380172688239563,8.23,0.2950000000000008,True,False,,True,True,True,False,,0,False,,0,False,False,True,True
next_observation,BOJ_20180123,BoJ,2018-01-23,2018-01-24,2018-01-26,5736,2,-0.007706813685437827,8.54,0.3099999999999987,True,False,,True,True,True,False,,0,False,,0,False,False,True,True
next_observation,BOJ_20180123,BoJ,2018-01-23,2018-01-24,2018-01-29,5736,3,0.0034937745279991664,8.5175,-0.022499999999999076,True,False,,True,True,True,False,,0,False,,0,False,False,True,True
next_observation,BOJ_20180123,BoJ,2018-01-23,2018-01-24,2018-01-30,5736,4,-0.0016074589540701102,8.74,0.22250000000000014,True,False,,True,True,True,False,,0,False,,0,False,False,True,True
next_observation,BOJ_20180123,BoJ,2018-01-23,2018-01-24,2018-01-31,5736,5,0.0038077807219207872,7.88,-0.8600000000000003,True,False,,True,True,True,False,,0,False,,0,False,False,True,True
next_observation,BOJ_20180123,BoJ,2018-01-23,2018-01-24,2018-02-01,5736,6,0.0019213180658792233,7.8125,-0.0674999999999999,True,False,,True,True,True,False,,0,False,,0,False,False,True,True
next_observation,BOJ_20180123,BoJ,2018-01-23,2018-01-24,2018-02-02,5736,7,0.006968034569358702,7.995,0.1825000000000001,True,False,,True,True,True,False,,0,False,,0,False,False,True,True
next_observation,BOJ_20180123,BoJ,2018-01-23,2018-01-24,2018-02-05,5736,8,-0.009897232507985755,9.5,1.505,True,False,,True,True,True,False,,0,False,,0,False,False,True,True
next_observation,BOJ_20180123,BoJ,2018-01-23,2018-01-24,2018-02-06,5736,9,0.0043449495508897295,9.175,-0.3249999999999993,True,False,,True,True,True,False,,0,False,,0,False,False,True,True
next_observation,BOJ_20180123,BoJ,2018-01-23,2018-01-24,2018-02-07,5736,10,-0.0021015129484840338,9.035,-0.14000000000000057,True,False,,True,True,True,False,,0,False,,0,False,False,True,True
next_observation,BOJ_20180309,BoJ,2018-03-09,2018-03-12,2018-02-12,5769,-20,-0.0012416363601083966,9.095,-1.125,True,False,,True,True,True,False,,0,False,,0,False,False,True,True
next_observation,BOJ_20180309,BoJ,2018-03-09,2018-03-12,2018-02-13,5769,-19,-0.007714198589470113,9.43,0.3349999999999991,True,False,,True,True,True,False,,0,False,,0,False,False,True,True
next_observation,BOJ_20180309,BoJ,2018-03-09,2018-03-12,2018-02-14,5769,-18,-0.007587254494997142,9.74,0.3100000000000005,True,False,,True,True,True,False,,0,False,,0,False,False,True,True
next_observation,BOJ_20180309,BoJ,2018-03-09,2018-03-12,2018-02-15,5769,-17,-0.00825753026517863,10.235,0.4949999999999992,True,False,,True,True,True,False,,0,False,,0,False,False,True,True
next_observation,BOJ_20180309,BoJ,2018-03-09,2018-03-12,2018-02-16,5769,-16,0.000800583998115953,9.905,-0.33000000000000007,True,False,,True,True,True,False,,0,False,,0,False,False,True,True
next_observation,BOJ_20180309,BoJ,2018-03-09,2018-03-12,2018-02-19,5769,-15,0.0035712645446583113,9.42,-0.48499999999999943,True,False,,True,True,True,False,,0,False,,0,False,False,True,True
next_observation,BOJ_20180309,BoJ,2018-03-09,2018-03-12,2018-02-20,5769,-14,0.006871594176927728,9.21,-0.20999999999999908,True,False,,True,True,True,False,,0,False,,0,False,False,True,True
next_observation,BOJ_20180309,BoJ,2018-03-09,2018-03-12,2018-02-21,5769,-13,0.00413752013976538,9.15,-0.0600000000000005,True,False,,True,True,True,False,,0,False,,0,False,False,True,True
next_observation,BOJ_20180309,BoJ,2018-03-09,2018-03-12,2018-02-22,5769,-12,-0.009556068524464428,9.57,0.41999999999999993,True,False,,True,True,True,False,,0,False,,0,False,False,True,True
next_observation,BOJ_20180309,BoJ,2018-03-09,2018-03-12,2018-02-23,5769,-11,0.0012638380225101023,8.935,-0.6349999999999998,True,False,,True,True,True,False,,0,False,,0,False,False,True,True
next_observation,BOJ_20180309,BoJ,2018-03-09,2018-03-12,2018-02-26,5769,-10,0.00046768310645748675,8.615,-0.3200000000000003,True,False,,True,True,True,False,,0,False,,0,False,False,True,True
next_observation,BOJ_20180309,BoJ,2018-03-09,2018-03-12,2018-02-27,5769,-9,0.0036870272557315634,8.26,-0.3550000000000004,True,False,,True,True,True,False,,0,False,,0,False,False,True,True
next_observation,BOJ_20180309,BoJ,2018-03-09,2018-03-12,2018-02-28,5769,-8,-0.0060745011796194065,8.43,0.16999999999999993,True,False,,True,True,True,False,,0,False,,0,False,False,True,True
next_observation,BOJ_20180309,BoJ,2018-03-09,2018-03-12,2018-03-01,5769,-7,-0.004133013585689749,8.6,0.16999999999999993,True,False,,True,True,True,False,,0,False,,0,False,False,True,True
next_observation,BOJ_20180309,BoJ,2018-03-09,2018-03-12,2018-03-02,5769,-6,-0.004575587595585942,9.12,0.5199999999999996,True,False,,True,True,True,False,,0,False,,0,False,False,True,True
next_observation,BOJ_20180309,BoJ,2018-03-09,2018-03-12,2018-03-05,5769,-5,0.0041990106753006465,8.72,-0.3999999999999986,True,False,,True,True,True,False,,0,False,,0,False,False,True,True
next_observation,BOJ_20180309,BoJ,2018-03-09,2018-03-12,2018-03-06,5769,-4,-0.0006593510341072214,8.5625,-0.15750000000000064,True,False,,True,True,True,False,,0,False,,0,False,False,True,True
next_observation,BOJ_20180309,BoJ,2018-03-09,2018-03-12,2018-03-07,5769,-3,-0.0005183666853425111,8.6625,0.09999999999999964,True,False,,True,True,True,False,,0,False,,0,False,False,True,True
next_observation,BOJ_20180309,BoJ,2018-03-09,2018-03-12,2018-03-08,5769,-2,0.0014601637035334231,8.17,-0.4924999999999997,True,False,,True,True,True,False,,0,False,,0,False,False,True,True
next_observation,BOJ_20180309,BoJ,2018-03-09,2018-03-12,2018-03-09,5769,-1,0.005538620119702323,7.595,-0.5750000000000002,True,False,,True,True,True,False,,0,False,,0,False,False,True,True
next_observation,BOJ_20180309,BoJ,2018-03-09,2018-03-12,2018-03-12,5769,0,-0.0037516457434008913,7.9,0.3050000000000006,True,False,,True,True,True,False,,0,False,,0,False,False,True,True
next_observation,BOJ_20180309,BoJ,2018-03-09,2018-03-12,2018-03-13,5769,1,0.0015023477004129156,7.91,0.009999999999999787,True,False,,True,True,True,False,,0,False,,0,False,False,True,True
next_observation,BOJ_20180309,BoJ,2018-03-09,2018-03-12,2018-03-14,5769,2,-0.0023954357289390177,8.005,0.09500000000000064,True,False,,True,True,True,False,,0,False,,0,False,False,True,True
next_observation,BOJ_20180309,BoJ,2018-03-09,2018-03-12,2018-03-15,5769,3,0.00014106693649528553,8.0725,0.067499999999999,True,False,,True,True,True,False,,0,False,,0,False,False,True,True
next_observation,BOJ_20180309,BoJ,2018-03-09,2018-03-12,2018-03-16,5769,4,-0.0031552452652651654,7.965,-0.10749999999999993,True,False,,True,True,True,False,,0,False,,0,False,False,True,True
next_observation,BOJ_20180309,BoJ,2018-03-09,2018-03-12,2018-03-19,5769,5,0.000848656345135588,8.48,0.5150000000000006,True,False,,True,True,True,False,,0,False,,0,False,False,True,True
next_observation,BOJ_20180309,BoJ,2018-03-09,2018-03-12,2018-03-20,5769,6,0.004138650501266677,8.105,-0.375,True,False,,True,True,True,False,,0,False,,0,False,False,True,True
next_observation,BOJ_20180309,BoJ,2018-03-09,2018-03-12,2018-03-21,5769,7,-0.004562888646638096,7.585,-0.5200000000000005,True,False,,True,True,True,False,,0,False,,0,False,False,True,True
next_observation,BOJ_20180309,BoJ,2018-03-09,2018-03-12,2018-03-22,5769,8,-0.007287213433684427,7.9075,0.3224999999999998,True,False,,True,True,True,False,,0,False,,0,False,False,True,True
next_observation,BOJ_20180309,BoJ,2018-03-09,2018-03-12,2018-03-23,5769,9,-0.005142378725665422,8.295,0.3875000000000002,True,False,,True,True,True,False,,0,False,,0,False,False,True,True
next_observation,BOJ_20180309,BoJ,2018-03-09,2018-03-12,2018-03-26,5769,10,0.00637641941575618,7.9,-0.3949999999999996,True,False,,True,True,True,False,,0,False,,0,False,False,True,True
next_observation,BOJ_20180427,BoJ,2018-04-27,2018-04-30,2018-04-02,5804,-20,-0.003629083752048028,7.63,0.21499999999999986,True,False,,True,True,True,False,,0,False,,0,False,False,True,True
next_observation,BOJ_20180427,BoJ,2018-04-27,2018-04-30,2018-04-03,5804,-19,0.006729278822818989,7.535,-0.09499999999999975,True,False,,True,True,True,False,,0,False,,0,False,False,True,True
next_observation,BOJ_20180427,BoJ,2018-04-27,2018-04-30,2018-04-04,5804,-18,0.0015465007651464808,7.47,-0.06500000000000039,True,False,,True,True,True,False,,0,False,,0,False,False,True,True
next_observation,BOJ_20180427,BoJ,2018-04-27,2018-04-30,2018-04-05,5804,-17,0.005696690788727804,7.465,-0.004999999999999893,True,False,,True,True,True,False,,0,False,,0,False,False,True,True
next_observation,BOJ_20180427,BoJ,2018-04-27,2018-04-30,2018-04-06,5804,-16,-0.004292853403285469,7.29,-0.17499999999999982,True,False,,True,True,True,False,,0,False,,0,False,False,True,True
next_observation,BOJ_20180427,BoJ,2018-04-27,2018-04-30,2018-04-09,5804,-15,-0.0014506659227614346,7.3725,0.08249999999999957,True,False,,True,True,True,False,,0,False,,0,False,False,True,True
next_observation,BOJ_20180427,BoJ,2018-04-27,2018-04-30,2018-04-10,5804,-14,0.004019260446490553,7.3525,-0.019999999999999574,True,False,,True,True,True,False,,0,False,,0,False,False,True,True
next_observation,BOJ_20180427,BoJ,2018-04-27,2018-04-30,2018-04-11,5804,-13,-0.003785139685933397,7.2575,-0.09499999999999975,True,False,,True,True,True,False,,0,False,,0,False,False,True,True
next_observation,BOJ_20180427,BoJ,2018-04-27,2018-04-30,2018-04-12,5804,-12,0.0049505051598559835,7.0175,-0.2400000000000002,True,False,,True,True,True,False,,0,False,,0,False,False,True,True
next_observation,BOJ_20180427,BoJ,2018-04-27,2018-04-30,2018-04-13,5804,-11,0.00018633251090399643,6.97,-0.04750000000000032,True,False,,True,True,True,False,,0,False,,0,False,False,True,True
next_observation,BOJ_20180427,BoJ,2018-04-27,2018-04-30,2018-04-16,5804,-10,-0.0020982452386110206,6.97,0.0,True,False,,True,True,True,False,,0,False,,0,False,False,True,True
next_observation,BOJ_20180427,BoJ,2018-04-27,2018-04-30,2018-04-17,5804,-9,-0.0011208669210109189,6.785,-0.1849999999999996,True,False,,True,True,True,False,,0,False,,0,False,False,True,True
next_observation,BOJ_20180427,BoJ,2018-04-27,2018-04-30,2018-04-18,5804,-8,0.002147225770148023,6.68,-0.10500000000000043,True,False,,True,True,True,False,,0,False,,0,False,False,True,True
next_observation,BOJ_20180427,BoJ,2018-04-27,2018-04-30,2018-04-19,5804,-7,0.0013047532139899233,6.3875,-0.29249999999999954,True,False,,True,True,True,False,,0,False,,0,False,False,True,True
next_observation,BOJ_20180427,BoJ,2018-04-27,2018-04-30,2018-04-20,5804,-6,0.0026972996867669786,6.63,0.24249999999999972,True,False,,True,True,True,False,,0,False,,0,False,False,True,True
next_observation,BOJ_20180427,BoJ,2018-04-27,2018-04-30,2018-04-23,5804,-5,0.009659678096543303,7.4675,0.8375000000000004,True,False,,True,True,True,False,,0,False,,0,False,False,True,True
next_observation,BOJ_20180427,BoJ,2018-04-27,2018-04-30,2018-04-24,5804,-4,0.0010573498284247211,7.49,0.022499999999999964,True,False,,True,True,True,False,,0,False,,0,False,False,True,True
next_observation,BOJ_20180427,BoJ,2018-04-27,2018-04-30,2018-04-25,5804,-3,0.005544242019179978,7.27,-0.22000000000000064,True,False,,True,True,True,False,,0,False,,0,False,False,True,True
next_observation,BOJ_20180427,BoJ,2018-04-27,2018-04-30,2018-04-26,5804,-2,-0.0011429878944661037,6.8025,-0.46749999999999936,True,False,,True,True,True,False,,0,False,,0,False,False,True,True
next_observation,BOJ_20180427,BoJ,2018-04-27,2018-04-30,2018-04-27,5804,-1,-0.0022899025348549103,6.55,-0.2525000000000004,True,False,,True,True,True,False,,0,False,,0,False,False,True,True
next_observation,BOJ_20180427,BoJ,2018-04-27,2018-04-30,2018-04-30,5804,0,0.002655800819215174,6.6675,0.1175000000000006,True,False,,True,True,True,False,,0,False,,0,False,False,True,True
next_observation,BOJ_20180427,BoJ,2018-04-27,2018-04-30,2018-05-01,5804,1,0.004790045882376992,6.9025,0.23499999999999943,True,False,,True,True,True,False,,0,False,,0,False,False,True,True
next_observation,BOJ_20180427,BoJ,2018-04-27,2018-04-30,2018-05-02,5804,2,-0.00022757788951463902,6.79,-0.11249999999999982,True,False,,True,True,True,False,,0,False,,0,False,False,True,True
next_observation,BOJ_20180427,BoJ,2018-04-27,2018-04-30,2018-05-03,5804,3,-0.005889486742980292,6.94,0.15000000000000036,True,False,,True,True,True,False,,0,False,,0,False,False,True,True
next_observation,BOJ_20180427,BoJ,2018-04-27,2018-04-30,2018-05-04,5804,4,-0.0006870806215833952,6.695,-0.2450000000000001,True,False,,True,True,True,False,,0,False,,0,False,False,True,True
next_observation,BOJ_20180427,BoJ,2018-04-27,2018-04-30,2018-05-07,5804,5,-0.0002291318205382709,6.8225,0.1274999999999995,True,False,,True,True,True,False,,0,False,,0,False,False,True,True
next_observation,BOJ_20180427,BoJ,2018-04-27,2018-04-30,2018-05-08,5804,6,0.0002749518851525004,6.71,-0.11249999999999982,True,False,,True,True,True,False,,0,False,,0,False,False,True,True
next_observation,BOJ_20180427,BoJ,2018-04-27,2018-04-30,2018-05-09,5804,7,0.005665478671153012,6.825,0.11500000000000021,True,False,,True,True,True,False,,0,False,,0,False,False,True,True
next_observation,BOJ_20180427,BoJ,2018-04-27,2018-04-30,2018-05-10,5804,8,-0.003148602843038404,6.685,-0.14000000000000057,True,False,,True,True,True,False,,0,False,,0,False,False,True,True
next_observation,BOJ_20180427,BoJ,2018-04-27,2018-04-30,2018-05-11,5804,9,-9.14118561814235e-05,6.3125,-0.3724999999999996,True,False,,True,True,True,False,,0,False,,0,False,False,True,True
next_observation,BOJ_20180427,BoJ,2018-04-27,2018-04-30,2018-05-14,5804,10,0.0024651918442030315,6.53,0.21750000000000025,True,False,,True,True,True,False,,0,False,,0,False,False,True,True
next_observation,BOJ_20180615,BoJ,2018-06-15,2018-06-18,2018-05-21,5839,-20,0.0024793214855144655,6.7625,0.08000000000000007,True,False,,True,True,True,False,,0,False,,0,False,False,True,True
next_observation,BOJ_20180615,BoJ,2018-06-15,2018-06-18,2018-05-22,5839,-19,-0.001441766413299111,6.6975,-0.06500000000000039,True,False,,True,True,True,False,,0,False,,0,False,False,True,True
next_observation,BOJ_20180615,BoJ,2018-06-15,2018-06-18,2018-05-23,5839,-18,-0.007376433492139659,7.27,0.5724999999999998,True,False,,True,True,True,False,,0,False,,0,False,False,True,True
next_observation,BOJ_20180615,BoJ,2018-06-15,2018-06-18,2018-05-24,5839,-17,-0.007477011217462028,7.43,0.16000000000000014,True,False,,True,True,True,False,,0,False,,0,False,False,True,True
next_observation,BOJ_20180615,BoJ,2018-06-15,2018-06-18,2018-05-25,5839,-16,0.0014176291387516383,7.1475,-0.28249999999999975,True,False,,True,True,True,False,,0,False,,0,False,False,True,True
next_observation,BOJ_20180615,BoJ,2018-06-15,2018-06-18,2018-05-28,5839,-15,4.569652935654567e-05,7.2525,0.10500000000000043,True,False,,True,True,True,False,,0,False,,0,False,False,True,True
next_observation,BOJ_20180615,BoJ,2018-06-15,2018-06-18,2018-05-29,5839,-14,-0.006004097144014167,8.1575,0.9050000000000002,True,False,,True,True,True,False,,0,False,,0,False,False,True,True
next_observation,BOJ_20180615,BoJ,2018-06-15,2018-06-18,2018-05-30,5839,-13,0.001286351075525588,8.0,-0.15750000000000064,True,False,,True,True,True,False,,0,False,,0,False,False,True,True
next_observation,BOJ_20180615,BoJ,2018-06-15,2018-06-18,2018-05-31,5839,-12,-0.0007808015094120707,7.645,-0.3550000000000004,True,False,,True,True,True,False,,0,False,,0,False,False,True,True
next_observation,BOJ_20180615,BoJ,2018-06-15,2018-06-18,2018-06-01,5839,-11,0.0065946382977959,7.16,-0.48499999999999943,True,False,,True,True,True,False,,0,False,,0,False,False,True,True
next_observation,BOJ_20180615,BoJ,2018-06-15,2018-06-18,2018-06-04,5839,-10,0.002507352411140431,6.995,-0.16500000000000004,True,False,,True,True,True,False,,0,False,,0,False,False,True,True
next_observation,BOJ_20180615,BoJ,2018-06-15,2018-06-18,2018-06-05,5839,-9,-0.0002276815200746822,6.915,-0.08000000000000007,True,False,,True,True,True,False,,0,False,,0,False,False,True,True
next_observation,BOJ_20180615,BoJ,2018-06-15,2018-06-18,2018-06-06,5839,-8,0.0035913210550788995,6.84,-0.07500000000000018,True,False,,True,True,True,False,,0,False,,0,False,False,True,True
next_observation,BOJ_20180615,BoJ,2018-06-15,2018-06-18,2018-06-07,5839,-7,-0.004411404020535413,6.965,0.125,True,False,,True,True,True,False,,0,False,,0,False,False,True,True
next_observation,BOJ_20180615,BoJ,2018-06-15,2018-06-18,2018-06-08,5839,-6,-0.0014139435410017525,7.28,0.3150000000000004,True,False,,True,True,True,False,,0,False,,0,False,False,True,True
next_observation,BOJ_20180615,BoJ,2018-06-15,2018-06-18,2018-06-11,5839,-5,0.004463073261315518,6.97,-0.3100000000000005,True,False,,True,True,True,False,,0,False,,0,False,False,True,True
next_observation,BOJ_20180615,BoJ,2018-06-15,2018-06-18,2018-06-12,5839,-4,0.003085161922625758,6.815,-0.15499999999999936,True,False,,True,True,True,False,,0,False,,0,False,False,True,True
next_observation,BOJ_20180615,BoJ,2018-06-15,2018-06-18,2018-06-13,5839,-3,-0.0002718376240009218,6.7,-0.11500000000000021,True,False,,True,True,True,False,,0,False,,0,False,False,True,True
next_observation,BOJ_20180615,BoJ,2018-06-15,2018-06-18,2018-06-14,5839,-2,0.0026246734227713016,6.47,-0.23000000000000043,True,False,,True,True,True,False,,0,False,,0,False,False,True,True
next_observation,BOJ_20180615,BoJ,2018-06-15,2018-06-18,2018-06-15,5839,-1,0.00022594274706920297,6.475,0.004999999999999893,True,False,,True,True,True,False,,0,False,,0,False,False,True,True
next_observation,BOJ_20180615,BoJ,2018-06-15,2018-06-18,2018-06-18,5839,0,-0.0009945301665082362,6.615,0.14000000000000057,True,False,,True,True,True,False,,0,False,,0,False,False,True,True
next_observation,BOJ_20180615,BoJ,2018-06-15,2018-06-18,2018-06-19,5839,1,-0.0044422356718426745,7.365,0.75,True,False,,True,True,True,False,,0,False,,0,False,False,True,True
next_observation,BOJ_20180615,BoJ,2018-06-15,2018-06-18,2018-06-20,5839,2,0.0026767704207245574,6.755,-0.6100000000000003,True,False,,True,True,True,False,,0,False,,0,False,False,True,True
next_observation,BOJ_20180615,BoJ,2018-06-15,2018-06-18,2018-06-21,5839,3,-0.0033129894833121517,7.0025,0.2475000000000005,True,False,,True,True,True,False,,0,False,,0,False,False,True,True
next_observation,BOJ_20180615,BoJ,2018-06-15,2018-06-18,2018-06-22,5839,4,-0.00018185124618214625,6.8275,-0.1750000000000007,True,False,,True,True,True,False,,0,False,,0,False,False,True,True
next_observation,BOJ_20180615,BoJ,2018-06-15,2018-06-18,2018-06-25,5839,5,-0.0018203336236180144,7.3125,0.4850000000000003,True,False,,True,True,True,False,,0,False,,0,False,False,True,True
next_observation,BOJ_20180615,BoJ,2018-06-15,2018-06-18,2018-06-26,5839,6,0.0025929731348422556,7.16,-0.15249999999999986,True,False,,True,True,True,False,,0,False,,0,False,False,True,True
next_observation,BOJ_20180615,BoJ,2018-06-15,2018-06-18,2018-06-27,5839,7,0.0018609723274700693,7.33,0.16999999999999993,True,False,,True,True,True,False,,0,False,,0,False,False,True,True
next_observation,BOJ_20180615,BoJ,2018-06-15,2018-06-18,2018-06-28,5839,8,0.002129057903730852,7.0775,-0.2525000000000004,True,False,,True,True,True,False,,0,False,,0,False,False,True,True
next_observation,BOJ_20180615,BoJ,2018-06-15,2018-06-18,2018-06-29,5839,9,0.0024405688693703302,6.95,-0.1274999999999995,True,False,,True,True,True,False,,0,False,,0,False,False,True,True
next_observation,BOJ_20180615,BoJ,2018-06-15,2018-06-18,2018-07-02,5839,10,0.0011729677425344747,7.19,0.2400000000000002,True,False,,True,True,True,False,,0,False,,0,False,False,True,True
next_observation,BOJ_20180731,BoJ,2018-07-31,2018-08-01,2018-07-04,5871,-20,-0.0009498609846398707,7.075,-0.13999999999999968,True,False,,True,True,True,False,,0,False,,0,False,False,True,True
next_observation,BOJ_20180731,BoJ,2018-07-31,2018-08-01,2018-07-05,5871,-19,0.0013566682314190216,6.775,-0.2999999999999998,True,False,,True,True,True,False,,0,False,,0,False,False,True,True
next_observation,BOJ_20180731,BoJ,2018-07-31,2018-08-01,2018-07-06,5871,-18,-0.0015376964723190357,6.37,-0.40500000000000025,True,False,,True,True,True,False,,0,False,,0,False,False,True,True
next_observation,BOJ_20180731,BoJ,2018-07-31,2018-08-01,2018-07-09,5871,-17,0.0033888381617327027,6.2,-0.16999999999999993,True,False,,True,True,True,False,,0,False,,0,False,False,True,True
next_observation,BOJ_20180731,BoJ,2018-07-31,2018-08-01,2018-07-10,5871,-16,0.0013973722664176564,6.5725,0.3724999999999996,True,False,,True,True,True,False,,0,False,,0,False,False,True,True
next_observation,BOJ_20180731,BoJ,2018-07-31,2018-08-01,2018-07-11,5871,-15,0.009102589586558602,7.1075,0.5350000000000001,True,False,,True,True,True,False,,0,False,,0,False,False,True,True
next_observation,BOJ_20180731,BoJ,2018-07-31,2018-08-01,2018-07-12,5871,-14,0.004764776453848578,7.01,-0.09750000000000014,True,False,,True,True,True,False,,0,False,,0,False,False,True,True
next_observation,BOJ_20180731,BoJ,2018-07-31,2018-08-01,2018-07-13,5871,-13,-0.001511581668689144,6.7725,-0.23749999999999982,True,False,,True,True,True,False,,0,False,,0,False,False,True,True
next_observation,BOJ_20180731,BoJ,2018-07-31,2018-08-01,2018-07-16,5871,-12,-0.0008011750996048313,6.7925,0.020000000000000462,True,False,,True,True,True,False,,0,False,,0,False,False,True,True
next_observation,BOJ_20180731,BoJ,2018-07-31,2018-08-01,2018-07-17,5871,-11,0.005240496960111221,6.9025,0.10999999999999943,True,False,,True,True,True,False,,0,False,,0,False,False,True,True
next_observation,BOJ_20180731,BoJ,2018-07-31,2018-08-01,2018-07-18,5871,-10,-0.00013289330901740574,6.8475,-0.054999999999999716,True,False,,True,True,True,False,,0,False,,0,False,False,True,True
next_observation,BOJ_20180731,BoJ,2018-07-31,2018-08-01,2018-07-19,5871,-9,-0.0035058948196108044,6.975,0.1274999999999995,True,False,,True,True,True,False,,0,False,,0,False,False,True,True
next_observation,BOJ_20180731,BoJ,2018-07-31,2018-08-01,2018-07-20,5871,-8,-0.009424551076998812,7.5375,0.5625,True,False,,True,True,True,False,,0,False,,0,False,False,True,True
next_observation,BOJ_20180731,BoJ,2018-07-31,2018-08-01,2018-07-23,5871,-7,-0.000583574635554897,7.755,0.21750000000000025,True,False,,True,True,True,False,,0,False,,0,False,False,True,True
next_observation,BOJ_20180731,BoJ,2018-07-31,2018-08-01,2018-07-24,5871,-6,-0.0013480118868946383,7.6275,-0.1274999999999995,True,False,,True,True,True,False,,0,False,,0,False,False,True,True
next_observation,BOJ_20180731,BoJ,2018-07-31,2018-08-01,2018-07-25,5871,-5,-0.00198037691872685,7.39,-0.2375000000000007,True,False,,True,True,True,False,,0,False,,0,False,False,True,True
next_observation,BOJ_20180731,BoJ,2018-07-31,2018-08-01,2018-07-26,5871,-4,0.0022501247061826823,7.3875,-0.0024999999999995026,True,False,,True,True,True,False,,0,False,,0,False,False,True,True
next_observation,BOJ_20180731,BoJ,2018-07-31,2018-08-01,2018-07-27,5871,-3,-0.0016195792635013942,7.305,-0.08250000000000046,True,False,,True,True,True,False,,0,False,,0,False,False,True,True
next_observation,BOJ_20180731,BoJ,2018-07-31,2018-08-01,2018-07-30,5871,-2,-4.5025777265100905e-05,7.5475,0.2425000000000006,True,False,,True,True,True,False,,0,False,,0,False,False,True,True
next_observation,BOJ_20180731,BoJ,2018-07-31,2018-08-01,2018-07-31,5871,-1,0.007267865100696326,6.595,-0.9525000000000006,True,False,,True,True,True,False,,0,False,,0,False,False,True,True
next_observation,BOJ_20180731,BoJ,2018-07-31,2018-08-01,2018-08-01,5871,0,-0.0011628948443526347,6.6975,0.10250000000000004,True,False,,True,True,True,False,,0,False,,0,False,False,True,True
next_observation,BOJ_20180731,BoJ,2018-07-31,2018-08-01,2018-08-02,5871,1,-0.000581954937300764,6.5275,-0.16999999999999993,True,False,,True,True,True,False,,0,False,,0,False,False,True,True
next_observation,BOJ_20180731,BoJ,2018-07-31,2018-08-01,2018-08-03,5871,2,-0.003633676025583332,6.375,-0.15249999999999986,True,False,,True,True,True,False,,0,False,,0,False,False,True,True
next_observation,BOJ_20180731,BoJ,2018-07-31,2018-08-01,2018-08-06,5871,3,0.0013473459327383356,6.35,-0.025000000000000355,True,False,,True,True,True,False,,0,False,,0,False,False,True,True
next_observation,BOJ_20180731,BoJ,2018-07-31,2018-08-01,2018-08-07,5871,4,-0.00022443162784694805,6.1975,-0.15249999999999986,True,False,,True,True,True,False,,0,False,,0,False,False,True,True
next_observation,BOJ_20180731,BoJ,2018-07-31,2018-08-01,2018-08-08,5871,5,-0.0035977732637672566,6.2725,0.07500000000000018,True,False,,True,True,True,False,,0,False,,0,False,False,True,True
next_observation,BOJ_20180731,BoJ,2018-07-31,2018-08-01,2018-08-09,5871,6,0.0009456691313355657,6.25,-0.022499999999999964,True,False,,True,True,True,False,,0,False,,0,False,False,True,True
next_observation,BOJ_20180731,BoJ,2018-07-31,2018-08-01,2018-08-10,5871,7,-0.0022981782415291796,7.1125,0.8624999999999998,True,False,,True,True,True,False,,0,False,,0,False,False,True,True
next_observation,BOJ_20180731,BoJ,2018-07-31,2018-08-01,2018-08-13,5871,8,-0.0012188242113733655,7.4975,0.3849999999999998,True,False,,True,True,True,False,,0,False,,0,False,False,True,True
next_observation,BOJ_20180731,BoJ,2018-07-31,2018-08-01,2018-08-14,5871,9,0.00410196883401733,7.0225,-0.47499999999999964,True,False,,True,True,True,False,,0,False,,0,False,False,True,True
next_observation,BOJ_20180731,BoJ,2018-07-31,2018-08-01,2018-08-15,5871,10,-0.0036503792309670615,7.5025,0.4800000000000004,True,False,,True,True,True,False,,0,False,,0,False,False,True,True
next_observation,BOJ_20180919,BoJ,2018-09-19,2018-09-20,2018-08-23,5907,-20,0.006581343625479551,6.7925,-0.1324999999999994,True,False,,True,True,True,False,,0,False,,0,False,False,True,True
next_observation,BOJ_20180919,BoJ,2018-09-19,2018-09-20,2018-08-24,5907,-19,-0.0004044489438346986,6.515,-0.27750000000000075,True,False,,True,True,True,False,,0,False,,0,False,False,True,True
next_observation,BOJ_20180919,BoJ,2018-09-19,2018-09-20,2018-08-27,5907,-18,-0.0014393669271654402,6.415,-0.09999999999999964,True,False,,True,True,True,False,,0,False,,0,False,False,True,True
next_observation,BOJ_20180919,BoJ,2018-09-19,2018-09-20,2018-08-28,5907,-17,0.0009897872765590907,6.2925,-0.12249999999999961,True,False,,True,True,True,False,,0,False,,0,False,False,True,True
next_observation,BOJ_20180919,BoJ,2018-09-19,2018-09-20,2018-08-29,5907,-16,0.00435241752302475,6.3675,0.07499999999999929,True,False,,True,True,True,False,,0,False,,0,False,False,True,True
next_observation,BOJ_20180919,BoJ,2018-09-19,2018-09-20,2018-08-30,5907,-15,-0.006197810192558495,6.85,0.48249999999999993,True,False,,True,True,True,False,,0,False,,0,False,False,True,True
next_observation,BOJ_20180919,BoJ,2018-09-19,2018-09-20,2018-08-31,5907,-14,0.0003603441325419619,6.71,-0.13999999999999968,True,False,,True,True,True,False,,0,False,,0,False,False,True,True
next_observation,BOJ_20180919,BoJ,2018-09-19,2018-09-20,2018-09-03,5907,-13,0.0003602143314197108,6.6675,-0.04249999999999954,True,False,,True,True,True,False,,0,False,,0,False,False,True,True
next_observation,BOJ_20180919,BoJ,2018-09-19,2018-09-20,2018-09-04,5907,-12,0.0031014745616393976,6.78,0.11249999999999982,True,False,,True,True,True,False,,0,False,,0,False,False,True,True
next_observation,BOJ_20180919,BoJ,2018-09-19,2018-09-20,2018-09-05,5907,-11,0.0010765229352204635,6.6575,-0.1225000000000005,True,False,,True,True,True,False,,0,False,,0,False,False,True,True
next_observation,BOJ_20180919,BoJ,2018-09-19,2018-09-20,2018-09-06,5907,-10,-0.007018204081200514,6.7125,0.055000000000000604,True,False,,True,True,True,False,,0,False,,0,False,False,True,True
next_observation,BOJ_20180919,BoJ,2018-09-19,2018-09-20,2018-09-07,5907,-9,0.002209746327485543,6.6425,-0.07000000000000028,True,False,,True,True,True,False,,0,False,,0,False,False,True,True
next_observation,BOJ_20180919,BoJ,2018-09-19,2018-09-20,2018-09-10,5907,-8,0.0012155319448244137,6.69,0.04750000000000032,True,False,,True,True,True,False,,0,False,,0,False,False,True,True
next_observation,BOJ_20180919,BoJ,2018-09-19,2018-09-20,2018-09-11,5907,-7,0.004533933652845152,6.68,-0.010000000000000675,True,False,,True,True,True,False,,0,False,,0,False,False,True,True
next_observation,BOJ_20180919,BoJ,2018-09-19,2018-09-20,2018-09-12,5907,-6,-0.0033198774323209192,6.575,-0.10499999999999954,True,False,,True,True,True,False,,0,False,,0,False,False,True,True
next_observation,BOJ_20180919,BoJ,2018-09-19,2018-09-20,2018-09-13,5907,-5,0.0059142607089500195,6.445,-0.1299999999999999,True,False,,True,True,True,False,,0,False,,0,False,False,True,True
next_observation,BOJ_20180919,BoJ,2018-09-19,2018-09-20,2018-09-14,5907,-4,0.0012054380101090912,6.415,-0.03000000000000025,True,False,,True,True,True,False,,0,False,,0,False,False,True,True
next_observation,BOJ_20180919,BoJ,2018-09-19,2018-09-20,2018-09-17,5907,-3,-0.0019204579270628833,6.35,-0.06500000000000039,True,False,,True,True,True,False,,0,False,,0,False,False,True,True
next_observation,BOJ_20180919,BoJ,2018-09-19,2018-09-20,2018-09-18,5907,-2,0.0045940180259674,6.46,0.11000000000000032,True,False,,True,True,True,False,,0,False,,0,False,False,True,True
next_observation,BOJ_20180919,BoJ,2018-09-19,2018-09-20,2018-09-19,5907,-1,-0.0007122507423612086,6.445,-0.01499999999999968,True,False,,True,True,True,False,,0,False,,0,False,False,True,True
next_observation,BOJ_20180919,BoJ,2018-09-19,2018-09-20,2018-09-20,5907,0,0.0018685773110527486,6.275,-0.16999999999999993,True,False,,True,True,True,False,,0,False,,0,False,False,True,True
next_observation,BOJ_20180919,BoJ,2018-09-19,2018-09-20,2018-09-21,5907,1,0.0008885730103045506,6.35,0.07499999999999929,True,False,,True,True,True,False,,0,False,,0,False,False,True,True
next_observation,BOJ_20180919,BoJ,2018-09-19,2018-09-20,2018-09-24,5907,2,0.0019077625076753522,6.385,0.03500000000000014,True,False,,True,True,True,False,,0,False,,0,False,False,True,True
next_observation,BOJ_20180919,BoJ,2018-09-19,2018-09-20,2018-09-25,5907,3,0.0015058909746287468,6.41,0.025000000000000355,True,False,,True,True,True,False,,0,False,,0,False,False,True,True
next_observation,BOJ_20180919,BoJ,2018-09-19,2018-09-20,2018-09-26,5907,4,-0.0021709762409034576,6.11,-0.2999999999999998,True,False,,True,True,True,False,,0,False,,0,False,False,True,True
next_observation,BOJ_20180919,BoJ,2018-09-19,2018-09-20,2018-09-27,5907,5,0.005793528355809779,6.2275,0.11749999999999972,True,False,,True,True,True,False,,0,False,,0,False,False,True,True
next_observation,BOJ_20180919,BoJ,2018-09-19,2018-09-20,2018-09-28,5907,6,0.002774293344240708,6.145,-0.08250000000000046,True,False,,True,True,True,False,,0,False,,0,False,False,True,True
next_observation,BOJ_20180919,BoJ,2018-09-19,2018-09-20,2018-10-01,5907,7,0.002020823953534049,6.345,0.20000000000000018,True,False,,True,True,True,False,,0,False,,0,False,False,True,True
next_observation,BOJ_20180919,BoJ,2018-09-19,2018-09-20,2018-10-02,5907,8,-0.0024606744114722286,6.365,0.020000000000000462,True,False,,True,True,True,False,,0,False,,0,False,False,True,True
next_observation,BOJ_20180919,BoJ,2018-09-19,2018-09-20,2018-10-03,5907,9,0.007756902841985639,6.52,0.15499999999999936,True,False,,True,True,True,False,,0,False,,0,False,False,True,True
next_observation,BOJ_20180919,BoJ,2018-09-19,2018-09-20,2018-10-04,5907,10,-0.005471790228717252,7.015,0.4950000000000001,True,False,,True,True,True,False,,0,False,,0,False,False,True,True
next_observation,BOJ_20181031,BoJ,2018-10-31,2018-11-01,2018-10-04,5937,-20,-0.005471790228717252,7.015,0.4950000000000001,True,False,,True,True,True,False,,0,False,,0,False,False,True,True
next_observation,BOJ_20181031,BoJ,2018-10-31,2018-11-01,2018-10-05,5937,-19,-0.0016693761290216265,7.01,-0.004999999999999893,True,False,,True,True,True,False,,0,False,,0,False,False,True,True
next_observation,BOJ_20181031,BoJ,2018-10-31,2018-11-01,2018-10-08,5937,-18,-0.004318138456850982,7.475,0.46499999999999986,True,False,,True,True,True,False,,0,False,,0,False,False,True,True
next_observation,BOJ_20181031,BoJ,2018-10-31,2018-11-01,2018-10-09,5937,-17,-0.0024316390167624727,7.2225,-0.2524999999999995,True,False,,True,True,True,False,,0,False,,0,False,False,True,True
next_observation,BOJ_20181031,BoJ,2018-10-31,2018-11-01,2018-10-10,5937,-16,-0.006038290335383805,7.455,0.23249999999999993,True,False,,True,True,True,False,,0,False,,0,False,False,True,True
next_observation,BOJ_20181031,BoJ,2018-10-31,2018-11-01,2018-10-11,5937,-15,-0.0009802175085331807,7.375,-0.08000000000000007,True,False,,True,True,True,False,,0,False,,0,False,False,True,True
next_observation,BOJ_20181031,BoJ,2018-10-31,2018-11-01,2018-10-12,5937,-14,0.0004011142115062271,7.065,-0.3099999999999996,True,False,,True,True,True,False,,0,False,,0,False,False,True,True
next_observation,BOJ_20181031,BoJ,2018-10-31,2018-11-01,2018-10-15,5937,-13,-0.00392892727925468,7.2475,0.18249999999999922,True,False,,True,True,True,False,,0,False,,0,False,False,True,True
next_observation,BOJ_20181031,BoJ,2018-10-31,2018-11-01,2018-10-16,5937,-12,0.004329880662658428,6.74,-0.5074999999999994,True,False,,True,True,True,False,,0,False,,0,False,False,True,True
next_observation,BOJ_20181031,BoJ,2018-10-31,2018-11-01,2018-10-17,5937,-11,0.0034682115689275783,6.6675,-0.07249999999999979,True,False,,True,True,True,False,,0,False,,0,False,False,True,True
next_observation,BOJ_20181031,BoJ,2018-10-31,2018-11-01,2018-10-18,5937,-10,-0.0038691649523310907,6.795,0.1274999999999995,True,False,,True,True,True,False,,0,False,,0,False,False,True,True
next_observation,BOJ_20181031,BoJ,2018-10-31,2018-11-01,2018-10-19,5937,-9,0.0030254516759662658,6.49,-0.3049999999999997,True,False,,True,True,True,False,,0,False,,0,False,False,True,True
next_observation,BOJ_20181031,BoJ,2018-10-31,2018-11-01,2018-10-22,5937,-8,0.0024403783603235783,6.47,-0.020000000000000462,True,False,,True,True,True,False,,0,False,,0,False,False,True,True
next_observation,BOJ_20181031,BoJ,2018-10-31,2018-11-01,2018-10-23,5937,-7,-0.003418199674733797,6.84,0.3700000000000001,True,False,,True,True,True,False,,0,False,,0,False,False,True,True
next_observation,BOJ_20181031,BoJ,2018-10-31,2018-11-01,2018-10-24,5937,-6,-0.0016021365242779326,6.99,0.15000000000000036,True,False,,True,True,True,False,,0,False,,0,False,False,True,True
next_observation,BOJ_20181031,BoJ,2018-10-31,2018-11-01,2018-10-25,5937,-5,0.0014242480598758189,6.81,-0.1800000000000006,True,False,,True,True,True,False,,0,False,,0,False,False,True,True
next_observation,BOJ_20181031,BoJ,2018-10-31,2018-11-01,2018-10-26,5937,-4,-0.004591560501836237,7.425,0.6150000000000002,True,False,,True,True,True,False,,0,False,,0,False,False,True,True
next_observation,BOJ_20181031,BoJ,2018-10-31,2018-11-01,2018-10-29,5937,-3,0.004191195719691721,7.2825,-0.14250000000000007,True,False,,True,True,True,False,,0,False,,0,False,False,True,True
next_observation,BOJ_20181031,BoJ,2018-10-31,2018-11-01,2018-10-30,5937,-2,0.0066519092283059186,7.12,-0.16249999999999964,True,False,,True,True,True,False,,0,False,,0,False,False,True,True
next_observation,BOJ_20181031,BoJ,2018-10-31,2018-11-01,2018-10-31,5937,-1,-0.0015924274608517478,6.885,-0.23500000000000032,True,False,,True,True,True,False,,0,False,,0,False,False,True,True
next_observation,BOJ_20181031,BoJ,2018-10-31,2018-11-01,2018-11-01,5937,0,-0.002038465653142332,6.7825,-0.10250000000000004,True,False,,True,True,True,False,,0,False,,0,False,False,True,True
next_observation,BOJ_20181031,BoJ,2018-10-31,2018-11-01,2018-11-02,5937,1,0.004337825498845257,6.67,-0.11249999999999982,True,False,,True,True,True,False,,0,False,,0,False,False,True,True
next_observation,BOJ_20181031,BoJ,2018-10-31,2018-11-01,2018-11-05,5937,2,-0.00013251176061262137,6.875,0.20500000000000007,True,False,,True,True,True,False,,0,False,,0,False,False,True,True
next_observation,BOJ_20181031,BoJ,2018-10-31,2018-11-01,2018-11-06,5937,3,0.002118083926622528,7.025,0.15000000000000036,True,False,,True,True,True,False,,0,False,,0,False,False,True,True
next_observation,BOJ_20181031,BoJ,2018-10-31,2018-11-01,2018-11-07,5937,4,0.0007931262808360964,6.47,-0.5550000000000006,True,False,,True,True,True,False,,0,False,,0,False,False,True,True
next_observation,BOJ_20181031,BoJ,2018-10-31,2018-11-01,2018-11-08,5937,5,0.004789428493050789,6.32,-0.14999999999999947,True,False,,True,True,True,False,,0,False,,0,False,False,True,True
next_observation,BOJ_20181031,BoJ,2018-10-31,2018-11-01,2018-11-09,5937,6,-0.002106280123992373,6.39,0.0699999999999994,True,False,,True,True,True,False,,0,False,,0,False,False,True,True
next_observation,BOJ_20181031,BoJ,2018-10-31,2018-11-01,2018-11-12,5937,7,0.0001317725607512624,6.68,0.29000000000000004,True,False,,True,True,True,False,,0,False,,0,False,False,True,True
next_observation,BOJ_20181031,BoJ,2018-10-31,2018-11-01,2018-11-13,5937,8,-0.0003074963234490963,6.6525,-0.027499999999999858,True,False,,True,True,True,False,,0,False,,0,False,False,True,True
next_observation,BOJ_20181031,BoJ,2018-10-31,2018-11-01,2018-11-14,5937,9,-0.0015829049605049798,6.7575,0.10500000000000043,True,False,,True,True,True,False,,0,False,,0,False,False,True,True
next_observation,BOJ_20181031,BoJ,2018-10-31,2018-11-01,2018-11-15,5937,10,0.00013200448834420686,6.895,0.1374999999999993,True,False,,True,True,True,False,,0,False,,0,False,False,True,True
next_observation,BOJ_20181220,BoJ,2018-12-20,2018-12-21,2018-11-23,5973,-20,8.853083091968559e-05,6.67,-0.012500000000000178,True,False,,True,True,True,False,,0,False,,0,False,False,True,True
next_observation,BOJ_20181220,BoJ,2018-12-20,2018-12-21,2018-11-26,5973,-19,0.0055176815702521675,6.6025,-0.0674999999999999,True,False,,True,True,True,False,,0,False,,0,False,False,True,True
next_observation,BOJ_20181220,BoJ,2018-12-20,2018-12-21,2018-11-27,5973,-18,0.0017592474959977366,6.4875,-0.11500000000000021,True,False,,True,True,True,False,,0,False,,0,False,False,True,True
next_observation,BOJ_20181220,BoJ,2018-12-20,2018-12-21,2018-11-28,5973,-17,-0.0009232190223366949,6.4825,-0.004999999999999893,True,False,,True,True,True,False,,0,False,,0,False,False,True,True
next_observation,BOJ_20181220,BoJ,2018-12-20,2018-12-21,2018-11-29,5973,-16,-0.0017168141914122974,6.4925,0.009999999999999787,True,False,,True,True,True,False,,0,False,,0,False,False,True,True
next_observation,BOJ_20181220,BoJ,2018-12-20,2018-12-21,2018-11-30,5973,-15,0.0007487173061218635,6.3425,-0.14999999999999947,True,False,,True,True,True,False,,0,False,,0,False,False,True,True
next_observation,BOJ_20181220,BoJ,2018-12-20,2018-12-21,2018-12-03,5973,-14,0.0007921489654205791,5.9875,-0.3550000000000004,True,False,,True,True,True,False,,0,False,,0,False,False,True,True
next_observation,BOJ_20181220,BoJ,2018-12-20,2018-12-21,2018-12-04,5973,-13,-0.007861189624779018,6.2375,0.25,True,False,,True,True,True,False,,0,False,,0,False,False,True,True
next_observation,BOJ_20181220,BoJ,2018-12-20,2018-12-21,2018-12-05,5973,-12,0.003717476400132352,5.83,-0.40749999999999975,True,False,,True,True,True,False,,0,False,,0,False,False,True,True
next_observation,BOJ_20181220,BoJ,2018-12-20,2018-12-21,2018-12-06,5973,-11,-0.004560254067616803,6.5425,0.7125000000000004,True,False,,True,True,True,False,,0,False,,0,False,False,True,True
next_observation,BOJ_20181220,BoJ,2018-12-20,2018-12-21,2018-12-07,5973,-10,0.00013311738754602067,6.215,-0.32750000000000057,True,False,,True,True,True,False,,0,False,,0,False,False,True,True
next_observation,BOJ_20181220,BoJ,2018-12-20,2018-12-21,2018-12-10,5973,-9,0.005707348752061955,6.365,0.15000000000000036,True,False,,True,True,True,False,,0,False,,0,False,False,True,True
next_observation,BOJ_20181220,BoJ,2018-12-20,2018-12-21,2018-12-11,5973,-8,0.0003528737189808188,6.255,-0.11000000000000032,True,False,,True,True,True,False,,0,False,,0,False,False,True,True
next_observation,BOJ_20181220,BoJ,2018-12-20,2018-12-21,2018-12-12,5973,-7,-0.0007941410458832924,6.085,-0.16999999999999993,True,False,,True,True,True,False,,0,False,,0,False,False,True,True
next_observation,BOJ_20181220,BoJ,2018-12-20,2018-12-21,2018-12-13,5973,-6,0.002996785108225613,5.685,-0.40000000000000036,True,False,,True,True,True,False,,0,False,,0,False,False,True,True
next_observation,BOJ_20181220,BoJ,2018-12-20,2018-12-21,2018-12-14,5973,-5,-0.002114445085393115,5.645,-0.040000000000000036,True,False,,True,True,True,False,,0,False,,0,False,False,True,True
next_observation,BOJ_20181220,BoJ,2018-12-20,2018-12-21,2018-12-17,5973,-4,-0.004906846261895045,6.08,0.4350000000000005,True,False,,True,True,True,False,,0,False,,0,False,False,True,True
next_observation,BOJ_20181220,BoJ,2018-12-20,2018-12-21,2018-12-18,5973,-3,-0.002751277528698517,6.445,0.3650000000000002,True,False,,True,True,True,False,,0,False,,0,False,False,True,True
next_observation,BOJ_20181220,BoJ,2018-12-20,2018-12-21,2018-12-19,5973,-2,-0.00035555555930145505,6.245,-0.20000000000000018,True,False,,True,True,True,False,,0,False,,0,False,False,True,True
next_observation,BOJ_20181220,BoJ,2018-12-20,2018-12-21,2018-12-20,5973,-1,-0.010680949752755804,7.2375,0.9924999999999997,True,False,,True,True,True,False,,0,False,,0,False,False,True,True
next_observation,BOJ_20181220,BoJ,2018-12-20,2018-12-21,2018-12-21,5973,0,-0.0005842565501809912,7.55,0.3125,True,False,,True,True,True,False,,0,False,,0,False,False,True,True
next_observation,BOJ_20181220,BoJ,2018-12-20,2018-12-21,2018-12-24,5973,1,-0.006947291893291744,8.07,0.5200000000000005,True,False,,True,True,True,False,,0,False,,0,False,False,True,True
next_observation,BOJ_20181220,BoJ,2018-12-20,2018-12-21,2018-12-25,5973,2,-0.001268345884835885,8.1575,0.08750000000000036,True,False,,True,True,True,False,,0,False,,0,False,False,True,True
next_observation,BOJ_20181220,BoJ,2018-12-20,2018-12-21,2018-12-26,5973,3,0.009518511022157344,8.0425,-0.11500000000000021,True,False,,True,True,True,False,,0,False,,0,False,False,True,True
next_observation,BOJ_20181220,BoJ,2018-12-20,2018-12-21,2018-12-27,5973,4,-0.0031928076588921186,8.385,0.34249999999999936,True,False,,True,True,True,False,,0,False,,0,False,False,True,True
next_observation,BOJ_20181220,BoJ,2018-12-20,2018-12-21,2018-12-28,5973,5,-0.006688383573968472,8.4,0.015000000000000568,True,False,,True,True,True,False,,0,False,,0,False,False,True,True
next_observation,BOJ_20181220,BoJ,2018-12-20,2018-12-21,2018-12-31,5973,6,-0.005273698347344443,8.595,0.19500000000000028,True,False,,True,True,True,False,,0,False,,0,False,False,True,True
next_observation,BOJ_20181220,BoJ,2018-12-20,2018-12-21,2019-01-01,5973,7,0.00041016293157918493,8.68,0.08499999999999908,True,False,,True,True,True,False,,0,False,,0,False,False,True,True
next_observation,BOJ_20181220,BoJ,2018-12-20,2018-12-21,2019-01-02,5973,8,-0.007822010011611355,8.53,-0.15000000000000036,True,False,,True,True,True,False,,0,False,,0,False,False,True,True
next_observation,BOJ_20181220,BoJ,2018-12-20,2018-12-21,2019-01-03,5973,9,-0.011128927403036365,9.9625,1.432500000000001,True,False,,True,True,True,False,,0,False,,0,False,False,True,True
next_observation,BOJ_20181220,BoJ,2018-12-20,2018-12-21,2019-01-04,5973,10,0.00772490369194199,8.9175,-1.045,True,False,,True,True,True,False,,0,False,,0,False,False,True,True
next_observation,BOJ_20190123,BoJ,2019-01-23,2019-01-24,2018-12-27,5997,-20,-0.0031928076588921186,8.385,0.34249999999999936,True,False,,True,True,True,False,,0,False,,0,False,False,True,True
next_observation,BOJ_20190123,BoJ,2019-01-23,2019-01-24,2018-12-28,5997,-19,-0.006688383573968472,8.4,0.015000000000000568,True,False,,True,True,True,False,,0,False,,0,False,False,True,True
next_observation,BOJ_20190123,BoJ,2019-01-23,2019-01-24,2018-12-31,5997,-18,-0.005273698347344443,8.595,0.19500000000000028,True,False,,True,True,True,False,,0,False,,0,False,False,True,True
next_observation,BOJ_20190123,BoJ,2019-01-23,2019-01-24,2019-01-01,5997,-17,0.00041016293157918493,8.68,0.08499999999999908,True,False,,True,True,True,False,,0,False,,0,False,False,True,True
next_observation,BOJ_20190123,BoJ,2019-01-23,2019-01-24,2019-01-02,5997,-16,-0.007822010011611355,8.53,-0.15000000000000036,True,False,,True,True,True,False,,0,False,,0,False,False,True,True
next_observation,BOJ_20190123,BoJ,2019-01-23,2019-01-24,2019-01-03,5997,-15,-0.011128927403036365,9.9625,1.432500000000001,True,False,,True,True,True,False,,0,False,,0,False,False,True,True
next_observation,BOJ_20190123,BoJ,2019-01-23,2019-01-24,2019-01-04,5997,-14,0.00772490369194199,8.9175,-1.045,True,False,,True,True,True,False,,0,False,,0,False,False,True,True
next_observation,BOJ_20190123,BoJ,2019-01-23,2019-01-24,2019-01-07,5997,-13,0.0019334352107719232,8.31,-0.6074999999999999,True,False,,True,True,True,False,,0,False,,0,False,False,True,True
next_observation,BOJ_20190123,BoJ,2019-01-23,2019-01-24,2019-01-08,5997,-12,0.00027590012590512073,8.065,-0.245000000000001,True,False,,True,True,True,False,,0,False,,0,False,False,True,True
next_observation,BOJ_20190123,BoJ,2019-01-23,2019-01-24,2019-01-09,5997,-11,-0.005347606326595242,8.215,0.15000000000000036,True,False,,True,True,True,False,,0,False,,0,False,False,True,True
next_observation,BOJ_20190123,BoJ,2019-01-23,2019-01-24,2019-01-10,5997,-10,0.0024007398418925143,8.21,-0.004999999999999005,True,False,,True,True,True,False,,0,False,,0,False,False,True,True
next_observation,BOJ_20190123,BoJ,2019-01-23,2019-01-24,2019-01-11,5997,-9,0.000507111091244392,7.9,-0.3100000000000005,True,False,,True,True,True,False,,0,False,,0,False,False,True,True
next_observation,BOJ_20190123,BoJ,2019-01-23,2019-01-24,2019-01-14,5997,-8,-0.0030003022806811656,8.0575,0.15749999999999886,True,False,,True,True,True,False,,0,False,,0,False,False,True,True
next_observation,BOJ_20190123,BoJ,2019-01-23,2019-01-24,2019-01-15,5997,-7,0.004750164580201898,7.93,-0.1274999999999995,True,False,,True,True,True,False,,0,False,,0,False,False,True,True
next_observation,BOJ_20190123,BoJ,2019-01-23,2019-01-24,2019-01-16,5997,-6,0.003811452734809743,7.625,-0.3049999999999997,True,False,,True,True,True,False,,0,False,,0,False,False,True,True
next_observation,BOJ_20190123,BoJ,2019-01-23,2019-01-24,2019-01-17,5997,-5,0.0015571333579060772,7.1775,-0.4474999999999998,True,False,,True,True,True,False,,0,False,,0,False,False,True,True
next_observation,BOJ_20190123,BoJ,2019-01-23,2019-01-24,2019-01-18,5997,-4,0.004793544753728556,6.9175,-0.2599999999999998,True,False,,True,True,True,False,,0,False,,0,False,False,True,True
next_observation,BOJ_20190123,BoJ,2019-01-23,2019-01-24,2019-01-21,5997,-3,-0.0010936433079111543,6.9575,0.03999999999999915,True,False,,True,True,True,False,,0,False,,0,False,False,True,True
next_observation,BOJ_20190123,BoJ,2019-01-23,2019-01-24,2019-01-22,5997,-2,-0.0026479197356105125,6.995,0.03750000000000053,True,False,,True,True,True,False,,0,False,,0,False,False,True,True
next_observation,BOJ_20190123,BoJ,2019-01-23,2019-01-24,2019-01-23,5997,-1,0.002100649233512151,6.7475,-0.2475000000000005,True,False,,True,True,True,False,,0,False,,0,False,False,True,True
next_observation,BOJ_20190123,BoJ,2019-01-23,2019-01-24,2019-01-24,5997,0,0.0003192775232942971,6.5775,-0.16999999999999993,True,False,,True,True,True,False,,0,False,,0,False,False,True,True
next_observation,BOJ_20190123,BoJ,2019-01-23,2019-01-24,2019-01-25,5997,1,-0.0008212053931095497,6.4575,-0.1200000000000001,True,False,,True,True,True,False,,0,False,,0,False,False,True,True
next_observation,BOJ_20190123,BoJ,2019-01-23,2019-01-24,2019-01-28,5997,2,-0.001827318918698658,6.7525,0.2950000000000008,True,False,,True,True,True,False,,0,False,,0,False,False,True,True
next_observation,BOJ_20190123,BoJ,2019-01-23,2019-01-24,2019-01-29,5997,3,0.0004114379815292508,6.8125,0.05999999999999961,True,False,,True,True,True,False,,0,False,,0,False,False,True,True
next_observation,BOJ_20190123,BoJ,2019-01-23,2019-01-24,2019-01-30,5997,4,-0.0032503977160289405,6.595,-0.21750000000000025,True,False,,True,True,True,False,,0,False,,0,False,False,True,True
next_observation,BOJ_20190123,BoJ,2019-01-23,2019-01-24,2019-01-31,5997,5,-0.0014225079833635021,6.765,0.16999999999999993,True,False,,True,True,True,False,,0,False,,0,False,False,True,True
next_observation,BOJ_20190123,BoJ,2019-01-23,2019-01-24,2019-02-01,5997,6,0.0056322698516419085,6.3175,-0.4474999999999998,True,False,,True,True,True,False,,0,False,,0,False,False,True,True
next_observation,BOJ_20190123,BoJ,2019-01-23,2019-01-24,2019-02-04,5997,7,0.0035553162022772685,6.285,-0.03249999999999975,True,False,,True,True,True,False,,0,False,,0,False,False,True,True
next_observation,BOJ_20190123,BoJ,2019-01-23,2019-01-24,2019-02-05,5997,8,0.0006822678848268603,6.115,-0.16999999999999993,True,False,,True,True,True,False,,0,False,,0,False,False,True,True
next_observation,BOJ_20190123,BoJ,2019-01-23,2019-01-24,2019-02-06,5997,9,9.093389112385222e-05,6.2025,0.08749999999999947,True,False,,True,True,True,False,,0,False,,0,False,False,True,True
next_observation,BOJ_20190123,BoJ,2019-01-23,2019-01-24,2019-02-07,5997,10,-0.0014559354680677347,6.405,0.20250000000000057,True,False,,True,True,True,False,,0,False,,0,False,False,True,True
next_observation,BOJ_20190315,BoJ,2019-03-15,2019-03-18,2019-02-18,6034,-20,0.0013116535497284824,5.99,-0.15499999999999936,True,False,,True,True,True,False,,0,False,,0,False,False,True,True
next_observation,BOJ_20190315,BoJ,2019-03-15,2019-03-18,2019-02-19,6034,-19,0.00013559015636226544,5.7975,-0.1924999999999999,True,False,,True,True,True,False,,0,False,,0,False,False,True,True
next_observation,BOJ_20190315,BoJ,2019-03-15,2019-03-18,2019-02-20,6034,-18,0.0019865463212790755,5.69,-0.10749999999999993,True,False,,True,True,True,False,,0,False,,0,False,False,True,True
next_observation,BOJ_20190315,BoJ,2019-03-15,2019-03-18,2019-02-21,6034,-17,-0.0013992013295820267,5.725,0.034999999999999254,True,False,,True,True,True,False,,0,False,,0,False,False,True,True
next_observation,BOJ_20190315,BoJ,2019-03-15,2019-03-18,2019-02-22,6034,-16,-9.03383170585962e-05,5.445,-0.27999999999999936,True,False,,True,True,True,False,,0,False,,0,False,False,True,True
next_observation,BOJ_20190315,BoJ,2019-03-15,2019-03-18,2019-02-25,6034,-15,0.0033821141120532992,5.365,-0.08000000000000007,True,False,,True,True,True,False,,0,False,,0,False,False,True,True
next_observation,BOJ_20190315,BoJ,2019-03-15,2019-03-18,2019-02-26,6034,-14,-0.004285946422317145,5.5,0.1349999999999998,True,False,,True,True,True,False,,0,False,,0,False,False,True,True
next_observation,BOJ_20190315,BoJ,2019-03-15,2019-03-18,2019-02-27,6034,-13,0.0036554861654620094,5.705,0.20500000000000007,True,False,,True,True,True,False,,0,False,,0,False,False,True,True
next_observation,BOJ_20190315,BoJ,2019-03-15,2019-03-18,2019-02-28,6034,-12,0.00350751326410668,5.58,-0.125,True,False,,True,True,True,False,,0,False,,0,False,False,True,True
next_observation,BOJ_20190315,BoJ,2019-03-15,2019-03-18,2019-03-01,6034,-11,0.004478889558398803,5.59,0.009999999999999787,True,False,,True,True,True,False,,0,False,,0,False,False,True,True
next_observation,BOJ_20190315,BoJ,2019-03-15,2019-03-18,2019-03-04,6034,-10,-0.0012520683118501547,5.67,0.08000000000000007,True,False,,True,True,True,False,,0,False,,0,False,False,True,True
next_observation,BOJ_20190315,BoJ,2019-03-15,2019-03-18,2019-03-05,6034,-9,0.0012967560562438464,5.405,-0.2649999999999997,True,False,,True,True,True,False,,0,False,,0,False,False,True,True
next_observation,BOJ_20190315,BoJ,2019-03-15,2019-03-18,2019-03-06,6034,-8,-0.00107305742210956,5.4,-0.004999999999999893,True,False,,True,True,True,False,,0,False,,0,False,False,True,True
next_observation,BOJ_20190315,BoJ,2019-03-15,2019-03-18,2019-03-07,6034,-7,-0.0017461778821866029,5.56,0.15999999999999925,True,False,,True,True,True,False,,0,False,,0,False,False,True,True
next_observation,BOJ_20190315,BoJ,2019-03-15,2019-03-18,2019-03-08,6034,-6,-0.0036814264439018352,5.745,0.1850000000000005,True,False,,True,True,True,False,,0,False,,0,False,False,True,True
next_observation,BOJ_20190315,BoJ,2019-03-15,2019-03-18,2019-03-11,6034,-5,0.00035976076297548096,5.6275,-0.11749999999999972,True,False,,True,True,True,False,,0,False,,0,False,False,True,True
next_observation,BOJ_20190315,BoJ,2019-03-15,2019-03-18,2019-03-12,6034,-4,0.0013928517517021503,5.5375,-0.09000000000000075,True,False,,True,True,True,False,,0,False,,0,False,False,True,True
next_observation,BOJ_20190315,BoJ,2019-03-15,2019-03-18,2019-03-13,6034,-3,-0.0017076353405859163,5.275,-0.2624999999999993,True,False,,True,True,True,False,,0,False,,0,False,False,True,True
next_observation,BOJ_20190315,BoJ,2019-03-15,2019-03-18,2019-03-14,6034,-2,0.004800906585194806,5.245,-0.03000000000000025,True,False,,True,True,True,False,,0,False,,0,False,False,True,True
next_observation,BOJ_20190315,BoJ,2019-03-15,2019-03-18,2019-03-15,6034,-1,-0.001971415128384527,5.105,-0.13999999999999968,True,False,,True,True,True,False,,0,False,,0,False,False,True,True
next_observation,BOJ_20190315,BoJ,2019-03-15,2019-03-18,2019-03-18,6034,0,-0.0005383338697144399,5.075,-0.03000000000000025,True,False,,True,True,True,False,,0,False,,0,False,False,True,True
next_observation,BOJ_20190315,BoJ,2019-03-15,2019-03-18,2019-03-19,6034,1,-0.0002692756501326454,5.065,-0.009999999999999787,True,False,,True,True,True,False,,0,False,,0,False,False,True,True
next_observation,BOJ_20190315,BoJ,2019-03-15,2019-03-18,2019-03-20,6034,2,-0.00621343736956143,5.405,0.33999999999999986,True,False,,True,True,True,False,,0,False,,0,False,False,True,True
next_observation,BOJ_20190315,BoJ,2019-03-15,2019-03-18,2019-03-21,6034,3,0.0010382576262778992,5.63,0.22499999999999964,True,False,,True,True,True,False,,0,False,,0,False,False,True,True
next_observation,BOJ_20190315,BoJ,2019-03-15,2019-03-18,2019-03-22,6034,4,-0.008108948372329703,6.275,0.6450000000000005,True,False,,True,True,True,False,,0,False,,0,False,False,True,True
next_observation,BOJ_20190315,BoJ,2019-03-15,2019-03-18,2019-03-25,6034,5,0.00040928625596939544,6.1175,-0.15750000000000064,True,False,,True,True,True,False,,0,False,,0,False,False,True,True
next_observation,BOJ_20190315,BoJ,2019-03-15,2019-03-18,2019-03-26,6034,6,0.0060288934000513866,5.67,-0.4474999999999998,True,False,,True,True,True,False,,0,False,,0,False,False,True,True
next_observation,BOJ_20190315,BoJ,2019-03-15,2019-03-18,2019-03-27,6034,7,-0.0011304801222036102,5.9725,0.3025000000000002,True,False,,True,True,True,False,,0,False,,0,False,False,True,True
next_observation,BOJ_20190315,BoJ,2019-03-15,2019-03-18,2019-03-28,6034,8,0.0011304801222035026,6.385,0.41249999999999964,True,False,,True,True,True,False,,0,False,,0,False,False,True,True
next_observation,BOJ_20190315,BoJ,2019-03-15,2019-03-18,2019-03-29,6034,9,0.0019865463212790755,5.9475,-0.4375,True,False,,True,True,True,False,,0,False,,0,False,False,True,True
next_observation,BOJ_20190315,BoJ,2019-03-15,2019-03-18,2019-04-01,6034,10,0.004455352659203158,5.5225,-0.4249999999999998,True,False,,True,True,True,False,,0,False,,0,False,False,True,True
next_observation,BOJ_20190425,BoJ,2019-04-25,2019-04-26,2019-03-29,6063,-20,0.0019865463212790755,5.9475,-0.4375,True,False,,True,True,True,False,,0,False,,0,False,False,True,True
next_observation,BOJ_20190425,BoJ,2019-04-25,2019-04-26,2019-04-01,6063,-19,0.004455352659203158,5.5225,-0.4249999999999998,True,False,,True,True,True,False,,0,False,,0,False,False,True,True
next_observation,BOJ_20190425,BoJ,2019-04-25,2019-04-26,2019-04-02,6063,-18,-0.00022454249561052042,5.4,-0.12249999999999961,True,False,,True,True,True,False,,0,False,,0,False,False,True,True
next_observation,BOJ_20190425,BoJ,2019-04-25,2019-04-26,2019-04-03,6063,-17,0.0014810495717140948,5.315,-0.08499999999999996,True,False,,True,True,True,False,,0,False,,0,False,False,True,True
next_observation,BOJ_20190425,BoJ,2019-04-25,2019-04-26,2019-04-04,6063,-16,0.0015684168929578507,5.16,-0.15500000000000025,True,False,,True,True,True,False,,0,False,,0,False,False,True,True
next_observation,BOJ_20190425,BoJ,2019-04-25,2019-04-26,2019-04-05,6063,-15,0.0005819288868086064,4.86,-0.2999999999999998,True,False,,True,True,True,False,,0,False,,0,False,False,True,True
next_observation,BOJ_20190425,BoJ,2019-04-25,2019-04-26,2019-04-08,6063,-14,-0.0021951938569127363,5.0275,0.16749999999999954,True,False,,True,True,True,False,,0,False,,0,False,False,True,True
next_observation,BOJ_20190425,BoJ,2019-04-25,2019-04-26,2019-04-09,6063,-13,-0.003099384850558664,5.125,0.09750000000000014,True,False,,True,True,True,False,,0,False,,0,False,False,True,True
next_observation,BOJ_20190425,BoJ,2019-04-25,2019-04-26,2019-04-10,6063,-12,-0.0011253405342357837,5.055,-0.07000000000000028,True,False,,True,True,True,False,,0,False,,0,False,False,True,True
next_observation,BOJ_20190425,BoJ,2019-04-25,2019-04-26,2019-04-11,6063,-11,0.0058379903548984695,4.6725,-0.3824999999999994,True,False,,True,True,True,False,,0,False,,0,False,False,True,True
next_observation,BOJ_20190425,BoJ,2019-04-25,2019-04-26,2019-04-12,6063,-10,0.0032187429997689895,4.7475,0.07499999999999929,True,False,,True,True,True,False,,0,False,,0,False,False,True,True
next_observation,BOJ_20190425,BoJ,2019-04-25,2019-04-26,2019-04-15,6063,-9,8.92618049327918e-05,4.815,0.06750000000000078,True,False,,True,True,True,False,,0,False,,0,False,False,True,True
next_observation,BOJ_20190425,BoJ,2019-04-25,2019-04-26,2019-04-16,6063,-8,-0.00026780932136503537,4.73,-0.08499999999999996,True,False,,True,True,True,False,,0,False,,0,False,False,True,True
next_observation,BOJ_20190425,BoJ,2019-04-25,2019-04-26,2019-04-17,6063,-7,0.0004909289813638273,4.65,-0.08000000000000007,True,False,,True,True,True,False,,0,False,,0,False,False,True,True
next_observation,BOJ_20190425,BoJ,2019-04-25,2019-04-26,2019-04-18,6063,-6,-0.000758810043774733,4.515,-0.13500000000000068,True,False,,True,True,True,False,,0,False,,0,False,False,True,True
next_observation,BOJ_20190425,BoJ,2019-04-25,2019-04-26,2019-04-19,6063,-5,-0.0004466279663345396,4.465,-0.04999999999999982,True,False,,True,True,True,False,,0,False,,0,False,False,True,True
next_observation,BOJ_20190425,BoJ,2019-04-25,2019-04-26,2019-04-22,6063,-4,0.00013400933618427474,4.6025,0.13750000000000018,True,False,,True,True,True,False,,0,False,,0,False,False,True,True
next_observation,BOJ_20190425,BoJ,2019-04-25,2019-04-26,2019-04-23,6063,-3,-0.000670226338174038,4.735,0.13250000000000028,True,False,,True,True,True,False,,0,False,,0,False,False,True,True
next_observation,BOJ_20190425,BoJ,2019-04-25,2019-04-26,2019-04-24,6063,-2,0.00294564169072662,5.1325,0.39749999999999996,True,False,,True,True,True,False,,0,False,,0,False,False,True,True
next_observation,BOJ_20190425,BoJ,2019-04-25,2019-04-26,2019-04-25,6063,-1,-0.005048597789125267,5.3925,0.2599999999999998,True,False,,True,True,True,False,,0,False,,0,False,False,True,True
next_observation,BOJ_20190425,BoJ,2019-04-25,2019-04-26,2019-04-26,6063,0,-0.0004031987152263277,5.14,-0.2525000000000004,True,False,,True,True,True,False,,0,False,,0,False,False,True,True
next_observation,BOJ_20190425,BoJ,2019-04-25,2019-04-26,2019-04-29,6063,1,0.0005823459747524316,5.07,-0.0699999999999994,True,False,,True,True,True,False,,0,False,,0,False,False,True,True
next_observation,BOJ_20190425,BoJ,2019-04-25,2019-04-26,2019-04-30,6063,2,-0.002017259453547368,5.3875,0.3174999999999999,True,False,,True,True,True,False,,0,False,,0,False,False,True,True
next_observation,BOJ_20190425,BoJ,2019-04-25,2019-04-26,2019-05-01,6063,3,-0.00040394067109714323,5.17,-0.21750000000000025,True,False,,True,True,True,False,,0,False,,0,False,False,True,True
next_observation,BOJ_20190425,BoJ,2019-04-25,2019-04-26,2019-05-02,6063,4,0.0012113328383985852,4.95,-0.21999999999999975,True,False,,True,True,True,False,,0,False,,0,False,False,True,True
next_observation,BOJ_20190425,BoJ,2019-04-25,2019-04-26,2019-05-03,6063,5,-0.003773419867519818,4.985,0.03500000000000014,True,False,,True,True,True,False,,0,False,,0,False,False,True,True
next_observation,BOJ_20190425,BoJ,2019-04-25,2019-04-26,2019-05-06,6063,6,-0.0029748511977625743,5.735,0.75,True,False,,True,True,True,False,,0,False,,0,False,False,True,True
next_observation,BOJ_20190425,BoJ,2019-04-25,2019-04-26,2019-05-07,6063,7,-0.0045696267731012135,6.315,0.5800000000000001,True,False,,True,True,True,False,,0,False,,0,False,False,True,True
next_observation,BOJ_20190425,BoJ,2019-04-25,2019-04-26,2019-05-08,6063,8,-0.0014521694329033478,6.51,0.1949999999999994,True,False,,True,True,True,False,,0,False,,0,False,False,True,True
next_observation,BOJ_20190425,BoJ,2019-04-25,2019-04-26,2019-05-09,6063,9,-0.003229550897714911,7.125,0.6150000000000002,True,False,,True,True,True,False,,0,False,,0,False,False,True,True
next_observation,BOJ_20190425,BoJ,2019-04-25,2019-04-26,2019-05-10,6063,10,0.001820747919814605,6.3275,-0.7975000000000003,True,False,,True,True,True,False,,0,False,,0,False,False,True,True
next_observation,BOJ_20190620,BoJ,2019-06-20,2019-06-21,2019-05-24,6103,-20,-0.0026951116055467348,6.38,0.07000000000000028,True,False,,True,True,True,False,,0,False,,0,False,False,True,True
next_observation,BOJ_20190620,BoJ,2019-06-20,2019-06-21,2019-05-27,6103,-19,0.0018279869819235333,6.295,-0.08499999999999996,True,False,,True,True,True,False,,0,False,,0,False,False,True,True
next_observation,BOJ_20190620,BoJ,2019-06-20,2019-06-21,2019-05-28,6103,-18,-0.0011878113690411234,6.2175,-0.07749999999999968,True,False,,True,True,True,False,,0,False,,0,False,False,True,True
next_observation,BOJ_20190620,BoJ,2019-06-20,2019-06-21,2019-05-29,6103,-17,0.001963695116688395,6.3675,0.14999999999999947,True,False,,True,True,True,False,,0,False,,0,False,False,True,True
next_observation,BOJ_20190620,BoJ,2019-06-20,2019-06-21,2019-05-30,6103,-16,0.00022808658265532222,6.195,-0.17249999999999943,True,False,,True,True,True,False,,0,False,,0,False,False,True,True
next_observation,BOJ_20190620,BoJ,2019-06-20,2019-06-21,2019-05-31,6103,-15,-0.012160854728510985,6.895,0.6999999999999993,True,False,,True,True,True,False,,0,False,,0,False,False,True,True
next_observation,BOJ_20190620,BoJ,2019-06-20,2019-06-21,2019-06-03,6103,-14,-0.0020335543357639482,7.27,0.375,True,False,,True,True,True,False,,0,False,,0,False,False,True,True
next_observation,BOJ_20190620,BoJ,2019-06-20,2019-06-21,2019-06-04,6103,-13,0.0006474886915694714,7.27,0.0,True,False,,True,True,True,False,,0,False,,0,False,False,True,True
next_observation,BOJ_20190620,BoJ,2019-06-20,2019-06-21,2019-06-05,6103,-12,0.0029546210497598943,7.105,-0.16499999999999915,True,False,,True,True,True,False,,0,False,,0,False,False,True,True
next_observation,BOJ_20190620,BoJ,2019-06-20,2019-06-21,2019-06-06,6103,-11,-0.0005533268919708148,6.965,-0.14000000000000057,True,False,,True,True,True,False,,0,False,,0,False,False,True,True
next_observation,BOJ_20190620,BoJ,2019-06-20,2019-06-21,2019-06-07,6103,-10,-0.0019852727035720944,6.6175,-0.34750000000000014,True,False,,True,True,True,False,,0,False,,0,False,False,True,True
next_observation,BOJ_20190620,BoJ,2019-06-20,2019-06-21,2019-06-10,6103,-9,0.002400296573401289,6.625,0.007500000000000284,True,False,,True,True,True,False,,0,False,,0,False,False,True,True
next_observation,BOJ_20190620,BoJ,2019-06-20,2019-06-21,2019-06-11,6103,-8,0.000645250517847608,6.51,-0.11500000000000021,True,False,,True,True,True,False,,0,False,,0,False,False,True,True
next_observation,BOJ_20190620,BoJ,2019-06-20,2019-06-21,2019-06-12,6103,-7,-0.0001843148102168204,6.55,0.040000000000000036,True,False,,True,True,True,False,,0,False,,0,False,False,True,True
next_observation,BOJ_20190620,BoJ,2019-06-20,2019-06-21,2019-06-13,6103,-6,-0.001106602842546181,6.2525,-0.29749999999999943,True,False,,True,True,True,False,,0,False,,0,False,False,True,True
next_observation,BOJ_20190620,BoJ,2019-06-20,2019-06-21,2019-06-14,6103,-5,0.0017055018077671634,6.26,0.007499999999999396,True,False,,True,True,True,False,,0,False,,0,False,False,True,True
next_observation,BOJ_20190620,BoJ,2019-06-20,2019-06-21,2019-06-17,6103,-4,-0.0001842384050166649,6.065,-0.1949999999999994,True,False,,True,True,True,False,,0,False,,0,False,False,True,True
next_observation,BOJ_20190620,BoJ,2019-06-20,2019-06-21,2019-06-18,6103,-3,-0.0008755962678352594,6.215,0.14999999999999947,True,False,,True,True,True,False,,0,False,,0,False,False,True,True
next_observation,BOJ_20190620,BoJ,2019-06-20,2019-06-21,2019-06-19,6103,-2,-0.0032325126277207798,5.97,-0.2450000000000001,True,False,,True,True,True,False,,0,False,,0,False,False,True,True
next_observation,BOJ_20190620,BoJ,2019-06-20,2019-06-21,2019-06-20,6103,-1,-0.007474674416705737,6.225,0.2549999999999999,True,False,,True,True,True,False,,0,False,,0,False,False,True,True
next_observation,BOJ_20190620,BoJ,2019-06-20,2019-06-21,2019-06-21,6103,0,0.0002795638821675227,6.315,0.09000000000000075,True,False,,True,True,True,False,,0,False,,0,False,False,True,True
next_observation,BOJ_20190620,BoJ,2019-06-20,2019-06-21,2019-06-24,6103,1,-0.0002795638821674332,6.435,0.11999999999999922,True,False,,True,True,True,False,,0,False,,0,False,False,True,True
next_observation,BOJ_20190620,BoJ,2019-06-20,2019-06-21,2019-06-25,6103,2,-0.0008858015917553939,6.735,0.3000000000000007,True,False,,True,True,True,False,,0,False,,0,False,False,True,True
next_observation,BOJ_20190620,BoJ,2019-06-20,2019-06-21,2019-06-26,6103,3,0.005535026573268965,6.405,-0.33000000000000007,True,False,,True,True,True,False,,0,False,,0,False,False,True,True
next_observation,BOJ_20190620,BoJ,2019-06-20,2019-06-21,2019-06-27,6103,4,-4.638541643342762e-05,6.4325,0.027499999999999858,True,False,,True,True,True,False,,0,False,,0,False,False,True,True
next_observation,BOJ_20190620,BoJ,2019-06-20,2019-06-21,2019-06-28,6103,5,0.0005564830416282764,6.5875,0.15500000000000025,True,False,,True,True,True,False,,0,False,,0,False,False,True,True
next_observation,BOJ_20190620,BoJ,2019-06-20,2019-06-21,2019-07-01,6103,6,0.005547864437718183,6.295,-0.2925000000000004,True,False,,True,True,True,False,,0,False,,0,False,False,True,True
next_observation,BOJ_20190620,BoJ,2019-06-20,2019-06-21,2019-07-02,6103,7,-0.005223392281535061,6.0225,-0.27249999999999996,True,False,,True,True,True,False,,0,False,,0,False,False,True,True
next_observation,BOJ_20190620,BoJ,2019-06-20,2019-06-21,2019-07-03,6103,8,-0.0006954264403217303,6.0975,0.07500000000000018,True,False,,True,True,True,False,,0,False,,0,False,False,True,True
next_observation,BOJ_20190620,BoJ,2019-06-20,2019-06-21,2019-07-04,6103,9,9.275147249606627e-05,5.87,-0.22750000000000004,True,False,,True,True,True,False,,0,False,,0,False,False,True,True
next_observation,BOJ_20190620,BoJ,2019-06-20,2019-06-21,2019-07-05,6103,10,0.006010467028603568,5.6725,-0.1974999999999998,True,False,,True,True,True,False,,0,False,,0,False,False,True,True
next_observation,BOJ_20190730,BoJ,2019-07-30,2019-07-31,2019-07-03,6131,-20,-0.0006954264403217303,6.0975,0.07500000000000018,True,False,,True,True,True,False,,0,False,,0,False,False,True,True
next_observation,BOJ_20190730,BoJ,2019-07-30,2019-07-31,2019-07-04,6131,-19,9.275147249606627e-05,5.87,-0.22750000000000004,True,False,,True,True,True,False,,0,False,,0,False,False,True,True
next_observation,BOJ_20190730,BoJ,2019-07-30,2019-07-31,2019-07-05,6131,-18,0.006010467028603568,5.6725,-0.1974999999999998,True,False,,True,True,True,False,,0,False,,0,False,False,True,True
next_observation,BOJ_20190730,BoJ,2019-07-30,2019-07-31,2019-07-08,6131,-17,0.002348121431575983,5.66,-0.012500000000000178,True,False,,True,True,True,False,,0,False,,0,False,False,True,True
next_observation,BOJ_20190730,BoJ,2019-07-30,2019-07-31,2019-07-09,6131,-16,0.0011949629145078398,5.675,0.01499999999999968,True,False,,True,True,True,False,,0,False,,0,False,False,True,True
next_observation,BOJ_20190730,BoJ,2019-07-30,2019-07-31,2019-07-10,6131,-15,-0.0035891811031849986,5.5225,-0.15249999999999986,True,False,,True,True,True,False,,0,False,,0,False,False,True,True
next_observation,BOJ_20190730,BoJ,2019-07-30,2019-07-31,2019-07-11,6131,-14,0.0003226326854893501,5.495,-0.027499999999999858,True,False,,True,True,True,False,,0,False,,0,False,False,True,True
next_observation,BOJ_20190730,BoJ,2019-07-30,2019-07-31,2019-07-12,6131,-13,-0.005452626604872001,5.6625,0.16749999999999954,True,False,,True,True,True,False,,0,False,,0,False,False,True,True
next_observation,BOJ_20190730,BoJ,2019-07-30,2019-07-31,2019-07-15,6131,-12,4.63338352915774e-05,5.87,0.20750000000000046,True,False,,True,True,True,False,,0,False,,0,False,False,True,True
next_observation,BOJ_20190730,BoJ,2019-07-30,2019-07-31,2019-07-16,6131,-11,0.0030532962284600196,5.835,-0.03500000000000014,True,False,,True,True,True,False,,0,False,,0,False,False,True,True
next_observation,BOJ_20190730,BoJ,2019-07-30,2019-07-31,2019-07-17,6131,-10,-0.002775338290971363,5.9025,0.0674999999999999,True,False,,True,True,True,False,,0,False,,0,False,False,True,True
next_observation,BOJ_20190730,BoJ,2019-07-30,2019-07-31,2019-07-18,6131,-9,-0.006039787919965547,6.22,0.3174999999999999,True,False,,True,True,True,False,,0,False,,0,False,False,True,True
next_observation,BOJ_20190730,BoJ,2019-07-30,2019-07-31,2019-07-19,6131,-8,0.003860380134222038,6.165,-0.054999999999999716,True,False,,True,True,True,False,,0,False,,0,False,False,True,True
next_observation,BOJ_20190730,BoJ,2019-07-30,2019-07-31,2019-07-22,6131,-7,0.001484368024658909,6.0475,-0.11749999999999972,True,False,,True,True,True,False,,0,False,,0,False,False,True,True
next_observation,BOJ_20190730,BoJ,2019-07-30,2019-07-31,2019-07-23,6131,-6,0.00333179391971738,5.96,-0.08750000000000036,True,False,,True,True,True,False,,0,False,,0,False,False,True,True
next_observation,BOJ_20190730,BoJ,2019-07-30,2019-07-31,2019-07-24,6131,-5,-0.0003696516075730899,5.9175,-0.04249999999999954,True,False,,True,True,True,False,,0,False,,0,False,False,True,True
next_observation,BOJ_20190730,BoJ,2019-07-30,2019-07-31,2019-07-25,6131,-4,0.004104698487722472,5.5375,-0.3800000000000008,True,False,,True,True,True,False,,0,False,,0,False,False,True,True
next_observation,BOJ_20190730,BoJ,2019-07-30,2019-07-31,2019-07-26,6131,-3,0.0004601509376242069,5.33,-0.20749999999999957,True,False,,True,True,True,False,,0,False,,0,False,False,True,True
next_observation,BOJ_20190730,BoJ,2019-07-30,2019-07-31,2019-07-29,6131,-2,0.0008737038699861147,5.43,0.09999999999999964,True,False,,True,True,True,False,,0,False,,0,False,False,True,True
next_observation,BOJ_20190730,BoJ,2019-07-30,2019-07-31,2019-07-30,6131,-1,-0.001564009702870055,5.49,0.0600000000000005,True,False,,True,True,True,False,,0,False,,0,False,False,True,True
next_observation,BOJ_20190730,BoJ,2019-07-30,2019-07-31,2019-07-31,6131,0,0.0016099729782210338,5.0925,-0.39749999999999996,True,False,,True,True,True,False,,0,False,,0,False,False,True,True
next_observation,BOJ_20190730,BoJ,2019-07-30,2019-07-31,2019-08-01,6131,1,-0.013325510648637583,6.255,1.1624999999999996,True,False,,True,True,True,False,,0,False,,0,False,False,True,True
next_observation,BOJ_20190730,BoJ,2019-07-30,2019-07-31,2019-08-02,6131,2,-0.007058247920482703,7.005,0.75,True,False,,True,True,True,False,,0,False,,0,False,False,True,True
next_observation,BOJ_20190730,BoJ,2019-07-30,2019-07-31,2019-08-05,6131,3,-0.005975223028516212,8.065,1.0599999999999996,True,False,,True,True,True,False,,0,False,,0,False,False,True,True
next_observation,BOJ_20190730,BoJ,2019-07-30,2019-07-31,2019-08-06,6131,4,0.004801816965832747,7.31,-0.7549999999999999,True,False,,True,True,True,False,,0,False,,0,False,False,True,True
next_observation,BOJ_20190730,BoJ,2019-07-30,2019-07-31,2019-08-07,6131,5,-0.0018332672537580608,7.89,0.5800000000000001,True,False,,True,True,True,False,,0,False,,0,False,False,True,True
next_observation,BOJ_20190730,BoJ,2019-07-30,2019-07-31,2019-08-08,6131,6,-0.001883771867225089,7.475,-0.41500000000000004,True,False,,True,True,True,False,,0,False,,0,False,False,True,True
next_observation,BOJ_20190730,BoJ,2019-07-30,2019-07-31,2019-08-09,6131,7,-0.0035889724961228656,8.005,0.5300000000000011,True,False,,True,True,True,False,,0,False,,0,False,False,True,True
next_observation,BOJ_20190730,BoJ,2019-07-30,2019-07-31,2019-08-12,6131,8,-0.0036968618813260916,8.4,0.3949999999999996,True,False,,True,True,True,False,,0,False,,0,False,False,True,True
next_observation,BOJ_20190730,BoJ,2019-07-30,2019-07-31,2019-08-13,6131,9,0.013629393464357584,7.5925,-0.8075000000000001,True,False,,True,True,True,False,,0,False,,0,False,False,True,True
next_observation,BOJ_20190730,BoJ,2019-07-30,2019-07-31,2019-08-14,6131,10,-0.007853135748709527,8.415,0.8224999999999989,True,False,,True,True,True,False,,0,False,,0,False,False,True,True
next_observation,BOJ_20190919,BoJ,2019-09-19,2019-09-20,2019-08-23,6168,-20,-0.009913691163643006,8.5,1.0,True,False,,True,True,True,False,,0,False,,0,False,False,True,True
next_observation,BOJ_20190919,BoJ,2019-09-19,2019-09-20,2019-08-26,6168,-19,0.006949889685666062,8.45,-0.05000000000000071,True,False,,True,True,True,False,,0,False,,0,False,False,True,True
next_observation,BOJ_20190919,BoJ,2019-09-19,2019-09-20,2019-08-27,6168,-18,-0.0035871091467980743,8.3125,-0.1374999999999993,True,False,,True,True,True,False,,0,False,,0,False,False,True,True
next_observation,BOJ_20190919,BoJ,2019-09-19,2019-09-20,2019-08-28,6168,-17,0.0035399937848255617,8.15,-0.16249999999999964,True,False,,True,True,True,False,,0,False,,0,False,False,True,True
next_observation,BOJ_20190919,BoJ,2019-09-19,2019-09-20,2019-08-29,6168,-16,0.0037622316761927255,7.85,-0.3000000000000007,True,False,,True,True,True,False,,0,False,,0,False,False,True,True
next_observation,BOJ_20190919,BoJ,2019-09-19,2019-09-20,2019-08-30,6168,-15,-0.0022085956206428017,8.065,0.21499999999999986,True,False,,True,True,True,False,,0,False,,0,False,False,True,True
next_observation,BOJ_20190919,BoJ,2019-09-19,2019-09-20,2019-09-02,6168,-14,-0.0004234795969650554,7.91,-0.15499999999999936,True,False,,True,True,True,False,,0,False,,0,False,False,True,True
next_observation,BOJ_20190919,BoJ,2019-09-19,2019-09-20,2019-09-03,6168,-13,-0.0028277896117431638,8.03,0.11999999999999922,True,False,,True,True,True,False,,0,False,,0,False,False,True,True
next_observation,BOJ_20190919,BoJ,2019-09-19,2019-09-20,2019-09-04,6168,-12,0.004191693409300365,7.4275,-0.6024999999999991,True,False,,True,True,True,False,,0,False,,0,False,False,True,True
next_observation,BOJ_20190919,BoJ,2019-09-19,2019-09-20,2019-09-05,6168,-11,0.005203339994904458,6.91,-0.5175000000000001,True,False,,True,True,True,False,,0,False,,0,False,False,True,True
next_observation,BOJ_20190919,BoJ,2019-09-19,2019-09-20,2019-09-06,6168,-10,-0.0001870382498671844,6.65,-0.2599999999999998,True,False,,True,True,True,False,,0,False,,0,False,False,True,True
next_observation,BOJ_20190919,BoJ,2019-09-19,2019-09-20,2019-09-09,6168,-9,0.003035045404040015,6.465,-0.1850000000000005,True,False,,True,True,True,False,,0,False,,0,False,False,True,True
next_observation,BOJ_20190919,BoJ,2019-09-19,2019-09-20,2019-09-10,6168,-8,0.0027934279536381613,6.1975,-0.26750000000000007,True,False,,True,True,True,False,,0,False,,0,False,False,True,True
next_observation,BOJ_20190919,BoJ,2019-09-19,2019-09-20,2019-09-11,6168,-7,0.0025538053951262188,6.27,0.07249999999999979,True,False,,True,True,True,False,,0,False,,0,False,False,True,True
next_observation,BOJ_20190919,BoJ,2019-09-19,2019-09-20,2019-09-12,6168,-6,0.0025935546216399596,6.33,0.0600000000000005,True,False,,True,True,True,False,,0,False,,0,False,False,True,True
next_observation,BOJ_20190919,BoJ,2019-09-19,2019-09-20,2019-09-13,6168,-5,-9.251121705100661e-05,6.2175,-0.11249999999999982,True,False,,True,True,True,False,,0,False,,0,False,False,True,True
next_observation,BOJ_20190919,BoJ,2019-09-19,2019-09-20,2019-09-16,6168,-4,0.0002775079801353821,6.565,0.34750000000000014,True,False,,True,True,True,False,,0,False,,0,False,False,True,True
next_observation,BOJ_20190919,BoJ,2019-09-19,2019-09-20,2019-09-17,6168,-3,9.248554919872455e-05,6.5775,0.01249999999999929,True,False,,True,True,True,False,,0,False,,0,False,False,True,True
next_observation,BOJ_20190919,BoJ,2019-09-19,2019-09-20,2019-09-18,6168,-2,0.0029550303154375424,6.205,-0.3724999999999996,True,False,,True,True,True,False,,0,False,,0,False,False,True,True
next_observation,BOJ_20190919,BoJ,2019-09-19,2019-09-20,2019-09-19,6168,-1,-0.003972842108138306,5.96,-0.2450000000000001,True,False,,True,True,True,False,,0,False,,0,False,False,True,True
next_observation,BOJ_20190919,BoJ,2019-09-19,2019-09-20,2019-09-20,6168,0,-0.004267563764081121,5.855,-0.10499999999999954,True,False,,True,True,True,False,,0,False,,0,False,False,True,True
next_observation,BOJ_20190919,BoJ,2019-09-19,2019-09-20,2019-09-23,6168,1,-0.00013946677226767915,6.16,0.3049999999999997,True,False,,True,True,True,False,,0,False,,0,False,False,True,True
next_observation,BOJ_20190919,BoJ,2019-09-19,2019-09-20,2019-09-24,6168,2,-0.004426538458217673,6.51,0.34999999999999964,True,False,,True,True,True,False,,0,False,,0,False,False,True,True
next_observation,BOJ_20190919,BoJ,2019-09-19,2019-09-20,2019-09-25,6168,3,0.00651650043856183,6.34,-0.16999999999999993,True,False,,True,True,True,False,,0,False,,0,False,False,True,True
next_observation,BOJ_20190919,BoJ,2019-09-19,2019-09-20,2019-09-26,6168,4,0.000602954495204124,6.165,-0.17499999999999982,True,False,,True,True,True,False,,0,False,,0,False,False,True,True
next_observation,BOJ_20190919,BoJ,2019-09-19,2019-09-20,2019-09-27,6168,5,0.0007879307955560411,6.13,-0.03500000000000014,True,False,,True,True,True,False,,0,False,,0,False,False,True,True
next_observation,BOJ_20190919,BoJ,2019-09-19,2019-09-20,2019-09-30,6168,6,0.0014814817524428803,6.55,0.41999999999999993,True,False,,True,True,True,False,,0,False,,0,False,False,True,True
next_observation,BOJ_20190919,BoJ,2019-09-19,2019-09-20,2019-10-01,6168,7,-0.0030579646680862116,6.86,0.3100000000000005,True,False,,True,True,True,False,,0,False,,0,False,False,True,True
next_observation,BOJ_20190919,BoJ,2019-09-19,2019-09-20,2019-10-02,6168,8,-0.005304064917152943,7.275,0.41500000000000004,True,False,,True,True,True,False,,0,False,,0,False,False,True,True
next_observation,BOJ_20190919,BoJ,2019-09-19,2019-09-20,2019-10-03,6168,9,-0.0024755378251057566,7.285,0.009999999999999787,True,False,,True,True,True,False,,0,False,,0,False,False,True,True
next_observation,BOJ_20190919,BoJ,2019-09-19,2019-09-20,2019-10-04,6168,10,0.00023380327898692065,6.74,-0.5449999999999999,True,False,,True,True,True,False,,0,False,,0,False,False,True,True
next_observation,BOJ_20191031,BoJ,2019-10-31,2019-11-01,2019-10-04,6198,-20,0.00023380327898692065,6.74,-0.5449999999999999,True,False,,True,True,True,False,,0,False,,0,False,False,True,True
next_observation,BOJ_20191031,BoJ,2019-10-31,2019-11-01,2019-10-07,6198,-19,0.0029878640341936187,6.855,0.11500000000000021,True,False,,True,True,True,False,,0,False,,0,False,False,True,True
next_observation,BOJ_20191031,BoJ,2019-10-31,2019-11-01,2019-10-08,6198,-18,-0.0016328819322455228,7.07,0.21499999999999986,True,False,,True,True,True,False,,0,False,,0,False,False,True,True
next_observation,BOJ_20191031,BoJ,2019-10-31,2019-11-01,2019-10-09,6198,-17,0.003681872124756936,6.92,-0.15000000000000036,True,False,,True,True,True,False,,0,False,,0,False,False,True,True
next_observation,BOJ_20191031,BoJ,2019-10-31,2019-11-01,2019-10-10,6198,-16,0.004687544842085488,6.72,-0.20000000000000018,True,False,,True,True,True,False,,0,False,,0,False,False,True,True
next_observation,BOJ_20191031,BoJ,2019-10-31,2019-11-01,2019-10-11,6198,-15,0.002866656300083603,6.365,-0.35499999999999954,True,False,,True,True,True,False,,0,False,,0,False,False,True,True
next_observation,BOJ_20191031,BoJ,2019-10-31,2019-11-01,2019-10-14,6198,-14,0.0009691041160863963,6.195,-0.16999999999999993,True,False,,True,True,True,False,,0,False,,0,False,False,True,True
next_observation,BOJ_20191031,BoJ,2019-10-31,2019-11-01,2019-10-15,6198,-13,0.004280493498736312,6.23,0.03500000000000014,True,False,,True,True,True,False,,0,False,,0,False,False,True,True
next_observation,BOJ_20191031,BoJ,2019-10-31,2019-11-01,2019-10-16,6198,-12,-0.0009649627400121833,5.91,-0.3200000000000003,True,False,,True,True,True,False,,0,False,,0,False,False,True,True
next_observation,BOJ_20191031,BoJ,2019-10-31,2019-11-01,2019-10-17,6198,-11,-0.000919878640893003,5.805,-0.10500000000000043,True,False,,True,True,True,False,,0,False,,0,False,False,True,True
next_observation,BOJ_20191031,BoJ,2019-10-31,2019-11-01,2019-10-18,6198,-10,-0.0019345038504935438,5.72,-0.08499999999999996,True,False,,True,True,True,False,,0,False,,0,False,False,True,True
next_observation,BOJ_20191031,BoJ,2019-10-31,2019-11-01,2019-10-21,6198,-9,0.0015202822360103818,5.665,-0.054999999999999716,True,False,,True,True,True,False,,0,False,,0,False,False,True,True
next_observation,BOJ_20191031,BoJ,2019-10-31,2019-11-01,2019-10-22,6198,-8,-0.0011515166745342965,5.535,-0.1299999999999999,True,False,,True,True,True,False,,0,False,,0,False,False,True,True
next_observation,BOJ_20191031,BoJ,2019-10-31,2019-11-01,2019-10-23,6198,-7,0.0018877920747828747,5.48,-0.054999999999999716,True,False,,True,True,True,False,,0,False,,0,False,False,True,True
next_observation,BOJ_20191031,BoJ,2019-10-31,2019-11-01,2019-10-24,6198,-6,-0.0007362754002484787,5.355,-0.125,True,False,,True,True,True,False,,0,False,,0,False,False,True,True
next_observation,BOJ_20191031,BoJ,2019-10-31,2019-11-01,2019-10-25,6198,-5,0.0005062475658663648,5.13,-0.22500000000000053,True,False,,True,True,True,False,,0,False,,0,False,False,True,True
next_observation,BOJ_20191031,BoJ,2019-10-31,2019-11-01,2019-10-28,6198,-4,0.002619185874124767,5.22,0.08999999999999986,True,False,,True,True,True,False,,0,False,,0,False,False,True,True
next_observation,BOJ_20191031,BoJ,2019-10-31,2019-11-01,2019-10-29,6198,-3,-0.0005967545909153304,5.265,0.04499999999999993,True,False,,True,True,True,False,,0,False,,0,False,False,True,True
next_observation,BOJ_20191031,BoJ,2019-10-31,2019-11-01,2019-10-30,6198,-2,-0.0003674106774132125,5.02,-0.2450000000000001,True,False,,True,True,True,False,,0,False,,0,False,False,True,True
next_observation,BOJ_20191031,BoJ,2019-10-31,2019-11-01,2019-10-31,6198,-1,-0.007561821351662814,5.35,0.33000000000000007,True,False,,True,True,True,False,,0,False,,0,False,False,True,True
next_observation,BOJ_20191031,BoJ,2019-10-31,2019-11-01,2019-11-01,6198,0,0.0014799743705884573,5.07,-0.27999999999999936,True,False,,True,True,True,False,,0,False,,0,False,False,True,True
next_observation,BOJ_20191031,BoJ,2019-10-31,2019-11-01,2019-11-04,6198,1,0.003552237721403377,5.0,-0.07000000000000028,True,False,,True,True,True,False,,0,False,,0,False,False,True,True
next_observation,BOJ_20191031,BoJ,2019-10-31,2019-11-01,2019-11-05,6198,2,0.005327712046274082,5.105,0.10500000000000043,True,False,,True,True,True,False,,0,False,,0,False,False,True,True
next_observation,BOJ_20191031,BoJ,2019-10-31,2019-11-01,2019-11-06,6198,3,-0.0016503923427032268,5.07,-0.03500000000000014,True,False,,True,True,True,False,,0,False,,0,False,False,True,True
next_observation,BOJ_20191031,BoJ,2019-10-31,2019-11-01,2019-11-07,6198,4,0.0028406506776944215,5.095,0.024999999999999467,True,False,,True,True,True,False,,0,False,,0,False,False,True,True
next_observation,BOJ_20191031,BoJ,2019-10-31,2019-11-01,2019-11-08,6198,5,-0.0002287858345790018,5.0,-0.09499999999999975,True,False,,True,True,True,False,,0,False,,0,False,False,True,True
next_observation,BOJ_20191031,BoJ,2019-10-31,2019-11-01,2019-11-11,6198,6,-0.0018780208437557916,5.04,0.040000000000000036,True,False,,True,True,True,False,,0,False,,0,False,False,True,True
next_observation,BOJ_20191031,BoJ,2019-10-31,2019-11-01,2019-11-12,6198,7,-0.0003668546838044049,5.275,0.23500000000000032,True,False,,True,True,True,False,,0,False,,0,False,False,True,True
next_observation,BOJ_20191031,BoJ,2019-10-31,2019-11-01,2019-11-13,6198,8,-0.001744400001650273,5.495,0.21999999999999975,True,False,,True,True,True,False,,0,False,,0,False,False,True,True
next_observation,BOJ_20191031,BoJ,2019-10-31,2019-11-01,2019-11-14,6198,9,-0.003728513606169139,5.73,0.23500000000000032,True,False,,True,True,True,False,,0,False,,0,False,False,True,True
next_observation,BOJ_20191031,BoJ,2019-10-31,2019-11-01,2019-11-15,6198,10,0.003498760589650003,5.37,-0.3600000000000003,True,False,,True,True,True,False,,0,False,,0,False,False,True,True
next_observation,BOJ_20191219,BoJ,2019-12-19,2019-12-20,2019-11-22,6233,-20,0.00027612867771760686,5.195,-0.1349999999999998,True,False,,True,True,True,False,,0,False,,0,False,False,True,True
next_observation,BOJ_20191219,BoJ,2019-12-19,2019-12-20,2019-11-25,6233,-19,0.002435830880128912,5.03,-0.16500000000000004,True,False,,True,True,True,False,,0,False,,0,False,False,True,True
next_observation,BOJ_20191219,BoJ,2019-12-19,2019-12-20,2019-11-26,6233,-18,0.0011010690656837645,4.64,-0.39000000000000057,True,False,,True,True,True,False,,0,False,,0,False,False,True,True
next_observation,BOJ_20191219,BoJ,2019-12-19,2019-12-20,2019-11-27,6233,-17,0.00457478267099316,4.475,-0.16500000000000004,True,False,,True,True,True,False,,0,False,,0,False,False,True,True
next_observation,BOJ_20191219,BoJ,2019-12-19,2019-12-20,2019-11-28,6233,-16,-0.00027389756402390776,4.41,-0.0649999999999995,True,False,,True,True,True,False,,0,False,,0,False,False,True,True
next_observation,BOJ_20191219,BoJ,2019-12-19,2019-12-20,2019-11-29,6233,-15,-0.00018264006260524423,4.4725,0.0625,True,False,,True,True,True,False,,0,False,,0,False,False,True,True
next_observation,BOJ_20191219,BoJ,2019-12-19,2019-12-20,2019-12-02,6233,-14,-0.004714506958601271,4.8575,0.3849999999999998,True,False,,True,True,True,False,,0,False,,0,False,False,True,True
next_observation,BOJ_20191219,BoJ,2019-12-19,2019-12-20,2019-12-03,6233,-13,-0.0031707399677477857,5.5225,0.665,True,False,,True,True,True,False,,0,False,,0,False,False,True,True
next_observation,BOJ_20191219,BoJ,2019-12-19,2019-12-20,2019-12-04,6233,-12,0.002114943317077795,5.3075,-0.21499999999999986,True,False,,True,True,True,False,,0,False,,0,False,False,True,True
next_observation,BOJ_20191219,BoJ,2019-12-19,2019-12-20,2019-12-05,6233,-11,-0.0009649627400122945,4.8175,-0.4900000000000002,True,False,,True,True,True,False,,0,False,,0,False,False,True,True
next_observation,BOJ_20191219,BoJ,2019-12-19,2019-12-20,2019-12-06,6233,-10,-0.001610343351055314,4.925,0.10749999999999993,True,False,,True,True,True,False,,0,False,,0,False,False,True,True
next_observation,BOJ_20191219,BoJ,2019-12-19,2019-12-20,2019-12-09,6233,-9,-0.0002763194270137293,5.105,0.1800000000000006,True,False,,True,True,True,False,,0,False,,0,False,False,True,True
next_observation,BOJ_20191219,BoJ,2019-12-19,2019-12-20,2019-12-10,6233,-8,0.0015648014975012587,5.205,0.09999999999999964,True,False,,True,True,True,False,,0,False,,0,False,False,True,True
next_observation,BOJ_20191219,BoJ,2019-12-19,2019-12-20,2019-12-11,6233,-7,-0.0015187429570883175,4.9225,-0.28249999999999975,True,False,,True,True,True,False,,0,False,,0,False,False,True,True
next_observation,BOJ_20191219,BoJ,2019-12-19,2019-12-20,2019-12-12,6233,-6,0.006839124263741495,4.795,-0.1275000000000004,True,False,,True,True,True,False,,0,False,,0,False,False,True,True
next_observation,BOJ_20191219,BoJ,2019-12-19,2019-12-20,2019-12-13,6233,-5,0.000685918128271427,4.67,-0.125,True,False,,True,True,True,False,,0,False,,0,False,False,True,True
next_observation,BOJ_20191219,BoJ,2019-12-19,2019-12-20,2019-12-16,6233,-4,0.0015530081228488518,4.4575,-0.21250000000000036,True,False,,True,True,True,False,,0,False,,0,False,False,True,True
next_observation,BOJ_20191219,BoJ,2019-12-19,2019-12-20,2019-12-17,6233,-3,-0.0006391818689972541,4.3475,-0.10999999999999943,True,False,,True,True,True,False,,0,False,,0,False,False,True,True
next_observation,BOJ_20191219,BoJ,2019-12-19,2019-12-20,2019-12-18,6233,-2,0.0006848220871654993,4.1825,-0.16500000000000004,True,False,,True,True,True,False,,0,False,,0,False,False,True,True
next_observation,BOJ_20191219,BoJ,2019-12-19,2019-12-20,2019-12-19,6233,-1,-0.0016900769125093255,4.1425,-0.040000000000000036,True,False,,True,True,True,False,,0,False,,0,False,False,True,True
next_observation,BOJ_20191219,BoJ,2019-12-19,2019-12-20,2019-12-20,6233,0,0.0006398245271058127,3.95,-0.1924999999999999,True,False,,True,True,True,False,,0,False,,0,False,False,True,True
next_observation,BOJ_20191219,BoJ,2019-12-19,2019-12-20,2019-12-23,6233,1,-0.00036556388635939957,3.945,-0.0050000000000003375,True,False,,True,True,True,False,,0,False,,0,False,False,True,True
next_observation,BOJ_20191219,BoJ,2019-12-19,2019-12-20,2019-12-24,6233,2,-9.14118561814235e-05,3.9225,-0.022499999999999964,True,False,,True,True,True,False,,0,False,,0,False,False,True,True
next_observation,BOJ_20191219,BoJ,2019-12-19,2019-12-20,2019-12-25,6233,3,-0.00013713345392092914,3.9375,0.015000000000000124,True,False,,True,True,True,False,,0,False,,0,False,False,True,True
next_observation,BOJ_20191219,BoJ,2019-12-19,2019-12-20,2019-12-26,6233,4,0.00237432192268622,4.105,0.16750000000000043,True,False,,True,True,True,False,,0,False,,0,False,False,True,True
next_observation,BOJ_20191219,BoJ,2019-12-19,2019-12-20,2019-12-27,6233,5,-0.0017345266353467868,4.39,0.28499999999999925,True,False,,True,True,True,False,,0,False,,0,False,False,True,True
next_observation,BOJ_20191219,BoJ,2019-12-19,2019-12-20,2019-12-30,6233,6,-0.005175781621907301,4.825,0.4350000000000005,True,False,,True,True,True,False,,0,False,,0,False,False,True,True
next_observation,BOJ_20191219,BoJ,2019-12-19,2019-12-20,2019-12-31,6233,7,-0.0024828740512659038,5.36,0.5350000000000001,True,False,,True,True,True,False,,0,False,,0,False,False,True,True
next_observation,BOJ_20191219,BoJ,2019-12-19,2019-12-20,2020-01-01,6233,8,0.0013801354723252269,5.415,0.054999999999999716,True,False,,True,True,True,False,,0,False,,0,False,False,True,True
next_observation,BOJ_20191219,BoJ,2019-12-19,2019-12-20,2020-01-02,6233,9,-0.001702441343384242,4.995,-0.41999999999999993,True,False,,True,True,True,False,,0,False,,0,False,False,True,True
next_observation,BOJ_20191219,BoJ,2019-12-19,2019-12-20,2020-01-03,6233,10,-0.004523223810869363,5.4875,0.4924999999999997,True,False,,True,True,True,False,,0,False,,0,False,False,True,True
next_observation,BOJ_20200121,BoJ,2020-01-21,2020-01-22,2019-12-25,6256,-20,-0.00013713345392092914,3.9375,0.015000000000000124,True,False,,True,True,True,False,,0,False,,0,False,False,True,True
next_observation,BOJ_20200121,BoJ,2020-01-21,2020-01-22,2019-12-26,6256,-19,0.00237432192268622,4.105,0.16750000000000043,True,False,,True,True,True,False,,0,False,,0,False,False,True,True
next_observation,BOJ_20200121,BoJ,2020-01-21,2020-01-22,2019-12-27,6256,-18,-0.0017345266353467868,4.39,0.28499999999999925,True,False,,True,True,True,False,,0,False,,0,False,False,True,True
next_observation,BOJ_20200121,BoJ,2020-01-21,2020-01-22,2019-12-30,6256,-17,-0.005175781621907301,4.825,0.4350000000000005,True,False,,True,True,True,False,,0,False,,0,False,False,True,True
next_observation,BOJ_20200121,BoJ,2020-01-21,2020-01-22,2019-12-31,6256,-16,-0.0024828740512659038,5.36,0.5350000000000001,True,False,,True,True,True,False,,0,False,,0,False,False,True,True
next_observation,BOJ_20200121,BoJ,2020-01-21,2020-01-22,2020-01-01,6256,-15,0.0013801354723252269,5.415,0.054999999999999716,True,False,,True,True,True,False,,0,False,,0,False,False,True,True
next_observation,BOJ_20200121,BoJ,2020-01-21,2020-01-22,2020-01-02,6256,-14,-0.001702441343384242,4.995,-0.41999999999999993,True,False,,True,True,True,False,,0,False,,0,False,False,True,True
next_observation,BOJ_20200121,BoJ,2020-01-21,2020-01-22,2020-01-03,6256,-13,-0.004523223810869363,5.4875,0.4924999999999997,True,False,,True,True,True,False,,0,False,,0,False,False,True,True
next_observation,BOJ_20200121,BoJ,2020-01-21,2020-01-22,2020-01-06,6256,-12,0.002633343324887677,5.28,-0.20749999999999957,True,False,,True,True,True,False,,0,False,,0,False,False,True,True
next_observation,BOJ_20200121,BoJ,2020-01-21,2020-01-22,2020-01-07,6256,-11,0.0006457266955608536,5.04,-0.2400000000000002,True,False,,True,True,True,False,,0,False,,0,False,False,True,True
next_observation,BOJ_20200121,BoJ,2020-01-21,2020-01-22,2020-01-08,6256,-10,0.006251169464687209,5.01,-0.03000000000000025,True,False,,True,True,True,False,,0,False,,0,False,False,True,True
next_observation,BOJ_20200121,BoJ,2020-01-21,2020-01-22,2020-01-09,6256,-9,0.0036589868850414767,4.8775,-0.1324999999999994,True,False,,True,True,True,False,,0,False,,0,False,False,True,True
next_observation,BOJ_20200121,BoJ,2020-01-21,2020-01-22,2020-01-10,6256,-8,-0.0005936750945003224,4.8075,-0.07000000000000028,True,False,,True,True,True,False,,0,False,,0,False,False,True,True
next_observation,BOJ_20200121,BoJ,2020-01-21,2020-01-22,2020-01-13,6256,-7,0.00446673486504056,4.85,0.04249999999999954,True,False,,True,True,True,False,,0,False,,0,False,False,True,True
next_observation,BOJ_20200121,BoJ,2020-01-21,2020-01-22,2020-01-14,6256,-6,0.00040921181829152957,4.8375,-0.01249999999999929,True,False,,True,True,True,False,,0,False,,0,False,False,True,True
next_observation,BOJ_20200121,BoJ,2020-01-21,2020-01-22,2020-01-15,6256,-5,-0.0008185911594496006,4.715,-0.1225000000000005,True,False,,True,True,True,False,,0,False,,0,False,False,True,True
next_observation,BOJ_20200121,BoJ,2020-01-21,2020-01-22,2020-01-16,6256,-4,0.0023629930108235372,4.365,-0.34999999999999964,True,False,,True,True,True,False,,0,False,,0,False,False,True,True
next_observation,BOJ_20200121,BoJ,2020-01-21,2020-01-22,2020-01-17,6256,-3,-0.00013617484871594843,4.28,-0.08499999999999996,True,False,,True,True,True,False,,0,False,,0,False,False,True,True
next_observation,BOJ_20200121,BoJ,2020-01-21,2020-01-22,2020-01-20,6256,-2,0.00036309173003639896,4.275,-0.004999999999999893,True,False,,True,True,True,False,,0,False,,0,False,False,True,True
next_observation,BOJ_20200121,BoJ,2020-01-21,2020-01-22,2020-01-21,6256,-1,-0.0029084319524897103,4.6025,0.3274999999999997,True,False,,True,True,True,False,,0,False,,0,False,False,True,True
next_observation,BOJ_20200121,BoJ,2020-01-21,2020-01-22,2020-01-22,6256,0,-0.00022757788951452797,4.4825,-0.1200000000000001,True,False,,True,True,True,False,,0,False,,0,False,False,True,True
next_observation,BOJ_20200121,BoJ,2020-01-21,2020-01-22,2020-01-23,6256,1,-0.0031915405743820333,4.86,0.3775000000000004,True,False,,True,True,True,False,,0,False,,0,False,False,True,True
next_observation,BOJ_20200121,BoJ,2020-01-21,2020-01-22,2020-01-24,6256,2,-0.0019655801359552984,4.96,0.09999999999999964,True,False,,True,True,True,False,,0,False,,0,False,False,True,True
next_observation,BOJ_20200121,BoJ,2020-01-21,2020-01-22,2020-01-27,6256,3,-0.0034835255468062365,5.6725,0.7125000000000004,True,False,,True,True,True,False,,0,False,,0,False,False,True,True
next_observation,BOJ_20200121,BoJ,2020-01-21,2020-01-22,2020-01-28,6256,4,0.002293158223753671,5.2225,-0.4500000000000002,True,False,,True,True,True,False,,0,False,,0,False,False,True,True
next_observation,BOJ_20200121,BoJ,2020-01-21,2020-01-22,2020-01-29,6256,5,-0.001145921790190795,5.0175,-0.20500000000000007,True,False,,True,True,True,False,,0,False,,0,False,False,True,True
next_observation,BOJ_20200121,BoJ,2020-01-21,2020-01-22,2020-01-30,6256,6,-0.0005505092349326475,5.4125,0.3949999999999996,True,False,,True,True,True,False,,0,False,,0,False,False,True,True
next_observation,BOJ_20200121,BoJ,2020-01-21,2020-01-22,2020-01-31,6256,7,-0.005567968736908198,5.7775,0.3650000000000002,True,False,,True,True,True,False,,0,False,,0,False,False,True,True
next_observation,BOJ_20200121,BoJ,2020-01-21,2020-01-22,2020-02-03,6256,8,0.0030869199108015115,5.51,-0.26750000000000007,True,False,,True,True,True,False,,0,False,,0,False,False,True,True
next_observation,BOJ_20200121,BoJ,2020-01-21,2020-01-22,2020-02-04,6256,9,0.007653040124866622,4.995,-0.5149999999999997,True,False,,True,True,True,False,,0,False,,0,False,False,True,True
next_observation,BOJ_20200121,BoJ,2020-01-21,2020-01-22,2020-02-05,6256,10,0.002735356161881044,4.8475,-0.14749999999999996,True,False,,True,True,True,False,,0,False,,0,False,False,True,True
next_observation,BOJ_20200316,BoJ,2020-03-16,2020-03-17,2020-02-18,6295,-20,-9.101251428344108e-05,4.53,-0.037499999999999645,True,False,,True,True,True,False,,0,False,,0,False,False,True,True
next_observation,BOJ_20200316,BoJ,2020-03-16,2020-03-17,2020-02-19,6295,-19,0.013515246290658195,5.3175,0.7874999999999996,True,False,,True,True,True,False,,0,False,,0,False,False,True,True
next_observation,BOJ_20200316,BoJ,2020-03-16,2020-03-17,2020-02-20,6295,-18,0.0065782350746661855,5.855,0.5375000000000005,True,False,,True,True,True,False,,0,False,,0,False,False,True,True
next_observation,BOJ_20200316,BoJ,2020-03-16,2020-03-17,2020-02-21,6295,-17,-0.0044254782671385,6.0225,0.16749999999999954,True,False,,True,True,True,False,,0,False,,0,False,False,True,True
next_observation,BOJ_20200316,BoJ,2020-03-16,2020-03-17,2020-02-24,6295,-16,-0.00791620200171381,6.8425,0.8200000000000003,True,False,,True,True,True,False,,0,False,,0,False,False,True,True
next_observation,BOJ_20200316,BoJ,2020-03-16,2020-03-17,2020-02-25,6295,-15,-0.004752753090447683,6.8375,-0.004999999999999893,True,False,,True,True,True,False,,0,False,,0,False,False,True,True
next_observation,BOJ_20200316,BoJ,2020-03-16,2020-03-17,2020-02-26,6295,-14,0.0020396607637760437,6.7675,-0.07000000000000028,True,False,,True,True,True,False,,0,False,,0,False,False,True,True
next_observation,BOJ_20200316,BoJ,2020-03-16,2020-03-17,2020-02-27,6295,-13,-0.007544804447274975,7.195,0.4275000000000002,True,False,,True,True,True,False,,0,False,,0,False,False,True,True
next_observation,BOJ_20200316,BoJ,2020-03-16,2020-03-17,2020-02-28,6295,-12,-0.015633221047885924,8.85,1.6549999999999994,True,False,,True,True,True,False,,0,False,,0,False,False,True,True
next_observation,BOJ_20200316,BoJ,2020-03-16,2020-03-17,2020-03-02,6295,-11,0.0040235919700468865,9.355,0.5050000000000008,True,False,,True,True,True,False,,0,False,,0,False,False,True,True
next_observation,BOJ_20200316,BoJ,2020-03-16,2020-03-17,2020-03-03,6295,-10,-0.011185747039532198,9.2175,-0.13750000000000107,True,False,,True,True,True,False,,0,False,,0,False,False,True,True
next_observation,BOJ_20200316,BoJ,2020-03-16,2020-03-17,2020-03-04,6295,-9,0.003819999055001341,7.965,-1.2524999999999995,True,False,,True,True,True,False,,0,False,,0,False,False,True,True
next_observation,BOJ_20200316,BoJ,2020-03-16,2020-03-17,2020-03-05,6295,-8,-0.012821888339188087,9.78,1.8149999999999995,True,False,,True,True,True,False,,0,False,,0,False,False,True,True
next_observation,BOJ_20200316,BoJ,2020-03-16,2020-03-17,2020-03-06,6295,-7,-0.0073741766447467634,11.7975,2.0175,True,False,,True,True,True,False,,0,False,,0,False,False,True,True
next_observation,BOJ_20200316,BoJ,2020-03-16,2020-03-17,2020-03-09,6295,-6,-0.0290754536844683,21.375,9.5775,True,False,,True,True,True,False,,0,False,,0,False,False,True,True
next_observation,BOJ_20200316,BoJ,2020-03-16,2020-03-17,2020-03-10,6295,-5,0.03149223012438947,16.7,-4.675000000000001,True,False,,True,True,True,False,,0,False,,0,False,False,True,True
next_observation,BOJ_20200316,BoJ,2020-03-16,2020-03-17,2020-03-11,6295,-4,-0.010467314144155762,19.4275,2.727499999999999,True,False,,True,True,True,False,,0,False,,0,False,False,True,True
next_observation,BOJ_20200316,BoJ,2020-03-16,2020-03-17,2020-03-12,6295,-3,0.0009083304078571276,20.5,1.0725000000000016,True,False,,True,True,True,False,,0,False,,0,False,False,True,True
next_observation,BOJ_20200316,BoJ,2020-03-16,2020-03-17,2020-03-13,6295,-2,0.028128400368640845,16.615,-3.8850000000000016,True,False,,True,True,True,False,,0,False,,0,False,False,True,True
next_observation,BOJ_20200316,BoJ,2020-03-16,2020-03-17,2020-03-16,6295,-1,-0.016819717654286262,20.83,4.215,True,False,,True,True,True,False,,0,False,,0,False,False,True,True
next_observation,BOJ_20200316,BoJ,2020-03-16,2020-03-17,2020-03-17,6295,0,0.017516371422331017,18.165,-2.664999999999999,True,False,,True,True,True,False,,0,False,,0,False,False,True,True
next_observation,BOJ_20200316,BoJ,2020-03-16,2020-03-17,2020-03-18,6295,1,0.003568535822625116,17.655,-0.509999999999998,True,False,,True,True,True,False,,0,False,,0,False,False,True,True
next_observation,BOJ_20200316,BoJ,2020-03-16,2020-03-17,2020-03-19,6295,2,0.02399731216098192,17.65,-0.005000000000002558,True,False,,True,True,True,False,,0,False,,0,False,False,True,True
next_observation,BOJ_20200316,BoJ,2020-03-16,2020-03-17,2020-03-20,6295,3,0.002030365937642909,15.765,-1.884999999999998,True,False,,True,True,True,False,,0,False,,0,False,False,True,True
next_observation,BOJ_20200316,BoJ,2020-03-16,2020-03-17,2020-03-23,6295,4,0.002700757853369569,15.84,0.07499999999999929,True,False,,True,True,True,False,,0,False,,0,False,False,True,True
next_observation,BOJ_20200316,BoJ,2020-03-16,2020-03-17,2020-03-24,6295,5,-4.495291183247453e-05,12.765,-3.0749999999999993,True,False,,True,True,True,False,,0,False,,0,False,False,True,True
next_observation,BOJ_20200316,BoJ,2020-03-16,2020-03-17,2020-03-25,6295,6,-0.00013487086135472443,11.14,-1.625,True,False,,True,True,True,False,,0,False,,0,False,False,True,True
next_observation,BOJ_20200316,BoJ,2020-03-16,2020-03-17,2020-03-26,6295,7,-0.014765429720480911,13.53,2.389999999999999,True,False,,True,True,True,False,,0,False,,0,False,False,True,True
next_observation,BOJ_20200316,BoJ,2020-03-16,2020-03-17,2020-03-27,6295,8,-0.015079358919773089,14.435,0.9050000000000011,True,False,,True,True,True,False,,0,False,,0,False,False,True,True
next_observation,BOJ_20200316,BoJ,2020-03-16,2020-03-17,2020-03-30,6295,9,-0.0016689850883880742,14.295,-0.14000000000000057,True,False,,True,True,True,False,,0,False,,0,False,False,True,True
next_observation,BOJ_20200316,BoJ,2020-03-16,2020-03-17,2020-03-31,6295,10,-0.001997167473712251,13.17,-1.125,True,False,,True,True,True,False,,0,False,,0,False,False,True,True
next_observation,BOJ_20200427,BoJ,2020-04-27,2020-04-28,2020-03-31,6325,-20,-0.001997167473712251,13.17,-1.125,True,False,,True,True,True,False,,0,False,,0,False,False,True,True
next_observation,BOJ_20200427,BoJ,2020-04-27,2020-04-28,2020-04-01,6325,-19,-0.0034930059034906594,13.55,0.3800000000000008,True,False,,True,True,True,False,,0,False,,0,False,False,True,True
next_observation,BOJ_20200427,BoJ,2020-04-27,2020-04-28,2020-04-02,6325,-18,0.006881187650736456,12.4675,-1.0825000000000014,True,False,,True,True,True,False,,0,False,,0,False,False,True,True
next_observation,BOJ_20200427,BoJ,2020-04-27,2020-04-28,2020-04-03,6325,-17,0.00591334994865856,11.78,-0.6875,True,False,,True,True,True,False,,0,False,,0,False,False,True,True
next_observation,BOJ_20200427,BoJ,2020-04-27,2020-04-28,2020-04-06,6325,-16,0.006199078513198745,10.165,-1.6150000000000002,True,False,,True,True,True,False,,0,False,,0,False,False,True,True
next_observation,BOJ_20200427,BoJ,2020-04-27,2020-04-28,2020-04-07,6325,-15,-0.004266355073229596,9.315,-0.8499999999999996,True,False,,True,True,True,False,,0,False,,0,False,False,True,True
next_observation,BOJ_20200427,BoJ,2020-04-27,2020-04-28,2020-04-08,6325,-14,0.00064341194370042,9.15,-0.16499999999999915,True,False,,True,True,True,False,,0,False,,0,False,False,True,True
next_observation,BOJ_20200427,BoJ,2020-04-27,2020-04-28,2020-04-09,6325,-13,-0.0030829427386164644,8.52,-0.6300000000000008,True,False,,True,True,True,False,,0,False,,0,False,False,True,True
next_observation,BOJ_20200427,BoJ,2020-04-27,2020-04-28,2020-04-10,6325,-12,-0.0002765486743288845,8.47,-0.049999999999998934,True,False,,True,True,True,False,,0,False,,0,False,False,True,True
next_observation,BOJ_20200427,BoJ,2020-04-27,2020-04-28,2020-04-13,6325,-11,-0.006428213686284596,9.335,0.8650000000000002,True,False,,True,True,True,False,,0,False,,0,False,False,True,True
next_observation,BOJ_20200427,BoJ,2020-04-27,2020-04-28,2020-04-14,6325,-10,-0.005163162387546232,9.29,-0.045000000000001705,True,False,,True,True,True,False,,0,False,,0,False,False,True,True
next_observation,BOJ_20200427,BoJ,2020-04-27,2020-04-28,2020-04-15,6325,-9,0.0022825210794814393,8.655,-0.6349999999999998,True,False,,True,True,True,False,,0,False,,0,False,False,True,True
next_observation,BOJ_20200427,BoJ,2020-04-27,2020-04-28,2020-04-16,6325,-8,0.00427152659882507,8.485,-0.16999999999999993,True,False,,True,True,True,False,,0,False,,0,False,False,True,True
next_observation,BOJ_20200427,BoJ,2020-04-27,2020-04-28,2020-04-17,6325,-7,-0.0034808472711041166,8.385,-0.09999999999999964,True,False,,True,True,True,False,,0,False,,0,False,False,True,True
next_observation,BOJ_20200427,BoJ,2020-04-27,2020-04-28,2020-04-20,6325,-6,0.0007435981194985265,8.3225,-0.0625,True,False,,True,True,True,False,,0,False,,0,False,False,True,True
next_observation,BOJ_20200427,BoJ,2020-04-27,2020-04-28,2020-04-21,6325,-5,0.001624695727001983,8.6075,0.28500000000000014,True,False,,True,True,True,False,,0,False,,0,False,False,True,True
next_observation,BOJ_20200427,BoJ,2020-04-27,2020-04-28,2020-04-22,6325,-4,-0.00041752685536158857,8.21,-0.3974999999999991,True,False,,True,True,True,False,,0,False,,0,False,False,True,True
next_observation,BOJ_20200427,BoJ,2020-04-27,2020-04-28,2020-04-23,6325,-3,-0.001485953373027748,7.8275,-0.3825000000000012,True,False,,True,True,True,False,,0,False,,0,False,False,True,True
next_observation,BOJ_20200427,BoJ,2020-04-27,2020-04-28,2020-04-24,6325,-2,-0.0007903117493708237,7.7375,-0.08999999999999986,True,False,,True,True,True,False,,0,False,,0,False,False,True,True
next_observation,BOJ_20200427,BoJ,2020-04-27,2020-04-28,2020-04-27,6325,-1,-0.0024213086890102274,7.705,-0.03249999999999975,True,False,,True,True,True,False,,0,False,,0,False,False,True,True
next_observation,BOJ_20200427,BoJ,2020-04-27,2020-04-28,2020-04-28,6325,0,-0.003596202180352431,7.675,-0.03000000000000025,True,False,,True,True,True,False,,0,False,,0,False,False,True,True
next_observation,BOJ_20200427,BoJ,2020-04-27,2020-04-28,2020-04-29,6325,1,-0.001685788270926883,7.46,-0.21499999999999986,True,False,,True,True,True,False,,0,False,,0,False,False,True,True
next_observation,BOJ_20200427,BoJ,2020-04-27,2020-04-28,2020-04-30,6325,2,0.0045824451271939135,7.0925,-0.3674999999999997,True,False,,True,True,True,False,,0,False,,0,False,False,True,True
next_observation,BOJ_20200427,BoJ,2020-04-27,2020-04-28,2020-05-01,6325,3,-0.0024288862424424414,7.745,0.6524999999999999,True,False,,True,True,True,False,,0,False,,0,False,False,True,True
next_observation,BOJ_20200427,BoJ,2020-04-27,2020-04-28,2020-05-04,6325,4,-0.0016381553357995553,7.915,0.16999999999999993,True,False,,True,True,True,False,,0,False,,0,False,False,True,True
next_observation,BOJ_20200427,BoJ,2020-04-27,2020-04-28,2020-05-05,6325,5,-0.0015470082545248904,7.66,-0.2549999999999999,True,False,,True,True,True,False,,0,False,,0,False,False,True,True
next_observation,BOJ_20200427,BoJ,2020-04-27,2020-04-28,2020-05-06,6325,6,-0.004278433381734961,7.7875,0.1274999999999995,True,False,,True,True,True,False,,0,False,,0,False,False,True,True
next_observation,BOJ_20200427,BoJ,2020-04-27,2020-04-28,2020-05-07,6325,7,0.001506591622073778,7.7375,-0.04999999999999982,True,False,,True,True,True,False,,0,False,,0,False,False,True,True
next_observation,BOJ_20200427,BoJ,2020-04-27,2020-04-28,2020-05-08,6325,8,0.0034753240257469646,7.235,-0.5024999999999995,True,False,,True,True,True,False,,0,False,,0,False,False,True,True
next_observation,BOJ_20200427,BoJ,2020-04-27,2020-04-28,2020-05-11,6325,9,0.009425668215451542,7.25,0.01499999999999968,True,False,,True,True,True,False,,0,False,,0,False,False,True,True
next_observation,BOJ_20200427,BoJ,2020-04-27,2020-04-28,2020-05-12,6325,10,-0.0048417226799969265,6.9025,-0.34750000000000014,True,False,,True,True,True,False,,0,False,,0,False,False,True,True
next_observation,BOJ_20200522,BoJ,2020-05-22,2020-05-25,2020-04-27,6344,-20,-0.0024213086890102274,7.705,-0.03249999999999975,True,False,,True,True,True,True,BOJ_20200427,1,False,,0,True,False,False,True
next_observation,BOJ_20200522,BoJ,2020-05-22,2020-05-25,2020-04-28,6344,-19,-0.003596202180352431,7.675,-0.03000000000000025,True,True,BOJ_20200427,True,True,True,True,BOJ_20200427,1,False,,0,True,False,False,True
next_observation,BOJ_20200522,BoJ,2020-05-22,2020-05-25,2020-04-29,6344,-18,-0.001685788270926883,7.46,-0.21499999999999986,True,False,,True,True,True,True,BOJ_20200427,1,False,,0,True,False,False,True
next_observation,BOJ_20200522,BoJ,2020-05-22,2020-05-25,2020-04-30,6344,-17,0.0045824451271939135,7.0925,-0.3674999999999997,True,False,,True,True,True,True,BOJ_20200427,1,False,,0,True,False,False,True
next_observation,BOJ_20200522,BoJ,2020-05-22,2020-05-25,2020-05-01,6344,-16,-0.0024288862424424414,7.745,0.6524999999999999,True,False,,True,True,True,True,BOJ_20200427,1,False,,0,True,False,False,True
next_observation,BOJ_20200522,BoJ,2020-05-22,2020-05-25,2020-05-04,6344,-15,-0.0016381553357995553,7.915,0.16999999999999993,True,False,,True,True,True,True,BOJ_20200427,1,False,,0,True,False,False,True
next_observation,BOJ_20200522,BoJ,2020-05-22,2020-05-25,2020-05-05,6344,-14,-0.0015470082545248904,7.66,-0.2549999999999999,True,False,,True,True,True,True,BOJ_20200427,1,False,,0,True,False,False,True
next_observation,BOJ_20200522,BoJ,2020-05-22,2020-05-25,2020-05-06,6344,-13,-0.004278433381734961,7.7875,0.1274999999999995,True,False,,True,True,True,True,BOJ_20200427,1,False,,0,True,False,False,True
next_observation,BOJ_20200522,BoJ,2020-05-22,2020-05-25,2020-05-07,6344,-12,0.001506591622073778,7.7375,-0.04999999999999982,True,False,,True,True,True,True,BOJ_20200427,1,False,,0,True,False,False,True
next_observation,BOJ_20200522,BoJ,2020-05-22,2020-05-25,2020-05-08,6344,-11,0.0034753240257469646,7.235,-0.5024999999999995,True,False,,True,True,True,True,BOJ_20200427,1,False,,0,True,False,False,True
next_observation,BOJ_20200522,BoJ,2020-05-22,2020-05-25,2020-05-11,6344,-10,0.009425668215451542,7.25,0.01499999999999968,True,False,,True,True,True,True,BOJ_20200427,1,False,,0,True,False,False,True
next_observation,BOJ_20200522,BoJ,2020-05-22,2020-05-25,2020-05-12,6344,-9,-0.0048417226799969265,6.9025,-0.34750000000000014,True,False,,True,True,True,True,BOJ_20200427,1,False,,0,True,False,False,True
next_observation,BOJ_20200522,BoJ,2020-05-22,2020-05-25,2020-05-13,6344,-8,-0.0010272214565300254,6.8525,-0.04999999999999982,True,False,,True,True,True,True,BOJ_20200427,1,False,,0,True,False,False,True
next_observation,BOJ_20200522,BoJ,2020-05-22,2020-05-25,2020-05-14,6344,-7,0.0020533888118420066,6.7225,-0.1299999999999999,True,False,,True,True,True,True,BOJ_20200427,1,False,,0,True,False,False,True
next_observation,BOJ_20200522,BoJ,2020-05-22,2020-05-25,2020-05-15,6344,-6,-0.0018198367169858717,6.525,-0.1974999999999998,True,False,,True,True,True,True,BOJ_20200427,1,False,,0,True,False,False,True
next_observation,BOJ_20200522,BoJ,2020-05-22,2020-05-25,2020-05-18,6344,-5,0.002658645657542289,6.485,-0.040000000000000036,True,False,,True,True,True,True,BOJ_20200427,1,False,,0,True,False,False,True
next_observation,BOJ_20200522,BoJ,2020-05-22,2020-05-25,2020-05-19,6344,-4,0.0034410636139959767,6.26,-0.22500000000000053,True,False,,True,True,True,True,BOJ_20200427,1,False,,0,True,False,False,True
next_observation,BOJ_20200522,BoJ,2020-05-22,2020-05-25,2020-05-20,6344,-3,-0.0017190516928788195,5.9375,-0.3224999999999998,True,False,,True,True,True,True,BOJ_20200427,1,False,,0,True,False,False,True
next_observation,BOJ_20200522,BoJ,2020-05-22,2020-05-25,2020-05-21,6344,-2,0.0007902015425008826,5.6675,-0.2699999999999996,True,False,,True,True,True,True,BOJ_20200427,1,False,,0,True,False,False,True
next_observation,BOJ_20200522,BoJ,2020-05-22,2020-05-25,2020-05-22,6344,-1,0.0002787456464040791,5.6975,0.02999999999999936,True,False,,True,True,True,True,BOJ_20200427,1,False,,0,True,False,False,True
next_observation,BOJ_20200522,BoJ,2020-05-22,2020-05-25,2020-05-25,6344,0,0.0006501045039737404,5.825,0.1275000000000004,True,False,,True,True,True,True,BOJ_20200427,1,False,,0,True,False,False,True
next_observation,BOJ_20200522,BoJ,2020-05-22,2020-05-25,2020-05-26,6344,1,-0.001579558981146905,5.41,-0.41500000000000004,True,False,,True,True,True,True,BOJ_20200427,1,False,,0,True,False,False,True
next_observation,BOJ_20200522,BoJ,2020-05-22,2020-05-25,2020-05-27,6344,2,0.0017188121203696048,5.2575,-0.15249999999999986,True,False,,True,True,True,True,BOJ_20200427,1,False,,0,True,False,False,True
next_observation,BOJ_20200522,BoJ,2020-05-22,2020-05-25,2020-05-28,6344,3,-0.0006964596915295156,5.19,-0.0674999999999999,True,False,,True,True,True,True,BOJ_20200427,1,False,,0,True,False,False,True
next_observation,BOJ_20200522,BoJ,2020-05-22,2020-05-25,2020-05-29,6344,4,0.0016706890836090291,5.3625,0.17249999999999943,True,False,,True,True,True,True,BOJ_20200427,1,False,,0,True,False,False,True
next_observation,BOJ_20200522,BoJ,2020-05-22,2020-05-25,2020-06-01,6344,5,-0.0022282062881632835,5.3975,0.03500000000000014,True,False,,True,True,True,True,BOJ_20200427,1,False,,0,True,False,False,True
next_observation,BOJ_20200522,BoJ,2020-05-22,2020-05-25,2020-06-02,6344,6,0.010034070269037841,5.78,0.3825000000000003,True,False,,True,True,True,True,BOJ_20200427,1,False,,0,True,False,False,True
next_observation,BOJ_20200522,BoJ,2020-05-22,2020-05-25,2020-06-03,6344,7,0.0021141656923355564,5.7625,-0.01750000000000007,True,False,,True,True,True,True,BOJ_20200427,1,False,,0,True,False,False,True
next_observation,BOJ_20200522,BoJ,2020-05-22,2020-05-25,2020-06-04,6344,8,0.002247140428761696,5.5975,-0.16500000000000004,True,False,,True,True,True,True,BOJ_20200427,1,False,,0,True,False,False,True
next_observation,BOJ_20200522,BoJ,2020-05-22,2020-05-25,2020-06-05,6344,9,0.004068670039362145,5.56,-0.03750000000000053,True,False,,True,True,True,True,BOJ_20200427,1,False,,0,True,False,False,True
next_observation,BOJ_20200522,BoJ,2020-05-22,2020-05-25,2020-06-08,6344,10,-0.010686949551224444,6.3575,0.7975000000000003,True,False,,True,True,True,True,BOJ_20200427,1,False,,0,True,False,False,True
next_observation,BOJ_20200616,BoJ,2020-06-16,2020-06-17,2020-05-20,6361,-20,-0.0017190516928788195,5.9375,-0.3224999999999998,True,False,,True,True,True,True,BOJ_20200522,1,False,,0,True,False,False,True
next_observation,BOJ_20200616,BoJ,2020-06-16,2020-06-17,2020-05-21,6361,-19,0.0007902015425008826,5.6675,-0.2699999999999996,True,False,,True,True,True,True,BOJ_20200522,1,False,,0,True,False,False,True
next_observation,BOJ_20200616,BoJ,2020-06-16,2020-06-17,2020-05-22,6361,-18,0.0002787456464040791,5.6975,0.02999999999999936,True,False,,True,True,True,True,BOJ_20200522,1,False,,0,True,False,False,True
next_observation,BOJ_20200616,BoJ,2020-06-16,2020-06-17,2020-05-25,6361,-17,0.0006501045039737404,5.825,0.1275000000000004,True,True,BOJ_20200522,True,True,True,True,BOJ_20200522,1,False,,0,True,False,False,True
next_observation,BOJ_20200616,BoJ,2020-06-16,2020-06-17,2020-05-26,6361,-16,-0.001579558981146905,5.41,-0.41500000000000004,True,False,,True,True,True,True,BOJ_20200522,1,False,,0,True,False,False,True
next_observation,BOJ_20200616,BoJ,2020-06-16,2020-06-17,2020-05-27,6361,-15,0.0017188121203696048,5.2575,-0.15249999999999986,True,False,,True,True,True,True,BOJ_20200522,1,False,,0,True,False,False,True
next_observation,BOJ_20200616,BoJ,2020-06-16,2020-06-17,2020-05-28,6361,-14,-0.0006964596915295156,5.19,-0.0674999999999999,True,False,,True,True,True,True,BOJ_20200522,1,False,,0,True,False,False,True
next_observation,BOJ_20200616,BoJ,2020-06-16,2020-06-17,2020-05-29,6361,-13,0.0016706890836090291,5.3625,0.17249999999999943,True,False,,True,True,True,True,BOJ_20200522,1,False,,0,True,False,False,True
next_observation,BOJ_20200616,BoJ,2020-06-16,2020-06-17,2020-06-01,6361,-12,-0.0022282062881632835,5.3975,0.03500000000000014,True,False,,True,True,True,True,BOJ_20200522,1,False,,0,True,False,False,True
next_observation,BOJ_20200616,BoJ,2020-06-16,2020-06-17,2020-06-02,6361,-11,0.010034070269037841,5.78,0.3825000000000003,True,False,,True,True,True,True,BOJ_20200522,1,False,,0,True,False,False,True
next_observation,BOJ_20200616,BoJ,2020-06-16,2020-06-17,2020-06-03,6361,-10,0.0021141656923355564,5.7625,-0.01750000000000007,True,False,,True,True,True,True,BOJ_20200522,1,False,,0,True,False,False,True
next_observation,BOJ_20200616,BoJ,2020-06-16,2020-06-17,2020-06-04,6361,-9,0.002247140428761696,5.5975,-0.16500000000000004,True,False,,True,True,True,True,BOJ_20200522,1,False,,0,True,False,False,True
next_observation,BOJ_20200616,BoJ,2020-06-16,2020-06-17,2020-06-05,6361,-8,0.004068670039362145,5.56,-0.03750000000000053,True,False,,True,True,True,True,BOJ_20200522,1,False,,0,True,False,False,True
next_observation,BOJ_20200616,BoJ,2020-06-16,2020-06-17,2020-06-08,6361,-7,-0.010686949551224444,6.3575,0.7975000000000003,True,False,,True,True,True,True,BOJ_20200522,1,False,,0,True,False,False,True
next_observation,BOJ_20200616,BoJ,2020-06-16,2020-06-17,2020-06-09,6361,-6,-0.006244671864555422,6.8,0.4424999999999999,True,False,,True,True,True,True,BOJ_20200522,1,False,,0,True,False,False,True
next_observation,BOJ_20200616,BoJ,2020-06-16,2020-06-17,2020-06-10,6361,-5,-0.005863754701591328,7.295,0.4950000000000001,True,False,,True,True,True,True,BOJ_20200522,1,False,,0,True,False,False,True
next_observation,BOJ_20200616,BoJ,2020-06-16,2020-06-17,2020-06-11,6361,-4,-0.0024300212901699576,7.255,-0.040000000000000036,True,False,,True,True,True,True,BOJ_20200522,1,False,,0,True,False,False,True
next_observation,BOJ_20200616,BoJ,2020-06-16,2020-06-17,2020-06-12,6361,-3,0.0048541518884839385,7.2325,-0.022499999999999964,True,False,,True,True,True,True,BOJ_20200522,1,False,,0,True,False,False,True
next_observation,BOJ_20200616,BoJ,2020-06-16,2020-06-17,2020-06-15,6361,-2,-0.0004657228102061706,7.06,-0.17250000000000032,True,False,,True,True,True,True,BOJ_20200522,1,False,,0,True,False,False,True
next_observation,BOJ_20200616,BoJ,2020-06-16,2020-06-17,2020-06-16,6361,-1,-0.00013975914862846445,6.505,-0.5549999999999997,True,False,,True,True,True,True,BOJ_20200522,1,False,,0,True,False,False,True
next_observation,BOJ_20200616,BoJ,2020-06-16,2020-06-17,2020-06-17,6361,0,-0.0029394632153189456,6.425,-0.08000000000000007,True,False,,True,True,True,True,BOJ_20200522,1,False,,0,True,False,False,True
next_observation,BOJ_20200616,BoJ,2020-06-16,2020-06-17,2020-06-18,6361,1,-0.0002804000392238353,6.66,0.23500000000000032,True,False,,True,True,True,True,BOJ_20200522,1,False,,0,True,False,False,True
next_observation,BOJ_20200616,BoJ,2020-06-16,2020-06-17,2020-06-19,6361,2,-0.0009352350459561632,6.19,-0.46999999999999975,True,False,,True,True,True,True,BOJ_20200522,1,False,,0,True,False,False,True
next_observation,BOJ_20200616,BoJ,2020-06-16,2020-06-17,2020-06-22,6361,3,0.00032743176848422357,5.65,-0.54,True,False,,True,True,True,True,BOJ_20200522,1,False,,0,True,False,False,True
next_observation,BOJ_20200616,BoJ,2020-06-16,2020-06-17,2020-06-23,6361,4,-0.0036545980796769246,6.11,0.45999999999999996,True,False,,True,True,True,True,BOJ_20200522,1,False,,0,True,False,False,True
next_observation,BOJ_20200616,BoJ,2020-06-16,2020-06-17,2020-06-24,6361,5,0.004869835434186729,6.16,0.04999999999999982,True,False,,True,True,True,True,BOJ_20200522,1,False,,0,True,False,False,True
next_observation,BOJ_20200616,BoJ,2020-06-16,2020-06-17,2020-06-25,6361,6,0.0014003643235098175,5.81,-0.35000000000000053,True,False,,True,True,True,True,BOJ_20200522,1,False,,0,True,False,False,True
next_observation,BOJ_20200616,BoJ,2020-06-16,2020-06-17,2020-06-26,6361,7,0.0002798376959634644,5.82,0.010000000000000675,True,False,,True,True,True,True,BOJ_20200522,1,False,,0,True,False,False,True
next_observation,BOJ_20200616,BoJ,2020-06-16,2020-06-17,2020-06-29,6361,8,0.0033054803252717817,6.0,0.17999999999999972,True,False,,True,True,True,True,BOJ_20200522,1,False,,0,True,False,False,True
next_observation,BOJ_20200616,BoJ,2020-06-16,2020-06-17,2020-06-30,6361,9,0.0032945901125916535,5.815,-0.1849999999999996,True,False,,True,True,True,True,BOJ_20200522,1,False,,0,True,False,False,True
next_observation,BOJ_20200616,BoJ,2020-06-16,2020-06-17,2020-07-01,6361,10,-0.004271129984193138,5.665,-0.15000000000000036,True,False,,True,True,True,True,BOJ_20200522,1,False,,0,True,False,False,True
next_observation,BOJ_20200715,BoJ,2020-07-15,2020-07-16,2020-06-18,6382,-20,-0.0002804000392238353,6.66,0.23500000000000032,True,False,,True,True,True,False,,0,False,,0,False,False,True,True
next_observation,BOJ_20200715,BoJ,2020-07-15,2020-07-16,2020-06-19,6382,-19,-0.0009352350459561632,6.19,-0.46999999999999975,True,False,,True,True,True,False,,0,False,,0,False,False,True,True
next_observation,BOJ_20200715,BoJ,2020-07-15,2020-07-16,2020-06-22,6382,-18,0.00032743176848422357,5.65,-0.54,True,False,,True,True,True,False,,0,False,,0,False,False,True,True
next_observation,BOJ_20200715,BoJ,2020-07-15,2020-07-16,2020-06-23,6382,-17,-0.0036545980796769246,6.11,0.45999999999999996,True,False,,True,True,True,False,,0,False,,0,False,False,True,True
next_observation,BOJ_20200715,BoJ,2020-07-15,2020-07-16,2020-06-24,6382,-16,0.004869835434186729,6.16,0.04999999999999982,True,False,,True,True,True,False,,0,False,,0,False,False,True,True
next_observation,BOJ_20200715,BoJ,2020-07-15,2020-07-16,2020-06-25,6382,-15,0.0014003643235098175,5.81,-0.35000000000000053,True,False,,True,True,True,False,,0,False,,0,False,False,True,True
next_observation,BOJ_20200715,BoJ,2020-07-15,2020-07-16,2020-06-26,6382,-14,0.0002798376959634644,5.82,0.010000000000000675,True,False,,True,True,True,False,,0,False,,0,False,False,True,True
next_observation,BOJ_20200715,BoJ,2020-07-15,2020-07-16,2020-06-29,6382,-13,0.0033054803252717817,6.0,0.17999999999999972,True,False,,True,True,True,False,,0,False,,0,False,False,True,True
next_observation,BOJ_20200715,BoJ,2020-07-15,2020-07-16,2020-06-30,6382,-12,0.0032945901125916535,5.815,-0.1849999999999996,True,False,,True,True,True,False,,0,False,,0,False,False,True,True
next_observation,BOJ_20200715,BoJ,2020-07-15,2020-07-16,2020-07-01,6382,-11,-0.004271129984193138,5.665,-0.15000000000000036,True,False,,True,True,True,False,,0,False,,0,False,False,True,True
next_observation,BOJ_20200715,BoJ,2020-07-15,2020-07-16,2020-07-02,6382,-10,0.00027910871465568405,5.41,-0.2549999999999999,True,False,,True,True,True,False,,0,False,,0,False,False,True,True
next_observation,BOJ_20200715,BoJ,2020-07-15,2020-07-16,2020-07-03,6382,-9,9.301892941908034e-05,5.25,-0.16000000000000014,True,False,,True,True,True,False,,0,False,,0,False,False,True,True
next_observation,BOJ_20200715,BoJ,2020-07-15,2020-07-16,2020-07-06,6382,-8,-0.0014427666384661782,5.395,0.14499999999999957,True,False,,True,True,True,False,,0,False,,0,False,False,True,True
next_observation,BOJ_20200715,BoJ,2020-07-15,2020-07-16,2020-07-07,6382,-7,0.0015357769161690761,5.385,-0.009999999999999787,True,False,,True,True,True,False,,0,False,,0,False,False,True,True
next_observation,BOJ_20200715,BoJ,2020-07-15,2020-07-16,2020-07-08,6382,-6,-0.002421083220060507,5.355,-0.02999999999999936,True,False,,True,True,True,False,,0,False,,0,False,False,True,True
next_observation,BOJ_20200715,BoJ,2020-07-15,2020-07-16,2020-07-09,6382,-5,-0.0005129042147271871,5.27,-0.08500000000000085,True,False,,True,True,True,False,,0,False,,0,False,False,True,True
next_observation,BOJ_20200715,BoJ,2020-07-15,2020-07-16,2020-07-10,6382,-4,-0.0026152352270793927,5.51,0.2400000000000002,True,False,,True,True,True,False,,0,False,,0,False,False,True,True
next_observation,BOJ_20200715,BoJ,2020-07-15,2020-07-16,2020-07-13,6382,-3,0.0034077945356823292,5.505,-0.004999999999999893,True,False,,True,True,True,False,,0,False,,0,False,False,True,True
next_observation,BOJ_20200715,BoJ,2020-07-15,2020-07-16,2020-07-14,6382,-2,-0.00046613528089611145,5.47,-0.03500000000000014,True,False,,True,True,True,False,,0,False,,0,False,False,True,True
next_observation,BOJ_20200715,BoJ,2020-07-15,2020-07-16,2020-07-15,6382,-1,-0.0028481401300571806,5.425,-0.04499999999999993,True,False,,True,True,True,False,,0,False,,0,False,False,True,True
next_observation,BOJ_20200715,BoJ,2020-07-15,2020-07-16,2020-07-16,6382,0,0.003127847371636466,5.145,-0.28000000000000025,True,False,,True,True,True,False,,0,False,,0,False,False,True,True
next_observation,BOJ_20200715,BoJ,2020-07-15,2020-07-16,2020-07-17,6382,1,-0.002286568578328156,5.08,-0.0649999999999995,True,False,,True,True,True,False,,0,False,,0,False,False,True,True
next_observation,BOJ_20200715,BoJ,2020-07-15,2020-07-16,2020-07-20,6382,2,0.0022399561374591187,5.08,0.0,True,False,,True,True,True,False,,0,False,,0,False,False,True,True
next_observation,BOJ_20200715,BoJ,2020-07-15,2020-07-16,2020-07-21,6382,3,-0.004344481642374344,5.21,0.1299999999999999,True,False,,True,True,True,False,,0,False,,0,False,False,True,True
next_observation,BOJ_20200715,BoJ,2020-07-15,2020-07-16,2020-07-22,6382,4,0.0032717953934915957,5.265,0.054999999999999716,True,False,,True,True,True,False,,0,False,,0,False,False,True,True
next_observation,BOJ_20200715,BoJ,2020-07-15,2020-07-16,2020-07-23,6382,5,-0.0027101553899607613,5.37,0.10500000000000043,True,False,,True,True,True,False,,0,False,,0,False,False,True,True
next_observation,BOJ_20200715,BoJ,2020-07-15,2020-07-16,2020-07-24,6382,6,-0.006807697833218099,6.635,1.2649999999999997,True,False,,True,True,True,False,,0,False,,0,False,False,True,True
next_observation,BOJ_20200715,BoJ,2020-07-15,2020-07-16,2020-07-27,6382,7,-0.007233903084970931,7.775,1.1400000000000006,True,False,,True,True,True,False,,0,False,,0,False,False,True,True
next_observation,BOJ_20200715,BoJ,2020-07-15,2020-07-16,2020-07-28,6382,8,-0.0026608397339310595,7.515,-0.2600000000000007,True,False,,True,True,True,False,,0,False,,0,False,False,True,True
next_observation,BOJ_20200715,BoJ,2020-07-15,2020-07-16,2020-07-29,6382,9,-0.0016189708788321839,7.63,0.11500000000000021,True,False,,True,True,True,False,,0,False,,0,False,False,True,True
next_observation,BOJ_20200715,BoJ,2020-07-15,2020-07-16,2020-07-30,6382,10,-0.00181254521361873,6.99,-0.6399999999999997,True,False,,True,True,True,False,,0,False,,0,False,False,True,True
next_observation,BOJ_20200917,BoJ,2020-09-17,2020-09-18,2020-08-21,6428,-20,4.7257862535612404e-05,6.45,-0.16500000000000004,True,False,,True,True,True,False,,0,False,,0,False,False,True,True
next_observation,BOJ_20200917,BoJ,2020-09-17,2020-09-18,2020-08-24,6428,-19,0.0016526197778812073,6.4,-0.04999999999999982,True,False,,True,True,True,False,,0,False,,0,False,False,True,True
next_observation,BOJ_20200917,BoJ,2020-09-17,2020-09-18,2020-08-25,6428,-18,0.0038611904636587555,6.44,0.040000000000000036,True,False,,True,True,True,False,,0,False,,0,False,False,True,True
next_observation,BOJ_20200917,BoJ,2020-09-17,2020-09-18,2020-08-26,6428,-17,-0.0037668374891110935,6.515,0.07499999999999929,True,False,,True,True,True,False,,0,False,,0,False,False,True,True
next_observation,BOJ_20200917,BoJ,2020-09-17,2020-09-18,2020-08-27,6428,-16,0.005457296193701121,6.18,-0.33499999999999996,True,False,,True,True,True,False,,0,False,,0,False,False,True,True
next_observation,BOJ_20200917,BoJ,2020-09-17,2020-09-18,2020-08-28,6428,-15,-0.011324080621428511,7.4675,1.2875000000000005,True,False,,True,True,True,False,,0,False,,0,False,False,True,True
next_observation,BOJ_20200917,BoJ,2020-09-17,2020-09-18,2020-08-31,6428,-14,0.0050645002345252755,7.445,-0.022499999999999964,True,False,,True,True,True,False,,0,False,,0,False,False,True,True
next_observation,BOJ_20200917,BoJ,2020-09-17,2020-09-18,2020-09-01,6428,-13,0.0005191985579073656,7.075,-0.3700000000000001,True,False,,True,True,True,False,,0,False,,0,False,False,True,True
next_observation,BOJ_20200917,BoJ,2020-09-17,2020-09-18,2020-09-02,6428,-12,0.002121191490393273,6.8,-0.27500000000000036,True,False,,True,True,True,False,,0,False,,0,False,False,True,True
next_observation,BOJ_20200917,BoJ,2020-09-17,2020-09-18,2020-09-03,6428,-11,4.7086521491892424e-05,6.78,-0.019999999999999574,True,False,,True,True,True,False,,0,False,,0,False,False,True,True
next_observation,BOJ_20200917,BoJ,2020-09-17,2020-09-18,2020-09-04,6428,-10,0.00047074331236956216,6.48,-0.2999999999999998,True,False,,True,True,True,False,,0,False,,0,False,False,True,True
next_observation,BOJ_20200917,BoJ,2020-09-17,2020-09-18,2020-09-07,6428,-9,0.0002823396564799704,6.465,-0.015000000000000568,True,False,,True,True,True,False,,0,False,,0,False,False,True,True
next_observation,BOJ_20200917,BoJ,2020-09-17,2020-09-18,2020-09-08,6428,-8,-0.0022609524468968478,6.7,0.23500000000000032,True,False,,True,True,True,False,,0,False,,0,False,False,True,True
next_observation,BOJ_20200917,BoJ,2020-09-17,2020-09-18,2020-09-09,6428,-7,0.0014136942178186078,6.365,-0.33499999999999996,True,False,,True,True,True,False,,0,False,,0,False,False,True,True
next_observation,BOJ_20200917,BoJ,2020-09-17,2020-09-18,2020-09-10,6428,-6,-0.0004710093817944104,5.895,-0.47000000000000064,True,False,,True,True,True,False,,0,False,,0,False,False,True,True
next_observation,BOJ_20200917,BoJ,2020-09-17,2020-09-18,2020-09-11,6428,-5,0.0002826322502208949,5.705,-0.1899999999999995,True,False,,True,True,True,False,,0,False,,0,False,False,True,True
next_observation,BOJ_20200917,BoJ,2020-09-17,2020-09-18,2020-09-14,6428,-4,-0.004058715279516974,5.955,0.25,True,False,,True,True,True,False,,0,False,,0,False,False,True,True
next_observation,BOJ_20200917,BoJ,2020-09-17,2020-09-18,2020-09-15,6428,-3,-0.0027466039902379804,5.955,0.0,True,False,,True,True,True,False,,0,False,,0,False,False,True,True
next_observation,BOJ_20200917,BoJ,2020-09-17,2020-09-18,2020-09-16,6428,-2,-0.0046580244875551865,5.98,0.025000000000000355,True,False,,True,True,True,False,,0,False,,0,False,False,True,True
next_observation,BOJ_20200917,BoJ,2020-09-17,2020-09-18,2020-09-17,6428,-1,-0.0020029574153001225,6.13,0.14999999999999947,True,False,,True,True,True,False,,0,False,,0,False,False,True,True
next_observation,BOJ_20200917,BoJ,2020-09-17,2020-09-18,2020-09-18,6428,0,-0.0015765715230796923,6.365,0.23500000000000032,True,False,,True,True,True,False,,0,False,,0,False,False,True,True
next_observation,BOJ_20200917,BoJ,2020-09-17,2020-09-18,2020-09-21,6428,1,0.0007169315637468304,6.905,0.54,True,False,,True,True,True,False,,0,False,,0,False,False,True,True
next_observation,BOJ_20200917,BoJ,2020-09-17,2020-09-18,2020-09-22,6428,2,0.002672012277810989,6.485,-0.41999999999999993,True,False,,True,True,True,False,,0,False,,0,False,False,True,True
next_observation,BOJ_20200917,BoJ,2020-09-17,2020-09-18,2020-09-23,6428,3,0.004421735482038323,6.3,-0.1850000000000005,True,False,,True,True,True,False,,0,False,,0,False,False,True,True
next_observation,BOJ_20200917,BoJ,2020-09-17,2020-09-18,2020-09-24,6428,4,0.00014231161523970697,6.275,-0.024999999999999467,True,False,,True,True,True,False,,0,False,,0,False,False,True,True
next_observation,BOJ_20200917,BoJ,2020-09-17,2020-09-18,2020-09-25,6428,5,0.0016588074611068742,6.02,-0.2550000000000008,True,False,,True,True,True,False,,0,False,,0,False,False,True,True
next_observation,BOJ_20200917,BoJ,2020-09-17,2020-09-18,2020-09-28,6428,6,-0.0008053628120835382,6.05,0.03000000000000025,True,False,,True,True,True,False,,0,False,,0,False,False,True,True
next_observation,BOJ_20200917,BoJ,2020-09-17,2020-09-18,2020-09-29,6428,7,0.0015154388200484688,5.89,-0.16000000000000014,True,False,,True,True,True,False,,0,False,,0,False,False,True,True
next_observation,BOJ_20200917,BoJ,2020-09-17,2020-09-18,2020-09-30,6428,8,-0.001705030251083723,5.54,-0.34999999999999964,True,False,,True,True,True,False,,0,False,,0,False,False,True,True
next_observation,BOJ_20200917,BoJ,2020-09-17,2020-09-18,2020-10-01,6428,9,0.0004265301834765393,5.6325,0.09250000000000025,True,False,,True,True,True,False,,0,False,,0,False,False,True,True
next_observation,BOJ_20200917,BoJ,2020-09-17,2020-09-18,2020-10-02,6428,10,-0.0021819570368207713,7.61,1.9775,True,False,,True,True,True,False,,0,False,,0,False,False,True,True
next_observation,BOJ_20201029,BoJ,2020-10-29,2020-10-30,2020-10-02,6458,-20,-0.0021819570368207713,7.61,1.9775,True,False,,True,True,True,False,,0,False,,0,False,False,True,True
next_observation,BOJ_20201029,BoJ,2020-10-29,2020-10-30,2020-10-05,6458,-19,0.004264600852971655,7.715,0.10499999999999954,True,False,,True,True,True,False,,0,False,,0,False,False,True,True
next_observation,BOJ_20201029,BoJ,2020-10-29,2020-10-30,2020-10-06,6458,-18,-0.0010407797325153768,7.6075,-0.10749999999999993,True,False,,True,True,True,False,,0,False,,0,False,False,True,True
next_observation,BOJ_20201029,BoJ,2020-10-29,2020-10-30,2020-10-07,6458,-17,0.0032606413124179794,7.55,-0.05750000000000011,True,False,,True,True,True,False,,0,False,,0,False,False,True,True
next_observation,BOJ_20201029,BoJ,2020-10-29,2020-10-30,2020-10-08,6458,-16,0.0004716758730908428,7.33,-0.21999999999999975,True,False,,True,True,True,False,,0,False,,0,False,False,True,True
next_observation,BOJ_20201029,BoJ,2020-10-29,2020-10-30,2020-10-09,6458,-15,-0.003921666298500649,7.31,-0.020000000000000462,True,False,,True,True,True,False,,0,False,,0,False,False,True,True
next_observation,BOJ_20201029,BoJ,2020-10-29,2020-10-30,2020-10-12,6458,-14,-0.0026546590607724584,7.5675,0.2575000000000003,True,False,,True,True,True,False,,0,False,,0,False,False,True,True
next_observation,BOJ_20201029,BoJ,2020-10-29,2020-10-30,2020-10-13,6458,-13,0.0013756139066521138,7.49,-0.07749999999999968,True,False,,True,True,True,False,,0,False,,0,False,False,True,True
next_observation,BOJ_20201029,BoJ,2020-10-29,2020-10-30,2020-10-14,6458,-12,-0.002943272953148771,7.44,-0.04999999999999982,True,False,,True,True,True,False,,0,False,,0,False,False,True,True
next_observation,BOJ_20201029,BoJ,2020-10-29,2020-10-30,2020-10-15,6458,-11,0.002658818392846546,7.245,-0.19500000000000028,True,False,,True,True,True,False,,0,False,,0,False,False,True,True
next_observation,BOJ_20201029,BoJ,2020-10-29,2020-10-30,2020-10-16,6458,-10,-0.0004742708175216342,7.07,-0.17499999999999982,True,False,,True,True,True,False,,0,False,,0,False,False,True,True
next_observation,BOJ_20201029,BoJ,2020-10-29,2020-10-30,2020-10-19,6458,-9,0.00033201318871633063,7.09,0.019999999999999574,True,False,,True,True,True,False,,0,False,,0,False,False,True,True
next_observation,BOJ_20201029,BoJ,2020-10-29,2020-10-30,2020-10-20,6458,-8,0.0006163036201428668,7.19,0.10000000000000053,True,False,,True,True,True,False,,0,False,,0,False,False,True,True
next_observation,BOJ_20201029,BoJ,2020-10-29,2020-10-30,2020-10-21,6458,-7,-0.008663008149944374,7.98,0.79,True,False,,True,True,True,False,,0,False,,0,False,False,True,True
next_observation,BOJ_20201029,BoJ,2020-10-29,2020-10-30,2020-10-22,6458,-6,0.002625863865881328,7.565,-0.41500000000000004,True,False,,True,True,True,False,,0,False,,0,False,False,True,True
next_observation,BOJ_20201029,BoJ,2020-10-29,2020-10-30,2020-10-23,6458,-5,-0.0014314345415838087,7.405,-0.16000000000000014,True,False,,True,True,True,False,,0,False,,0,False,False,True,True
next_observation,BOJ_20201029,BoJ,2020-10-29,2020-10-30,2020-10-26,6458,-4,0.0011453115067275466,7.64,0.23499999999999943,True,False,,True,True,True,False,,0,False,,0,False,False,True,True
next_observation,BOJ_20201029,BoJ,2020-10-29,2020-10-30,2020-10-27,6458,-3,-0.004014342308462602,8.09,0.4500000000000002,True,False,,True,True,True,False,,0,False,,0,False,False,True,True
next_observation,BOJ_20201029,BoJ,2020-10-29,2020-10-30,2020-10-28,6458,-2,-0.0009102451103967764,8.5775,0.4875000000000007,True,False,,True,True,True,False,,0,False,,0,False,False,True,True
next_observation,BOJ_20201029,BoJ,2020-10-29,2020-10-30,2020-10-29,6458,-1,0.0027760511773267747,8.2025,-0.375,True,False,,True,True,True,False,,0,False,,0,False,False,True,True
next_observation,BOJ_20201029,BoJ,2020-10-29,2020-10-30,2020-10-30,6458,0,0.00047785158839231133,7.9875,-0.21500000000000075,True,False,,True,True,True,False,,0,False,,0,False,False,True,True
next_observation,BOJ_20201029,BoJ,2020-10-29,2020-10-30,2020-11-02,6458,1,0.0005731206575827526,8.0125,0.024999999999999467,True,False,,True,True,True,False,,0,False,,0,False,False,True,True
next_observation,BOJ_20201029,BoJ,2020-10-29,2020-10-30,2020-11-03,6458,2,-0.0021987485556248985,7.9125,-0.09999999999999964,True,False,,True,True,True,False,,0,False,,0,False,False,True,True
next_observation,BOJ_20201029,BoJ,2020-10-29,2020-10-30,2020-11-04,6458,3,0.00028706760639206157,6.4975,-1.415,True,False,,True,True,True,False,,0,False,,0,False,False,True,True
next_observation,BOJ_20201029,BoJ,2020-10-29,2020-10-30,2020-11-05,6458,4,-0.009855138292657837,6.5775,0.08000000000000007,True,False,,True,True,True,False,,0,False,,0,False,False,True,True
next_observation,BOJ_20201029,BoJ,2020-10-29,2020-10-30,2020-11-06,6458,5,-0.0013536381085547213,6.655,0.07750000000000057,True,False,,True,True,True,False,,0,False,,0,False,False,True,True
next_observation,BOJ_20201029,BoJ,2020-10-29,2020-10-30,2020-11-09,6458,6,0.01935575207082031,6.695,0.040000000000000036,True,False,,True,True,True,False,,0,False,,0,False,False,True,True
next_observation,BOJ_20201029,BoJ,2020-10-29,2020-10-30,2020-11-10,6458,7,-0.0007119971820897528,6.525,-0.16999999999999993,True,False,,True,True,True,False,,0,False,,0,False,False,True,True
next_observation,BOJ_20201029,BoJ,2020-10-29,2020-10-30,2020-11-11,6458,8,0.0012338064489285658,6.005,-0.5200000000000005,True,False,,True,True,True,False,,0,False,,0,False,False,True,True
next_observation,BOJ_20201029,BoJ,2020-10-29,2020-10-30,2020-11-12,6458,9,-0.0028495460011188647,6.035,0.03000000000000025,True,False,,True,True,True,False,,0,False,,0,False,False,True,True
next_observation,BOJ_20201029,BoJ,2020-10-29,2020-10-30,2020-11-13,6458,10,-0.004767362194783652,6.21,0.17499999999999982,True,False,,True,True,True,False,,0,False,,0,False,False,True,True
next_observation,BOJ_20201218,BoJ,2020-12-18,2020-12-21,2020-11-23,6494,-20,0.006286461665763725,6.225,0.14499999999999957,True,False,,True,True,True,False,,0,False,,0,False,False,True,True
next_observation,BOJ_20201218,BoJ,2020-12-18,2020-12-21,2020-11-24,6494,-19,-0.0007656968214836628,6.16,-0.0649999999999995,True,False,,True,True,True,False,,0,False,,0,False,False,True,True
next_observation,BOJ_20201218,BoJ,2020-12-18,2020-12-21,2020-11-25,6494,-18,0.00019147917722459355,5.905,-0.2549999999999999,True,False,,True,True,True,False,,0,False,,0,False,False,True,True
next_observation,BOJ_20201218,BoJ,2020-12-18,2020-12-21,2020-11-26,6494,-17,-0.0018684877875938149,5.65,-0.2549999999999999,True,False,,True,True,True,False,,0,False,,0,False,False,True,True
next_observation,BOJ_20201218,BoJ,2020-12-18,2020-12-21,2020-11-27,6494,-16,-0.0016317914928219825,5.66,0.009999999999999787,True,False,,True,True,True,False,,0,False,,0,False,False,True,True
next_observation,BOJ_20201218,BoJ,2020-12-18,2020-12-21,2020-11-30,6494,-15,0.0020153557685128475,5.775,0.11500000000000021,True,False,,True,True,True,False,,0,False,,0,False,False,True,True
next_observation,BOJ_20201218,BoJ,2020-12-18,2020-12-21,2020-12-01,6494,-14,0.00019172698136656375,5.66,-0.11500000000000021,True,False,,True,True,True,False,,0,False,,0,False,False,True,True
next_observation,BOJ_20201218,BoJ,2020-12-18,2020-12-21,2020-12-02,6494,-13,0.0008623168111231634,5.865,0.20500000000000007,True,False,,True,True,True,False,,0,False,,0,False,False,True,True
next_observation,BOJ_20201218,BoJ,2020-12-18,2020-12-21,2020-12-03,6494,-12,-0.005522090332959596,5.875,0.009999999999999787,True,False,,True,True,True,False,,0,False,,0,False,False,True,True
next_observation,BOJ_20201218,BoJ,2020-12-18,2020-12-21,2020-12-04,6494,-11,0.0031729270405774918,5.885,0.009999999999999787,True,False,,True,True,True,False,,0,False,,0,False,False,True,True
next_observation,BOJ_20201218,BoJ,2020-12-18,2020-12-21,2020-12-07,6494,-10,-0.001152627156713846,6.125,0.2400000000000002,True,False,,True,True,True,False,,0,False,,0,False,False,True,True
next_observation,BOJ_20201218,BoJ,2020-12-18,2020-12-21,2020-12-08,6494,-9,0.0011046275407015792,6.1,-0.025000000000000355,True,False,,True,True,True,False,,0,False,,0,False,False,True,True
next_observation,BOJ_20201218,BoJ,2020-12-18,2020-12-21,2020-12-09,6494,-8,0.0006238153708857223,5.965,-0.1349999999999998,True,False,,True,True,True,False,,0,False,,0,False,False,True,True
next_observation,BOJ_20201218,BoJ,2020-12-18,2020-12-21,2020-12-10,6494,-7,4.796968316944185e-05,5.905,-0.05999999999999961,True,False,,True,True,True,False,,0,False,,0,False,False,True,True
next_observation,BOJ_20201218,BoJ,2020-12-18,2020-12-21,2020-12-11,6494,-6,-0.0018725248539496109,6.1,0.1949999999999994,True,False,,True,True,True,False,,0,False,,0,False,False,True,True
next_observation,BOJ_20201218,BoJ,2020-12-18,2020-12-21,2020-12-14,6494,-5,9.611225919278085e-05,6.235,0.13500000000000068,True,False,,True,True,True,False,,0,False,,0,False,False,True,True
next_observation,BOJ_20201218,BoJ,2020-12-18,2020-12-21,2020-12-15,6494,-4,-0.003610546707198257,6.185,-0.05000000000000071,True,False,,True,True,True,False,,0,False,,0,False,False,True,True
next_observation,BOJ_20201218,BoJ,2020-12-18,2020-12-21,2020-12-16,6494,-3,-0.001979290515585911,6.15,-0.034999999999999254,True,False,,True,True,True,False,,0,False,,0,False,False,True,True
next_observation,BOJ_20201218,BoJ,2020-12-18,2020-12-21,2020-12-17,6494,-2,-0.0035338291646297587,6.34,0.1899999999999995,True,False,,True,True,True,False,,0,False,,0,False,False,True,True
next_observation,BOJ_20201218,BoJ,2020-12-18,2020-12-21,2020-12-18,6494,-1,0.0019378912125419913,6.245,-0.09499999999999975,True,False,,True,True,True,False,,0,False,,0,False,False,True,True
next_observation,BOJ_20201218,BoJ,2020-12-18,2020-12-21,2020-12-21,6494,0,0.00014519056286843463,6.645,0.39999999999999947,True,False,,True,True,True,False,,0,False,,0,False,False,True,True
next_observation,BOJ_20201218,BoJ,2020-12-18,2020-12-21,2020-12-22,6494,1,0.0030923874662695285,6.4425,-0.20249999999999968,True,False,,True,True,True,False,,0,False,,0,False,False,True,True
next_observation,BOJ_20201218,BoJ,2020-12-18,2020-12-21,2020-12-23,6494,2,-0.000627367730443786,6.1825,-0.2599999999999998,True,False,,True,True,True,False,,0,False,,0,False,False,True,True
next_observation,BOJ_20201218,BoJ,2020-12-18,2020-12-21,2020-12-24,6494,3,0.0007238509183232997,5.865,-0.3174999999999999,True,False,,True,True,True,False,,0,False,,0,False,False,True,True
next_observation,BOJ_20201218,BoJ,2020-12-18,2020-12-21,2020-12-25,6494,4,-0.0021731265343133497,5.98,0.11500000000000021,True,False,,True,True,True,False,,0,False,,0,False,False,True,True
next_observation,BOJ_20201218,BoJ,2020-12-18,2020-12-21,2020-12-28,6494,5,0.0037155928576787177,6.065,0.08499999999999996,True,False,,True,True,True,False,,0,False,,0,False,False,True,True
next_observation,BOJ_20201218,BoJ,2020-12-18,2020-12-21,2020-12-29,6494,6,-0.002218044209408686,5.98,-0.08499999999999996,True,False,,True,True,True,False,,0,False,,0,False,False,True,True
next_observation,BOJ_20201218,BoJ,2020-12-18,2020-12-21,2020-12-30,6494,7,-0.0038207673496582664,6.265,0.28499999999999925,True,False,,True,True,True,False,,0,False,,0,False,False,True,True
next_observation,BOJ_20201218,BoJ,2020-12-18,2020-12-21,2020-12-31,6494,8,0.0005813108723499911,6.3025,0.03750000000000053,True,False,,True,True,True,False,,0,False,,0,False,False,True,True
next_observation,BOJ_20201218,BoJ,2020-12-18,2020-12-21,2021-01-01,6494,9,-0.00048440225709840776,6.29,-0.012500000000000178,True,False,,True,True,True,False,,0,False,,0,False,False,True,True
next_observation,BOJ_20201218,BoJ,2020-12-18,2020-12-21,2021-01-04,6494,10,-0.0006300739333611917,6.625,0.33499999999999996,True,False,,True,True,True,False,,0,False,,0,False,False,True,True
next_observation,BOJ_20210121,BoJ,2021-01-21,2021-01-22,2020-12-25,6518,-20,-0.0021731265343133497,5.98,0.11500000000000021,True,False,,True,True,True,False,,0,False,,0,False,False,True,True
next_observation,BOJ_20210121,BoJ,2021-01-21,2021-01-22,2020-12-28,6518,-19,0.0037155928576787177,6.065,0.08499999999999996,True,False,,True,True,True,False,,0,False,,0,False,False,True,True
next_observation,BOJ_20210121,BoJ,2021-01-21,2021-01-22,2020-12-29,6518,-18,-0.002218044209408686,5.98,-0.08499999999999996,True,False,,True,True,True,False,,0,False,,0,False,False,True,True
next_observation,BOJ_20210121,BoJ,2021-01-21,2021-01-22,2020-12-30,6518,-17,-0.0038207673496582664,6.265,0.28499999999999925,True,False,,True,True,True,False,,0,False,,0,False,False,True,True
next_observation,BOJ_20210121,BoJ,2021-01-21,2021-01-22,2020-12-31,6518,-16,0.0005813108723499911,6.3025,0.03750000000000053,True,False,,True,True,True,False,,0,False,,0,False,False,True,True
next_observation,BOJ_20210121,BoJ,2021-01-21,2021-01-22,2021-01-01,6518,-15,-0.00048440225709840776,6.29,-0.012500000000000178,True,False,,True,True,True,False,,0,False,,0,False,False,True,True
next_observation,BOJ_20210121,BoJ,2021-01-21,2021-01-22,2021-01-04,6518,-14,-0.0006300739333611917,6.625,0.33499999999999996,True,False,,True,True,True,False,,0,False,,0,False,False,True,True
next_observation,BOJ_20210121,BoJ,2021-01-21,2021-01-22,2021-01-05,6518,-13,-0.004032165583503125,6.56,-0.06500000000000039,True,False,,True,True,True,False,,0,False,,0,False,False,True,True
next_observation,BOJ_20210121,BoJ,2021-01-21,2021-01-22,2021-01-06,6518,-12,0.00315909961156889,6.2,-0.35999999999999943,True,False,,True,True,True,False,,0,False,,0,False,False,True,True
next_observation,BOJ_20210121,BoJ,2021-01-21,2021-01-22,2021-01-07,6518,-11,0.007493206605893029,5.99,-0.20999999999999996,True,False,,True,True,True,False,,0,False,,0,False,False,True,True
next_observation,BOJ_20210121,BoJ,2021-01-21,2021-01-22,2021-01-08,6518,-10,0.0012033406183593611,6.08,0.08999999999999986,True,False,,True,True,True,False,,0,False,,0,False,False,True,True
next_observation,BOJ_20210121,BoJ,2021-01-21,2021-01-22,2021-01-11,6518,-9,0.0030739697596640593,6.395,0.3149999999999995,True,False,,True,True,True,False,,0,False,,0,False,False,True,True
next_observation,BOJ_20210121,BoJ,2021-01-21,2021-01-22,2021-01-12,6518,-8,-0.004807239331771438,6.08,-0.3149999999999995,True,False,,True,True,True,False,,0,False,,0,False,False,True,True
next_observation,BOJ_20210121,BoJ,2021-01-21,2021-01-22,2021-01-13,6518,-7,0.0012039780885609048,6.005,-0.07500000000000018,True,False,,True,True,True,False,,0,False,,0,False,False,True,True
next_observation,BOJ_20210121,BoJ,2021-01-21,2021-01-22,2021-01-14,6518,-6,-0.000818547364960858,5.755,-0.25,True,False,,True,True,True,False,,0,False,,0,False,False,True,True
next_observation,BOJ_20210121,BoJ,2021-01-21,2021-01-22,2021-01-15,6518,-5,0.0005297247962833994,5.735,-0.019999999999999574,True,False,,True,True,True,False,,0,False,,0,False,False,True,True
next_observation,BOJ_20210121,BoJ,2021-01-21,2021-01-22,2021-01-18,6518,-4,-0.001590016957884965,5.99,0.2549999999999999,True,False,,True,True,True,False,,0,False,,0,False,False,True,True
next_observation,BOJ_20210121,BoJ,2021-01-21,2021-01-22,2021-01-19,6518,-3,0.002023219534994903,5.8,-0.1900000000000004,True,False,,True,True,True,False,,0,False,,0,False,False,True,True
next_observation,BOJ_20210121,BoJ,2021-01-21,2021-01-22,2021-01-20,6518,-2,-0.0034708866314265576,5.5,-0.2999999999999998,True,False,,True,True,True,False,,0,False,,0,False,False,True,True
next_observation,BOJ_20210121,BoJ,2021-01-21,2021-01-22,2021-01-21,6518,-1,-0.00033809075643831475,5.37,-0.1299999999999999,True,False,,True,True,True,False,,0,False,,0,False,False,True,True
next_observation,BOJ_20210121,BoJ,2021-01-21,2021-01-22,2021-01-22,6518,0,0.0026533532222767888,5.235,-0.1349999999999998,True,False,,True,True,True,False,,0,False,,0,False,False,True,True
next_observation,BOJ_20210121,BoJ,2021-01-21,2021-01-22,2021-01-25,6518,1,-0.000289114828785857,5.09,-0.14500000000000046,True,False,,True,True,True,False,,0,False,,0,False,False,True,True
next_observation,BOJ_20210121,BoJ,2021-01-21,2021-01-22,2021-01-26,6518,2,-0.0012537977241653992,5.035,-0.054999999999999716,True,False,,True,True,True,False,,0,False,,0,False,False,True,True
next_observation,BOJ_20210121,BoJ,2021-01-21,2021-01-22,2021-01-27,6518,3,0.004717671100019206,5.305,0.2699999999999996,True,False,,True,True,True,False,,0,False,,0,False,False,True,True
next_observation,BOJ_20210121,BoJ,2021-01-21,2021-01-22,2021-01-28,6518,4,0.0012479003299281576,5.095,-0.20999999999999996,True,False,,True,True,True,False,,0,False,,0,False,False,True,True
next_observation,BOJ_20210121,BoJ,2021-01-21,2021-01-22,2021-01-29,6518,5,0.004259908320635004,5.275,0.1800000000000006,True,False,,True,True,True,False,,0,False,,0,False,False,True,True
next_observation,BOJ_20210121,BoJ,2021-01-21,2021-01-22,2021-02-01,6518,6,0.002337620032595115,5.405,0.1299999999999999,True,False,,True,True,True,False,,0,False,,0,False,False,True,True
next_observation,BOJ_20210121,BoJ,2021-01-21,2021-01-22,2021-02-02,6518,7,0.0004287654004372499,5.335,-0.07000000000000028,True,False,,True,True,True,False,,0,False,,0,False,False,True,True
next_observation,BOJ_20210121,BoJ,2021-01-21,2021-01-22,2021-02-03,6518,8,0.0005237970644271989,5.02,-0.3150000000000004,True,False,,True,True,True,False,,0,False,,0,False,False,True,True
next_observation,BOJ_20210121,BoJ,2021-01-21,2021-01-22,2021-02-04,6518,9,0.004844004342837765,5.24,0.22000000000000064,True,False,,True,True,True,False,,0,False,,0,False,False,True,True
next_observation,BOJ_20210121,BoJ,2021-01-21,2021-01-22,2021-02-05,6518,10,-0.001374831325663654,5.12,-0.1200000000000001,True,False,,True,True,True,False,,0,False,,0,False,False,True,True
next_observation,BOJ_20210319,BoJ,2021-03-19,2021-03-22,2021-02-22,6559,-20,-0.0035149421074443855,6.22,0.48499999999999943,True,False,,True,True,True,False,,0,False,,0,False,False,True,True
next_observation,BOJ_20210319,BoJ,2021-03-19,2021-03-22,2021-02-23,6559,-19,0.001616507745151761,6.065,-0.15499999999999936,True,False,,True,True,True,False,,0,False,,0,False,False,True,True
next_observation,BOJ_20210319,BoJ,2021-03-19,2021-03-22,2021-02-24,6559,-18,0.0058734537927976815,6.245,0.17999999999999972,True,False,,True,True,True,False,,0,False,,0,False,False,True,True
next_observation,BOJ_20210319,BoJ,2021-03-19,2021-03-22,2021-02-25,6559,-17,0.003206339978159969,6.78,0.5350000000000001,True,False,,True,True,True,False,,0,False,,0,False,False,True,True
next_observation,BOJ_20210319,BoJ,2021-03-19,2021-03-22,2021-02-26,6559,-16,0.0033368612797535827,6.96,0.17999999999999972,True,False,,True,True,True,False,,0,False,,0,False,False,True,True
next_observation,BOJ_20210319,BoJ,2021-03-19,2021-03-22,2021-03-01,6559,-15,0.0018281969231214012,6.055,-0.9050000000000002,True,False,,True,True,True,False,,0,False,,0,False,False,True,True
next_observation,BOJ_20210319,BoJ,2021-03-19,2021-03-22,2021-03-02,6559,-14,-0.0007027571794763125,5.9325,-0.12249999999999961,True,False,,True,True,True,False,,0,False,,0,False,False,True,True
next_observation,BOJ_20210319,BoJ,2021-03-19,2021-03-22,2021-03-03,6559,-13,0.0030417206820628263,6.0275,0.09499999999999975,True,False,,True,True,True,False,,0,False,,0,False,False,True,True
next_observation,BOJ_20210319,BoJ,2021-03-19,2021-03-22,2021-03-04,6559,-12,0.008977430807854988,6.2875,0.2599999999999998,True,False,,True,True,True,False,,0,False,,0,False,False,True,True
next_observation,BOJ_20210319,BoJ,2021-03-19,2021-03-22,2021-03-05,6559,-11,0.0030516021461767222,6.2475,-0.040000000000000036,True,False,,True,True,True,False,,0,False,,0,False,False,True,True
next_observation,BOJ_20210319,BoJ,2021-03-19,2021-03-22,2021-03-08,6559,-10,0.005432794209630769,6.6425,0.39500000000000046,True,False,,True,True,True,False,,0,False,,0,False,False,True,True
next_observation,BOJ_20210319,BoJ,2021-03-19,2021-03-22,2021-03-09,6559,-9,-0.0037722006272370174,6.66,0.01750000000000007,True,False,,True,True,True,False,,0,False,,0,False,False,True,True
next_observation,BOJ_20210319,BoJ,2021-03-19,2021-03-22,2021-03-10,6559,-8,-0.0009683444373670325,6.495,-0.16500000000000004,True,False,,True,True,True,False,,0,False,,0,False,False,True,True
next_observation,BOJ_20210319,BoJ,2021-03-19,2021-03-22,2021-03-11,6559,-7,0.0011987644941480707,6.095,-0.40000000000000036,True,False,,True,True,True,False,,0,False,,0,False,False,True,True
next_observation,BOJ_20210319,BoJ,2021-03-19,2021-03-22,2021-03-12,6559,-6,0.00473487909671391,6.5175,0.4225000000000003,True,False,,True,True,True,False,,0,False,,0,False,False,True,True
next_observation,BOJ_20210319,BoJ,2021-03-19,2021-03-22,2021-03-15,6559,-5,0.0009168004309359974,6.7975,0.28000000000000025,True,False,,True,True,True,False,,0,False,,0,False,False,True,True
next_observation,BOJ_20210319,BoJ,2021-03-19,2021-03-22,2021-03-16,6559,-4,-0.0011461319306225722,6.5975,-0.20000000000000018,True,False,,True,True,True,False,,0,False,,0,False,False,True,True
next_observation,BOJ_20210319,BoJ,2021-03-19,2021-03-22,2021-03-17,6559,-3,-0.001468968314098133,5.88,-0.7175000000000002,True,False,,True,True,True,False,,0,False,,0,False,False,True,True
next_observation,BOJ_20210319,BoJ,2021-03-19,2021-03-22,2021-03-18,6559,-2,0.0004592844429241157,5.9725,0.09250000000000025,True,False,,True,True,True,False,,0,False,,0,False,False,True,True
next_observation,BOJ_20210319,BoJ,2021-03-19,2021-03-22,2021-03-19,6559,-1,-9.18400147590284e-05,5.84,-0.13250000000000028,True,False,,True,True,True,False,,0,False,,0,False,False,True,True
next_observation,BOJ_20210319,BoJ,2021-03-19,2021-03-22,2021-03-22,6559,0,-0.0003215064903110611,5.775,-0.0649999999999995,True,False,,True,True,True,False,,0,False,,0,False,False,True,True
next_observation,BOJ_20210319,BoJ,2021-03-19,2021-03-22,2021-03-23,6559,1,-0.0023455296240904215,5.95,0.17499999999999982,True,False,,True,True,True,False,,0,False,,0,False,False,True,True
next_observation,BOJ_20210319,BoJ,2021-03-19,2021-03-22,2021-03-24,6559,2,0.0013344071921415842,5.79,-0.16000000000000014,True,False,,True,True,True,False,,0,False,,0,False,False,True,True
next_observation,BOJ_20210319,BoJ,2021-03-19,2021-03-22,2021-03-25,6559,3,0.004175754605024148,5.725,-0.06500000000000039,True,False,,True,True,True,False,,0,False,,0,False,False,True,True
next_observation,BOJ_20210319,BoJ,2021-03-19,2021-03-22,2021-03-26,6559,4,0.004112787408610137,5.765,0.040000000000000036,True,False,,True,True,True,False,,0,False,,0,False,False,True,True
next_observation,BOJ_20210319,BoJ,2021-03-19,2021-03-22,2021-03-29,6559,5,0.0015493281750369084,5.98,0.21500000000000075,True,False,,True,True,True,False,,0,False,,0,False,False,True,True
next_observation,BOJ_20210319,BoJ,2021-03-19,2021-03-22,2021-03-30,6559,6,0.004996149739463406,6.46,0.47999999999999954,True,False,,True,True,True,False,,0,False,,0,False,False,True,True
next_observation,BOJ_20210319,BoJ,2021-03-19,2021-03-22,2021-03-31,6559,7,0.003211582541040019,6.395,-0.06500000000000039,True,False,,True,True,True,False,,0,False,,0,False,False,True,True
next_observation,BOJ_20210319,BoJ,2021-03-19,2021-03-22,2021-04-01,6559,8,-0.0009036281281754007,6.02,-0.375,True,False,,True,True,True,False,,0,False,,0,False,False,True,True
next_observation,BOJ_20210319,BoJ,2021-03-19,2021-03-22,2021-04-02,6559,9,0.0006777976355826117,5.96,-0.05999999999999961,True,False,,True,True,True,False,,0,False,,0,False,False,True,True
next_observation,BOJ_20210319,BoJ,2021-03-19,2021-03-22,2021-04-05,6559,10,-0.004663490669481947,6.075,0.11500000000000021,True,False,,True,True,True,False,,0,False,,0,False,False,True,True
next_observation,BOJ_20210427,BoJ,2021-04-27,2021-04-28,2021-03-31,6586,-20,0.003211582541040019,6.395,-0.06500000000000039,True,False,,True,True,True,False,,0,False,,0,False,False,True,True
next_observation,BOJ_20210427,BoJ,2021-04-27,2021-04-28,2021-04-01,6586,-19,-0.0009036281281754007,6.02,-0.375,True,False,,True,True,True,False,,0,False,,0,False,False,True,True
next_observation,BOJ_20210427,BoJ,2021-04-27,2021-04-28,2021-04-02,6586,-18,0.0006777976355826117,5.96,-0.05999999999999961,True,False,,True,True,True,False,,0,False,,0,False,False,True,True
next_observation,BOJ_20210427,BoJ,2021-04-27,2021-04-28,2021-04-05,6586,-17,-0.004663490669481947,6.075,0.11500000000000021,True,False,,True,True,True,False,,0,False,,0,False,False,True,True
next_observation,BOJ_20210427,BoJ,2021-04-27,2021-04-28,2021-04-06,6586,-16,-0.0039105178971313975,6.295,0.21999999999999975,True,False,,True,True,True,False,,0,False,,0,False,False,True,True
next_observation,BOJ_20210427,BoJ,2021-04-27,2021-04-28,2021-04-07,6586,-15,0.0009563059996999114,6.28,-0.01499999999999968,True,False,,True,True,True,False,,0,False,,0,False,False,True,True
next_observation,BOJ_20210427,BoJ,2021-04-27,2021-04-28,2021-04-08,6586,-14,-0.005339674508503487,6.05,-0.23000000000000043,True,False,,True,True,True,False,,0,False,,0,False,False,True,True
next_observation,BOJ_20210427,BoJ,2021-04-27,2021-04-28,2021-04-09,6586,-13,0.00365414009127341,5.79,-0.2599999999999998,True,False,,True,True,True,False,,0,False,,0,False,False,True,True
next_observation,BOJ_20210427,BoJ,2021-04-27,2021-04-28,2021-04-12,6586,-12,-0.0026022064947623298,5.7225,-0.0674999999999999,True,False,,True,True,True,False,,0,False,,0,False,False,True,True
next_observation,BOJ_20210427,BoJ,2021-04-27,2021-04-28,2021-04-13,6586,-11,-0.0029298684207111226,5.6425,-0.08000000000000007,True,False,,True,True,True,False,,0,False,,0,False,False,True,True
next_observation,BOJ_20210427,BoJ,2021-04-27,2021-04-28,2021-04-14,6586,-10,-0.0011927154035613864,5.54,-0.10250000000000004,True,False,,True,True,True,False,,0,False,,0,False,False,True,True
next_observation,BOJ_20210427,BoJ,2021-04-27,2021-04-28,2021-04-15,6586,-9,-0.0015158826026884788,5.425,-0.11500000000000021,True,False,,True,True,True,False,,0,False,,0,False,False,True,True
next_observation,BOJ_20210427,BoJ,2021-04-27,2021-04-28,2021-04-16,6586,-8,0.0003676977565904069,5.275,-0.14999999999999947,True,False,,True,True,True,False,,0,False,,0,False,False,True,True
next_observation,BOJ_20210427,BoJ,2021-04-27,2021-04-28,2021-04-19,6586,-7,-0.005807003137307568,5.7225,0.4474999999999998,True,False,,True,True,True,False,,0,False,,0,False,False,True,True
next_observation,BOJ_20210427,BoJ,2021-04-27,2021-04-28,2021-04-20,6586,-6,-0.000601058806268402,5.7925,0.07000000000000028,True,False,,True,True,True,False,,0,False,,0,False,False,True,True
next_observation,BOJ_20210427,BoJ,2021-04-27,2021-04-28,2021-04-21,6586,-5,-0.00023127269466387612,5.79,-0.002500000000000391,True,False,,True,True,True,False,,0,False,,0,False,False,True,True
next_observation,BOJ_20210427,BoJ,2021-04-27,2021-04-28,2021-04-22,6586,-4,-0.0010645438509671776,5.4525,-0.33750000000000036,True,False,,True,True,True,False,,0,False,,0,False,False,True,True
next_observation,BOJ_20210427,BoJ,2021-04-27,2021-04-28,2021-04-23,6586,-3,-0.0007875657677007198,5.3925,-0.05999999999999961,True,False,,True,True,True,False,,0,False,,0,False,False,True,True
next_observation,BOJ_20210427,BoJ,2021-04-27,2021-04-28,2021-04-26,6586,-2,0.001852109618667636,5.415,0.022499999999999964,True,False,,True,True,True,False,,0,False,,0,False,False,True,True
next_observation,BOJ_20210427,BoJ,2021-04-27,2021-04-28,2021-04-27,6586,-1,0.005673839517147766,5.565,0.15000000000000036,True,False,,True,True,True,False,,0,False,,0,False,False,True,True
next_observation,BOJ_20210427,BoJ,2021-04-27,2021-04-28,2021-04-28,6586,0,-0.0009664282028795922,5.595,0.02999999999999936,True,False,,True,True,True,False,,0,False,,0,False,False,True,True
next_observation,BOJ_20210427,BoJ,2021-04-27,2021-04-28,2021-04-29,6586,1,0.0030342060792214786,5.625,0.03000000000000025,True,False,,True,True,True,False,,0,False,,0,False,False,True,True
next_observation,BOJ_20210427,BoJ,2021-04-27,2021-04-28,2021-04-30,6586,2,0.0035740507253452193,5.495,-0.1299999999999999,True,False,,True,True,True,False,,0,False,,0,False,False,True,True
next_observation,BOJ_20210427,BoJ,2021-04-27,2021-04-28,2021-05-03,6586,3,-0.002197903719177625,5.66,0.16500000000000004,True,False,,True,True,True,False,,0,False,,0,False,False,True,True
next_observation,BOJ_20210427,BoJ,2021-04-27,2021-04-28,2021-05-04,6586,4,0.002335112436720194,5.7175,0.05750000000000011,True,False,,True,True,True,False,,0,False,,0,False,False,True,True
next_observation,BOJ_20210427,BoJ,2021-04-27,2021-04-28,2021-05-05,6586,5,-0.0010981972367564855,5.55,-0.16750000000000043,True,False,,True,True,True,False,,0,False,,0,False,False,True,True
next_observation,BOJ_20210427,BoJ,2021-04-27,2021-04-28,2021-05-06,6586,6,-0.0010994045999717331,5.565,0.015000000000000568,True,False,,True,True,True,False,,0,False,,0,False,False,True,True
next_observation,BOJ_20210427,BoJ,2021-04-27,2021-04-28,2021-05-07,6586,7,-0.004547863685381248,5.64,0.07499999999999929,True,False,,True,True,True,False,,0,False,,0,False,False,True,True
next_observation,BOJ_20210427,BoJ,2021-04-27,2021-04-28,2021-05-10,6586,8,0.0019778760386364534,5.72,0.08000000000000007,True,False,,True,True,True,False,,0,False,,0,False,False,True,True
next_observation,BOJ_20210427,BoJ,2021-04-27,2021-04-28,2021-05-11,6586,9,-0.0017476893562214134,5.82,0.10000000000000053,True,False,,True,True,True,False,,0,False,,0,False,False,True,True
next_observation,BOJ_20210427,BoJ,2021-04-27,2021-04-28,2021-05-12,6586,10,0.009665894445578362,5.95,0.1299999999999999,True,False,,True,True,True,False,,0,False,,0,False,False,True,True
next_observation,BOJ_20210618,BoJ,2021-06-18,2021-06-21,2021-05-24,6624,-20,-0.001883282980091422,5.55,0.09999999999999964,True,False,,True,True,True,False,,0,False,,0,False,False,True,True
next_observation,BOJ_20210618,BoJ,2021-06-18,2021-06-21,2021-05-25,6624,-19,0.00027582402602126683,5.55,0.0,True,False,,True,True,True,False,,0,False,,0,False,False,True,True
next_observation,BOJ_20210618,BoJ,2021-06-18,2021-06-21,2021-05-26,6624,-18,0.0033955890011383287,5.435,-0.11500000000000021,True,False,,True,True,True,False,,0,False,,0,False,False,True,True
next_observation,BOJ_20210618,BoJ,2021-06-18,2021-06-21,2021-05-27,6624,-17,0.006028516613668976,5.64,0.20500000000000007,True,False,,True,True,True,False,,0,False,,0,False,False,True,True
next_observation,BOJ_20210618,BoJ,2021-06-18,2021-06-21,2021-05-28,6624,-16,0.00036419922099736846,5.47,-0.16999999999999993,True,False,,True,True,True,False,,0,False,,0,False,False,True,True
next_observation,BOJ_20210618,BoJ,2021-06-18,2021-06-21,2021-05-31,6624,-15,-0.0024609227203493474,5.5425,0.07250000000000068,True,False,,True,True,True,False,,0,False,,0,False,False,True,True
next_observation,BOJ_20210618,BoJ,2021-06-18,2021-06-21,2021-06-01,6624,-14,-0.0009586634228077822,5.7725,0.22999999999999954,True,False,,True,True,True,False,,0,False,,0,False,False,True,True
next_observation,BOJ_20210618,BoJ,2021-06-18,2021-06-21,2021-06-02,6624,-13,0.0007761317074154478,5.6825,-0.08999999999999986,True,False,,True,True,True,False,,0,False,,0,False,False,True,True
next_observation,BOJ_20210618,BoJ,2021-06-18,2021-06-21,2021-06-03,6624,-12,0.006595579869673705,5.5725,-0.11000000000000032,True,False,,True,True,True,False,,0,False,,0,False,False,True,True
next_observation,BOJ_20210618,BoJ,2021-06-18,2021-06-21,2021-06-04,6624,-11,-0.0069607432843577085,5.395,-0.1775000000000002,True,False,,True,True,True,False,,0,False,,0,False,False,True,True
next_observation,BOJ_20210618,BoJ,2021-06-18,2021-06-21,2021-06-07,6624,-10,-0.002422581461363498,5.3375,-0.05749999999999922,True,False,,True,True,True,False,,0,False,,0,False,False,True,True
next_observation,BOJ_20210618,BoJ,2021-06-18,2021-06-21,2021-06-08,6624,-9,0.0021942865947234915,5.23,-0.10749999999999993,True,False,,True,True,True,False,,0,False,,0,False,False,True,True
next_observation,BOJ_20210618,BoJ,2021-06-18,2021-06-21,2021-06-09,6624,-8,0.0012321735728952124,5.2775,0.04749999999999943,True,False,,True,True,True,False,,0,False,,0,False,False,True,True
next_observation,BOJ_20210618,BoJ,2021-06-18,2021-06-21,2021-06-10,6624,-7,-0.0027859623874642715,4.9525,-0.3250000000000002,True,False,,True,True,True,False,,0,False,,0,False,False,True,True
next_observation,BOJ_20210618,BoJ,2021-06-18,2021-06-21,2021-06-11,6624,-6,0.0030595726769179657,4.88,-0.07249999999999979,True,False,,True,True,True,False,,0,False,,0,False,False,True,True
next_observation,BOJ_20210618,BoJ,2021-06-18,2021-06-21,2021-06-14,6624,-5,0.00373185705939787,5.055,0.17499999999999982,True,False,,True,True,True,False,,0,False,,0,False,False,True,True
next_observation,BOJ_20210618,BoJ,2021-06-18,2021-06-21,2021-06-15,6624,-4,9.084714973330603e-05,5.22,0.16500000000000004,True,False,,True,True,True,False,,0,False,,0,False,False,True,True
next_observation,BOJ_20210618,BoJ,2021-06-18,2021-06-21,2021-06-16,6624,-3,0.005706795686341937,5.235,0.015000000000000568,True,False,,True,True,True,False,,0,False,,0,False,False,True,True
next_observation,BOJ_20210618,BoJ,2021-06-18,2021-06-21,2021-06-17,6624,-2,-0.0045265331679248426,5.28,0.04499999999999993,True,False,,True,True,True,False,,0,False,,0,False,False,True,True
next_observation,BOJ_20210618,BoJ,2021-06-18,2021-06-21,2021-06-18,6624,-1,0.0,5.1975,-0.08250000000000046,True,False,,True,True,True,False,,0,False,,0,False,False,True,True
next_observation,BOJ_20210618,BoJ,2021-06-18,2021-06-21,2021-06-21,6624,0,0.0005442670671365967,5.2675,0.07000000000000028,True,False,,True,True,True,False,,0,False,,0,False,False,True,True
next_observation,BOJ_20210618,BoJ,2021-06-18,2021-06-21,2021-06-22,6624,1,0.003440162726471414,5.2525,-0.01499999999999968,True,False,,True,True,True,False,,0,False,,0,False,False,True,True
next_observation,BOJ_20210618,BoJ,2021-06-18,2021-06-21,2021-06-23,6624,2,0.0027526472108818463,5.4025,0.14999999999999947,True,False,,True,True,True,False,,0,False,,0,False,False,True,True
next_observation,BOJ_20210618,BoJ,2021-06-18,2021-06-21,2021-06-24,6624,3,-0.0007663699236803539,5.0725,-0.33000000000000007,True,False,,True,True,True,False,,0,False,,0,False,False,True,True
next_observation,BOJ_20210618,BoJ,2021-06-18,2021-06-21,2021-06-25,6624,4,-0.0010829348590152498,4.905,-0.16749999999999954,True,False,,True,True,True,False,,0,False,,0,False,False,True,True
next_observation,BOJ_20210618,BoJ,2021-06-18,2021-06-21,2021-06-28,6624,5,-0.0010841088784255132,5.0675,0.16249999999999964,True,False,,True,True,True,False,,0,False,,0,False,False,True,True
next_observation,BOJ_20210618,BoJ,2021-06-18,2021-06-21,2021-06-29,6624,6,-0.0009495603345124742,5.3475,0.28000000000000025,True,False,,True,True,True,False,,0,False,,0,False,False,True,True
next_observation,BOJ_20210618,BoJ,2021-06-18,2021-06-21,2021-06-30,6624,7,0.005233960421055189,5.44,0.09250000000000025,True,False,,True,True,True,False,,0,False,,0,False,False,True,True
next_observation,BOJ_20210618,BoJ,2021-06-18,2021-06-21,2021-07-01,6624,8,0.003862742855383014,5.5525,0.11249999999999982,True,False,,True,True,True,False,,0,False,,0,False,False,True,True
next_observation,BOJ_20210618,BoJ,2021-06-18,2021-06-21,2021-07-02,6624,9,-0.004402918425573912,5.0025,-0.5499999999999998,True,False,,True,True,True,False,,0,False,,0,False,False,True,True
next_observation,BOJ_20210618,BoJ,2021-06-18,2021-06-21,2021-07-05,6624,10,-0.0006756300506989868,5.14,0.1374999999999993,True,False,,True,True,True,False,,0,False,,0,False,False,True,True
next_observation,BOJ_20210716,BoJ,2021-07-16,2021-07-19,2021-06-21,6644,-20,0.0005442670671365967,5.2675,0.07000000000000028,True,True,BOJ_20210618,True,True,True,True,FOMC_20210728;BOJ_20210618,2,True,FOMC_20210728,1,True,True,False,False
next_observation,BOJ_20210716,BoJ,2021-07-16,2021-07-19,2021-06-22,6644,-19,0.003440162726471414,5.2525,-0.01499999999999968,True,False,,True,True,True,True,FOMC_20210728;BOJ_20210618,2,True,FOMC_20210728,1,True,True,False,False
next_observation,BOJ_20210716,BoJ,2021-07-16,2021-07-19,2021-06-23,6644,-18,0.0027526472108818463,5.4025,0.14999999999999947,True,False,,True,True,True,True,FOMC_20210728;BOJ_20210618,2,True,FOMC_20210728,1,True,True,False,False
next_observation,BOJ_20210716,BoJ,2021-07-16,2021-07-19,2021-06-24,6644,-17,-0.0007663699236803539,5.0725,-0.33000000000000007,True,False,,True,True,True,True,FOMC_20210728;BOJ_20210618,2,True,FOMC_20210728,1,True,True,False,False
next_observation,BOJ_20210716,BoJ,2021-07-16,2021-07-19,2021-06-25,6644,-16,-0.0010829348590152498,4.905,-0.16749999999999954,True,False,,True,True,True,True,FOMC_20210728;BOJ_20210618,2,True,FOMC_20210728,1,True,True,False,False
next_observation,BOJ_20210716,BoJ,2021-07-16,2021-07-19,2021-06-28,6644,-15,-0.0010841088784255132,5.0675,0.16249999999999964,True,False,,True,True,True,True,FOMC_20210728;BOJ_20210618,2,True,FOMC_20210728,1,True,True,False,False
next_observation,BOJ_20210716,BoJ,2021-07-16,2021-07-19,2021-06-29,6644,-14,-0.0009495603345124742,5.3475,0.28000000000000025,True,False,,True,True,True,True,FOMC_20210728;BOJ_20210618,2,True,FOMC_20210728,1,True,True,False,False
next_observation,BOJ_20210716,BoJ,2021-07-16,2021-07-19,2021-06-30,6644,-13,0.005233960421055189,5.44,0.09250000000000025,True,False,,True,True,True,True,FOMC_20210728;BOJ_20210618,2,True,FOMC_20210728,1,True,True,False,False
next_observation,BOJ_20210716,BoJ,2021-07-16,2021-07-19,2021-07-01,6644,-12,0.003862742855383014,5.5525,0.11249999999999982,True,False,,True,True,True,True,FOMC_20210728;BOJ_20210618,2,True,FOMC_20210728,1,True,True,False,False
next_observation,BOJ_20210716,BoJ,2021-07-16,2021-07-19,2021-07-02,6644,-11,-0.004402918425573912,5.0025,-0.5499999999999998,True,False,,True,True,True,True,FOMC_20210728;BOJ_20210618,2,True,FOMC_20210728,1,True,True,False,False
next_observation,BOJ_20210716,BoJ,2021-07-16,2021-07-19,2021-07-05,6644,-10,-0.0006756300506989868,5.14,0.1374999999999993,True,False,,True,True,True,True,FOMC_20210728;BOJ_20210618,2,True,FOMC_20210728,1,True,True,False,False
next_observation,BOJ_20210716,BoJ,2021-07-16,2021-07-19,2021-07-06,6644,-9,-0.0030233997895780427,5.315,0.1750000000000007,True,False,,True,True,True,True,FOMC_20210728;BOJ_20210618,2,True,FOMC_20210728,1,True,True,False,False
next_observation,BOJ_20210716,BoJ,2021-07-16,2021-07-19,2021-07-07,6644,-8,0.00022594274706942496,5.32,0.004999999999999893,True,False,,True,True,True,True,FOMC_20210728;BOJ_20210618,2,True,FOMC_20210728,1,True,True,False,False
next_observation,BOJ_20210716,BoJ,2021-07-16,2021-07-19,2021-07-08,6644,-7,-0.008485201895665963,5.73,0.41000000000000014,True,False,,True,True,True,True,FOMC_20210728;BOJ_20210618,2,True,FOMC_20210728,1,True,True,False,False
next_observation,BOJ_20210716,BoJ,2021-07-16,2021-07-19,2021-07-09,6644,-6,0.003775048260037806,5.2425,-0.4875000000000007,True,False,,True,True,True,True,FOMC_20210728;BOJ_20210618,2,True,FOMC_20210728,1,True,True,False,False
next_observation,BOJ_20210716,BoJ,2021-07-16,2021-07-19,2021-07-12,6644,-5,0.002086073950457347,5.2625,0.020000000000000462,True,False,,True,True,True,True,FOMC_20210728;BOJ_20210618,2,True,FOMC_20210728,1,True,True,False,False
next_observation,BOJ_20210716,BoJ,2021-07-16,2021-07-19,2021-07-13,6644,-4,0.002398136938101586,5.1625,-0.10000000000000053,True,False,,True,True,True,True,FOMC_20210728;BOJ_20210618,2,True,FOMC_20210728,1,True,True,False,False
next_observation,BOJ_20210716,BoJ,2021-07-16,2021-07-19,2021-07-14,6644,-3,-0.006074361379234752,5.1525,-0.009999999999999787,True,False,,True,True,True,True,FOMC_20210728;BOJ_20210618,2,True,FOMC_20210728,1,True,True,False,False
next_observation,BOJ_20210716,BoJ,2021-07-16,2021-07-19,2021-07-15,6644,-2,-0.0011828936775104206,5.2,0.04750000000000032,True,False,,True,True,True,True,FOMC_20210728;BOJ_20210618,2,True,FOMC_20210728,1,True,True,False,False
next_observation,BOJ_20210716,BoJ,2021-07-16,2021-07-19,2021-07-16,6644,-1,0.0021372873691511847,5.14,-0.0600000000000005,True,False,,True,True,True,True,FOMC_20210728;BOJ_20210618,2,True,FOMC_20210728,1,True,True,False,False
next_observation,BOJ_20210716,BoJ,2021-07-16,2021-07-19,2021-07-19,6644,0,-0.005557341319528144,5.79,0.6500000000000004,True,False,,True,True,True,True,FOMC_20210728;BOJ_20210618,2,True,FOMC_20210728,1,True,True,False,False
next_observation,BOJ_20210716,BoJ,2021-07-16,2021-07-19,2021-07-20,6644,1,0.003602128692561234,5.59,-0.20000000000000018,True,False,,True,True,True,True,FOMC_20210728;BOJ_20210618,2,True,FOMC_20210728,1,True,True,False,False
next_observation,BOJ_20210716,BoJ,2021-07-16,2021-07-19,2021-07-21,6644,2,0.003997279907961938,5.3625,-0.22750000000000004,True,False,,True,True,True,True,FOMC_20210728;BOJ_20210618,2,True,FOMC_20210728,1,True,True,False,False
next_observation,BOJ_20210716,BoJ,2021-07-16,2021-07-19,2021-07-22,6644,3,-0.001360914744611693,5.375,0.012500000000000178,True,False,,True,True,True,True,FOMC_20210728;BOJ_20210618,2,True,FOMC_20210728,1,True,True,False,False
next_observation,BOJ_20210716,BoJ,2021-07-16,2021-07-19,2021-07-23,6644,4,0.003624998305499197,5.2025,-0.17250000000000032,True,False,,True,True,True,True,FOMC_20210728;BOJ_20210618,2,True,FOMC_20210728,1,True,True,False,False
next_observation,BOJ_20210716,BoJ,2021-07-16,2021-07-19,2021-07-26,6644,5,-0.0014484228305109272,5.3875,0.1850000000000005,True,False,,True,True,True,True,FOMC_20210728;BOJ_20210618,2,True,FOMC_20210728,1,True,True,False,False
next_observation,BOJ_20210716,BoJ,2021-07-16,2021-07-19,2021-07-27,6644,6,-0.005541438598890741,5.68,0.29249999999999954,True,False,,True,True,True,True,FOMC_20210728;BOJ_20210618,2,True,FOMC_20210728,1,True,True,False,False
next_observation,BOJ_20210716,BoJ,2021-07-16,2021-07-19,2021-07-28,6644,7,0.0012745233642991465,5.3925,-0.28749999999999964,True,False,,True,True,True,True,FOMC_20210728;BOJ_20210618,2,True,FOMC_20210728,1,True,True,False,False
next_observation,BOJ_20210716,BoJ,2021-07-16,2021-07-19,2021-07-29,6644,8,-0.003919786240375069,5.415,0.022499999999999964,True,True,FOMC_20210728,True,True,True,True,FOMC_20210728;BOJ_20210618,2,True,FOMC_20210728,1,True,True,False,False
next_observation,BOJ_20210716,BoJ,2021-07-16,2021-07-19,2021-07-30,6644,9,0.0020985409161276623,5.365,-0.04999999999999982,True,False,,True,True,True,True,FOMC_20210728;BOJ_20210618,2,True,FOMC_20210728,1,True,True,False,False
next_observation,BOJ_20210716,BoJ,2021-07-16,2021-07-19,2021-08-02,6644,10,-0.0036982121820887805,5.5625,0.1974999999999998,True,False,,True,True,True,True,FOMC_20210728;BOJ_20210618,2,True,FOMC_20210728,1,True,True,False,False
next_observation,BOJ_20210922,BoJ,2021-09-22,2021-09-23,2021-08-26,6692,-20,0.0006360456349998185,5.205,-0.012500000000000178,True,False,,True,True,True,True,FOMC_20210922,1,True,FOMC_20210922,1,False,True,False,False
next_observation,BOJ_20210922,BoJ,2021-09-22,2021-09-23,2021-08-27,6692,-19,-0.0022734516225961787,5.0925,-0.11249999999999982,True,False,,True,True,True,True,FOMC_20210922,1,True,FOMC_20210922,1,False,True,False,False
next_observation,BOJ_20210922,BoJ,2021-09-22,2021-09-23,2021-08-30,6692,-18,0.0007280670143235832,5.2375,0.14499999999999957,True,False,,True,True,True,True,FOMC_20210922,1,True,FOMC_20210922,1,False,True,False,False
next_observation,BOJ_20210922,BoJ,2021-09-22,2021-09-23,2021-08-31,6692,-17,0.0008638916580650981,5.265,0.027499999999999858,True,False,,True,True,True,True,FOMC_20210922,1,True,FOMC_20210922,1,False,True,False,False
next_observation,BOJ_20210922,BoJ,2021-09-22,2021-09-23,2021-09-01,6692,-16,-4.5449380760073513e-05,5.3475,0.08250000000000046,True,False,,True,True,True,True,FOMC_20210922,1,True,FOMC_20210922,1,False,True,False,False
next_observation,BOJ_20210922,BoJ,2021-09-22,2021-09-23,2021-09-02,6692,-15,-0.0005910300006104149,5.065,-0.28249999999999975,True,False,,True,True,True,True,FOMC_20210922,1,True,FOMC_20210922,1,False,True,False,False
next_observation,BOJ_20210922,BoJ,2021-09-22,2021-09-23,2021-09-03,6692,-14,-0.002094146262900934,5.0525,-0.012500000000000178,True,False,,True,True,True,True,FOMC_20210922,1,True,FOMC_20210922,1,False,True,False,False
next_observation,BOJ_20210922,BoJ,2021-09-22,2021-09-23,2021-09-06,6692,-13,0.0012752199205005802,5.135,0.08249999999999957,True,False,,True,True,True,True,FOMC_20210922,1,True,FOMC_20210922,1,False,True,False,False
next_observation,BOJ_20210922,BoJ,2021-09-22,2021-09-23,2021-09-07,6692,-12,0.0038612717472624567,5.265,0.1299999999999999,True,False,,True,True,True,True,FOMC_20210922,1,True,FOMC_20210922,1,False,True,False,False
next_observation,BOJ_20210922,BoJ,2021-09-22,2021-09-23,2021-09-08,6692,-11,-0.00022672138306478615,5.3025,0.03750000000000053,True,False,,True,True,True,True,FOMC_20210922,1,True,FOMC_20210922,1,False,True,False,False
next_observation,BOJ_20210922,BoJ,2021-09-22,2021-09-23,2021-09-09,6692,-10,-0.00490977028469839,5.0425,-0.2599999999999998,True,False,,True,True,True,True,FOMC_20210922,1,True,FOMC_20210922,1,False,True,False,False
next_observation,BOJ_20210922,BoJ,2021-09-22,2021-09-23,2021-09-10,6692,-9,0.0020486679446812817,4.8775,-0.16500000000000004,True,False,,True,True,True,True,FOMC_20210922,1,True,FOMC_20210922,1,False,True,False,False
next_observation,BOJ_20210922,BoJ,2021-09-22,2021-09-23,2021-09-13,6692,-8,0.00045469013651098253,4.9,0.022499999999999964,True,False,,True,True,True,True,FOMC_20210922,1,True,FOMC_20210922,1,False,True,False,False
next_observation,BOJ_20210922,BoJ,2021-09-22,2021-09-23,2021-09-14,6692,-7,-0.0027312471457826308,4.94,0.040000000000000036,True,False,,True,True,True,True,FOMC_20210922,1,True,FOMC_20210922,1,False,True,False,False
next_observation,BOJ_20210922,BoJ,2021-09-22,2021-09-23,2021-09-15,6692,-6,-0.002875860745464264,5.1125,0.17249999999999943,True,False,,True,True,True,True,FOMC_20210922,1,True,FOMC_20210922,1,False,True,False,False
next_observation,BOJ_20210922,BoJ,2021-09-22,2021-09-23,2021-09-16,6692,-5,0.0032404583249292704,5.0,-0.11249999999999982,True,False,,True,True,True,True,FOMC_20210922,1,True,FOMC_20210922,1,False,True,False,False
next_observation,BOJ_20210922,BoJ,2021-09-22,2021-09-23,2021-09-17,6692,-4,0.0018209965880646851,5.035,0.03500000000000014,True,False,,True,True,True,True,FOMC_20210922,1,True,FOMC_20210922,1,False,True,False,False
next_observation,BOJ_20210922,BoJ,2021-09-22,2021-09-23,2021-09-20,6692,-3,-0.0044673457165321515,5.5825,0.5474999999999994,True,False,,True,True,True,True,FOMC_20210922,1,True,FOMC_20210922,1,False,True,False,False
next_observation,BOJ_20210922,BoJ,2021-09-22,2021-09-23,2021-09-21,6692,-2,-0.0019207030187886177,5.5875,0.005000000000000782,True,False,,True,True,True,True,FOMC_20210922,1,True,FOMC_20210922,1,False,True,False,False
next_observation,BOJ_20210922,BoJ,2021-09-22,2021-09-23,2021-09-22,6692,-1,0.005068156865848507,5.2075,-0.3800000000000008,True,False,,True,True,True,True,FOMC_20210922,1,True,FOMC_20210922,1,False,True,False,False
next_observation,BOJ_20210922,BoJ,2021-09-22,2021-09-23,2021-09-23,6692,0,0.004906647434310728,5.065,-0.14249999999999918,True,True,FOMC_20210922,True,True,True,True,FOMC_20210922,1,True,FOMC_20210922,1,False,True,False,False
next_observation,BOJ_20210922,BoJ,2021-09-22,2021-09-23,2021-09-24,6692,1,0.00366425055440609,5.2575,0.1924999999999999,True,False,,True,True,True,True,FOMC_20210922,1,True,FOMC_20210922,1,False,True,False,False
next_observation,BOJ_20210922,BoJ,2021-09-22,2021-09-23,2021-09-27,6692,2,0.0024804396328647724,5.5275,0.2699999999999996,True,False,,True,True,True,True,FOMC_20210922,1,True,FOMC_20210922,1,False,True,False,False
next_observation,BOJ_20210922,BoJ,2021-09-22,2021-09-23,2021-09-28,6692,3,0.004404501502485002,5.8275,0.2999999999999998,True,False,,True,True,True,True,FOMC_20210922,1,True,FOMC_20210922,1,False,True,False,False
next_observation,BOJ_20210922,BoJ,2021-09-22,2021-09-23,2021-09-29,6692,4,0.004206575611428171,5.8725,0.04499999999999993,True,False,,True,True,True,True,FOMC_20210922,1,True,FOMC_20210922,1,False,True,False,False
next_observation,BOJ_20210922,BoJ,2021-09-22,2021-09-23,2021-09-30,6692,5,-0.006046915471460931,5.625,-0.2474999999999996,True,False,,True,True,True,True,FOMC_20210922,1,True,FOMC_20210922,1,False,True,False,False
next_observation,BOJ_20210922,BoJ,2021-09-22,2021-09-23,2021-10-01,6692,6,-0.0021588566448972513,5.685,0.05999999999999961,True,False,,True,True,True,True,FOMC_20210922,1,True,FOMC_20210922,1,False,True,False,False
next_observation,BOJ_20210922,BoJ,2021-09-22,2021-09-23,2021-10-04,6692,7,-0.0011262530754632836,5.8975,0.21250000000000036,True,False,,True,True,True,True,FOMC_20210922,1,True,FOMC_20210922,1,False,True,False,False
next_observation,BOJ_20210922,BoJ,2021-09-22,2021-09-23,2021-10-05,6692,8,0.004856343012569242,5.9175,0.020000000000000462,True,False,,True,True,True,True,FOMC_20210922,1,True,FOMC_20210922,1,False,True,False,False
next_observation,BOJ_20210922,BoJ,2021-09-22,2021-09-23,2021-10-06,6692,9,-0.0004935502063171689,5.95,0.03249999999999975,True,False,,True,True,True,True,FOMC_20210922,1,True,FOMC_20210922,1,False,True,False,False
next_observation,BOJ_20210922,BoJ,2021-09-22,2021-09-23,2021-10-07,6692,10,0.001972740955415737,5.6775,-0.27249999999999996,True,False,,True,True,True,True,FOMC_20210922,1,True,FOMC_20210922,1,False,True,False,False
next_observation,BOJ_20211028,BoJ,2021-10-28,2021-10-29,2021-10-01,6718,-20,-0.0021588566448972513,5.685,0.05999999999999961,True,False,,True,True,True,True,FOMC_20211103,1,True,FOMC_20211103,1,False,True,False,False
next_observation,BOJ_20211028,BoJ,2021-10-28,2021-10-29,2021-10-04,6718,-19,-0.0011262530754632836,5.8975,0.21250000000000036,True,False,,True,True,True,True,FOMC_20211103,1,True,FOMC_20211103,1,False,True,False,False
next_observation,BOJ_20211028,BoJ,2021-10-28,2021-10-29,2021-10-05,6718,-18,0.004856343012569242,5.9175,0.020000000000000462,True,False,,True,True,True,True,FOMC_20211103,1,True,FOMC_20211103,1,False,True,False,False
next_observation,BOJ_20211028,BoJ,2021-10-28,2021-10-29,2021-10-06,6718,-17,-0.0004935502063171689,5.95,0.03249999999999975,True,False,,True,True,True,True,FOMC_20211103,1,True,FOMC_20211103,1,False,True,False,False
next_observation,BOJ_20211028,BoJ,2021-10-28,2021-10-29,2021-10-07,6718,-16,0.001972740955415737,5.6775,-0.27249999999999996,True,False,,True,True,True,True,FOMC_20211103,1,True,FOMC_20211103,1,False,True,False,False
next_observation,BOJ_20211028,BoJ,2021-10-28,2021-10-29,2021-10-08,6718,-15,0.005449604767564685,5.8375,0.16000000000000014,True,False,,True,True,True,True,FOMC_20211103,1,True,FOMC_20211103,1,False,True,False,False
next_observation,BOJ_20211028,BoJ,2021-10-28,2021-10-29,2021-10-11,6718,-14,0.009487989598269764,6.385,0.5474999999999994,True,False,,True,True,True,True,FOMC_20211103,1,True,FOMC_20211103,1,False,True,False,False
next_observation,BOJ_20211028,BoJ,2021-10-28,2021-10-29,2021-10-12,6718,-13,0.0026441051893379254,6.67,0.28500000000000014,True,False,,True,True,True,True,FOMC_20211103,1,True,FOMC_20211103,1,False,True,False,False
next_observation,BOJ_20211028,BoJ,2021-10-28,2021-10-29,2021-10-13,6718,-12,-0.003173766218669773,6.33,-0.33999999999999986,True,False,,True,True,True,True,FOMC_20211103,1,True,FOMC_20211103,1,False,True,False,False
next_observation,BOJ_20211028,BoJ,2021-10-28,2021-10-29,2021-10-14,6718,-11,0.003789719425701913,6.1025,-0.22750000000000004,True,False,,True,True,True,True,FOMC_20211103,1,True,FOMC_20211103,1,False,True,False,False
next_observation,BOJ_20211028,BoJ,2021-10-28,2021-10-29,2021-10-15,6718,-10,0.004738929447871699,6.5875,0.4850000000000003,True,False,,True,True,True,True,FOMC_20211103,1,True,FOMC_20211103,1,False,True,False,False
next_observation,BOJ_20211028,BoJ,2021-10-28,2021-10-29,2021-10-18,6718,-9,0.0008751203848949774,6.5525,-0.03500000000000014,True,False,,True,True,True,True,FOMC_20211103,1,True,FOMC_20211103,1,False,True,False,False
next_observation,BOJ_20211028,BoJ,2021-10-28,2021-10-29,2021-10-19,6718,-8,0.00048098997407352916,6.3975,-0.15500000000000025,True,False,,True,True,True,True,FOMC_20211103,1,True,FOMC_20211103,1,False,True,False,False
next_observation,BOJ_20211028,BoJ,2021-10-28,2021-10-29,2021-10-20,6718,-7,-0.0005684675579983184,6.3775,-0.019999999999999574,True,False,,True,True,True,True,FOMC_20211103,1,True,FOMC_20211103,1,False,True,False,False
next_observation,BOJ_20211028,BoJ,2021-10-28,2021-10-29,2021-10-21,6718,-6,-0.0028033307889997377,6.4575,0.07999999999999918,True,False,,True,True,True,True,FOMC_20211103,1,True,FOMC_20211103,1,False,True,False,False
next_observation,BOJ_20211028,BoJ,2021-10-28,2021-10-29,2021-10-22,6718,-5,-0.004263836434092681,6.5325,0.07500000000000018,True,False,,True,True,True,True,FOMC_20211103,1,True,FOMC_20211103,1,False,True,False,False
next_observation,BOJ_20211028,BoJ,2021-10-28,2021-10-29,2021-10-25,6718,-4,0.001848429361782375,6.5175,-0.01499999999999968,True,False,,True,True,True,True,FOMC_20211103,1,True,FOMC_20211103,1,False,True,False,False
next_observation,BOJ_20211028,BoJ,2021-10-28,2021-10-29,2021-10-26,6718,-3,0.0038618558550401047,6.2825,-0.23500000000000032,True,False,,True,True,True,True,FOMC_20211103,1,True,FOMC_20211103,1,False,True,False,False
next_observation,BOJ_20211028,BoJ,2021-10-28,2021-10-29,2021-10-27,6718,-2,-0.0028949928105713274,6.2525,-0.02999999999999936,True,False,,True,True,True,True,FOMC_20211103,1,True,FOMC_20211103,1,False,True,False,False
next_observation,BOJ_20211028,BoJ,2021-10-28,2021-10-29,2021-10-28,6718,-1,-0.0021987695753787,6.3025,0.04999999999999982,True,False,,True,True,True,True,FOMC_20211103,1,True,FOMC_20211103,1,False,True,False,False
next_observation,BOJ_20211028,BoJ,2021-10-28,2021-10-29,2021-10-29,6718,0,0.0032524641892674976,6.355,0.05250000000000021,True,False,,True,True,True,True,FOMC_20211103,1,True,FOMC_20211103,1,False,True,False,False
next_observation,BOJ_20211028,BoJ,2021-10-28,2021-10-29,2021-11-01,6718,1,0.0004825725597610279,6.505,0.14999999999999947,True,False,,True,True,True,True,FOMC_20211103,1,True,FOMC_20211103,1,False,True,False,False
next_observation,BOJ_20211028,BoJ,2021-10-28,2021-10-29,2021-11-02,6718,2,-0.00035093876478789536,6.52,0.01499999999999968,True,False,,True,True,True,True,FOMC_20211103,1,True,FOMC_20211103,1,False,True,False,False
next_observation,BOJ_20211028,BoJ,2021-10-28,2021-10-29,2021-11-03,6718,3,0.0003947974521043013,6.105,-0.41499999999999915,True,False,,True,True,True,True,FOMC_20211103,1,True,FOMC_20211103,1,False,True,False,False
next_observation,BOJ_20211028,BoJ,2021-10-28,2021-10-29,2021-11-04,6718,4,-0.0021952941728347677,5.9775,-0.1275000000000004,True,True,FOMC_20211103,True,True,True,True,FOMC_20211103,1,True,FOMC_20211103,1,False,True,False,False
next_observation,BOJ_20211028,BoJ,2021-10-28,2021-10-29,2021-11-05,6718,5,-0.002993355230634383,5.765,-0.21250000000000036,True,False,,True,True,True,True,FOMC_20211103,1,True,FOMC_20211103,1,False,True,False,False
next_observation,BOJ_20211028,BoJ,2021-10-28,2021-10-29,2021-11-08,6718,6,-0.0015883524186449532,5.845,0.08000000000000007,True,False,,True,True,True,True,FOMC_20211103,1,True,FOMC_20211103,1,False,True,False,False
next_observation,BOJ_20211028,BoJ,2021-10-28,2021-10-29,2021-11-09,6718,7,-0.0031842935225483834,5.9275,0.08250000000000046,True,False,,True,True,True,True,FOMC_20211103,1,True,FOMC_20211103,1,False,True,False,False
next_observation,BOJ_20211028,BoJ,2021-10-28,2021-10-29,2021-11-10,6718,8,0.009083755908768512,6.195,0.26750000000000007,True,False,,True,True,True,True,FOMC_20211103,1,True,FOMC_20211103,1,False,True,False,False
next_observation,BOJ_20211028,BoJ,2021-10-28,2021-10-29,2021-11-11,6718,9,0.0013598580824748078,6.065,-0.1299999999999999,True,False,,True,True,True,True,FOMC_20211103,1,True,FOMC_20211103,1,False,True,False,False
next_observation,BOJ_20211028,BoJ,2021-10-28,2021-10-29,2021-11-12,6718,10,-0.0014915554421330753,6.0525,-0.012500000000000178,True,False,,True,True,True,True,FOMC_20211103,1,True,FOMC_20211103,1,False,True,False,False
next_observation,BOJ_20211217,BoJ,2021-12-17,2021-12-20,2021-11-22,6754,-20,0.00777738005122672,7.305,0.17499999999999982,True,False,,True,True,True,True,FOMC_20211215,1,False,,0,False,True,False,True
next_observation,BOJ_20211217,BoJ,2021-12-17,2021-12-20,2021-11-23,6754,-19,0.0022606739477496235,7.4425,0.13750000000000018,True,False,,True,True,True,True,FOMC_20211215,1,False,,0,False,True,False,True
next_observation,BOJ_20211217,BoJ,2021-12-17,2021-12-20,2021-11-24,6754,-18,0.0025155063791573056,7.43,-0.012500000000000178,True,False,,True,True,True,True,FOMC_20211215,1,False,,0,False,True,False,True
next_observation,BOJ_20211217,BoJ,2021-12-17,2021-12-20,2021-11-25,6754,-17,-0.0005632704496941261,6.92,-0.5099999999999998,True,False,,True,True,True,True,FOMC_20211215,1,False,,0,False,True,False,True
next_observation,BOJ_20211217,BoJ,2021-12-17,2021-12-20,2021-11-26,6754,-16,-0.017400106741826158,8.81,1.8900000000000006,True,False,,True,True,True,True,FOMC_20211215,1,False,,0,False,True,False,True
next_observation,BOJ_20211217,BoJ,2021-12-17,2021-12-20,2021-11-29,6754,-15,0.0013662107411416616,7.975,-0.8350000000000009,True,False,,True,True,True,True,FOMC_20211215,1,False,,0,False,True,False,True
next_observation,BOJ_20211217,BoJ,2021-12-17,2021-12-20,2021-11-30,6754,-14,-0.003220188494753247,8.175,0.20000000000000107,True,False,,True,True,True,True,FOMC_20211215,1,False,,0,False,True,False,True
next_observation,BOJ_20211217,BoJ,2021-12-17,2021-12-20,2021-12-01,6754,-13,-0.0034522473872293986,7.835,-0.34000000000000075,True,False,,True,True,True,True,FOMC_20211215,1,False,,0,False,True,False,True
next_observation,BOJ_20211217,BoJ,2021-12-17,2021-12-20,2021-12-02,6754,-12,0.0029219075153392045,7.5125,-0.3224999999999998,True,False,,True,True,True,True,FOMC_20211215,1,False,,0,False,True,False,True
next_observation,BOJ_20211217,BoJ,2021-12-17,2021-12-20,2021-12-03,6754,-11,-0.0027002517458403095,7.5675,0.054999999999999716,True,False,,True,True,True,True,FOMC_20211215,1,False,,0,False,True,False,True
next_observation,BOJ_20211217,BoJ,2021-12-17,2021-12-20,2021-12-06,6754,-10,0.006010270876691947,7.435,-0.13250000000000028,True,False,,True,True,True,True,FOMC_20211215,1,False,,0,False,True,False,True
next_observation,BOJ_20211217,BoJ,2021-12-17,2021-12-20,2021-12-07,6754,-9,0.0010568963464004757,7.255,-0.17999999999999972,True,False,,True,True,True,True,FOMC_20211215,1,False,,0,False,True,False,True
next_observation,BOJ_20211217,BoJ,2021-12-17,2021-12-20,2021-12-08,6754,-8,0.0005720194642587061,7.055,-0.20000000000000018,True,False,,True,True,True,True,FOMC_20211215,1,False,,0,False,True,False,True
next_observation,BOJ_20211217,BoJ,2021-12-17,2021-12-20,2021-12-09,6754,-7,-0.00158485615387653,7.085,0.03000000000000025,True,False,,True,True,True,True,FOMC_20211215,1,False,,0,False,True,False,True
next_observation,BOJ_20211217,BoJ,2021-12-17,2021-12-20,2021-12-10,6754,-6,-0.00044068394860899727,6.75,-0.33499999999999996,True,False,,True,True,True,True,FOMC_20211215,1,False,,0,False,True,False,True
next_observation,BOJ_20211217,BoJ,2021-12-17,2021-12-20,2021-12-13,6754,-5,0.0009252120937561188,6.675,-0.07500000000000018,True,False,,True,True,True,True,FOMC_20211215,1,False,,0,False,True,False,True
next_observation,BOJ_20211217,BoJ,2021-12-17,2021-12-20,2021-12-14,6754,-4,0.001408203013910238,6.595,-0.08000000000000007,True,False,,True,True,True,True,FOMC_20211215,1,False,,0,False,True,False,True
next_observation,BOJ_20211217,BoJ,2021-12-17,2021-12-20,2021-12-15,6754,-3,0.002942018061622764,6.12,-0.47499999999999964,True,False,,True,True,True,True,FOMC_20211215,1,False,,0,False,True,False,True
next_observation,BOJ_20211217,BoJ,2021-12-17,2021-12-20,2021-12-16,6754,-2,-0.0032498930668037186,5.5875,-0.5324999999999998,True,True,FOMC_20211215,True,True,True,True,FOMC_20211215,1,False,,0,False,True,False,True
next_observation,BOJ_20211217,BoJ,2021-12-17,2021-12-20,2021-12-17,6754,-1,-0.0003079698213918264,5.875,0.28749999999999964,True,False,,True,True,True,True,FOMC_20211215,1,False,,0,False,True,False,True
next_observation,BOJ_20211217,BoJ,2021-12-17,2021-12-20,2021-12-20,6754,0,-0.000220036526951165,6.03,0.15500000000000025,True,False,,True,True,True,True,FOMC_20211215,1,False,,0,False,True,False,True
next_observation,BOJ_20211217,BoJ,2021-12-17,2021-12-20,2021-12-21,6754,1,0.004347737465063458,5.86,-0.16999999999999993,True,False,,True,True,True,True,FOMC_20211215,1,False,,0,False,True,False,True
next_observation,BOJ_20211217,BoJ,2021-12-17,2021-12-20,2021-12-22,6754,2,-4.382216964258377e-05,5.6325,-0.22750000000000004,True,False,,True,True,True,True,FOMC_20211215,1,False,,0,False,True,False,True
next_observation,BOJ_20211217,BoJ,2021-12-17,2021-12-20,2021-12-23,6754,3,0.002625936998456067,5.3775,-0.2549999999999999,True,False,,True,True,True,True,FOMC_20211215,1,False,,0,False,True,False,True
next_observation,BOJ_20211217,BoJ,2021-12-17,2021-12-20,2021-12-24,6754,4,-0.00017484810115800297,5.435,0.05749999999999922,True,False,,True,True,True,True,FOMC_20211215,1,False,,0,False,True,False,True
next_observation,BOJ_20211217,BoJ,2021-12-17,2021-12-20,2021-12-27,6754,5,0.004275002148448871,5.735,0.3000000000000007,True,False,,True,True,True,True,FOMC_20211215,1,False,,0,False,True,False,True
next_observation,BOJ_20211217,BoJ,2021-12-17,2021-12-20,2021-12-28,6754,6,-0.000348295532277272,5.735,0.0,True,False,,True,True,True,True,FOMC_20211215,1,False,,0,False,True,False,True
next_observation,BOJ_20211217,BoJ,2021-12-17,2021-12-20,2021-12-29,6754,7,0.0010880209973334971,5.6325,-0.10250000000000004,True,False,,True,True,True,True,FOMC_20211215,1,False,,0,False,True,False,True
next_observation,BOJ_20211217,BoJ,2021-12-17,2021-12-20,2021-12-30,6754,8,0.0011302874741565272,5.585,-0.04750000000000032,True,False,,True,True,True,True,FOMC_20211215,1,False,,0,False,True,False,True
next_observation,BOJ_20211217,BoJ,2021-12-17,2021-12-20,2021-12-31,6754,9,2.2204460492503128e-16,5.4025,-0.1825000000000001,True,False,,True,True,True,True,FOMC_20211215,1,False,,0,False,True,False,True
next_observation,BOJ_20211217,BoJ,2021-12-17,2021-12-20,2022-01-03,6754,10,0.0021266907605369317,5.5575,0.15500000000000025,True,False,,True,True,True,True,FOMC_20211215,1,False,,0,False,True,False,True
next_observation,BOJ_20220118,BoJ,2022-01-18,2022-01-19,2021-12-22,6776,-20,-4.382216964258377e-05,5.6325,-0.22750000000000004,True,False,,True,True,True,True,FOMC_20220126,1,True,FOMC_20220126,1,False,True,False,False
next_observation,BOJ_20220118,BoJ,2022-01-18,2022-01-19,2021-12-23,6776,-19,0.002625936998456067,5.3775,-0.2549999999999999,True,False,,True,True,True,True,FOMC_20220126,1,True,FOMC_20220126,1,False,True,False,False
next_observation,BOJ_20220118,BoJ,2022-01-18,2022-01-19,2021-12-24,6776,-18,-0.00017484810115800297,5.435,0.05749999999999922,True,False,,True,True,True,True,FOMC_20220126,1,True,FOMC_20220126,1,False,True,False,False
next_observation,BOJ_20220118,BoJ,2022-01-18,2022-01-19,2021-12-27,6776,-17,0.004275002148448871,5.735,0.3000000000000007,True,False,,True,True,True,True,FOMC_20220126,1,True,FOMC_20220126,1,False,True,False,False
next_observation,BOJ_20220118,BoJ,2022-01-18,2022-01-19,2021-12-28,6776,-16,-0.000348295532277272,5.735,0.0,True,False,,True,True,True,True,FOMC_20220126,1,True,FOMC_20220126,1,False,True,False,False
next_observation,BOJ_20220118,BoJ,2022-01-18,2022-01-19,2021-12-29,6776,-15,0.0010880209973334971,5.6325,-0.10250000000000004,True,False,,True,True,True,True,FOMC_20220126,1,True,FOMC_20220126,1,False,True,False,False
next_observation,BOJ_20220118,BoJ,2022-01-18,2022-01-19,2021-12-30,6776,-14,0.0011302874741565272,5.585,-0.04750000000000032,True,False,,True,True,True,True,FOMC_20220126,1,True,FOMC_20220126,1,False,True,False,False
next_observation,BOJ_20220118,BoJ,2022-01-18,2022-01-19,2021-12-31,6776,-13,2.2204460492503128e-16,5.4025,-0.1825000000000001,True,False,,True,True,True,True,FOMC_20220126,1,True,FOMC_20220126,1,False,True,False,False
next_observation,BOJ_20220118,BoJ,2022-01-18,2022-01-19,2022-01-03,6776,-12,0.0021266907605369317,5.5575,0.15500000000000025,True,False,,True,True,True,True,FOMC_20220126,1,True,FOMC_20220126,1,False,True,False,False
next_observation,BOJ_20220118,BoJ,2022-01-18,2022-01-19,2022-01-04,6776,-11,0.007171276629043876,5.915,0.35749999999999993,True,False,,True,True,True,True,FOMC_20220126,1,True,FOMC_20220126,1,False,True,False,False
next_observation,BOJ_20220118,BoJ,2022-01-18,2022-01-19,2022-01-05,6776,-10,-0.0003874884340133335,5.665,-0.25,True,False,,True,True,True,True,FOMC_20220126,1,True,FOMC_20220126,1,False,True,False,False
next_observation,BOJ_20220118,BoJ,2022-01-18,2022-01-19,2022-01-06,6776,-9,-0.002414418694660131,5.885,0.21999999999999975,True,False,,True,True,True,True,FOMC_20220126,1,True,FOMC_20220126,1,False,True,False,False
next_observation,BOJ_20220118,BoJ,2022-01-18,2022-01-19,2022-01-07,6776,-8,-0.0023337233462201,5.7325,-0.15249999999999986,True,False,,True,True,True,True,FOMC_20220126,1,True,FOMC_20220126,1,False,True,False,False
next_observation,BOJ_20220118,BoJ,2022-01-18,2022-01-19,2022-01-10,6776,-7,-0.0031201273362437454,6.0325,0.2999999999999998,True,False,,True,True,True,True,FOMC_20220126,1,True,FOMC_20220126,1,False,True,False,False
next_observation,BOJ_20220118,BoJ,2022-01-18,2022-01-19,2022-01-11,6776,-6,0.0008243129384961463,5.8825,-0.14999999999999947,True,False,,True,True,True,True,FOMC_20220126,1,True,FOMC_20220126,1,False,True,False,False
next_observation,BOJ_20220118,BoJ,2022-01-18,2022-01-19,2022-01-12,6776,-5,-0.005697277680370393,5.9575,0.07499999999999929,True,False,,True,True,True,True,FOMC_20220126,1,True,FOMC_20220126,1,False,True,False,False
next_observation,BOJ_20220118,BoJ,2022-01-18,2022-01-19,2022-01-13,6776,-4,-0.0038892700936309244,6.0125,0.055000000000000604,True,False,,True,True,True,True,FOMC_20220126,1,True,FOMC_20220126,1,False,True,False,False
next_observation,BOJ_20220118,BoJ,2022-01-18,2022-01-19,2022-01-14,6776,-3,0.0,6.3,0.28749999999999964,True,False,,True,True,True,True,FOMC_20220126,1,True,FOMC_20220126,1,False,True,False,False
next_observation,BOJ_20220118,BoJ,2022-01-18,2022-01-19,2022-01-17,6776,-2,0.003802036700632747,6.14,-0.16000000000000014,True,False,,True,True,True,True,FOMC_20220126,1,True,FOMC_20220126,1,False,True,False,False
next_observation,BOJ_20220118,BoJ,2022-01-18,2022-01-19,2022-01-18,6776,-1,-0.00017448961831041342,6.22,0.08000000000000007,True,False,,True,True,True,True,FOMC_20220126,1,True,FOMC_20220126,1,False,True,False,False
next_observation,BOJ_20220118,BoJ,2022-01-18,2022-01-19,2022-01-19,6776,0,-0.0024897909644889023,6.15,-0.0699999999999994,True,False,,True,True,True,True,FOMC_20220126,1,True,FOMC_20220126,1,False,True,False,False
next_observation,BOJ_20220118,BoJ,2022-01-18,2022-01-19,2022-01-20,6776,1,-0.001838557688278407,6.03,-0.1200000000000001,True,False,,True,True,True,True,FOMC_20220126,1,True,FOMC_20220126,1,False,True,False,False
next_observation,BOJ_20220118,BoJ,2022-01-18,2022-01-19,2022-01-21,6776,2,-0.003775245923738364,6.24,0.20999999999999996,True,False,,True,True,True,True,FOMC_20220126,1,True,FOMC_20220126,1,False,True,False,False
next_observation,BOJ_20220118,BoJ,2022-01-18,2022-01-19,2022-01-24,6776,3,0.0023282897595909464,6.615,0.375,True,False,,True,True,True,True,FOMC_20220126,1,True,FOMC_20220126,1,False,True,False,False
next_observation,BOJ_20220118,BoJ,2022-01-18,2022-01-19,2022-01-25,6776,4,-0.0006144932818563921,6.345,-0.27000000000000046,True,False,,True,True,True,True,FOMC_20220126,1,True,FOMC_20220126,1,False,True,False,False
next_observation,BOJ_20220118,BoJ,2022-01-18,2022-01-19,2022-01-26,6776,5,0.0066079053647885334,5.83,-0.5149999999999997,True,False,,True,True,True,True,FOMC_20220126,1,True,FOMC_20220126,1,False,True,False,False
next_observation,BOJ_20220118,BoJ,2022-01-18,2022-01-19,2022-01-27,6776,6,0.006347847402501478,6.125,0.29499999999999993,True,True,FOMC_20220126,True,True,True,True,FOMC_20220126,1,True,FOMC_20220126,1,False,True,False,False
next_observation,BOJ_20220118,BoJ,2022-01-18,2022-01-19,2022-01-28,6776,7,-0.000910569168606583,6.075,-0.04999999999999982,True,False,,True,True,True,True,FOMC_20220126,1,True,FOMC_20220126,1,False,True,False,False
next_observation,BOJ_20220118,BoJ,2022-01-18,2022-01-19,2022-01-31,6776,8,-0.0013022530815495004,5.945,-0.1299999999999999,True,False,,True,True,True,True,FOMC_20220126,1,True,FOMC_20220126,1,False,True,False,False
next_observation,BOJ_20220118,BoJ,2022-01-18,2022-01-19,2022-02-01,6776,9,-0.003480988633794313,5.87,-0.07500000000000018,True,False,,True,True,True,True,FOMC_20220126,1,True,FOMC_20220126,1,False,True,False,False
next_observation,BOJ_20220118,BoJ,2022-01-18,2022-01-19,2022-02-02,6776,10,-0.002225471649208016,5.99,0.1200000000000001,True,False,,True,True,True,True,FOMC_20220126,1,True,FOMC_20220126,1,False,True,False,False
next_observation,BOJ_20220318,BoJ,2022-03-18,2022-03-21,2022-02-21,6819,-20,-0.002306906505242342,7.185,0.054999999999999716,True,False,,True,True,True,True,FOMC_20220316,1,False,,0,False,True,False,True
next_observation,BOJ_20220318,BoJ,2022-03-18,2022-03-21,2022-02-22,6819,-19,0.0029588395096221327,6.755,-0.4299999999999997,True,False,,True,True,True,True,FOMC_20220316,1,False,,0,False,True,False,True
next_observation,BOJ_20220318,BoJ,2022-03-18,2022-03-21,2022-02-23,6819,-18,-0.0006519330043797336,6.42,-0.33499999999999996,True,False,,True,True,True,True,FOMC_20220316,1,False,,0,False,True,False,True
next_observation,BOJ_20220318,BoJ,2022-03-18,2022-03-21,2022-02-24,6819,-17,0.004554630815959838,6.795,0.375,True,False,,True,True,True,True,FOMC_20220316,1,False,,0,False,True,False,True
next_observation,BOJ_20220318,BoJ,2022-03-18,2022-03-21,2022-02-25,6819,-16,0.00021637060040705512,6.375,-0.41999999999999993,True,False,,True,True,True,True,FOMC_20220316,1,False,,0,False,True,False,True
next_observation,BOJ_20220318,BoJ,2022-03-18,2022-03-21,2022-02-28,6819,-15,-0.004857957938160734,6.96,0.585,True,False,,True,True,True,True,FOMC_20220316,1,False,,0,False,True,False,True
next_observation,BOJ_20220318,BoJ,2022-03-18,2022-03-21,2022-03-01,6819,-14,-0.0006524150460848211,7.68,0.7199999999999998,True,False,,True,True,True,True,FOMC_20220316,1,False,,0,False,True,False,True
next_observation,BOJ_20220318,BoJ,2022-03-18,2022-03-21,2022-03-02,6819,-13,0.005207441033427414,7.23,-0.4499999999999993,True,False,,True,True,True,True,FOMC_20220316,1,False,,0,False,True,False,True
next_observation,BOJ_20220318,BoJ,2022-03-18,2022-03-21,2022-03-03,6819,-12,-0.00047622140865810267,7.075,-0.15500000000000025,True,False,,True,True,True,True,FOMC_20220316,1,False,,0,False,True,False,True
next_observation,BOJ_20220318,BoJ,2022-03-18,2022-03-21,2022-03-04,6819,-11,-0.0056017689963674296,8.13,1.0550000000000006,True,False,,True,True,True,True,FOMC_20220316,1,False,,0,False,True,False,True
next_observation,BOJ_20220318,BoJ,2022-03-18,2022-03-21,2022-03-07,6819,-10,0.0043018294771453745,8.195,0.0649999999999995,True,False,,True,True,True,True,FOMC_20220316,1,False,,0,False,True,False,True
next_observation,BOJ_20220318,BoJ,2022-03-18,2022-03-21,2022-03-08,6819,-9,0.003030567736397698,7.875,-0.3200000000000003,True,False,,True,True,True,True,FOMC_20220316,1,False,,0,False,True,False,True
next_observation,BOJ_20220318,BoJ,2022-03-18,2022-03-21,2022-03-09,6819,-8,0.0014686827693989278,7.095,-0.7800000000000002,True,False,,True,True,True,True,FOMC_20220316,1,False,,0,False,True,False,True
next_observation,BOJ_20220318,BoJ,2022-03-18,2022-03-21,2022-03-10,6819,-7,0.00262959522147129,6.935,-0.16000000000000014,True,False,,True,True,True,True,FOMC_20220316,1,False,,0,False,True,False,True
next_observation,BOJ_20220318,BoJ,2022-03-18,2022-03-21,2022-03-11,6819,-6,0.009895769061072401,7.23,0.2950000000000008,True,False,,True,True,True,True,FOMC_20220316,1,False,,0,False,True,False,True
next_observation,BOJ_20220318,BoJ,2022-03-18,2022-03-21,2022-03-14,6819,-5,0.007601370019172941,7.845,0.6149999999999993,True,False,,True,True,True,True,FOMC_20220316,1,False,,0,False,True,False,True
next_observation,BOJ_20220318,BoJ,2022-03-18,2022-03-21,2022-03-15,6819,-4,0.0009302719601920344,7.65,-0.1949999999999994,True,False,,True,True,True,True,FOMC_20220316,1,False,,0,False,True,False,True
next_observation,BOJ_20220318,BoJ,2022-03-18,2022-03-21,2022-03-16,6819,-3,0.0036282366933596258,7.075,-0.5750000000000002,True,False,,True,True,True,True,FOMC_20220316,1,False,,0,False,True,False,True
next_observation,BOJ_20220318,BoJ,2022-03-18,2022-03-21,2022-03-17,6819,-2,-0.0011376805187913155,6.72,-0.3550000000000004,True,True,FOMC_20220316,True,True,True,True,FOMC_20220316,1,False,,0,False,True,False,True
next_observation,BOJ_20220318,BoJ,2022-03-18,2022-03-21,2022-03-18,6819,-1,0.004836717943805221,6.995,0.27500000000000036,True,False,,True,True,True,True,FOMC_20220316,1,False,,0,False,True,False,True
next_observation,BOJ_20220318,BoJ,2022-03-18,2022-03-21,2022-03-21,6819,0,0.0025560993615069503,6.955,-0.040000000000000036,True,False,,True,True,True,True,FOMC_20220316,1,False,,0,False,True,False,True
next_observation,BOJ_20220318,BoJ,2022-03-18,2022-03-21,2022-03-22,6819,1,0.010987749451395981,7.565,0.6100000000000003,True,False,,True,True,True,True,FOMC_20220316,1,False,,0,False,True,False,True
next_observation,BOJ_20220318,BoJ,2022-03-18,2022-03-21,2022-03-23,6819,2,0.002975823646751502,7.765,0.1999999999999993,True,False,,True,True,True,True,FOMC_20220316,1,False,,0,False,True,False,True
next_observation,BOJ_20220318,BoJ,2022-03-18,2022-03-21,2022-03-24,6819,3,0.009815072326311236,8.935,1.1700000000000008,True,False,,True,True,True,True,FOMC_20220316,1,False,,0,False,True,False,True
next_observation,BOJ_20220318,BoJ,2022-03-18,2022-03-21,2022-03-25,6819,4,-0.0024549930497114354,8.275,-0.6600000000000001,True,False,,True,True,True,True,FOMC_20220316,1,False,,0,False,True,False,True
next_observation,BOJ_20220318,BoJ,2022-03-18,2022-03-21,2022-03-28,6819,5,0.014721098670945773,10.685,2.41,True,False,,True,True,True,True,FOMC_20220316,1,False,,0,False,True,False,True
next_observation,BOJ_20220318,BoJ,2022-03-18,2022-03-21,2022-03-29,6819,6,-0.007943626110553017,9.63,-1.0549999999999997,True,False,,True,True,True,True,FOMC_20220316,1,False,,0,False,True,False,True
next_observation,BOJ_20220318,BoJ,2022-03-18,2022-03-21,2022-03-30,6819,7,-0.008540599080646433,9.465,-0.16500000000000092,True,False,,True,True,True,True,FOMC_20220316,1,False,,0,False,True,False,True
next_observation,BOJ_20220318,BoJ,2022-03-18,2022-03-21,2022-03-31,6819,8,-0.0010675865348377712,9.17,-0.29499999999999993,True,False,,True,True,True,True,FOMC_20220316,1,False,,0,False,True,False,True
next_observation,BOJ_20220318,BoJ,2022-03-18,2022-03-21,2022-04-01,6819,9,0.006633387684231245,9.365,0.19500000000000028,True,False,,True,True,True,True,FOMC_20220316,1,False,,0,False,True,False,True
next_observation,BOJ_20220318,BoJ,2022-03-18,2022-03-21,2022-04-04,6819,10,0.002282826803611185,9.15,-0.21499999999999986,True,False,,True,True,True,True,FOMC_20220316,1,False,,0,False,True,False,True
next_observation,BOJ_20220428,BoJ,2022-04-28,2022-04-29,2022-04-01,6848,-20,0.006633387684231245,9.365,0.19500000000000028,True,False,,True,True,True,True,FOMC_20220504,1,True,FOMC_20220504,1,False,True,False,False
next_observation,BOJ_20220428,BoJ,2022-04-28,2022-04-29,2022-04-04,6848,-19,0.002282826803611185,9.15,-0.21499999999999986,True,False,,True,True,True,True,FOMC_20220504,1,True,FOMC_20220504,1,False,True,False,False
next_observation,BOJ_20220428,BoJ,2022-04-28,2022-04-29,2022-04-05,6848,-18,0.006534246751869891,9.11,-0.040000000000000924,True,False,,True,True,True,True,FOMC_20220504,1,True,FOMC_20220504,1,False,True,False,False
next_observation,BOJ_20220428,BoJ,2022-04-28,2022-04-29,2022-04-06,6848,-17,0.001616815226905256,9.33,0.22000000000000064,True,False,,True,True,True,True,FOMC_20220504,1,True,FOMC_20220504,1,False,True,False,False
next_observation,BOJ_20220428,BoJ,2022-04-28,2022-04-29,2022-04-07,6848,-16,0.0012512362634233025,8.765,-0.5649999999999995,True,False,,True,True,True,True,FOMC_20220504,1,True,FOMC_20220504,1,False,True,False,False
next_observation,BOJ_20220428,BoJ,2022-04-28,2022-04-29,2022-04-08,6848,-15,0.0031413638398338664,8.97,0.20500000000000007,True,False,,True,True,True,True,FOMC_20220504,1,True,FOMC_20220504,1,False,True,False,False
next_observation,BOJ_20220428,BoJ,2022-04-28,2022-04-29,2022-04-11,6848,-14,0.008249285928346685,9.975,1.004999999999999,True,False,,True,True,True,True,FOMC_20220504,1,True,FOMC_20220504,1,False,True,False,False
next_observation,BOJ_20220428,BoJ,2022-04-28,2022-04-29,2022-04-12,6848,-13,3.987956372284454e-05,9.555,-0.41999999999999993,True,False,,True,True,True,True,FOMC_20220504,1,True,FOMC_20220504,1,False,True,False,False
next_observation,BOJ_20220428,BoJ,2022-04-28,2022-04-29,2022-04-13,6848,-12,0.0019123511804123353,9.8,0.245000000000001,True,False,,True,True,True,True,FOMC_20220504,1,True,FOMC_20220504,1,False,True,False,False
next_observation,BOJ_20220428,BoJ,2022-04-28,2022-04-29,2022-04-14,6848,-11,0.00206759516997128,9.165,-0.6350000000000016,True,False,,True,True,True,True,FOMC_20220504,1,True,FOMC_20220504,1,False,True,False,False
next_observation,BOJ_20220428,BoJ,2022-04-28,2022-04-29,2022-04-15,6848,-10,0.004596980434261159,9.51,0.34500000000000064,True,False,,True,True,True,True,FOMC_20220504,1,True,FOMC_20220504,1,False,True,False,False
next_observation,BOJ_20220428,BoJ,2022-04-28,2022-04-29,2022-04-18,6848,-9,0.004182290570474968,9.955,0.4450000000000003,True,False,,True,True,True,True,FOMC_20220504,1,True,FOMC_20220504,1,False,True,False,False
next_observation,BOJ_20220428,BoJ,2022-04-28,2022-04-29,2022-04-19,6848,-8,0.014967355751399888,11.25,1.295,True,False,,True,True,True,True,FOMC_20220504,1,True,FOMC_20220504,1,False,True,False,False
next_observation,BOJ_20220428,BoJ,2022-04-28,2022-04-29,2022-04-20,6848,-7,-0.00817888964978294,10.975,-0.27500000000000036,True,False,,True,True,True,True,FOMC_20220504,1,True,FOMC_20220504,1,False,True,False,False
next_observation,BOJ_20220428,BoJ,2022-04-28,2022-04-29,2022-04-21,6848,-6,0.00413675269912365,10.48,-0.4949999999999992,True,False,,True,True,True,True,FOMC_20220504,1,True,FOMC_20220504,1,False,True,False,False
next_observation,BOJ_20220428,BoJ,2022-04-28,2022-04-29,2022-04-22,6848,-5,0.0008953423335918879,10.655,0.17499999999999893,True,False,,True,True,True,True,FOMC_20220504,1,True,FOMC_20220504,1,False,True,False,False
next_observation,BOJ_20220428,BoJ,2022-04-28,2022-04-29,2022-04-25,6848,-4,-0.002805488124399129,11.575,0.9199999999999999,True,False,,True,True,True,True,FOMC_20220504,1,True,FOMC_20220504,1,False,True,False,False
next_observation,BOJ_20220428,BoJ,2022-04-28,2022-04-29,2022-04-26,6848,-3,-0.007126944056266426,11.705,0.13000000000000078,True,False,,True,True,True,True,FOMC_20220504,1,True,FOMC_20220504,1,False,True,False,False
next_observation,BOJ_20220428,BoJ,2022-04-28,2022-04-29,2022-04-27,6848,-2,0.009387536670355525,11.42,-0.28500000000000014,True,False,,True,True,True,True,FOMC_20220504,1,True,FOMC_20220504,1,False,True,False,False
next_observation,BOJ_20220428,BoJ,2022-04-28,2022-04-29,2022-04-28,6848,-1,0.018667620151190473,12.84,1.42,True,False,,True,True,True,True,FOMC_20220504,1,True,FOMC_20220504,1,False,True,False,False
next_observation,BOJ_20220428,BoJ,2022-04-28,2022-04-29,2022-04-29,6848,0,-0.008827537653756903,11.94,-0.9000000000000004,True,False,,True,True,True,True,FOMC_20220504,1,True,FOMC_20220504,1,False,True,False,False
next_observation,BOJ_20220428,BoJ,2022-04-28,2022-04-29,2022-05-02,6848,1,0.0035019565911645558,12.135,0.19500000000000028,True,False,,True,True,True,True,FOMC_20220504,1,True,FOMC_20220504,1,False,True,False,False
next_observation,BOJ_20220428,BoJ,2022-04-28,2022-04-29,2022-05-03,6848,2,-0.0001152538467247916,12.06,-0.07499999999999929,True,False,,True,True,True,True,FOMC_20220504,1,True,FOMC_20220504,1,False,True,False,False
next_observation,BOJ_20220428,BoJ,2022-04-28,2022-04-29,2022-05-04,6848,3,-0.008139691965480452,10.62,-1.4400000000000013,True,False,,True,True,True,True,FOMC_20220504,1,True,FOMC_20220504,1,False,True,False,False
next_observation,BOJ_20220428,BoJ,2022-04-28,2022-04-29,2022-05-05,6848,4,0.008562224477960883,11.525,0.9050000000000011,True,True,FOMC_20220504,True,True,True,True,FOMC_20220504,1,True,FOMC_20220504,1,False,True,False,False
next_observation,BOJ_20220428,BoJ,2022-04-28,2022-04-29,2022-05-06,6848,5,0.0027995646364786567,11.275,-0.25,True,False,,True,True,True,True,FOMC_20220504,1,True,FOMC_20220504,1,False,True,False,False
next_observation,BOJ_20220428,BoJ,2022-04-28,2022-04-29,2022-05-09,6848,6,-0.002070156000956799,11.785,0.5099999999999998,True,False,,True,True,True,True,FOMC_20220504,1,True,FOMC_20220504,1,False,True,False,False
next_observation,BOJ_20220428,BoJ,2022-04-28,2022-04-29,2022-05-10,6848,7,0.001188946771694857,11.14,-0.6449999999999996,True,False,,True,True,True,True,FOMC_20220504,1,True,FOMC_20220504,1,False,True,False,False
next_observation,BOJ_20220428,BoJ,2022-04-28,2022-04-29,2022-05-11,6848,8,-0.003686498549293525,10.725,-0.4150000000000009,True,False,,True,True,True,True,FOMC_20220504,1,True,FOMC_20220504,1,False,True,False,False
next_observation,BOJ_20220428,BoJ,2022-04-28,2022-04-29,2022-05-12,6848,9,-0.012582191114872262,11.99,1.2650000000000006,True,False,,True,True,True,True,FOMC_20220504,1,True,FOMC_20220504,1,False,True,False,False
next_observation,BOJ_20220428,BoJ,2022-04-28,2022-04-29,2022-05-13,6848,10,0.006794691358363739,11.485,-0.5050000000000008,True,False,,True,True,True,True,FOMC_20220504,1,True,FOMC_20220504,1,False,True,False,False
next_observation,BOJ_20220617,BoJ,2022-06-17,2022-06-20,2022-05-23,6884,-20,0.00023457659033205528,10.585,-0.3949999999999996,True,False,,True,True,True,True,FOMC_20220615,1,False,,0,False,True,False,True
next_observation,BOJ_20220617,BoJ,2022-06-17,2022-06-20,2022-05-24,6884,-19,-0.008440193782784476,11.07,0.48499999999999943,True,False,,True,True,True,True,FOMC_20220615,1,False,,0,False,True,False,True
next_observation,BOJ_20220617,BoJ,2022-06-17,2022-06-20,2022-05-25,6884,-18,0.0038559953345537416,10.47,-0.5999999999999996,True,False,,True,True,True,True,FOMC_20220615,1,False,,0,False,True,False,True
next_observation,BOJ_20220617,BoJ,2022-06-17,2022-06-20,2022-05-26,6884,-17,-0.0015327480451679657,10.325,-0.14500000000000135,True,False,,True,True,True,True,FOMC_20220615,1,False,,0,False,True,False,True
next_observation,BOJ_20220617,BoJ,2022-06-17,2022-06-20,2022-05-27,6884,-16,-7.866582760504932e-05,9.495,-0.8300000000000001,True,False,,True,True,True,True,FOMC_20220615,1,False,,0,False,True,False,True
next_observation,BOJ_20220617,BoJ,2022-06-17,2022-06-20,2022-05-30,6884,-15,0.0036906206005224325,9.37,-0.125,True,False,,True,True,True,True,FOMC_20220615,1,False,,0,False,True,False,True
next_observation,BOJ_20220617,BoJ,2022-06-17,2022-06-20,2022-05-31,6884,-14,0.008468178055257526,9.6,0.23000000000000043,True,False,,True,True,True,True,FOMC_20220615,1,False,,0,False,True,False,True
next_observation,BOJ_20220617,BoJ,2022-06-17,2022-06-20,2022-06-01,6884,-13,0.011282963591767078,10.015,0.4150000000000009,True,False,,True,True,True,True,FOMC_20220615,1,False,,0,False,True,False,True
next_observation,BOJ_20220617,BoJ,2022-06-17,2022-06-20,2022-06-02,6884,-12,-0.0022310275823300787,9.6225,-0.39250000000000007,True,False,,True,True,True,True,FOMC_20220615,1,False,,0,False,True,False,True
next_observation,BOJ_20220617,BoJ,2022-06-17,2022-06-20,2022-06-03,6884,-11,0.007977949648101178,9.635,0.01249999999999929,True,False,,True,True,True,True,FOMC_20220615,1,False,,0,False,True,False,True
next_observation,BOJ_20220617,BoJ,2022-06-17,2022-06-20,2022-06-06,6884,-10,0.007611545349093284,10.985,1.3499999999999996,True,False,,True,True,True,True,FOMC_20220615,1,False,,0,False,True,False,True
next_observation,BOJ_20220617,BoJ,2022-06-17,2022-06-20,2022-06-07,6884,-9,0.005406951446641769,11.185,0.20000000000000107,True,False,,True,True,True,True,FOMC_20220615,1,False,,0,False,True,False,True
next_observation,BOJ_20220617,BoJ,2022-06-17,2022-06-20,2022-06-08,6884,-8,0.012404363738802075,12.24,1.0549999999999997,True,False,,True,True,True,True,FOMC_20220615,1,False,,0,False,True,False,True
next_observation,BOJ_20220617,BoJ,2022-06-17,2022-06-20,2022-06-09,6884,-7,0.0007818172062943117,12.05,-0.1899999999999995,True,False,,True,True,True,True,FOMC_20220615,1,False,,0,False,True,False,True
next_observation,BOJ_20220617,BoJ,2022-06-17,2022-06-20,2022-06-10,6884,-6,0.00044647840902418956,11.79,-0.26000000000000156,True,False,,True,True,True,True,FOMC_20220615,1,False,,0,False,True,False,True
next_observation,BOJ_20220617,BoJ,2022-06-17,2022-06-20,2022-06-13,6884,-5,7.439369144913472e-05,13.885,2.0950000000000006,True,False,,True,True,True,True,FOMC_20220615,1,False,,0,False,True,False,True
next_observation,BOJ_20220617,BoJ,2022-06-17,2022-06-20,2022-06-14,6884,-4,0.007743790896903258,14.335,0.45000000000000107,True,False,,True,True,True,True,FOMC_20220615,1,False,,0,False,True,False,True
next_observation,BOJ_20220617,BoJ,2022-06-17,2022-06-20,2022-06-15,6884,-3,-0.012142515651355698,14.285,-0.05000000000000071,True,False,,True,True,True,True,FOMC_20220615,1,False,,0,False,True,False,True
next_observation,BOJ_20220617,BoJ,2022-06-17,2022-06-20,2022-06-16,6884,-2,-0.012216130419284144,15.84,1.5549999999999997,True,True,FOMC_20220615,True,True,True,True,FOMC_20220615,1,False,,0,False,True,False,True
next_observation,BOJ_20220617,BoJ,2022-06-17,2022-06-20,2022-06-17,6884,-1,0.021068378956949577,12.4975,-3.3424999999999994,True,False,,True,True,True,True,FOMC_20220615,1,False,,0,False,True,False,True
next_observation,BOJ_20220617,BoJ,2022-06-17,2022-06-20,2022-06-20,6884,0,0.00037023325117469327,12.325,-0.1725000000000012,True,False,,True,True,True,True,FOMC_20220615,1,False,,0,False,True,False,True
next_observation,BOJ_20220617,BoJ,2022-06-17,2022-06-20,2022-06-21,6884,1,0.011043734551651866,13.465,1.1400000000000006,True,False,,True,True,True,True,FOMC_20220615,1,False,,0,False,True,False,True
next_observation,BOJ_20220617,BoJ,2022-06-17,2022-06-20,2022-06-22,6884,2,-0.0023090889362592467,13.62,0.15499999999999936,True,False,,True,True,True,True,FOMC_20220615,1,False,,0,False,True,False,True
next_observation,BOJ_20220617,BoJ,2022-06-17,2022-06-20,2022-06-23,6884,3,-0.009660485881508512,13.425,-0.1949999999999985,True,False,,True,True,True,True,FOMC_20220615,1,False,,0,False,True,False,True
next_observation,BOJ_20220617,BoJ,2022-06-17,2022-06-20,2022-06-24,6884,4,0.002035718293477239,12.4975,-0.9275000000000002,True,False,,True,True,True,True,FOMC_20220615,1,False,,0,False,True,False,True
next_observation,BOJ_20220617,BoJ,2022-06-17,2022-06-20,2022-06-27,6884,5,0.0017363360292668166,12.225,-0.27250000000000085,True,False,,True,True,True,True,FOMC_20220615,1,False,,0,False,True,False,True
next_observation,BOJ_20220617,BoJ,2022-06-17,2022-06-20,2022-06-28,6884,6,0.004970646659817941,12.205,-0.019999999999999574,True,False,,True,True,True,True,FOMC_20220615,1,False,,0,False,True,False,True
next_observation,BOJ_20220617,BoJ,2022-06-17,2022-06-20,2022-06-29,6884,7,0.0033366975682248366,13.305,1.0999999999999996,True,False,,True,True,True,True,FOMC_20220615,1,False,,0,False,True,False,True
next_observation,BOJ_20220617,BoJ,2022-06-17,2022-06-20,2022-06-30,6884,8,-0.006352958223285441,12.99,-0.3149999999999995,True,False,,True,True,True,True,FOMC_20220615,1,False,,0,False,True,False,True
next_observation,BOJ_20220617,BoJ,2022-06-17,2022-06-20,2022-07-01,6884,9,-0.0037646755912241047,13.41,0.41999999999999993,True,False,,True,True,True,True,FOMC_20220615,1,False,,0,False,True,False,True
next_observation,BOJ_20220617,BoJ,2022-06-17,2022-06-20,2022-07-04,6884,10,0.002990753055405221,13.24,-0.16999999999999993,True,False,,True,True,True,True,FOMC_20220615,1,False,,0,False,True,False,True
next_observation,BOJ_20220721,BoJ,2022-07-21,2022-07-22,2022-06-24,6908,-20,0.002035718293477239,12.4975,-0.9275000000000002,True,False,,True,True,True,True,FOMC_20220727,1,True,FOMC_20220727,1,False,True,False,False
next_observation,BOJ_20220721,BoJ,2022-07-21,2022-07-22,2022-06-27,6908,-19,0.0017363360292668166,12.225,-0.27250000000000085,True,False,,True,True,True,True,FOMC_20220727,1,True,FOMC_20220727,1,False,True,False,False
next_observation,BOJ_20220721,BoJ,2022-07-21,2022-07-22,2022-06-28,6908,-18,0.004970646659817941,12.205,-0.019999999999999574,True,False,,True,True,True,True,FOMC_20220727,1,True,FOMC_20220727,1,False,True,False,False
next_observation,BOJ_20220721,BoJ,2022-07-21,2022-07-22,2022-06-29,6908,-17,0.0033366975682248366,13.305,1.0999999999999996,True,False,,True,True,True,True,FOMC_20220727,1,True,FOMC_20220727,1,False,True,False,False
next_observation,BOJ_20220721,BoJ,2022-07-21,2022-07-22,2022-06-30,6908,-16,-0.006352958223285441,12.99,-0.3149999999999995,True,False,,True,True,True,True,FOMC_20220727,1,True,FOMC_20220727,1,False,True,False,False
next_observation,BOJ_20220721,BoJ,2022-07-21,2022-07-22,2022-07-01,6908,-15,-0.0037646755912241047,13.41,0.41999999999999993,True,False,,True,True,True,True,FOMC_20220727,1,True,FOMC_20220727,1,False,True,False,False
next_observation,BOJ_20220721,BoJ,2022-07-21,2022-07-22,2022-07-04,6908,-14,0.002990753055405221,13.24,-0.16999999999999993,True,False,,True,True,True,True,FOMC_20220727,1,True,FOMC_20220727,1,False,True,False,False
next_observation,BOJ_20220721,BoJ,2022-07-21,2022-07-22,2022-07-05,6908,-13,0.0016576726393656915,13.175,-0.0649999999999995,True,False,,True,True,True,True,FOMC_20220727,1,True,FOMC_20220727,1,False,True,False,False
next_observation,BOJ_20220721,BoJ,2022-07-21,2022-07-22,2022-07-06,6908,-12,0.0007726411834177427,13.035,-0.14000000000000057,True,False,,True,True,True,True,FOMC_20220727,1,True,FOMC_20220727,1,False,True,False,False
next_observation,BOJ_20220721,BoJ,2022-07-21,2022-07-22,2022-07-07,6908,-11,0.0004412413661822855,11.9,-1.1349999999999998,True,False,,True,True,True,True,FOMC_20220727,1,True,FOMC_20220727,1,False,True,False,False
next_observation,BOJ_20220721,BoJ,2022-07-21,2022-07-22,2022-07-08,6908,-10,0.0006247588450399192,11.365,-0.5350000000000001,True,False,,True,True,True,True,FOMC_20220727,1,True,FOMC_20220727,1,False,True,False,False
next_observation,BOJ_20220721,BoJ,2022-07-21,2022-07-22,2022-07-11,6908,-9,0.009834286946243213,12.42,1.0549999999999997,True,False,,True,True,True,True,FOMC_20220727,1,True,FOMC_20220727,1,False,True,False,False
next_observation,BOJ_20220721,BoJ,2022-07-21,2022-07-22,2022-07-12,6908,-8,-0.004155888012770238,12.175,-0.24499999999999922,True,False,,True,True,True,True,FOMC_20220727,1,True,FOMC_20220727,1,False,True,False,False
next_observation,BOJ_20220721,BoJ,2022-07-21,2022-07-22,2022-07-13,6908,-7,0.003828418801045799,11.75,-0.4250000000000007,True,False,,True,True,True,True,FOMC_20220727,1,True,FOMC_20220727,1,False,True,False,False
next_observation,BOJ_20220721,BoJ,2022-07-21,2022-07-22,2022-07-14,6908,-6,0.011326132908628666,12.555,0.8049999999999997,True,False,,True,True,True,True,FOMC_20220727,1,True,FOMC_20220727,1,False,True,False,False
next_observation,BOJ_20220721,BoJ,2022-07-21,2022-07-22,2022-07-15,6908,-5,-0.0028105088222257204,12.075,-0.4800000000000004,True,False,,True,True,True,True,FOMC_20220727,1,True,FOMC_20220727,1,False,True,False,False
next_observation,BOJ_20220721,BoJ,2022-07-21,2022-07-22,2022-07-18,6908,-4,-0.00310794944979692,12.1175,0.042500000000000426,True,False,,True,True,True,True,FOMC_20220727,1,True,FOMC_20220727,1,False,True,False,False
next_observation,BOJ_20220721,BoJ,2022-07-21,2022-07-22,2022-07-19,6908,-3,0.00039806756817837056,11.775,-0.34249999999999936,True,False,,True,True,True,True,FOMC_20220727,1,True,FOMC_20220727,1,False,True,False,False
next_observation,BOJ_20220721,BoJ,2022-07-21,2022-07-22,2022-07-20,6908,-2,0.00010853638693038189,10.7925,-0.9824999999999999,True,False,,True,True,True,True,FOMC_20220727,1,True,FOMC_20220727,1,False,True,False,False
next_observation,BOJ_20220721,BoJ,2022-07-21,2022-07-22,2022-07-21,6908,-1,-0.006132650990311172,10.29,-0.5025000000000013,True,False,,True,True,True,True,FOMC_20220727,1,True,FOMC_20220727,1,False,True,False,False
next_observation,BOJ_20220721,BoJ,2022-07-21,2022-07-22,2022-07-22,6908,0,-0.009068035372499669,10.7825,0.4925000000000015,True,False,,True,True,True,True,FOMC_20220727,1,True,FOMC_20220727,1,False,True,False,False
next_observation,BOJ_20220721,BoJ,2022-07-21,2022-07-22,2022-07-25,6908,1,0.004142006911437144,10.79,0.007499999999998508,True,False,,True,True,True,True,FOMC_20220727,1,True,FOMC_20220727,1,False,True,False,False
next_observation,BOJ_20220721,BoJ,2022-07-21,2022-07-22,2022-07-26,6908,2,0.0016447071560818586,10.325,-0.46499999999999986,True,False,,True,True,True,True,FOMC_20220727,1,True,FOMC_20220727,1,False,True,False,False
next_observation,BOJ_20220721,BoJ,2022-07-21,2022-07-22,2022-07-27,6908,3,-0.0025229916303103994,9.895,-0.4299999999999997,True,False,,True,True,True,True,FOMC_20220727,1,True,FOMC_20220727,1,False,True,False,False
next_observation,BOJ_20220721,BoJ,2022-07-21,2022-07-22,2022-07-28,6908,4,-0.01702184469932119,10.77,0.875,True,True,FOMC_20220727,True,True,True,True,FOMC_20220727,1,True,FOMC_20220727,1,False,True,False,False
next_observation,BOJ_20220721,BoJ,2022-07-21,2022-07-22,2022-07-29,6908,5,-0.007438313399376435,11.31,0.5400000000000009,True,False,,True,True,True,True,FOMC_20220727,1,True,FOMC_20220727,1,False,True,False,False
next_observation,BOJ_20220721,BoJ,2022-07-21,2022-07-22,2022-08-01,6908,6,-0.012534141745403059,11.565,0.254999999999999,True,False,,True,True,True,True,FOMC_20220727,1,True,FOMC_20220727,1,False,True,False,False
next_observation,BOJ_20220721,BoJ,2022-07-21,2022-07-22,2022-08-02,6908,7,0.011783503667821289,11.795,0.23000000000000043,True,False,,True,True,True,True,FOMC_20220727,1,True,FOMC_20220727,1,False,True,False,False
next_observation,BOJ_20220721,BoJ,2022-07-21,2022-07-22,2022-08-03,6908,8,0.0051306170030304835,11.82,0.025000000000000355,True,False,,True,True,True,True,FOMC_20220727,1,True,FOMC_20220727,1,False,True,False,False
next_observation,BOJ_20220721,BoJ,2022-07-21,2022-07-22,2022-08-04,6908,9,-0.007235406173667898,11.085,-0.7349999999999994,True,False,,True,True,True,True,FOMC_20220727,1,True,FOMC_20220727,1,False,True,False,False
next_observation,BOJ_20220721,BoJ,2022-07-21,2022-07-22,2022-08-05,6908,10,0.01579009644619615,10.815,-0.27000000000000135,True,False,,True,True,True,True,FOMC_20220727,1,True,FOMC_20220727,1,False,True,False,False
next_observation,BOJ_20220922,BoJ,2022-09-22,2022-09-23,2022-08-26,6953,-20,0.008353597011791296,11.595,-0.46499999999999986,True,False,,True,True,True,True,FOMC_20220921,1,False,,0,False,True,False,True
next_observation,BOJ_20220922,BoJ,2022-09-22,2022-09-23,2022-08-29,6953,-19,0.007815932102952236,12.135,0.5399999999999991,True,False,,True,True,True,True,FOMC_20220921,1,False,,0,False,True,False,True
next_observation,BOJ_20220922,BoJ,2022-09-22,2022-09-23,2022-08-30,6953,-18,0.0005044863355168513,11.89,-0.24499999999999922,True,False,,True,True,True,True,FOMC_20220921,1,False,,0,False,True,False,True
next_observation,BOJ_20220922,BoJ,2022-09-22,2022-09-23,2022-08-31,6953,-17,0.0012241225651006753,11.695,-0.19500000000000028,True,False,,True,True,True,True,FOMC_20220921,1,False,,0,False,True,False,True
next_observation,BOJ_20220922,BoJ,2022-09-22,2022-09-23,2022-09-01,6953,-16,0.008955176800190751,12.1425,0.4474999999999998,True,False,,True,True,True,True,FOMC_20220921,1,False,,0,False,True,False,True
next_observation,BOJ_20220922,BoJ,2022-09-22,2022-09-23,2022-09-02,6953,-15,-3.5661430383690664e-05,11.77,-0.3725000000000005,True,False,,True,True,True,True,FOMC_20220921,1,False,,0,False,True,False,True
next_observation,BOJ_20220922,BoJ,2022-09-22,2022-09-23,2022-09-05,6953,-14,0.002848903319266928,11.975,0.20500000000000007,True,False,,True,True,True,True,FOMC_20220921,1,False,,0,False,True,False,True
next_observation,BOJ_20220922,BoJ,2022-09-22,2022-09-23,2022-09-06,6953,-13,0.015490509283560975,13.44,1.4649999999999999,True,False,,True,True,True,True,FOMC_20220921,1,False,,0,False,True,False,True
next_observation,BOJ_20220922,BoJ,2022-09-22,2022-09-23,2022-09-07,6953,-12,0.006526276501275666,14.37,0.9299999999999997,True,False,,True,True,True,True,FOMC_20220921,1,False,,0,False,True,False,True
next_observation,BOJ_20220922,BoJ,2022-09-22,2022-09-23,2022-09-08,6953,-11,0.0026055704435105197,13.67,-0.6999999999999993,True,False,,True,True,True,True,FOMC_20220921,1,False,,0,False,True,False,True
next_observation,BOJ_20220922,BoJ,2022-09-22,2022-09-23,2022-09-09,6953,-10,-0.01144544562113018,13.39,-0.27999999999999936,True,False,,True,True,True,True,FOMC_20220921,1,False,,0,False,True,False,True
next_observation,BOJ_20220922,BoJ,2022-09-22,2022-09-23,2022-09-12,6953,-9,0.002628675084978774,13.67,0.27999999999999936,True,False,,True,True,True,True,FOMC_20220921,1,False,,0,False,True,False,True
next_observation,BOJ_20220922,BoJ,2022-09-22,2022-09-23,2022-09-13,6953,-8,0.012107443589922235,13.935,0.26500000000000057,True,False,,True,True,True,True,FOMC_20220921,1,False,,0,False,True,False,True
next_observation,BOJ_20220922,BoJ,2022-09-22,2022-09-23,2022-09-14,6953,-7,-0.010428710638760092,14.06,0.125,True,False,,True,True,True,True,FOMC_20220921,1,False,,0,False,True,False,True
next_observation,BOJ_20220922,BoJ,2022-09-22,2022-09-23,2022-09-15,6953,-6,0.0030703767884194028,13.525,-0.5350000000000001,True,False,,True,True,True,True,FOMC_20220921,1,False,,0,False,True,False,True
next_observation,BOJ_20220922,BoJ,2022-09-22,2022-09-23,2022-09-16,6953,-5,-0.0041892189036655215,13.19,-0.33500000000000085,True,False,,True,True,True,True,FOMC_20220921,1,False,,0,False,True,False,True
next_observation,BOJ_20220922,BoJ,2022-09-22,2022-09-23,2022-09-19,6953,-4,0.0019571529680710207,13.385,0.19500000000000028,True,False,,True,True,True,True,FOMC_20220921,1,False,,0,False,True,False,True
next_observation,BOJ_20220922,BoJ,2022-09-22,2022-09-23,2022-09-20,6953,-3,0.0037637263457292332,13.0175,-0.3674999999999997,True,False,,True,True,True,True,FOMC_20220921,1,False,,0,False,True,False,True
next_observation,BOJ_20220922,BoJ,2022-09-22,2022-09-23,2022-09-21,6953,-2,0.002223690155736557,12.75,-0.26750000000000007,True,False,,True,True,True,True,FOMC_20220921,1,False,,0,False,True,False,True
next_observation,BOJ_20220922,BoJ,2022-09-22,2022-09-23,2022-09-22,6953,-1,-0.011659700617700103,12.9375,0.1875,True,True,FOMC_20220921,True,True,True,True,FOMC_20220921,1,False,,0,False,True,False,True
next_observation,BOJ_20220922,BoJ,2022-09-22,2022-09-23,2022-09-23,6953,0,0.006405230068108525,12.69,-0.2475000000000005,True,False,,True,True,True,True,FOMC_20220921,1,False,,0,False,True,False,True
next_observation,BOJ_20220922,BoJ,2022-09-22,2022-09-23,2022-09-26,6953,1,0.00999800038312454,13.3075,0.6174999999999997,True,False,,True,True,True,True,FOMC_20220921,1,False,,0,False,True,False,True
next_observation,BOJ_20220922,BoJ,2022-09-22,2022-09-23,2022-09-27,6953,2,0.0003453634985113827,12.48,-0.8274999999999988,True,False,,True,True,True,True,FOMC_20220921,1,False,,0,False,True,False,True
next_observation,BOJ_20220922,BoJ,2022-09-22,2022-09-23,2022-09-28,6953,3,-0.0043950030082585256,12.645,0.16499999999999915,True,False,,True,True,True,True,FOMC_20220921,1,False,,0,False,True,False,True
next_observation,BOJ_20220922,BoJ,2022-09-22,2022-09-23,2022-09-29,6953,4,0.0020441756793432107,12.535,-0.10999999999999943,True,False,,True,True,True,True,FOMC_20220921,1,False,,0,False,True,False,True
next_observation,BOJ_20220922,BoJ,2022-09-22,2022-09-23,2022-09-30,6953,5,0.0019363768152809615,12.08,-0.45500000000000007,True,False,,True,True,True,True,FOMC_20220921,1,False,,0,False,True,False,True
next_observation,BOJ_20220922,BoJ,2022-09-22,2022-09-23,2022-10-03,6953,6,-0.001348151681107442,12.285,0.20500000000000007,True,False,,True,True,True,True,FOMC_20220921,1,False,,0,False,True,False,True
next_observation,BOJ_20220922,BoJ,2022-09-22,2022-09-23,2022-10-04,6953,7,-0.002909899167651147,11.31,-0.9749999999999996,True,False,,True,True,True,True,FOMC_20220921,1,False,,0,False,True,False,True
next_observation,BOJ_20220922,BoJ,2022-09-22,2022-09-23,2022-10-05,6953,8,0.003566918054643176,11.5275,0.21749999999999936,True,False,,True,True,True,True,FOMC_20220921,1,False,,0,False,True,False,True
next_observation,BOJ_20220922,BoJ,2022-09-22,2022-09-23,2022-10-06,6953,9,0.003450897206124419,11.36,-0.16750000000000043,True,False,,True,True,True,True,FOMC_20220921,1,False,,0,False,True,False,True
next_observation,BOJ_20220922,BoJ,2022-09-22,2022-09-23,2022-10-07,6953,10,0.0007576018820298197,11.3725,0.012500000000001066,True,False,,True,True,True,True,FOMC_20220921,1,False,,0,False,True,False,True
next_observation,BOJ_20221028,BoJ,2022-10-28,2022-10-31,2022-10-03,6979,-20,-0.001348151681107442,12.285,0.20500000000000007,True,False,,True,True,True,True,FOMC_20221102,1,True,FOMC_20221102,1,False,True,False,False
next_observation,BOJ_20221028,BoJ,2022-10-28,2022-10-31,2022-10-04,6979,-19,-0.002909899167651147,11.31,-0.9749999999999996,True,False,,True,True,True,True,FOMC_20221102,1,True,FOMC_20221102,1,False,True,False,False
next_observation,BOJ_20221028,BoJ,2022-10-28,2022-10-31,2022-10-05,6979,-18,0.003566918054643176,11.5275,0.21749999999999936,True,False,,True,True,True,True,FOMC_20221102,1,True,FOMC_20221102,1,False,True,False,False
next_observation,BOJ_20221028,BoJ,2022-10-28,2022-10-31,2022-10-06,6979,-17,0.003450897206124419,11.36,-0.16750000000000043,True,False,,True,True,True,True,FOMC_20221102,1,True,FOMC_20221102,1,False,True,False,False
next_observation,BOJ_20221028,BoJ,2022-10-28,2022-10-31,2022-10-07,6979,-16,0.0007576018820298197,11.3725,0.012500000000001066,True,False,,True,True,True,True,FOMC_20221102,1,True,FOMC_20221102,1,False,True,False,False
next_observation,BOJ_20221028,BoJ,2022-10-28,2022-10-31,2022-10-10,6979,-15,0.0032305764083424547,11.805,0.4324999999999992,True,False,,True,True,True,True,FOMC_20221102,1,True,FOMC_20221102,1,False,True,False,False
next_observation,BOJ_20221028,BoJ,2022-10-28,2022-10-31,2022-10-11,6979,-14,0.0009602854157240546,11.91,0.10500000000000043,True,False,,True,True,True,True,FOMC_20221102,1,True,FOMC_20221102,1,False,True,False,False
next_observation,BOJ_20221028,BoJ,2022-10-28,2022-10-31,2022-10-12,6979,-13,0.007172896826248478,13.1125,1.2025000000000006,True,False,,True,True,True,True,FOMC_20221102,1,True,FOMC_20221102,1,False,True,False,False
next_observation,BOJ_20221028,BoJ,2022-10-28,2022-10-31,2022-10-13,6979,-12,0.0014624111981051135,12.57,-0.5425000000000004,True,False,,True,True,True,True,FOMC_20221102,1,True,FOMC_20221102,1,False,True,False,False
next_observation,BOJ_20221028,BoJ,2022-10-28,2022-10-31,2022-10-14,6979,-11,0.010412886946340807,13.8225,1.2524999999999995,True,False,,True,True,True,True,FOMC_20221102,1,True,FOMC_20221102,1,False,True,False,False
next_observation,BOJ_20221028,BoJ,2022-10-28,2022-10-31,2022-10-17,6979,-10,0.002485725163009102,13.965,0.14250000000000007,True,False,,True,True,True,True,FOMC_20221102,1,True,FOMC_20221102,1,False,True,False,False
next_observation,BOJ_20221028,BoJ,2022-10-28,2022-10-31,2022-10-18,6979,-9,0.001508574013450608,14.0625,0.09750000000000014,True,False,,True,True,True,True,FOMC_20221102,1,True,FOMC_20221102,1,False,True,False,False
next_observation,BOJ_20221028,BoJ,2022-10-28,2022-10-31,2022-10-19,6979,-8,0.004312008419406124,14.205,0.14250000000000007,True,False,,True,True,True,True,FOMC_20221102,1,True,FOMC_20221102,1,False,True,False,False
next_observation,BOJ_20221028,BoJ,2022-10-28,2022-10-31,2022-10-20,6979,-7,0.0015997337189332158,14.085,-0.11999999999999922,True,False,,True,True,True,True,FOMC_20221102,1,True,FOMC_20221102,1,False,True,False,False
next_observation,BOJ_20221028,BoJ,2022-10-28,2022-10-31,2022-10-21,6979,-6,-0.01672302235776325,15.685,1.5999999999999996,True,False,,True,True,True,True,FOMC_20221102,1,True,FOMC_20221102,1,False,True,False,False
next_observation,BOJ_20221028,BoJ,2022-10-28,2022-10-31,2022-10-24,6979,-5,0.008463625118296195,14.52,-1.165000000000001,True,False,,True,True,True,True,FOMC_20221102,1,True,FOMC_20221102,1,False,True,False,False
next_observation,BOJ_20221028,BoJ,2022-10-28,2022-10-31,2022-10-25,6979,-4,-0.00656910849900705,13.69,-0.8300000000000001,True,False,,True,True,True,True,FOMC_20221102,1,True,FOMC_20221102,1,False,True,False,False
next_observation,BOJ_20221028,BoJ,2022-10-28,2022-10-31,2022-10-26,6979,-3,-0.01066948619618294,13.585,-0.10499999999999865,True,False,,True,True,True,True,FOMC_20221102,1,True,FOMC_20221102,1,False,True,False,False
next_observation,BOJ_20221028,BoJ,2022-10-28,2022-10-31,2022-10-27,6979,-2,-0.0005467281872049267,13.465,-0.120000000000001,True,False,,True,True,True,True,FOMC_20221102,1,True,FOMC_20221102,1,False,True,False,False
next_observation,BOJ_20221028,BoJ,2022-10-28,2022-10-31,2022-10-28,6979,-1,0.008949138446653225,12.85,-0.6150000000000002,True,False,,True,True,True,True,FOMC_20221102,1,True,FOMC_20221102,1,False,True,False,False
next_observation,BOJ_20221028,BoJ,2022-10-28,2022-10-31,2022-10-31,6979,0,0.007525810455715939,13.035,0.1850000000000005,True,False,,True,True,True,True,FOMC_20221102,1,True,FOMC_20221102,1,False,True,False,False
next_observation,BOJ_20221028,BoJ,2022-10-28,2022-10-31,2022-11-01,6979,1,-0.003030509424200049,12.83,-0.20500000000000007,True,False,,True,True,True,True,FOMC_20221102,1,True,FOMC_20221102,1,False,True,False,False
next_observation,BOJ_20221028,BoJ,2022-10-28,2022-10-31,2022-11-02,6979,2,-0.00243103742646628,12.125,-0.7050000000000001,True,False,,True,True,True,True,FOMC_20221102,1,True,FOMC_20221102,1,False,True,False,False
next_observation,BOJ_20221028,BoJ,2022-10-28,2022-10-31,2022-11-03,6979,3,0.002363588350493118,12.14,0.015000000000000568,True,True,FOMC_20221102,True,True,True,True,FOMC_20221102,1,True,FOMC_20221102,1,False,True,False,False
next_observation,BOJ_20221028,BoJ,2022-10-28,2022-10-31,2022-11-04,6979,4,-0.01108955832647423,11.5925,-0.5475000000000012,True,False,,True,True,True,True,FOMC_20221102,1,True,FOMC_20221102,1,False,True,False,False
next_observation,BOJ_20221028,BoJ,2022-10-28,2022-10-31,2022-11-07,6979,5,0.00010230004612422944,11.485,-0.10749999999999993,True,False,,True,True,True,True,FOMC_20221102,1,True,FOMC_20221102,1,False,True,False,False
next_observation,BOJ_20221028,BoJ,2022-10-28,2022-10-31,2022-11-08,6979,6,-0.0065340704222121085,11.135,-0.34999999999999964,True,False,,True,True,True,True,FOMC_20221102,1,True,FOMC_20221102,1,False,True,False,False
next_observation,BOJ_20221028,BoJ,2022-10-28,2022-10-31,2022-11-09,6979,7,0.005442330011499702,11.1475,0.012500000000001066,True,False,,True,True,True,True,FOMC_20221102,1,True,FOMC_20221102,1,False,True,False,False
next_observation,BOJ_20221028,BoJ,2022-10-28,2022-10-31,2022-11-10,6979,8,-0.038272195737606304,11.3125,0.16499999999999915,True,False,,True,True,True,True,FOMC_20221102,1,True,FOMC_20221102,1,False,True,False,False
next_observation,BOJ_20221028,BoJ,2022-10-28,2022-10-31,2022-11-11,6979,9,-0.015512499214601457,13.26,1.9474999999999998,True,False,,True,True,True,True,FOMC_20221102,1,True,FOMC_20221102,1,False,True,False,False
next_observation,BOJ_20221028,BoJ,2022-10-28,2022-10-31,2022-11-14,6979,10,0.0078220707399556,13.335,0.07500000000000107,True,False,,True,True,True,True,FOMC_20221102,1,True,FOMC_20221102,1,False,True,False,False
next_observation,BOJ_20221220,BoJ,2022-12-20,2022-12-21,2022-11-23,7016,-20,-0.011643979368957324,13.6025,0.7124999999999986,True,False,,True,True,True,True,FOMC_20221214,1,False,,0,False,True,False,True
next_observation,BOJ_20221220,BoJ,2022-12-20,2022-12-21,2022-11-24,7016,-19,-0.007586007725328043,13.89,0.2875000000000014,True,False,,True,True,True,True,FOMC_20221214,1,False,,0,False,True,False,True
next_observation,BOJ_20221220,BoJ,2022-12-20,2022-12-21,2022-11-25,7016,-18,0.004644723636365058,13.71,-0.17999999999999972,True,False,,True,True,True,True,FOMC_20221214,1,False,,0,False,True,False,True
next_observation,BOJ_20221220,BoJ,2022-12-20,2022-12-21,2022-11-28,7016,-17,-0.0017617348652087003,14.2825,0.5724999999999998,True,False,,True,True,True,True,FOMC_20221214,1,False,,0,False,True,False,True
next_observation,BOJ_20221220,BoJ,2022-12-20,2022-12-21,2022-11-29,7016,-16,-0.002269657823815759,13.97,-0.3125,True,False,,True,True,True,True,FOMC_20221214,1,False,,0,False,True,False,True
next_observation,BOJ_20221220,BoJ,2022-12-20,2022-12-21,2022-11-30,7016,-15,-0.004047710622223756,13.955,-0.015000000000000568,True,False,,True,True,True,True,FOMC_20221214,1,False,,0,False,True,False,True
next_observation,BOJ_20221220,BoJ,2022-12-20,2022-12-21,2022-12-01,7016,-14,-0.020081510245019397,14.4125,0.4574999999999996,True,False,,True,True,True,True,FOMC_20221214,1,False,,0,False,True,False,True
next_observation,BOJ_20221220,BoJ,2022-12-20,2022-12-21,2022-12-02,7016,-13,-0.007528731762057622,13.755,-0.6574999999999989,True,False,,True,True,True,True,FOMC_20221214,1,False,,0,False,True,False,True
next_observation,BOJ_20221220,BoJ,2022-12-20,2022-12-21,2022-12-05,7016,-12,0.017967316641363307,13.56,-0.19500000000000028,True,False,,True,True,True,True,FOMC_20221214,1,False,,0,False,True,False,True
next_observation,BOJ_20221220,BoJ,2022-12-20,2022-12-21,2022-12-06,7016,-11,0.0018630482657776327,13.77,0.20999999999999908,True,False,,True,True,True,True,FOMC_20221214,1,False,,0,False,True,False,True
next_observation,BOJ_20221220,BoJ,2022-12-20,2022-12-21,2022-12-07,7016,-10,-0.0027409793314222934,13.8,0.030000000000001137,True,False,,True,True,True,True,FOMC_20221214,1,False,,0,False,True,False,True
next_observation,BOJ_20221220,BoJ,2022-12-20,2022-12-21,2022-12-08,7016,-9,0.00029272933722871423,12.935,-0.8650000000000002,True,False,,True,True,True,True,FOMC_20221214,1,False,,0,False,True,False,True
next_observation,BOJ_20221220,BoJ,2022-12-20,2022-12-21,2022-12-09,7016,-8,-0.0007319840754309226,12.38,-0.5549999999999997,True,False,,True,True,True,True,FOMC_20221214,1,False,,0,False,True,False,True
next_observation,BOJ_20221220,BoJ,2022-12-20,2022-12-21,2022-12-12,7016,-7,0.008095143390044862,12.405,0.02499999999999858,True,False,,True,True,True,True,FOMC_20221214,1,False,,0,False,True,False,True
next_observation,BOJ_20221220,BoJ,2022-12-20,2022-12-21,2022-12-13,7016,-6,-0.015223333478423836,11.3775,-1.0274999999999999,True,False,,True,True,True,True,FOMC_20221214,1,False,,0,False,True,False,True
next_observation,BOJ_20221220,BoJ,2022-12-20,2022-12-21,2022-12-14,7016,-5,-0.0008853802179434425,10.385,-0.9924999999999997,True,False,,True,True,True,True,FOMC_20221214,1,False,,0,False,True,False,True
next_observation,BOJ_20221220,BoJ,2022-12-20,2022-12-21,2022-12-15,7016,-4,0.01687108871287166,10.28,-0.10500000000000043,True,True,FOMC_20221214,True,True,True,True,FOMC_20221214,1,False,,0,False,True,False,True
next_observation,BOJ_20221220,BoJ,2022-12-20,2022-12-21,2022-12-16,7016,-3,-0.008601263028359969,10.87,0.5899999999999999,True,False,,True,True,True,True,FOMC_20221214,1,False,,0,False,True,False,True
next_observation,BOJ_20221220,BoJ,2022-12-20,2022-12-21,2022-12-19,7016,-2,0.0022668285089748174,11.415,0.5449999999999999,True,False,,True,True,True,True,FOMC_20221214,1,False,,0,False,True,False,True
next_observation,BOJ_20221220,BoJ,2022-12-20,2022-12-21,2022-12-20,7016,-1,-0.038569402403928664,13.665,2.25,True,False,,True,True,True,True,FOMC_20221214,1,False,,0,False,True,False,True
next_observation,BOJ_20221220,BoJ,2022-12-20,2022-12-21,2022-12-21,7016,0,0.005526339815097408,13.0175,-0.6474999999999991,True,False,,True,True,True,True,FOMC_20221214,1,False,,0,False,True,False,True
next_observation,BOJ_20221220,BoJ,2022-12-20,2022-12-21,2022-12-22,7016,1,-0.0008307843837229579,12.6525,-0.3650000000000002,True,False,,True,True,True,True,FOMC_20221214,1,False,,0,False,True,False,True
next_observation,BOJ_20221220,BoJ,2022-12-20,2022-12-21,2022-12-23,7016,2,0.004184658610774741,12.7425,0.08999999999999986,True,False,,True,True,True,True,FOMC_20221214,1,False,,0,False,True,False,True
next_observation,BOJ_20221220,BoJ,2022-12-20,2022-12-21,2022-12-26,7016,3,-0.00022575062177301818,13.335,0.5925000000000011,True,False,,True,True,True,True,FOMC_20221214,1,False,,0,False,True,False,True
next_observation,BOJ_20221220,BoJ,2022-12-20,2022-12-21,2022-12-27,7016,4,0.004617732005529029,13.355,0.019999999999999574,True,False,,True,True,True,True,FOMC_20221214,1,False,,0,False,True,False,True
next_observation,BOJ_20221220,BoJ,2022-12-20,2022-12-21,2022-12-28,7016,5,0.007351739491665176,13.38,0.025000000000000355,True,False,,True,True,True,True,FOMC_20221214,1,False,,0,False,True,False,True
next_observation,BOJ_20221220,BoJ,2022-12-20,2022-12-21,2022-12-29,7016,6,-0.01084122767687336,13.5225,0.14250000000000007,True,False,,True,True,True,True,FOMC_20221214,1,False,,0,False,True,False,True
next_observation,BOJ_20221220,BoJ,2022-12-20,2022-12-21,2022-12-30,7016,7,-0.014424146046858582,14.21,0.6875,True,False,,True,True,True,True,FOMC_20221214,1,False,,0,False,True,False,True
next_observation,BOJ_20221220,BoJ,2022-12-20,2022-12-21,2023-01-02,7016,8,-0.0024817224428136638,14.8125,0.6024999999999991,True,False,,True,True,True,True,FOMC_20221214,1,False,,0,False,True,False,True
next_observation,BOJ_20221220,BoJ,2022-12-20,2022-12-21,2023-01-03,7016,9,0.0016806084701230122,14.89,0.07750000000000057,True,False,,True,True,True,True,FOMC_20221214,1,False,,0,False,True,False,True
next_observation,BOJ_20221220,BoJ,2022-12-20,2022-12-21,2023-01-04,7016,10,0.012251476043377809,14.73,-0.16000000000000014,True,False,,True,True,True,True,FOMC_20221214,1,False,,0,False,True,False,True
next_observation,BOJ_20230118,BoJ,2023-01-18,2023-01-19,2022-12-22,7037,-20,-0.0008307843837229579,12.6525,-0.3650000000000002,True,False,,True,True,True,True,FOMC_20230201,1,True,FOMC_20230201,1,False,True,False,False
next_observation,BOJ_20230118,BoJ,2023-01-18,2023-01-19,2022-12-23,7037,-19,0.004184658610774741,12.7425,0.08999999999999986,True,False,,True,True,True,True,FOMC_20230201,1,True,FOMC_20230201,1,False,True,False,False
next_observation,BOJ_20230118,BoJ,2023-01-18,2023-01-19,2022-12-26,7037,-18,-0.00022575062177301818,13.335,0.5925000000000011,True,False,,True,True,True,True,FOMC_20230201,1,True,FOMC_20230201,1,False,True,False,False
next_observation,BOJ_20230118,BoJ,2023-01-18,2023-01-19,2022-12-27,7037,-17,0.004617732005529029,13.355,0.019999999999999574,True,False,,True,True,True,True,FOMC_20230201,1,True,FOMC_20230201,1,False,True,False,False
next_observation,BOJ_20230118,BoJ,2023-01-18,2023-01-19,2022-12-28,7037,-16,0.007351739491665176,13.38,0.025000000000000355,True,False,,True,True,True,True,FOMC_20230201,1,True,FOMC_20230201,1,False,True,False,False
next_observation,BOJ_20230118,BoJ,2023-01-18,2023-01-19,2022-12-29,7037,-15,-0.01084122767687336,13.5225,0.14250000000000007,True,False,,True,True,True,True,FOMC_20230201,1,True,FOMC_20230201,1,False,True,False,False
next_observation,BOJ_20230118,BoJ,2023-01-18,2023-01-19,2022-12-30,7037,-14,-0.014424146046858582,14.21,0.6875,True,False,,True,True,True,True,FOMC_20230201,1,True,FOMC_20230201,1,False,True,False,False
next_observation,BOJ_20230118,BoJ,2023-01-18,2023-01-19,2023-01-02,7037,-13,-0.0024817224428136638,14.8125,0.6024999999999991,True,False,,True,True,True,True,FOMC_20230201,1,True,FOMC_20230201,1,False,True,False,False
next_observation,BOJ_20230118,BoJ,2023-01-18,2023-01-19,2023-01-03,7037,-12,0.0016806084701230122,14.89,0.07750000000000057,True,False,,True,True,True,True,FOMC_20230201,1,True,FOMC_20230201,1,False,True,False,False
next_observation,BOJ_20230118,BoJ,2023-01-18,2023-01-19,2023-01-04,7037,-11,0.012251476043377809,14.73,-0.16000000000000014,True,False,,True,True,True,True,FOMC_20230201,1,True,FOMC_20230201,1,False,True,False,False
next_observation,BOJ_20230118,BoJ,2023-01-18,2023-01-19,2023-01-05,7037,-10,0.00586379668445334,14.505,-0.22499999999999964,True,False,,True,True,True,True,FOMC_20230201,1,True,FOMC_20230201,1,False,True,False,False
next_observation,BOJ_20230118,BoJ,2023-01-18,2023-01-19,2023-01-06,7037,-9,-0.010019293578842268,14.2,-0.3050000000000015,True,False,,True,True,True,True,FOMC_20230201,1,True,FOMC_20230201,1,False,True,False,False
next_observation,BOJ_20230118,BoJ,2023-01-18,2023-01-19,2023-01-09,7037,-8,-0.0014774688725577652,14.4625,0.26250000000000107,True,False,,True,True,True,True,FOMC_20230201,1,True,FOMC_20230201,1,False,True,False,False
next_observation,BOJ_20230118,BoJ,2023-01-18,2023-01-19,2023-01-10,7037,-7,0.002801546467785316,13.86,-0.6025000000000009,True,False,,True,True,True,True,FOMC_20230201,1,True,FOMC_20230201,1,False,True,False,False
next_observation,BOJ_20230118,BoJ,2023-01-18,2023-01-19,2023-01-11,7037,-6,0.0015110878928369775,14.13,0.27000000000000135,True,False,,True,True,True,True,FOMC_20230201,1,True,FOMC_20230201,1,False,True,False,False
next_observation,BOJ_20230118,BoJ,2023-01-18,2023-01-19,2023-01-12,7037,-5,-0.024455767740097188,15.73,1.5999999999999996,True,False,,True,True,True,True,FOMC_20230201,1,True,FOMC_20230201,1,False,True,False,False
next_observation,BOJ_20230118,BoJ,2023-01-18,2023-01-19,2023-01-13,7037,-4,-0.01081217751445959,16.145,0.41499999999999915,True,False,,True,True,True,True,FOMC_20230201,1,True,FOMC_20230201,1,False,True,False,False
next_observation,BOJ_20230118,BoJ,2023-01-18,2023-01-19,2023-01-16,7037,-3,0.005537371815599663,16.7325,0.5875000000000021,True,False,,True,True,True,True,FOMC_20230201,1,True,FOMC_20230201,1,False,True,False,False
next_observation,BOJ_20230118,BoJ,2023-01-18,2023-01-19,2023-01-17,7037,-2,-0.0035450669200223894,15.935,-0.7975000000000012,True,False,,True,True,True,True,FOMC_20230201,1,True,FOMC_20230201,1,False,True,False,False
next_observation,BOJ_20230118,BoJ,2023-01-18,2023-01-19,2023-01-18,7037,-1,0.006108374211384421,13.355,-2.58,True,False,,True,True,True,True,FOMC_20230201,1,True,FOMC_20230201,1,False,True,False,False
next_observation,BOJ_20230118,BoJ,2023-01-18,2023-01-19,2023-01-19,7037,0,-0.0036916901273774585,12.805,-0.5500000000000007,True,False,,True,True,True,True,FOMC_20230201,1,True,FOMC_20230201,1,False,True,False,False
next_observation,BOJ_20230118,BoJ,2023-01-18,2023-01-19,2023-01-20,7037,1,0.009030194102059342,12.26,-0.5449999999999999,True,False,,True,True,True,True,FOMC_20230201,1,True,FOMC_20230201,1,False,True,False,False
next_observation,BOJ_20230118,BoJ,2023-01-18,2023-01-19,2023-01-23,7037,2,0.008260858074031041,12.57,0.3100000000000005,True,False,,True,True,True,True,FOMC_20230201,1,True,FOMC_20230201,1,False,True,False,False
next_observation,BOJ_20230118,BoJ,2023-01-18,2023-01-19,2023-01-24,7037,3,-0.003872184568708055,12.61,0.03999999999999915,True,False,,True,True,True,True,FOMC_20230201,1,True,FOMC_20230201,1,False,True,False,False
next_observation,BOJ_20230118,BoJ,2023-01-18,2023-01-19,2023-01-25,7037,4,-0.004388673505322945,12.655,0.04499999999999993,True,False,,True,True,True,True,FOMC_20230201,1,True,FOMC_20230201,1,False,True,False,False
next_observation,BOJ_20230118,BoJ,2023-01-18,2023-01-19,2023-01-26,7037,5,0.0048111248816920865,12.98,0.32500000000000107,True,False,,True,True,True,True,FOMC_20230201,1,True,FOMC_20230201,1,False,True,False,False
next_observation,BOJ_20230118,BoJ,2023-01-18,2023-01-19,2023-01-27,7037,6,-0.0026143805740708207,12.925,-0.054999999999999716,True,False,,True,True,True,True,FOMC_20230201,1,True,FOMC_20230201,1,False,True,False,False
next_observation,BOJ_20230118,BoJ,2023-01-18,2023-01-19,2023-01-30,7037,7,0.003880664966525319,13.03,0.10499999999999865,True,False,,True,True,True,True,FOMC_20230201,1,True,FOMC_20230201,1,False,True,False,False
next_observation,BOJ_20230118,BoJ,2023-01-18,2023-01-19,2023-01-31,7037,8,-0.0022266593966416524,13.03,0.0,True,False,,True,True,True,True,FOMC_20230201,1,True,FOMC_20230201,1,False,True,False,False
next_observation,BOJ_20230118,BoJ,2023-01-18,2023-01-19,2023-02-01,7037,9,-0.008607599222297342,12.17,-0.8599999999999994,True,False,,True,True,True,True,FOMC_20230201,1,True,FOMC_20230201,1,False,True,False,False
next_observation,BOJ_20230118,BoJ,2023-01-18,2023-01-19,2023-02-02,7037,10,-0.0023286512114057906,12.05,-0.11999999999999922,True,True,FOMC_20230201,True,True,True,True,FOMC_20230201,1,True,FOMC_20230201,1,False,True,False,False
next_observation,BOJ_20230310,BoJ,2023-03-10,2023-03-13,2023-02-13,7074,-20,0.008075107854402483,13.935,-0.3200000000000003,True,False,,True,True,True,True,FOMC_20230322,1,True,FOMC_20230322,1,False,True,False,False
next_observation,BOJ_20230310,BoJ,2023-03-10,2023-03-13,2023-02-14,7074,-19,0.005535173691692191,13.165,-0.7700000000000014,True,False,,True,True,True,True,FOMC_20230322,1,True,FOMC_20230322,1,False,True,False,False
next_observation,BOJ_20230310,BoJ,2023-03-10,2023-03-13,2023-02-15,7074,-18,0.007519254326560923,13.365,0.20000000000000107,True,False,,True,True,True,True,FOMC_20230322,1,True,FOMC_20230322,1,False,True,False,False
next_observation,BOJ_20230310,BoJ,2023-03-10,2023-03-13,2023-02-16,7074,-17,-0.001603849581974516,13.015,-0.34999999999999964,True,False,,True,True,True,True,FOMC_20230322,1,True,FOMC_20230322,1,False,True,False,False
next_observation,BOJ_20230310,BoJ,2023-03-10,2023-03-13,2023-02-17,7074,-16,0.0015665799548528,12.835,-0.17999999999999972,True,False,,True,True,True,True,FOMC_20230322,1,True,FOMC_20230322,1,False,True,False,False
next_observation,BOJ_20230310,BoJ,2023-03-10,2023-03-13,2023-02-20,7074,-15,0.000707885501142387,13.175,0.33999999999999986,True,False,,True,True,True,True,FOMC_20230322,1,True,FOMC_20230322,1,False,True,False,False
next_observation,BOJ_20230310,BoJ,2023-03-10,2023-03-13,2023-02-21,7074,-14,0.0056821499881840945,12.52,-0.6550000000000011,True,False,,True,True,True,True,FOMC_20230322,1,True,FOMC_20230322,1,False,True,False,False
next_observation,BOJ_20230310,BoJ,2023-03-10,2023-03-13,2023-02-22,7074,-13,-0.0012969930112982154,12.765,0.245000000000001,True,False,,True,True,True,True,FOMC_20230322,1,True,FOMC_20230322,1,False,True,False,False
next_observation,BOJ_20230310,BoJ,2023-03-10,2023-03-13,2023-02-23,7074,-12,-0.001001688113584285,13.0,0.23499999999999943,True,False,,True,True,True,True,FOMC_20230322,1,True,FOMC_20230322,1,False,True,False,False
next_observation,BOJ_20230310,BoJ,2023-03-10,2023-03-13,2023-02-24,7074,-11,0.013054245415545658,12.18,-0.8200000000000003,True,False,,True,True,True,True,FOMC_20230322,1,True,FOMC_20230322,1,False,True,False,False
next_observation,BOJ_20230310,BoJ,2023-03-10,2023-03-13,2023-02-27,7074,-10,-0.00209047808695545,12.175,-0.004999999999999005,True,False,,True,True,True,True,FOMC_20230322,1,True,FOMC_20230322,1,False,True,False,False
next_observation,BOJ_20230310,BoJ,2023-03-10,2023-03-13,2023-02-28,7074,-9,-0.00014686444438186913,12.13,-0.04499999999999993,True,False,,True,True,True,True,FOMC_20230322,1,True,FOMC_20230322,1,False,True,False,False
next_observation,BOJ_20230310,BoJ,2023-03-10,2023-03-13,2023-03-01,7074,-8,0.00014686444438192738,12.215,0.08499999999999908,True,False,,True,True,True,True,FOMC_20230322,1,True,FOMC_20230322,1,False,True,False,False
next_observation,BOJ_20230310,BoJ,2023-03-10,2023-03-13,2023-03-02,7074,-7,0.0042862703690236675,11.88,-0.3349999999999991,True,False,,True,True,True,True,FOMC_20230322,1,True,FOMC_20230322,1,False,True,False,False
next_observation,BOJ_20230310,BoJ,2023-03-10,2023-03-13,2023-03-03,7074,-6,-0.006675494273030086,11.83,-0.05000000000000071,True,False,,True,True,True,True,FOMC_20230322,1,True,FOMC_20230322,1,False,True,False,False
next_observation,BOJ_20230310,BoJ,2023-03-10,2023-03-13,2023-03-06,7074,-5,0.00047830167029703434,12.285,0.45500000000000007,True,False,,True,True,True,True,FOMC_20230322,1,True,FOMC_20230322,1,False,True,False,False
next_observation,BOJ_20230310,BoJ,2023-03-10,2023-03-13,2023-03-07,7074,-4,0.008971625806496613,12.405,0.11999999999999922,True,False,,True,True,True,True,FOMC_20230322,1,True,FOMC_20230322,1,False,True,False,False
next_observation,BOJ_20230310,BoJ,2023-03-10,2023-03-13,2023-03-08,7074,-3,0.0014571420741521018,12.85,0.4450000000000003,True,False,,True,True,True,True,FOMC_20230322,1,True,FOMC_20230322,1,False,True,False,False
next_observation,BOJ_20230310,BoJ,2023-03-10,2023-03-13,2023-03-09,7074,-2,-0.008811596108036642,13.39,0.5400000000000009,True,False,,True,True,True,True,FOMC_20230322,1,True,FOMC_20230322,1,False,True,False,False
next_observation,BOJ_20230310,BoJ,2023-03-10,2023-03-13,2023-03-10,7074,-1,-0.008260243146817805,12.79,-0.6000000000000014,True,False,,True,True,True,True,FOMC_20230322,1,True,FOMC_20230322,1,False,True,False,False
next_observation,BOJ_20230310,BoJ,2023-03-10,2023-03-13,2023-03-13,7074,0,-0.013570145609579582,14.085,1.2950000000000017,True,False,,True,True,True,True,FOMC_20230322,1,True,FOMC_20230322,1,False,True,False,False
next_observation,BOJ_20230310,BoJ,2023-03-10,2023-03-13,2023-03-14,7074,1,0.007553414366721935,12.99,-1.0950000000000006,True,False,,True,True,True,True,FOMC_20230322,1,True,FOMC_20230322,1,False,True,False,False
next_observation,BOJ_20230310,BoJ,2023-03-10,2023-03-13,2023-03-15,7074,2,-0.005978197448723809,13.995,1.004999999999999,True,False,,True,True,True,True,FOMC_20230322,1,True,FOMC_20230322,1,False,True,False,False
next_observation,BOJ_20230310,BoJ,2023-03-10,2023-03-13,2023-03-16,7074,3,0.0023955693444631036,12.655,-1.3399999999999999,True,False,,True,True,True,True,FOMC_20230322,1,True,FOMC_20230322,1,False,True,False,False
next_observation,BOJ_20230310,BoJ,2023-03-10,2023-03-13,2023-03-17,7074,4,-0.014232703826536864,13.0,0.34500000000000064,True,False,,True,True,True,True,FOMC_20230322,1,True,FOMC_20230322,1,False,True,False,False
next_observation,BOJ_20230310,BoJ,2023-03-10,2023-03-13,2023-03-20,7074,5,-0.004027820165903832,13.495,0.4949999999999992,True,False,,True,True,True,True,FOMC_20230322,1,True,FOMC_20230322,1,False,True,False,False
next_observation,BOJ_20230310,BoJ,2023-03-10,2023-03-13,2023-03-21,7074,6,0.008983287929962263,12.95,-0.5449999999999999,True,False,,True,True,True,True,FOMC_20230322,1,True,FOMC_20230322,1,False,True,False,False
next_observation,BOJ_20230310,BoJ,2023-03-10,2023-03-13,2023-03-22,7074,7,-0.00803186738743063,12.02,-0.9299999999999997,True,False,,True,True,True,True,FOMC_20230322,1,True,FOMC_20230322,1,False,True,False,False
next_observation,BOJ_20230310,BoJ,2023-03-10,2023-03-13,2023-03-23,7074,8,-0.004575096622632073,11.955,-0.0649999999999995,True,True,FOMC_20230322,True,True,True,True,FOMC_20230322,1,True,FOMC_20230322,1,False,True,False,False
next_observation,BOJ_20230310,BoJ,2023-03-10,2023-03-13,2023-03-24,7074,9,-0.0009175364790973107,12.365,0.41000000000000014,True,False,,True,True,True,True,FOMC_20230322,1,True,FOMC_20230322,1,False,True,False,False
next_observation,BOJ_20230310,BoJ,2023-03-10,2023-03-13,2023-03-27,7074,10,0.006405145997260435,12.055,-0.3100000000000005,True,False,,True,True,True,True,FOMC_20230322,1,True,FOMC_20230322,1,False,True,False,False
next_observation,BOJ_20230428,BoJ,2023-04-28,2023-05-01,2023-04-03,7109,-20,-0.0030152291802617724,12.875,-0.14499999999999957,True,False,,True,True,True,True,FOMC_20230503,1,True,FOMC_20230503,1,False,True,False,False
next_observation,BOJ_20230428,BoJ,2023-04-28,2023-05-01,2023-04-04,7109,-19,-0.005678177045878409,12.695,-0.17999999999999972,True,False,,True,True,True,True,FOMC_20230503,1,True,FOMC_20230503,1,False,True,False,False
next_observation,BOJ_20230428,BoJ,2023-04-28,2023-05-01,2023-04-05,7109,-18,-0.003003519033896788,13.02,0.3249999999999993,True,False,,True,True,True,True,FOMC_20230503,1,True,FOMC_20230503,1,False,True,False,False
next_observation,BOJ_20230428,BoJ,2023-04-28,2023-05-01,2023-04-06,7109,-17,0.0035348485086156237,12.775,-0.24499999999999922,True,False,,True,True,True,True,FOMC_20230503,1,True,FOMC_20230503,1,False,True,False,False
next_observation,BOJ_20230428,BoJ,2023-04-28,2023-05-01,2023-04-07,7109,-16,0.0028794442869940085,12.53,-0.245000000000001,True,False,,True,True,True,True,FOMC_20230503,1,True,FOMC_20230503,1,False,True,False,False
next_observation,BOJ_20230428,BoJ,2023-04-28,2023-05-01,2023-04-10,7109,-15,0.010874375779274593,12.86,0.33000000000000007,True,False,,True,True,True,True,FOMC_20230503,1,True,FOMC_20230503,1,False,True,False,False
next_observation,BOJ_20230428,BoJ,2023-04-28,2023-05-01,2023-04-11,7109,-14,0.000561198735195952,12.1475,-0.7124999999999986,True,False,,True,True,True,True,FOMC_20230503,1,True,FOMC_20230503,1,False,True,False,False
next_observation,BOJ_20230428,BoJ,2023-04-28,2023-05-01,2023-04-12,7109,-13,-0.004085233273725231,11.55,-0.5975000000000001,True,False,,True,True,True,True,FOMC_20230503,1,True,FOMC_20230503,1,False,True,False,False
next_observation,BOJ_20230428,BoJ,2023-04-28,2023-05-01,2023-04-13,7109,-12,-0.004215127990219535,10.76,-0.7900000000000009,True,False,,True,True,True,True,FOMC_20230503,1,True,FOMC_20230503,1,False,True,False,False
next_observation,BOJ_20230428,BoJ,2023-04-28,2023-05-01,2023-04-14,7109,-11,0.00912288346233419,10.83,0.07000000000000028,True,False,,True,True,True,True,FOMC_20230503,1,True,FOMC_20230503,1,False,True,False,False
next_observation,BOJ_20230428,BoJ,2023-04-28,2023-05-01,2023-04-17,7109,-10,0.0050697193502508,10.815,-0.015000000000000568,True,False,,True,True,True,True,FOMC_20230503,1,True,FOMC_20230503,1,False,True,False,False
next_observation,BOJ_20230428,BoJ,2023-04-28,2023-05-01,2023-04-18,7109,-9,-0.002606204237750753,10.84,0.025000000000000355,True,False,,True,True,True,True,FOMC_20230503,1,True,FOMC_20230503,1,False,True,False,False
next_observation,BOJ_20230428,BoJ,2023-04-28,2023-05-01,2023-04-19,7109,-8,0.00442651419299481,10.735,-0.10500000000000043,True,False,,True,True,True,True,FOMC_20230503,1,True,FOMC_20230503,1,False,True,False,False
next_observation,BOJ_20230428,BoJ,2023-04-28,2023-05-01,2023-04-20,7109,-7,-0.0035321930721264015,10.43,-0.3049999999999997,True,False,,True,True,True,True,FOMC_20230503,1,True,FOMC_20230503,1,False,True,False,False
next_observation,BOJ_20230428,BoJ,2023-04-28,2023-05-01,2023-04-21,7109,-6,-0.0005961252039426908,10.47,0.040000000000000924,True,False,,True,True,True,True,FOMC_20230503,1,True,FOMC_20230503,1,False,True,False,False
next_observation,BOJ_20230428,BoJ,2023-04-28,2023-05-01,2023-04-24,7109,-5,0.0005588777879779748,10.54,0.06999999999999851,True,False,,True,True,True,True,FOMC_20230503,1,True,FOMC_20230503,1,False,True,False,False
next_observation,BOJ_20230428,BoJ,2023-04-28,2023-05-01,2023-04-25,7109,-4,-0.003507466282393964,10.975,0.4350000000000005,True,False,,True,True,True,True,FOMC_20230503,1,True,FOMC_20230503,1,False,True,False,False
next_observation,BOJ_20230428,BoJ,2023-04-28,2023-05-01,2023-04-26,7109,-3,-0.000710453037155565,10.945,-0.02999999999999936,True,False,,True,True,True,True,FOMC_20230503,1,True,FOMC_20230503,1,False,True,False,False
next_observation,BOJ_20230428,BoJ,2023-04-28,2023-05-01,2023-04-27,7109,-2,0.002241818305512664,10.825,-0.120000000000001,True,False,,True,True,True,True,FOMC_20230503,1,True,FOMC_20230503,1,False,True,False,False
next_observation,BOJ_20230428,BoJ,2023-04-28,2023-05-01,2023-04-28,7109,-1,0.017242444413592527,9.515,-1.3099999999999987,True,False,,True,True,True,True,FOMC_20230503,1,True,FOMC_20230503,1,False,True,False,False
next_observation,BOJ_20230428,BoJ,2023-04-28,2023-05-01,2023-05-01,7109,0,0.008729214106602406,9.605,0.08999999999999986,True,False,,True,True,True,True,FOMC_20230503,1,True,FOMC_20230503,1,False,True,False,False
next_observation,BOJ_20230428,BoJ,2023-04-28,2023-05-01,2023-05-02,7109,1,-0.006896704889375193,10.21,0.6050000000000004,True,False,,True,True,True,True,FOMC_20230503,1,True,FOMC_20230503,1,False,True,False,False
next_observation,BOJ_20230428,BoJ,2023-04-28,2023-05-01,2023-05-03,7109,2,-0.01360364566743837,10.355,0.14499999999999957,True,False,,True,True,True,True,FOMC_20230503,1,True,FOMC_20230503,1,False,True,False,False
next_observation,BOJ_20230428,BoJ,2023-04-28,2023-05-01,2023-05-04,7109,3,-0.0030855616591916814,10.775,0.41999999999999993,True,True,FOMC_20230503,True,True,True,True,FOMC_20230503,1,True,FOMC_20230503,1,False,True,False,False
next_observation,BOJ_20230428,BoJ,2023-04-28,2023-05-01,2023-05-05,7109,4,0.0038276491853624505,10.16,-0.6150000000000002,True,False,,True,True,True,True,FOMC_20230503,1,True,FOMC_20230503,1,False,True,False,False
next_observation,BOJ_20230428,BoJ,2023-04-28,2023-05-01,2023-05-08,7109,5,0.0021489448803318155,10.0,-0.16000000000000014,True,False,,True,True,True,True,FOMC_20230503,1,True,FOMC_20230503,1,False,True,False,False
next_observation,BOJ_20230428,BoJ,2023-04-28,2023-05-01,2023-05-09,7109,6,0.0009618230987125127,9.5,-0.5,True,False,,True,True,True,True,FOMC_20230503,1,True,FOMC_20230503,1,False,True,False,False
next_observation,BOJ_20230428,BoJ,2023-04-28,2023-05-01,2023-05-10,7109,7,-0.006528939614806136,9.37,-0.13000000000000078,True,False,,True,True,True,True,FOMC_20230503,1,True,FOMC_20230503,1,False,True,False,False
next_observation,BOJ_20230428,BoJ,2023-04-28,2023-05-01,2023-05-11,7109,8,0.0013761043547668194,9.425,0.05500000000000149,True,False,,True,True,True,True,FOMC_20230503,1,True,FOMC_20230503,1,False,True,False,False
next_observation,BOJ_20230428,BoJ,2023-04-28,2023-05-01,2023-05-12,7109,9,0.008696189648363065,9.175,-0.25,True,False,,True,True,True,True,FOMC_20230503,1,True,FOMC_20230503,1,False,True,False,False
next_observation,BOJ_20230428,BoJ,2023-04-28,2023-05-01,2023-05-15,7109,10,0.0030167045172095537,10.67,1.4949999999999992,True,False,,True,True,True,True,FOMC_20230503,1,True,FOMC_20230503,1,False,True,False,False
next_observation,BOJ_20230616,BoJ,2023-06-16,2023-06-19,2023-05-22,7144,-20,0.004483339637840347,10.655,0.129999999999999,True,False,,True,True,True,True,FOMC_20230614,1,False,,0,False,True,False,True
next_observation,BOJ_20230616,BoJ,2023-06-16,2023-06-19,2023-05-23,7144,-19,-0.00010823096498498508,10.86,0.20500000000000007,True,False,,True,True,True,True,FOMC_20230614,1,False,,0,False,True,False,True
next_observation,BOJ_20230616,BoJ,2023-06-16,2023-06-19,2023-05-24,7144,-18,0.006329817933573198,10.775,-0.08499999999999908,True,False,,True,True,True,True,FOMC_20230614,1,False,,0,False,True,False,True
next_observation,BOJ_20230616,BoJ,2023-06-16,2023-06-19,2023-05-25,7144,-17,0.004221528879607833,10.805,0.02999999999999936,True,False,,True,True,True,True,FOMC_20230614,1,False,,0,False,True,False,True
next_observation,BOJ_20230616,BoJ,2023-06-16,2023-06-19,2023-05-26,7144,-16,0.0038837767725655157,10.755,-0.049999999999998934,True,False,,True,True,True,True,FOMC_20230614,1,False,,0,False,True,False,True
next_observation,BOJ_20230616,BoJ,2023-06-16,2023-06-19,2023-05-29,7144,-15,-0.001031826602371269,10.785,0.02999999999999936,True,False,,True,True,True,True,FOMC_20230614,1,False,,0,False,True,False,True
next_observation,BOJ_20230616,BoJ,2023-06-16,2023-06-19,2023-05-30,7144,-14,-0.004710088993192693,10.925,0.14000000000000057,True,False,,True,True,True,True,FOMC_20230614,1,False,,0,False,True,False,True
next_observation,BOJ_20230616,BoJ,2023-06-16,2023-06-19,2023-05-31,7144,-13,-0.0032241913722705477,10.82,-0.10500000000000043,True,False,,True,True,True,True,FOMC_20230614,1,False,,0,False,True,False,True
next_observation,BOJ_20230616,BoJ,2023-06-16,2023-06-19,2023-06-01,7144,-12,-0.003954848039626639,10.23,-0.5899999999999999,True,False,,True,True,True,True,FOMC_20230614,1,False,,0,False,True,False,True
next_observation,BOJ_20230616,BoJ,2023-06-16,2023-06-19,2023-06-02,7144,-11,0.008072806341243256,9.65,-0.5800000000000001,True,False,,True,True,True,True,FOMC_20230614,1,False,,0,False,True,False,True
next_observation,BOJ_20230616,BoJ,2023-06-16,2023-06-19,2023-06-05,7144,-10,-0.0023970960119577647,9.765,0.11500000000000021,True,False,,True,True,True,True,FOMC_20230614,1,False,,0,False,True,False,True
next_observation,BOJ_20230616,BoJ,2023-06-16,2023-06-19,2023-06-06,7144,-9,0.0003581405381738179,9.545,-0.22000000000000064,True,False,,True,True,True,True,FOMC_20230614,1,False,,0,False,True,False,True
next_observation,BOJ_20230616,BoJ,2023-06-16,2023-06-19,2023-06-07,7144,-8,0.0035386879455634583,9.37,-0.1750000000000007,True,False,,True,True,True,True,FOMC_20230614,1,False,,0,False,True,False,True
next_observation,BOJ_20230616,BoJ,2023-06-16,2023-06-19,2023-06-08,7144,-7,-0.008672335306252962,9.08,-0.28999999999999915,True,False,,True,True,True,True,FOMC_20230614,1,False,,0,False,True,False,True
next_observation,BOJ_20230616,BoJ,2023-06-16,2023-06-19,2023-06-09,7144,-6,0.0034492704505502472,8.68,-0.40000000000000036,True,False,,True,True,True,True,FOMC_20230614,1,False,,0,False,True,False,True
next_observation,BOJ_20230616,BoJ,2023-06-16,2023-06-19,2023-06-12,7144,-5,0.001469507979359978,8.775,0.09500000000000064,True,False,,True,True,True,True,FOMC_20230614,1,False,,0,False,True,False,True
next_observation,BOJ_20230616,BoJ,2023-06-16,2023-06-19,2023-06-13,7144,-4,0.004359952585947861,8.955,0.17999999999999972,True,False,,True,True,True,True,FOMC_20230614,1,False,,0,False,True,False,True
next_observation,BOJ_20230616,BoJ,2023-06-16,2023-06-19,2023-06-14,7144,-3,-0.000927577661940818,8.97,0.015000000000000568,True,False,,True,True,True,True,FOMC_20230614,1,False,,0,False,True,False,True
next_observation,BOJ_20230616,BoJ,2023-06-16,2023-06-19,2023-06-15,7144,-2,0.0014623275008903791,9.435,0.46499999999999986,True,True,FOMC_20230614,True,True,True,True,FOMC_20230614,1,False,,0,False,True,False,True
next_observation,BOJ_20230616,BoJ,2023-06-16,2023-06-19,2023-06-16,7144,-1,0.010846939145169586,8.67,-0.7650000000000006,True,False,,True,True,True,True,FOMC_20230614,1,False,,0,False,True,False,True
next_observation,BOJ_20230616,BoJ,2023-06-16,2023-06-19,2023-06-19,7144,0,0.001092337887645689,9.09,0.41999999999999993,True,False,,True,True,True,True,FOMC_20230614,1,False,,0,False,True,False,True
next_observation,BOJ_20230616,BoJ,2023-06-16,2023-06-19,2023-06-20,7144,1,-0.0035986490995383877,8.925,-0.16499999999999915,True,False,,True,True,True,True,FOMC_20230614,1,False,,0,False,True,False,True
next_observation,BOJ_20230616,BoJ,2023-06-16,2023-06-19,2023-06-21,7144,2,0.002929293241463164,8.695,-0.23000000000000043,True,False,,True,True,True,True,FOMC_20230614,1,False,,0,False,True,False,True
next_observation,BOJ_20230616,BoJ,2023-06-16,2023-06-19,2023-06-22,7144,3,0.008666872966497936,8.585,-0.10999999999999943,True,False,,True,True,True,True,FOMC_20230614,1,False,,0,False,True,False,True
next_observation,BOJ_20230616,BoJ,2023-06-16,2023-06-19,2023-06-23,7144,4,0.004114084318942265,9.005,0.41999999999999993,True,False,,True,True,True,True,FOMC_20230614,1,False,,0,False,True,False,True
next_observation,BOJ_20230616,BoJ,2023-06-16,2023-06-19,2023-06-26,7144,5,-0.0013578680080208385,9.205,0.1999999999999993,True,False,,True,True,True,True,FOMC_20230614,1,False,,0,False,True,False,True
next_observation,BOJ_20230616,BoJ,2023-06-16,2023-06-19,2023-06-27,7144,6,0.003929278139889557,9.52,0.3149999999999995,True,False,,True,True,True,True,FOMC_20230614,1,False,,0,False,True,False,True
next_observation,BOJ_20230616,BoJ,2023-06-16,2023-06-19,2023-06-28,7144,7,0.0028416986131438887,9.735,0.21499999999999986,True,False,,True,True,True,True,FOMC_20230614,1,False,,0,False,True,False,True
next_observation,BOJ_20230616,BoJ,2023-06-16,2023-06-19,2023-06-29,7144,8,0.001936042091335046,10.78,1.045,True,False,,True,True,True,True,FOMC_20230614,1,False,,0,False,True,False,True
next_observation,BOJ_20230616,BoJ,2023-06-16,2023-06-19,2023-06-30,7144,9,-0.0031826228130322747,10.695,-0.08499999999999908,True,False,,True,True,True,True,FOMC_20230614,1,False,,0,False,True,False,True
next_observation,BOJ_20230616,BoJ,2023-06-16,2023-06-19,2023-07-03,7144,10,0.0025952918697204957,10.535,-0.16000000000000014,True,False,,True,True,True,True,FOMC_20230614,1,False,,0,False,True,False,True
next_observation,BOJ_20230728,BoJ,2023-07-28,2023-07-31,2023-07-03,7174,-20,0.0025952918697204957,10.535,-0.16000000000000014,True,False,,True,True,True,True,FOMC_20230726,1,False,,0,False,True,False,True
next_observation,BOJ_20230728,BoJ,2023-07-28,2023-07-31,2023-07-04,7174,-19,-0.0014525335426073245,10.215,-0.3200000000000003,True,False,,True,True,True,True,FOMC_20230726,1,False,,0,False,True,False,True
next_observation,BOJ_20230728,BoJ,2023-07-28,2023-07-31,2023-07-05,7174,-18,0.0012797234777188506,10.155,-0.0600000000000005,True,False,,True,True,True,True,FOMC_20230726,1,False,,0,False,True,False,True
next_observation,BOJ_20230728,BoJ,2023-07-28,2023-07-31,2023-07-06,7174,-17,-0.0040523044456272205,10.125,-0.02999999999999936,True,False,,True,True,True,True,FOMC_20230726,1,False,,0,False,True,False,True
next_observation,BOJ_20230728,BoJ,2023-07-28,2023-07-31,2023-07-07,7174,-16,-0.013029614078378281,10.28,0.15499999999999936,True,False,,True,True,True,True,FOMC_20230726,1,False,,0,False,True,False,True
next_observation,BOJ_20230728,BoJ,2023-07-28,2023-07-31,2023-07-10,7174,-15,-0.006278237326262511,10.885,0.6050000000000004,True,False,,True,True,True,True,FOMC_20230726,1,False,,0,False,True,False,True
next_observation,BOJ_20230728,BoJ,2023-07-28,2023-07-31,2023-07-11,7174,-14,-0.0067452684036736,11.295,0.41000000000000014,True,False,,True,True,True,True,FOMC_20230726,1,False,,0,False,True,False,True
next_observation,BOJ_20230728,BoJ,2023-07-28,2023-07-31,2023-07-12,7174,-13,-0.013411948872366266,11.2,-0.09500000000000064,True,False,,True,True,True,True,FOMC_20230726,1,False,,0,False,True,False,True
next_observation,BOJ_20230728,BoJ,2023-07-28,2023-07-31,2023-07-13,7174,-12,-0.0032182855165374404,10.705,-0.4949999999999992,True,False,,True,True,True,True,FOMC_20230726,1,False,,0,False,True,False,True
next_observation,BOJ_20230728,BoJ,2023-07-28,2023-07-31,2023-07-14,7174,-11,0.005418109696540685,10.8725,0.16750000000000043,True,False,,True,True,True,True,FOMC_20230726,1,False,,0,False,True,False,True
next_observation,BOJ_20230728,BoJ,2023-07-28,2023-07-31,2023-07-17,7174,-10,-0.0006486252975055987,11.07,0.1974999999999998,True,False,,True,True,True,True,FOMC_20230726,1,False,,0,False,True,False,True
next_observation,BOJ_20230728,BoJ,2023-07-28,2023-07-31,2023-07-18,7174,-9,0.0009007548934526829,10.965,-0.10500000000000043,True,False,,True,True,True,True,FOMC_20230726,1,False,,0,False,True,False,True
next_observation,BOJ_20230728,BoJ,2023-07-28,2023-07-31,2023-07-19,7174,-8,0.00581731028636112,11.59,0.625,True,False,,True,True,True,True,FOMC_20230726,1,False,,0,False,True,False,True
next_observation,BOJ_20230728,BoJ,2023-07-28,2023-07-31,2023-07-20,7174,-7,0.0030745054963357923,11.325,-0.26500000000000057,True,False,,True,True,True,True,FOMC_20230726,1,False,,0,False,True,False,True
next_observation,BOJ_20230728,BoJ,2023-07-28,2023-07-31,2023-07-21,7174,-6,0.011781123451350937,10.945,-0.379999999999999,True,False,,True,True,True,True,FOMC_20230726,1,False,,0,False,True,False,True
next_observation,BOJ_20230728,BoJ,2023-07-28,2023-07-31,2023-07-24,7174,-5,-0.0018007525654189854,11.05,0.10500000000000043,True,False,,True,True,True,True,FOMC_20230726,1,False,,0,False,True,False,True
next_observation,BOJ_20230728,BoJ,2023-07-28,2023-07-31,2023-07-25,7174,-4,-0.004107945432645457,11.045,-0.005000000000000782,True,False,,True,True,True,True,FOMC_20230726,1,False,,0,False,True,False,True
next_observation,BOJ_20230728,BoJ,2023-07-28,2023-07-31,2023-07-26,7174,-3,-0.004695178291655459,11.515,0.47000000000000064,True,False,,True,True,True,True,FOMC_20230726,1,False,,0,False,True,False,True
next_observation,BOJ_20230728,BoJ,2023-07-28,2023-07-31,2023-07-27,7174,-2,-0.005434018805528623,12.175,0.6600000000000001,True,True,FOMC_20230726,True,True,True,True,FOMC_20230726,1,False,,0,False,True,False,True
next_observation,BOJ_20230728,BoJ,2023-07-28,2023-07-31,2023-07-28,7174,-1,0.011972776999618656,9.755,-2.42,True,False,,True,True,True,True,FOMC_20230726,1,False,,0,False,True,False,True
next_observation,BOJ_20230728,BoJ,2023-07-28,2023-07-31,2023-07-31,7174,0,0.007973229750530716,9.92,0.16499999999999915,True,False,,True,True,True,True,FOMC_20230726,1,False,,0,False,True,False,True
next_observation,BOJ_20230728,BoJ,2023-07-28,2023-07-31,2023-08-01,7174,1,0.007317319301271499,9.86,-0.0600000000000005,True,False,,True,True,True,True,FOMC_20230726,1,False,,0,False,True,False,True
next_observation,BOJ_20230728,BoJ,2023-07-28,2023-07-31,2023-08-02,7174,2,-6.976906442510052e-05,10.06,0.20000000000000107,True,False,,True,True,True,True,FOMC_20230726,1,False,,0,False,True,False,True
next_observation,BOJ_20230728,BoJ,2023-07-28,2023-07-31,2023-08-03,7174,3,-0.005211533104964051,10.08,0.019999999999999574,True,False,,True,True,True,True,FOMC_20230726,1,False,,0,False,True,False,True
next_observation,BOJ_20230728,BoJ,2023-07-28,2023-07-31,2023-08-04,7174,4,-0.005767758832711551,9.63,-0.4499999999999993,True,False,,True,True,True,True,FOMC_20230726,1,False,,0,False,True,False,True
next_observation,BOJ_20230728,BoJ,2023-07-28,2023-07-31,2023-08-07,7174,5,0.005206512851934502,9.585,-0.04499999999999993,True,False,,True,True,True,True,FOMC_20230726,1,False,,0,False,True,False,True
next_observation,BOJ_20230728,BoJ,2023-07-28,2023-07-31,2023-08-08,7174,6,0.006156448716020897,9.5125,-0.07250000000000156,True,False,,True,True,True,True,FOMC_20230726,1,False,,0,False,True,False,True
next_observation,BOJ_20230728,BoJ,2023-07-28,2023-07-31,2023-08-09,7174,7,0.002403303084628581,9.085,-0.42749999999999844,True,False,,True,True,True,True,FOMC_20230726,1,False,,0,False,True,False,True
next_observation,BOJ_20230728,BoJ,2023-07-28,2023-07-31,2023-08-10,7174,8,0.0071063649437497645,8.82,-0.26500000000000057,True,False,,True,True,True,True,FOMC_20230726,1,False,,0,False,True,False,True
next_observation,BOJ_20230728,BoJ,2023-07-28,2023-07-31,2023-08-11,7174,9,0.0014842175204503776,8.815,-0.005000000000000782,True,False,,True,True,True,True,FOMC_20230726,1,False,,0,False,True,False,True
next_observation,BOJ_20230728,BoJ,2023-07-28,2023-07-31,2023-08-14,7174,10,0.004061688084245951,9.24,0.4250000000000007,True,False,,True,True,True,True,FOMC_20230726,1,False,,0,False,True,False,True
next_observation,BOJ_20230922,BoJ,2023-09-22,2023-09-25,2023-08-28,7214,-20,0.0006826637804798919,9.1,-0.2350000000000012,True,False,,True,True,True,True,FOMC_20230920,1,False,,0,False,True,False,True
next_observation,BOJ_20230922,BoJ,2023-09-22,2023-09-25,2023-08-29,7214,-19,-0.00447994183253631,9.155,0.054999999999999716,True,False,,True,True,True,True,FOMC_20230920,1,False,,0,False,True,False,True
next_observation,BOJ_20230922,BoJ,2023-09-22,2023-09-25,2023-08-30,7214,-18,0.002464741765360599,9.15,-0.004999999999999005,True,False,,True,True,True,True,FOMC_20230920,1,False,,0,False,True,False,True
next_observation,BOJ_20230922,BoJ,2023-09-22,2023-09-25,2023-08-31,7214,-17,-0.004832500193584877,9.165,0.014999999999998792,True,False,,True,True,True,True,FOMC_20230920,1,False,,0,False,True,False,True
next_observation,BOJ_20230922,BoJ,2023-09-22,2023-09-25,2023-09-01,7214,-16,0.004695729352914809,9.05,-0.11499999999999844,True,False,,True,True,True,True,FOMC_20230920,1,False,,0,False,True,False,True
next_observation,BOJ_20230922,BoJ,2023-09-22,2023-09-25,2023-09-04,7214,-15,0.0017424285656824313,9.07,0.019999999999999574,True,False,,True,True,True,True,FOMC_20230920,1,False,,0,False,True,False,True
next_observation,BOJ_20230922,BoJ,2023-09-22,2023-09-25,2023-09-05,7214,-14,0.00846382455351015,9.135,0.0649999999999995,True,False,,True,True,True,True,FOMC_20230920,1,False,,0,False,True,False,True
next_observation,BOJ_20230922,BoJ,2023-09-22,2023-09-25,2023-09-06,7214,-13,-0.00040625635334300673,9.19,0.054999999999999716,True,False,,True,True,True,True,FOMC_20230920,1,False,,0,False,True,False,True
next_observation,BOJ_20230922,BoJ,2023-09-22,2023-09-25,2023-09-07,7214,-12,-0.0024749550698532747,9.27,0.08000000000000007,True,False,,True,True,True,True,FOMC_20230920,1,False,,0,False,True,False,True
next_observation,BOJ_20230922,BoJ,2023-09-22,2023-09-25,2023-09-08,7214,-11,0.003659408413966634,9.115,-0.15499999999999936,True,False,,True,True,True,True,FOMC_20230920,1,False,,0,False,True,False,True
next_observation,BOJ_20230922,BoJ,2023-09-22,2023-09-25,2023-09-11,7214,-10,-0.00845721267319299,9.67,0.5549999999999997,True,False,,True,True,True,True,FOMC_20230920,1,False,,0,False,True,False,True
next_observation,BOJ_20230922,BoJ,2023-09-22,2023-09-25,2023-09-12,7214,-9,0.003337082131131354,9.695,0.025000000000000355,True,False,,True,True,True,True,FOMC_20230920,1,False,,0,False,True,False,True
next_observation,BOJ_20230922,BoJ,2023-09-22,2023-09-25,2023-09-13,7214,-8,0.002614203053925985,9.475,-0.22000000000000064,True,False,,True,True,True,True,FOMC_20230920,1,False,,0,False,True,False,True
next_observation,BOJ_20230922,BoJ,2023-09-22,2023-09-25,2023-09-14,7214,-7,6.781040214188143e-05,9.05,-0.42499999999999893,True,False,,True,True,True,True,FOMC_20230920,1,False,,0,False,True,False,True
next_observation,BOJ_20230922,BoJ,2023-09-22,2023-09-25,2023-09-15,7214,-6,0.002505757778660314,9.085,0.03500000000000014,True,False,,True,True,True,True,FOMC_20230920,1,False,,0,False,True,False,True
next_observation,BOJ_20230922,BoJ,2023-09-22,2023-09-25,2023-09-18,7214,-5,-0.0016246407364300744,9.06,-0.025000000000000355,True,False,,True,True,True,True,FOMC_20230920,1,False,,0,False,True,False,True
next_observation,BOJ_20230922,BoJ,2023-09-22,2023-09-25,2023-09-19,7214,-4,0.001692276854142726,8.665,-0.39500000000000135,True,False,,True,True,True,True,FOMC_20230920,1,False,,0,False,True,False,True
next_observation,BOJ_20230922,BoJ,2023-09-22,2023-09-25,2023-09-20,7214,-3,0.0033085783051302817,8.71,0.045000000000001705,True,False,,True,True,True,True,FOMC_20230920,1,False,,0,False,True,False,True
next_observation,BOJ_20230922,BoJ,2023-09-22,2023-09-25,2023-09-21,7214,-2,-0.005136361104803803,9.065,0.35499999999999865,True,True,FOMC_20230920,True,True,True,True,FOMC_20230920,1,False,,0,False,True,False,True
next_observation,BOJ_20230922,BoJ,2023-09-22,2023-09-25,2023-09-22,7214,-1,0.005304872976863772,7.99,-1.0749999999999993,True,False,,True,True,True,True,FOMC_20230920,1,False,,0,False,True,False,True
next_observation,BOJ_20230922,BoJ,2023-09-22,2023-09-25,2023-09-25,7214,0,0.003465041901932714,7.91,-0.08000000000000007,True,False,,True,True,True,True,FOMC_20230920,1,False,,0,False,True,False,True
next_observation,BOJ_20230922,BoJ,2023-09-22,2023-09-25,2023-09-26,7214,1,0.0012082565658550605,8.395,0.48499999999999943,True,False,,True,True,True,True,FOMC_20230920,1,False,,0,False,True,False,True
next_observation,BOJ_20230922,BoJ,2023-09-22,2023-09-25,2023-09-27,7214,2,0.003816542965415653,8.86,0.46499999999999986,True,False,,True,True,True,True,FOMC_20230920,1,False,,0,False,True,False,True
next_observation,BOJ_20230922,BoJ,2023-09-22,2023-09-25,2023-09-28,7214,3,-0.00220780179330744,9.2,0.33999999999999986,True,False,,True,True,True,True,FOMC_20230920,1,False,,0,False,True,False,True
next_observation,BOJ_20230922,BoJ,2023-09-22,2023-09-25,2023-09-29,7214,4,0.00043525571960271564,8.71,-0.48999999999999844,True,False,,True,True,True,True,FOMC_20230920,1,False,,0,False,True,False,True
next_observation,BOJ_20230922,BoJ,2023-09-22,2023-09-25,2023-10-02,7214,5,0.0032750756139636123,9.02,0.3099999999999987,True,False,,True,True,True,True,FOMC_20230920,1,False,,0,False,True,False,True
next_observation,BOJ_20230922,BoJ,2023-09-22,2023-09-25,2023-10-03,7214,6,-0.005587447830174707,9.81,0.7900000000000009,True,False,,True,True,True,True,FOMC_20230920,1,False,,0,False,True,False,True
next_observation,BOJ_20230922,BoJ,2023-09-22,2023-09-25,2023-10-04,7214,7,0.0006372738312909299,9.405,-0.40500000000000114,True,False,,True,True,True,True,FOMC_20230920,1,False,,0,False,True,False,True
next_observation,BOJ_20230922,BoJ,2023-09-22,2023-09-25,2023-10-05,7214,8,-0.004099054894427343,9.215,-0.1899999999999995,True,False,,True,True,True,True,FOMC_20230920,1,False,,0,False,True,False,True
next_observation,BOJ_20230922,BoJ,2023-09-22,2023-09-25,2023-10-06,7214,9,0.005439358003529353,8.845,-0.3699999999999992,True,False,,True,True,True,True,FOMC_20230920,1,False,,0,False,True,False,True
next_observation,BOJ_20230922,BoJ,2023-09-22,2023-09-25,2023-10-09,7214,10,-0.005439358003529303,9.065,0.21999999999999886,True,False,,True,True,True,True,FOMC_20230920,1,False,,0,False,True,False,True
next_observation,BOJ_20231031,BoJ,2023-10-31,2023-11-01,2023-10-04,7241,-20,0.0006372738312909299,9.405,-0.40500000000000114,True,False,,True,True,True,True,FOMC_20231101,1,True,FOMC_20231101,1,False,True,False,False
next_observation,BOJ_20231031,BoJ,2023-10-31,2023-11-01,2023-10-05,7241,-19,-0.004099054894427343,9.215,-0.1899999999999995,True,False,,True,True,True,True,FOMC_20231101,1,True,FOMC_20231101,1,False,True,False,False
next_observation,BOJ_20231031,BoJ,2023-10-31,2023-11-01,2023-10-06,7241,-18,0.005439358003529353,8.845,-0.3699999999999992,True,False,,True,True,True,True,FOMC_20231101,1,True,FOMC_20231101,1,False,True,False,False
next_observation,BOJ_20231031,BoJ,2023-10-31,2023-11-01,2023-10-09,7241,-17,-0.005439358003529303,9.065,0.21999999999999886,True,False,,True,True,True,True,FOMC_20231101,1,True,FOMC_20231101,1,False,True,False,False
next_observation,BOJ_20231031,BoJ,2023-10-31,2023-11-01,2023-10-10,7241,-16,0.0013458046577383997,8.975,-0.08999999999999986,True,False,,True,True,True,True,FOMC_20231101,1,True,FOMC_20231101,1,False,True,False,False
next_observation,BOJ_20231031,BoJ,2023-10-31,2023-11-01,2023-10-11,7241,-15,0.0030549750994304744,8.705,-0.2699999999999996,True,False,,True,True,True,True,FOMC_20231101,1,True,FOMC_20231101,1,False,True,False,False
next_observation,BOJ_20231031,BoJ,2023-10-31,2023-11-01,2023-10-12,7241,-14,0.00431474872926801,8.54,-0.16500000000000092,True,False,,True,True,True,True,FOMC_20231101,1,True,FOMC_20231101,1,False,True,False,False
next_observation,BOJ_20231031,BoJ,2023-10-31,2023-11-01,2023-10-13,7241,-13,-0.001603313858055443,8.51,-0.02999999999999936,True,False,,True,True,True,True,FOMC_20231101,1,True,FOMC_20231101,1,False,True,False,False
next_observation,BOJ_20231031,BoJ,2023-10-31,2023-11-01,2023-10-16,7241,-12,-0.0003677884254976992,8.145,-0.3650000000000002,True,False,,True,True,True,True,FOMC_20231101,1,True,FOMC_20231101,1,False,True,False,False
next_observation,BOJ_20231031,BoJ,2023-10-31,2023-11-01,2023-10-17,7241,-11,0.0020044773357046253,7.775,-0.3699999999999992,True,False,,True,True,True,True,FOMC_20231101,1,True,FOMC_20231101,1,False,True,False,False
next_observation,BOJ_20231031,BoJ,2023-10-31,2023-11-01,2023-10-18,7241,-10,0.0007673189253696889,7.775,0.0,True,False,,True,True,True,True,FOMC_20231101,1,True,FOMC_20231101,1,False,True,False,False
next_observation,BOJ_20231031,BoJ,2023-10-31,2023-11-01,2023-10-19,7241,-9,-0.0009008258178612217,7.86,0.08499999999999996,True,False,,True,True,True,True,FOMC_20231101,1,True,FOMC_20231101,1,False,True,False,False
next_observation,BOJ_20231031,BoJ,2023-10-31,2023-11-01,2023-10-20,7241,-8,0.0004338322472141034,8.345,0.4850000000000003,True,False,,True,True,True,True,FOMC_20231101,1,True,FOMC_20231101,1,False,True,False,False
next_observation,BOJ_20231031,BoJ,2023-10-31,2023-11-01,2023-10-23,7241,-7,-0.0009680381295055406,8.315,-0.030000000000001137,True,False,,True,True,True,True,FOMC_20231101,1,True,FOMC_20231101,1,False,True,False,False
next_observation,BOJ_20231031,BoJ,2023-10-31,2023-11-01,2023-10-24,7241,-6,0.0013349800066943852,7.99,-0.3249999999999993,True,False,,True,True,True,True,FOMC_20231101,1,True,FOMC_20231101,1,False,True,False,False
next_observation,BOJ_20231031,BoJ,2023-10-31,2023-11-01,2023-10-25,7241,-5,0.002098986260978694,8.07,0.08000000000000007,True,False,,True,True,True,True,FOMC_20231101,1,True,FOMC_20231101,1,False,True,False,False
next_observation,BOJ_20231031,BoJ,2023-10-31,2023-11-01,2023-10-26,7241,-4,0.0011309584414071273,8.34,0.2699999999999996,True,False,,True,True,True,True,FOMC_20231101,1,True,FOMC_20231101,1,False,True,False,False
next_observation,BOJ_20231031,BoJ,2023-10-31,2023-11-01,2023-10-27,7241,-3,-0.0049323568635268634,8.065,-0.27500000000000036,True,False,,True,True,True,True,FOMC_20231101,1,True,FOMC_20231101,1,False,True,False,False
next_observation,BOJ_20231031,BoJ,2023-10-31,2023-11-01,2023-10-30,7241,-2,-0.0037152989032129624,8.045,-0.019999999999999574,True,False,,True,True,True,True,FOMC_20231101,1,True,FOMC_20231101,1,False,True,False,False
next_observation,BOJ_20231031,BoJ,2023-10-31,2023-11-01,2023-10-31,7241,-1,0.01715524634942804,8.915,0.8699999999999992,True,False,,True,True,True,True,FOMC_20231101,1,True,FOMC_20231101,1,False,True,False,False
next_observation,BOJ_20231031,BoJ,2023-10-31,2023-11-01,2023-11-01,7241,0,-0.004824222943307926,7.99,-0.9249999999999989,True,False,,True,True,True,True,FOMC_20231101,1,True,FOMC_20231101,1,False,True,False,False
next_observation,BOJ_20231031,BoJ,2023-10-31,2023-11-01,2023-11-02,7241,1,-0.0033842102637508635,7.555,-0.4350000000000005,True,True,FOMC_20231101,True,True,True,True,FOMC_20231101,1,True,FOMC_20231101,1,False,True,False,False
next_observation,BOJ_20231031,BoJ,2023-10-31,2023-11-01,2023-11-03,7241,2,-0.007070702839656298,7.21,-0.34499999999999975,True,False,,True,True,True,True,FOMC_20231101,1,True,FOMC_20231101,1,False,True,False,False
next_observation,BOJ_20231031,BoJ,2023-10-31,2023-11-01,2023-11-06,7241,3,0.004574985856185623,7.2,-0.009999999999999787,True,False,,True,True,True,True,FOMC_20231101,1,True,FOMC_20231101,1,False,True,False,False
next_observation,BOJ_20231031,BoJ,2023-10-31,2023-11-01,2023-11-07,7241,4,0.002030322386944729,7.24,0.040000000000000036,True,False,,True,True,True,True,FOMC_20231101,1,True,FOMC_20231101,1,False,True,False,False
next_observation,BOJ_20231031,BoJ,2023-10-31,2023-11-01,2023-11-08,7241,5,0.003982085899122163,7.24,0.0,True,False,,True,True,True,True,FOMC_20231101,1,True,FOMC_20231101,1,False,True,False,False
next_observation,BOJ_20231031,BoJ,2023-10-31,2023-11-01,2023-11-09,7241,6,0.002480775273762845,7.2,-0.040000000000000036,True,False,,True,True,True,True,FOMC_20231101,1,True,FOMC_20231101,1,False,True,False,False
next_observation,BOJ_20231031,BoJ,2023-10-31,2023-11-01,2023-11-10,7241,7,0.0011225939700401648,7.2,0.0,True,False,,True,True,True,True,FOMC_20231101,1,True,FOMC_20231101,1,False,True,False,False
next_observation,BOJ_20231031,BoJ,2023-10-31,2023-11-01,2023-11-13,7241,8,0.0013190873829302906,7.685,0.48499999999999943,True,False,,True,True,True,True,FOMC_20231101,1,True,FOMC_20231101,1,False,True,False,False
next_observation,BOJ_20231031,BoJ,2023-10-31,2023-11-01,2023-11-14,7241,9,-0.008937793286469362,7.55,-0.1349999999999998,True,False,,True,True,True,True,FOMC_20231101,1,True,FOMC_20231101,1,False,True,False,False
next_observation,BOJ_20231031,BoJ,2023-10-31,2023-11-01,2023-11-15,7241,10,0.006562181769339446,7.26,-0.29000000000000004,True,False,,True,True,True,True,FOMC_20231101,1,True,FOMC_20231101,1,False,True,False,False
next_observation,BOJ_20231219,BoJ,2023-12-19,2023-12-20,2023-11-22,7276,-20,0.00768627812847405,8.815,-0.15000000000000036,True,False,,True,True,True,True,FOMC_20231213,1,False,,0,False,True,False,True
next_observation,BOJ_20231219,BoJ,2023-12-19,2023-12-20,2023-11-23,7276,-19,0.0001671653770961954,8.76,-0.054999999999999716,True,False,,True,True,True,True,FOMC_20231213,1,False,,0,False,True,False,True
next_observation,BOJ_20231219,BoJ,2023-12-19,2023-12-20,2023-11-24,7276,-18,-0.0008026487839366867,8.1075,-0.6524999999999999,True,False,,True,True,True,True,FOMC_20231213,1,False,,0,False,True,False,True
next_observation,BOJ_20231219,BoJ,2023-12-19,2023-12-20,2023-11-27,7276,-17,-0.005064830455797305,8.3075,0.1999999999999993,True,False,,True,True,True,True,FOMC_20231213,1,False,,0,False,True,False,True
next_observation,BOJ_20231219,BoJ,2023-12-19,2023-12-20,2023-11-28,7276,-16,-0.008171028343187968,8.8,0.4925000000000015,True,False,,True,True,True,True,FOMC_20231213,1,False,,0,False,True,False,True
next_observation,BOJ_20231219,BoJ,2023-12-19,2023-12-20,2023-11-29,7276,-15,-0.001594707268146359,8.9,0.09999999999999964,True,False,,True,True,True,True,FOMC_20231213,1,False,,0,False,True,False,True
next_observation,BOJ_20231219,BoJ,2023-12-19,2023-12-20,2023-11-30,7276,-14,0.006498584386701721,9.105,0.20500000000000007,True,False,,True,True,True,True,FOMC_20231213,1,False,,0,False,True,False,True
next_observation,BOJ_20231219,BoJ,2023-12-19,2023-12-20,2023-12-01,7276,-13,-0.009423159687575788,8.75,-0.3550000000000004,True,False,,True,True,True,True,FOMC_20231213,1,False,,0,False,True,False,True
next_observation,BOJ_20231219,BoJ,2023-12-19,2023-12-20,2023-12-04,7276,-12,0.0026868479729980446,9.125,0.375,True,False,,True,True,True,True,FOMC_20231213,1,False,,0,False,True,False,True
next_observation,BOJ_20231219,BoJ,2023-12-19,2023-12-20,2023-12-05,7276,-11,-0.0003736857346493366,8.945,-0.17999999999999972,True,False,,True,True,True,True,FOMC_20231213,1,False,,0,False,True,False,True
next_observation,BOJ_20231219,BoJ,2023-12-19,2023-12-20,2023-12-06,7276,-10,0.001052756791574651,8.575,-0.370000000000001,True,False,,True,True,True,True,FOMC_20231213,1,False,,0,False,True,False,True
next_observation,BOJ_20231219,BoJ,2023-12-19,2023-12-20,2023-12-07,7276,-9,-0.021858231237623902,10.985,2.41,True,False,,True,True,True,True,FOMC_20231213,1,False,,0,False,True,False,True
next_observation,BOJ_20231219,BoJ,2023-12-19,2023-12-20,2023-12-08,7276,-8,0.005673381530158464,10.46,-0.5249999999999986,True,False,,True,True,True,True,FOMC_20231213,1,False,,0,False,True,False,True
next_observation,BOJ_20231219,BoJ,2023-12-19,2023-12-20,2023-12-11,7276,-7,0.008347551950369713,10.415,-0.045000000000001705,True,False,,True,True,True,True,FOMC_20231213,1,False,,0,False,True,False,True
next_observation,BOJ_20231219,BoJ,2023-12-19,2023-12-20,2023-12-12,7276,-6,-0.004869527128540654,10.56,0.14500000000000135,True,False,,True,True,True,True,FOMC_20231213,1,False,,0,False,True,False,True
next_observation,BOJ_20231219,BoJ,2023-12-19,2023-12-20,2023-12-13,7276,-5,-0.017792274024415623,10.795,0.23499999999999943,True,False,,True,True,True,True,FOMC_20231213,1,False,,0,False,True,False,True
next_observation,BOJ_20231219,BoJ,2023-12-19,2023-12-20,2023-12-14,7276,-4,-0.007023240583551481,11.58,0.7850000000000001,True,True,FOMC_20231213,True,True,True,True,FOMC_20231213,1,False,,0,False,True,False,True
next_observation,BOJ_20231219,BoJ,2023-12-19,2023-12-20,2023-12-15,7276,-3,0.0018659677637652106,11.495,-0.08500000000000085,True,False,,True,True,True,True,FOMC_20231213,1,False,,0,False,True,False,True
next_observation,BOJ_20231219,BoJ,2023-12-19,2023-12-20,2023-12-18,7276,-2,0.0044221459773059,11.305,-0.1899999999999995,True,False,,True,True,True,True,FOMC_20231213,1,False,,0,False,True,False,True
next_observation,BOJ_20231219,BoJ,2023-12-19,2023-12-20,2023-12-19,7276,-1,0.0073618251994395575,9.085,-2.219999999999999,True,False,,True,True,True,True,FOMC_20231213,1,False,,0,False,True,False,True
next_observation,BOJ_20231219,BoJ,2023-12-19,2023-12-20,2023-12-20,7276,0,-0.0018440881341515868,8.67,-0.4150000000000009,True,False,,True,True,True,True,FOMC_20231213,1,False,,0,False,True,False,True
next_observation,BOJ_20231219,BoJ,2023-12-19,2023-12-20,2023-12-21,7276,1,-0.010150949986776134,10.4,1.7300000000000004,True,False,,True,True,True,True,FOMC_20231213,1,False,,0,False,True,False,True
next_observation,BOJ_20231219,BoJ,2023-12-19,2023-12-20,2023-12-22,7276,2,0.0020384500785098885,10.49,0.08999999999999986,True,False,,True,True,True,True,FOMC_20231213,1,False,,0,False,True,False,True
next_observation,BOJ_20231219,BoJ,2023-12-19,2023-12-20,2023-12-25,7276,3,-0.00042140750728977,10.88,0.39000000000000057,True,False,,True,True,True,True,FOMC_20231213,1,False,,0,False,True,False,True
next_observation,BOJ_20231219,BoJ,2023-12-19,2023-12-20,2023-12-26,7276,4,0.0003511852538286026,10.88,0.0,True,False,,True,True,True,True,FOMC_20231213,1,False,,0,False,True,False,True
next_observation,BOJ_20231219,BoJ,2023-12-19,2023-12-20,2023-12-27,7276,5,-0.0040108416713592,10.29,-0.5900000000000016,True,False,,True,True,True,True,FOMC_20231213,1,False,,0,False,True,False,True
next_observation,BOJ_20231219,BoJ,2023-12-19,2023-12-20,2023-12-28,7276,6,-0.002930327433569804,10.97,0.6800000000000015,True,False,,True,True,True,True,FOMC_20231213,1,False,,0,False,True,False,True
next_observation,BOJ_20231219,BoJ,2023-12-19,2023-12-20,2023-12-29,7276,7,-0.002690743347635512,10.69,-0.28000000000000114,True,False,,True,True,True,True,FOMC_20231213,1,False,,0,False,True,False,True
next_observation,BOJ_20231219,BoJ,2023-12-19,2023-12-20,2024-01-01,7276,8,-0.0010641317689749853,11.06,0.370000000000001,True,False,,True,True,True,True,FOMC_20231213,1,False,,0,False,True,False,True
next_observation,BOJ_20231219,BoJ,2023-12-19,2023-12-20,2024-01-02,7276,9,0.007812677829930463,10.8175,-0.24249999999999972,True,False,,True,True,True,True,FOMC_20231213,1,False,,0,False,True,False,True
next_observation,BOJ_20231219,BoJ,2023-12-19,2023-12-20,2024-01-03,7276,10,0.009113916142245347,10.9075,0.08999999999999986,True,False,,True,True,True,True,FOMC_20231213,1,False,,0,False,True,False,True
next_observation,BOJ_20240123,BoJ,2024-01-23,2024-01-24,2023-12-27,7301,-20,-0.0040108416713592,10.29,-0.5900000000000016,True,False,,True,True,True,True,FOMC_20240131,1,True,FOMC_20240131,1,False,True,False,False
next_observation,BOJ_20240123,BoJ,2024-01-23,2024-01-24,2023-12-28,7301,-19,-0.002930327433569804,10.97,0.6800000000000015,True,False,,True,True,True,True,FOMC_20240131,1,True,FOMC_20240131,1,False,True,False,False
next_observation,BOJ_20240123,BoJ,2024-01-23,2024-01-24,2023-12-29,7301,-18,-0.002690743347635512,10.69,-0.28000000000000114,True,False,,True,True,True,True,FOMC_20240131,1,True,FOMC_20240131,1,False,True,False,False
next_observation,BOJ_20240123,BoJ,2024-01-23,2024-01-24,2024-01-01,7301,-17,-0.0010641317689749853,11.06,0.370000000000001,True,False,,True,True,True,True,FOMC_20240131,1,True,FOMC_20240131,1,False,True,False,False
next_observation,BOJ_20240123,BoJ,2024-01-23,2024-01-24,2024-01-02,7301,-16,0.007812677829930463,10.8175,-0.24249999999999972,True,False,,True,True,True,True,FOMC_20240131,1,True,FOMC_20240131,1,False,True,False,False
next_observation,BOJ_20240123,BoJ,2024-01-23,2024-01-24,2024-01-03,7301,-15,0.009113916142245347,10.9075,0.08999999999999986,True,False,,True,True,True,True,FOMC_20240131,1,True,FOMC_20240131,1,False,True,False,False
next_observation,BOJ_20240123,BoJ,2024-01-23,2024-01-24,2024-01-04,7301,-14,0.009308208357128922,10.815,-0.09250000000000114,True,False,,True,True,True,True,FOMC_20240131,1,True,FOMC_20240131,1,False,True,False,False
next_observation,BOJ_20240123,BoJ,2024-01-23,2024-01-24,2024-01-05,7301,-13,3.4570376647645245e-05,10.43,-0.3849999999999998,True,False,,True,True,True,True,FOMC_20240131,1,True,FOMC_20240131,1,False,True,False,False
next_observation,BOJ_20240123,BoJ,2024-01-23,2024-01-24,2024-01-08,7301,-12,-0.0027694136161941787,10.675,0.245000000000001,True,False,,True,True,True,True,FOMC_20240131,1,True,FOMC_20240131,1,False,True,False,False
next_observation,BOJ_20240123,BoJ,2024-01-23,2024-01-24,2024-01-09,7301,-11,0.001697175822581233,10.365,-0.3100000000000005,True,False,,True,True,True,True,FOMC_20240131,1,True,FOMC_20240131,1,False,True,False,False
next_observation,BOJ_20240123,BoJ,2024-01-23,2024-01-24,2024-01-10,7301,-10,0.008786040290836485,10.21,-0.15499999999999936,True,False,,True,True,True,True,FOMC_20240131,1,True,FOMC_20240131,1,False,True,False,False
next_observation,BOJ_20240123,BoJ,2024-01-23,2024-01-24,2024-01-11,7301,-9,-0.0032297993991965723,9.485,-0.7250000000000014,True,False,,True,True,True,True,FOMC_20240131,1,True,FOMC_20240131,1,False,True,False,False
next_observation,BOJ_20240123,BoJ,2024-01-23,2024-01-24,2024-01-12,7301,-8,-0.00279151698515741,9.375,-0.10999999999999943,True,False,,True,True,True,True,FOMC_20240131,1,True,FOMC_20240131,1,False,True,False,False
next_observation,BOJ_20240123,BoJ,2024-01-23,2024-01-24,2024-01-15,7301,-7,0.00588409040726142,9.41,0.03500000000000014,True,False,,True,True,True,True,FOMC_20240131,1,True,FOMC_20240131,1,False,True,False,False
next_observation,BOJ_20240123,BoJ,2024-01-23,2024-01-24,2024-01-16,7301,-6,0.009934365222075955,9.52,0.10999999999999943,True,False,,True,True,True,True,FOMC_20240131,1,True,FOMC_20240131,1,False,True,False,False
next_observation,BOJ_20240123,BoJ,2024-01-23,2024-01-24,2024-01-17,7301,-5,0.006568501693373926,9.735,0.21499999999999986,True,False,,True,True,True,True,FOMC_20240131,1,True,FOMC_20240131,1,False,True,False,False
next_observation,BOJ_20240123,BoJ,2024-01-23,2024-01-24,2024-01-18,7301,-4,0.0,9.235,-0.5,True,False,,True,True,True,True,FOMC_20240131,1,True,FOMC_20240131,1,False,True,False,False
next_observation,BOJ_20240123,BoJ,2024-01-23,2024-01-24,2024-01-19,7301,-3,-0.00027001485245727557,9.245,0.009999999999999787,True,False,,True,True,True,True,FOMC_20240131,1,True,FOMC_20240131,1,False,True,False,False
next_observation,BOJ_20240123,BoJ,2024-01-23,2024-01-24,2024-01-22,7301,-2,-0.00010127436923153739,9.23,-0.014999999999998792,True,False,,True,True,True,True,FOMC_20240131,1,True,FOMC_20240131,1,False,True,False,False
next_observation,BOJ_20240123,BoJ,2024-01-23,2024-01-24,2024-01-23,7301,-1,0.0016865685708743763,8.6075,-0.6225000000000005,True,False,,True,True,True,True,FOMC_20240131,1,True,FOMC_20240131,1,False,True,False,False
next_observation,BOJ_20240123,BoJ,2024-01-23,2024-01-24,2024-01-24,7301,0,-0.005745976736630041,8.875,0.26750000000000007,True,False,,True,True,True,True,FOMC_20240131,1,True,FOMC_20240131,1,False,True,False,False
next_observation,BOJ_20240123,BoJ,2024-01-23,2024-01-24,2024-01-25,7301,1,0.0010502601205947327,8.45,-0.4250000000000007,True,False,,True,True,True,True,FOMC_20240131,1,True,FOMC_20240131,1,False,True,False,False
next_observation,BOJ_20240123,BoJ,2024-01-23,2024-01-24,2024-01-26,7301,2,0.0033129403885549125,8.215,-0.23499999999999943,True,False,,True,True,True,True,FOMC_20240131,1,True,FOMC_20240131,1,False,True,False,False
next_observation,BOJ_20240123,BoJ,2024-01-23,2024-01-24,2024-01-29,7301,3,-0.0043970982396997595,8.425,0.21000000000000085,True,False,,True,True,True,True,FOMC_20240131,1,True,FOMC_20240131,1,False,True,False,False
next_observation,BOJ_20240123,BoJ,2024-01-23,2024-01-24,2024-01-30,7301,4,0.0007116111514948402,8.4125,-0.012500000000001066,True,False,,True,True,True,True,FOMC_20240131,1,True,FOMC_20240131,1,False,True,False,False
next_observation,BOJ_20240123,BoJ,2024-01-23,2024-01-24,2024-01-31,7301,5,-0.004651565979902678,8.915,0.5024999999999995,True,False,,True,True,True,True,FOMC_20240131,1,True,FOMC_20240131,1,False,True,False,False
next_observation,BOJ_20240123,BoJ,2024-01-23,2024-01-24,2024-02-01,7301,6,-0.0033407223843008355,9.0175,0.10250000000000092,True,True,FOMC_20240131,True,True,True,True,FOMC_20240131,1,True,FOMC_20240131,1,False,True,False,False
next_observation,BOJ_20240123,BoJ,2024-01-23,2024-01-24,2024-02-02,7301,7,0.013195354362666332,8.4075,-0.6099999999999994,True,False,,True,True,True,True,FOMC_20240131,1,True,FOMC_20240131,1,False,True,False,False
next_observation,BOJ_20240123,BoJ,2024-01-23,2024-01-24,2024-02-05,7301,8,0.002053492499219348,8.44,0.03249999999999886,True,False,,True,True,True,True,FOMC_20240131,1,True,FOMC_20240131,1,False,True,False,False
next_observation,BOJ_20240123,BoJ,2024-01-23,2024-01-24,2024-02-06,7301,9,-0.004955762354984989,8.31,-0.129999999999999,True,False,,True,True,True,True,FOMC_20240131,1,True,FOMC_20240131,1,False,True,False,False
next_observation,BOJ_20240123,BoJ,2024-01-23,2024-01-24,2024-02-07,7301,10,0.001620910090480587,8.3875,0.07749999999999879,True,False,,True,True,True,True,FOMC_20240131,1,True,FOMC_20240131,1,False,True,False,False
next_observation,BOJ_20240319,BoJ,2024-03-19,2024-03-20,2024-02-21,7341,-20,0.0019314025317970233,7.945,0.21499999999999986,True,False,,True,True,True,True,FOMC_20240320,1,True,FOMC_20240320,1,False,True,False,False
next_observation,BOJ_20240319,BoJ,2024-03-19,2024-03-20,2024-02-22,7341,-19,0.001562370466569682,7.64,-0.3050000000000006,True,False,,True,True,True,True,FOMC_20240320,1,True,FOMC_20240320,1,False,True,False,False
next_observation,BOJ_20240319,BoJ,2024-03-19,2024-03-20,2024-02-23,7341,-18,-0.0001660936439781896,7.425,-0.21499999999999986,True,False,,True,True,True,True,FOMC_20240320,1,True,FOMC_20240320,1,False,True,False,False
next_observation,BOJ_20240319,BoJ,2024-03-19,2024-03-20,2024-02-26,7341,-17,0.0013279773539526696,7.335,-0.08999999999999986,True,False,,True,True,True,True,FOMC_20240320,1,True,FOMC_20240320,1,False,True,False,False
next_observation,BOJ_20240319,BoJ,2024-03-19,2024-03-20,2024-02-27,7341,-16,-0.0012615365858730644,7.55,0.21499999999999986,True,False,,True,True,True,True,FOMC_20240320,1,True,FOMC_20240320,1,False,True,False,False
next_observation,BOJ_20240319,BoJ,2024-03-19,2024-03-20,2024-02-28,7341,-15,0.001195179585185194,7.67,0.1200000000000001,True,False,,True,True,True,True,FOMC_20240320,1,True,FOMC_20240320,1,False,True,False,False
next_observation,BOJ_20240319,BoJ,2024-03-19,2024-03-20,2024-02-29,7341,-14,-0.004789313042542391,8.04,0.3699999999999992,True,False,,True,True,True,True,FOMC_20240320,1,True,FOMC_20240320,1,False,True,False,False
next_observation,BOJ_20240319,BoJ,2024-03-19,2024-03-20,2024-03-01,7341,-13,0.000999666860990769,7.6675,-0.3724999999999987,True,False,,True,True,True,True,FOMC_20240320,1,True,FOMC_20240320,1,False,True,False,False
next_observation,BOJ_20240319,BoJ,2024-03-19,2024-03-20,2024-03-04,7341,-12,0.002694119472264954,7.605,-0.0625,True,False,,True,True,True,True,FOMC_20240320,1,True,FOMC_20240320,1,False,True,False,False
next_observation,BOJ_20240319,BoJ,2024-03-19,2024-03-20,2024-03-05,7341,-11,-0.003193827986036379,7.8,0.1949999999999994,True,False,,True,True,True,True,FOMC_20240320,1,True,FOMC_20240320,1,False,True,False,False
next_observation,BOJ_20240319,BoJ,2024-03-19,2024-03-20,2024-03-06,7341,-10,-0.004441705834663694,8.385,0.585,True,False,,True,True,True,True,FOMC_20240320,1,True,FOMC_20240320,1,False,True,False,False
next_observation,BOJ_20240319,BoJ,2024-03-19,2024-03-20,2024-03-07,7341,-9,-0.00897681150411211,8.865,0.4800000000000004,True,False,,True,True,True,True,FOMC_20240320,1,True,FOMC_20240320,1,False,True,False,False
next_observation,BOJ_20240319,BoJ,2024-03-19,2024-03-20,2024-03-08,7341,-8,-0.006709387779524147,8.925,0.0600000000000005,True,False,,True,True,True,True,FOMC_20240320,1,True,FOMC_20240320,1,False,True,False,False
next_observation,BOJ_20240319,BoJ,2024-03-19,2024-03-20,2024-03-11,7341,-7,-0.0007822996606515898,9.2,0.2749999999999986,True,False,,True,True,True,True,FOMC_20240320,1,True,FOMC_20240320,1,False,True,False,False
next_observation,BOJ_20240319,BoJ,2024-03-19,2024-03-20,2024-03-12,7341,-6,0.004989403647117408,8.7475,-0.4524999999999988,True,False,,True,True,True,True,FOMC_20240320,1,True,FOMC_20240320,1,False,True,False,False
next_observation,BOJ_20240319,BoJ,2024-03-19,2024-03-20,2024-03-13,7341,-5,0.0005415651364424427,8.4775,-0.27000000000000135,True,False,,True,True,True,True,FOMC_20240320,1,True,FOMC_20240320,1,False,True,False,False
next_observation,BOJ_20240319,BoJ,2024-03-19,2024-03-20,2024-03-14,7341,-4,0.003850185444536716,8.2575,-0.21999999999999886,True,False,,True,True,True,True,FOMC_20240320,1,True,FOMC_20240320,1,False,True,False,False
next_observation,BOJ_20240319,BoJ,2024-03-19,2024-03-20,2024-03-15,7341,-3,0.004808752435883338,7.81,-0.4475000000000007,True,False,,True,True,True,True,FOMC_20240320,1,True,FOMC_20240320,1,False,True,False,False
next_observation,BOJ_20240319,BoJ,2024-03-19,2024-03-20,2024-03-18,7341,-2,0.0007377599261523577,7.555,-0.2549999999999999,True,False,,True,True,True,True,FOMC_20240320,1,True,FOMC_20240320,1,False,True,False,False
next_observation,BOJ_20240319,BoJ,2024-03-19,2024-03-20,2024-03-19,7341,-1,0.011333076866996883,7.1225,-0.4325000000000001,True,False,,True,True,True,True,FOMC_20240320,1,True,FOMC_20240320,1,False,True,False,False
next_observation,BOJ_20240319,BoJ,2024-03-19,2024-03-20,2024-03-20,7341,0,0.0026810998633299415,7.3675,0.2450000000000001,True,False,,True,True,True,True,FOMC_20240320,1,True,FOMC_20240320,1,False,True,False,False
next_observation,BOJ_20240319,BoJ,2024-03-19,2024-03-20,2024-03-21,7341,1,0.002344202476723716,7.41,0.042500000000000426,True,True,FOMC_20240320,True,True,True,True,FOMC_20240320,1,True,FOMC_20240320,1,False,True,False,False
next_observation,BOJ_20240319,BoJ,2024-03-19,2024-03-20,2024-03-22,7341,2,-0.0013530238843262985,7.8775,0.46750000000000025,True,False,,True,True,True,True,FOMC_20240320,1,True,FOMC_20240320,1,False,True,False,False
next_observation,BOJ_20240319,BoJ,2024-03-19,2024-03-20,2024-03-25,7341,3,3.3022372660529134e-05,7.315,-0.5625,True,False,,True,True,True,True,FOMC_20240320,1,True,FOMC_20240320,1,False,True,False,False
next_observation,BOJ_20240319,BoJ,2024-03-19,2024-03-20,2024-03-26,7341,4,0.0009571747574586455,6.905,-0.41000000000000014,True,False,,True,True,True,True,FOMC_20240320,1,True,FOMC_20240320,1,False,True,False,False
next_observation,BOJ_20240319,BoJ,2024-03-19,2024-03-20,2024-03-27,7341,5,-0.0015187034514653516,7.3675,0.46249999999999947,True,False,,True,True,True,True,FOMC_20240320,1,True,FOMC_20240320,1,False,True,False,False
next_observation,BOJ_20240319,BoJ,2024-03-19,2024-03-20,2024-03-28,7341,6,0.00029731917432161486,7.635,0.26750000000000007,True,False,,True,True,True,True,FOMC_20240320,1,True,FOMC_20240320,1,False,True,False,False
next_observation,BOJ_20240319,BoJ,2024-03-19,2024-03-20,2024-03-29,7341,7,-0.00019820296047967637,7.685,0.04999999999999982,True,False,,True,True,True,True,FOMC_20240320,1,True,FOMC_20240320,1,False,True,False,False
next_observation,BOJ_20240319,BoJ,2024-03-19,2024-03-20,2024-04-01,7341,8,0.0019802640221532344,7.95,0.26500000000000057,True,False,,True,True,True,True,FOMC_20240320,1,True,FOMC_20240320,1,False,True,False,False
next_observation,BOJ_20240319,BoJ,2024-03-19,2024-03-20,2024-04-02,7341,9,-0.0005936675636100667,7.795,-0.15500000000000025,True,False,,True,True,True,True,FOMC_20240320,1,True,FOMC_20240320,1,False,True,False,False
next_observation,BOJ_20240319,BoJ,2024-03-19,2024-03-20,2024-04-03,7341,10,0.0009233306509234487,7.5425,-0.2524999999999995,True,False,,True,True,True,True,FOMC_20240320,1,True,FOMC_20240320,1,False,True,False,False
next_observation,BOJ_20240426,BoJ,2024-04-26,2024-04-29,2024-04-01,7369,-20,0.0019802640221532344,7.95,0.26500000000000057,True,False,,True,True,True,True,FOMC_20240501,1,True,FOMC_20240501,1,False,True,False,False
next_observation,BOJ_20240426,BoJ,2024-04-26,2024-04-29,2024-04-02,7369,-19,-0.0005936675636100667,7.795,-0.15500000000000025,True,False,,True,True,True,True,FOMC_20240501,1,True,FOMC_20240501,1,False,True,False,False
next_observation,BOJ_20240426,BoJ,2024-04-26,2024-04-29,2024-04-03,7369,-18,0.0009233306509234487,7.5425,-0.2524999999999995,True,False,,True,True,True,True,FOMC_20240501,1,True,FOMC_20240501,1,False,True,False,False
next_observation,BOJ_20240426,BoJ,2024-04-26,2024-04-29,2024-04-04,7369,-17,-0.002309927109466552,7.69,0.14749999999999996,True,False,,True,True,True,True,FOMC_20240501,1,True,FOMC_20240501,1,False,True,False,False
next_observation,BOJ_20240426,BoJ,2024-04-26,2024-04-29,2024-04-05,7369,-16,0.0018483683514374074,7.525,-0.16500000000000004,True,False,,True,True,True,True,FOMC_20240501,1,True,FOMC_20240501,1,False,True,False,False
next_observation,BOJ_20240426,BoJ,2024-04-26,2024-04-29,2024-04-08,7369,-15,0.0012523070447599343,7.8075,0.28249999999999975,True,False,,True,True,True,True,FOMC_20240501,1,True,FOMC_20240501,1,False,True,False,False
next_observation,BOJ_20240426,BoJ,2024-04-26,2024-04-29,2024-04-09,7369,-14,-0.00032940246690903044,7.8,-0.007500000000000284,True,False,,True,True,True,True,FOMC_20240501,1,True,FOMC_20240501,1,False,True,False,False
next_observation,BOJ_20240426,BoJ,2024-04-26,2024-04-29,2024-04-10,7369,-13,0.009149854767028653,8.955,1.1550000000000002,True,False,,True,True,True,True,FOMC_20240501,1,True,FOMC_20240501,1,False,True,False,False
next_observation,BOJ_20240426,BoJ,2024-04-26,2024-04-29,2024-04-11,7369,-12,0.0007179454017223325,8.5975,-0.35749999999999993,True,False,,True,True,True,True,FOMC_20240501,1,True,FOMC_20240501,1,False,True,False,False
next_observation,BOJ_20240426,BoJ,2024-04-26,2024-04-29,2024-04-12,7369,-11,-0.0002936426390207594,8.7525,0.15499999999999936,True,False,,True,True,True,True,FOMC_20240501,1,True,FOMC_20240501,1,False,True,False,False
next_observation,BOJ_20240426,BoJ,2024-04-26,2024-04-29,2024-04-15,7369,-10,0.006829294835335016,9.35,0.5975000000000001,True,False,,True,True,True,True,FOMC_20240501,1,True,FOMC_20240501,1,False,True,False,False
next_observation,BOJ_20240426,BoJ,2024-04-26,2024-04-29,2024-04-16,7369,-9,0.00288030749785376,10.01,0.6600000000000001,True,False,,True,True,True,True,FOMC_20240501,1,True,FOMC_20240501,1,False,True,False,False
next_observation,BOJ_20240426,BoJ,2024-04-26,2024-04-29,2024-04-17,7369,-8,-0.0021675490927678545,9.4375,-0.5724999999999998,True,False,,True,True,True,True,FOMC_20240501,1,True,FOMC_20240501,1,False,True,False,False
next_observation,BOJ_20240426,BoJ,2024-04-26,2024-04-29,2024-04-18,7369,-7,0.0016503522878591743,8.5475,-0.8900000000000006,True,False,,True,True,True,True,FOMC_20240501,1,True,FOMC_20240501,1,False,True,False,False
next_observation,BOJ_20240426,BoJ,2024-04-26,2024-04-29,2024-04-19,7369,-6,-3.233368361771121e-05,8.65,0.10250000000000092,True,False,,True,True,True,True,FOMC_20240501,1,True,FOMC_20240501,1,False,True,False,False
next_observation,BOJ_20240426,BoJ,2024-04-26,2024-04-29,2024-04-22,7369,-5,0.0013571153692056464,8.4775,-0.1725000000000012,True,False,,True,True,True,True,FOMC_20240501,1,True,FOMC_20240501,1,False,True,False,False
next_observation,BOJ_20240426,BoJ,2024-04-26,2024-04-29,2024-04-23,7369,-4,-9.687575691792754e-05,8.6425,0.16500000000000092,True,False,,True,True,True,True,FOMC_20240501,1,True,FOMC_20240501,1,False,True,False,False
next_observation,BOJ_20240426,BoJ,2024-04-26,2024-04-29,2024-04-24,7369,-3,0.003320709104516525,9.49,0.8475000000000001,True,False,,True,True,True,True,FOMC_20240501,1,True,FOMC_20240501,1,False,True,False,False
next_observation,BOJ_20240426,BoJ,2024-04-26,2024-04-29,2024-04-25,7369,-2,0.001961446954354995,9.73,0.2400000000000002,True,False,,True,True,True,True,FOMC_20240501,1,True,FOMC_20240501,1,False,True,False,False
next_observation,BOJ_20240426,BoJ,2024-04-26,2024-04-29,2024-04-26,7369,-1,0.017071565625725687,10.97,1.2400000000000002,True,False,,True,True,True,True,FOMC_20240501,1,True,FOMC_20240501,1,False,True,False,False
next_observation,BOJ_20240426,BoJ,2024-04-26,2024-04-29,2024-04-29,7369,0,-0.012616358653947396,10.475,-0.495000000000001,True,False,,True,True,True,True,FOMC_20240501,1,True,FOMC_20240501,1,False,True,False,False
next_observation,BOJ_20240426,BoJ,2024-04-26,2024-04-29,2024-04-30,7369,1,0.009294989728471618,10.2875,-0.1875,True,False,,True,True,True,True,FOMC_20240501,1,True,FOMC_20240501,1,False,True,False,False
next_observation,BOJ_20240426,BoJ,2024-04-26,2024-04-29,2024-05-01,7369,2,-0.020680678143234554,10.4375,0.15000000000000036,True,False,,True,True,True,True,FOMC_20240501,1,True,FOMC_20240501,1,False,True,False,False
next_observation,BOJ_20240426,BoJ,2024-04-26,2024-04-29,2024-05-02,7369,3,-0.006034668888024622,10.55,0.11250000000000071,True,True,FOMC_20240501,True,True,True,True,FOMC_20240501,1,True,FOMC_20240501,1,False,True,False,False
next_observation,BOJ_20240426,BoJ,2024-04-26,2024-04-29,2024-05-03,7369,4,-0.003880081165186081,9.545,-1.0050000000000008,True,False,,True,True,True,True,FOMC_20240501,1,True,FOMC_20240501,1,False,True,False,False
next_observation,BOJ_20240426,BoJ,2024-04-26,2024-04-29,2024-05-06,7369,5,0.005635836590860707,9.035,-0.5099999999999998,True,False,,True,True,True,True,FOMC_20240501,1,True,FOMC_20240501,1,False,True,False,False
next_observation,BOJ_20240426,BoJ,2024-04-26,2024-04-29,2024-05-07,7369,6,0.005054934453859716,8.79,-0.245000000000001,True,False,,True,True,True,True,FOMC_20240501,1,True,FOMC_20240501,1,False,True,False,False
next_observation,BOJ_20240426,BoJ,2024-04-26,2024-04-29,2024-05-08,7369,7,0.005351053964941458,9.0575,0.26750000000000007,True,False,,True,True,True,True,FOMC_20240501,1,True,FOMC_20240501,1,False,True,False,False
next_observation,BOJ_20240426,BoJ,2024-04-26,2024-04-29,2024-05-09,7369,8,-0.0003215434111305691,8.82,-0.23749999999999893,True,False,,True,True,True,True,FOMC_20240501,1,True,FOMC_20240501,1,False,True,False,False
next_observation,BOJ_20240426,BoJ,2024-04-26,2024-04-29,2024-05-10,7369,9,0.0019277114403327027,8.59,-0.23000000000000043,True,False,,True,True,True,True,FOMC_20240501,1,True,FOMC_20240501,1,False,True,False,False
next_observation,BOJ_20240426,BoJ,2024-04-26,2024-04-29,2024-05-13,7369,10,0.002852611751865659,8.825,0.23499999999999943,True,False,,True,True,True,True,FOMC_20240501,1,True,FOMC_20240501,1,False,True,False,False
next_observation,BOJ_20240614,BoJ,2024-06-14,2024-06-17,2024-05-20,7404,-20,0.003911389680981266,8.745,0.1899999999999995,True,False,,True,True,True,True,FOMC_20240612,1,False,,0,False,True,False,True
next_observation,BOJ_20240614,BoJ,2024-06-14,2024-06-17,2024-05-21,7404,-19,-0.0006081459737723506,8.615,-0.129999999999999,True,False,,True,True,True,True,FOMC_20240612,1,False,,0,False,True,False,True
next_observation,BOJ_20240614,BoJ,2024-06-14,2024-06-17,2024-05-22,7404,-18,0.004026079057954438,8.545,-0.07000000000000028,True,False,,True,True,True,True,FOMC_20240612,1,False,,0,False,True,False,True
next_observation,BOJ_20240614,BoJ,2024-06-14,2024-06-17,2024-05-23,7404,-17,0.0008287645508151592,8.4425,-0.10249999999999915,True,False,,True,True,True,True,FOMC_20240612,1,False,,0,False,True,False,True
next_observation,BOJ_20240614,BoJ,2024-06-14,2024-06-17,2024-05-24,7404,-16,0.00038227517906832664,8.38,-0.0625,True,False,,True,True,True,True,FOMC_20240612,1,False,,0,False,True,False,True
next_observation,BOJ_20240614,BoJ,2024-06-14,2024-06-17,2024-05-27,7404,-15,-0.0006690774945730324,8.44,0.05999999999999872,True,False,,True,True,True,True,FOMC_20240612,1,False,,0,False,True,False,True
next_observation,BOJ_20240614,BoJ,2024-06-14,2024-06-17,2024-05-28,7404,-14,0.0018150270072134485,8.32,-0.11999999999999922,True,False,,True,True,True,True,FOMC_20240612,1,False,,0,False,True,False,True
next_observation,BOJ_20240614,BoJ,2024-06-14,2024-06-17,2024-05-29,7404,-13,0.003049460766610908,8.6025,0.28249999999999886,True,False,,True,True,True,True,FOMC_20240612,1,False,,0,False,True,False,True
next_observation,BOJ_20240614,BoJ,2024-06-14,2024-06-17,2024-05-30,7404,-12,-0.005278903055739939,8.515,-0.08749999999999858,True,False,,True,True,True,True,FOMC_20240612,1,False,,0,False,True,False,True
next_observation,BOJ_20240614,BoJ,2024-06-14,2024-06-17,2024-05-31,7404,-11,0.0031516142282381186,8.3275,-0.1875,True,False,,True,True,True,True,FOMC_20240612,1,False,,0,False,True,False,True
next_observation,BOJ_20240614,BoJ,2024-06-14,2024-06-17,2024-06-03,7404,-10,-0.007849684519557735,8.515,0.1875,True,False,,True,True,True,True,FOMC_20240612,1,False,,0,False,True,False,True
next_observation,BOJ_20240614,BoJ,2024-06-14,2024-06-17,2024-06-04,7404,-9,-0.007685790249824273,9.2475,0.7324999999999999,True,False,,True,True,True,True,FOMC_20240612,1,False,,0,False,True,False,True
next_observation,BOJ_20240614,BoJ,2024-06-14,2024-06-17,2024-06-05,7404,-8,0.00787798090354399,8.86,-0.38750000000000107,True,False,,True,True,True,True,FOMC_20240612,1,False,,0,False,True,False,True
next_observation,BOJ_20240614,BoJ,2024-06-14,2024-06-17,2024-06-06,7404,-7,-0.003175878842286965,8.705,-0.15499999999999936,True,False,,True,True,True,True,FOMC_20240612,1,False,,0,False,True,False,True
next_observation,BOJ_20240614,BoJ,2024-06-14,2024-06-17,2024-06-07,7404,-6,0.0072671713867416355,8.695,-0.009999999999999787,True,False,,True,True,True,True,FOMC_20240612,1,False,,0,False,True,False,True
next_observation,BOJ_20240614,BoJ,2024-06-14,2024-06-17,2024-06-10,7404,-5,0.001848370455175397,8.8325,0.1374999999999993,True,False,,True,True,True,True,FOMC_20240612,1,False,,0,False,True,False,True
next_observation,BOJ_20240614,BoJ,2024-06-14,2024-06-17,2024-06-11,7404,-4,0.0005411169422060245,8.97,0.13750000000000107,True,False,,True,True,True,True,FOMC_20240612,1,False,,0,False,True,False,True
next_observation,BOJ_20240614,BoJ,2024-06-14,2024-06-17,2024-06-12,7404,-3,-0.002580893274126204,8.615,-0.3550000000000004,True,False,,True,True,True,True,FOMC_20240612,1,False,,0,False,True,False,True
next_observation,BOJ_20240614,BoJ,2024-06-14,2024-06-17,2024-06-13,7404,-2,0.001976096260577201,8.225,-0.39000000000000057,True,True,FOMC_20240612,True,True,True,True,FOMC_20240612,1,False,,0,False,True,False,True
next_observation,BOJ_20240614,BoJ,2024-06-14,2024-06-17,2024-06-14,7404,-1,0.0023216993811217396,8.25,0.025000000000000355,True,False,,True,True,True,True,FOMC_20240612,1,False,,0,False,True,False,True
next_observation,BOJ_20240614,BoJ,2024-06-14,2024-06-17,2024-06-17,7404,0,0.0021895386918607445,8.0,-0.25,True,False,,True,True,True,True,FOMC_20240612,1,False,,0,False,True,False,True
next_observation,BOJ_20240614,BoJ,2024-06-14,2024-06-17,2024-06-18,7404,1,0.0007921294436787943,7.875,-0.125,True,False,,True,True,True,True,FOMC_20240612,1,False,,0,False,True,False,True
next_observation,BOJ_20240614,BoJ,2024-06-14,2024-06-17,2024-06-19,7404,2,0.0014558807483571088,7.54,-0.33499999999999996,True,False,,True,True,True,True,FOMC_20240612,1,False,,0,False,True,False,True
next_observation,BOJ_20240614,BoJ,2024-06-14,2024-06-17,2024-06-20,7404,3,0.005267735546847408,7.8425,0.3025000000000002,True,False,,True,True,True,True,FOMC_20240612,1,False,,0,False,True,False,True
next_observation,BOJ_20240614,BoJ,2024-06-14,2024-06-17,2024-06-21,7404,4,0.005459179623446163,8.33,0.4874999999999998,True,False,,True,True,True,True,FOMC_20240612,1,False,,0,False,True,False,True
next_observation,BOJ_20240614,BoJ,2024-06-14,2024-06-17,2024-06-24,7404,5,-0.0011270428843114663,8.77,0.4399999999999995,True,False,,True,True,True,True,FOMC_20240612,1,False,,0,False,True,False,True
next_observation,BOJ_20240614,BoJ,2024-06-14,2024-06-17,2024-06-25,7404,6,0.0005010647731039051,8.355,-0.41499999999999915,True,False,,True,True,True,True,FOMC_20240612,1,False,,0,False,True,False,True
next_observation,BOJ_20240614,BoJ,2024-06-14,2024-06-17,2024-06-26,7404,7,0.006926488644966629,8.9475,0.5924999999999994,True,False,,True,True,True,True,FOMC_20240612,1,False,,0,False,True,False,True
next_observation,BOJ_20240614,BoJ,2024-06-14,2024-06-17,2024-06-27,7404,8,-0.00031097428493295884,8.8975,-0.049999999999998934,True,False,,True,True,True,True,FOMC_20240612,1,False,,0,False,True,False,True
next_observation,BOJ_20240614,BoJ,2024-06-14,2024-06-17,2024-06-28,7404,9,0.0007772544655939024,9.5025,0.6049999999999986,True,False,,True,True,True,True,FOMC_20240612,1,False,,0,False,True,False,True
next_observation,BOJ_20240614,BoJ,2024-06-14,2024-06-17,2024-07-01,7404,10,0.003567609920275469,10.1725,0.6699999999999999,True,False,,True,True,True,True,FOMC_20240612,1,False,,0,False,True,False,True
next_observation,BOJ_20240731,BoJ,2024-07-31,2024-08-01,2024-07-04,7437,-20,-0.002538936868719421,9.26,-0.27999999999999936,True,False,,True,True,True,True,FOMC_20240731,1,True,FOMC_20240731,1,False,True,False,False
next_observation,BOJ_20240731,BoJ,2024-07-31,2024-08-01,2024-07-05,7437,-19,-0.0032916217652750566,8.925,-0.3349999999999991,True,False,,True,True,True,True,FOMC_20240731,1,True,FOMC_20240731,1,False,True,False,False
next_observation,BOJ_20240731,BoJ,2024-07-31,2024-08-01,2024-07-08,7437,-18,0.0004975433898273524,8.95,0.02499999999999858,True,False,,True,True,True,True,FOMC_20240731,1,True,FOMC_20240731,1,False,True,False,False
next_observation,BOJ_20240731,BoJ,2024-07-31,2024-08-01,2024-07-09,7437,-17,0.0031040501704964136,8.645,-0.3049999999999997,True,False,,True,True,True,True,FOMC_20240731,1,True,FOMC_20240731,1,False,True,False,False
next_observation,BOJ_20240731,BoJ,2024-07-31,2024-08-01,2024-07-10,7437,-16,0.002228965073670727,8.525,-0.11999999999999922,True,False,,True,True,True,True,FOMC_20240731,1,True,FOMC_20240731,1,False,True,False,False
next_observation,BOJ_20240731,BoJ,2024-07-31,2024-08-01,2024-07-11,7437,-15,-0.017783515488672606,9.055,0.5299999999999994,True,False,,True,True,True,True,FOMC_20240731,1,True,FOMC_20240731,1,False,True,False,False
next_observation,BOJ_20240731,BoJ,2024-07-31,2024-08-01,2024-07-12,7437,-14,-0.0064105820093612945,9.185,0.13000000000000078,True,False,,True,True,True,True,FOMC_20240731,1,True,FOMC_20240731,1,False,True,False,False
next_observation,BOJ_20240731,BoJ,2024-07-31,2024-08-01,2024-07-15,7437,-13,0.0014878835231400395,9.47,0.28500000000000014,True,False,,True,True,True,True,FOMC_20240731,1,True,FOMC_20240731,1,False,True,False,False
next_observation,BOJ_20240731,BoJ,2024-07-31,2024-08-01,2024-07-16,7437,-12,0.0018014890856803913,9.02,-0.45000000000000107,True,False,,True,True,True,True,FOMC_20240731,1,True,FOMC_20240731,1,False,True,False,False
next_observation,BOJ_20240731,BoJ,2024-07-31,2024-08-01,2024-07-17,7437,-11,-0.013638959456924261,9.91,0.8900000000000006,True,False,,True,True,True,True,FOMC_20240731,1,True,FOMC_20240731,1,False,True,False,False
next_observation,BOJ_20240731,BoJ,2024-07-31,2024-08-01,2024-07-18,7437,-10,0.007462483207187604,9.585,-0.3249999999999993,True,False,,True,True,True,True,FOMC_20240731,1,True,FOMC_20240731,1,False,True,False,False
next_observation,BOJ_20240731,BoJ,2024-07-31,2024-08-01,2024-07-19,7437,-9,0.000698745462763807,9.35,-0.2350000000000012,True,False,,True,True,True,True,FOMC_20240731,1,True,FOMC_20240731,1,False,True,False,False
next_observation,BOJ_20240731,BoJ,2024-07-31,2024-08-01,2024-07-22,7437,-8,-0.0028297556361089474,9.44,0.08999999999999986,True,False,,True,True,True,True,FOMC_20240731,1,True,FOMC_20240731,1,False,True,False,False
next_observation,BOJ_20240731,BoJ,2024-07-31,2024-08-01,2024-07-23,7437,-7,-0.009244368112556526,9.95,0.5099999999999998,True,False,,True,True,True,True,FOMC_20240731,1,True,FOMC_20240731,1,False,True,False,False
next_observation,BOJ_20240731,BoJ,2024-07-31,2024-08-01,2024-07-24,7437,-6,-0.010986280851111153,10.3425,0.39250000000000007,True,False,,True,True,True,True,FOMC_20240731,1,True,FOMC_20240731,1,False,True,False,False
next_observation,BOJ_20240731,BoJ,2024-07-31,2024-08-01,2024-07-25,7437,-5,0.0002923739158325721,10.55,0.20750000000000135,True,False,,True,True,True,True,FOMC_20240731,1,True,FOMC_20240731,1,False,True,False,False
next_observation,BOJ_20240731,BoJ,2024-07-31,2024-08-01,2024-07-26,7437,-4,-0.0011700089085365975,10.32,-0.23000000000000043,True,False,,True,True,True,True,FOMC_20240731,1,True,FOMC_20240731,1,False,True,False,False
next_observation,BOJ_20240731,BoJ,2024-07-31,2024-08-01,2024-07-29,7437,-3,0.0017545004175781613,10.73,0.41000000000000014,True,False,,True,True,True,True,FOMC_20240731,1,True,FOMC_20240731,1,False,True,False,False
next_observation,BOJ_20240731,BoJ,2024-07-31,2024-08-01,2024-07-30,7437,-2,-0.008181404523002976,11.075,0.34499999999999886,True,False,,True,True,True,True,FOMC_20240731,1,True,FOMC_20240731,1,False,True,False,False
next_observation,BOJ_20240731,BoJ,2024-07-31,2024-08-01,2024-07-31,7437,-1,-0.018398233281708896,11.52,0.4450000000000003,True,False,,True,True,True,True,FOMC_20240731,1,True,FOMC_20240731,1,False,True,False,False
next_observation,BOJ_20240731,BoJ,2024-07-31,2024-08-01,2024-08-01,7437,0,-0.004142314257798998,11.18,-0.33999999999999986,True,True,FOMC_20240731,True,True,True,True,FOMC_20240731,1,True,FOMC_20240731,1,False,True,False,False
next_observation,BOJ_20240731,BoJ,2024-07-31,2024-08-01,2024-08-02,7437,1,-0.01916278918818976,11.8625,0.682500000000001,True,False,,True,True,True,True,FOMC_20240731,1,True,FOMC_20240731,1,False,True,False,False
next_observation,BOJ_20240731,BoJ,2024-07-31,2024-08-01,2024-08-05,7437,2,-0.016202346148457385,15.61,3.7474999999999987,True,False,,True,True,True,True,FOMC_20240731,1,True,FOMC_20240731,1,False,True,False,False
next_observation,BOJ_20240731,BoJ,2024-07-31,2024-08-01,2024-08-06,7437,3,0.0011784279749974234,14.5375,-1.0724999999999998,True,False,,True,True,True,True,FOMC_20240731,1,True,FOMC_20240731,1,False,True,False,False
next_observation,BOJ_20240731,BoJ,2024-07-31,2024-08-01,2024-08-07,7437,4,0.016047075726651455,14.695,0.15750000000000064,True,False,,True,True,True,True,FOMC_20240731,1,True,FOMC_20240731,1,False,True,False,False
next_observation,BOJ_20240731,BoJ,2024-07-31,2024-08-01,2024-08-08,7437,5,0.003708685627509227,13.745,-0.9500000000000011,True,False,,True,True,True,True,FOMC_20240731,1,True,FOMC_20240731,1,False,True,False,False
next_observation,BOJ_20240731,BoJ,2024-07-31,2024-08-01,2024-08-09,7437,6,-0.0041860288804614195,13.535,-0.20999999999999908,True,False,,True,True,True,True,FOMC_20240731,1,True,FOMC_20240731,1,False,True,False,False
next_observation,BOJ_20240731,BoJ,2024-07-31,2024-08-01,2024-08-12,7437,7,0.0040501731590280934,13.18,-0.3550000000000004,True,False,,True,True,True,True,FOMC_20240731,1,True,FOMC_20240731,1,False,True,False,False
next_observation,BOJ_20240731,BoJ,2024-07-31,2024-08-01,2024-08-13,7437,8,-0.002516665727698153,13.215,0.03500000000000014,True,False,,True,True,True,True,FOMC_20240731,1,True,FOMC_20240731,1,False,True,False,False
next_observation,BOJ_20240731,BoJ,2024-07-31,2024-08-01,2024-08-14,7437,9,0.0033993981812972716,12.19,-1.0250000000000004,True,False,,True,True,True,True,FOMC_20240731,1,True,FOMC_20240731,1,False,True,False,False
next_observation,BOJ_20240731,BoJ,2024-07-31,2024-08-01,2024-08-15,7437,10,0.013148325080355832,10.515,-1.674999999999999,True,False,,True,True,True,True,FOMC_20240731,1,True,FOMC_20240731,1,False,True,False,False
next_observation,BOJ_20240920,BoJ,2024-09-20,2024-09-23,2024-08-26,7474,-20,0.001073054326816467,12.6525,0.35999999999999943,True,False,,True,True,True,True,FOMC_20240918,1,False,,0,False,True,False,True
next_observation,BOJ_20240920,BoJ,2024-09-20,2024-09-23,2024-08-27,7474,-19,-0.003917019757709601,12.545,-0.10749999999999993,True,False,,True,True,True,True,FOMC_20240918,1,False,,0,False,True,False,True
next_observation,BOJ_20240920,BoJ,2024-09-20,2024-09-23,2024-08-28,7474,-18,0.004366667829205006,12.575,0.02999999999999936,True,False,,True,True,True,True,FOMC_20240918,1,False,,0,False,True,False,True
next_observation,BOJ_20240920,BoJ,2024-09-20,2024-09-23,2024-08-29,7474,-17,0.0027281377535356374,12.195,-0.379999999999999,True,False,,True,True,True,True,FOMC_20240918,1,False,,0,False,True,False,True
next_observation,BOJ_20240920,BoJ,2024-09-20,2024-09-23,2024-08-30,7474,-16,0.008174245268163712,11.63,-0.5649999999999995,True,False,,True,True,True,True,FOMC_20240918,1,False,,0,False,True,False,True
next_observation,BOJ_20240920,BoJ,2024-09-20,2024-09-23,2024-09-02,7474,-15,0.005049654184299116,11.93,0.29999999999999893,True,False,,True,True,True,True,FOMC_20240918,1,False,,0,False,True,False,True
next_observation,BOJ_20240920,BoJ,2024-09-20,2024-09-23,2024-09-03,7474,-14,-0.009815568127244866,12.555,0.625,True,False,,True,True,True,True,FOMC_20240918,1,False,,0,False,True,False,True
next_observation,BOJ_20240920,BoJ,2024-09-20,2024-09-23,2024-09-04,7474,-13,-0.01203250807849179,12.99,0.4350000000000005,True,False,,True,True,True,True,FOMC_20240918,1,False,,0,False,True,False,True
next_observation,BOJ_20240920,BoJ,2024-09-20,2024-09-23,2024-09-05,7474,-12,-0.0020195696129229335,13.2175,0.22749999999999915,True,False,,True,True,True,True,FOMC_20240918,1,False,,0,False,True,False,True
next_observation,BOJ_20240920,BoJ,2024-09-20,2024-09-23,2024-09-06,7474,-11,-0.008049037331566904,12.8475,-0.3699999999999992,True,False,,True,True,True,True,FOMC_20240918,1,False,,0,False,True,False,True
next_observation,BOJ_20240920,BoJ,2024-09-20,2024-09-23,2024-09-09,7474,-10,0.006165074872232189,12.36,-0.4875000000000007,True,False,,True,True,True,True,FOMC_20240918,1,False,,0,False,True,False,True
next_observation,BOJ_20240920,BoJ,2024-09-20,2024-09-23,2024-09-10,7474,-9,-0.005181721558462047,12.4625,0.10250000000000092,True,False,,True,True,True,True,FOMC_20240918,1,False,,0,False,True,False,True
next_observation,BOJ_20240920,BoJ,2024-09-20,2024-09-23,2024-09-11,7474,-8,-0.000561797767584979,12.4075,-0.054999999999999716,True,False,,True,True,True,True,FOMC_20240918,1,False,,0,False,True,False,True
next_observation,BOJ_20240920,BoJ,2024-09-20,2024-09-23,2024-09-12,7474,-7,-0.003800412766141389,11.9525,-0.45500000000000007,True,False,,True,True,True,True,FOMC_20240918,1,False,,0,False,True,False,True
next_observation,BOJ_20240920,BoJ,2024-09-20,2024-09-23,2024-09-13,7474,-6,-0.006827655425991551,12.51,0.5574999999999992,True,False,,True,True,True,True,FOMC_20240918,1,False,,0,False,True,False,True
next_observation,BOJ_20240920,BoJ,2024-09-20,2024-09-23,2024-09-16,7474,-5,-0.0017053331308004495,13.02,0.5099999999999998,True,False,,True,True,True,True,FOMC_20240918,1,False,,0,False,True,False,True
next_observation,BOJ_20240920,BoJ,2024-09-20,2024-09-23,2024-09-17,7474,-4,0.012684561912277782,12.6125,-0.40749999999999886,True,False,,True,True,True,True,FOMC_20240918,1,False,,0,False,True,False,True
next_observation,BOJ_20240920,BoJ,2024-09-20,2024-09-23,2024-09-18,7474,-3,-0.0008781327949733417,12.2525,-0.3600000000000012,True,False,,True,True,True,True,FOMC_20240918,1,False,,0,False,True,False,True
next_observation,BOJ_20240920,BoJ,2024-09-20,2024-09-23,2024-09-19,7474,-2,0.0024217760989678266,11.7975,-0.45500000000000007,True,True,FOMC_20240918,True,True,True,True,FOMC_20240918,1,False,,0,False,True,False,True
next_observation,BOJ_20240920,BoJ,2024-09-20,2024-09-23,2024-09-20,7474,-1,0.008551983287084794,11.4475,-0.34999999999999964,True,False,,True,True,True,True,FOMC_20240918,1,False,,0,False,True,False,True
next_observation,BOJ_20240920,BoJ,2024-09-20,2024-09-23,2024-09-23,7474,0,-0.0017045557498882378,11.5825,0.1349999999999998,True,False,,True,True,True,True,FOMC_20240918,1,False,,0,False,True,False,True
next_observation,BOJ_20240920,BoJ,2024-09-20,2024-09-23,2024-09-24,7474,1,-0.00264956228075362,11.6225,0.040000000000000924,True,False,,True,True,True,True,FOMC_20240918,1,False,,0,False,True,False,True
next_observation,BOJ_20240920,BoJ,2024-09-20,2024-09-23,2024-09-25,7474,2,0.010590928379093693,12.215,0.5924999999999994,True,False,,True,True,True,True,FOMC_20240918,1,False,,0,False,True,False,True
next_observation,BOJ_20240920,BoJ,2024-09-20,2024-09-23,2024-09-26,7474,3,0.00041440757577570803,11.97,-0.24499999999999922,True,False,,True,True,True,True,FOMC_20240918,1,False,,0,False,True,False,True
next_observation,BOJ_20240920,BoJ,2024-09-20,2024-09-23,2024-09-27,7474,4,-0.01815222736203823,11.51,-0.46000000000000085,True,False,,True,True,True,True,FOMC_20240918,1,False,,0,False,True,False,True
next_observation,BOJ_20240920,BoJ,2024-09-20,2024-09-23,2024-09-30,7474,5,0.009970521122085576,12.26,0.75,True,False,,True,True,True,True,FOMC_20240918,1,False,,0,False,True,False,True
next_observation,BOJ_20240920,BoJ,2024-09-20,2024-09-23,2024-10-01,7474,6,-0.000487465190711164,12.645,0.3849999999999998,True,False,,True,True,True,True,FOMC_20240918,1,False,,0,False,True,False,True
next_observation,BOJ_20240920,BoJ,2024-09-20,2024-09-23,2024-10-02,7474,7,0.019998597748286395,12.66,0.015000000000000568,True,False,,True,True,True,True,FOMC_20240918,1,False,,0,False,True,False,True
next_observation,BOJ_20240920,BoJ,2024-09-20,2024-09-23,2024-10-03,7474,8,0.0031697908235891023,12.4375,-0.22250000000000014,True,False,,True,True,True,True,FOMC_20240918,1,False,,0,False,True,False,True
next_observation,BOJ_20240920,BoJ,2024-09-20,2024-09-23,2024-10-04,7474,9,0.011974570578254344,13.015,0.5775000000000006,True,False,,True,True,True,True,FOMC_20240918,1,False,,0,False,True,False,True
next_observation,BOJ_20240920,BoJ,2024-09-20,2024-09-23,2024-10-07,7474,10,-0.0034693603015622993,13.48,0.46499999999999986,True,False,,True,True,True,True,FOMC_20240918,1,False,,0,False,True,False,True
next_observation,BOJ_20241031,BoJ,2024-10-31,2024-11-01,2024-10-04,7503,-20,0.011974570578254344,13.015,0.5775000000000006,True,False,,True,True,True,True,FOMC_20241107,1,True,FOMC_20241107,1,False,True,False,False
next_observation,BOJ_20241031,BoJ,2024-10-31,2024-11-01,2024-10-07,7503,-19,-0.0034693603015622993,13.48,0.46499999999999986,True,False,,True,True,True,True,FOMC_20241107,1,True,FOMC_20241107,1,False,True,False,False
next_observation,BOJ_20241031,BoJ,2024-10-31,2024-11-01,2024-10-08,7503,-18,6.748093666092386e-05,12.94,-0.5400000000000009,True,False,,True,True,True,True,FOMC_20241107,1,True,FOMC_20241107,1,False,True,False,False
next_observation,BOJ_20241031,BoJ,2024-10-31,2024-11-01,2024-10-09,7503,-17,0.007462219501390483,12.785,-0.15499999999999936,True,False,,True,True,True,True,FOMC_20241107,1,True,FOMC_20241107,1,False,True,False,False
next_observation,BOJ_20241031,BoJ,2024-10-31,2024-11-01,2024-10-10,7503,-16,-0.004934965953336893,12.28,-0.5050000000000008,True,False,,True,True,True,True,FOMC_20241107,1,True,FOMC_20241107,1,False,True,False,False
next_observation,BOJ_20241031,BoJ,2024-10-31,2024-11-01,2024-10-11,7503,-15,0.0037286527688187463,11.83,-0.4499999999999993,True,False,,True,True,True,True,FOMC_20241107,1,True,FOMC_20241107,1,False,True,False,False
next_observation,BOJ_20241031,BoJ,2024-10-31,2024-11-01,2024-10-14,7503,-14,0.004249132311201715,11.8,-0.02999999999999936,True,False,,True,True,True,True,FOMC_20241107,1,True,FOMC_20241107,1,False,True,False,False
next_observation,BOJ_20241031,BoJ,2024-10-31,2024-11-01,2024-10-15,7503,-13,-0.0037128134567949887,11.855,0.054999999999999716,True,False,,True,True,True,True,FOMC_20241107,1,True,FOMC_20241107,1,False,True,False,False
next_observation,BOJ_20241031,BoJ,2024-10-31,2024-11-01,2024-10-16,7503,-12,0.002877796123419034,11.7925,-0.0625,True,False,,True,True,True,True,FOMC_20241107,1,True,FOMC_20241107,1,False,True,False,False
next_observation,BOJ_20241031,BoJ,2024-10-31,2024-11-01,2024-10-17,7503,-11,0.003835319614057046,11.53,-0.26250000000000107,True,False,,True,True,True,True,FOMC_20241107,1,True,FOMC_20241107,1,False,True,False,False
next_observation,BOJ_20241031,BoJ,2024-10-31,2024-11-01,2024-10-18,7503,-10,-0.004537273414210652,11.525,-0.004999999999999005,True,False,,True,True,True,True,FOMC_20241107,1,True,FOMC_20241107,1,False,True,False,False
next_observation,BOJ_20241031,BoJ,2024-10-31,2024-11-01,2024-10-21,7503,-9,0.008722630794403951,11.8675,0.34249999999999936,True,False,,True,True,True,True,FOMC_20241107,1,True,FOMC_20241107,1,False,True,False,False
next_observation,BOJ_20241031,BoJ,2024-10-31,2024-11-01,2024-10-22,7503,-8,0.0015567298574658273,11.9925,0.125,True,False,,True,True,True,True,FOMC_20241107,1,True,FOMC_20241107,1,False,True,False,False
next_observation,BOJ_20241031,BoJ,2024-10-31,2024-11-01,2024-10-23,7503,-7,0.011091660109693249,13.3,1.307500000000001,True,False,,True,True,True,True,FOMC_20241107,1,True,FOMC_20241107,1,False,True,False,False
next_observation,BOJ_20241031,BoJ,2024-10-31,2024-11-01,2024-10-24,7503,-6,-0.006106588463219179,12.705,-0.5950000000000006,True,False,,True,True,True,True,FOMC_20241107,1,True,FOMC_20241107,1,False,True,False,False
next_observation,BOJ_20241031,BoJ,2024-10-31,2024-11-01,2024-10-25,7503,-5,0.0031564437333165478,12.955,0.25,True,False,,True,True,True,True,FOMC_20241107,1,True,FOMC_20241107,1,False,True,False,False
next_observation,BOJ_20241031,BoJ,2024-10-31,2024-11-01,2024-10-28,7503,-4,0.006381016104869646,13.3875,0.4324999999999992,True,False,,True,True,True,True,FOMC_20241107,1,True,FOMC_20241107,1,False,True,False,False
next_observation,BOJ_20241031,BoJ,2024-10-31,2024-11-01,2024-10-29,7503,-3,0.0004891650051068419,13.7275,0.33999999999999986,True,False,,True,True,True,True,FOMC_20241107,1,True,FOMC_20241107,1,False,True,False,False
next_observation,BOJ_20241031,BoJ,2024-10-31,2024-11-01,2024-10-30,7503,-2,0.00035856898762470405,13.3,-0.42749999999999844,True,False,,True,True,True,True,FOMC_20241107,1,True,FOMC_20241107,1,False,True,False,False
next_observation,BOJ_20241031,BoJ,2024-10-31,2024-11-01,2024-10-31,7503,-1,-0.009035910227334623,12.865,-0.4350000000000005,True,False,,True,True,True,True,FOMC_20241107,1,True,FOMC_20241107,1,False,True,False,False
next_observation,BOJ_20241031,BoJ,2024-10-31,2024-11-01,2024-11-01,7503,0,0.006359843099347201,12.6925,-0.17249999999999943,True,False,,True,True,True,True,FOMC_20241107,1,True,FOMC_20241107,1,False,True,False,False
next_observation,BOJ_20241031,BoJ,2024-10-31,2024-11-01,2024-11-04,7503,1,-0.005702316034858258,13.175,0.48249999999999993,True,False,,True,True,True,True,FOMC_20241107,1,True,FOMC_20241107,1,False,True,False,False
next_observation,BOJ_20241031,BoJ,2024-10-31,2024-11-01,2024-11-05,7503,2,-0.0033908939340103823,12.935,-0.2400000000000002,True,False,,True,True,True,True,FOMC_20241107,1,True,FOMC_20241107,1,False,True,False,False
next_observation,BOJ_20241031,BoJ,2024-10-31,2024-11-01,2024-11-06,7503,3,0.019690110588299777,10.89,-2.045,True,False,,True,True,True,True,FOMC_20241107,1,True,FOMC_20241107,1,False,True,False,False
next_observation,BOJ_20241031,BoJ,2024-10-31,2024-11-01,2024-11-07,7503,4,-0.01102181360037861,10.3,-0.5899999999999999,True,False,,True,True,True,True,FOMC_20241107,1,True,FOMC_20241107,1,False,True,False,False
next_observation,BOJ_20241031,BoJ,2024-10-31,2024-11-01,2024-11-08,7503,5,-0.001996237266036081,9.8975,-0.40249999999999986,True,True,FOMC_20241107,True,True,True,True,FOMC_20241107,1,True,FOMC_20241107,1,False,True,False,False
next_observation,BOJ_20241031,BoJ,2024-10-31,2024-11-01,2024-11-11,7503,6,0.007083315346600075,10.1425,0.24499999999999922,True,False,,True,True,True,True,FOMC_20241107,1,True,FOMC_20241107,1,False,True,False,False
next_observation,BOJ_20241031,BoJ,2024-10-31,2024-11-01,2024-11-12,7503,7,0.005805390329658484,10.3275,0.1850000000000005,True,False,,True,True,True,True,FOMC_20241107,1,True,FOMC_20241107,1,False,True,False,False
next_observation,BOJ_20241031,BoJ,2024-10-31,2024-11-01,2024-11-13,7503,8,0.005450307775771829,9.9775,-0.3500000000000014,True,False,,True,True,True,True,FOMC_20241107,1,True,FOMC_20241107,1,False,True,False,False
next_observation,BOJ_20241031,BoJ,2024-10-31,2024-11-01,2024-11-14,7503,9,0.005164820206732215,9.9375,-0.03999999999999915,True,False,,True,True,True,True,FOMC_20241107,1,True,FOMC_20241107,1,False,True,False,False
next_observation,BOJ_20241031,BoJ,2024-10-31,2024-11-01,2024-11-15,7503,10,-0.01265452463969048,10.6225,0.6850000000000005,True,False,,True,True,True,True,FOMC_20241107,1,True,FOMC_20241107,1,False,True,False,False
next_observation,BOJ_20241219,BoJ,2024-12-19,2024-12-20,2024-11-22,7538,-20,0.0015517913368748772,11.4825,-0.1875,True,False,,True,True,True,True,FOMC_20241218,1,False,,0,False,True,False,True
next_observation,BOJ_20241219,BoJ,2024-12-19,2024-12-20,2024-11-25,7538,-19,-0.003592178746610354,11.455,-0.027499999999999858,True,False,,True,True,True,True,FOMC_20241218,1,False,,0,False,True,False,True
next_observation,BOJ_20241219,BoJ,2024-12-19,2024-12-20,2024-11-26,7538,-18,-0.007419252411566931,11.49,0.03500000000000014,True,False,,True,True,True,True,FOMC_20241218,1,False,,0,False,True,False,True
next_observation,BOJ_20241219,BoJ,2024-12-19,2024-12-20,2024-11-27,7538,-17,-0.013084544621381432,11.9975,0.5075000000000003,True,False,,True,True,True,True,FOMC_20241218,1,False,,0,False,True,False,True
next_observation,BOJ_20241219,BoJ,2024-12-19,2024-12-20,2024-11-28,7538,-16,0.0029738324850512943,11.685,-0.3125,True,False,,True,True,True,True,FOMC_20241218,1,False,,0,False,True,False,True
next_observation,BOJ_20241219,BoJ,2024-12-19,2024-12-20,2024-11-29,7538,-15,-0.011748442577816688,12.2525,0.567499999999999,True,False,,True,True,True,True,FOMC_20241218,1,False,,0,False,True,False,True
next_observation,BOJ_20241219,BoJ,2024-12-19,2024-12-20,2024-12-02,7538,-14,-0.0011691024296118333,12.905,0.6524999999999999,True,False,,True,True,True,True,FOMC_20241218,1,False,,0,False,True,False,True
next_observation,BOJ_20241219,BoJ,2024-12-19,2024-12-20,2024-12-03,7538,-13,0.0,13.115,0.21000000000000085,True,False,,True,True,True,True,FOMC_20241218,1,False,,0,False,True,False,True
next_observation,BOJ_20241219,BoJ,2024-12-19,2024-12-20,2024-12-04,7538,-12,0.006629048743057946,12.9475,-0.16750000000000043,True,False,,True,True,True,True,FOMC_20241218,1,False,,0,False,True,False,True
next_observation,BOJ_20241219,BoJ,2024-12-19,2024-12-20,2024-12-05,7538,-11,-0.0033256873247624968,11.3475,-1.5999999999999996,True,False,,True,True,True,True,FOMC_20241218,1,False,,0,False,True,False,True
next_observation,BOJ_20241219,BoJ,2024-12-19,2024-12-20,2024-12-06,7538,-10,-0.0006331328624165303,10.92,-0.4275000000000002,True,False,,True,True,True,True,FOMC_20241218,1,False,,0,False,True,False,True
next_observation,BOJ_20241219,BoJ,2024-12-19,2024-12-20,2024-12-09,7538,-9,0.008034305028321819,10.86,-0.0600000000000005,True,False,,True,True,True,True,FOMC_20241218,1,False,,0,False,True,False,True
next_observation,BOJ_20241219,BoJ,2024-12-19,2024-12-20,2024-12-10,7538,-8,0.004914825257887934,10.6975,-0.16249999999999964,True,False,,True,True,True,True,FOMC_20241218,1,False,,0,False,True,False,True
next_observation,BOJ_20241219,BoJ,2024-12-19,2024-12-20,2024-12-11,7538,-7,0.003219450875373779,10.2175,-0.4800000000000004,True,False,,True,True,True,True,FOMC_20241218,1,False,,0,False,True,False,True
next_observation,BOJ_20241219,BoJ,2024-12-19,2024-12-20,2024-12-12,7538,-6,0.00121281666919126,9.8575,-0.35999999999999943,True,False,,True,True,True,True,FOMC_20241218,1,False,,0,False,True,False,True
next_observation,BOJ_20241219,BoJ,2024-12-19,2024-12-20,2024-12-13,7538,-5,0.006660596649463053,9.815,-0.042500000000000426,True,False,,True,True,True,True,FOMC_20241218,1,False,,0,False,True,False,True
next_observation,BOJ_20241219,BoJ,2024-12-19,2024-12-20,2024-12-16,7538,-4,0.003248865755665637,9.97,0.15500000000000114,True,False,,True,True,True,True,FOMC_20241218,1,False,,0,False,True,False,True
next_observation,BOJ_20241219,BoJ,2024-12-19,2024-12-20,2024-12-17,7538,-3,-0.004453626333146545,10.18,0.20999999999999908,True,False,,True,True,True,True,FOMC_20241218,1,False,,0,False,True,False,True
next_observation,BOJ_20241219,BoJ,2024-12-19,2024-12-20,2024-12-18,7538,-2,0.008661433156614043,10.0875,-0.09249999999999936,True,False,,True,True,True,True,FOMC_20241218,1,False,,0,False,True,False,True
next_observation,BOJ_20241219,BoJ,2024-12-19,2024-12-20,2024-12-19,7538,-1,0.016878713513935197,9.97,-0.11749999999999972,True,True,FOMC_20241218,True,True,True,True,FOMC_20241218,1,False,,0,False,True,False,True
next_observation,BOJ_20241219,BoJ,2024-12-19,2024-12-20,2024-12-20,7538,0,-0.007171459762182071,10.01,0.03999999999999915,True,False,,True,True,True,True,FOMC_20241218,1,False,,0,False,True,False,True
next_observation,BOJ_20241219,BoJ,2024-12-19,2024-12-20,2024-12-23,7538,1,0.005454993987924506,10.185,0.1750000000000007,True,False,,True,True,True,True,FOMC_20241218,1,False,,0,False,True,False,True
next_observation,BOJ_20241219,BoJ,2024-12-19,2024-12-20,2024-12-24,7538,2,0.0001272466997103266,10.105,-0.08000000000000007,True,False,,True,True,True,True,FOMC_20241218,1,False,,0,False,True,False,True
next_observation,BOJ_20241219,BoJ,2024-12-19,2024-12-20,2024-12-25,7538,3,0.0009220546573172617,10.215,0.10999999999999943,True,False,,True,True,True,True,FOMC_20241218,1,False,,0,False,True,False,True
next_observation,BOJ_20241219,BoJ,2024-12-19,2024-12-20,2024-12-26,7538,4,0.004186229632425609,10.705,0.4900000000000002,True,False,,True,True,True,True,FOMC_20241218,1,False,,0,False,True,False,True
next_observation,BOJ_20241219,BoJ,2024-12-19,2024-12-20,2024-12-27,7538,5,-0.0007281592141025464,10.565,-0.14000000000000057,True,False,,True,True,True,True,FOMC_20241218,1,False,,0,False,True,False,True
next_observation,BOJ_20241219,BoJ,2024-12-19,2024-12-20,2024-12-30,7538,6,-0.0065774032465242774,10.79,0.22499999999999964,True,False,,True,True,True,True,FOMC_20241218,1,False,,0,False,True,False,True
next_observation,BOJ_20241219,BoJ,2024-12-19,2024-12-20,2024-12-31,7538,7,0.002292702570975241,10.825,0.03500000000000014,True,False,,True,True,True,True,FOMC_20241218,1,False,,0,False,True,False,True
next_observation,BOJ_20241219,BoJ,2024-12-19,2024-12-20,2025-01-01,7538,8,0.00025442055855348883,10.92,0.09500000000000064,True,False,,True,True,True,True,FOMC_20241218,1,False,,0,False,True,False,True
next_observation,BOJ_20241219,BoJ,2024-12-19,2024-12-20,2025-01-02,7538,9,0.001683903239879575,11.0175,0.09750000000000014,True,False,,True,True,True,True,FOMC_20241218,1,False,,0,False,True,False,True
next_observation,BOJ_20241219,BoJ,2024-12-19,2024-12-20,2025-01-03,7538,10,-0.0015249232551248616,10.5075,-0.5099999999999998,True,False,,True,True,True,True,FOMC_20241218,1,False,,0,False,True,False,True
next_observation,BOJ_20250124,BoJ,2025-01-24,2025-01-27,2024-12-30,7564,-20,-0.0065774032465242774,10.79,0.22499999999999964,True,False,,True,True,True,True,FOMC_20250129,1,True,FOMC_20250129,1,False,True,False,False
next_observation,BOJ_20250124,BoJ,2025-01-24,2025-01-27,2024-12-31,7564,-19,0.002292702570975241,10.825,0.03500000000000014,True,False,,True,True,True,True,FOMC_20250129,1,True,FOMC_20250129,1,False,True,False,False
next_observation,BOJ_20250124,BoJ,2025-01-24,2025-01-27,2025-01-01,7564,-18,0.00025442055855348883,10.92,0.09500000000000064,True,False,,True,True,True,True,FOMC_20250129,1,True,FOMC_20250129,1,False,True,False,False
next_observation,BOJ_20250124,BoJ,2025-01-24,2025-01-27,2025-01-02,7564,-17,0.001683903239879575,11.0175,0.09750000000000014,True,False,,True,True,True,True,FOMC_20250129,1,True,FOMC_20250129,1,False,True,False,False
next_observation,BOJ_20250124,BoJ,2025-01-24,2025-01-27,2025-01-03,7564,-16,-0.0015249232551248616,10.5075,-0.5099999999999998,True,False,,True,True,True,True,FOMC_20250129,1,True,FOMC_20250129,1,False,True,False,False
next_observation,BOJ_20250124,BoJ,2025-01-24,2025-01-27,2025-01-06,7564,-15,0.0022547923870893044,10.475,-0.03250000000000064,True,False,,True,True,True,True,FOMC_20250129,1,True,FOMC_20250129,1,False,True,False,False
next_observation,BOJ_20250124,BoJ,2025-01-24,2025-01-27,2025-01-07,7564,-14,0.0026927296773407833,10.23,-0.24499999999999922,True,False,,True,True,True,True,FOMC_20250129,1,True,FOMC_20250129,1,False,True,False,False
next_observation,BOJ_20250124,BoJ,2025-01-24,2025-01-27,2025-01-08,7564,-13,0.0019279703818044726,10.565,0.3349999999999991,True,False,,True,True,True,True,FOMC_20250129,1,True,FOMC_20250129,1,False,True,False,False
next_observation,BOJ_20250124,BoJ,2025-01-24,2025-01-27,2025-01-09,7564,-12,-0.0013270563418680858,10.5125,-0.05250000000000021,True,False,,True,True,True,True,FOMC_20250129,1,True,FOMC_20250129,1,False,True,False,False
next_observation,BOJ_20250124,BoJ,2025-01-24,2025-01-27,2025-01-10,7564,-11,-0.0025643069057621555,10.7075,0.19500000000000028,True,False,,True,True,True,True,FOMC_20250129,1,True,FOMC_20250129,1,False,True,False,False
next_observation,BOJ_20250124,BoJ,2025-01-24,2025-01-27,2025-01-13,7564,-10,-0.00161794366148189,11.335,0.6275000000000013,True,False,,True,True,True,True,FOMC_20250129,1,True,FOMC_20250129,1,False,True,False,False
next_observation,BOJ_20250124,BoJ,2025-01-24,2025-01-27,2025-01-14,7564,-9,0.0030433703429115643,10.86,-0.4750000000000014,True,False,,True,True,True,True,FOMC_20250129,1,True,FOMC_20250129,1,False,True,False,False
next_observation,BOJ_20250124,BoJ,2025-01-24,2025-01-27,2025-01-15,7564,-8,-0.009509493622404448,11.01,0.15000000000000036,True,False,,True,True,True,True,FOMC_20250129,1,True,FOMC_20250129,1,False,True,False,False
next_observation,BOJ_20250124,BoJ,2025-01-24,2025-01-27,2025-01-16,7564,-7,-0.008375500224277781,10.6375,-0.3725000000000005,True,False,,True,True,True,True,FOMC_20250129,1,True,FOMC_20250129,1,False,True,False,False
next_observation,BOJ_20250124,BoJ,2025-01-24,2025-01-27,2025-01-17,7564,-6,0.00732039485566463,10.4625,-0.17499999999999893,True,False,,True,True,True,True,FOMC_20250129,1,True,FOMC_20250129,1,False,True,False,False
next_observation,BOJ_20250124,BoJ,2025-01-24,2025-01-27,2025-01-20,7564,-5,-0.004360099238646951,10.175,-0.28749999999999964,True,False,,True,True,True,True,FOMC_20250129,1,True,FOMC_20250129,1,False,True,False,False
next_observation,BOJ_20250124,BoJ,2025-01-24,2025-01-27,2025-01-21,7564,-4,-0.0006749481992454982,9.745,-0.4300000000000015,True,False,,True,True,True,True,FOMC_20250129,1,True,FOMC_20250129,1,False,True,False,False
next_observation,BOJ_20250124,BoJ,2025-01-24,2025-01-27,2025-01-22,7564,-3,0.0065054949105928855,9.47,-0.2749999999999986,True,False,,True,True,True,True,FOMC_20250129,1,True,FOMC_20250129,1,False,True,False,False
next_observation,BOJ_20250124,BoJ,2025-01-24,2025-01-27,2025-01-23,7564,-2,-0.003039175684149398,9.2875,-0.182500000000001,True,False,,True,True,True,True,FOMC_20250129,1,True,FOMC_20250129,1,False,True,False,False
next_observation,BOJ_20250124,BoJ,2025-01-24,2025-01-27,2025-01-24,7564,-1,-0.00032045119802523084,8.685,-0.6024999999999991,True,False,,True,True,True,True,FOMC_20250129,1,True,FOMC_20250129,1,False,True,False,False
next_observation,BOJ_20250124,BoJ,2025-01-24,2025-01-27,2025-01-27,7564,0,-0.009629238855630225,9.825,1.1399999999999988,True,False,,True,True,True,True,FOMC_20250129,1,True,FOMC_20250129,1,False,True,False,False
next_observation,BOJ_20250124,BoJ,2025-01-24,2025-01-27,2025-01-28,7564,1,0.006644114104470638,9.5475,-0.27749999999999986,True,False,,True,True,True,True,FOMC_20250129,1,True,FOMC_20250129,1,False,True,False,False
next_observation,BOJ_20250124,BoJ,2025-01-24,2025-01-27,2025-01-29,7564,2,-0.0020594678408046596,9.3775,-0.16999999999999993,True,False,,True,True,True,True,FOMC_20250129,1,True,FOMC_20250129,1,False,True,False,False
next_observation,BOJ_20250124,BoJ,2025-01-24,2025-01-27,2025-01-30,7564,3,-0.006009516971058149,9.8775,0.5,True,True,FOMC_20250129,True,True,True,True,FOMC_20250129,1,True,FOMC_20250129,1,False,True,False,False
next_observation,BOJ_20250124,BoJ,2025-01-24,2025-01-27,2025-01-31,7564,4,0.005816224228598758,9.57,-0.3074999999999992,True,False,,True,True,True,True,FOMC_20250129,1,True,FOMC_20250129,1,False,True,False,False
next_observation,BOJ_20250124,BoJ,2025-01-24,2025-01-27,2025-02-03,7564,5,-0.002936196350013433,9.94,0.3699999999999992,True,False,,True,True,True,True,FOMC_20250129,1,True,FOMC_20250129,1,False,True,False,False
next_observation,BOJ_20250124,BoJ,2025-01-24,2025-01-27,2025-02-04,7564,6,-0.002556015304062922,9.5075,-0.4324999999999992,True,False,,True,True,True,True,FOMC_20250129,1,True,FOMC_20250129,1,False,True,False,False
next_observation,BOJ_20250124,BoJ,2025-01-24,2025-01-27,2025-02-05,7564,7,-0.011272313526673539,10.1175,0.6099999999999994,True,False,,True,True,True,True,FOMC_20250129,1,True,FOMC_20250129,1,False,True,False,False
next_observation,BOJ_20250124,BoJ,2025-01-24,2025-01-27,2025-02-06,7564,8,-0.007861236109842249,10.3425,0.22499999999999964,True,False,,True,True,True,True,FOMC_20250129,1,True,FOMC_20250129,1,False,True,False,False
next_observation,BOJ_20250124,BoJ,2025-01-24,2025-01-27,2025-02-07,7564,9,2.2204460492503128e-16,10.5875,0.245000000000001,True,False,,True,True,True,True,FOMC_20250129,1,True,FOMC_20250129,1,False,True,False,False
next_observation,BOJ_20250124,BoJ,2025-01-24,2025-01-27,2025-02-10,7564,10,0.0038232141754493683,10.255,-0.3324999999999996,True,False,,True,True,True,True,FOMC_20250129,1,True,FOMC_20250129,1,False,True,False,False
next_observation,BOJ_20250319,BoJ,2025-03-19,2025-03-20,2025-02-20,7602,-20,-0.0121547723835318,10.7275,1.442499999999999,True,False,,True,True,True,True,FOMC_20250319,1,True,FOMC_20250319,1,False,True,False,False
next_observation,BOJ_20250319,BoJ,2025-03-19,2025-03-20,2025-02-21,7602,-19,-0.0024755800144651684,10.585,-0.1424999999999983,True,False,,True,True,True,True,FOMC_20250319,1,True,FOMC_20250319,1,False,True,False,False
next_observation,BOJ_20250319,BoJ,2025-03-19,2025-03-20,2025-02-24,7602,-18,0.0029766406031723376,10.78,0.1949999999999985,True,False,,True,True,True,True,FOMC_20250319,1,True,FOMC_20250319,1,False,True,False,False
next_observation,BOJ_20250319,BoJ,2025-03-19,2025-03-20,2025-02-25,7602,-17,-0.004585705346437535,10.8825,0.10250000000000092,True,False,,True,True,True,True,FOMC_20250319,1,True,FOMC_20250319,1,False,True,False,False
next_observation,BOJ_20250319,BoJ,2025-03-19,2025-03-20,2025-02-26,7602,-16,0.0004025089780301426,10.84,-0.042500000000000426,True,False,,True,True,True,True,FOMC_20250319,1,True,FOMC_20250319,1,False,True,False,False
next_observation,BOJ_20250319,BoJ,2025-03-19,2025-03-20,2025-02-27,7602,-15,0.004817512913621236,10.4325,-0.40750000000000064,True,False,,True,True,True,True,FOMC_20250319,1,True,FOMC_20250319,1,False,True,False,False
next_observation,BOJ_20250319,BoJ,2025-03-19,2025-03-20,2025-02-28,7602,-14,0.005392104663477317,10.7525,0.3200000000000003,True,False,,True,True,True,True,FOMC_20250319,1,True,FOMC_20250319,1,False,True,False,False
next_observation,BOJ_20250319,BoJ,2025-03-19,2025-03-20,2025-03-03,7602,-13,-0.007496911414178298,11.0425,0.2900000000000009,True,False,,True,True,True,True,FOMC_20250319,1,True,FOMC_20250319,1,False,True,False,False
next_observation,BOJ_20250319,BoJ,2025-03-19,2025-03-20,2025-03-04,7602,-12,0.001937920349886696,11.5725,0.5299999999999994,True,False,,True,True,True,True,FOMC_20250319,1,True,FOMC_20250319,1,False,True,False,False
next_observation,BOJ_20250319,BoJ,2025-03-19,2025-03-20,2025-03-05,7602,-11,-0.0060937008466324365,11.4575,-0.11500000000000021,True,False,,True,True,True,True,FOMC_20250319,1,True,FOMC_20250319,1,False,True,False,False
next_observation,BOJ_20250319,BoJ,2025-03-19,2025-03-20,2025-03-06,7602,-10,-0.006029695057626774,11.9275,0.47000000000000064,True,False,,True,True,True,True,FOMC_20250319,1,True,FOMC_20250319,1,False,True,False,False
next_observation,BOJ_20250319,BoJ,2025-03-19,2025-03-20,2025-03-07,7602,-9,0.0004053643267345169,11.69,-0.2375000000000007,True,False,,True,True,True,True,FOMC_20250319,1,True,FOMC_20250319,1,False,True,False,False
next_observation,BOJ_20250319,BoJ,2025-03-19,2025-03-20,2025-03-10,7602,-8,-0.0052486448650322665,12.215,0.5250000000000004,True,False,,True,True,True,True,FOMC_20250319,1,True,FOMC_20250319,1,False,True,False,False
next_observation,BOJ_20250319,BoJ,2025-03-19,2025-03-20,2025-03-11,7602,-7,0.003423209972362412,11.8475,-0.3674999999999997,True,False,,True,True,True,True,FOMC_20250319,1,True,FOMC_20250319,1,False,True,False,False
next_observation,BOJ_20250319,BoJ,2025-03-19,2025-03-20,2025-03-12,7602,-6,0.0031754637858239193,11.02,-0.8275000000000006,True,False,,True,True,True,True,FOMC_20250319,1,True,FOMC_20250319,1,False,True,False,False
next_observation,BOJ_20250319,BoJ,2025-03-19,2025-03-20,2025-03-13,7602,-5,-0.0029048186337944752,10.525,-0.4949999999999992,True,False,,True,True,True,True,FOMC_20250319,1,True,FOMC_20250319,1,False,True,False,False
next_observation,BOJ_20250319,BoJ,2025-03-19,2025-03-20,2025-03-14,7602,-4,0.005565783203065835,10.1525,-0.3725000000000005,True,False,,True,True,True,True,FOMC_20250319,1,True,FOMC_20250319,1,False,True,False,False
next_observation,BOJ_20250319,BoJ,2025-03-19,2025-03-20,2025-03-17,7602,-3,0.003793924206958528,10.115,-0.037499999999999645,True,False,,True,True,True,True,FOMC_20250319,1,True,FOMC_20250319,1,False,True,False,False
next_observation,BOJ_20250319,BoJ,2025-03-19,2025-03-20,2025-03-18,7602,-2,0.00043554737266142163,10.0925,-0.022500000000000853,True,False,,True,True,True,True,FOMC_20250319,1,True,FOMC_20250319,1,False,True,False,False
next_observation,BOJ_20250319,BoJ,2025-03-19,2025-03-20,2025-03-19,7602,-1,-0.003893144936016367,9.6875,-0.40499999999999936,True,False,,True,True,True,True,FOMC_20250319,1,True,FOMC_20250319,1,False,True,False,False
next_observation,BOJ_20250319,BoJ,2025-03-19,2025-03-20,2025-03-20,7602,0,0.0006387091569350258,9.61,-0.07750000000000057,True,True,FOMC_20250319,True,True,True,True,FOMC_20250319,1,True,FOMC_20250319,1,False,True,False,False
next_observation,BOJ_20250319,BoJ,2025-03-19,2025-03-20,2025-03-21,7602,1,0.0035558574870755435,9.595,-0.014999999999998792,True,False,,True,True,True,True,FOMC_20250319,1,True,FOMC_20250319,1,False,True,False,False
next_observation,BOJ_20250319,BoJ,2025-03-19,2025-03-20,2025-03-24,7602,2,0.00926611522924482,9.44,-0.15500000000000114,True,False,,True,True,True,True,FOMC_20250319,1,True,FOMC_20250319,1,False,True,False,False
next_observation,BOJ_20250319,BoJ,2025-03-19,2025-03-20,2025-03-25,7602,3,-0.005289169558163851,9.365,-0.07499999999999929,True,False,,True,True,True,True,FOMC_20250319,1,True,FOMC_20250319,1,False,True,False,False
next_observation,BOJ_20250319,BoJ,2025-03-19,2025-03-20,2025-03-26,7602,4,0.004392978310728643,9.3225,-0.042500000000000426,True,False,,True,True,True,True,FOMC_20250319,1,True,FOMC_20250319,1,False,True,False,False
next_observation,BOJ_20250319,BoJ,2025-03-19,2025-03-20,2025-03-27,7602,5,0.0031497133278788666,9.2275,-0.09500000000000064,True,False,,True,True,True,True,FOMC_20250319,1,True,FOMC_20250319,1,False,True,False,False
next_observation,BOJ_20250319,BoJ,2025-03-19,2025-03-20,2025-03-28,7602,6,-0.008009747526997906,9.325,0.09750000000000014,True,False,,True,True,True,True,FOMC_20250319,1,True,FOMC_20250319,1,False,True,False,False
next_observation,BOJ_20250319,BoJ,2025-03-19,2025-03-20,2025-03-31,7602,7,0.0008338754006317121,10.265,0.9400000000000013,True,False,,True,True,True,True,FOMC_20250319,1,True,FOMC_20250319,1,False,True,False,False
next_observation,BOJ_20250319,BoJ,2025-03-19,2025-03-20,2025-04-01,7602,8,-0.002370025310323797,10.845,0.5800000000000001,True,False,,True,True,True,True,FOMC_20250319,1,True,FOMC_20250319,1,False,True,False,False
next_observation,BOJ_20250319,BoJ,2025-03-19,2025-03-20,2025-04-02,7602,9,-0.0022081711271072085,10.655,-0.19000000000000128,True,False,,True,True,True,True,FOMC_20250319,1,True,FOMC_20250319,1,False,True,False,False
next_observation,BOJ_20250319,BoJ,2025-03-19,2025-03-20,2025-04-03,7602,10,-0.02180624090706999,12.3375,1.682500000000001,True,False,,True,True,True,True,FOMC_20250319,1,True,FOMC_20250319,1,False,True,False,False
next_observation,BOJ_20250501,BoJ,2025-05-01,2025-05-02,2025-04-04,7633,-20,0.005938786695891246,13.1525,0.8149999999999995,True,False,,True,True,True,True,FOMC_20250507,1,True,FOMC_20250507,1,False,True,False,False
next_observation,BOJ_20250501,BoJ,2025-05-01,2025-05-02,2025-04-07,7633,-19,0.0062081447799444385,13.5725,0.41999999999999993,True,False,,True,True,True,True,FOMC_20250507,1,True,FOMC_20250507,1,False,True,False,False
next_observation,BOJ_20250501,BoJ,2025-05-01,2025-05-02,2025-04-08,7633,-18,-0.01071019876880232,13.7075,0.1349999999999998,True,False,,True,True,True,True,FOMC_20250507,1,True,FOMC_20250507,1,False,True,False,False
next_observation,BOJ_20250501,BoJ,2025-05-01,2025-05-02,2025-04-09,7633,-17,0.01013510699198735,12.7125,-0.9949999999999992,True,False,,True,True,True,True,FOMC_20250507,1,True,FOMC_20250507,1,False,True,False,False
next_observation,BOJ_20250501,BoJ,2025-05-01,2025-05-02,2025-04-10,7633,-16,-0.022690523631126034,13.7175,1.004999999999999,True,False,,True,True,True,True,FOMC_20250507,1,True,FOMC_20250507,1,False,True,False,False
next_observation,BOJ_20250501,BoJ,2025-05-01,2025-05-02,2025-04-11,7633,-15,-0.006285070257932658,15.115,1.3975000000000009,True,False,,True,True,True,True,FOMC_20250507,1,True,FOMC_20250507,1,False,True,False,False
next_observation,BOJ_20250501,BoJ,2025-05-01,2025-05-02,2025-04-14,7633,-14,-0.003384570302940329,13.9525,-1.1624999999999996,True,False,,True,True,True,True,FOMC_20250507,1,True,FOMC_20250507,1,False,True,False,False
next_observation,BOJ_20250501,BoJ,2025-05-01,2025-05-02,2025-04-15,7633,-13,0.0011178259451596238,13.6325,-0.3200000000000003,True,False,,True,True,True,True,FOMC_20250507,1,True,FOMC_20250507,1,False,True,False,False
next_observation,BOJ_20250501,BoJ,2025-05-01,2025-05-02,2025-04-16,7633,-12,-0.009365367738724071,14.1275,0.4949999999999992,True,False,,True,True,True,True,FOMC_20250507,1,True,FOMC_20250507,1,False,True,False,False
next_observation,BOJ_20250501,BoJ,2025-05-01,2025-05-02,2025-04-17,7633,-11,0.003904125388750795,12.745,-1.3825000000000003,True,False,,True,True,True,True,FOMC_20250507,1,True,FOMC_20250507,1,False,True,False,False
next_observation,BOJ_20250501,BoJ,2025-05-01,2025-05-02,2025-04-18,7633,-10,-0.0017567287210573115,12.595,-0.14999999999999858,True,False,,True,True,True,True,FOMC_20250507,1,True,FOMC_20250507,1,False,True,False,False
next_observation,BOJ_20250501,BoJ,2025-05-01,2025-05-02,2025-04-21,7633,-9,-0.009398034123255444,13.435,0.8399999999999999,True,False,,True,True,True,True,FOMC_20250507,1,True,FOMC_20250507,1,False,True,False,False
next_observation,BOJ_20250501,BoJ,2025-05-01,2025-05-02,2025-04-22,7633,-8,0.005098619550009429,13.4425,0.007500000000000284,True,False,,True,True,True,True,FOMC_20250507,1,True,FOMC_20250507,1,False,True,False,False
next_observation,BOJ_20250501,BoJ,2025-05-01,2025-05-02,2025-04-23,7633,-7,0.013156930427505204,12.58,-0.8625000000000007,True,False,,True,True,True,True,FOMC_20250507,1,True,FOMC_20250507,1,False,True,False,False
next_observation,BOJ_20250501,BoJ,2025-05-01,2025-05-02,2025-04-24,7633,-6,-0.005767734245133961,11.865,-0.7149999999999999,True,False,,True,True,True,True,FOMC_20250507,1,True,FOMC_20250507,1,False,True,False,False
next_observation,BOJ_20250501,BoJ,2025-05-01,2025-05-02,2025-04-25,7633,-5,0.007334996211565691,11.8675,0.0024999999999995026,True,False,,True,True,True,True,FOMC_20250507,1,True,FOMC_20250507,1,False,True,False,False
next_observation,BOJ_20250501,BoJ,2025-05-01,2025-05-02,2025-04-28,7633,-4,-0.011656326736883701,12.3275,0.46000000000000085,True,False,,True,True,True,True,FOMC_20250507,1,True,FOMC_20250507,1,False,True,False,False
next_observation,BOJ_20250501,BoJ,2025-05-01,2025-05-02,2025-04-29,7633,-3,0.0022859564369100936,12.425,0.09750000000000014,True,False,,True,True,True,True,FOMC_20250507,1,True,FOMC_20250507,1,False,True,False,False
next_observation,BOJ_20250501,BoJ,2025-05-01,2025-05-02,2025-04-30,7633,-2,0.005115638346130129,12.245,-0.1800000000000015,True,False,,True,True,True,True,FOMC_20250507,1,True,FOMC_20250507,1,False,True,False,False
next_observation,BOJ_20250501,BoJ,2025-05-01,2025-05-02,2025-05-01,7633,-1,0.016155104172719172,11.735,-0.5099999999999998,True,False,,True,True,True,True,FOMC_20250507,1,True,FOMC_20250507,1,False,True,False,False
next_observation,BOJ_20250501,BoJ,2025-05-01,2025-05-02,2025-05-02,7633,0,-0.002996334318011564,11.975,0.2400000000000002,True,False,,True,True,True,True,FOMC_20250507,1,True,FOMC_20250507,1,False,True,False,False
next_observation,BOJ_20250501,BoJ,2025-05-01,2025-05-02,2025-05-05,7633,1,-0.008730049209690043,12.6125,0.6375000000000011,True,False,,True,True,True,True,FOMC_20250507,1,True,FOMC_20250507,1,False,True,False,False
next_observation,BOJ_20250501,BoJ,2025-05-01,2025-05-02,2025-05-06,7633,2,-0.00873673214106191,12.69,0.07749999999999879,True,False,,True,True,True,True,FOMC_20250507,1,True,FOMC_20250507,1,False,True,False,False
next_observation,BOJ_20250501,BoJ,2025-05-01,2025-05-02,2025-05-07,7633,3,0.009606221805439933,12.1175,-0.5724999999999998,True,False,,True,True,True,True,FOMC_20250507,1,True,FOMC_20250507,1,False,True,False,False
next_observation,BOJ_20250501,BoJ,2025-05-01,2025-05-02,2025-05-08,7633,4,0.014426977638716644,11.415,-0.7025000000000006,True,True,FOMC_20250507,True,True,True,True,FOMC_20250507,1,True,FOMC_20250507,1,False,True,False,False
next_observation,BOJ_20250501,BoJ,2025-05-01,2025-05-02,2025-05-09,7633,5,-0.0037764395334504907,11.37,-0.04499999999999993,True,False,,True,True,True,True,FOMC_20250507,1,True,FOMC_20250507,1,False,True,False,False
next_observation,BOJ_20250501,BoJ,2025-05-01,2025-05-02,2025-05-12,7633,6,0.021101419373132126,10.47,-0.8999999999999986,True,False,,True,True,True,True,FOMC_20250507,1,True,FOMC_20250507,1,False,True,False,False
next_observation,BOJ_20250501,BoJ,2025-05-01,2025-05-02,2025-05-13,7633,7,-0.006690570338616202,9.685,-0.7850000000000001,True,False,,True,True,True,True,FOMC_20250507,1,True,FOMC_20250507,1,False,True,False,False
next_observation,BOJ_20250501,BoJ,2025-05-01,2025-05-02,2025-05-14,7633,8,-0.004928211180933273,10.605,0.9199999999999999,True,False,,True,True,True,True,FOMC_20250507,1,True,FOMC_20250507,1,False,True,False,False
next_observation,BOJ_20250501,BoJ,2025-05-01,2025-05-02,2025-05-15,7633,9,-0.007386669247349402,11.115,0.5099999999999998,True,False,,True,True,True,True,FOMC_20250507,1,True,FOMC_20250507,1,False,True,False,False
next_observation,BOJ_20250501,BoJ,2025-05-01,2025-05-02,2025-05-16,7633,10,0.00020592374030262468,10.85,-0.26500000000000057,True,False,,True,True,True,True,FOMC_20250507,1,True,FOMC_20250507,1,False,True,False,False
next_observation,BOJ_20250617,BoJ,2025-06-17,2025-06-18,2025-05-21,7666,-20,-0.0057255044760838635,11.9425,0.8600000000000012,True,False,,True,True,True,True,FOMC_20250618,1,True,FOMC_20250618,1,False,True,False,False
next_observation,BOJ_20250617,BoJ,2025-06-17,2025-06-18,2025-05-22,7666,-19,0.0023288562638072267,11.5925,-0.3500000000000014,True,False,,True,True,True,True,FOMC_20250618,1,True,FOMC_20250618,1,False,True,False,False
next_observation,BOJ_20250617,BoJ,2025-06-17,2025-06-18,2025-05-23,7666,-18,-0.010189570662007421,12.095,0.5025000000000013,True,False,,True,True,True,True,FOMC_20250618,1,True,FOMC_20250618,1,False,True,False,False
next_observation,BOJ_20250617,BoJ,2025-06-17,2025-06-18,2025-05-26,7666,-17,0.002032236158430024,12.325,0.22999999999999865,True,False,,True,True,True,True,FOMC_20250618,1,True,FOMC_20250618,1,False,True,False,False
next_observation,BOJ_20250617,BoJ,2025-06-17,2025-06-18,2025-05-27,7666,-16,0.010376860297701612,11.79,-0.5350000000000001,True,False,,True,True,True,True,FOMC_20250618,1,True,FOMC_20250618,1,False,True,False,False
next_observation,BOJ_20250617,BoJ,2025-06-17,2025-06-18,2025-05-28,7666,-15,0.003492698285619578,11.175,-0.6149999999999984,True,False,,True,True,True,True,FOMC_20250618,1,True,FOMC_20250618,1,False,True,False,False
next_observation,BOJ_20250617,BoJ,2025-06-17,2025-06-18,2025-05-29,7666,-14,-0.004359114323461636,11.43,0.254999999999999,True,False,,True,True,True,True,FOMC_20250618,1,True,FOMC_20250618,1,False,True,False,False
next_observation,BOJ_20250617,BoJ,2025-06-17,2025-06-18,2025-05-30,7666,-13,-0.0013183917532582244,11.2675,-0.16249999999999964,True,False,,True,True,True,True,FOMC_20250618,1,True,FOMC_20250618,1,False,True,False,False
next_observation,BOJ_20250617,BoJ,2025-06-17,2025-06-18,2025-06-02,7666,-12,-0.00917261640936874,12.0,0.7324999999999999,True,False,,True,True,True,True,FOMC_20250618,1,True,FOMC_20250618,1,False,True,False,False
next_observation,BOJ_20250617,BoJ,2025-06-17,2025-06-18,2025-06-03,7666,-11,0.008860110981384077,11.5875,-0.41249999999999964,True,False,,True,True,True,True,FOMC_20250618,1,True,FOMC_20250618,1,False,True,False,False
next_observation,BOJ_20250617,BoJ,2025-06-17,2025-06-18,2025-06-04,7666,-10,-0.008439751567901017,11.7975,0.20999999999999908,True,False,,True,True,True,True,FOMC_20250618,1,True,FOMC_20250618,1,False,True,False,False
next_observation,BOJ_20250617,BoJ,2025-06-17,2025-06-18,2025-06-05,7666,-9,0.005344150758454033,11.4925,-0.3049999999999997,True,False,,True,True,True,True,FOMC_20250618,1,True,FOMC_20250618,1,False,True,False,False
next_observation,BOJ_20250617,BoJ,2025-06-17,2025-06-18,2025-06-06,7666,-8,0.009120132568914302,10.655,-0.8375000000000004,True,False,,True,True,True,True,FOMC_20250618,1,True,FOMC_20250618,1,False,True,False,False
next_observation,BOJ_20250617,BoJ,2025-06-17,2025-06-18,2025-06-09,7666,-7,-0.0019003858318523176,10.53,-0.125,True,False,,True,True,True,True,FOMC_20250618,1,True,FOMC_20250618,1,False,True,False,False
next_observation,BOJ_20250617,BoJ,2025-06-17,2025-06-18,2025-06-10,7666,-6,0.0020384549356581463,10.4375,-0.09249999999999936,True,False,,True,True,True,True,FOMC_20250618,1,True,FOMC_20250618,1,False,True,False,False
next_observation,BOJ_20250617,BoJ,2025-06-17,2025-06-18,2025-06-11,7666,-5,-0.002142216284648584,10.05,-0.3874999999999993,True,False,,True,True,True,True,FOMC_20250618,1,True,FOMC_20250618,1,False,True,False,False
next_observation,BOJ_20250617,BoJ,2025-06-17,2025-06-18,2025-06-12,7666,-4,-0.007464405307278697,10.4875,0.4375,True,False,,True,True,True,True,FOMC_20250618,1,True,FOMC_20250618,1,False,True,False,False
next_observation,BOJ_20250617,BoJ,2025-06-17,2025-06-18,2025-06-13,7666,-3,0.004103639909299735,10.705,0.21749999999999936,True,False,,True,True,True,True,FOMC_20250618,1,True,FOMC_20250618,1,False,True,False,False
next_observation,BOJ_20250617,BoJ,2025-06-17,2025-06-18,2025-06-16,7666,-2,0.0046742809687885965,10.5225,-0.18249999999999922,True,False,,True,True,True,True,FOMC_20250618,1,True,FOMC_20250618,1,False,True,False,False
next_observation,BOJ_20250617,BoJ,2025-06-17,2025-06-18,2025-06-17,7666,-1,0.0037581715410774,10.37,-0.15250000000000163,True,False,,True,True,True,True,FOMC_20250618,1,True,FOMC_20250618,1,False,True,False,False
next_observation,BOJ_20250617,BoJ,2025-06-17,2025-06-18,2025-06-18,7666,0,-0.001101852600976099,10.0825,-0.28749999999999964,True,False,,True,True,True,True,FOMC_20250618,1,True,FOMC_20250618,1,False,True,False,False
next_observation,BOJ_20250617,BoJ,2025-06-17,2025-06-18,2025-06-19,7666,1,0.002202492458939183,9.825,-0.2575000000000003,True,True,FOMC_20250618,True,True,True,True,FOMC_20250618,1,True,FOMC_20250618,1,False,True,False,False
next_observation,BOJ_20250617,BoJ,2025-06-17,2025-06-18,2025-06-20,7666,2,0.004356259140061676,9.3425,-0.48249999999999993,True,False,,True,True,True,True,FOMC_20250618,1,True,FOMC_20250618,1,False,True,False,False
next_observation,BOJ_20250617,BoJ,2025-06-17,2025-06-18,2025-06-23,7666,3,0.0004790583174016809,9.9725,0.6300000000000008,True,False,,True,True,True,True,FOMC_20250618,1,True,FOMC_20250618,1,False,True,False,False
next_observation,BOJ_20250617,BoJ,2025-06-17,2025-06-18,2025-06-24,7666,4,-0.008347838717538553,10.06,0.08750000000000036,True,False,,True,True,True,True,FOMC_20250618,1,True,FOMC_20250618,1,False,True,False,False
next_observation,BOJ_20250617,BoJ,2025-06-17,2025-06-18,2025-06-25,7666,5,0.0020332564943964094,9.8125,-0.2475000000000005,True,False,,True,True,True,True,FOMC_20250618,1,True,FOMC_20250618,1,False,True,False,False
next_observation,BOJ_20250617,BoJ,2025-06-17,2025-06-18,2025-06-26,7666,6,-0.005627399152496123,10.0975,0.28500000000000014,True,False,,True,True,True,True,FOMC_20250618,1,True,FOMC_20250618,1,False,True,False,False
next_observation,BOJ_20250617,BoJ,2025-06-17,2025-06-18,2025-06-27,7666,7,0.001591310399108393,9.905,-0.19250000000000078,True,False,,True,True,True,True,FOMC_20250618,1,True,FOMC_20250618,1,False,True,False,False
next_observation,BOJ_20250617,BoJ,2025-06-17,2025-06-18,2025-06-30,7666,8,-0.00429542021118542,10.505,0.6000000000000014,True,False,,True,True,True,True,FOMC_20250618,1,True,FOMC_20250618,1,False,True,False,False
next_observation,BOJ_20250617,BoJ,2025-06-17,2025-06-18,2025-07-01,7666,9,-0.004209360723023848,10.865,0.35999999999999943,True,False,,True,True,True,True,FOMC_20250618,1,True,FOMC_20250618,1,False,True,False,False
next_observation,BOJ_20250617,BoJ,2025-06-17,2025-06-18,2025-07-02,7666,10,0.0016371461587207498,10.68,-0.1850000000000005,True,False,,True,True,True,True,FOMC_20250618,1,True,FOMC_20250618,1,False,True,False,False
next_observation,BOJ_20250731,BoJ,2025-07-31,2025-08-01,2025-07-04,7698,-20,-0.003144493684506617,10.06,-0.04499999999999993,True,False,,True,True,True,True,FOMC_20250730,1,False,,0,False,True,False,True
next_observation,BOJ_20250731,BoJ,2025-07-31,2025-08-01,2025-07-07,7698,-19,0.010911389557539385,10.6025,0.5424999999999986,True,False,,True,True,True,True,FOMC_20250730,1,False,,0,False,True,False,True
next_observation,BOJ_20250731,BoJ,2025-07-31,2025-08-01,2025-07-08,7698,-18,0.0035539797514495216,10.675,0.07250000000000156,True,False,,True,True,True,True,FOMC_20250730,1,False,,0,False,True,False,True
next_observation,BOJ_20250731,BoJ,2025-07-31,2025-08-01,2025-07-09,7698,-17,-0.001707067672994159,10.32,-0.3550000000000004,True,False,,True,True,True,True,FOMC_20250730,1,False,,0,False,True,False,True
next_observation,BOJ_20250731,BoJ,2025-07-31,2025-08-01,2025-07-10,7698,-16,-0.00047850161552815144,9.7525,-0.5675000000000008,True,False,,True,True,True,True,FOMC_20250730,1,False,,0,False,True,False,True
next_observation,BOJ_20250731,BoJ,2025-07-31,2025-08-01,2025-07-11,7698,-15,0.008001813299972117,9.945,0.19250000000000078,True,False,,True,True,True,True,FOMC_20250730,1,False,,0,False,True,False,True
next_observation,BOJ_20250731,BoJ,2025-07-31,2025-08-01,2025-07-14,7698,-14,0.00196510312263395,10.5925,0.6474999999999991,True,False,,True,True,True,True,FOMC_20250730,1,False,,0,False,True,False,True
next_observation,BOJ_20250731,BoJ,2025-07-31,2025-08-01,2025-07-15,7698,-13,0.007788437691101762,11.025,0.432500000000001,True,False,,True,True,True,True,FOMC_20250730,1,False,,0,False,True,False,True
next_observation,BOJ_20250731,BoJ,2025-07-31,2025-08-01,2025-07-16,7698,-12,-0.006705893607032987,10.94,-0.08500000000000085,True,False,,True,True,True,True,FOMC_20250730,1,False,,0,False,True,False,True
next_observation,BOJ_20250731,BoJ,2025-07-31,2025-08-01,2025-07-17,7698,-11,0.004722399655228899,10.7375,-0.2024999999999988,True,False,,True,True,True,True,FOMC_20250730,1,False,,0,False,True,False,True
next_observation,BOJ_20250731,BoJ,2025-07-31,2025-08-01,2025-07-18,7698,-10,0.0015803900463154785,10.7275,-0.010000000000001563,True,False,,True,True,True,True,FOMC_20250730,1,False,,0,False,True,False,True
next_observation,BOJ_20250731,BoJ,2025-07-31,2025-08-01,2025-07-21,7698,-9,-0.009689638431122236,9.9725,-0.754999999999999,True,False,,True,True,True,True,FOMC_20250730,1,False,,0,False,True,False,True
next_observation,BOJ_20250731,BoJ,2025-07-31,2025-08-01,2025-07-22,7698,-8,-0.005101878349865428,10.1025,0.129999999999999,True,False,,True,True,True,True,FOMC_20250730,1,False,,0,False,True,False,True
next_observation,BOJ_20250731,BoJ,2025-07-31,2025-08-01,2025-07-23,7698,-7,-0.0008187214757662609,9.9425,-0.15999999999999837,True,False,,True,True,True,True,FOMC_20250730,1,False,,0,False,True,False,True
next_observation,BOJ_20250731,BoJ,2025-07-31,2025-08-01,2025-07-24,7698,-6,0.0034069261626531234,9.63,-0.3125,True,False,,True,True,True,True,FOMC_20250730,1,False,,0,False,True,False,True
next_observation,BOJ_20250731,BoJ,2025-07-31,2025-08-01,2025-07-25,7698,-5,0.004581015493614757,9.6675,0.037499999999999645,True,False,,True,True,True,True,FOMC_20250730,1,False,,0,False,True,False,True
next_observation,BOJ_20250731,BoJ,2025-07-31,2025-08-01,2025-07-28,7698,-4,0.005705330871951927,9.52,-0.14750000000000085,True,False,,True,True,True,True,FOMC_20250730,1,False,,0,False,True,False,True
next_observation,BOJ_20250731,BoJ,2025-07-31,2025-08-01,2025-07-29,7698,-3,-0.00043771781368588545,9.1925,-0.3274999999999988,True,False,,True,True,True,True,FOMC_20250730,1,False,,0,False,True,False,True
next_observation,BOJ_20250731,BoJ,2025-07-31,2025-08-01,2025-07-30,7698,-2,0.007014039998080775,9.1425,-0.05000000000000071,True,False,,True,True,True,True,FOMC_20250730,1,False,,0,False,True,False,True
next_observation,BOJ_20250731,BoJ,2025-07-31,2025-08-01,2025-07-31,7698,-1,0.008226387335550853,9.1375,-0.005000000000000782,True,True,FOMC_20250730,True,True,True,True,FOMC_20250730,1,False,,0,False,True,False,True
next_observation,BOJ_20250731,BoJ,2025-07-31,2025-08-01,2025-08-01,7698,0,-0.02247360968406957,9.555,0.4175000000000004,True,False,,True,True,True,True,FOMC_20250730,1,False,,0,False,True,False,True
next_observation,BOJ_20250731,BoJ,2025-07-31,2025-08-01,2025-08-04,7698,1,-0.002105406917362158,9.98,0.4250000000000007,True,False,,True,True,True,True,FOMC_20250730,1,False,,0,False,True,False,True
next_observation,BOJ_20250731,BoJ,2025-07-31,2025-08-01,2025-08-05,7698,2,0.0036307533819507827,9.55,-0.4299999999999997,True,False,,True,True,True,True,FOMC_20250730,1,False,,0,False,True,False,True
next_observation,BOJ_20250731,BoJ,2025-07-31,2025-08-01,2025-08-06,7698,3,-0.0017289019002214424,9.515,-0.03500000000000014,True,False,,True,True,True,True,FOMC_20250730,1,False,,0,False,True,False,True
next_observation,BOJ_20250731,BoJ,2025-07-31,2025-08-01,2025-08-07,7698,4,-0.0015619697572963461,9.725,0.20999999999999908,True,False,,True,True,True,True,FOMC_20250730,1,False,,0,False,True,False,True
next_observation,BOJ_20250731,BoJ,2025-07-31,2025-08-01,2025-08-08,7698,5,0.004103439416203264,9.27,-0.45500000000000007,True,False,,True,True,True,True,FOMC_20250730,1,False,,0,False,True,False,True
next_observation,BOJ_20250731,BoJ,2025-07-31,2025-08-01,2025-08-11,7698,6,0.0027713019189823528,9.105,-0.16499999999999915,True,False,,True,True,True,True,FOMC_20250730,1,False,,0,False,True,False,True
next_observation,BOJ_20250731,BoJ,2025-07-31,2025-08-01,2025-08-12,7698,7,-0.0020946661262000055,8.8975,-0.20749999999999957,True,False,,True,True,True,True,FOMC_20250730,1,False,,0,False,True,False,True
next_observation,BOJ_20250731,BoJ,2025-07-31,2025-08-01,2025-08-13,7698,8,-0.003150249035839072,8.9225,0.02499999999999858,True,False,,True,True,True,True,FOMC_20250730,1,False,,0,False,True,False,True
next_observation,BOJ_20250731,BoJ,2025-07-31,2025-08-01,2025-08-14,7698,9,0.0026089770334494686,8.9525,0.030000000000001137,True,False,,True,True,True,True,FOMC_20250730,1,False,,0,False,True,False,True
next_observation,BOJ_20250731,BoJ,2025-07-31,2025-08-01,2025-08-15,7698,10,-0.0038650666864892217,8.7925,-0.16000000000000014,True,False,,True,True,True,True,FOMC_20250730,1,False,,0,False,True,False,True
next_observation,BOJ_20250919,BoJ,2025-09-19,2025-09-22,2025-08-25,7734,-20,0.005767811335123162,8.985,0.009999999999999787,True,False,,True,True,True,True,FOMC_20250917,1,False,,0,False,True,False,True
next_observation,BOJ_20250919,BoJ,2025-09-19,2025-09-22,2025-08-26,7734,-19,-0.002676198687311372,9.12,0.1349999999999998,True,False,,True,True,True,True,FOMC_20250917,1,False,,0,False,True,False,True
next_observation,BOJ_20250919,BoJ,2025-09-19,2025-09-22,2025-08-27,7734,-18,0.00010175873013866495,9.4425,0.32250000000000156,True,False,,True,True,True,True,FOMC_20250917,1,False,,0,False,True,False,True
next_observation,BOJ_20250919,BoJ,2025-09-19,2025-09-22,2025-08-28,7734,-17,-0.0032614263664072613,9.7,0.2574999999999985,True,False,,True,True,True,True,FOMC_20250917,1,False,,0,False,True,False,True
next_observation,BOJ_20250919,BoJ,2025-09-19,2025-09-22,2025-08-29,7734,-16,0.0008163543431023706,9.42,-0.27999999999999936,True,False,,True,True,True,True,FOMC_20250917,1,False,,0,False,True,False,True
next_observation,BOJ_20250919,BoJ,2025-09-19,2025-09-22,2025-09-01,7734,-15,0.0008496610363828633,9.845,0.4250000000000007,True,False,,True,True,True,True,FOMC_20250917,1,False,,0,False,True,False,True
next_observation,BOJ_20250919,BoJ,2025-09-19,2025-09-22,2025-09-02,7734,-14,0.008019126361460882,9.915,0.06999999999999851,True,False,,True,True,True,True,FOMC_20250917,1,False,,0,False,True,False,True
next_observation,BOJ_20250919,BoJ,2025-09-19,2025-09-22,2025-09-03,7734,-13,-0.0017877325861607892,10.0475,0.13250000000000028,True,False,,True,True,True,True,FOMC_20250917,1,False,,0,False,True,False,True
next_observation,BOJ_20250919,BoJ,2025-09-19,2025-09-22,2025-09-04,7734,-12,0.0026298946342171916,9.8525,-0.19500000000000028,True,False,,True,True,True,True,FOMC_20250917,1,False,,0,False,True,False,True
next_observation,BOJ_20250919,BoJ,2025-09-19,2025-09-22,2025-09-05,7734,-11,-0.0071641290462417795,9.72,-0.1324999999999985,True,False,,True,True,True,True,FOMC_20250917,1,False,,0,False,True,False,True
next_observation,BOJ_20250919,BoJ,2025-09-19,2025-09-22,2025-09-08,7734,-10,0.00047468891814610403,9.815,0.09499999999999886,True,False,,True,True,True,True,FOMC_20250917,1,False,,0,False,True,False,True
next_observation,BOJ_20250919,BoJ,2025-09-19,2025-09-22,2025-09-09,7734,-9,-0.0006103557206877636,9.9025,0.08750000000000036,True,False,,True,True,True,True,FOMC_20250917,1,False,,0,False,True,False,True
next_observation,BOJ_20250919,BoJ,2025-09-19,2025-09-22,2025-09-10,7734,-8,0.0003730394278103608,9.4625,-0.4399999999999995,True,False,,True,True,True,True,FOMC_20250917,1,False,,0,False,True,False,True
next_observation,BOJ_20250919,BoJ,2025-09-19,2025-09-22,2025-09-11,7734,-7,-0.0017307207170755682,9.0875,-0.375,True,False,,True,True,True,True,FOMC_20250917,1,False,,0,False,True,False,True
next_observation,BOJ_20250919,BoJ,2025-09-19,2025-09-22,2025-09-12,7734,-6,0.003153774423377534,8.97,-0.11749999999999972,True,False,,True,True,True,True,FOMC_20250917,1,False,,0,False,True,False,True
next_observation,BOJ_20250919,BoJ,2025-09-19,2025-09-22,2025-09-15,7734,-5,-0.0018639334380627533,9.0475,0.07749999999999879,True,False,,True,True,True,True,FOMC_20250917,1,False,,0,False,True,False,True
next_observation,BOJ_20250919,BoJ,2025-09-19,2025-09-22,2025-09-16,7734,-4,-0.00626107938898084,9.7975,0.75,True,False,,True,True,True,True,FOMC_20250917,1,False,,0,False,True,False,True
next_observation,BOJ_20250919,BoJ,2025-09-19,2025-09-22,2025-09-17,7734,-3,0.003441640389636137,9.41,-0.3874999999999993,True,False,,True,True,True,True,FOMC_20250917,1,False,,0,False,True,False,True
next_observation,BOJ_20250919,BoJ,2025-09-19,2025-09-22,2025-09-18,7734,-2,0.006881733008223595,8.8175,-0.5924999999999994,True,True,FOMC_20250917,True,True,True,True,FOMC_20250917,1,False,,0,False,True,False,True
next_observation,BOJ_20250919,BoJ,2025-09-19,2025-09-22,2025-09-19,7734,-1,-0.0003716906900485373,8.445,-0.3725000000000005,True,False,,True,True,True,True,FOMC_20250917,1,False,,0,False,True,False,True
next_observation,BOJ_20250919,BoJ,2025-09-19,2025-09-22,2025-09-22,7734,0,-0.0015558414827549294,8.5325,0.08750000000000036,True,False,,True,True,True,True,FOMC_20250917,1,False,,0,False,True,False,True
next_observation,BOJ_20250919,BoJ,2025-09-19,2025-09-22,2025-09-23,7734,1,-0.00050786342951382,8.4325,-0.10000000000000142,True,False,,True,True,True,True,FOMC_20250917,1,False,,0,False,True,False,True
next_observation,BOJ_20250919,BoJ,2025-09-19,2025-09-22,2025-09-24,7734,2,0.008498061528165464,8.4075,-0.02499999999999858,True,False,,True,True,True,True,FOMC_20250917,1,False,,0,False,True,False,True
next_observation,BOJ_20250919,BoJ,2025-09-19,2025-09-22,2025-09-25,7734,3,0.005992752998987429,8.3675,-0.040000000000000924,True,False,,True,True,True,True,FOMC_20250917,1,False,,0,False,True,False,True
next_observation,BOJ_20250919,BoJ,2025-09-19,2025-09-22,2025-09-26,7734,4,-0.0020381917275277424,8.3875,0.019999999999999574,True,False,,True,True,True,True,FOMC_20250917,1,False,,0,False,True,False,True
next_observation,BOJ_20250919,BoJ,2025-09-19,2025-09-22,2025-09-29,7734,5,-0.00600501661935447,9.3775,0.9900000000000002,True,False,,True,True,True,True,FOMC_20250917,1,False,,0,False,True,False,True
next_observation,BOJ_20250919,BoJ,2025-09-19,2025-09-22,2025-09-30,7734,6,-0.004688114625314228,9.415,0.037499999999999645,True,False,,True,True,True,True,FOMC_20250917,1,False,,0,False,True,False,True
next_observation,BOJ_20250919,BoJ,2025-09-19,2025-09-22,2025-10-01,7734,7,-0.005593708966234528,9.6275,0.21250000000000036,True,False,,True,True,True,True,FOMC_20250917,1,False,,0,False,True,False,True
next_observation,BOJ_20250919,BoJ,2025-09-19,2025-09-22,2025-10-02,7734,8,0.0012570711900511137,9.045,-0.5824999999999996,True,False,,True,True,True,True,FOMC_20250917,1,False,,0,False,True,False,True
next_observation,BOJ_20250919,BoJ,2025-09-19,2025-09-22,2025-10-03,7734,9,0.0013911275464263515,8.6175,-0.4275000000000002,True,False,,True,True,True,True,FOMC_20250917,1,False,,0,False,True,False,True
next_observation,BOJ_20250919,BoJ,2025-09-19,2025-09-22,2025-10-06,7734,10,0.019375049947541096,8.8275,0.21000000000000085,True,False,,True,True,True,True,FOMC_20250917,1,False,,0,False,True,False,True
next_observation,BOJ_20251030,BoJ,2025-10-30,2025-10-31,2025-10-03,7763,-20,0.0013911275464263515,8.6175,-0.4275000000000002,True,False,,True,True,True,True,FOMC_20251029,1,False,,0,False,True,False,True
next_observation,BOJ_20251030,BoJ,2025-10-30,2025-10-31,2025-10-06,7763,-19,0.019375049947541096,8.8275,0.21000000000000085,True,False,,True,True,True,True,FOMC_20251029,1,False,,0,False,True,False,True
next_observation,BOJ_20251030,BoJ,2025-10-30,2025-10-31,2025-10-07,7763,-18,0.010256500167188841,9.46,0.6325000000000003,True,False,,True,True,True,True,FOMC_20251029,1,False,,0,False,True,False,True
next_observation,BOJ_20251030,BoJ,2025-10-30,2025-10-31,2025-10-08,7763,-17,0.005187312593693163,9.7075,0.24749999999999872,True,False,,True,True,True,True,FOMC_20251029,1,False,,0,False,True,False,True
next_observation,BOJ_20251030,BoJ,2025-10-30,2025-10-31,2025-10-09,7763,-16,0.0025182751685978505,9.725,0.01750000000000007,True,False,,True,True,True,True,FOMC_20251029,1,False,,0,False,True,False,True
next_observation,BOJ_20251030,BoJ,2025-10-30,2025-10-31,2025-10-10,7763,-15,-0.012390673371908275,10.17,0.4450000000000003,True,False,,True,True,True,True,FOMC_20251029,1,False,,0,False,True,False,True
next_observation,BOJ_20251030,BoJ,2025-10-30,2025-10-31,2025-10-13,7763,-14,0.007150772730438327,10.215,0.04499999999999993,True,False,,True,True,True,True,FOMC_20251029,1,False,,0,False,True,False,True
next_observation,BOJ_20251030,BoJ,2025-10-30,2025-10-31,2025-10-14,7763,-13,-0.0028278330037233017,10.1175,-0.09750000000000014,True,False,,True,True,True,True,FOMC_20251029,1,False,,0,False,True,False,True
next_observation,BOJ_20251030,BoJ,2025-10-30,2025-10-31,2025-10-15,7763,-12,-0.005216254812010952,9.8275,-0.28999999999999915,True,False,,True,True,True,True,FOMC_20251029,1,False,,0,False,True,False,True
next_observation,BOJ_20251030,BoJ,2025-10-30,2025-10-31,2025-10-16,7763,-11,-0.004146149197081528,9.635,-0.19250000000000078,True,False,,True,True,True,True,FOMC_20251029,1,False,,0,False,True,False,True
next_observation,BOJ_20251030,BoJ,2025-10-30,2025-10-31,2025-10-17,7763,-10,0.0011626556361437426,9.4975,-0.1374999999999993,True,False,,True,True,True,True,FOMC_20251029,1,False,,0,False,True,False,True
next_observation,BOJ_20251030,BoJ,2025-10-30,2025-10-31,2025-10-20,7763,-9,0.0009291522155111057,8.9275,-0.5700000000000003,True,False,,True,True,True,True,FOMC_20251029,1,False,,0,False,True,False,True
next_observation,BOJ_20251030,BoJ,2025-10-30,2025-10-31,2025-10-21,7763,-8,0.007830220894287882,9.1475,0.22000000000000064,True,False,,True,True,True,True,FOMC_20251029,1,False,,0,False,True,False,True
next_observation,BOJ_20251030,BoJ,2025-10-30,2025-10-31,2025-10-22,7763,-7,0.0003619433104679483,9.0375,-0.11000000000000121,True,False,,True,True,True,True,FOMC_20251029,1,False,,0,False,True,False,True
next_observation,BOJ_20251030,BoJ,2025-10-30,2025-10-31,2025-10-23,7763,-6,0.0038416753589675754,8.9275,-0.10999999999999943,True,False,,True,True,True,True,FOMC_20251029,1,False,,0,False,True,False,True
next_observation,BOJ_20251030,BoJ,2025-10-30,2025-10-31,2025-10-24,7763,-5,0.0018989626896274009,8.5975,-0.33000000000000007,True,False,,True,True,True,True,FOMC_20251029,1,False,,0,False,True,False,True
next_observation,BOJ_20251030,BoJ,2025-10-30,2025-10-31,2025-10-27,7763,-4,9.812419259834699e-05,8.2225,-0.375,True,False,,True,True,True,True,FOMC_20251029,1,False,,0,False,True,False,True
next_observation,BOJ_20251030,BoJ,2025-10-30,2025-10-31,2025-10-28,7763,-3,-0.005016650683684723,8.395,0.17249999999999943,True,False,,True,True,True,True,FOMC_20251029,1,False,,0,False,True,False,True
next_observation,BOJ_20251030,BoJ,2025-10-30,2025-10-31,2025-10-29,7763,-2,0.004034975212179082,8.755,0.3600000000000012,True,False,,True,True,True,True,FOMC_20251029,1,False,,0,False,True,False,True
next_observation,BOJ_20251030,BoJ,2025-10-30,2025-10-31,2025-10-30,7763,-1,0.009189923244554428,8.035,-0.7200000000000006,True,True,FOMC_20251029,True,True,True,True,FOMC_20251029,1,False,,0,False,True,False,True
next_observation,BOJ_20251030,BoJ,2025-10-30,2025-10-31,2025-10-31,7763,0,-0.0009087074263053396,7.815,-0.21999999999999975,True,False,,True,True,True,True,FOMC_20251029,1,False,,0,False,True,False,True
next_observation,BOJ_20251030,BoJ,2025-10-30,2025-10-31,2025-11-03,7763,1,0.0014600200507347081,7.66,-0.15500000000000025,True,False,,True,True,True,True,FOMC_20251029,1,False,,0,False,True,False,True
next_observation,BOJ_20251030,BoJ,2025-10-30,2025-10-31,2025-11-04,7763,2,-0.003572708337573488,8.04,0.379999999999999,True,False,,True,True,True,True,FOMC_20251029,1,False,,0,False,True,False,True
next_observation,BOJ_20251030,BoJ,2025-10-30,2025-10-31,2025-11-05,7763,3,0.0029565154172672926,7.6525,-0.3874999999999993,True,False,,True,True,True,True,FOMC_20251029,1,False,,0,False,True,False,True
next_observation,BOJ_20251030,BoJ,2025-10-30,2025-10-31,2025-11-06,7763,4,-0.00690129370828375,7.9875,0.33499999999999996,True,False,,True,True,True,True,FOMC_20251029,1,False,,0,False,True,False,True
next_observation,BOJ_20251030,BoJ,2025-10-30,2025-10-31,2025-11-07,7763,5,0.0023165907549256627,8.0875,0.10000000000000053,True,False,,True,True,True,True,FOMC_20251029,1,False,,0,False,True,False,True
next_observation,BOJ_20251030,BoJ,2025-10-30,2025-10-31,2025-11-10,7763,6,0.004714459335932033,8.0625,-0.025000000000000355,True,False,,True,True,True,True,FOMC_20251029,1,False,,0,False,True,False,True
next_observation,BOJ_20251030,BoJ,2025-10-30,2025-10-31,2025-11-11,7763,7,9.730623902849011e-05,8.2825,0.22000000000000064,True,False,,True,True,True,True,FOMC_20251029,1,False,,0,False,True,False,True
next_observation,BOJ_20251030,BoJ,2025-10-30,2025-10-31,2025-11-12,7763,8,0.0040783354796753235,8.6725,0.3899999999999988,True,False,,True,True,True,True,FOMC_20251029,1,False,,0,False,True,False,True
next_observation,BOJ_20251030,BoJ,2025-10-30,2025-10-31,2025-11-13,7763,9,-0.001486989121578367,8.7675,0.09500000000000064,True,False,,True,True,True,True,FOMC_20251029,1,False,,0,False,True,False,True
next_observation,BOJ_20251030,BoJ,2025-10-30,2025-10-31,2025-11-14,7763,10,-3.235041974945229e-05,8.82,0.05250000000000021,True,False,,True,True,True,True,FOMC_20251029,1,False,,0,False,True,False,True
next_observation,BOJ_20251219,BoJ,2025-12-19,2025-12-22,2025-11-24,7799,-20,0.0030322881881908394,10.105,-0.019999999999999574,True,False,,True,True,True,True,FOMC_20251210,1,False,,0,False,True,False,True
next_observation,BOJ_20251219,BoJ,2025-12-19,2025-12-22,2025-11-25,7799,-19,-0.005336584157552621,9.67,-0.4350000000000005,True,False,,True,True,True,True,FOMC_20251210,1,False,,0,False,True,False,True
next_observation,BOJ_20251219,BoJ,2025-12-19,2025-12-22,2025-11-26,7799,-18,0.0026878295971774413,9.5075,-0.16249999999999964,True,False,,True,True,True,True,FOMC_20251210,1,False,,0,False,True,False,True
next_observation,BOJ_20251219,BoJ,2025-12-19,2025-12-22,2025-11-27,7799,-17,-0.001023083406586088,9.1175,-0.39000000000000057,True,False,,True,True,True,True,FOMC_20251210,1,False,,0,False,True,False,True
next_observation,BOJ_20251219,BoJ,2025-12-19,2025-12-22,2025-11-28,7799,-16,-0.0008640415277461159,9.16,0.042500000000000426,True,False,,True,True,True,True,FOMC_20251210,1,False,,0,False,True,False,True
next_observation,BOJ_20251219,BoJ,2025-12-19,2025-12-22,2025-12-01,7799,-15,-0.0046208727089654044,9.14,-0.019999999999999574,True,False,,True,True,True,True,FOMC_20251210,1,False,,0,False,True,False,True
next_observation,BOJ_20251219,BoJ,2025-12-19,2025-12-22,2025-12-02,7799,-14,0.0027301797998403043,8.75,-0.39000000000000057,True,False,,True,True,True,True,FOMC_20251210,1,False,,0,False,True,False,True
next_observation,BOJ_20251219,BoJ,2025-12-19,2025-12-22,2025-12-03,7799,-13,-0.004017554056363662,8.385,-0.3650000000000002,True,False,,True,True,True,True,FOMC_20251210,1,False,,0,False,True,False,True
next_observation,BOJ_20251219,BoJ,2025-12-19,2025-12-22,2025-12-04,7799,-12,-0.0009988562316516805,8.2175,-0.16750000000000043,True,False,,True,True,True,True,FOMC_20251210,1,False,,0,False,True,False,True
next_observation,BOJ_20251219,BoJ,2025-12-19,2025-12-22,2025-12-05,7799,-11,0.001514004831215233,8.0325,-0.18499999999999872,True,False,,True,True,True,True,FOMC_20251210,1,False,,0,False,True,False,True
next_observation,BOJ_20251219,BoJ,2025-12-19,2025-12-22,2025-12-08,7799,-10,0.0037589801855972974,8.23,0.1974999999999998,True,False,,True,True,True,True,FOMC_20251210,1,False,,0,False,True,False,True
next_observation,BOJ_20251219,BoJ,2025-12-19,2025-12-22,2025-12-09,7799,-9,0.0061381266887852596,8.2375,0.007500000000000284,True,False,,True,True,True,True,FOMC_20251210,1,False,,0,False,True,False,True
next_observation,BOJ_20251219,BoJ,2025-12-19,2025-12-22,2025-12-10,7799,-8,-0.005496977727923647,8.1375,-0.10000000000000142,True,False,,True,True,True,True,FOMC_20251210,1,False,,0,False,True,False,True
next_observation,BOJ_20251219,BoJ,2025-12-19,2025-12-22,2025-12-11,7799,-7,-0.0027598618332957425,8.2425,0.10500000000000043,True,True,FOMC_20251210,True,True,True,True,FOMC_20251210,1,False,,0,False,True,False,True
next_observation,BOJ_20251219,BoJ,2025-12-19,2025-12-22,2025-12-12,7799,-6,0.0013808830210131058,8.165,-0.07750000000000057,True,False,,True,True,True,True,FOMC_20251210,1,False,,0,False,True,False,True
next_observation,BOJ_20251219,BoJ,2025-12-19,2025-12-22,2025-12-15,7799,-5,-0.0036973373095323192,8.445,0.28000000000000114,True,False,,True,True,True,True,FOMC_20251210,1,False,,0,False,True,False,True
next_observation,BOJ_20251219,BoJ,2025-12-19,2025-12-22,2025-12-16,7799,-4,-0.0033231732981615827,8.025,-0.41999999999999993,True,False,,True,True,True,True,FOMC_20251210,1,False,,0,False,True,False,True
next_observation,BOJ_20251219,BoJ,2025-12-19,2025-12-22,2025-12-17,7799,-3,0.006282135961392544,7.6825,-0.34250000000000025,True,False,,True,True,True,True,FOMC_20251210,1,False,,0,False,True,False,True
next_observation,BOJ_20251219,BoJ,2025-12-19,2025-12-22,2025-12-18,7799,-2,-0.0008996273579370546,7.5125,-0.16999999999999993,True,False,,True,True,True,True,FOMC_20251210,1,False,,0,False,True,False,True
next_observation,BOJ_20251219,BoJ,2025-12-19,2025-12-22,2025-12-19,7799,-1,0.014044278077676437,7.4375,-0.07500000000000018,True,False,,True,True,True,True,FOMC_20251210,1,False,,0,False,True,False,True
next_observation,BOJ_20251219,BoJ,2025-12-19,2025-12-22,2025-12-22,7799,0,-0.004415438948865541,7.9,0.46250000000000036,True,False,,True,True,True,True,FOMC_20251210,1,False,,0,False,True,False,True
next_observation,BOJ_20251219,BoJ,2025-12-19,2025-12-22,2025-12-23,7799,1,-0.0052667820486450665,8.43,0.5299999999999994,True,False,,True,True,True,True,FOMC_20251210,1,False,,0,False,True,False,True
next_observation,BOJ_20251219,BoJ,2025-12-19,2025-12-22,2025-12-24,7799,2,-0.001890026670617243,8.4575,0.027499999999999858,True,False,,True,True,True,True,FOMC_20251210,1,False,,0,False,True,False,True
next_observation,BOJ_20251219,BoJ,2025-12-19,2025-12-22,2025-12-25,7799,3,-0.0006414985625899271,8.6525,0.19500000000000028,True,False,,True,True,True,True,FOMC_20251210,1,False,,0,False,True,False,True
next_observation,BOJ_20251219,BoJ,2025-12-19,2025-12-22,2025-12-26,7799,4,0.004705439132826819,8.515,-0.1374999999999993,True,False,,True,True,True,True,FOMC_20251210,1,False,,0,False,True,False,True
next_observation,BOJ_20251219,BoJ,2025-12-19,2025-12-22,2025-12-29,7799,5,-0.0032306071886782075,8.6225,0.10749999999999993,True,False,,True,True,True,True,FOMC_20251210,1,False,,0,False,True,False,True
next_observation,BOJ_20251219,BoJ,2025-12-19,2025-12-22,2025-12-30,7799,6,0.002176209774912865,8.55,-0.07249999999999979,True,False,,True,True,True,True,FOMC_20251210,1,False,,0,False,True,False,True
next_observation,BOJ_20251219,BoJ,2025-12-19,2025-12-22,2025-12-31,7799,7,0.001980072185004942,8.3425,-0.20750000000000135,True,False,,True,True,True,True,FOMC_20251210,1,False,,0,False,True,False,True
next_observation,BOJ_20251219,BoJ,2025-12-19,2025-12-22,2026-01-01,7799,8,0.0001914119829744388,8.415,0.07249999999999979,True,False,,True,True,True,True,FOMC_20251210,1,False,,0,False,True,False,True
next_observation,BOJ_20251219,BoJ,2025-12-19,2025-12-22,2026-01-02,7799,9,0.0006058963464851804,8.07,-0.34499999999999886,True,False,,True,True,True,True,FOMC_20251210,1,False,,0,False,True,False,True
next_observation,BOJ_20251219,BoJ,2025-12-19,2025-12-22,2026-01-05,7799,10,-0.002905261840768311,8.1825,0.11249999999999893,True,False,,True,True,True,True,FOMC_20251210,1,False,,0,False,True,False,True
next_observation,BOJ_20260123,BoJ,2026-01-23,2026-01-26,2025-12-29,7824,-20,-0.0032306071886782075,8.6225,0.10749999999999993,True,False,,True,True,True,True,FOMC_20260128,1,True,FOMC_20260128,1,False,True,False,False
next_observation,BOJ_20260123,BoJ,2026-01-23,2026-01-26,2025-12-30,7824,-19,0.002176209774912865,8.55,-0.07249999999999979,True,False,,True,True,True,True,FOMC_20260128,1,True,FOMC_20260128,1,False,True,False,False
next_observation,BOJ_20260123,BoJ,2026-01-23,2026-01-26,2025-12-31,7824,-18,0.001980072185004942,8.3425,-0.20750000000000135,True,False,,True,True,True,True,FOMC_20260128,1,True,FOMC_20260128,1,False,True,False,False
next_observation,BOJ_20260123,BoJ,2026-01-23,2026-01-26,2026-01-01,7824,-17,0.0001914119829744388,8.415,0.07249999999999979,True,False,,True,True,True,True,FOMC_20260128,1,True,FOMC_20260128,1,False,True,False,False
next_observation,BOJ_20260123,BoJ,2026-01-23,2026-01-26,2026-01-02,7824,-16,0.0006058963464851804,8.07,-0.34499999999999886,True,False,,True,True,True,True,FOMC_20260128,1,True,FOMC_20260128,1,False,True,False,False
next_observation,BOJ_20260123,BoJ,2026-01-23,2026-01-26,2026-01-05,7824,-15,-0.002905261840768311,8.1825,0.11249999999999893,True,False,,True,True,True,True,FOMC_20260128,1,True,FOMC_20260128,1,False,True,False,False
next_observation,BOJ_20260123,BoJ,2026-01-23,2026-01-26,2026-01-06,7824,-14,0.0016931018148382986,7.925,-0.2574999999999994,True,False,,True,True,True,True,FOMC_20260128,1,True,FOMC_20260128,1,False,True,False,False
next_observation,BOJ_20260123,BoJ,2026-01-23,2026-01-26,2026-01-07,7824,-13,0.000733851316375742,7.6575,-0.26750000000000007,True,False,,True,True,True,True,FOMC_20260128,1,True,FOMC_20260128,1,False,True,False,False
next_observation,BOJ_20260123,BoJ,2026-01-23,2026-01-26,2026-01-08,7824,-12,0.0006376941197513333,7.58,-0.07749999999999968,True,False,,True,True,True,True,FOMC_20260128,1,True,FOMC_20260128,1,False,True,False,False
next_observation,BOJ_20260123,BoJ,2026-01-23,2026-01-26,2026-01-09,7824,-11,0.006513025199469321,8.0225,0.4425000000000008,True,False,,True,True,True,True,FOMC_20260128,1,True,FOMC_20260128,1,False,True,False,False
next_observation,BOJ_20260123,BoJ,2026-01-23,2026-01-26,2026-01-12,7824,-10,0.0015821286089836074,8.1425,0.11999999999999922,True,False,,True,True,True,True,FOMC_20260128,1,True,FOMC_20260128,1,False,True,False,False
next_observation,BOJ_20260123,BoJ,2026-01-23,2026-01-26,2026-01-13,7824,-9,0.006303601306607891,8.7175,0.5749999999999993,True,False,,True,True,True,True,FOMC_20260128,1,True,FOMC_20260128,1,False,True,False,False
next_observation,BOJ_20260123,BoJ,2026-01-23,2026-01-26,2026-01-14,7824,-8,-0.004313676614526401,8.9625,0.245000000000001,True,False,,True,True,True,True,FOMC_20260128,1,True,FOMC_20260128,1,False,True,False,False
next_observation,BOJ_20260123,BoJ,2026-01-23,2026-01-26,2026-01-15,7824,-7,0.0011038050855016468,8.6075,-0.3550000000000004,True,False,,True,True,True,True,FOMC_20260128,1,True,FOMC_20260128,1,False,True,False,False
next_observation,BOJ_20260123,BoJ,2026-01-23,2026-01-26,2026-01-16,7824,-6,-0.003220207991879043,8.3975,-0.20999999999999908,True,False,,True,True,True,True,FOMC_20260128,1,True,FOMC_20260128,1,False,True,False,False
next_observation,BOJ_20260123,BoJ,2026-01-23,2026-01-26,2026-01-19,7824,-5,-6.324510643087997e-05,8.615,0.21749999999999936,True,False,,True,True,True,True,FOMC_20260128,1,True,FOMC_20260128,1,False,True,False,False
next_observation,BOJ_20260123,BoJ,2026-01-23,2026-01-26,2026-01-20,7824,-4,0.0002845714846958349,9.0975,0.48249999999999993,True,False,,True,True,True,True,FOMC_20260128,1,True,FOMC_20260128,1,False,True,False,False
next_observation,BOJ_20260123,BoJ,2026-01-23,2026-01-26,2026-01-21,7824,-3,0.0008848159844136908,8.82,-0.27749999999999986,True,False,,True,True,True,True,FOMC_20260128,1,True,FOMC_20260128,1,False,True,False,False
next_observation,BOJ_20260123,BoJ,2026-01-23,2026-01-26,2026-01-22,7824,-2,0.0007262279095960764,9.0175,0.1974999999999998,True,False,,True,True,True,True,FOMC_20260128,1,True,FOMC_20260128,1,False,True,False,False
next_observation,BOJ_20260123,BoJ,2026-01-23,2026-01-26,2026-01-23,7824,-1,-0.01728764341433476,9.8775,0.8599999999999994,True,False,,True,True,True,True,FOMC_20260128,1,True,FOMC_20260128,1,False,True,False,False
next_observation,BOJ_20260123,BoJ,2026-01-23,2026-01-26,2026-01-26,7824,0,-0.009778214255308356,10.295,0.4175000000000004,True,False,,True,True,True,True,FOMC_20260128,1,True,FOMC_20260128,1,False,True,False,False
next_observation,BOJ_20260123,BoJ,2026-01-23,2026-01-26,2026-01-27,7824,1,-0.012859604739540611,11.2,0.9049999999999994,True,False,,True,True,True,True,FOMC_20260128,1,True,FOMC_20260128,1,False,True,False,False
next_observation,BOJ_20260123,BoJ,2026-01-23,2026-01-26,2026-01-28,7824,2,0.007885521433438424,10.1475,-1.0524999999999984,True,False,,True,True,True,True,FOMC_20260128,1,True,FOMC_20260128,1,False,True,False,False
next_observation,BOJ_20260123,BoJ,2026-01-23,2026-01-26,2026-01-29,7824,3,-0.001990050408010036,10.325,0.17749999999999844,True,True,FOMC_20260128,True,True,True,True,FOMC_20260128,1,True,FOMC_20260128,1,False,True,False,False
next_observation,BOJ_20260123,BoJ,2026-01-23,2026-01-26,2026-01-30,7824,4,0.01084813652530915,9.9225,-0.40249999999999986,True,False,,True,True,True,True,FOMC_20260128,1,True,FOMC_20260128,1,False,True,False,False
next_observation,BOJ_20260123,BoJ,2026-01-23,2026-01-26,2026-02-02,7824,5,0.005444513376659042,9.1,-0.8224999999999998,True,False,,True,True,True,True,FOMC_20260128,1,True,FOMC_20260128,1,False,True,False,False
next_observation,BOJ_20260123,BoJ,2026-01-23,2026-01-26,2026-02-03,7824,6,0.0008028904485905621,8.895,-0.20500000000000007,True,False,,True,True,True,True,FOMC_20260128,1,True,FOMC_20260128,1,False,True,False,False
next_observation,BOJ_20260123,BoJ,2026-01-23,2026-01-26,2026-02-04,7824,7,0.007069654051099249,9.43,0.5350000000000001,True,False,,True,True,True,True,FOMC_20260128,1,True,FOMC_20260128,1,False,True,False,False
next_observation,BOJ_20260123,BoJ,2026-01-23,2026-01-26,2026-02-05,7824,8,0.0012105767645982893,10.015,0.5850000000000009,True,False,,True,True,True,True,FOMC_20260128,1,True,FOMC_20260128,1,False,True,False,False
next_observation,BOJ_20260123,BoJ,2026-01-23,2026-01-26,2026-02-06,7824,9,0.0011455119463069014,10.1125,0.09750000000000014,True,False,,True,True,True,True,FOMC_20260128,1,True,FOMC_20260128,1,False,True,False,False
next_observation,BOJ_20260123,BoJ,2026-01-23,2026-01-26,2026-02-09,7824,10,-0.008559344517617563,9.2175,-0.8950000000000014,True,False,,True,True,True,True,FOMC_20260128,1,True,FOMC_20260128,1,False,True,False,False
next_observation,BOJ_20260319,BoJ,2026-03-19,2026-03-20,2026-02-20,7863,-20,0.00022575911598331363,9.43,-0.20500000000000007,True,False,,True,True,True,True,FOMC_20260318,1,False,,0,False,True,False,True
next_observation,BOJ_20260319,BoJ,2026-03-19,2026-03-20,2026-02-23,7863,-19,-0.0025831464153793196,9.6625,0.23249999999999993,True,False,,True,True,True,True,FOMC_20260318,1,False,,0,False,True,False,True
next_observation,BOJ_20260319,BoJ,2026-03-19,2026-03-20,2026-02-24,7863,-18,0.007857827369880948,9.3575,-0.3049999999999997,True,False,,True,True,True,True,FOMC_20260318,1,False,,0,False,True,False,True
next_observation,BOJ_20260319,BoJ,2026-03-19,2026-03-20,2026-02-25,7863,-17,0.0031706914003740093,9.21,-0.14749999999999908,True,False,,True,True,True,True,FOMC_20260318,1,False,,0,False,True,False,True
next_observation,BOJ_20260319,BoJ,2026-03-19,2026-03-20,2026-02-26,7863,-16,-0.0015360494555919837,8.8925,-0.3175000000000008,True,False,,True,True,True,True,FOMC_20260318,1,False,,0,False,True,False,True
next_observation,BOJ_20260319,BoJ,2026-03-19,2026-03-20,2026-02-27,7863,-15,-0.0004484592297595122,8.8875,-0.005000000000000782,True,False,,True,True,True,True,FOMC_20260318,1,False,,0,False,True,False,True
next_observation,BOJ_20260319,BoJ,2026-03-19,2026-03-20,2026-03-02,7863,-14,0.008550060062001711,9.6575,0.7700000000000014,True,False,,True,True,True,True,FOMC_20260318,1,False,,0,False,True,False,True
next_observation,BOJ_20260319,BoJ,2026-03-19,2026-03-20,2026-03-03,7863,-13,0.0021578404590347896,9.9875,0.33000000000000007,True,False,,True,True,True,True,FOMC_20260318,1,False,,0,False,True,False,True
next_observation,BOJ_20260319,BoJ,2026-03-19,2026-03-20,2026-03-04,7863,-12,-0.004288511790290181,9.61,-0.3775000000000013,True,False,,True,True,True,True,FOMC_20260318,1,False,,0,False,True,False,True
next_observation,BOJ_20260319,BoJ,2026-03-19,2026-03-20,2026-03-05,7863,-11,0.0033688256872512904,9.5625,-0.04749999999999943,True,False,,True,True,True,True,FOMC_20260318,1,False,,0,False,True,False,True
next_observation,BOJ_20260319,BoJ,2026-03-19,2026-03-20,2026-03-06,7863,-10,0.0012049340329635912,9.6075,0.04499999999999993,True,False,,True,True,True,True,FOMC_20260318,1,False,,0,False,True,False,True
next_observation,BOJ_20260319,BoJ,2026-03-19,2026-03-20,2026-03-09,7863,-9,-0.0007291287235161682,9.645,0.037499999999999645,True,False,,True,True,True,True,FOMC_20260318,1,False,,0,False,True,False,True
next_observation,BOJ_20260319,BoJ,2026-03-19,2026-03-20,2026-03-10,7863,-8,0.0024389097181993767,8.9775,-0.6675000000000004,True,False,,True,True,True,True,FOMC_20260318,1,False,,0,False,True,False,True
next_observation,BOJ_20260319,BoJ,2026-03-19,2026-03-20,2026-03-11,7863,-7,0.005678248695184806,9.57,0.5925000000000011,True,False,,True,True,True,True,FOMC_20260318,1,False,,0,False,True,False,True
next_observation,BOJ_20260319,BoJ,2026-03-19,2026-03-20,2026-03-12,7863,-6,0.0024819755432748964,9.605,0.03500000000000014,True,False,,True,True,True,True,FOMC_20260318,1,False,,0,False,True,False,True
next_observation,BOJ_20260319,BoJ,2026-03-19,2026-03-20,2026-03-13,7863,-5,0.002444529235370175,9.93,0.3249999999999993,True,False,,True,True,True,True,FOMC_20260318,1,False,,0,False,True,False,True
next_observation,BOJ_20260319,BoJ,2026-03-19,2026-03-20,2026-03-16,7863,-4,-0.004140403016601083,9.73,-0.1999999999999993,True,False,,True,True,True,True,FOMC_20260318,1,False,,0,False,True,False,True
next_observation,BOJ_20260319,BoJ,2026-03-19,2026-03-20,2026-03-17,7863,-3,-0.0004715868986242526,9.255,-0.47499999999999964,True,False,,True,True,True,True,FOMC_20260318,1,False,,0,False,True,False,True
next_observation,BOJ_20260319,BoJ,2026-03-19,2026-03-20,2026-03-18,7863,-2,0.0053942299776416095,9.7225,0.46749999999999936,True,False,,True,True,True,True,FOMC_20260318,1,False,,0,False,True,False,True
next_observation,BOJ_20260319,BoJ,2026-03-19,2026-03-20,2026-03-19,7863,-1,-0.013413721698490437,9.725,0.0024999999999995026,True,True,FOMC_20260318,True,True,True,True,FOMC_20260318,1,False,,0,False,True,False,True
next_observation,BOJ_20260319,BoJ,2026-03-19,2026-03-20,2026-03-20,7863,0,0.009464987368952224,9.885,0.16000000000000014,True,False,,True,True,True,True,FOMC_20260318,1,False,,0,False,True,False,True
next_observation,BOJ_20260319,BoJ,2026-03-19,2026-03-20,2026-03-23,7863,1,-0.004942167925099694,9.5575,-0.32750000000000057,True,False,,True,True,True,True,FOMC_20260318,1,False,,0,False,True,False,True
next_observation,BOJ_20260319,BoJ,2026-03-19,2026-03-20,2026-03-24,7863,2,0.0016080975891280818,9.26,-0.29749999999999943,True,False,,True,True,True,True,FOMC_20260318,1,False,,0,False,True,False,True
next_observation,BOJ_20260319,BoJ,2026-03-19,2026-03-20,2026-03-25,7863,3,0.004840189227517469,9.105,-0.15499999999999936,True,False,,True,True,True,True,FOMC_20260318,1,False,,0,False,True,False,True
next_observation,BOJ_20260319,BoJ,2026-03-19,2026-03-20,2026-03-26,7863,4,0.002161079501198514,9.2725,0.16750000000000043,True,False,,True,True,True,True,FOMC_20260318,1,False,,0,False,True,False,True
next_observation,BOJ_20260319,BoJ,2026-03-19,2026-03-20,2026-03-27,7863,5,0.0030925444405027177,9.925,0.6524999999999999,True,False,,True,True,True,True,FOMC_20260318,1,False,,0,False,True,False,True
next_observation,BOJ_20260319,BoJ,2026-03-19,2026-03-20,2026-03-30,7863,6,-0.003749770033364186,9.89,-0.03500000000000014,True,False,,True,True,True,True,FOMC_20260318,1,False,,0,False,True,False,True
next_observation,BOJ_20260319,BoJ,2026-03-19,2026-03-20,2026-03-31,7863,7,-0.006218027131655423,9.535,-0.3550000000000004,True,False,,True,True,True,True,FOMC_20260318,1,False,,0,False,True,False,True
next_observation,BOJ_20260319,BoJ,2026-03-19,2026-03-20,2026-04-01,7863,8,0.00062984193050211,9.1075,-0.4275000000000002,True,False,,True,True,True,True,FOMC_20260318,1,False,,0,False,True,False,True
next_observation,BOJ_20260319,BoJ,2026-03-19,2026-03-20,2026-04-02,7863,9,0.0048678707370995045,9.0675,-0.03999999999999915,True,False,,True,True,True,True,FOMC_20260318,1,False,,0,False,True,False,True
next_observation,BOJ_20260319,BoJ,2026-03-19,2026-03-20,2026-04-03,7863,10,0.0004385140707994169,8.8925,-0.1750000000000007,True,False,,True,True,True,True,FOMC_20260318,1,False,,0,False,True,False,True
next_observation,BOJ_20260428,BoJ,2026-04-28,2026-04-29,2026-04-01,7891,-20,0.00062984193050211,9.1075,-0.4275000000000002,True,False,,True,True,True,True,FOMC_20260429,1,True,FOMC_20260429,1,False,True,False,False
next_observation,BOJ_20260428,BoJ,2026-04-28,2026-04-29,2026-04-02,7891,-19,0.0048678707370995045,9.0675,-0.03999999999999915,True,False,,True,True,True,True,FOMC_20260429,1,True,FOMC_20260429,1,False,True,False,False
next_observation,BOJ_20260428,BoJ,2026-04-28,2026-04-29,2026-04-03,7891,-18,0.0004385140707994169,8.8925,-0.1750000000000007,True,False,,True,True,True,True,FOMC_20260429,1,True,FOMC_20260429,1,False,True,False,False
next_observation,BOJ_20260428,BoJ,2026-04-28,2026-04-29,2026-04-06,7891,-17,0.00012525442321055977,8.77,-0.1225000000000005,True,False,,True,True,True,True,FOMC_20260429,1,True,FOMC_20260429,1,False,True,False,False
next_observation,BOJ_20260428,BoJ,2026-04-28,2026-04-29,2026-04-07,7891,-16,-0.0003758103454709543,8.8525,0.08249999999999957,True,False,,True,True,True,True,FOMC_20260429,1,True,FOMC_20260429,1,False,True,False,False
next_observation,BOJ_20260428,BoJ,2026-04-28,2026-04-29,2026-04-08,7891,-15,-0.006599646832742589,8.235,-0.6174999999999997,True,False,,True,True,True,True,FOMC_20260429,1,True,FOMC_20260429,1,False,True,False,False
next_observation,BOJ_20260428,BoJ,2026-04-28,2026-04-29,2026-04-09,7891,-14,0.00242493072360079,7.885,-0.34999999999999964,True,False,,True,True,True,True,FOMC_20260429,1,True,FOMC_20260429,1,False,True,False,False
next_observation,BOJ_20260428,BoJ,2026-04-28,2026-04-29,2026-04-10,7891,-13,0.0019168832957311597,7.6875,-0.1974999999999998,True,False,,True,True,True,True,FOMC_20260429,1,True,FOMC_20260429,1,False,True,False,False
next_observation,BOJ_20260428,BoJ,2026-04-28,2026-04-29,2026-04-13,7891,-12,0.0011609119167739523,7.855,0.16750000000000043,True,False,,True,True,True,True,FOMC_20260429,1,True,FOMC_20260429,1,False,True,False,False
next_observation,BOJ_20260428,BoJ,2026-04-28,2026-04-29,2026-04-14,7891,-11,-0.004147818918060691,7.85,-0.005000000000000782,True,False,,True,True,True,True,FOMC_20260429,1,True,FOMC_20260429,1,False,True,False,False
next_observation,BOJ_20260428,BoJ,2026-04-28,2026-04-29,2026-04-15,7891,-10,0.0013216276822256158,7.6625,-0.1875,True,False,,True,True,True,True,FOMC_20260429,1,True,FOMC_20260429,1,False,True,False,False
next_observation,BOJ_20260428,BoJ,2026-04-28,2026-04-29,2026-04-16,7891,-9,0.0010371977734319477,7.685,0.022499999999999964,True,False,,True,True,True,True,FOMC_20260429,1,True,FOMC_20260429,1,False,True,False,False
next_observation,BOJ_20260428,BoJ,2026-04-28,2026-04-29,2026-04-17,7891,-8,-0.003272398376633026,7.985,0.3000000000000007,True,False,,True,True,True,True,FOMC_20260429,1,True,FOMC_20260429,1,False,True,False,False
next_observation,BOJ_20260428,BoJ,2026-04-28,2026-04-29,2026-04-20,7891,-7,0.0010710011733746933,7.5825,-0.40250000000000075,True,False,,True,True,True,True,FOMC_20260429,1,True,FOMC_20260429,1,False,True,False,False
next_observation,BOJ_20260428,BoJ,2026-04-28,2026-04-29,2026-04-21,7891,-6,0.0035199131222855094,7.535,-0.04749999999999943,True,False,,True,True,True,True,FOMC_20260429,1,True,FOMC_20260429,1,False,True,False,False
next_observation,BOJ_20260428,BoJ,2026-04-28,2026-04-29,2026-04-22,7891,-5,0.0006586066004637371,7.2925,-0.24249999999999972,True,False,,True,True,True,True,FOMC_20260429,1,True,FOMC_20260429,1,False,True,False,False
next_observation,BOJ_20260428,BoJ,2026-04-28,2026-04-29,2026-04-23,7891,-4,0.0014411481550636173,7.4925,0.1999999999999993,True,False,,True,True,True,True,FOMC_20260429,1,True,FOMC_20260429,1,False,True,False,False
next_observation,BOJ_20260428,BoJ,2026-04-28,2026-04-29,2026-04-24,7891,-3,-0.0020997547555273587,7.3325,-0.16000000000000014,True,False,,True,True,True,True,FOMC_20260429,1,True,FOMC_20260429,1,False,True,False,False
next_observation,BOJ_20260428,BoJ,2026-04-28,2026-04-29,2026-04-27,7891,-2,0.00028231308708669665,7.34,0.007500000000000284,True,False,,True,True,True,True,FOMC_20260429,1,True,FOMC_20260429,1,False,True,False,False
next_observation,BOJ_20260428,BoJ,2026-04-28,2026-04-29,2026-04-28,7891,-1,0.0012537614480855835,6.91,-0.4299999999999997,True,False,,True,True,True,True,FOMC_20260429,1,True,FOMC_20260429,1,False,True,False,False
next_observation,BOJ_20260428,BoJ,2026-04-28,2026-04-29,2026-04-29,7891,0,0.004968216821659374,7.435,0.5249999999999995,True,False,,True,True,True,True,FOMC_20260429,1,True,FOMC_20260429,1,False,True,False,False
next_observation,BOJ_20260428,BoJ,2026-04-28,2026-04-29,2026-04-30,7891,1,-0.024133282712170693,8.2575,0.8225000000000007,True,True,FOMC_20260429,True,True,True,True,FOMC_20260429,1,True,FOMC_20260429,1,False,True,False,False
next_observation,BOJ_20260428,BoJ,2026-04-28,2026-04-29,2026-05-01,7891,2,0.0027104176284413503,8.275,0.01750000000000007,True,False,,True,True,True,True,FOMC_20260429,1,True,FOMC_20260429,1,False,True,False,False
next_observation,BOJ_20260428,BoJ,2026-04-28,2026-04-29,2026-05-04,7891,3,0.0014319583678668382,8.1575,-0.11749999999999972,True,False,,True,True,True,True,FOMC_20260429,1,True,FOMC_20260429,1,False,True,False,False
next_observation,BOJ_20260428,BoJ,2026-04-28,2026-04-29,2026-05-05,7891,4,0.004093619362012969,7.555,-0.6025000000000009,True,False,,True,True,True,True,FOMC_20260429,1,True,FOMC_20260429,1,False,True,False,False
next_observation,BOJ_20260428,BoJ,2026-04-28,2026-04-29,2026-05-06,7891,5,-0.009514032467548303,8.0175,0.46250000000000036,True,False,,True,True,True,True,FOMC_20260429,1,True,FOMC_20260429,1,False,True,False,False
next_observation,BOJ_20260428,BoJ,2026-04-28,2026-04-29,2026-05-07,7891,6,0.003415096755471437,7.9075,-0.11000000000000032,True,False,,True,True,True,True,FOMC_20260429,1,True,FOMC_20260429,1,False,True,False,False
next_observation,BOJ_20260428,BoJ,2026-04-28,2026-04-29,2026-05-08,7891,7,-0.0015305637374606247,7.4675,-0.4399999999999995,True,False,,True,True,True,True,FOMC_20260429,1,True,FOMC_20260429,1,False,True,False,False
next_observation,BOJ_20260428,BoJ,2026-04-28,2026-04-29,2026-05-11,7891,8,0.003217844274011618,7.2225,-0.2450000000000001,True,False,,True,True,True,True,FOMC_20260429,1,True,FOMC_20260429,1,False,True,False,False
next_observation,BOJ_20260428,BoJ,2026-04-28,2026-04-29,2026-05-12,7891,9,0.002763529544937071,7.28,0.05750000000000011,True,False,,True,True,True,True,FOMC_20260429,1,True,FOMC_20260429,1,False,True,False,False
next_observation,BOJ_20260428,BoJ,2026-04-28,2026-04-29,2026-05-13,7891,10,0.0015214431284401738,7.07,-0.20999999999999996,True,False,,True,True,True,True,FOMC_20260429,1,True,FOMC_20260429,1,False,True,False,False
