market_seed,contrast_name,reference_case,comparison_case,scientific_role,metric,reference_value,comparison_value,paired_difference,favourable_direction,units
20261001,Sparse periodic minus dense periodic,dense_periodic,sparse_periodic,frequency/spacing,parametric_profile_RMSE,0.00015362967664653255,0.0006278142322179727,0.00047418455557144014,context dependent,native
20261002,Sparse periodic minus dense periodic,dense_periodic,sparse_periodic,frequency/spacing,parametric_profile_RMSE,0.000536101151030178,0.0003430776150474237,-0.00019302353598275434,context dependent,native
20261003,Sparse periodic minus dense periodic,dense_periodic,sparse_periodic,frequency/spacing,parametric_profile_RMSE,0.0002516600184937046,0.0006976202600360307,0.00044596024154232614,context dependent,native
20261004,Sparse periodic minus dense periodic,dense_periodic,sparse_periodic,frequency/spacing,parametric_profile_RMSE,0.00015161753388186368,0.0005764131097505218,0.00042479557586865815,context dependent,native
20261005,Sparse periodic minus dense periodic,dense_periodic,sparse_periodic,frequency/spacing,parametric_profile_RMSE,0.00048318309488082714,0.00026051607320891573,-0.0002226670216719114,context dependent,native
20261006,Sparse periodic minus dense periodic,dense_periodic,sparse_periodic,frequency/spacing,parametric_profile_RMSE,0.00011633286980250924,0.0007701106473690381,0.0006537777775665289,context dependent,native
20261007,Sparse periodic minus dense periodic,dense_periodic,sparse_periodic,frequency/spacing,parametric_profile_RMSE,0.00012258455789325025,0.00022659918807400612,0.00010401463018075587,context dependent,native
20261008,Sparse periodic minus dense periodic,dense_periodic,sparse_periodic,frequency/spacing,parametric_profile_RMSE,0.0002561558980836981,0.0009908537115076096,0.0007346978134239115,context dependent,native
20261009,Sparse periodic minus dense periodic,dense_periodic,sparse_periodic,frequency/spacing,parametric_profile_RMSE,0.0002485058158809434,7.83694425967074e-05,-0.00017013637328423603,context dependent,native
20261010,Sparse periodic minus dense periodic,dense_periodic,sparse_periodic,frequency/spacing,parametric_profile_RMSE,3.0567795288862774e-05,0.000765396065667312,0.0007348282703784492,context dependent,native
20261011,Sparse periodic minus dense periodic,dense_periodic,sparse_periodic,frequency/spacing,parametric_profile_RMSE,0.00015234322236834115,0.00031108017742936117,0.00015873695506102002,context dependent,native
20261012,Sparse periodic minus dense periodic,dense_periodic,sparse_periodic,frequency/spacing,parametric_profile_RMSE,0.00016351565693051726,0.0006757597723380344,0.0005122441154075171,context dependent,native
20261013,Sparse periodic minus dense periodic,dense_periodic,sparse_periodic,frequency/spacing,parametric_profile_RMSE,0.0002273151223214067,0.0002713580790983224,4.4042956776915666e-05,context dependent,native
20261014,Sparse periodic minus dense periodic,dense_periodic,sparse_periodic,frequency/spacing,parametric_profile_RMSE,0.0008351746454663379,0.0007719002457462602,-6.327439972007767e-05,context dependent,native
20261015,Sparse periodic minus dense periodic,dense_periodic,sparse_periodic,frequency/spacing,parametric_profile_RMSE,0.0002608356698683747,0.000556714320844877,0.00029587865097650227,context dependent,native
20261016,Sparse periodic minus dense periodic,dense_periodic,sparse_periodic,frequency/spacing,parametric_profile_RMSE,0.00018613495202509926,0.0002703123681538542,8.417741612875491e-05,context dependent,native
20261017,Sparse periodic minus dense periodic,dense_periodic,sparse_periodic,frequency/spacing,parametric_profile_RMSE,0.0008927969699769182,0.00011155841691615201,-0.0007812385530607662,context dependent,native
20261018,Sparse periodic minus dense periodic,dense_periodic,sparse_periodic,frequency/spacing,parametric_profile_RMSE,0.00046031662223509906,0.0003328741556826598,-0.00012744246655243928,context dependent,native
20261019,Sparse periodic minus dense periodic,dense_periodic,sparse_periodic,frequency/spacing,parametric_profile_RMSE,0.0004150456312637778,0.0010323033400882653,0.0006172577088244876,context dependent,native
20261020,Sparse periodic minus dense periodic,dense_periodic,sparse_periodic,frequency/spacing,parametric_profile_RMSE,0.0006876604054528346,0.0002962456221026028,-0.00039141478335023177,context dependent,native
20261021,Sparse periodic minus dense periodic,dense_periodic,sparse_periodic,frequency/spacing,parametric_profile_RMSE,0.0007566765782358078,0.0011956652344583167,0.0004389886562225089,context dependent,native
20261022,Sparse periodic minus dense periodic,dense_periodic,sparse_periodic,frequency/spacing,parametric_profile_RMSE,0.0002900690386892418,0.0005570164964658813,0.00026694745777663953,context dependent,native
20261023,Sparse periodic minus dense periodic,dense_periodic,sparse_periodic,frequency/spacing,parametric_profile_RMSE,8.031416479189345e-05,0.00040371888917871933,0.00032340472438682587,context dependent,native
20261024,Sparse periodic minus dense periodic,dense_periodic,sparse_periodic,frequency/spacing,parametric_profile_RMSE,0.0002445707514047858,0.0004450303377407223,0.0002004595863359365,context dependent,native
20261025,Sparse periodic minus dense periodic,dense_periodic,sparse_periodic,frequency/spacing,parametric_profile_RMSE,0.0004056701683359191,0.0007862798712891197,0.0003806097029532006,context dependent,native
20261026,Sparse periodic minus dense periodic,dense_periodic,sparse_periodic,frequency/spacing,parametric_profile_RMSE,2.7496398833128547e-05,0.0007315445908928299,0.0007040481920597013,context dependent,native
20261027,Sparse periodic minus dense periodic,dense_periodic,sparse_periodic,frequency/spacing,parametric_profile_RMSE,0.00015933296681329778,0.0005538727116783426,0.0003945397448650448,context dependent,native
20261028,Sparse periodic minus dense periodic,dense_periodic,sparse_periodic,frequency/spacing,parametric_profile_RMSE,0.0003128148883167372,0.0006460010387317563,0.0003331861504150191,context dependent,native
20261029,Sparse periodic minus dense periodic,dense_periodic,sparse_periodic,frequency/spacing,parametric_profile_RMSE,8.74624670622972e-05,0.0007910511253102521,0.0007035886582479548,context dependent,native
20261030,Sparse periodic minus dense periodic,dense_periodic,sparse_periodic,frequency/spacing,parametric_profile_RMSE,0.0004350712301344975,0.0007124995848079335,0.00027742835467343605,context dependent,native
20261031,Sparse periodic minus dense periodic,dense_periodic,sparse_periodic,frequency/spacing,parametric_profile_RMSE,0.00013926271274263593,0.0003889752402557988,0.0002497125275131629,context dependent,native
20261032,Sparse periodic minus dense periodic,dense_periodic,sparse_periodic,frequency/spacing,parametric_profile_RMSE,0.000543016946694232,0.0004550624110531227,-8.795453564110933e-05,context dependent,native
20261033,Sparse periodic minus dense periodic,dense_periodic,sparse_periodic,frequency/spacing,parametric_profile_RMSE,0.0002875757172452563,0.0002542734738737754,-3.3302243371480873e-05,context dependent,native
20261034,Sparse periodic minus dense periodic,dense_periodic,sparse_periodic,frequency/spacing,parametric_profile_RMSE,0.0008384073029510449,0.0014485563361641778,0.0006101490332131329,context dependent,native
20261035,Sparse periodic minus dense periodic,dense_periodic,sparse_periodic,frequency/spacing,parametric_profile_RMSE,0.00016247999760638982,0.0005599013967717746,0.0003974213991653848,context dependent,native
20261036,Sparse periodic minus dense periodic,dense_periodic,sparse_periodic,frequency/spacing,parametric_profile_RMSE,0.0004616525790967017,0.00039013189146396395,-7.152068763273774e-05,context dependent,native
20261037,Sparse periodic minus dense periodic,dense_periodic,sparse_periodic,frequency/spacing,parametric_profile_RMSE,0.0003833851906259702,0.0006849816652457098,0.0003015964746197396,context dependent,native
20261038,Sparse periodic minus dense periodic,dense_periodic,sparse_periodic,frequency/spacing,parametric_profile_RMSE,0.00041771700852249154,0.0008298217146352656,0.00041210470611277404,context dependent,native
20261039,Sparse periodic minus dense periodic,dense_periodic,sparse_periodic,frequency/spacing,parametric_profile_RMSE,0.0002534593430137246,0.0008319317170039643,0.0005784723739902396,context dependent,native
20261040,Sparse periodic minus dense periodic,dense_periodic,sparse_periodic,frequency/spacing,parametric_profile_RMSE,0.0002791713386869162,0.0003531861671407146,7.401482845379841e-05,context dependent,native
20261041,Sparse periodic minus dense periodic,dense_periodic,sparse_periodic,frequency/spacing,parametric_profile_RMSE,0.0003836741097313834,0.0004492218588646691,6.554774913328568e-05,context dependent,native
20261042,Sparse periodic minus dense periodic,dense_periodic,sparse_periodic,frequency/spacing,parametric_profile_RMSE,0.00032927571109335864,0.00021500166261669514,-0.0001142740484766635,context dependent,native
20261043,Sparse periodic minus dense periodic,dense_periodic,sparse_periodic,frequency/spacing,parametric_profile_RMSE,0.0004954086826921758,0.00023116449173033206,-0.00026424419096184374,context dependent,native
20261044,Sparse periodic minus dense periodic,dense_periodic,sparse_periodic,frequency/spacing,parametric_profile_RMSE,0.0005116076882507438,0.0006804261655284151,0.00016881847727767132,context dependent,native
20261045,Sparse periodic minus dense periodic,dense_periodic,sparse_periodic,frequency/spacing,parametric_profile_RMSE,0.0004819206171437166,0.0005765136062103344,9.459298906661778e-05,context dependent,native
20261046,Sparse periodic minus dense periodic,dense_periodic,sparse_periodic,frequency/spacing,parametric_profile_RMSE,0.0003694917546036265,0.0006157084065844797,0.0002462166519808532,context dependent,native
20261047,Sparse periodic minus dense periodic,dense_periodic,sparse_periodic,frequency/spacing,parametric_profile_RMSE,7.988106697460997e-05,0.00033552860464487234,0.0002556475376702624,context dependent,native
20261048,Sparse periodic minus dense periodic,dense_periodic,sparse_periodic,frequency/spacing,parametric_profile_RMSE,0.00018435062233224575,0.00040801280932988455,0.0002236621869976388,context dependent,native
20261049,Sparse periodic minus dense periodic,dense_periodic,sparse_periodic,frequency/spacing,parametric_profile_RMSE,0.00036384611995977695,0.0005381051947243698,0.0001742590747645928,context dependent,native
20261050,Sparse periodic minus dense periodic,dense_periodic,sparse_periodic,frequency/spacing,parametric_profile_RMSE,0.0006617771122514863,0.0003622246562376007,-0.00029955245601388564,context dependent,native
20261001,Sparse periodic minus dense periodic,dense_periodic,sparse_periodic,frequency/spacing,nonparametric_profile_RMSE,0.0017390983852925835,0.0015747325371853317,-0.00016436584810725183,context dependent,native
20261002,Sparse periodic minus dense periodic,dense_periodic,sparse_periodic,frequency/spacing,nonparametric_profile_RMSE,0.0009110132642982182,0.0013460136176022752,0.00043500035330405697,context dependent,native
20261003,Sparse periodic minus dense periodic,dense_periodic,sparse_periodic,frequency/spacing,nonparametric_profile_RMSE,0.0013406854409215927,0.0015863836327831675,0.00024569819186157473,context dependent,native
20261004,Sparse periodic minus dense periodic,dense_periodic,sparse_periodic,frequency/spacing,nonparametric_profile_RMSE,0.0019194925442106475,0.0012848773660789035,-0.000634615178131744,context dependent,native
20261005,Sparse periodic minus dense periodic,dense_periodic,sparse_periodic,frequency/spacing,nonparametric_profile_RMSE,0.002076628991355809,0.0017149055056930576,-0.00036172348566275154,context dependent,native
20261006,Sparse periodic minus dense periodic,dense_periodic,sparse_periodic,frequency/spacing,nonparametric_profile_RMSE,0.0016161718451699028,0.0021528650865094805,0.0005366932413395776,context dependent,native
20261007,Sparse periodic minus dense periodic,dense_periodic,sparse_periodic,frequency/spacing,nonparametric_profile_RMSE,0.0015706192215443962,0.0016710009390697312,0.00010038171752533502,context dependent,native
20261008,Sparse periodic minus dense periodic,dense_periodic,sparse_periodic,frequency/spacing,nonparametric_profile_RMSE,0.0019258307673038569,0.0024060216346840487,0.0004801908673801919,context dependent,native
20261009,Sparse periodic minus dense periodic,dense_periodic,sparse_periodic,frequency/spacing,nonparametric_profile_RMSE,0.000880916747633506,0.0019478301057424415,0.0010669133581089354,context dependent,native
20261010,Sparse periodic minus dense periodic,dense_periodic,sparse_periodic,frequency/spacing,nonparametric_profile_RMSE,0.0014858006198733818,0.0018625065953624372,0.0003767059754890554,context dependent,native
20261011,Sparse periodic minus dense periodic,dense_periodic,sparse_periodic,frequency/spacing,nonparametric_profile_RMSE,0.0015320035794856952,0.0018109702300201998,0.0002789666505345046,context dependent,native
20261012,Sparse periodic minus dense periodic,dense_periodic,sparse_periodic,frequency/spacing,nonparametric_profile_RMSE,0.0019847659433485957,0.0015280557252326586,-0.00045671021811593713,context dependent,native
20261013,Sparse periodic minus dense periodic,dense_periodic,sparse_periodic,frequency/spacing,nonparametric_profile_RMSE,0.0016562578717398023,0.000912387915302658,-0.0007438699564371443,context dependent,native
20261014,Sparse periodic minus dense periodic,dense_periodic,sparse_periodic,frequency/spacing,nonparametric_profile_RMSE,0.0017688698277279035,0.0022769430847204802,0.0005080732569925767,context dependent,native
20261015,Sparse periodic minus dense periodic,dense_periodic,sparse_periodic,frequency/spacing,nonparametric_profile_RMSE,0.0015595669345279612,0.002452331192301661,0.0008927642577736998,context dependent,native
20261016,Sparse periodic minus dense periodic,dense_periodic,sparse_periodic,frequency/spacing,nonparametric_profile_RMSE,0.00229936725740263,0.0029290862200512975,0.0006297189626486674,context dependent,native
20261017,Sparse periodic minus dense periodic,dense_periodic,sparse_periodic,frequency/spacing,nonparametric_profile_RMSE,0.0027964520174527997,0.0026411937045682544,-0.00015525831288454523,context dependent,native
20261018,Sparse periodic minus dense periodic,dense_periodic,sparse_periodic,frequency/spacing,nonparametric_profile_RMSE,0.001752477951026616,0.0017826451081697874,3.0167157143171303e-05,context dependent,native
20261019,Sparse periodic minus dense periodic,dense_periodic,sparse_periodic,frequency/spacing,nonparametric_profile_RMSE,0.0009463698350463029,0.0025222453386912914,0.0015758755036449886,context dependent,native
20261020,Sparse periodic minus dense periodic,dense_periodic,sparse_periodic,frequency/spacing,nonparametric_profile_RMSE,0.0016172787913688409,0.0018616927307194657,0.0002444139393506248,context dependent,native
20261021,Sparse periodic minus dense periodic,dense_periodic,sparse_periodic,frequency/spacing,nonparametric_profile_RMSE,0.0010658882796676337,0.002395733450096496,0.001329845170428862,context dependent,native
20261022,Sparse periodic minus dense periodic,dense_periodic,sparse_periodic,frequency/spacing,nonparametric_profile_RMSE,0.0013087049838130108,0.0017048100969985186,0.00039610511318550774,context dependent,native
20261023,Sparse periodic minus dense periodic,dense_periodic,sparse_periodic,frequency/spacing,nonparametric_profile_RMSE,0.002103475592488953,0.0023068956787333675,0.00020342008624441455,context dependent,native
20261024,Sparse periodic minus dense periodic,dense_periodic,sparse_periodic,frequency/spacing,nonparametric_profile_RMSE,0.0016385927123617602,0.0011557012716738773,-0.00048289144068788294,context dependent,native
20261025,Sparse periodic minus dense periodic,dense_periodic,sparse_periodic,frequency/spacing,nonparametric_profile_RMSE,0.0019372993548678944,0.0024654230248945122,0.0005281236700266179,context dependent,native
20261026,Sparse periodic minus dense periodic,dense_periodic,sparse_periodic,frequency/spacing,nonparametric_profile_RMSE,0.002450566254561892,0.0011859132410940627,-0.0012646530134678292,context dependent,native
20261027,Sparse periodic minus dense periodic,dense_periodic,sparse_periodic,frequency/spacing,nonparametric_profile_RMSE,0.0015608520066634926,0.001740840209627281,0.00017998820296378842,context dependent,native
20261028,Sparse periodic minus dense periodic,dense_periodic,sparse_periodic,frequency/spacing,nonparametric_profile_RMSE,0.0007055341433685309,0.0017945955393416574,0.0010890613959731266,context dependent,native
20261029,Sparse periodic minus dense periodic,dense_periodic,sparse_periodic,frequency/spacing,nonparametric_profile_RMSE,0.0017578744395312879,0.0023041325845342083,0.0005462581450029205,context dependent,native
20261030,Sparse periodic minus dense periodic,dense_periodic,sparse_periodic,frequency/spacing,nonparametric_profile_RMSE,0.0011492573795210369,0.00194338903595649,0.0007941316564354531,context dependent,native
20261031,Sparse periodic minus dense periodic,dense_periodic,sparse_periodic,frequency/spacing,nonparametric_profile_RMSE,0.0013120938917862003,0.001774582725500524,0.00046248883371432375,context dependent,native
20261032,Sparse periodic minus dense periodic,dense_periodic,sparse_periodic,frequency/spacing,nonparametric_profile_RMSE,0.0017140848991756335,0.0015849224040038637,-0.00012916249517176985,context dependent,native
20261033,Sparse periodic minus dense periodic,dense_periodic,sparse_periodic,frequency/spacing,nonparametric_profile_RMSE,0.0013415343750693308,0.0017687327427316532,0.0004271983676623224,context dependent,native
20261034,Sparse periodic minus dense periodic,dense_periodic,sparse_periodic,frequency/spacing,nonparametric_profile_RMSE,0.0016880566434174103,0.0026625906076204755,0.0009745339642030651,context dependent,native
20261035,Sparse periodic minus dense periodic,dense_periodic,sparse_periodic,frequency/spacing,nonparametric_profile_RMSE,0.0016234789848105992,0.001989166340401305,0.0003656873555907057,context dependent,native
20261036,Sparse periodic minus dense periodic,dense_periodic,sparse_periodic,frequency/spacing,nonparametric_profile_RMSE,0.0009745534665444455,0.002135125633847955,0.0011605721673035095,context dependent,native
20261037,Sparse periodic minus dense periodic,dense_periodic,sparse_periodic,frequency/spacing,nonparametric_profile_RMSE,0.0012814130216581994,0.0014562289020925263,0.00017481588043432683,context dependent,native
20261038,Sparse periodic minus dense periodic,dense_periodic,sparse_periodic,frequency/spacing,nonparametric_profile_RMSE,0.0016687568272481452,0.0019625993395513226,0.0002938425123031774,context dependent,native
20261039,Sparse periodic minus dense periodic,dense_periodic,sparse_periodic,frequency/spacing,nonparametric_profile_RMSE,0.0024416968252491417,0.0035022069907659752,0.0010605101655168335,context dependent,native
20261040,Sparse periodic minus dense periodic,dense_periodic,sparse_periodic,frequency/spacing,nonparametric_profile_RMSE,0.0017024785408672769,0.001709263283065437,6.784742198160049e-06,context dependent,native
20261041,Sparse periodic minus dense periodic,dense_periodic,sparse_periodic,frequency/spacing,nonparametric_profile_RMSE,0.0011935986474359245,0.0011688911904495956,-2.4707456986328884e-05,context dependent,native
20261042,Sparse periodic minus dense periodic,dense_periodic,sparse_periodic,frequency/spacing,nonparametric_profile_RMSE,0.001963642182164573,0.002082802735091989,0.00011916055292741576,context dependent,native
20261043,Sparse periodic minus dense periodic,dense_periodic,sparse_periodic,frequency/spacing,nonparametric_profile_RMSE,0.0019454586589116906,0.0014614709599318624,-0.0004839876989798282,context dependent,native
20261044,Sparse periodic minus dense periodic,dense_periodic,sparse_periodic,frequency/spacing,nonparametric_profile_RMSE,0.0018346099338656663,0.001794292261980323,-4.031767188534337e-05,context dependent,native
20261045,Sparse periodic minus dense periodic,dense_periodic,sparse_periodic,frequency/spacing,nonparametric_profile_RMSE,0.0016669174715632947,0.0019407436302770144,0.0002738261587137197,context dependent,native
20261046,Sparse periodic minus dense periodic,dense_periodic,sparse_periodic,frequency/spacing,nonparametric_profile_RMSE,0.0013611009338128084,0.0018694720952926293,0.0005083711614798209,context dependent,native
20261047,Sparse periodic minus dense periodic,dense_periodic,sparse_periodic,frequency/spacing,nonparametric_profile_RMSE,0.0012467895538668106,0.0012821956718561034,3.5406117989292794e-05,context dependent,native
20261048,Sparse periodic minus dense periodic,dense_periodic,sparse_periodic,frequency/spacing,nonparametric_profile_RMSE,0.0012798389632173522,0.001287327369041192,7.48840582383975e-06,context dependent,native
20261049,Sparse periodic minus dense periodic,dense_periodic,sparse_periodic,frequency/spacing,nonparametric_profile_RMSE,0.002211026691028304,0.0018454105308066723,-0.0003656161602216318,context dependent,native
20261050,Sparse periodic minus dense periodic,dense_periodic,sparse_periodic,frequency/spacing,nonparametric_profile_RMSE,0.001192895825874694,0.0016717309503598544,0.0004788351244851604,context dependent,native
20261001,Sparse periodic minus dense periodic,dense_periodic,sparse_periodic,frequency/spacing,active_sigma_parametric_MAE_gain_pct,29.16424755842739,25.52072179196149,-3.6435257664659026,context dependent,percent
20261002,Sparse periodic minus dense periodic,dense_periodic,sparse_periodic,frequency/spacing,active_sigma_parametric_MAE_gain_pct,26.202450698569656,22.658347442033545,-3.5441032565361112,context dependent,percent
20261003,Sparse periodic minus dense periodic,dense_periodic,sparse_periodic,frequency/spacing,active_sigma_parametric_MAE_gain_pct,36.55038767117499,20.49320609766212,-16.057181573512867,context dependent,percent
20261004,Sparse periodic minus dense periodic,dense_periodic,sparse_periodic,frequency/spacing,active_sigma_parametric_MAE_gain_pct,23.166609977108156,19.330787095346235,-3.8358228817619207,context dependent,percent
20261005,Sparse periodic minus dense periodic,dense_periodic,sparse_periodic,frequency/spacing,active_sigma_parametric_MAE_gain_pct,24.887843163385227,23.938334110697124,-0.9495090526881036,context dependent,percent
20261006,Sparse periodic minus dense periodic,dense_periodic,sparse_periodic,frequency/spacing,active_sigma_parametric_MAE_gain_pct,29.439253521233123,13.265959265942573,-16.17329425529055,context dependent,percent
20261007,Sparse periodic minus dense periodic,dense_periodic,sparse_periodic,frequency/spacing,active_sigma_parametric_MAE_gain_pct,26.970530517422596,21.86820377524764,-5.102326742174956,context dependent,percent
20261008,Sparse periodic minus dense periodic,dense_periodic,sparse_periodic,frequency/spacing,active_sigma_parametric_MAE_gain_pct,25.411026259868365,17.417799873154493,-7.9932263867138715,context dependent,percent
20261009,Sparse periodic minus dense periodic,dense_periodic,sparse_periodic,frequency/spacing,active_sigma_parametric_MAE_gain_pct,32.625134768168884,24.00604945117054,-8.619085316998344,context dependent,percent
20261010,Sparse periodic minus dense periodic,dense_periodic,sparse_periodic,frequency/spacing,active_sigma_parametric_MAE_gain_pct,19.615910810818704,12.12568182334035,-7.490228987478353,context dependent,percent
20261011,Sparse periodic minus dense periodic,dense_periodic,sparse_periodic,frequency/spacing,active_sigma_parametric_MAE_gain_pct,20.526174594865353,25.34798432925085,4.821809734385496,context dependent,percent
20261012,Sparse periodic minus dense periodic,dense_periodic,sparse_periodic,frequency/spacing,active_sigma_parametric_MAE_gain_pct,28.00683472978438,14.02181557476181,-13.98501915502257,context dependent,percent
20261013,Sparse periodic minus dense periodic,dense_periodic,sparse_periodic,frequency/spacing,active_sigma_parametric_MAE_gain_pct,13.832222285367802,9.72085390799825,-4.111368377369551,context dependent,percent
20261014,Sparse periodic minus dense periodic,dense_periodic,sparse_periodic,frequency/spacing,active_sigma_parametric_MAE_gain_pct,26.956840413286688,13.893171890630128,-13.06366852265656,context dependent,percent
20261015,Sparse periodic minus dense periodic,dense_periodic,sparse_periodic,frequency/spacing,active_sigma_parametric_MAE_gain_pct,27.07108655808861,15.926040093505856,-11.145046464582753,context dependent,percent
20261016,Sparse periodic minus dense periodic,dense_periodic,sparse_periodic,frequency/spacing,active_sigma_parametric_MAE_gain_pct,21.94636499890844,10.45067232258755,-11.495692676320889,context dependent,percent
20261017,Sparse periodic minus dense periodic,dense_periodic,sparse_periodic,frequency/spacing,active_sigma_parametric_MAE_gain_pct,33.64271791414373,21.5770212080321,-12.06569670611163,context dependent,percent
20261018,Sparse periodic minus dense periodic,dense_periodic,sparse_periodic,frequency/spacing,active_sigma_parametric_MAE_gain_pct,17.1668477637019,6.055185237684779,-11.11166252601712,context dependent,percent
20261019,Sparse periodic minus dense periodic,dense_periodic,sparse_periodic,frequency/spacing,active_sigma_parametric_MAE_gain_pct,21.873450470998257,22.53069825399383,0.6572477829955723,context dependent,percent
20261020,Sparse periodic minus dense periodic,dense_periodic,sparse_periodic,frequency/spacing,active_sigma_parametric_MAE_gain_pct,37.51978424729053,28.52496894355736,-8.99481530373317,context dependent,percent
20261021,Sparse periodic minus dense periodic,dense_periodic,sparse_periodic,frequency/spacing,active_sigma_parametric_MAE_gain_pct,15.982442999987779,16.76216025334776,0.7797172533599799,context dependent,percent
20261022,Sparse periodic minus dense periodic,dense_periodic,sparse_periodic,frequency/spacing,active_sigma_parametric_MAE_gain_pct,19.143311752716365,16.261494265605215,-2.8818174871111495,context dependent,percent
20261023,Sparse periodic minus dense periodic,dense_periodic,sparse_periodic,frequency/spacing,active_sigma_parametric_MAE_gain_pct,25.219200826822185,26.818179056997472,1.5989782301752875,context dependent,percent
20261024,Sparse periodic minus dense periodic,dense_periodic,sparse_periodic,frequency/spacing,active_sigma_parametric_MAE_gain_pct,21.75093137202577,27.652523304330966,5.901591932305195,context dependent,percent
20261025,Sparse periodic minus dense periodic,dense_periodic,sparse_periodic,frequency/spacing,active_sigma_parametric_MAE_gain_pct,24.25367053705445,22.025706768318642,-2.2279637687358083,context dependent,percent
20261026,Sparse periodic minus dense periodic,dense_periodic,sparse_periodic,frequency/spacing,active_sigma_parametric_MAE_gain_pct,18.350682352862403,8.799323076236265,-9.551359276626139,context dependent,percent
20261027,Sparse periodic minus dense periodic,dense_periodic,sparse_periodic,frequency/spacing,active_sigma_parametric_MAE_gain_pct,26.810078757089272,25.48129338865771,-1.3287853684315607,context dependent,percent
20261028,Sparse periodic minus dense periodic,dense_periodic,sparse_periodic,frequency/spacing,active_sigma_parametric_MAE_gain_pct,22.634619788275202,23.313008572597592,0.6783887843223901,context dependent,percent
20261029,Sparse periodic minus dense periodic,dense_periodic,sparse_periodic,frequency/spacing,active_sigma_parametric_MAE_gain_pct,28.011614128351404,23.446554380784733,-4.565059747566671,context dependent,percent
20261030,Sparse periodic minus dense periodic,dense_periodic,sparse_periodic,frequency/spacing,active_sigma_parametric_MAE_gain_pct,16.61982434063136,18.678947024824787,2.059122684193426,context dependent,percent
20261031,Sparse periodic minus dense periodic,dense_periodic,sparse_periodic,frequency/spacing,active_sigma_parametric_MAE_gain_pct,20.428134079344574,12.469443963989269,-7.958690115355305,context dependent,percent
20261032,Sparse periodic minus dense periodic,dense_periodic,sparse_periodic,frequency/spacing,active_sigma_parametric_MAE_gain_pct,26.610101005697274,22.369050294971405,-4.241050710725869,context dependent,percent
20261033,Sparse periodic minus dense periodic,dense_periodic,sparse_periodic,frequency/spacing,active_sigma_parametric_MAE_gain_pct,26.215080552080295,23.39926070729138,-2.8158198447889156,context dependent,percent
20261034,Sparse periodic minus dense periodic,dense_periodic,sparse_periodic,frequency/spacing,active_sigma_parametric_MAE_gain_pct,28.506014763023614,25.966923289156796,-2.5390914738668187,context dependent,percent
20261035,Sparse periodic minus dense periodic,dense_periodic,sparse_periodic,frequency/spacing,active_sigma_parametric_MAE_gain_pct,19.947420691486307,17.460277877844476,-2.4871428136418317,context dependent,percent
20261036,Sparse periodic minus dense periodic,dense_periodic,sparse_periodic,frequency/spacing,active_sigma_parametric_MAE_gain_pct,30.20581411249189,31.103270143951455,0.8974560314595657,context dependent,percent
20261037,Sparse periodic minus dense periodic,dense_periodic,sparse_periodic,frequency/spacing,active_sigma_parametric_MAE_gain_pct,20.271219807330798,13.54371681954939,-6.727502987781408,context dependent,percent
20261038,Sparse periodic minus dense periodic,dense_periodic,sparse_periodic,frequency/spacing,active_sigma_parametric_MAE_gain_pct,0.1449554284570942,-0.5210032714644486,-0.6659586999215428,context dependent,percent
20261039,Sparse periodic minus dense periodic,dense_periodic,sparse_periodic,frequency/spacing,active_sigma_parametric_MAE_gain_pct,20.807243823482057,2.3758469402124116,-18.431396883269645,context dependent,percent
20261040,Sparse periodic minus dense periodic,dense_periodic,sparse_periodic,frequency/spacing,active_sigma_parametric_MAE_gain_pct,7.073960276217783,11.606135168988885,4.532174892771102,context dependent,percent
20261041,Sparse periodic minus dense periodic,dense_periodic,sparse_periodic,frequency/spacing,active_sigma_parametric_MAE_gain_pct,37.21348823875951,22.134366480846136,-15.079121757913374,context dependent,percent
20261042,Sparse periodic minus dense periodic,dense_periodic,sparse_periodic,frequency/spacing,active_sigma_parametric_MAE_gain_pct,25.409517979138197,15.767084208744397,-9.6424337703938,context dependent,percent
20261043,Sparse periodic minus dense periodic,dense_periodic,sparse_periodic,frequency/spacing,active_sigma_parametric_MAE_gain_pct,30.346256626333613,35.65889626389023,5.3126396375566145,context dependent,percent
20261044,Sparse periodic minus dense periodic,dense_periodic,sparse_periodic,frequency/spacing,active_sigma_parametric_MAE_gain_pct,25.15581266796153,13.47223691005186,-11.68357575790967,context dependent,percent
20261045,Sparse periodic minus dense periodic,dense_periodic,sparse_periodic,frequency/spacing,active_sigma_parametric_MAE_gain_pct,28.38738776437325,26.00624660985542,-2.381141154517831,context dependent,percent
20261046,Sparse periodic minus dense periodic,dense_periodic,sparse_periodic,frequency/spacing,active_sigma_parametric_MAE_gain_pct,10.969303152041277,17.482998474533538,6.513695322492261,context dependent,percent
20261047,Sparse periodic minus dense periodic,dense_periodic,sparse_periodic,frequency/spacing,active_sigma_parametric_MAE_gain_pct,32.81122115906216,12.616117562317598,-20.19510359674456,context dependent,percent
20261048,Sparse periodic minus dense periodic,dense_periodic,sparse_periodic,frequency/spacing,active_sigma_parametric_MAE_gain_pct,21.23876124011548,10.39127693391453,-10.84748430620095,context dependent,percent
20261049,Sparse periodic minus dense periodic,dense_periodic,sparse_periodic,frequency/spacing,active_sigma_parametric_MAE_gain_pct,27.11738544217569,13.18205174921836,-13.935333692957329,context dependent,percent
20261050,Sparse periodic minus dense periodic,dense_periodic,sparse_periodic,frequency/spacing,active_sigma_parametric_MAE_gain_pct,19.476709728269626,26.00649989277687,6.529790164507244,context dependent,percent
20261001,Sparse periodic minus dense periodic,dense_periodic,sparse_periodic,frequency/spacing,active_sigma_nonparametric_MAE_gain_pct,30.918655832438834,19.717739443647364,-11.20091638879147,context dependent,percent
20261002,Sparse periodic minus dense periodic,dense_periodic,sparse_periodic,frequency/spacing,active_sigma_nonparametric_MAE_gain_pct,23.214426195815484,21.50233973427451,-1.7120864615409737,context dependent,percent
20261003,Sparse periodic minus dense periodic,dense_periodic,sparse_periodic,frequency/spacing,active_sigma_nonparametric_MAE_gain_pct,32.658432343222024,18.70274155286126,-13.955690790360766,context dependent,percent
20261004,Sparse periodic minus dense periodic,dense_periodic,sparse_periodic,frequency/spacing,active_sigma_nonparametric_MAE_gain_pct,20.779741761819082,17.757160202920918,-3.022581558898164,context dependent,percent
20261005,Sparse periodic minus dense periodic,dense_periodic,sparse_periodic,frequency/spacing,active_sigma_nonparametric_MAE_gain_pct,6.912790803432101,26.17559279365126,19.26280199021916,context dependent,percent
20261006,Sparse periodic minus dense periodic,dense_periodic,sparse_periodic,frequency/spacing,active_sigma_nonparametric_MAE_gain_pct,17.949606689940666,-5.050369232867946,-22.999975922808613,context dependent,percent
20261007,Sparse periodic minus dense periodic,dense_periodic,sparse_periodic,frequency/spacing,active_sigma_nonparametric_MAE_gain_pct,24.009012565145447,24.08148270794037,0.07247014279492348,context dependent,percent
20261008,Sparse periodic minus dense periodic,dense_periodic,sparse_periodic,frequency/spacing,active_sigma_nonparametric_MAE_gain_pct,24.754366310666477,19.06633116469093,-5.688035145975547,context dependent,percent
20261009,Sparse periodic minus dense periodic,dense_periodic,sparse_periodic,frequency/spacing,active_sigma_nonparametric_MAE_gain_pct,29.737620231120577,13.237867168930284,-16.499753062190294,context dependent,percent
20261010,Sparse periodic minus dense periodic,dense_periodic,sparse_periodic,frequency/spacing,active_sigma_nonparametric_MAE_gain_pct,4.080174457487207,10.245560670800892,6.165386213313685,context dependent,percent
20261011,Sparse periodic minus dense periodic,dense_periodic,sparse_periodic,frequency/spacing,active_sigma_nonparametric_MAE_gain_pct,15.45211044517194,25.3387534227409,9.886642977568961,context dependent,percent
20261012,Sparse periodic minus dense periodic,dense_periodic,sparse_periodic,frequency/spacing,active_sigma_nonparametric_MAE_gain_pct,14.967703129302501,8.149179550496555,-6.818523578805946,context dependent,percent
20261013,Sparse periodic minus dense periodic,dense_periodic,sparse_periodic,frequency/spacing,active_sigma_nonparametric_MAE_gain_pct,8.651824671705544,10.20338654533628,1.5515618736307353,context dependent,percent
20261014,Sparse periodic minus dense periodic,dense_periodic,sparse_periodic,frequency/spacing,active_sigma_nonparametric_MAE_gain_pct,25.61380940748803,6.223166331675689,-19.390643075812342,context dependent,percent
20261015,Sparse periodic minus dense periodic,dense_periodic,sparse_periodic,frequency/spacing,active_sigma_nonparametric_MAE_gain_pct,19.341879324702017,-0.12882137274434768,-19.470700697446365,context dependent,percent
20261016,Sparse periodic minus dense periodic,dense_periodic,sparse_periodic,frequency/spacing,active_sigma_nonparametric_MAE_gain_pct,1.407199317072394,-19.39888973678039,-20.806089053852784,context dependent,percent
20261017,Sparse periodic minus dense periodic,dense_periodic,sparse_periodic,frequency/spacing,active_sigma_nonparametric_MAE_gain_pct,27.600038290600416,18.419495425453736,-9.18054286514668,context dependent,percent
20261018,Sparse periodic minus dense periodic,dense_periodic,sparse_periodic,frequency/spacing,active_sigma_nonparametric_MAE_gain_pct,16.2914184370606,5.868762641888836,-10.422655795171764,context dependent,percent
20261019,Sparse periodic minus dense periodic,dense_periodic,sparse_periodic,frequency/spacing,active_sigma_nonparametric_MAE_gain_pct,25.08217531578285,15.608519929757714,-9.473655386025138,context dependent,percent
20261020,Sparse periodic minus dense periodic,dense_periodic,sparse_periodic,frequency/spacing,active_sigma_nonparametric_MAE_gain_pct,38.69303694332762,30.436617441874848,-8.256419501452772,context dependent,percent
20261021,Sparse periodic minus dense periodic,dense_periodic,sparse_periodic,frequency/spacing,active_sigma_nonparametric_MAE_gain_pct,13.816741349795159,8.575274665787003,-5.241466684008156,context dependent,percent
20261022,Sparse periodic minus dense periodic,dense_periodic,sparse_periodic,frequency/spacing,active_sigma_nonparametric_MAE_gain_pct,14.042956825295827,9.120217918601515,-4.9227389066943115,context dependent,percent
20261023,Sparse periodic minus dense periodic,dense_periodic,sparse_periodic,frequency/spacing,active_sigma_nonparametric_MAE_gain_pct,19.833562013333562,22.487595871606736,2.6540338582731735,context dependent,percent
20261024,Sparse periodic minus dense periodic,dense_periodic,sparse_periodic,frequency/spacing,active_sigma_nonparametric_MAE_gain_pct,11.776258822081731,24.697181868704998,12.920923046623267,context dependent,percent
20261025,Sparse periodic minus dense periodic,dense_periodic,sparse_periodic,frequency/spacing,active_sigma_nonparametric_MAE_gain_pct,8.88897228160076,6.937812157042911,-1.9511601245578483,context dependent,percent
20261026,Sparse periodic minus dense periodic,dense_periodic,sparse_periodic,frequency/spacing,active_sigma_nonparametric_MAE_gain_pct,-1.4541357540299282,3.6111031008361882,5.0652388548661165,context dependent,percent
20261027,Sparse periodic minus dense periodic,dense_periodic,sparse_periodic,frequency/spacing,active_sigma_nonparametric_MAE_gain_pct,14.405320064786519,7.96225455336007,-6.443065511426449,context dependent,percent
20261028,Sparse periodic minus dense periodic,dense_periodic,sparse_periodic,frequency/spacing,active_sigma_nonparametric_MAE_gain_pct,24.13105921206715,17.383833595650643,-6.747225616416507,context dependent,percent
20261029,Sparse periodic minus dense periodic,dense_periodic,sparse_periodic,frequency/spacing,active_sigma_nonparametric_MAE_gain_pct,21.925235632623362,26.434306956951993,4.50907132432863,context dependent,percent
20261030,Sparse periodic minus dense periodic,dense_periodic,sparse_periodic,frequency/spacing,active_sigma_nonparametric_MAE_gain_pct,12.218706156172344,5.622801143642997,-6.595905012529347,context dependent,percent
20261031,Sparse periodic minus dense periodic,dense_periodic,sparse_periodic,frequency/spacing,active_sigma_nonparametric_MAE_gain_pct,16.860094981084785,7.653883347860746,-9.20621163322404,context dependent,percent
20261032,Sparse periodic minus dense periodic,dense_periodic,sparse_periodic,frequency/spacing,active_sigma_nonparametric_MAE_gain_pct,18.470665138016095,14.433763822230816,-4.036901315785279,context dependent,percent
20261033,Sparse periodic minus dense periodic,dense_periodic,sparse_periodic,frequency/spacing,active_sigma_nonparametric_MAE_gain_pct,17.270294336659365,20.37751910143587,3.107224764776504,context dependent,percent
20261034,Sparse periodic minus dense periodic,dense_periodic,sparse_periodic,frequency/spacing,active_sigma_nonparametric_MAE_gain_pct,22.91562386360799,20.673250345653095,-2.2423735179548956,context dependent,percent
20261035,Sparse periodic minus dense periodic,dense_periodic,sparse_periodic,frequency/spacing,active_sigma_nonparametric_MAE_gain_pct,17.970429313523784,8.330841740680528,-9.639587572843256,context dependent,percent
20261036,Sparse periodic minus dense periodic,dense_periodic,sparse_periodic,frequency/spacing,active_sigma_nonparametric_MAE_gain_pct,30.081460409237547,18.40390671642339,-11.677553692814158,context dependent,percent
20261037,Sparse periodic minus dense periodic,dense_periodic,sparse_periodic,frequency/spacing,active_sigma_nonparametric_MAE_gain_pct,2.1212668022448034,-1.464814149325,-3.5860809515698033,context dependent,percent
20261038,Sparse periodic minus dense periodic,dense_periodic,sparse_periodic,frequency/spacing,active_sigma_nonparametric_MAE_gain_pct,-9.039834431993388,-2.78688428611511,6.252950145878278,context dependent,percent
20261039,Sparse periodic minus dense periodic,dense_periodic,sparse_periodic,frequency/spacing,active_sigma_nonparametric_MAE_gain_pct,-3.045043300729433,-14.613317050965113,-11.56827375023568,context dependent,percent
20261040,Sparse periodic minus dense periodic,dense_periodic,sparse_periodic,frequency/spacing,active_sigma_nonparametric_MAE_gain_pct,-1.708792624891431,3.7183597440601845,5.4271523689516155,context dependent,percent
20261041,Sparse periodic minus dense periodic,dense_periodic,sparse_periodic,frequency/spacing,active_sigma_nonparametric_MAE_gain_pct,34.77214950364307,17.179367353517115,-17.592782150125956,context dependent,percent
20261042,Sparse periodic minus dense periodic,dense_periodic,sparse_periodic,frequency/spacing,active_sigma_nonparametric_MAE_gain_pct,13.951014268624274,-2.6879480041470893,-16.638962272771362,context dependent,percent
20261043,Sparse periodic minus dense periodic,dense_periodic,sparse_periodic,frequency/spacing,active_sigma_nonparametric_MAE_gain_pct,18.15723450222255,19.006134815118735,0.8489003128961841,context dependent,percent
20261044,Sparse periodic minus dense periodic,dense_periodic,sparse_periodic,frequency/spacing,active_sigma_nonparametric_MAE_gain_pct,25.908027904315833,0.5148571860238982,-25.393170718291934,context dependent,percent
20261045,Sparse periodic minus dense periodic,dense_periodic,sparse_periodic,frequency/spacing,active_sigma_nonparametric_MAE_gain_pct,20.13795299950869,16.892438482640383,-3.245514516868308,context dependent,percent
20261046,Sparse periodic minus dense periodic,dense_periodic,sparse_periodic,frequency/spacing,active_sigma_nonparametric_MAE_gain_pct,5.05163726720379,10.769820716298861,5.718183449095071,context dependent,percent
20261047,Sparse periodic minus dense periodic,dense_periodic,sparse_periodic,frequency/spacing,active_sigma_nonparametric_MAE_gain_pct,30.782092144724317,14.972639856619097,-15.80945228810522,context dependent,percent
20261048,Sparse periodic minus dense periodic,dense_periodic,sparse_periodic,frequency/spacing,active_sigma_nonparametric_MAE_gain_pct,15.13458579759166,12.366193911954582,-2.7683918856370777,context dependent,percent
20261049,Sparse periodic minus dense periodic,dense_periodic,sparse_periodic,frequency/spacing,active_sigma_nonparametric_MAE_gain_pct,24.49059752179371,9.544321469051953,-14.946276052741757,context dependent,percent
20261050,Sparse periodic minus dense periodic,dense_periodic,sparse_periodic,frequency/spacing,active_sigma_nonparametric_MAE_gain_pct,15.331419376531352,24.760752506120543,9.42933312958919,context dependent,percent
20261001,Sparse periodic minus dense periodic,dense_periodic,sparse_periodic,frequency/spacing,parametric_absolute_coverage_error,0.017032967032967083,0.011538461538461608,-0.005494505494505475,context dependent,native
20261002,Sparse periodic minus dense periodic,dense_periodic,sparse_periodic,frequency/spacing,parametric_absolute_coverage_error,0.0049450549450549275,0.026923076923076827,0.0219780219780219,context dependent,native
20261003,Sparse periodic minus dense periodic,dense_periodic,sparse_periodic,frequency/spacing,parametric_absolute_coverage_error,0.026923076923076827,0.026923076923076827,0.0,context dependent,native
20261004,Sparse periodic minus dense periodic,dense_periodic,sparse_periodic,frequency/spacing,parametric_absolute_coverage_error,0.026923076923076827,0.03076923076923077,0.0038461538461539435,context dependent,native
20261005,Sparse periodic minus dense periodic,dense_periodic,sparse_periodic,frequency/spacing,parametric_absolute_coverage_error,0.039010989010989094,0.03076923076923077,-0.008241758241758323,context dependent,native
20261006,Sparse periodic minus dense periodic,dense_periodic,sparse_periodic,frequency/spacing,parametric_absolute_coverage_error,0.0049450549450549275,0.026923076923076827,0.0219780219780219,context dependent,native
20261007,Sparse periodic minus dense periodic,dense_periodic,sparse_periodic,frequency/spacing,parametric_absolute_coverage_error,0.03791208791208789,0.06538461538461537,0.027472527472527486,context dependent,native
20261008,Sparse periodic minus dense periodic,dense_periodic,sparse_periodic,frequency/spacing,parametric_absolute_coverage_error,0.017032967032967083,0.03076923076923077,0.013736263736263687,context dependent,native
20261009,Sparse periodic minus dense periodic,dense_periodic,sparse_periodic,frequency/spacing,parametric_absolute_coverage_error,0.015934065934065877,0.026923076923076827,0.01098901098901095,context dependent,native
20261010,Sparse periodic minus dense periodic,dense_periodic,sparse_periodic,frequency/spacing,parametric_absolute_coverage_error,0.0060439560439561335,0.03076923076923077,0.024725274725274637,context dependent,native
20261011,Sparse periodic minus dense periodic,dense_periodic,sparse_periodic,frequency/spacing,parametric_absolute_coverage_error,0.04890109890109884,0.011538461538461608,-0.03736263736263723,context dependent,native
20261012,Sparse periodic minus dense periodic,dense_periodic,sparse_periodic,frequency/spacing,parametric_absolute_coverage_error,0.028021978021978033,0.03076923076923077,0.0027472527472527375,context dependent,native
20261013,Sparse periodic minus dense periodic,dense_periodic,sparse_periodic,frequency/spacing,parametric_absolute_coverage_error,0.017032967032967083,0.011538461538461608,-0.005494505494505475,context dependent,native
20261014,Sparse periodic minus dense periodic,dense_periodic,sparse_periodic,frequency/spacing,parametric_absolute_coverage_error,0.0049450549450549275,0.011538461538461608,0.006593406593406681,context dependent,native
20261015,Sparse periodic minus dense periodic,dense_periodic,sparse_periodic,frequency/spacing,parametric_absolute_coverage_error,0.0060439560439561335,0.011538461538461608,0.005494505494505475,context dependent,native
20261016,Sparse periodic minus dense periodic,dense_periodic,sparse_periodic,frequency/spacing,parametric_absolute_coverage_error,0.017032967032967083,0.011538461538461608,-0.005494505494505475,context dependent,native
20261017,Sparse periodic minus dense periodic,dense_periodic,sparse_periodic,frequency/spacing,parametric_absolute_coverage_error,0.03791208791208789,0.0461538461538461,0.008241758241758212,context dependent,native
20261018,Sparse periodic minus dense periodic,dense_periodic,sparse_periodic,frequency/spacing,parametric_absolute_coverage_error,0.0598901098901099,0.08461538461538454,0.024725274725274637,context dependent,native
20261019,Sparse periodic minus dense periodic,dense_periodic,sparse_periodic,frequency/spacing,parametric_absolute_coverage_error,0.039010989010989094,0.03076923076923077,-0.008241758241758323,context dependent,native
20261020,Sparse periodic minus dense periodic,dense_periodic,sparse_periodic,frequency/spacing,parametric_absolute_coverage_error,0.03791208791208789,0.06538461538461537,0.027472527472527486,context dependent,native
20261021,Sparse periodic minus dense periodic,dense_periodic,sparse_periodic,frequency/spacing,parametric_absolute_coverage_error,0.03791208791208789,0.026923076923076827,-0.010989010989011061,context dependent,native
20261022,Sparse periodic minus dense periodic,dense_periodic,sparse_periodic,frequency/spacing,parametric_absolute_coverage_error,0.0049450549450549275,0.011538461538461608,0.006593406593406681,context dependent,native
20261023,Sparse periodic minus dense periodic,dense_periodic,sparse_periodic,frequency/spacing,parametric_absolute_coverage_error,0.0060439560439561335,0.03076923076923077,0.024725274725274637,context dependent,native
20261024,Sparse periodic minus dense periodic,dense_periodic,sparse_periodic,frequency/spacing,parametric_absolute_coverage_error,0.0818681318681318,0.0461538461538461,-0.0357142857142857,context dependent,native
20261025,Sparse periodic minus dense periodic,dense_periodic,sparse_periodic,frequency/spacing,parametric_absolute_coverage_error,0.026923076923076827,0.026923076923076827,0.0,context dependent,native
20261026,Sparse periodic minus dense periodic,dense_periodic,sparse_periodic,frequency/spacing,parametric_absolute_coverage_error,0.017032967032967083,0.03076923076923077,0.013736263736263687,context dependent,native
20261027,Sparse periodic minus dense periodic,dense_periodic,sparse_periodic,frequency/spacing,parametric_absolute_coverage_error,0.028021978021978033,0.03076923076923077,0.0027472527472527375,context dependent,native
20261028,Sparse periodic minus dense periodic,dense_periodic,sparse_periodic,frequency/spacing,parametric_absolute_coverage_error,0.0049450549450549275,0.050000000000000044,0.04505494505494512,context dependent,native
20261029,Sparse periodic minus dense periodic,dense_periodic,sparse_periodic,frequency/spacing,parametric_absolute_coverage_error,0.026923076923076827,0.0461538461538461,0.019230769230769273,context dependent,native
20261030,Sparse periodic minus dense periodic,dense_periodic,sparse_periodic,frequency/spacing,parametric_absolute_coverage_error,0.0060439560439561335,0.03076923076923077,0.024725274725274637,context dependent,native
20261031,Sparse periodic minus dense periodic,dense_periodic,sparse_periodic,frequency/spacing,parametric_absolute_coverage_error,0.015934065934065877,0.007692307692307665,-0.008241758241758212,context dependent,native
20261032,Sparse periodic minus dense periodic,dense_periodic,sparse_periodic,frequency/spacing,parametric_absolute_coverage_error,0.039010989010989094,0.03076923076923077,-0.008241758241758323,context dependent,native
20261033,Sparse periodic minus dense periodic,dense_periodic,sparse_periodic,frequency/spacing,parametric_absolute_coverage_error,0.0060439560439561335,0.026923076923076827,0.020879120879120694,context dependent,native
20261034,Sparse periodic minus dense periodic,dense_periodic,sparse_periodic,frequency/spacing,parametric_absolute_coverage_error,0.028021978021978033,0.03076923076923077,0.0027472527472527375,context dependent,native
20261035,Sparse periodic minus dense periodic,dense_periodic,sparse_periodic,frequency/spacing,parametric_absolute_coverage_error,0.0060439560439561335,0.011538461538461608,0.005494505494505475,context dependent,native
20261036,Sparse periodic minus dense periodic,dense_periodic,sparse_periodic,frequency/spacing,parametric_absolute_coverage_error,0.015934065934065877,0.007692307692307665,-0.008241758241758212,context dependent,native
20261037,Sparse periodic minus dense periodic,dense_periodic,sparse_periodic,frequency/spacing,parametric_absolute_coverage_error,0.050000000000000044,0.050000000000000044,0.0,context dependent,native
20261038,Sparse periodic minus dense periodic,dense_periodic,sparse_periodic,frequency/spacing,parametric_absolute_coverage_error,0.015934065934065877,0.007692307692307665,-0.008241758241758212,context dependent,native
20261039,Sparse periodic minus dense periodic,dense_periodic,sparse_periodic,frequency/spacing,parametric_absolute_coverage_error,0.039010989010989094,0.03076923076923077,-0.008241758241758323,context dependent,native
20261040,Sparse periodic minus dense periodic,dense_periodic,sparse_periodic,frequency/spacing,parametric_absolute_coverage_error,0.015934065934065877,0.007692307692307665,-0.008241758241758212,context dependent,native
20261041,Sparse periodic minus dense periodic,dense_periodic,sparse_periodic,frequency/spacing,parametric_absolute_coverage_error,0.026923076923076827,0.007692307692307665,-0.019230769230769162,context dependent,native
20261042,Sparse periodic minus dense periodic,dense_periodic,sparse_periodic,frequency/spacing,parametric_absolute_coverage_error,0.017032967032967083,0.011538461538461608,-0.005494505494505475,context dependent,native
20261043,Sparse periodic minus dense periodic,dense_periodic,sparse_periodic,frequency/spacing,parametric_absolute_coverage_error,0.039010989010989094,0.050000000000000044,0.01098901098901095,context dependent,native
20261044,Sparse periodic minus dense periodic,dense_periodic,sparse_periodic,frequency/spacing,parametric_absolute_coverage_error,0.04890109890109884,0.026923076923076827,-0.02197802197802201,context dependent,native
20261045,Sparse periodic minus dense periodic,dense_periodic,sparse_periodic,frequency/spacing,parametric_absolute_coverage_error,0.039010989010989094,0.007692307692307665,-0.03131868131868143,context dependent,native
20261046,Sparse periodic minus dense periodic,dense_periodic,sparse_periodic,frequency/spacing,parametric_absolute_coverage_error,0.03791208791208789,0.0461538461538461,0.008241758241758212,context dependent,native
20261047,Sparse periodic minus dense periodic,dense_periodic,sparse_periodic,frequency/spacing,parametric_absolute_coverage_error,0.039010989010989094,0.050000000000000044,0.01098901098901095,context dependent,native
20261048,Sparse periodic minus dense periodic,dense_periodic,sparse_periodic,frequency/spacing,parametric_absolute_coverage_error,0.015934065934065877,0.026923076923076827,0.01098901098901095,context dependent,native
20261049,Sparse periodic minus dense periodic,dense_periodic,sparse_periodic,frequency/spacing,parametric_absolute_coverage_error,0.03791208791208789,0.026923076923076827,-0.010989010989011061,context dependent,native
20261050,Sparse periodic minus dense periodic,dense_periodic,sparse_periodic,frequency/spacing,parametric_absolute_coverage_error,0.028021978021978033,0.011538461538461608,-0.016483516483516425,context dependent,native
20261001,Sparse periodic minus dense periodic,dense_periodic,sparse_periodic,frequency/spacing,nonparametric_absolute_coverage_error,0.026923076923076827,0.0461538461538461,0.019230769230769273,context dependent,native
20261002,Sparse periodic minus dense periodic,dense_periodic,sparse_periodic,frequency/spacing,nonparametric_absolute_coverage_error,0.039010989010989094,0.011538461538461608,-0.027472527472527486,context dependent,native
20261003,Sparse periodic minus dense periodic,dense_periodic,sparse_periodic,frequency/spacing,nonparametric_absolute_coverage_error,0.0049450549450549275,0.06538461538461537,0.06043956043956045,context dependent,native
20261004,Sparse periodic minus dense periodic,dense_periodic,sparse_periodic,frequency/spacing,nonparametric_absolute_coverage_error,0.03791208791208789,0.011538461538461608,-0.02637362637362628,context dependent,native
20261005,Sparse periodic minus dense periodic,dense_periodic,sparse_periodic,frequency/spacing,nonparametric_absolute_coverage_error,0.03791208791208789,0.011538461538461608,-0.02637362637362628,context dependent,native
20261006,Sparse periodic minus dense periodic,dense_periodic,sparse_periodic,frequency/spacing,nonparametric_absolute_coverage_error,0.0598901098901099,0.06538461538461537,0.005494505494505475,context dependent,native
20261007,Sparse periodic minus dense periodic,dense_periodic,sparse_periodic,frequency/spacing,nonparametric_absolute_coverage_error,0.07087912087912085,0.06538461538461537,-0.005494505494505475,context dependent,native
20261008,Sparse periodic minus dense periodic,dense_periodic,sparse_periodic,frequency/spacing,nonparametric_absolute_coverage_error,0.017032967032967083,0.007692307692307665,-0.009340659340659418,context dependent,native
20261009,Sparse periodic minus dense periodic,dense_periodic,sparse_periodic,frequency/spacing,nonparametric_absolute_coverage_error,0.03791208791208789,0.08461538461538454,0.04670329670329665,context dependent,native
20261010,Sparse periodic minus dense periodic,dense_periodic,sparse_periodic,frequency/spacing,nonparametric_absolute_coverage_error,0.026923076923076827,0.011538461538461608,-0.015384615384615219,context dependent,native
20261011,Sparse periodic minus dense periodic,dense_periodic,sparse_periodic,frequency/spacing,nonparametric_absolute_coverage_error,0.026923076923076827,0.007692307692307665,-0.019230769230769162,context dependent,native
20261012,Sparse periodic minus dense periodic,dense_periodic,sparse_periodic,frequency/spacing,nonparametric_absolute_coverage_error,0.04890109890109884,0.011538461538461608,-0.03736263736263723,context dependent,native
20261013,Sparse periodic minus dense periodic,dense_periodic,sparse_periodic,frequency/spacing,nonparametric_absolute_coverage_error,0.0049450549450549275,0.026923076923076827,0.0219780219780219,context dependent,native
20261014,Sparse periodic minus dense periodic,dense_periodic,sparse_periodic,frequency/spacing,nonparametric_absolute_coverage_error,0.026923076923076827,0.007692307692307665,-0.019230769230769162,context dependent,native
20261015,Sparse periodic minus dense periodic,dense_periodic,sparse_periodic,frequency/spacing,nonparametric_absolute_coverage_error,0.03791208791208789,0.06538461538461537,0.027472527472527486,context dependent,native
20261016,Sparse periodic minus dense periodic,dense_periodic,sparse_periodic,frequency/spacing,nonparametric_absolute_coverage_error,0.026923076923076827,0.06538461538461537,0.03846153846153855,context dependent,native
20261017,Sparse periodic minus dense periodic,dense_periodic,sparse_periodic,frequency/spacing,nonparametric_absolute_coverage_error,0.026923076923076827,0.026923076923076827,0.0,context dependent,native
20261018,Sparse periodic minus dense periodic,dense_periodic,sparse_periodic,frequency/spacing,nonparametric_absolute_coverage_error,0.10384615384615381,0.10384615384615381,0.0,context dependent,native
20261019,Sparse periodic minus dense periodic,dense_periodic,sparse_periodic,frequency/spacing,nonparametric_absolute_coverage_error,0.028021978021978033,0.06538461538461537,0.03736263736263734,context dependent,native
20261020,Sparse periodic minus dense periodic,dense_periodic,sparse_periodic,frequency/spacing,nonparametric_absolute_coverage_error,0.03791208791208789,0.06538461538461537,0.027472527472527486,context dependent,native
20261021,Sparse periodic minus dense periodic,dense_periodic,sparse_periodic,frequency/spacing,nonparametric_absolute_coverage_error,0.0598901098901099,0.08461538461538454,0.024725274725274637,context dependent,native
20261022,Sparse periodic minus dense periodic,dense_periodic,sparse_periodic,frequency/spacing,nonparametric_absolute_coverage_error,0.03791208791208789,0.007692307692307665,-0.030219780219780223,context dependent,native
20261023,Sparse periodic minus dense periodic,dense_periodic,sparse_periodic,frequency/spacing,nonparametric_absolute_coverage_error,0.04890109890109884,0.007692307692307665,-0.04120879120879117,context dependent,native
20261024,Sparse periodic minus dense periodic,dense_periodic,sparse_periodic,frequency/spacing,nonparametric_absolute_coverage_error,0.12582417582417582,0.026923076923076827,-0.098901098901099,context dependent,native
20261025,Sparse periodic minus dense periodic,dense_periodic,sparse_periodic,frequency/spacing,nonparametric_absolute_coverage_error,0.0818681318681318,0.0461538461538461,-0.0357142857142857,context dependent,native
20261026,Sparse periodic minus dense periodic,dense_periodic,sparse_periodic,frequency/spacing,nonparametric_absolute_coverage_error,0.07087912087912085,0.03076923076923077,-0.04010989010989008,context dependent,native
20261027,Sparse periodic minus dense periodic,dense_periodic,sparse_periodic,frequency/spacing,nonparametric_absolute_coverage_error,0.015934065934065877,0.007692307692307665,-0.008241758241758212,context dependent,native
20261028,Sparse periodic minus dense periodic,dense_periodic,sparse_periodic,frequency/spacing,nonparametric_absolute_coverage_error,0.017032967032967083,0.03076923076923077,0.013736263736263687,context dependent,native
20261029,Sparse periodic minus dense periodic,dense_periodic,sparse_periodic,frequency/spacing,nonparametric_absolute_coverage_error,0.07087912087912085,0.06538461538461537,-0.005494505494505475,context dependent,native
20261030,Sparse periodic minus dense periodic,dense_periodic,sparse_periodic,frequency/spacing,nonparametric_absolute_coverage_error,0.015934065934065877,0.011538461538461608,-0.004395604395604269,context dependent,native
20261031,Sparse periodic minus dense periodic,dense_periodic,sparse_periodic,frequency/spacing,nonparametric_absolute_coverage_error,0.015934065934065877,0.06538461538461537,0.0494505494505495,context dependent,native
20261032,Sparse periodic minus dense periodic,dense_periodic,sparse_periodic,frequency/spacing,nonparametric_absolute_coverage_error,0.0060439560439561335,0.007692307692307665,0.0016483516483515315,context dependent,native
20261033,Sparse periodic minus dense periodic,dense_periodic,sparse_periodic,frequency/spacing,nonparametric_absolute_coverage_error,0.015934065934065877,0.08461538461538454,0.06868131868131866,context dependent,native
20261034,Sparse periodic minus dense periodic,dense_periodic,sparse_periodic,frequency/spacing,nonparametric_absolute_coverage_error,0.015934065934065877,0.026923076923076827,0.01098901098901095,context dependent,native
20261035,Sparse periodic minus dense periodic,dense_periodic,sparse_periodic,frequency/spacing,nonparametric_absolute_coverage_error,0.015934065934065877,0.011538461538461608,-0.004395604395604269,context dependent,native
20261036,Sparse periodic minus dense periodic,dense_periodic,sparse_periodic,frequency/spacing,nonparametric_absolute_coverage_error,0.0049450549450549275,0.08461538461538454,0.07967032967032961,context dependent,native
20261037,Sparse periodic minus dense periodic,dense_periodic,sparse_periodic,frequency/spacing,nonparametric_absolute_coverage_error,0.0060439560439561335,0.050000000000000044,0.04395604395604391,context dependent,native
20261038,Sparse periodic minus dense periodic,dense_periodic,sparse_periodic,frequency/spacing,nonparametric_absolute_coverage_error,0.07087912087912085,0.06538461538461537,-0.005494505494505475,context dependent,native
20261039,Sparse periodic minus dense periodic,dense_periodic,sparse_periodic,frequency/spacing,nonparametric_absolute_coverage_error,0.015934065934065877,0.08461538461538454,0.06868131868131866,context dependent,native
20261040,Sparse periodic minus dense periodic,dense_periodic,sparse_periodic,frequency/spacing,nonparametric_absolute_coverage_error,0.0598901098901099,0.06538461538461537,0.005494505494505475,context dependent,native
20261041,Sparse periodic minus dense periodic,dense_periodic,sparse_periodic,frequency/spacing,nonparametric_absolute_coverage_error,0.0049450549450549275,0.007692307692307665,0.0027472527472527375,context dependent,native
20261042,Sparse periodic minus dense periodic,dense_periodic,sparse_periodic,frequency/spacing,nonparametric_absolute_coverage_error,0.04890109890109884,0.06538461538461537,0.016483516483516536,context dependent,native
20261043,Sparse periodic minus dense periodic,dense_periodic,sparse_periodic,frequency/spacing,nonparametric_absolute_coverage_error,0.0060439560439561335,0.050000000000000044,0.04395604395604391,context dependent,native
20261044,Sparse periodic minus dense periodic,dense_periodic,sparse_periodic,frequency/spacing,nonparametric_absolute_coverage_error,0.09285714285714286,0.08461538461538454,-0.008241758241758323,context dependent,native
20261045,Sparse periodic minus dense periodic,dense_periodic,sparse_periodic,frequency/spacing,nonparametric_absolute_coverage_error,0.028021978021978033,0.026923076923076827,-0.001098901098901206,context dependent,native
20261046,Sparse periodic minus dense periodic,dense_periodic,sparse_periodic,frequency/spacing,nonparametric_absolute_coverage_error,0.07087912087912085,0.026923076923076827,-0.04395604395604402,context dependent,native
20261047,Sparse periodic minus dense periodic,dense_periodic,sparse_periodic,frequency/spacing,nonparametric_absolute_coverage_error,0.017032967032967083,0.050000000000000044,0.03296703296703296,context dependent,native
20261048,Sparse periodic minus dense periodic,dense_periodic,sparse_periodic,frequency/spacing,nonparametric_absolute_coverage_error,0.0598901098901099,0.026923076923076827,-0.03296703296703307,context dependent,native
20261049,Sparse periodic minus dense periodic,dense_periodic,sparse_periodic,frequency/spacing,nonparametric_absolute_coverage_error,0.09285714285714286,0.12307692307692308,0.030219780219780223,context dependent,native
20261050,Sparse periodic minus dense periodic,dense_periodic,sparse_periodic,frequency/spacing,nonparametric_absolute_coverage_error,0.028021978021978033,0.007692307692307665,-0.02032967032967037,context dependent,native
20261001,Sparse irregular minus sparse periodic,sparse_periodic,sparse_irregular,regularity,parametric_profile_RMSE,0.0006278142322179727,0.000522919372481224,-0.00010489485973674871,context dependent,native
20261002,Sparse irregular minus sparse periodic,sparse_periodic,sparse_irregular,regularity,parametric_profile_RMSE,0.0003430776150474237,0.0003512059400177879,8.12832497036419e-06,context dependent,native
20261003,Sparse irregular minus sparse periodic,sparse_periodic,sparse_irregular,regularity,parametric_profile_RMSE,0.0006976202600360307,0.0005864135806771869,-0.00011120667935884379,context dependent,native
20261004,Sparse irregular minus sparse periodic,sparse_periodic,sparse_irregular,regularity,parametric_profile_RMSE,0.0005764131097505218,0.00034510625942251106,-0.00023130685032801077,context dependent,native
20261005,Sparse irregular minus sparse periodic,sparse_periodic,sparse_irregular,regularity,parametric_profile_RMSE,0.00026051607320891573,0.0013490669773185578,0.001088550904109642,context dependent,native
20261006,Sparse irregular minus sparse periodic,sparse_periodic,sparse_irregular,regularity,parametric_profile_RMSE,0.0007701106473690381,0.00019842163114510686,-0.0005716890162239313,context dependent,native
20261007,Sparse irregular minus sparse periodic,sparse_periodic,sparse_irregular,regularity,parametric_profile_RMSE,0.00022659918807400612,0.00010406033200841434,-0.00012253885606559178,context dependent,native
20261008,Sparse irregular minus sparse periodic,sparse_periodic,sparse_irregular,regularity,parametric_profile_RMSE,0.0009908537115076096,0.001257481274959078,0.0002666275634514684,context dependent,native
20261009,Sparse irregular minus sparse periodic,sparse_periodic,sparse_irregular,regularity,parametric_profile_RMSE,7.83694425967074e-05,0.0009498355718174481,0.0008714661292207407,context dependent,native
20261010,Sparse irregular minus sparse periodic,sparse_periodic,sparse_irregular,regularity,parametric_profile_RMSE,0.000765396065667312,0.00023803031872356777,-0.0005273657469437442,context dependent,native
20261011,Sparse irregular minus sparse periodic,sparse_periodic,sparse_irregular,regularity,parametric_profile_RMSE,0.00031108017742936117,0.0007065305333995715,0.00039545035597021033,context dependent,native
20261012,Sparse irregular minus sparse periodic,sparse_periodic,sparse_irregular,regularity,parametric_profile_RMSE,0.0006757597723380344,0.0006585909468779866,-1.7168825460047777e-05,context dependent,native
20261013,Sparse irregular minus sparse periodic,sparse_periodic,sparse_irregular,regularity,parametric_profile_RMSE,0.0002713580790983224,5.947975920101234e-05,-0.00021187831989731004,context dependent,native
20261014,Sparse irregular minus sparse periodic,sparse_periodic,sparse_irregular,regularity,parametric_profile_RMSE,0.0007719002457462602,0.0008717264303886969,9.982618464243666e-05,context dependent,native
20261015,Sparse irregular minus sparse periodic,sparse_periodic,sparse_irregular,regularity,parametric_profile_RMSE,0.000556714320844877,0.0006168345782824367,6.0120257437559755e-05,context dependent,native
20261016,Sparse irregular minus sparse periodic,sparse_periodic,sparse_irregular,regularity,parametric_profile_RMSE,0.0002703123681538542,0.0007456659476363947,0.0004753535794825405,context dependent,native
20261017,Sparse irregular minus sparse periodic,sparse_periodic,sparse_irregular,regularity,parametric_profile_RMSE,0.00011155841691615201,0.0005065024733538512,0.0003949440564376992,context dependent,native
20261018,Sparse irregular minus sparse periodic,sparse_periodic,sparse_irregular,regularity,parametric_profile_RMSE,0.0003328741556826598,0.0006411421016163794,0.0003082679459337196,context dependent,native
20261019,Sparse irregular minus sparse periodic,sparse_periodic,sparse_irregular,regularity,parametric_profile_RMSE,0.0010323033400882653,0.0013060597342879365,0.00027375639419967117,context dependent,native
20261020,Sparse irregular minus sparse periodic,sparse_periodic,sparse_irregular,regularity,parametric_profile_RMSE,0.0002962456221026028,9.272470200656803e-05,-0.0002035209200960348,context dependent,native
20261021,Sparse irregular minus sparse periodic,sparse_periodic,sparse_irregular,regularity,parametric_profile_RMSE,0.0011956652344583167,0.00020385858849643833,-0.0009918066459618784,context dependent,native
20261022,Sparse irregular minus sparse periodic,sparse_periodic,sparse_irregular,regularity,parametric_profile_RMSE,0.0005570164964658813,0.0006758856855135477,0.00011886918904766637,context dependent,native
20261023,Sparse irregular minus sparse periodic,sparse_periodic,sparse_irregular,regularity,parametric_profile_RMSE,0.00040371888917871933,0.0008409338149008861,0.0004372149257221668,context dependent,native
20261024,Sparse irregular minus sparse periodic,sparse_periodic,sparse_irregular,regularity,parametric_profile_RMSE,0.0004450303377407223,0.0006726833993902218,0.00022765306164949955,context dependent,native
20261025,Sparse irregular minus sparse periodic,sparse_periodic,sparse_irregular,regularity,parametric_profile_RMSE,0.0007862798712891197,0.0008594594489992172,7.317957771009746e-05,context dependent,native
20261026,Sparse irregular minus sparse periodic,sparse_periodic,sparse_irregular,regularity,parametric_profile_RMSE,0.0007315445908928299,0.0007528172117073283,2.1272620814498464e-05,context dependent,native
20261027,Sparse irregular minus sparse periodic,sparse_periodic,sparse_irregular,regularity,parametric_profile_RMSE,0.0005538727116783426,0.000634674765077763,8.080205339942035e-05,context dependent,native
20261028,Sparse irregular minus sparse periodic,sparse_periodic,sparse_irregular,regularity,parametric_profile_RMSE,0.0006460010387317563,0.000769445116601474,0.00012344407786971773,context dependent,native
20261029,Sparse irregular minus sparse periodic,sparse_periodic,sparse_irregular,regularity,parametric_profile_RMSE,0.0007910511253102521,0.0003842707022770976,-0.00040678042303315444,context dependent,native
20261030,Sparse irregular minus sparse periodic,sparse_periodic,sparse_irregular,regularity,parametric_profile_RMSE,0.0007124995848079335,0.00013334347665037923,-0.0005791561081575543,context dependent,native
20261031,Sparse irregular minus sparse periodic,sparse_periodic,sparse_irregular,regularity,parametric_profile_RMSE,0.0003889752402557988,0.00027278600596771364,-0.00011618923428808518,context dependent,native
20261032,Sparse irregular minus sparse periodic,sparse_periodic,sparse_irregular,regularity,parametric_profile_RMSE,0.0004550624110531227,0.0007123150264792692,0.00025725261542614654,context dependent,native
20261033,Sparse irregular minus sparse periodic,sparse_periodic,sparse_irregular,regularity,parametric_profile_RMSE,0.0002542734738737754,0.0007647053624200887,0.0005104318885463133,context dependent,native
20261034,Sparse irregular minus sparse periodic,sparse_periodic,sparse_irregular,regularity,parametric_profile_RMSE,0.0014485563361641778,0.0005469909284060762,-0.0009015654077581016,context dependent,native
20261035,Sparse irregular minus sparse periodic,sparse_periodic,sparse_irregular,regularity,parametric_profile_RMSE,0.0005599013967717746,0.0004964950248725796,-6.340637189919504e-05,context dependent,native
20261036,Sparse irregular minus sparse periodic,sparse_periodic,sparse_irregular,regularity,parametric_profile_RMSE,0.00039013189146396395,0.0007024845835062116,0.0003123526920422477,context dependent,native
20261037,Sparse irregular minus sparse periodic,sparse_periodic,sparse_irregular,regularity,parametric_profile_RMSE,0.0006849816652457098,0.0005430601030491934,-0.00014192156219651648,context dependent,native
20261038,Sparse irregular minus sparse periodic,sparse_periodic,sparse_irregular,regularity,parametric_profile_RMSE,0.0008298217146352656,0.0005603602812386741,-0.00026946143339659143,context dependent,native
20261039,Sparse irregular minus sparse periodic,sparse_periodic,sparse_irregular,regularity,parametric_profile_RMSE,0.0008319317170039643,0.0003119416291393312,-0.000519990087864633,context dependent,native
20261040,Sparse irregular minus sparse periodic,sparse_periodic,sparse_irregular,regularity,parametric_profile_RMSE,0.0003531861671407146,0.0007910049148952194,0.0004378187477545048,context dependent,native
20261041,Sparse irregular minus sparse periodic,sparse_periodic,sparse_irregular,regularity,parametric_profile_RMSE,0.0004492218588646691,0.000669067264940372,0.00021984540607570294,context dependent,native
20261042,Sparse irregular minus sparse periodic,sparse_periodic,sparse_irregular,regularity,parametric_profile_RMSE,0.00021500166261669514,0.0003066123519100968,9.161068929340168e-05,context dependent,native
20261043,Sparse irregular minus sparse periodic,sparse_periodic,sparse_irregular,regularity,parametric_profile_RMSE,0.00023116449173033206,0.0003385454205506141,0.00010738092882028202,context dependent,native
20261044,Sparse irregular minus sparse periodic,sparse_periodic,sparse_irregular,regularity,parametric_profile_RMSE,0.0006804261655284151,0.0004910637584408779,-0.00018936240708753718,context dependent,native
20261045,Sparse irregular minus sparse periodic,sparse_periodic,sparse_irregular,regularity,parametric_profile_RMSE,0.0005765136062103344,0.0009409616218259046,0.0003644480156155702,context dependent,native
20261046,Sparse irregular minus sparse periodic,sparse_periodic,sparse_irregular,regularity,parametric_profile_RMSE,0.0006157084065844797,0.0007713211057657761,0.00015561269918129637,context dependent,native
20261047,Sparse irregular minus sparse periodic,sparse_periodic,sparse_irregular,regularity,parametric_profile_RMSE,0.00033552860464487234,0.0002708444938553561,-6.468411078951625e-05,context dependent,native
20261048,Sparse irregular minus sparse periodic,sparse_periodic,sparse_irregular,regularity,parametric_profile_RMSE,0.00040801280932988455,0.00019061091985413854,-0.000217401889475746,context dependent,native
20261049,Sparse irregular minus sparse periodic,sparse_periodic,sparse_irregular,regularity,parametric_profile_RMSE,0.0005381051947243698,0.0002213764533721321,-0.0003167287413522377,context dependent,native
20261050,Sparse irregular minus sparse periodic,sparse_periodic,sparse_irregular,regularity,parametric_profile_RMSE,0.0003622246562376007,0.0009062070709973882,0.0005439824147597875,context dependent,native
20261001,Sparse irregular minus sparse periodic,sparse_periodic,sparse_irregular,regularity,nonparametric_profile_RMSE,0.0015747325371853317,0.001775127246042821,0.0002003947088574892,context dependent,native
20261002,Sparse irregular minus sparse periodic,sparse_periodic,sparse_irregular,regularity,nonparametric_profile_RMSE,0.0013460136176022752,0.0014685222958798676,0.00012250867827759242,context dependent,native
20261003,Sparse irregular minus sparse periodic,sparse_periodic,sparse_irregular,regularity,nonparametric_profile_RMSE,0.0015863836327831675,0.0018184625762768128,0.00023207894349364534,context dependent,native
20261004,Sparse irregular minus sparse periodic,sparse_periodic,sparse_irregular,regularity,nonparametric_profile_RMSE,0.0012848773660789035,0.0017524469778302408,0.00046756961175133723,context dependent,native
20261005,Sparse irregular minus sparse periodic,sparse_periodic,sparse_irregular,regularity,nonparametric_profile_RMSE,0.0017149055056930576,0.0021635947822933772,0.00044868927660031963,context dependent,native
20261006,Sparse irregular minus sparse periodic,sparse_periodic,sparse_irregular,regularity,nonparametric_profile_RMSE,0.0021528650865094805,0.002333691831898651,0.00018082674538917034,context dependent,native
20261007,Sparse irregular minus sparse periodic,sparse_periodic,sparse_irregular,regularity,nonparametric_profile_RMSE,0.0016710009390697312,0.002374249299173327,0.0007032483601035957,context dependent,native
20261008,Sparse irregular minus sparse periodic,sparse_periodic,sparse_irregular,regularity,nonparametric_profile_RMSE,0.0024060216346840487,0.00201907911255614,-0.00038694252212790855,context dependent,native
20261009,Sparse irregular minus sparse periodic,sparse_periodic,sparse_irregular,regularity,nonparametric_profile_RMSE,0.0019478301057424415,0.002753850093808679,0.0008060199880662376,context dependent,native
20261010,Sparse irregular minus sparse periodic,sparse_periodic,sparse_irregular,regularity,nonparametric_profile_RMSE,0.0018625065953624372,0.0019739388867335327,0.0001114322913710955,context dependent,native
20261011,Sparse irregular minus sparse periodic,sparse_periodic,sparse_irregular,regularity,nonparametric_profile_RMSE,0.0018109702300201998,0.0015492027500554585,-0.00026176747996474133,context dependent,native
20261012,Sparse irregular minus sparse periodic,sparse_periodic,sparse_irregular,regularity,nonparametric_profile_RMSE,0.0015280557252326586,0.0011113958254074388,-0.00041665989982521976,context dependent,native
20261013,Sparse irregular minus sparse periodic,sparse_periodic,sparse_irregular,regularity,nonparametric_profile_RMSE,0.000912387915302658,0.002870952597078153,0.001958564681775495,context dependent,native
20261014,Sparse irregular minus sparse periodic,sparse_periodic,sparse_irregular,regularity,nonparametric_profile_RMSE,0.0022769430847204802,0.0013243605346736466,-0.0009525825500468336,context dependent,native
20261015,Sparse irregular minus sparse periodic,sparse_periodic,sparse_irregular,regularity,nonparametric_profile_RMSE,0.002452331192301661,0.002570152176086102,0.00011782098378444088,context dependent,native
20261016,Sparse irregular minus sparse periodic,sparse_periodic,sparse_irregular,regularity,nonparametric_profile_RMSE,0.0029290862200512975,0.0018397560141799115,-0.001089330205871386,context dependent,native
20261017,Sparse irregular minus sparse periodic,sparse_periodic,sparse_irregular,regularity,nonparametric_profile_RMSE,0.0026411937045682544,0.0040045233965971564,0.001363329692028902,context dependent,native
20261018,Sparse irregular minus sparse periodic,sparse_periodic,sparse_irregular,regularity,nonparametric_profile_RMSE,0.0017826451081697874,0.0018624798491381144,7.983474096832704e-05,context dependent,native
20261019,Sparse irregular minus sparse periodic,sparse_periodic,sparse_irregular,regularity,nonparametric_profile_RMSE,0.0025222453386912914,0.0019032558411282527,-0.0006189894975630386,context dependent,native
20261020,Sparse irregular minus sparse periodic,sparse_periodic,sparse_irregular,regularity,nonparametric_profile_RMSE,0.0018616927307194657,0.0015861572600988079,-0.0002755354706206578,context dependent,native
20261021,Sparse irregular minus sparse periodic,sparse_periodic,sparse_irregular,regularity,nonparametric_profile_RMSE,0.002395733450096496,0.002015201237907501,-0.00038053221218899494,context dependent,native
20261022,Sparse irregular minus sparse periodic,sparse_periodic,sparse_irregular,regularity,nonparametric_profile_RMSE,0.0017048100969985186,0.002214440249943978,0.0005096301529454595,context dependent,native
20261023,Sparse irregular minus sparse periodic,sparse_periodic,sparse_irregular,regularity,nonparametric_profile_RMSE,0.0023068956787333675,0.002066537488327143,-0.00024035819040622462,context dependent,native
20261024,Sparse irregular minus sparse periodic,sparse_periodic,sparse_irregular,regularity,nonparametric_profile_RMSE,0.0011557012716738773,0.0018276760477874906,0.0006719747761136134,context dependent,native
20261025,Sparse irregular minus sparse periodic,sparse_periodic,sparse_irregular,regularity,nonparametric_profile_RMSE,0.0024654230248945122,0.0020556545838772053,-0.0004097684410173069,context dependent,native
20261026,Sparse irregular minus sparse periodic,sparse_periodic,sparse_irregular,regularity,nonparametric_profile_RMSE,0.0011859132410940627,0.001275056547247363,8.914330615330027e-05,context dependent,native
20261027,Sparse irregular minus sparse periodic,sparse_periodic,sparse_irregular,regularity,nonparametric_profile_RMSE,0.001740840209627281,0.002359494538736796,0.0006186543291095148,context dependent,native
20261028,Sparse irregular minus sparse periodic,sparse_periodic,sparse_irregular,regularity,nonparametric_profile_RMSE,0.0017945955393416574,0.0016369945826072464,-0.00015760095673441102,context dependent,native
20261029,Sparse irregular minus sparse periodic,sparse_periodic,sparse_irregular,regularity,nonparametric_profile_RMSE,0.0023041325845342083,0.001840437065319672,-0.00046369551921453625,context dependent,native
20261030,Sparse irregular minus sparse periodic,sparse_periodic,sparse_irregular,regularity,nonparametric_profile_RMSE,0.00194338903595649,0.0015627202900003751,-0.0003806687459561148,context dependent,native
20261031,Sparse irregular minus sparse periodic,sparse_periodic,sparse_irregular,regularity,nonparametric_profile_RMSE,0.001774582725500524,0.002416120197324311,0.0006415374718237868,context dependent,native
20261032,Sparse irregular minus sparse periodic,sparse_periodic,sparse_irregular,regularity,nonparametric_profile_RMSE,0.0015849224040038637,0.0019364360240713507,0.00035151362006748707,context dependent,native
20261033,Sparse irregular minus sparse periodic,sparse_periodic,sparse_irregular,regularity,nonparametric_profile_RMSE,0.0017687327427316532,0.0017946734521074106,2.5940709375757475e-05,context dependent,native
20261034,Sparse irregular minus sparse periodic,sparse_periodic,sparse_irregular,regularity,nonparametric_profile_RMSE,0.0026625906076204755,0.001817873421628368,-0.0008447171859921074,context dependent,native
20261035,Sparse irregular minus sparse periodic,sparse_periodic,sparse_irregular,regularity,nonparametric_profile_RMSE,0.001989166340401305,0.0013967664442586058,-0.0005923998961426991,context dependent,native
20261036,Sparse irregular minus sparse periodic,sparse_periodic,sparse_irregular,regularity,nonparametric_profile_RMSE,0.002135125633847955,0.002010626071025588,-0.00012449956282236697,context dependent,native
20261037,Sparse irregular minus sparse periodic,sparse_periodic,sparse_irregular,regularity,nonparametric_profile_RMSE,0.0014562289020925263,0.0021044389118582006,0.0006482100097656744,context dependent,native
20261038,Sparse irregular minus sparse periodic,sparse_periodic,sparse_irregular,regularity,nonparametric_profile_RMSE,0.0019625993395513226,0.0018465518533469928,-0.00011604748620432982,context dependent,native
20261039,Sparse irregular minus sparse periodic,sparse_periodic,sparse_irregular,regularity,nonparametric_profile_RMSE,0.0035022069907659752,0.0026781119001626093,-0.0008240950906033659,context dependent,native
20261040,Sparse irregular minus sparse periodic,sparse_periodic,sparse_irregular,regularity,nonparametric_profile_RMSE,0.001709263283065437,0.0029470588201703654,0.0012377955371049285,context dependent,native
20261041,Sparse irregular minus sparse periodic,sparse_periodic,sparse_irregular,regularity,nonparametric_profile_RMSE,0.0011688911904495956,0.0018177425968647378,0.0006488514064151422,context dependent,native
20261042,Sparse irregular minus sparse periodic,sparse_periodic,sparse_irregular,regularity,nonparametric_profile_RMSE,0.002082802735091989,0.002309454089138484,0.00022665135404649527,context dependent,native
20261043,Sparse irregular minus sparse periodic,sparse_periodic,sparse_irregular,regularity,nonparametric_profile_RMSE,0.0014614709599318624,0.001796075125124117,0.0003346041651922547,context dependent,native
20261044,Sparse irregular minus sparse periodic,sparse_periodic,sparse_irregular,regularity,nonparametric_profile_RMSE,0.001794292261980323,0.0022136208917486904,0.0004193286297683675,context dependent,native
20261045,Sparse irregular minus sparse periodic,sparse_periodic,sparse_irregular,regularity,nonparametric_profile_RMSE,0.0019407436302770144,0.0019720523384769303,3.1308708199915885e-05,context dependent,native
20261046,Sparse irregular minus sparse periodic,sparse_periodic,sparse_irregular,regularity,nonparametric_profile_RMSE,0.0018694720952926293,0.0017888460289467963,-8.0626066345833e-05,context dependent,native
20261047,Sparse irregular minus sparse periodic,sparse_periodic,sparse_irregular,regularity,nonparametric_profile_RMSE,0.0012821956718561034,0.0020991741634725143,0.0008169784916164109,context dependent,native
20261048,Sparse irregular minus sparse periodic,sparse_periodic,sparse_irregular,regularity,nonparametric_profile_RMSE,0.001287327369041192,0.001836916819088634,0.0005495894500474421,context dependent,native
20261049,Sparse irregular minus sparse periodic,sparse_periodic,sparse_irregular,regularity,nonparametric_profile_RMSE,0.0018454105308066723,0.001307577104572103,-0.0005378334262345693,context dependent,native
20261050,Sparse irregular minus sparse periodic,sparse_periodic,sparse_irregular,regularity,nonparametric_profile_RMSE,0.0016717309503598544,0.0017638597086934978,9.212875833364341e-05,context dependent,native
20261001,Sparse irregular minus sparse periodic,sparse_periodic,sparse_irregular,regularity,active_sigma_parametric_MAE_gain_pct,25.52072179196149,18.285205762435563,-7.235516029525925,context dependent,percent
20261002,Sparse irregular minus sparse periodic,sparse_periodic,sparse_irregular,regularity,active_sigma_parametric_MAE_gain_pct,22.658347442033545,24.581791291545187,1.9234438495116422,context dependent,percent
20261003,Sparse irregular minus sparse periodic,sparse_periodic,sparse_irregular,regularity,active_sigma_parametric_MAE_gain_pct,20.49320609766212,15.213413046407698,-5.279793051254423,context dependent,percent
20261004,Sparse irregular minus sparse periodic,sparse_periodic,sparse_irregular,regularity,active_sigma_parametric_MAE_gain_pct,19.330787095346235,24.512336213402364,5.181549118056129,context dependent,percent
20261005,Sparse irregular minus sparse periodic,sparse_periodic,sparse_irregular,regularity,active_sigma_parametric_MAE_gain_pct,23.938334110697124,20.755684862126913,-3.182649248570211,context dependent,percent
20261006,Sparse irregular minus sparse periodic,sparse_periodic,sparse_irregular,regularity,active_sigma_parametric_MAE_gain_pct,13.265959265942573,12.639931800167004,-0.6260274657755698,context dependent,percent
20261007,Sparse irregular minus sparse periodic,sparse_periodic,sparse_irregular,regularity,active_sigma_parametric_MAE_gain_pct,21.86820377524764,9.168229084444013,-12.699974690803627,context dependent,percent
20261008,Sparse irregular minus sparse periodic,sparse_periodic,sparse_irregular,regularity,active_sigma_parametric_MAE_gain_pct,17.417799873154493,24.668792877770183,7.25099300461569,context dependent,percent
20261009,Sparse irregular minus sparse periodic,sparse_periodic,sparse_irregular,regularity,active_sigma_parametric_MAE_gain_pct,24.00604945117054,25.55608155518122,1.550032104010679,context dependent,percent
20261010,Sparse irregular minus sparse periodic,sparse_periodic,sparse_irregular,regularity,active_sigma_parametric_MAE_gain_pct,12.12568182334035,17.84864374161139,5.722961918271039,context dependent,percent
20261011,Sparse irregular minus sparse periodic,sparse_periodic,sparse_irregular,regularity,active_sigma_parametric_MAE_gain_pct,25.34798432925085,21.680154836889077,-3.667829492361772,context dependent,percent
20261012,Sparse irregular minus sparse periodic,sparse_periodic,sparse_irregular,regularity,active_sigma_parametric_MAE_gain_pct,14.02181557476181,20.233608484019516,6.211792909257706,context dependent,percent
20261013,Sparse irregular minus sparse periodic,sparse_periodic,sparse_irregular,regularity,active_sigma_parametric_MAE_gain_pct,9.72085390799825,11.91988584985162,2.1990319418533684,context dependent,percent
20261014,Sparse irregular minus sparse periodic,sparse_periodic,sparse_irregular,regularity,active_sigma_parametric_MAE_gain_pct,13.893171890630128,18.50970264425882,4.616530753628691,context dependent,percent
20261015,Sparse irregular minus sparse periodic,sparse_periodic,sparse_irregular,regularity,active_sigma_parametric_MAE_gain_pct,15.926040093505856,23.56877506731316,7.642734973807306,context dependent,percent
20261016,Sparse irregular minus sparse periodic,sparse_periodic,sparse_irregular,regularity,active_sigma_parametric_MAE_gain_pct,10.45067232258755,10.219206855887997,-0.2314654666995537,context dependent,percent
20261017,Sparse irregular minus sparse periodic,sparse_periodic,sparse_irregular,regularity,active_sigma_parametric_MAE_gain_pct,21.5770212080321,21.2434776557635,-0.3335435522686012,context dependent,percent
20261018,Sparse irregular minus sparse periodic,sparse_periodic,sparse_irregular,regularity,active_sigma_parametric_MAE_gain_pct,6.055185237684779,1.7449657922911532,-4.310219445393626,context dependent,percent
20261019,Sparse irregular minus sparse periodic,sparse_periodic,sparse_irregular,regularity,active_sigma_parametric_MAE_gain_pct,22.53069825399383,19.16894317129696,-3.3617550826968703,context dependent,percent
20261020,Sparse irregular minus sparse periodic,sparse_periodic,sparse_irregular,regularity,active_sigma_parametric_MAE_gain_pct,28.52496894355736,25.542267336127054,-2.9827016074303074,context dependent,percent
20261021,Sparse irregular minus sparse periodic,sparse_periodic,sparse_irregular,regularity,active_sigma_parametric_MAE_gain_pct,16.76216025334776,16.229331598227848,-0.5328286551199106,context dependent,percent
20261022,Sparse irregular minus sparse periodic,sparse_periodic,sparse_irregular,regularity,active_sigma_parametric_MAE_gain_pct,16.261494265605215,18.717768825969973,2.4562745603647578,context dependent,percent
20261023,Sparse irregular minus sparse periodic,sparse_periodic,sparse_irregular,regularity,active_sigma_parametric_MAE_gain_pct,26.818179056997472,25.1026209293124,-1.715558127685071,context dependent,percent
20261024,Sparse irregular minus sparse periodic,sparse_periodic,sparse_irregular,regularity,active_sigma_parametric_MAE_gain_pct,27.652523304330966,14.790989226629058,-12.861534077701908,context dependent,percent
20261025,Sparse irregular minus sparse periodic,sparse_periodic,sparse_irregular,regularity,active_sigma_parametric_MAE_gain_pct,22.025706768318642,20.860420087328524,-1.1652866809901177,context dependent,percent
20261026,Sparse irregular minus sparse periodic,sparse_periodic,sparse_irregular,regularity,active_sigma_parametric_MAE_gain_pct,8.799323076236265,12.349385284251824,3.550062208015559,context dependent,percent
20261027,Sparse irregular minus sparse periodic,sparse_periodic,sparse_irregular,regularity,active_sigma_parametric_MAE_gain_pct,25.48129338865771,21.426785590178564,-4.054507798479147,context dependent,percent
20261028,Sparse irregular minus sparse periodic,sparse_periodic,sparse_irregular,regularity,active_sigma_parametric_MAE_gain_pct,23.313008572597592,19.721638978126233,-3.5913695944713595,context dependent,percent
20261029,Sparse irregular minus sparse periodic,sparse_periodic,sparse_irregular,regularity,active_sigma_parametric_MAE_gain_pct,23.446554380784733,19.226664684295823,-4.219889696488909,context dependent,percent
20261030,Sparse irregular minus sparse periodic,sparse_periodic,sparse_irregular,regularity,active_sigma_parametric_MAE_gain_pct,18.678947024824787,21.400330200400653,2.721383175575866,context dependent,percent
20261031,Sparse irregular minus sparse periodic,sparse_periodic,sparse_irregular,regularity,active_sigma_parametric_MAE_gain_pct,12.469443963989269,13.026122370429105,0.5566784064398362,context dependent,percent
20261032,Sparse irregular minus sparse periodic,sparse_periodic,sparse_irregular,regularity,active_sigma_parametric_MAE_gain_pct,22.369050294971405,19.50286749579837,-2.8661827991730355,context dependent,percent
20261033,Sparse irregular minus sparse periodic,sparse_periodic,sparse_irregular,regularity,active_sigma_parametric_MAE_gain_pct,23.39926070729138,5.581250418312211,-17.818010288979167,context dependent,percent
20261034,Sparse irregular minus sparse periodic,sparse_periodic,sparse_irregular,regularity,active_sigma_parametric_MAE_gain_pct,25.966923289156796,9.689572614197727,-16.277350674959067,context dependent,percent
20261035,Sparse irregular minus sparse periodic,sparse_periodic,sparse_irregular,regularity,active_sigma_parametric_MAE_gain_pct,17.460277877844476,22.416652571086193,4.956374693241717,context dependent,percent
20261036,Sparse irregular minus sparse periodic,sparse_periodic,sparse_irregular,regularity,active_sigma_parametric_MAE_gain_pct,31.103270143951455,14.632200387838123,-16.47106975611333,context dependent,percent
20261037,Sparse irregular minus sparse periodic,sparse_periodic,sparse_irregular,regularity,active_sigma_parametric_MAE_gain_pct,13.54371681954939,3.555498011422442,-9.988218808126948,context dependent,percent
20261038,Sparse irregular minus sparse periodic,sparse_periodic,sparse_irregular,regularity,active_sigma_parametric_MAE_gain_pct,-0.5210032714644486,4.220169783032146,4.741173054496595,context dependent,percent
20261039,Sparse irregular minus sparse periodic,sparse_periodic,sparse_irregular,regularity,active_sigma_parametric_MAE_gain_pct,2.3758469402124116,13.282678146093218,10.906831205880806,context dependent,percent
20261040,Sparse irregular minus sparse periodic,sparse_periodic,sparse_irregular,regularity,active_sigma_parametric_MAE_gain_pct,11.606135168988885,1.912262197111514,-9.693872971877372,context dependent,percent
20261041,Sparse irregular minus sparse periodic,sparse_periodic,sparse_irregular,regularity,active_sigma_parametric_MAE_gain_pct,22.134366480846136,34.426844957582546,12.29247847673641,context dependent,percent
20261042,Sparse irregular minus sparse periodic,sparse_periodic,sparse_irregular,regularity,active_sigma_parametric_MAE_gain_pct,15.767084208744397,19.33490951514599,3.567825306401595,context dependent,percent
20261043,Sparse irregular minus sparse periodic,sparse_periodic,sparse_irregular,regularity,active_sigma_parametric_MAE_gain_pct,35.65889626389023,31.115075015008564,-4.543821248881663,context dependent,percent
20261044,Sparse irregular minus sparse periodic,sparse_periodic,sparse_irregular,regularity,active_sigma_parametric_MAE_gain_pct,13.47223691005186,15.547993273814132,2.075756363762272,context dependent,percent
20261045,Sparse irregular minus sparse periodic,sparse_periodic,sparse_irregular,regularity,active_sigma_parametric_MAE_gain_pct,26.00624660985542,23.77036303620499,-2.2358835736504297,context dependent,percent
20261046,Sparse irregular minus sparse periodic,sparse_periodic,sparse_irregular,regularity,active_sigma_parametric_MAE_gain_pct,17.482998474533538,26.400589368635828,8.91759089410229,context dependent,percent
20261047,Sparse irregular minus sparse periodic,sparse_periodic,sparse_irregular,regularity,active_sigma_parametric_MAE_gain_pct,12.616117562317598,16.017903360014095,3.4017857976964976,context dependent,percent
20261048,Sparse irregular minus sparse periodic,sparse_periodic,sparse_irregular,regularity,active_sigma_parametric_MAE_gain_pct,10.39127693391453,11.85999087227323,1.4687139383587002,context dependent,percent
20261049,Sparse irregular minus sparse periodic,sparse_periodic,sparse_irregular,regularity,active_sigma_parametric_MAE_gain_pct,13.18205174921836,17.98341563181125,4.8013638825928915,context dependent,percent
20261050,Sparse irregular minus sparse periodic,sparse_periodic,sparse_irregular,regularity,active_sigma_parametric_MAE_gain_pct,26.00649989277687,34.272072647677795,8.265572754900926,context dependent,percent
20261001,Sparse irregular minus sparse periodic,sparse_periodic,sparse_irregular,regularity,active_sigma_nonparametric_MAE_gain_pct,19.717739443647364,9.109925940863107,-10.607813502784257,context dependent,percent
20261002,Sparse irregular minus sparse periodic,sparse_periodic,sparse_irregular,regularity,active_sigma_nonparametric_MAE_gain_pct,21.50233973427451,21.427907717354312,-0.07443201692019841,context dependent,percent
20261003,Sparse irregular minus sparse periodic,sparse_periodic,sparse_irregular,regularity,active_sigma_nonparametric_MAE_gain_pct,18.70274155286126,8.39252461371286,-10.310216939148399,context dependent,percent
20261004,Sparse irregular minus sparse periodic,sparse_periodic,sparse_irregular,regularity,active_sigma_nonparametric_MAE_gain_pct,17.757160202920918,15.78983379331892,-1.9673264096019984,context dependent,percent
20261005,Sparse irregular minus sparse periodic,sparse_periodic,sparse_irregular,regularity,active_sigma_nonparametric_MAE_gain_pct,26.17559279365126,12.953969920909502,-13.221622872741756,context dependent,percent
20261006,Sparse irregular minus sparse periodic,sparse_periodic,sparse_irregular,regularity,active_sigma_nonparametric_MAE_gain_pct,-5.050369232867946,-5.523984436859708,-0.4736152039917618,context dependent,percent
20261007,Sparse irregular minus sparse periodic,sparse_periodic,sparse_irregular,regularity,active_sigma_nonparametric_MAE_gain_pct,24.08148270794037,3.1128690672748593,-20.96861364066551,context dependent,percent
20261008,Sparse irregular minus sparse periodic,sparse_periodic,sparse_irregular,regularity,active_sigma_nonparametric_MAE_gain_pct,19.06633116469093,19.070713701284593,0.004382536593663389,context dependent,percent
20261009,Sparse irregular minus sparse periodic,sparse_periodic,sparse_irregular,regularity,active_sigma_nonparametric_MAE_gain_pct,13.237867168930284,-0.9961963772349813,-14.234063546165267,context dependent,percent
20261010,Sparse irregular minus sparse periodic,sparse_periodic,sparse_irregular,regularity,active_sigma_nonparametric_MAE_gain_pct,10.245560670800892,5.65524334788805,-4.590317322912841,context dependent,percent
20261011,Sparse irregular minus sparse periodic,sparse_periodic,sparse_irregular,regularity,active_sigma_nonparametric_MAE_gain_pct,25.3387534227409,24.381626860881024,-0.9571265618598765,context dependent,percent
20261012,Sparse irregular minus sparse periodic,sparse_periodic,sparse_irregular,regularity,active_sigma_nonparametric_MAE_gain_pct,8.149179550496555,12.498002653242402,4.348823102745847,context dependent,percent
20261013,Sparse irregular minus sparse periodic,sparse_periodic,sparse_irregular,regularity,active_sigma_nonparametric_MAE_gain_pct,10.20338654533628,-12.649728551581996,-22.853115096918273,context dependent,percent
20261014,Sparse irregular minus sparse periodic,sparse_periodic,sparse_irregular,regularity,active_sigma_nonparametric_MAE_gain_pct,6.223166331675689,13.956557821226568,7.733391489550879,context dependent,percent
20261015,Sparse irregular minus sparse periodic,sparse_periodic,sparse_irregular,regularity,active_sigma_nonparametric_MAE_gain_pct,-0.12882137274434768,7.3141890469411885,7.443010419685536,context dependent,percent
20261016,Sparse irregular minus sparse periodic,sparse_periodic,sparse_irregular,regularity,active_sigma_nonparametric_MAE_gain_pct,-19.39888973678039,-0.8944547300112626,18.50443500676913,context dependent,percent
20261017,Sparse irregular minus sparse periodic,sparse_periodic,sparse_irregular,regularity,active_sigma_nonparametric_MAE_gain_pct,18.419495425453736,0.6246453299397103,-17.794850095514025,context dependent,percent
20261018,Sparse irregular minus sparse periodic,sparse_periodic,sparse_irregular,regularity,active_sigma_nonparametric_MAE_gain_pct,5.868762641888836,-7.818637901525194,-13.687400543414029,context dependent,percent
20261019,Sparse irregular minus sparse periodic,sparse_periodic,sparse_irregular,regularity,active_sigma_nonparametric_MAE_gain_pct,15.608519929757714,17.24951473008097,1.6409948003232575,context dependent,percent
20261020,Sparse irregular minus sparse periodic,sparse_periodic,sparse_irregular,regularity,active_sigma_nonparametric_MAE_gain_pct,30.436617441874848,21.029552830445077,-9.407064611429771,context dependent,percent
20261021,Sparse irregular minus sparse periodic,sparse_periodic,sparse_irregular,regularity,active_sigma_nonparametric_MAE_gain_pct,8.575274665787003,13.725605059281653,5.1503303934946505,context dependent,percent
20261022,Sparse irregular minus sparse periodic,sparse_periodic,sparse_irregular,regularity,active_sigma_nonparametric_MAE_gain_pct,9.120217918601515,5.676575191282119,-3.4436427273193964,context dependent,percent
20261023,Sparse irregular minus sparse periodic,sparse_periodic,sparse_irregular,regularity,active_sigma_nonparametric_MAE_gain_pct,22.487595871606736,10.728727466081466,-11.75886840552527,context dependent,percent
20261024,Sparse irregular minus sparse periodic,sparse_periodic,sparse_irregular,regularity,active_sigma_nonparametric_MAE_gain_pct,24.697181868704998,9.974331942356041,-14.722849926348957,context dependent,percent
20261025,Sparse irregular minus sparse periodic,sparse_periodic,sparse_irregular,regularity,active_sigma_nonparametric_MAE_gain_pct,6.937812157042911,23.268658281742493,16.330846124699583,context dependent,percent
20261026,Sparse irregular minus sparse periodic,sparse_periodic,sparse_irregular,regularity,active_sigma_nonparametric_MAE_gain_pct,3.6111031008361882,5.0864611666170845,1.4753580657808962,context dependent,percent
20261027,Sparse irregular minus sparse periodic,sparse_periodic,sparse_irregular,regularity,active_sigma_nonparametric_MAE_gain_pct,7.96225455336007,6.774279602502487,-1.1879749508575834,context dependent,percent
20261028,Sparse irregular minus sparse periodic,sparse_periodic,sparse_irregular,regularity,active_sigma_nonparametric_MAE_gain_pct,17.383833595650643,19.00709819415962,1.6232645985089782,context dependent,percent
20261029,Sparse irregular minus sparse periodic,sparse_periodic,sparse_irregular,regularity,active_sigma_nonparametric_MAE_gain_pct,26.434306956951993,10.112298163209166,-16.322008793742825,context dependent,percent
20261030,Sparse irregular minus sparse periodic,sparse_periodic,sparse_irregular,regularity,active_sigma_nonparametric_MAE_gain_pct,5.622801143642997,23.32505137620855,17.702250232565554,context dependent,percent
20261031,Sparse irregular minus sparse periodic,sparse_periodic,sparse_irregular,regularity,active_sigma_nonparametric_MAE_gain_pct,7.653883347860746,3.190228400826378,-4.463654947034367,context dependent,percent
20261032,Sparse irregular minus sparse periodic,sparse_periodic,sparse_irregular,regularity,active_sigma_nonparametric_MAE_gain_pct,14.433763822230816,5.09165018362816,-9.342113638602655,context dependent,percent
20261033,Sparse irregular minus sparse periodic,sparse_periodic,sparse_irregular,regularity,active_sigma_nonparametric_MAE_gain_pct,20.37751910143587,4.079932166708877,-16.297586934726993,context dependent,percent
20261034,Sparse irregular minus sparse periodic,sparse_periodic,sparse_irregular,regularity,active_sigma_nonparametric_MAE_gain_pct,20.673250345653095,5.040651866312629,-15.632598479340466,context dependent,percent
20261035,Sparse irregular minus sparse periodic,sparse_periodic,sparse_irregular,regularity,active_sigma_nonparametric_MAE_gain_pct,8.330841740680528,10.387532047116842,2.0566903064363142,context dependent,percent
20261036,Sparse irregular minus sparse periodic,sparse_periodic,sparse_irregular,regularity,active_sigma_nonparametric_MAE_gain_pct,18.40390671642339,12.669222194244211,-5.734684522179178,context dependent,percent
20261037,Sparse irregular minus sparse periodic,sparse_periodic,sparse_irregular,regularity,active_sigma_nonparametric_MAE_gain_pct,-1.464814149325,-16.281511924161073,-14.816697774836072,context dependent,percent
20261038,Sparse irregular minus sparse periodic,sparse_periodic,sparse_irregular,regularity,active_sigma_nonparametric_MAE_gain_pct,-2.78688428611511,-9.393053963588649,-6.606169677473539,context dependent,percent
20261039,Sparse irregular minus sparse periodic,sparse_periodic,sparse_irregular,regularity,active_sigma_nonparametric_MAE_gain_pct,-14.613317050965113,-23.717384580572975,-9.104067529607862,context dependent,percent
20261040,Sparse irregular minus sparse periodic,sparse_periodic,sparse_irregular,regularity,active_sigma_nonparametric_MAE_gain_pct,3.7183597440601845,-7.133167887804581,-10.851527631864766,context dependent,percent
20261041,Sparse irregular minus sparse periodic,sparse_periodic,sparse_irregular,regularity,active_sigma_nonparametric_MAE_gain_pct,17.179367353517115,29.34605760813921,12.166690254622093,context dependent,percent
20261042,Sparse irregular minus sparse periodic,sparse_periodic,sparse_irregular,regularity,active_sigma_nonparametric_MAE_gain_pct,-2.6879480041470893,-4.092115501543092,-1.4041674973960028,context dependent,percent
20261043,Sparse irregular minus sparse periodic,sparse_periodic,sparse_irregular,regularity,active_sigma_nonparametric_MAE_gain_pct,19.006134815118735,20.64050811622523,1.6343733011064963,context dependent,percent
20261044,Sparse irregular minus sparse periodic,sparse_periodic,sparse_irregular,regularity,active_sigma_nonparametric_MAE_gain_pct,0.5148571860238982,4.651811383072579,4.136954197048681,context dependent,percent
20261045,Sparse irregular minus sparse periodic,sparse_periodic,sparse_irregular,regularity,active_sigma_nonparametric_MAE_gain_pct,16.892438482640383,22.388774543905264,5.496336061264881,context dependent,percent
20261046,Sparse irregular minus sparse periodic,sparse_periodic,sparse_irregular,regularity,active_sigma_nonparametric_MAE_gain_pct,10.769820716298861,19.652309259345557,8.882488543046696,context dependent,percent
20261047,Sparse irregular minus sparse periodic,sparse_periodic,sparse_irregular,regularity,active_sigma_nonparametric_MAE_gain_pct,14.972639856619097,9.364761294432022,-5.607878562187075,context dependent,percent
20261048,Sparse irregular minus sparse periodic,sparse_periodic,sparse_irregular,regularity,active_sigma_nonparametric_MAE_gain_pct,12.366193911954582,4.045531307402839,-8.320662604551742,context dependent,percent
20261049,Sparse irregular minus sparse periodic,sparse_periodic,sparse_irregular,regularity,active_sigma_nonparametric_MAE_gain_pct,9.544321469051953,10.232235181990134,0.6879137129381814,context dependent,percent
20261050,Sparse irregular minus sparse periodic,sparse_periodic,sparse_irregular,regularity,active_sigma_nonparametric_MAE_gain_pct,24.760752506120543,23.594413320204854,-1.1663391859156889,context dependent,percent
20261001,Sparse irregular minus sparse periodic,sparse_periodic,sparse_irregular,regularity,parametric_absolute_coverage_error,0.011538461538461608,0.06538461538461537,0.053846153846153766,context dependent,native
20261002,Sparse irregular minus sparse periodic,sparse_periodic,sparse_irregular,regularity,parametric_absolute_coverage_error,0.026923076923076827,0.011538461538461608,-0.015384615384615219,context dependent,native
20261003,Sparse irregular minus sparse periodic,sparse_periodic,sparse_irregular,regularity,parametric_absolute_coverage_error,0.026923076923076827,0.026923076923076827,0.0,context dependent,native
20261004,Sparse irregular minus sparse periodic,sparse_periodic,sparse_irregular,regularity,parametric_absolute_coverage_error,0.03076923076923077,0.011538461538461608,-0.019230769230769162,context dependent,native
20261005,Sparse irregular minus sparse periodic,sparse_periodic,sparse_irregular,regularity,parametric_absolute_coverage_error,0.03076923076923077,0.007692307692307665,-0.023076923076923106,context dependent,native
20261006,Sparse irregular minus sparse periodic,sparse_periodic,sparse_irregular,regularity,parametric_absolute_coverage_error,0.026923076923076827,0.026923076923076827,0.0,context dependent,native
20261007,Sparse irregular minus sparse periodic,sparse_periodic,sparse_irregular,regularity,parametric_absolute_coverage_error,0.06538461538461537,0.14230769230769225,0.07692307692307687,context dependent,native
20261008,Sparse irregular minus sparse periodic,sparse_periodic,sparse_irregular,regularity,parametric_absolute_coverage_error,0.03076923076923077,0.03076923076923077,0.0,context dependent,native
20261009,Sparse irregular minus sparse periodic,sparse_periodic,sparse_irregular,regularity,parametric_absolute_coverage_error,0.026923076923076827,0.06538461538461537,0.03846153846153855,context dependent,native
20261010,Sparse irregular minus sparse periodic,sparse_periodic,sparse_irregular,regularity,parametric_absolute_coverage_error,0.03076923076923077,0.007692307692307665,-0.023076923076923106,context dependent,native
20261011,Sparse irregular minus sparse periodic,sparse_periodic,sparse_irregular,regularity,parametric_absolute_coverage_error,0.011538461538461608,0.026923076923076827,0.015384615384615219,context dependent,native
20261012,Sparse irregular minus sparse periodic,sparse_periodic,sparse_irregular,regularity,parametric_absolute_coverage_error,0.03076923076923077,0.007692307692307665,-0.023076923076923106,context dependent,native
20261013,Sparse irregular minus sparse periodic,sparse_periodic,sparse_irregular,regularity,parametric_absolute_coverage_error,0.011538461538461608,0.026923076923076827,0.015384615384615219,context dependent,native
20261014,Sparse irregular minus sparse periodic,sparse_periodic,sparse_irregular,regularity,parametric_absolute_coverage_error,0.011538461538461608,0.007692307692307665,-0.0038461538461539435,context dependent,native
20261015,Sparse irregular minus sparse periodic,sparse_periodic,sparse_irregular,regularity,parametric_absolute_coverage_error,0.011538461538461608,0.007692307692307665,-0.0038461538461539435,context dependent,native
20261016,Sparse irregular minus sparse periodic,sparse_periodic,sparse_irregular,regularity,parametric_absolute_coverage_error,0.011538461538461608,0.011538461538461608,0.0,context dependent,native
20261017,Sparse irregular minus sparse periodic,sparse_periodic,sparse_irregular,regularity,parametric_absolute_coverage_error,0.0461538461538461,0.026923076923076827,-0.019230769230769273,context dependent,native
20261018,Sparse irregular minus sparse periodic,sparse_periodic,sparse_irregular,regularity,parametric_absolute_coverage_error,0.08461538461538454,0.0461538461538461,-0.038461538461538436,context dependent,native
20261019,Sparse irregular minus sparse periodic,sparse_periodic,sparse_irregular,regularity,parametric_absolute_coverage_error,0.03076923076923077,0.03076923076923077,0.0,context dependent,native
20261020,Sparse irregular minus sparse periodic,sparse_periodic,sparse_irregular,regularity,parametric_absolute_coverage_error,0.06538461538461537,0.0461538461538461,-0.019230769230769273,context dependent,native
20261021,Sparse irregular minus sparse periodic,sparse_periodic,sparse_irregular,regularity,parametric_absolute_coverage_error,0.026923076923076827,0.007692307692307665,-0.019230769230769162,context dependent,native
20261022,Sparse irregular minus sparse periodic,sparse_periodic,sparse_irregular,regularity,parametric_absolute_coverage_error,0.011538461538461608,0.011538461538461608,0.0,context dependent,native
20261023,Sparse irregular minus sparse periodic,sparse_periodic,sparse_irregular,regularity,parametric_absolute_coverage_error,0.03076923076923077,0.03076923076923077,0.0,context dependent,native
20261024,Sparse irregular minus sparse periodic,sparse_periodic,sparse_irregular,regularity,parametric_absolute_coverage_error,0.0461538461538461,0.011538461538461608,-0.03461538461538449,context dependent,native
20261025,Sparse irregular minus sparse periodic,sparse_periodic,sparse_irregular,regularity,parametric_absolute_coverage_error,0.026923076923076827,0.06538461538461537,0.03846153846153855,context dependent,native
20261026,Sparse irregular minus sparse periodic,sparse_periodic,sparse_irregular,regularity,parametric_absolute_coverage_error,0.03076923076923077,0.026923076923076827,-0.0038461538461539435,context dependent,native
20261027,Sparse irregular minus sparse periodic,sparse_periodic,sparse_irregular,regularity,parametric_absolute_coverage_error,0.03076923076923077,0.007692307692307665,-0.023076923076923106,context dependent,native
20261028,Sparse irregular minus sparse periodic,sparse_periodic,sparse_irregular,regularity,parametric_absolute_coverage_error,0.050000000000000044,0.03076923076923077,-0.019230769230769273,context dependent,native
20261029,Sparse irregular minus sparse periodic,sparse_periodic,sparse_irregular,regularity,parametric_absolute_coverage_error,0.0461538461538461,0.011538461538461608,-0.03461538461538449,context dependent,native
20261030,Sparse irregular minus sparse periodic,sparse_periodic,sparse_irregular,regularity,parametric_absolute_coverage_error,0.03076923076923077,0.03076923076923077,0.0,context dependent,native
20261031,Sparse irregular minus sparse periodic,sparse_periodic,sparse_irregular,regularity,parametric_absolute_coverage_error,0.007692307692307665,0.0461538461538461,0.038461538461538436,context dependent,native
20261032,Sparse irregular minus sparse periodic,sparse_periodic,sparse_irregular,regularity,parametric_absolute_coverage_error,0.03076923076923077,0.011538461538461608,-0.019230769230769162,context dependent,native
20261033,Sparse irregular minus sparse periodic,sparse_periodic,sparse_irregular,regularity,parametric_absolute_coverage_error,0.026923076923076827,0.08461538461538454,0.05769230769230771,context dependent,native
20261034,Sparse irregular minus sparse periodic,sparse_periodic,sparse_irregular,regularity,parametric_absolute_coverage_error,0.03076923076923077,0.03076923076923077,0.0,context dependent,native
20261035,Sparse irregular minus sparse periodic,sparse_periodic,sparse_irregular,regularity,parametric_absolute_coverage_error,0.011538461538461608,0.011538461538461608,0.0,context dependent,native
20261036,Sparse irregular minus sparse periodic,sparse_periodic,sparse_irregular,regularity,parametric_absolute_coverage_error,0.007692307692307665,0.007692307692307665,0.0,context dependent,native
20261037,Sparse irregular minus sparse periodic,sparse_periodic,sparse_irregular,regularity,parametric_absolute_coverage_error,0.050000000000000044,0.011538461538461608,-0.038461538461538436,context dependent,native
20261038,Sparse irregular minus sparse periodic,sparse_periodic,sparse_irregular,regularity,parametric_absolute_coverage_error,0.007692307692307665,0.0461538461538461,0.038461538461538436,context dependent,native
20261039,Sparse irregular minus sparse periodic,sparse_periodic,sparse_irregular,regularity,parametric_absolute_coverage_error,0.03076923076923077,0.007692307692307665,-0.023076923076923106,context dependent,native
20261040,Sparse irregular minus sparse periodic,sparse_periodic,sparse_irregular,regularity,parametric_absolute_coverage_error,0.007692307692307665,0.007692307692307665,0.0,context dependent,native
20261041,Sparse irregular minus sparse periodic,sparse_periodic,sparse_irregular,regularity,parametric_absolute_coverage_error,0.007692307692307665,0.007692307692307665,0.0,context dependent,native
20261042,Sparse irregular minus sparse periodic,sparse_periodic,sparse_irregular,regularity,parametric_absolute_coverage_error,0.011538461538461608,0.007692307692307665,-0.0038461538461539435,context dependent,native
20261043,Sparse irregular minus sparse periodic,sparse_periodic,sparse_irregular,regularity,parametric_absolute_coverage_error,0.050000000000000044,0.03076923076923077,-0.019230769230769273,context dependent,native
20261044,Sparse irregular minus sparse periodic,sparse_periodic,sparse_irregular,regularity,parametric_absolute_coverage_error,0.026923076923076827,0.026923076923076827,0.0,context dependent,native
20261045,Sparse irregular minus sparse periodic,sparse_periodic,sparse_irregular,regularity,parametric_absolute_coverage_error,0.007692307692307665,0.011538461538461608,0.0038461538461539435,context dependent,native
20261046,Sparse irregular minus sparse periodic,sparse_periodic,sparse_irregular,regularity,parametric_absolute_coverage_error,0.0461538461538461,0.0461538461538461,0.0,context dependent,native
20261047,Sparse irregular minus sparse periodic,sparse_periodic,sparse_irregular,regularity,parametric_absolute_coverage_error,0.050000000000000044,0.03076923076923077,-0.019230769230769273,context dependent,native
20261048,Sparse irregular minus sparse periodic,sparse_periodic,sparse_irregular,regularity,parametric_absolute_coverage_error,0.026923076923076827,0.007692307692307665,-0.019230769230769162,context dependent,native
20261049,Sparse irregular minus sparse periodic,sparse_periodic,sparse_irregular,regularity,parametric_absolute_coverage_error,0.026923076923076827,0.011538461538461608,-0.015384615384615219,context dependent,native
20261050,Sparse irregular minus sparse periodic,sparse_periodic,sparse_irregular,regularity,parametric_absolute_coverage_error,0.011538461538461608,0.03076923076923077,0.019230769230769162,context dependent,native
20261001,Sparse irregular minus sparse periodic,sparse_periodic,sparse_irregular,regularity,nonparametric_absolute_coverage_error,0.0461538461538461,0.12307692307692308,0.07692307692307698,context dependent,native
20261002,Sparse irregular minus sparse periodic,sparse_periodic,sparse_irregular,regularity,nonparametric_absolute_coverage_error,0.011538461538461608,0.011538461538461608,0.0,context dependent,native
20261003,Sparse irregular minus sparse periodic,sparse_periodic,sparse_irregular,regularity,nonparametric_absolute_coverage_error,0.06538461538461537,0.0461538461538461,-0.019230769230769273,context dependent,native
20261004,Sparse irregular minus sparse periodic,sparse_periodic,sparse_irregular,regularity,nonparametric_absolute_coverage_error,0.011538461538461608,0.011538461538461608,0.0,context dependent,native
20261005,Sparse irregular minus sparse periodic,sparse_periodic,sparse_irregular,regularity,nonparametric_absolute_coverage_error,0.011538461538461608,0.08461538461538454,0.07307692307692293,context dependent,native
20261006,Sparse irregular minus sparse periodic,sparse_periodic,sparse_irregular,regularity,nonparametric_absolute_coverage_error,0.06538461538461537,0.0461538461538461,-0.019230769230769273,context dependent,native
20261007,Sparse irregular minus sparse periodic,sparse_periodic,sparse_irregular,regularity,nonparametric_absolute_coverage_error,0.06538461538461537,0.16153846153846152,0.09615384615384615,context dependent,native
20261008,Sparse irregular minus sparse periodic,sparse_periodic,sparse_irregular,regularity,nonparametric_absolute_coverage_error,0.007692307692307665,0.011538461538461608,0.0038461538461539435,context dependent,native
20261009,Sparse irregular minus sparse periodic,sparse_periodic,sparse_irregular,regularity,nonparametric_absolute_coverage_error,0.08461538461538454,0.08461538461538454,0.0,context dependent,native
20261010,Sparse irregular minus sparse periodic,sparse_periodic,sparse_irregular,regularity,nonparametric_absolute_coverage_error,0.011538461538461608,0.007692307692307665,-0.0038461538461539435,context dependent,native
20261011,Sparse irregular minus sparse periodic,sparse_periodic,sparse_irregular,regularity,nonparametric_absolute_coverage_error,0.007692307692307665,0.007692307692307665,0.0,context dependent,native
20261012,Sparse irregular minus sparse periodic,sparse_periodic,sparse_irregular,regularity,nonparametric_absolute_coverage_error,0.011538461538461608,0.007692307692307665,-0.0038461538461539435,context dependent,native
20261013,Sparse irregular minus sparse periodic,sparse_periodic,sparse_irregular,regularity,nonparametric_absolute_coverage_error,0.026923076923076827,0.06538461538461537,0.03846153846153855,context dependent,native
20261014,Sparse irregular minus sparse periodic,sparse_periodic,sparse_irregular,regularity,nonparametric_absolute_coverage_error,0.007692307692307665,0.011538461538461608,0.0038461538461539435,context dependent,native
20261015,Sparse irregular minus sparse periodic,sparse_periodic,sparse_irregular,regularity,nonparametric_absolute_coverage_error,0.06538461538461537,0.026923076923076827,-0.03846153846153855,context dependent,native
20261016,Sparse irregular minus sparse periodic,sparse_periodic,sparse_irregular,regularity,nonparametric_absolute_coverage_error,0.06538461538461537,0.026923076923076827,-0.03846153846153855,context dependent,native
20261017,Sparse irregular minus sparse periodic,sparse_periodic,sparse_irregular,regularity,nonparametric_absolute_coverage_error,0.026923076923076827,0.16153846153846152,0.1346153846153847,context dependent,native
20261018,Sparse irregular minus sparse periodic,sparse_periodic,sparse_irregular,regularity,nonparametric_absolute_coverage_error,0.10384615384615381,0.0461538461538461,-0.05769230769230771,context dependent,native
20261019,Sparse irregular minus sparse periodic,sparse_periodic,sparse_irregular,regularity,nonparametric_absolute_coverage_error,0.06538461538461537,0.011538461538461608,-0.053846153846153766,context dependent,native
20261020,Sparse irregular minus sparse periodic,sparse_periodic,sparse_irregular,regularity,nonparametric_absolute_coverage_error,0.06538461538461537,0.08461538461538454,0.019230769230769162,context dependent,native
20261021,Sparse irregular minus sparse periodic,sparse_periodic,sparse_irregular,regularity,nonparametric_absolute_coverage_error,0.08461538461538454,0.0461538461538461,-0.038461538461538436,context dependent,native
20261022,Sparse irregular minus sparse periodic,sparse_periodic,sparse_irregular,regularity,nonparametric_absolute_coverage_error,0.007692307692307665,0.08461538461538454,0.07692307692307687,context dependent,native
20261023,Sparse irregular minus sparse periodic,sparse_periodic,sparse_irregular,regularity,nonparametric_absolute_coverage_error,0.007692307692307665,0.007692307692307665,0.0,context dependent,native
20261024,Sparse irregular minus sparse periodic,sparse_periodic,sparse_irregular,regularity,nonparametric_absolute_coverage_error,0.026923076923076827,0.0461538461538461,0.019230769230769273,context dependent,native
20261025,Sparse irregular minus sparse periodic,sparse_periodic,sparse_irregular,regularity,nonparametric_absolute_coverage_error,0.0461538461538461,0.007692307692307665,-0.038461538461538436,context dependent,native
20261026,Sparse irregular minus sparse periodic,sparse_periodic,sparse_irregular,regularity,nonparametric_absolute_coverage_error,0.03076923076923077,0.007692307692307665,-0.023076923076923106,context dependent,native
20261027,Sparse irregular minus sparse periodic,sparse_periodic,sparse_irregular,regularity,nonparametric_absolute_coverage_error,0.007692307692307665,0.026923076923076827,0.019230769230769162,context dependent,native
20261028,Sparse irregular minus sparse periodic,sparse_periodic,sparse_irregular,regularity,nonparametric_absolute_coverage_error,0.03076923076923077,0.03076923076923077,0.0,context dependent,native
20261029,Sparse irregular minus sparse periodic,sparse_periodic,sparse_irregular,regularity,nonparametric_absolute_coverage_error,0.06538461538461537,0.011538461538461608,-0.053846153846153766,context dependent,native
20261030,Sparse irregular minus sparse periodic,sparse_periodic,sparse_irregular,regularity,nonparametric_absolute_coverage_error,0.011538461538461608,0.011538461538461608,0.0,context dependent,native
20261031,Sparse irregular minus sparse periodic,sparse_periodic,sparse_irregular,regularity,nonparametric_absolute_coverage_error,0.06538461538461537,0.10384615384615381,0.038461538461538436,context dependent,native
20261032,Sparse irregular minus sparse periodic,sparse_periodic,sparse_irregular,regularity,nonparametric_absolute_coverage_error,0.007692307692307665,0.007692307692307665,0.0,context dependent,native
20261033,Sparse irregular minus sparse periodic,sparse_periodic,sparse_irregular,regularity,nonparametric_absolute_coverage_error,0.08461538461538454,0.06538461538461537,-0.019230769230769162,context dependent,native
20261034,Sparse irregular minus sparse periodic,sparse_periodic,sparse_irregular,regularity,nonparametric_absolute_coverage_error,0.026923076923076827,0.007692307692307665,-0.019230769230769162,context dependent,native
20261035,Sparse irregular minus sparse periodic,sparse_periodic,sparse_irregular,regularity,nonparametric_absolute_coverage_error,0.011538461538461608,0.011538461538461608,0.0,context dependent,native
20261036,Sparse irregular minus sparse periodic,sparse_periodic,sparse_irregular,regularity,nonparametric_absolute_coverage_error,0.08461538461538454,0.007692307692307665,-0.07692307692307687,context dependent,native
20261037,Sparse irregular minus sparse periodic,sparse_periodic,sparse_irregular,regularity,nonparametric_absolute_coverage_error,0.050000000000000044,0.026923076923076827,-0.023076923076923217,context dependent,native
20261038,Sparse irregular minus sparse periodic,sparse_periodic,sparse_irregular,regularity,nonparametric_absolute_coverage_error,0.06538461538461537,0.08461538461538454,0.019230769230769162,context dependent,native
20261039,Sparse irregular minus sparse periodic,sparse_periodic,sparse_irregular,regularity,nonparametric_absolute_coverage_error,0.08461538461538454,0.06538461538461537,-0.019230769230769162,context dependent,native
20261040,Sparse irregular minus sparse periodic,sparse_periodic,sparse_irregular,regularity,nonparametric_absolute_coverage_error,0.06538461538461537,0.06538461538461537,0.0,context dependent,native
20261041,Sparse irregular minus sparse periodic,sparse_periodic,sparse_irregular,regularity,nonparametric_absolute_coverage_error,0.007692307692307665,0.011538461538461608,0.0038461538461539435,context dependent,native
20261042,Sparse irregular minus sparse periodic,sparse_periodic,sparse_irregular,regularity,nonparametric_absolute_coverage_error,0.06538461538461537,0.10384615384615381,0.038461538461538436,context dependent,native
20261043,Sparse irregular minus sparse periodic,sparse_periodic,sparse_irregular,regularity,nonparametric_absolute_coverage_error,0.050000000000000044,0.011538461538461608,-0.038461538461538436,context dependent,native
20261044,Sparse irregular minus sparse periodic,sparse_periodic,sparse_irregular,regularity,nonparametric_absolute_coverage_error,0.08461538461538454,0.10384615384615381,0.019230769230769273,context dependent,native
20261045,Sparse irregular minus sparse periodic,sparse_periodic,sparse_irregular,regularity,nonparametric_absolute_coverage_error,0.026923076923076827,0.007692307692307665,-0.019230769230769162,context dependent,native
20261046,Sparse irregular minus sparse periodic,sparse_periodic,sparse_irregular,regularity,nonparametric_absolute_coverage_error,0.026923076923076827,0.10384615384615381,0.07692307692307698,context dependent,native
20261047,Sparse irregular minus sparse periodic,sparse_periodic,sparse_irregular,regularity,nonparametric_absolute_coverage_error,0.050000000000000044,0.011538461538461608,-0.038461538461538436,context dependent,native
20261048,Sparse irregular minus sparse periodic,sparse_periodic,sparse_irregular,regularity,nonparametric_absolute_coverage_error,0.026923076923076827,0.011538461538461608,-0.015384615384615219,context dependent,native
20261049,Sparse irregular minus sparse periodic,sparse_periodic,sparse_irregular,regularity,nonparametric_absolute_coverage_error,0.12307692307692308,0.0461538461538461,-0.07692307692307698,context dependent,native
20261050,Sparse irregular minus sparse periodic,sparse_periodic,sparse_irregular,regularity,nonparametric_absolute_coverage_error,0.007692307692307665,0.007692307692307665,0.0,context dependent,native
