datetime_utc,ccy,event,ticker,period,actual_num,survey_num,prior_num,revised_num,surprise,surprise_z,relevance,source_file,event_datetime_utc,event_date_utc,event_datetime_parse_ok,t,mapped,panel_row,model_day
2003-05-06 19:13:00,USD,FOMC Rate Decision (Upper Bound),FDTR Index,2026-05-06 00:00:00,0.0125,0.0125,0.0125,,0.0,0.0827485307864699,98.0,US_events_merged_1997-2026.xlsx,2003-05-06 19:13:00+00:00,2003-05-06 00:00:00+00:00,True,2003-05-06 19:13:00+00:00,True,1,2003-05-06
2003-05-16 13:30:00,USD,CPI MoM,CPI CHNG Index,Apr,-0.003,-0.001,0.003,0.002,-0.002,-1.6758799301503844,97.4,US_events_merged_1997-2026.xlsx,2003-05-16 13:30:00+00:00,2003-05-16 00:00:00+00:00,True,2003-05-16 13:30:00+00:00,True,9,2003-05-16
2003-05-16 13:30:02,USD,CPI YoY,CPI YOY Index,Apr,0.022,,0.03,,,,96.0,US_events_merged_1997-2026.xlsx,2003-05-16 13:30:02+00:00,2003-05-16 00:00:00+00:00,True,2003-05-16 13:30:02+00:00,True,9,2003-05-16
2003-05-30 00:30:05,JPY,Tokyo CPI Ex-Fresh Food YoY,JNCPTXFF Index,May,-0.004,-0.004,-0.004,,0.0,-0.0104051714017993,91.1,JN_events_1997-2026_FINAL.xlsx,2003-05-30 00:30:05+00:00,2003-05-30 00:00:00+00:00,True,2003-05-30 00:30:05+00:00,True,19,2003-05-30
2003-05-30 00:30:08,JPY,Natl CPI YoY,JNCPIYOY Index,Apr,-0.001,-0.001,-0.001,,0.0,-0.0348656134963743,95.6,JN_events_1997-2026_FINAL.xlsx,2003-05-30 00:30:08+00:00,2003-05-30 00:00:00+00:00,True,2003-05-30 00:30:08+00:00,True,19,2003-05-30
2003-06-06 13:30:03,USD,Change in Nonfarm Payrolls,NFP TCH Index,May,-17000.0,-30000.0,-48000.0,-63000.0,13000.0,0.3216107677346975,99.3,US_events_merged_1997-2026.xlsx,2003-06-06 13:30:03+00:00,2003-06-06 00:00:00+00:00,True,2003-06-06 13:30:03+00:00,True,24,2003-06-06
2003-06-17 13:30:00,USD,CPI MoM,CPI CHNG Index,May,0.0,-0.001,-0.003,-0.004,0.001,1.0982386056519808,97.4,US_events_merged_1997-2026.xlsx,2003-06-17 13:30:00+00:00,2003-06-17 00:00:00+00:00,True,2003-06-17 13:30:00+00:00,True,31,2003-06-17
2003-06-17 13:30:02,USD,CPI YoY,CPI YOY Index,May,0.021,0.021,0.022,,0.0,,96.0,US_events_merged_1997-2026.xlsx,2003-06-17 13:30:02+00:00,2003-06-17 00:00:00+00:00,True,2003-06-17 13:30:02+00:00,True,31,2003-06-17
2003-06-25 19:15:00,USD,FOMC Rate Decision (Upper Bound),FDTR Index,2026-06-25 00:00:00,0.01,0.01,0.0125,,0.0,0.0819117398687137,98.0,US_events_merged_1997-2026.xlsx,2003-06-25 19:15:00+00:00,2003-06-25 00:00:00+00:00,True,2003-06-25 19:15:00+00:00,True,37,2003-06-25
2003-06-27 00:30:05,JPY,Tokyo CPI Ex-Fresh Food YoY,JNCPTXFF Index,Jun,-0.004,-0.004,-0.004,,0.0,-0.0101670968004438,91.1,JN_events_1997-2026_FINAL.xlsx,2003-06-27 00:30:05+00:00,2003-06-27 00:00:00+00:00,True,2003-06-27 00:30:05+00:00,True,39,2003-06-27
2003-06-27 00:30:08,JPY,Natl CPI YoY,JNCPIYOY Index,May,-0.002,-0.003,-0.001,,0.001,0.8601899440976626,95.6,JN_events_1997-2026_FINAL.xlsx,2003-06-27 00:30:08+00:00,2003-06-27 00:00:00+00:00,True,2003-06-27 00:30:08+00:00,True,39,2003-06-27
2003-07-03 13:30:03,USD,Change in Nonfarm Payrolls,NFP TCH Index,Jun,-30000.0,0.0,-17000.0,24000.0,-30000.0,-0.0762534441821041,99.3,US_events_merged_1997-2026.xlsx,2003-07-03 13:30:03+00:00,2003-07-03 00:00:00+00:00,True,2003-07-03 13:30:03+00:00,True,43,2003-07-03
2003-07-16 13:30:00,USD,CPI MoM,CPI CHNG Index,Jun,0.002,0.002,0.0,-0.002,0.0,0.1728211647312054,97.4,US_events_merged_1997-2026.xlsx,2003-07-16 13:30:00+00:00,2003-07-16 00:00:00+00:00,True,2003-07-16 13:30:00+00:00,True,52,2003-07-16
2003-07-16 13:30:02,USD,CPI YoY,CPI YOY Index,Jun,0.021,,0.021,,,,96.0,US_events_merged_1997-2026.xlsx,2003-07-16 13:30:02+00:00,2003-07-16 00:00:00+00:00,True,2003-07-16 13:30:02+00:00,True,52,2003-07-16
2003-07-25 00:30:05,JPY,Tokyo CPI Ex-Fresh Food YoY,JNCPTXFF Index,Jul,-0.004,-0.004,-0.004,,0.0,-0.0099445961383687,91.1,JN_events_1997-2026_FINAL.xlsx,2003-07-25 00:30:05+00:00,2003-07-25 00:00:00+00:00,True,2003-07-25 00:30:05+00:00,True,59,2003-07-25
2003-07-25 00:30:08,JPY,Natl CPI YoY,JNCPIYOY Index,Jun,-0.004,-0.003,-0.002,,-0.001,-0.974260343129063,95.6,JN_events_1997-2026_FINAL.xlsx,2003-07-25 00:30:08+00:00,2003-07-25 00:00:00+00:00,True,2003-07-25 00:30:08+00:00,True,59,2003-07-25
2003-08-01 13:30:03,USD,Change in Nonfarm Payrolls,NFP TCH Index,Jul,-44000.0,10000.0,-30000.0,-11000.0,-54000.0,-0.2979906468647395,99.3,US_events_merged_1997-2026.xlsx,2003-08-01 13:30:03+00:00,2003-08-01 00:00:00+00:00,True,2003-08-01 13:30:03+00:00,True,64,2003-08-01
2003-08-12 19:15:00,USD,FOMC Rate Decision (Upper Bound),FDTR Index,2026-08-12 00:00:00,0.01,0.01,0.01,,0.0,0.0810998224908889,98.0,US_events_merged_1997-2026.xlsx,2003-08-12 19:15:00+00:00,2003-08-12 00:00:00+00:00,True,2003-08-12 19:15:00+00:00,True,71,2003-08-12
2003-08-15 13:30:00,USD,CPI MoM,CPI CHNG Index,Jul,0.002,0.002,0.002,0.001,0.0,0.1717189336382972,97.4,US_events_merged_1997-2026.xlsx,2003-08-15 13:30:00+00:00,2003-08-15 00:00:00+00:00,True,2003-08-15 13:30:00+00:00,True,74,2003-08-15
2003-08-15 13:30:02,USD,CPI YoY,CPI YOY Index,Jul,0.021,,0.021,,,,96.0,US_events_merged_1997-2026.xlsx,2003-08-15 13:30:02+00:00,2003-08-15 00:00:00+00:00,True,2003-08-15 13:30:02+00:00,True,74,2003-08-15
2003-08-29 00:30:05,JPY,Tokyo CPI Ex-Fresh Food YoY,JNCPTXFF Index,Aug,-0.003,-0.004,-0.004,,0.001,0.736694305386408,91.1,JN_events_1997-2026_FINAL.xlsx,2003-08-29 00:30:05+00:00,2003-08-29 00:00:00+00:00,True,2003-08-29 00:30:05+00:00,True,84,2003-08-29
2003-08-29 00:30:08,JPY,Natl CPI YoY,JNCPIYOY Index,Jul,-0.002,-0.004,-0.004,,0.002,1.7735448299105454,95.6,JN_events_1997-2026_FINAL.xlsx,2003-08-29 00:30:08+00:00,2003-08-29 00:00:00+00:00,True,2003-08-29 00:30:08+00:00,True,84,2003-08-29
2003-09-05 13:30:03,USD,Change in Nonfarm Payrolls,NFP TCH Index,Aug,-93000.0,20000.0,-44000.0,-1000.0,-113000.0,-0.8455104112782654,99.3,US_events_merged_1997-2026.xlsx,2003-09-05 13:30:03+00:00,2003-09-05 00:00:00+00:00,True,2003-09-05 13:30:03+00:00,True,89,2003-09-05
2003-09-16 13:30:00,USD,CPI MoM,CPI CHNG Index,Aug,0.003,0.004,0.002,0.003,-0.001,-0.7508051427970515,97.4,US_events_merged_1997-2026.xlsx,2003-09-16 13:30:00+00:00,2003-09-16 00:00:00+00:00,True,2003-09-16 13:30:00+00:00,True,96,2003-09-16
2003-09-16 13:30:02,USD,CPI YoY,CPI YOY Index,Aug,0.022,,0.021,,,,96.0,US_events_merged_1997-2026.xlsx,2003-09-16 13:30:02+00:00,2003-09-16 00:00:00+00:00,True,2003-09-16 13:30:02+00:00,True,96,2003-09-16
2003-09-16 19:19:00,USD,FOMC Rate Decision (Upper Bound),FDTR Index,2026-09-16 00:00:00,0.01,0.01,0.01,,0.0,0.0803115707754045,98.0,US_events_merged_1997-2026.xlsx,2003-09-16 19:19:00+00:00,2003-09-16 00:00:00+00:00,True,2003-09-16 19:19:00+00:00,True,96,2003-09-16
2003-09-26 00:30:05,JPY,Tokyo CPI Ex-Fresh Food YoY,JNCPTXFF Index,Sep,-0.003,-0.003,-0.003,,0.0,-0.040860164663259,91.1,JN_events_1997-2026_FINAL.xlsx,2003-09-26 00:30:05+00:00,2003-09-26 00:00:00+00:00,True,2003-09-26 00:30:05+00:00,True,104,2003-09-26
2003-09-26 00:30:08,JPY,Natl CPI YoY,JNCPIYOY Index,Aug,-0.003,-0.003,-0.002,,0.0,-0.100959509291896,95.6,JN_events_1997-2026_FINAL.xlsx,2003-09-26 00:30:08+00:00,2003-09-26 00:00:00+00:00,True,2003-09-26 00:30:08+00:00,True,104,2003-09-26
2003-10-03 13:30:03,USD,Change in Nonfarm Payrolls,NFP TCH Index,Sep,57000.0,-25000.0,-93000.0,-31000.0,82000.0,0.983462785988164,99.3,US_events_merged_1997-2026.xlsx,2003-10-03 13:30:03+00:00,2003-10-03 00:00:00+00:00,True,2003-10-03 13:30:03+00:00,True,109,2003-10-03
2003-10-16 13:30:00,USD,CPI MoM,CPI CHNG Index,Sep,0.003,0.002,0.003,0.004,0.001,1.1042613211536252,97.4,US_events_merged_1997-2026.xlsx,2003-10-16 13:30:00+00:00,2003-10-16 00:00:00+00:00,True,2003-10-16 13:30:00+00:00,True,118,2003-10-16
2003-10-16 13:30:02,USD,CPI YoY,CPI YOY Index,Sep,0.023,,0.022,,,,96.0,US_events_merged_1997-2026.xlsx,2003-10-16 13:30:02+00:00,2003-10-16 00:00:00+00:00,True,2003-10-16 13:30:02+00:00,True,118,2003-10-16
2003-10-28 19:15:00,USD,FOMC Rate Decision (Upper Bound),FDTR Index,2026-10-28 00:00:00,0.01,0.01,0.01,,0.0,0.0795458573674181,98.0,US_events_merged_1997-2026.xlsx,2003-10-28 19:15:00+00:00,2003-10-28 00:00:00+00:00,True,2003-10-28 19:15:00+00:00,True,126,2003-10-28
2003-10-30 23:30:06,JPY,Tokyo CPI Ex-Fresh Food YoY,JNCPTXFF Index,Oct,-0.001,-0.002,-0.003,,0.001,0.7304708849385275,91.1,JN_events_1997-2026_FINAL.xlsx,2003-10-30 23:30:06+00:00,2003-10-30 00:00:00+00:00,True,2003-10-30 23:30:06+00:00,True,129,2003-10-31
2003-10-30 23:30:08,JPY,Natl CPI YoY,JNCPIYOY Index,Sep,-0.002,-0.003,-0.003,,0.001,0.784806780668154,95.6,JN_events_1997-2026_FINAL.xlsx,2003-10-30 23:30:08+00:00,2003-10-30 00:00:00+00:00,True,2003-10-30 23:30:08+00:00,True,129,2003-10-31
2003-11-07 13:30:03,USD,Change in Nonfarm Payrolls,NFP TCH Index,Oct,126000.0,65000.0,57000.0,100000.0,61000.0,0.77540608554224,99.3,US_events_merged_1997-2026.xlsx,2003-11-07 13:30:03+00:00,2003-11-07 00:00:00+00:00,True,2003-11-07 13:30:03+00:00,True,134,2003-11-07
2003-11-18 13:30:00,USD,CPI MoM,CPI CHNG Index,Oct,0.0,0.001,0.003,,-0.001,-0.7560474537558103,97.4,US_events_merged_1997-2026.xlsx,2003-11-18 13:30:00+00:00,2003-11-18 00:00:00+00:00,True,2003-11-18 13:30:00+00:00,True,141,2003-11-18
2003-11-18 13:30:02,USD,CPI YoY,CPI YOY Index,Oct,0.02,,0.023,,,,96.0,US_events_merged_1997-2026.xlsx,2003-11-18 13:30:02+00:00,2003-11-18 00:00:00+00:00,True,2003-11-18 13:30:02+00:00,True,141,2003-11-18
2003-11-27 23:30:06,JPY,Tokyo CPI Ex-Fresh Food YoY,JNCPTXFF Index,Nov,-0.002,-0.001,-0.001,,-0.001,-0.8469911172144141,91.1,JN_events_1997-2026_FINAL.xlsx,2003-11-27 23:30:06+00:00,2003-11-27 00:00:00+00:00,True,2003-11-27 23:30:06+00:00,True,149,2003-11-28
2003-11-27 23:30:08,JPY,Natl CPI YoY,JNCPIYOY Index,Oct,0.0,0.0,-0.002,,0.0,-0.130236002325599,95.6,JN_events_1997-2026_FINAL.xlsx,2003-11-27 23:30:08+00:00,2003-11-27 00:00:00+00:00,True,2003-11-27 23:30:08+00:00,True,149,2003-11-28
2003-12-05 13:30:03,USD,Change in Nonfarm Payrolls,NFP TCH Index,Nov,57000.0,150000.0,126000.0,187000.0,-93000.0,-0.6735014429924484,99.3,US_events_merged_1997-2026.xlsx,2003-12-05 13:30:03+00:00,2003-12-05 00:00:00+00:00,True,2003-12-05 13:30:03+00:00,True,154,2003-12-05
2003-12-09 19:15:00,USD,FOMC Rate Decision (Upper Bound),FDTR Index,2026-12-09 00:00:00,0.01,0.01,0.01,,0.0,0.0788016286646452,98.0,US_events_merged_1997-2026.xlsx,2003-12-09 19:15:00+00:00,2003-12-09 00:00:00+00:00,True,2003-12-09 19:15:00+00:00,True,156,2003-12-09
2003-12-16 13:30:00,USD,CPI MoM,CPI CHNG Index,Nov,-0.002,0.001,0.0,-0.001,-0.003,-2.5995161722298867,97.4,US_events_merged_1997-2026.xlsx,2003-12-16 13:30:00+00:00,2003-12-16 00:00:00+00:00,True,2003-12-16 13:30:00+00:00,True,161,2003-12-16
2003-12-16 13:30:02,USD,CPI YoY,CPI YOY Index,Nov,0.018,0.021,0.02,,-0.003,,96.0,US_events_merged_1997-2026.xlsx,2003-12-16 13:30:02+00:00,2003-12-16 00:00:00+00:00,True,2003-12-16 13:30:02+00:00,True,161,2003-12-16
2003-12-25 23:30:05,JPY,Tokyo CPI Ex-Fresh Food YoY,JNCPTXFF Index,Dec,-0.001,-0.002,-0.002,,0.001,0.7451312643557185,91.1,JN_events_1997-2026_FINAL.xlsx,2003-12-25 23:30:05+00:00,2003-12-25 00:00:00+00:00,True,2003-12-25 23:30:05+00:00,True,169,2003-12-26
2003-12-25 23:30:08,JPY,Natl CPI YoY,JNCPIYOY Index,Nov,-0.005,-0.004,0.0,,-0.001,-1.0362931035590468,95.6,JN_events_1997-2026_FINAL.xlsx,2003-12-25 23:30:08+00:00,2003-12-25 00:00:00+00:00,True,2003-12-25 23:30:08+00:00,True,169,2003-12-26
2004-01-09 13:30:03,USD,Change in Nonfarm Payrolls,NFP TCH Index,Dec,1000.0,150000.0,57000.0,41000.0,-149000.0,-1.1934651056796337,99.3,US_events_merged_1997-2026.xlsx,2004-01-09 13:30:03+00:00,2004-01-09 00:00:00+00:00,True,2004-01-09 13:30:03+00:00,True,179,2004-01-09
2004-01-15 13:30:01,USD,CPI MoM,CPI CHNG Index,Dec,0.002,0.002,-0.002,0.001,0.0,0.2001664124542521,97.4,US_events_merged_1997-2026.xlsx,2004-01-15 13:30:01+00:00,2004-01-15 00:00:00+00:00,True,2004-01-15 13:30:01+00:00,True,183,2004-01-15
2004-01-15 13:30:03,USD,CPI YoY,CPI YOY Index,Dec,0.019,0.018,0.018,,0.001,,96.0,US_events_merged_1997-2026.xlsx,2004-01-15 13:30:03+00:00,2004-01-15 00:00:00+00:00,True,2004-01-15 13:30:03+00:00,True,183,2004-01-15
2004-01-28 19:15:00,USD,FOMC Rate Decision (Upper Bound),FDTR Index,2026-01-28 00:00:00,0.01,0.01,0.01,,0.0,0.0780778987298667,98.0,US_events_merged_1997-2026.xlsx,2004-01-28 19:15:00+00:00,2004-01-28 00:00:00+00:00,True,2004-01-28 19:15:00+00:00,True,192,2004-01-28
2004-01-29 23:30:06,JPY,Tokyo CPI Ex-Fresh Food YoY,JNCPTXFF Index,Jan,-0.003,-0.001,-0.001,,-0.002,-1.6441562368155844,91.1,JN_events_1997-2026_FINAL.xlsx,2004-01-29 23:30:06+00:00,2004-01-29 00:00:00+00:00,True,2004-01-29 23:30:06+00:00,True,194,2004-01-30
2004-01-29 23:30:08,JPY,Natl CPI YoY,JNCPIYOY Index,Dec,-0.004,-0.004,-0.005,,0.0,-0.0907841299003202,95.6,JN_events_1997-2026_FINAL.xlsx,2004-01-29 23:30:08+00:00,2004-01-29 00:00:00+00:00,True,2004-01-29 23:30:08+00:00,True,194,2004-01-30
2004-02-06 13:30:03,USD,Change in Nonfarm Payrolls,NFP TCH Index,Jan,112000.0,175000.0,1000.0,108000.0,-63000.0,-0.3705367815380944,99.3,US_events_merged_1997-2026.xlsx,2004-02-06 13:30:03+00:00,2004-02-06 00:00:00+00:00,True,2004-02-06 13:30:03+00:00,True,199,2004-02-06
2004-02-20 13:30:00,USD,CPI MoM,CPI CHNG Index,Jan,0.005,0.003,0.002,0.003,0.002,2.000133201089204,97.4,US_events_merged_1997-2026.xlsx,2004-02-20 13:30:00+00:00,2004-02-20 00:00:00+00:00,True,2004-02-20 13:30:00+00:00,True,209,2004-02-20
2004-02-20 13:30:02,USD,CPI YoY,CPI YOY Index,Jan,0.019,0.016,0.019,,0.0029999999999999,,96.0,US_events_merged_1997-2026.xlsx,2004-02-20 13:30:02+00:00,2004-02-20 00:00:00+00:00,True,2004-02-20 13:30:02+00:00,True,209,2004-02-20
2004-02-26 23:30:06,JPY,Tokyo CPI Ex-Fresh Food YoY,JNCPTXFF Index,Feb,-0.002,-0.002,-0.003,,0.0,-0.0079435636286592,91.1,JN_events_1997-2026_FINAL.xlsx,2004-02-26 23:30:06+00:00,2004-02-26 00:00:00+00:00,True,2004-02-26 23:30:06+00:00,True,214,2004-02-27
2004-02-26 23:30:08,JPY,Natl CPI YoY,JNCPIYOY Index,Jan,-0.003,-0.005,-0.004,,0.002,1.7594792918753523,95.6,JN_events_1997-2026_FINAL.xlsx,2004-02-26 23:30:08+00:00,2004-02-26 00:00:00+00:00,True,2004-02-26 23:30:08+00:00,True,214,2004-02-27
2004-03-05 13:30:03,USD,Change in Nonfarm Payrolls,NFP TCH Index,Feb,21000.0,130000.0,112000.0,167000.0,-109000.0,-0.8012281389583975,99.3,US_events_merged_1997-2026.xlsx,2004-03-05 13:30:03+00:00,2004-03-05 00:00:00+00:00,True,2004-03-05 13:30:03+00:00,True,219,2004-03-05
2004-03-16 19:15:00,USD,FOMC Rate Decision (Upper Bound),FDTR Index,2026-03-16 00:00:00,0.01,0.01,0.01,,0.0,0.0773737438062724,98.0,US_events_merged_1997-2026.xlsx,2004-03-16 19:15:00+00:00,2004-03-16 00:00:00+00:00,True,2004-03-16 19:15:00+00:00,True,226,2004-03-16
2004-03-17 13:30:00,USD,CPI MoM,CPI CHNG Index,Feb,0.003,0.003,0.005,0.004,0.0,0.1730289668290556,97.4,US_events_merged_1997-2026.xlsx,2004-03-17 13:30:00+00:00,2004-03-17 00:00:00+00:00,True,2004-03-17 13:30:00+00:00,True,227,2004-03-17
2004-03-17 13:30:02,USD,CPI YoY,CPI YOY Index,Feb,0.017,0.016,0.019,,0.001,,96.0,US_events_merged_1997-2026.xlsx,2004-03-17 13:30:02+00:00,2004-03-17 00:00:00+00:00,True,2004-03-17 13:30:02+00:00,True,227,2004-03-17
2004-03-25 23:30:06,JPY,Tokyo CPI Ex-Fresh Food YoY,JNCPTXFF Index,Mar,-0.001,-0.002,-0.002,,0.001,0.7736540914591035,91.1,JN_events_1997-2026_FINAL.xlsx,2004-03-25 23:30:06+00:00,2004-03-25 00:00:00+00:00,True,2004-03-25 23:30:06+00:00,True,234,2004-03-26
2004-03-25 23:30:08,JPY,Natl CPI YoY,JNCPIYOY Index,Feb,0.0,-0.001,-0.003,,0.001,0.7510909577538432,95.6,JN_events_1997-2026_FINAL.xlsx,2004-03-25 23:30:08+00:00,2004-03-25 00:00:00+00:00,True,2004-03-25 23:30:08+00:00,True,234,2004-03-26
2004-04-02 14:30:03,USD,Change in Nonfarm Payrolls,NFP TCH Index,Mar,308000.0,120000.0,21000.0,64000.0,188000.0,2.0094189299983856,99.3,US_events_merged_1997-2026.xlsx,2004-04-02 14:30:03+00:00,2004-04-02 00:00:00+00:00,True,2004-04-02 14:30:03+00:00,True,239,2004-04-02
2004-04-14 13:30:00,USD,CPI MoM,CPI CHNG Index,Mar,0.005,0.003,0.003,0.002,0.002,1.952987484566192,97.4,US_events_merged_1997-2026.xlsx,2004-04-14 13:30:00+00:00,2004-04-14 00:00:00+00:00,True,2004-04-14 13:30:00+00:00,True,247,2004-04-14
2004-04-14 13:30:02,USD,CPI YoY,CPI YOY Index,Mar,0.017,0.015,0.017,,0.002,,96.0,US_events_merged_1997-2026.xlsx,2004-04-14 13:30:02+00:00,2004-04-14 00:00:00+00:00,True,2004-04-14 13:30:02+00:00,True,247,2004-04-14
2004-04-30 00:30:07,JPY,Tokyo CPI Ex-Fresh Food YoY,JNCPTXFF Index,Apr,-0.001,-0.002,-0.001,,0.001,0.7540038466611861,91.1,JN_events_1997-2026_FINAL.xlsx,2004-04-30 00:30:07+00:00,2004-04-30 00:00:00+00:00,True,2004-04-30 00:30:07+00:00,True,259,2004-04-30
2004-04-30 00:30:09,JPY,Natl CPI YoY,JNCPIYOY Index,Mar,-0.001,0.001,0.0,,-0.002,-1.970575013985811,95.6,JN_events_1997-2026_FINAL.xlsx,2004-04-30 00:30:09+00:00,2004-04-30 00:00:00+00:00,True,2004-04-30 00:30:09+00:00,True,259,2004-04-30
2004-05-04 19:15:00,USD,FOMC Rate Decision (Upper Bound),FDTR Index,2026-05-04 00:00:00,0.01,0.01,0.01,,0.0,0.0766882973663599,98.0,US_events_merged_1997-2026.xlsx,2004-05-04 19:15:00+00:00,2004-05-04 00:00:00+00:00,True,2004-05-04 19:15:00+00:00,True,261,2004-05-04
2004-05-07 13:30:03,USD,Change in Nonfarm Payrolls,NFP TCH Index,Apr,288000.0,170000.0,308000.0,319000.0,118000.0,1.3027053630792294,99.3,US_events_merged_1997-2026.xlsx,2004-05-07 13:30:03+00:00,2004-05-07 00:00:00+00:00,True,2004-05-07 13:30:03+00:00,True,264,2004-05-07
2004-05-14 13:30:00,USD,CPI MoM,CPI CHNG Index,Apr,0.002,0.003,0.005,0.002,-0.001,-0.729010165612112,97.4,US_events_merged_1997-2026.xlsx,2004-05-14 13:30:00+00:00,2004-05-14 00:00:00+00:00,True,2004-05-14 13:30:00+00:00,True,269,2004-05-14
2004-05-14 13:30:02,USD,CPI YoY,CPI YOY Index,Apr,0.023,0.024,0.017,,-0.001,,96.0,US_events_merged_1997-2026.xlsx,2004-05-14 13:30:02+00:00,2004-05-14 00:00:00+00:00,True,2004-05-14 13:30:02+00:00,True,269,2004-05-14
2004-05-28 00:30:03,JPY,Tokyo CPI Ex-Fresh Food YoY,JNCPTXFF Index,May,-0.001,-0.001,-0.001,,0.0,-0.0569805364185609,91.1,JN_events_1997-2026_FINAL.xlsx,2004-05-28 00:30:03+00:00,2004-05-28 00:00:00+00:00,True,2004-05-28 00:30:03+00:00,True,279,2004-05-28
2004-05-28 00:30:06,JPY,Natl CPI YoY,JNCPIYOY Index,Apr,-0.004,-0.003,-0.001,,-0.001,-0.9658862009089416,95.6,JN_events_1997-2026_FINAL.xlsx,2004-05-28 00:30:06+00:00,2004-05-28 00:00:00+00:00,True,2004-05-28 00:30:06+00:00,True,279,2004-05-28
2004-06-04 13:30:03,USD,Change in Nonfarm Payrolls,NFP TCH Index,May,248000.0,225000.0,288000.0,273000.0,23000.0,0.404942285049139,99.3,US_events_merged_1997-2026.xlsx,2004-06-04 13:30:03+00:00,2004-06-04 00:00:00+00:00,True,2004-06-04 13:30:03+00:00,True,284,2004-06-04
2004-06-15 13:30:00,USD,CPI MoM,CPI CHNG Index,May,0.006,0.005,0.002,,0.001,1.0354184794522625,97.4,US_events_merged_1997-2026.xlsx,2004-06-15 13:30:00+00:00,2004-06-15 00:00:00+00:00,True,2004-06-15 13:30:00+00:00,True,291,2004-06-15
2004-06-15 13:30:02,USD,CPI YoY,CPI YOY Index,May,0.031,0.029,0.023,,0.0019999999999999,0.879894686701688,96.0,US_events_merged_1997-2026.xlsx,2004-06-15 13:30:02+00:00,2004-06-15 00:00:00+00:00,True,2004-06-15 13:30:02+00:00,True,291,2004-06-15
2004-06-25 00:30:02,JPY,Tokyo CPI Ex-Fresh Food YoY,JNCPTXFF Index,Jun,-0.001,0.0,-0.001,,-0.001,-0.8615520712659376,91.1,JN_events_1997-2026_FINAL.xlsx,2004-06-25 00:30:02+00:00,2004-06-25 00:00:00+00:00,True,2004-06-25 00:30:02+00:00,True,299,2004-06-25
2004-06-25 00:30:05,JPY,Natl CPI YoY,JNCPIYOY Index,May,-0.005,-0.004,-0.004,,-0.001,-0.9380152353401872,95.6,JN_events_1997-2026_FINAL.xlsx,2004-06-25 00:30:05+00:00,2004-06-25 00:00:00+00:00,True,2004-06-25 00:30:05+00:00,True,299,2004-06-25
2004-06-30 19:15:00,USD,FOMC Rate Decision (Upper Bound),FDTR Index,2026-06-30 00:00:00,0.0125,0.0125,0.01,,0.0,0.0760207456341351,98.0,US_events_merged_1997-2026.xlsx,2004-06-30 19:15:00+00:00,2004-06-30 00:00:00+00:00,True,2004-06-30 19:15:00+00:00,True,302,2004-06-30
2004-07-02 13:30:03,USD,Change in Nonfarm Payrolls,NFP TCH Index,Jun,112000.0,250000.0,248000.0,285000.0,-138000.0,-1.0924824242629307,99.3,US_events_merged_1997-2026.xlsx,2004-07-02 13:30:03+00:00,2004-07-02 00:00:00+00:00,True,2004-07-02 13:30:03+00:00,True,304,2004-07-02
2004-07-16 13:30:00,USD,CPI MoM,CPI CHNG Index,Jun,0.003,0.002,0.006,0.004,0.001,1.0236973152179354,97.4,US_events_merged_1997-2026.xlsx,2004-07-16 13:30:00+00:00,2004-07-16 00:00:00+00:00,True,2004-07-16 13:30:00+00:00,True,314,2004-07-16
2004-07-16 13:30:02,USD,CPI YoY,CPI YOY Index,Jun,0.033,0.031,0.031,,0.002,0.7978313355118812,96.0,US_events_merged_1997-2026.xlsx,2004-07-16 13:30:02+00:00,2004-07-16 00:00:00+00:00,True,2004-07-16 13:30:02+00:00,True,314,2004-07-16
2004-07-30 00:30:05,JPY,Tokyo CPI Ex-Fresh Food YoY,JNCPTXFF Index,Jul,-0.001,-0.001,-0.001,,0.0,-0.0309266301067745,91.1,JN_events_1997-2026_FINAL.xlsx,2004-07-30 00:30:05+00:00,2004-07-30 00:00:00+00:00,True,2004-07-30 00:30:05+00:00,True,324,2004-07-30
2004-07-30 00:30:08,JPY,Natl CPI YoY,JNCPIYOY Index,Jun,0.0,-0.002,-0.005,,0.002,1.6872629156960788,95.6,JN_events_1997-2026_FINAL.xlsx,2004-07-30 00:30:08+00:00,2004-07-30 00:00:00+00:00,True,2004-07-30 00:30:08+00:00,True,324,2004-07-30
2004-08-06 13:30:03,USD,Change in Nonfarm Payrolls,NFP TCH Index,Jul,32000.0,240000.0,112000.0,97000.0,-208000.0,-1.7283373725254028,99.3,US_events_merged_1997-2026.xlsx,2004-08-06 13:30:03+00:00,2004-08-06 00:00:00+00:00,True,2004-08-06 13:30:03+00:00,True,329,2004-08-06
2004-08-10 19:15:00,USD,FOMC Rate Decision (Upper Bound),FDTR Index,2026-08-10 00:00:00,0.015,0.015,0.0125,,0.0,0.0753703235280726,98.0,US_events_merged_1997-2026.xlsx,2004-08-10 19:15:00+00:00,2004-08-10 00:00:00+00:00,True,2004-08-10 19:15:00+00:00,True,331,2004-08-10
2004-08-17 13:30:01,USD,CPI MoM,CPI CHNG Index,Jul,-0.001,0.002,0.003,0.004,-0.003,-2.5022651037985697,97.4,US_events_merged_1997-2026.xlsx,2004-08-17 13:30:01+00:00,2004-08-17 00:00:00+00:00,True,2004-08-17 13:30:01+00:00,True,336,2004-08-17
2004-08-17 13:30:03,USD,CPI YoY,CPI YOY Index,Jul,0.03,0.032,0.033,,-0.002,-1.528029922756704,96.0,US_events_merged_1997-2026.xlsx,2004-08-17 13:30:03+00:00,2004-08-17 00:00:00+00:00,True,2004-08-17 13:30:03+00:00,True,336,2004-08-17
2004-08-27 00:30:05,JPY,Tokyo CPI Ex-Fresh Food YoY,JNCPTXFF Index,Aug,-0.002,-0.001,-0.001,,-0.001,-0.8514969962482022,91.1,JN_events_1997-2026_FINAL.xlsx,2004-08-27 00:30:05+00:00,2004-08-27 00:00:00+00:00,True,2004-08-27 00:30:05+00:00,True,344,2004-08-27
2004-08-27 00:30:08,JPY,Natl CPI YoY,JNCPIYOY Index,Jul,-0.001,-0.001,0.0,,0.0,-0.0917331788779953,95.6,JN_events_1997-2026_FINAL.xlsx,2004-08-27 00:30:08+00:00,2004-08-27 00:00:00+00:00,True,2004-08-27 00:30:08+00:00,True,344,2004-08-27
2004-09-03 13:30:03,USD,Change in Nonfarm Payrolls,NFP TCH Index,Aug,144000.0,150000.0,32000.0,59000.0,-6000.0,0.1625943416954623,99.3,US_events_merged_1997-2026.xlsx,2004-09-03 13:30:03+00:00,2004-09-03 00:00:00+00:00,True,2004-09-03 13:30:03+00:00,True,349,2004-09-03
2004-09-16 13:30:00,USD,CPI MoM,CPI CHNG Index,Aug,0.001,0.001,-0.001,0.001,0.0,0.1562643838595006,97.4,US_events_merged_1997-2026.xlsx,2004-09-16 13:30:00+00:00,2004-09-16 00:00:00+00:00,True,2004-09-16 13:30:00+00:00,True,358,2004-09-16
2004-09-16 13:30:02,USD,CPI YoY,CPI YOY Index,Aug,0.027,0.028,0.03,,-0.001,-0.7805342389920725,96.0,US_events_merged_1997-2026.xlsx,2004-09-16 13:30:02+00:00,2004-09-16 00:00:00+00:00,True,2004-09-16 13:30:02+00:00,True,358,2004-09-16
2004-09-21 19:15:00,USD,FOMC Rate Decision (Upper Bound),FDTR Index,2026-09-21 00:00:00,0.0175,0.0175,0.015,,0.0,0.0747363109789112,98.0,US_events_merged_1997-2026.xlsx,2004-09-21 19:15:00+00:00,2004-09-21 00:00:00+00:00,True,2004-09-21 19:15:00+00:00,True,361,2004-09-21
2004-10-01 00:30:06,JPY,Tokyo CPI Ex-Fresh Food YoY,JNCPTXFF Index,Sep,-0.001,-0.001,-0.002,,0.0,-0.006870714041903,91.1,JN_events_1997-2026_FINAL.xlsx,2004-10-01 00:30:06+00:00,2004-10-01 00:00:00+00:00,True,2004-10-01 00:30:06+00:00,True,369,2004-10-01
2004-10-01 00:30:08,JPY,Natl CPI YoY,JNCPIYOY Index,Aug,-0.002,-0.001,-0.001,,-0.001,-0.9476190476190474,95.6,JN_events_1997-2026_FINAL.xlsx,2004-10-01 00:30:08+00:00,2004-10-01 00:00:00+00:00,True,2004-10-01 00:30:08+00:00,True,369,2004-10-01
2004-10-08 13:30:03,USD,Change in Nonfarm Payrolls,NFP TCH Index,Sep,96000.0,148000.0,144000.0,87000.0,-52000.0,-0.2626489917682592,99.3,US_events_merged_1997-2026.xlsx,2004-10-08 13:30:03+00:00,2004-10-08 00:00:00+00:00,True,2004-10-08 13:30:03+00:00,True,374,2004-10-08
2004-10-19 13:30:00,USD,CPI MoM,CPI CHNG Index,Sep,0.002,0.002,0.001,,0.0,0.155419549239437,97.4,US_events_merged_1997-2026.xlsx,2004-10-19 13:30:00+00:00,2004-10-19 00:00:00+00:00,True,2004-10-19 13:30:00+00:00,True,381,2004-10-19
2004-10-19 13:30:02,USD,CPI YoY,CPI YOY Index,Sep,0.025,0.025,0.027,,0.0,-0.1825741858350551,96.0,US_events_merged_1997-2026.xlsx,2004-10-19 13:30:02+00:00,2004-10-19 00:00:00+00:00,True,2004-10-19 13:30:02+00:00,True,381,2004-10-19
2004-10-29 00:30:05,JPY,Tokyo CPI Ex-Fresh Food YoY,JNCPTXFF Index,Oct,-0.003,-0.002,-0.001,,-0.001,-0.8429603952545397,91.1,JN_events_1997-2026_FINAL.xlsx,2004-10-29 00:30:05+00:00,2004-10-29 00:00:00+00:00,True,2004-10-29 00:30:05+00:00,True,389,2004-10-29
2004-10-29 00:30:08,JPY,Natl CPI YoY,JNCPIYOY Index,Sep,0.0,-0.002,-0.002,,0.002,1.652321565786086,95.6,JN_events_1997-2026_FINAL.xlsx,2004-10-29 00:30:08+00:00,2004-10-29 00:00:00+00:00,True,2004-10-29 00:30:08+00:00,True,389,2004-10-29
2004-11-05 13:30:03,USD,Change in Nonfarm Payrolls,NFP TCH Index,Oct,337000.0,175000.0,96000.0,151000.0,162000.0,1.7231245599227365,99.3,US_events_merged_1997-2026.xlsx,2004-11-05 13:30:03+00:00,2004-11-05 00:00:00+00:00,True,2004-11-05 13:30:03+00:00,True,394,2004-11-05
2004-11-10 19:15:00,USD,FOMC Rate Decision (Upper Bound),FDTR Index,2026-11-10 00:00:00,0.02,0.02,0.0175,,0.0,0.0741180295820441,98.0,US_events_merged_1997-2026.xlsx,2004-11-10 19:15:00+00:00,2004-11-10 00:00:00+00:00,True,2004-11-10 19:15:00+00:00,True,397,2004-11-10
2004-11-17 13:30:00,USD,CPI MoM,CPI CHNG Index,Oct,0.006,0.004,0.002,0.003,0.002,1.88233956311879,97.4,US_events_merged_1997-2026.xlsx,2004-11-17 13:30:00+00:00,2004-11-17 00:00:00+00:00,True,2004-11-17 13:30:00+00:00,True,402,2004-11-17
2004-11-17 13:30:02,USD,CPI YoY,CPI YOY Index,Oct,0.032,0.03,0.025,,0.002,0.9667800487686622,96.0,US_events_merged_1997-2026.xlsx,2004-11-17 13:30:02+00:00,2004-11-17 00:00:00+00:00,True,2004-11-17 13:30:02+00:00,True,402,2004-11-17
2004-11-25 23:30:05,JPY,Tokyo CPI Ex-Fresh Food YoY,JNCPTXFF Index,Nov,-0.003,-0.002,-0.003,,-0.001,-0.8242162296422204,91.1,JN_events_1997-2026_FINAL.xlsx,2004-11-25 23:30:05+00:00,2004-11-25 00:00:00+00:00,True,2004-11-25 23:30:05+00:00,True,409,2004-11-26
2004-11-25 23:30:08,JPY,Natl CPI YoY,JNCPIYOY Index,Oct,0.005,0.004,0.0,,0.001,0.7339224322356201,95.6,JN_events_1997-2026_FINAL.xlsx,2004-11-25 23:30:08+00:00,2004-11-25 00:00:00+00:00,True,2004-11-25 23:30:08+00:00,True,409,2004-11-26
2004-12-03 13:30:03,USD,Change in Nonfarm Payrolls,NFP TCH Index,Nov,112000.0,200000.0,337000.0,340000.0,-88000.0,-0.6071046920563303,99.3,US_events_merged_1997-2026.xlsx,2004-12-03 13:30:03+00:00,2004-12-03 00:00:00+00:00,True,2004-12-03 13:30:03+00:00,True,414,2004-12-03
2004-12-14 19:15:00,USD,FOMC Rate Decision (Upper Bound),FDTR Index,2026-12-14 00:00:00,0.0225,0.0225,0.02,,0.0,0.0735148395491674,98.0,US_events_merged_1997-2026.xlsx,2004-12-14 19:15:00+00:00,2004-12-14 00:00:00+00:00,True,2004-12-14 19:15:00+00:00,True,421,2004-12-14
2004-12-17 13:30:00,USD,CPI MoM,CPI CHNG Index,Nov,0.002,0.002,0.006,0.005,0.0,0.133234511532793,97.4,US_events_merged_1997-2026.xlsx,2004-12-17 13:30:00+00:00,2004-12-17 00:00:00+00:00,True,2004-12-17 13:30:00+00:00,True,424,2004-12-17
2004-12-17 13:30:02,USD,CPI YoY,CPI YOY Index,Nov,0.035,0.035,0.032,,0.0,-0.2460873954740063,96.0,US_events_merged_1997-2026.xlsx,2004-12-17 13:30:02+00:00,2004-12-17 00:00:00+00:00,True,2004-12-17 13:30:02+00:00,True,424,2004-12-17
2004-12-27 23:30:05,JPY,Tokyo CPI Ex-Fresh Food YoY,JNCPTXFF Index,Dec,-0.004,-0.003,-0.003,,-0.001,-0.8066790133239441,91.1,JN_events_1997-2026_FINAL.xlsx,2004-12-27 23:30:05+00:00,2004-12-27 00:00:00+00:00,True,2004-12-27 23:30:05+00:00,True,431,2004-12-28
2004-12-27 23:30:08,JPY,Natl CPI YoY,JNCPIYOY Index,Nov,0.008,0.008,0.005,,0.0,-0.1257162704186256,95.6,JN_events_1997-2026_FINAL.xlsx,2004-12-27 23:30:08+00:00,2004-12-27 00:00:00+00:00,True,2004-12-27 23:30:08+00:00,True,431,2004-12-28
2005-01-07 13:30:03,USD,Change in Nonfarm Payrolls,NFP TCH Index,Dec,157000.0,175000.0,112000.0,73000.0,-18000.0,0.0418261809643767,99.3,US_events_merged_1997-2026.xlsx,2005-01-07 13:30:03+00:00,2005-01-07 00:00:00+00:00,True,2005-01-07 13:30:03+00:00,True,439,2005-01-07
2005-01-19 13:30:00,USD,CPI MoM,CPI CHNG Index,Dec,-0.001,0.0,0.002,0.005,-0.001,-0.7245568831354467,97.4,US_events_merged_1997-2026.xlsx,2005-01-19 13:30:00+00:00,2005-01-19 00:00:00+00:00,True,2005-01-19 13:30:00+00:00,True,447,2005-01-19
2005-01-19 13:30:02,USD,CPI YoY,CPI YOY Index,Dec,0.033,0.034,0.035,,-0.001,-0.8324237460147885,96.0,US_events_merged_1997-2026.xlsx,2005-01-19 13:30:02+00:00,2005-01-19 00:00:00+00:00,True,2005-01-19 13:30:02+00:00,True,447,2005-01-19
2005-01-27 23:30:05,JPY,Tokyo CPI Ex-Fresh Food YoY,JNCPTXFF Index,Jan,-0.005,-0.003,-0.004,,-0.002,-1.6376492892302787,91.1,JN_events_1997-2026_FINAL.xlsx,2005-01-27 23:30:05+00:00,2005-01-27 00:00:00+00:00,True,2005-01-27 23:30:05+00:00,True,454,2005-01-28
2005-01-27 23:30:08,JPY,Natl CPI YoY,JNCPIYOY Index,Dec,0.002,0.002,0.008,,0.0,-0.124150528128022,95.6,JN_events_1997-2026_FINAL.xlsx,2005-01-27 23:30:08+00:00,2005-01-27 00:00:00+00:00,True,2005-01-27 23:30:08+00:00,True,454,2005-01-28
2005-02-02 19:15:00,USD,FOMC Rate Decision (Upper Bound),FDTR Index,2026-02-02 00:00:00,0.025,0.025,0.0225,,0.0,0.0729261369280843,98.0,US_events_merged_1997-2026.xlsx,2005-02-02 19:15:00+00:00,2005-02-02 00:00:00+00:00,True,2005-02-02 19:15:00+00:00,True,457,2005-02-02
2005-02-04 13:30:03,USD,Change in Nonfarm Payrolls,NFP TCH Index,Jan,146000.0,200000.0,157000.0,125000.0,-54000.0,-0.2916417617426333,99.3,US_events_merged_1997-2026.xlsx,2005-02-04 13:30:03+00:00,2005-02-04 00:00:00+00:00,True,2005-02-04 13:30:03+00:00,True,459,2005-02-04
2005-02-23 13:30:00,USD,CPI MoM,CPI CHNG Index,Jan,0.001,0.002,-0.001,0.0,-0.001,-0.718945877322238,97.4,US_events_merged_1997-2026.xlsx,2005-02-23 13:30:00+00:00,2005-02-23 00:00:00+00:00,True,2005-02-23 13:30:00+00:00,True,472,2005-02-23
2005-02-23 13:30:02,USD,CPI YoY,CPI YOY Index,Jan,0.03,0.032,0.033,,-0.002,-1.3913314369411822,96.0,US_events_merged_1997-2026.xlsx,2005-02-23 13:30:02+00:00,2005-02-23 00:00:00+00:00,True,2005-02-23 13:30:02+00:00,True,472,2005-02-23
2005-02-24 23:30:05,JPY,Tokyo CPI Ex-Fresh Food YoY,JNCPTXFF Index,Feb,-0.005,-0.005,-0.005,,0.0,0.0952385351765434,91.1,JN_events_1997-2026_FINAL.xlsx,2005-02-24 23:30:05+00:00,2005-02-24 00:00:00+00:00,True,2005-02-24 23:30:05+00:00,True,474,2005-02-25
2005-03-04 13:30:03,USD,Change in Nonfarm Payrolls,NFP TCH Index,Feb,262000.0,225000.0,146000.0,152000.0,37000.0,0.5564648170020832,99.3,US_events_merged_1997-2026.xlsx,2005-03-04 13:30:03+00:00,2005-03-04 00:00:00+00:00,True,2005-03-04 13:30:03+00:00,True,479,2005-03-04
2005-03-22 19:15:00,USD,FOMC Rate Decision (Upper Bound),FDTR Index,2026-03-22 00:00:00,0.0275,0.0275,0.025,,0.0,0.0723513510632348,98.0,US_events_merged_1997-2026.xlsx,2005-03-22 19:15:00+00:00,2005-03-22 00:00:00+00:00,True,2005-03-22 19:15:00+00:00,True,491,2005-03-22
2005-03-23 13:30:00,USD,CPI MoM,CPI CHNG Index,Feb,0.004,0.003,0.001,-0.001,0.001,1.0092900081708505,97.4,US_events_merged_1997-2026.xlsx,2005-03-23 13:30:00+00:00,2005-03-23 00:00:00+00:00,True,2005-03-23 13:30:00+00:00,True,492,2005-03-23
2005-03-23 13:30:02,USD,CPI YoY,CPI YOY Index,Feb,0.03,0.029,0.03,,0.0009999999999999,0.4832256964561804,96.0,US_events_merged_1997-2026.xlsx,2005-03-23 13:30:02+00:00,2005-03-23 00:00:00+00:00,True,2005-03-23 13:30:02+00:00,True,492,2005-03-23
2005-03-24 23:30:05,JPY,Tokyo CPI Ex-Fresh Food YoY,JNCPTXFF Index,Mar,-0.005,-0.005,-0.005,,0.0,0.0941154977882698,91.1,JN_events_1997-2026_FINAL.xlsx,2005-03-24 23:30:05+00:00,2005-03-24 00:00:00+00:00,True,2005-03-24 23:30:05+00:00,True,494,2005-03-25
2005-03-24 23:30:08,JPY,Natl CPI YoY,JNCPIYOY Index,Feb,-0.003,-0.003,-0.001,-0.001,0.0,-0.1226418485027868,95.6,JN_events_1997-2026_FINAL.xlsx,2005-03-24 23:30:08+00:00,2005-03-24 00:00:00+00:00,True,2005-03-24 23:30:08+00:00,True,494,2005-03-25
2005-04-01 14:30:03,USD,Change in Nonfarm Payrolls,NFP TCH Index,Mar,110000.0,213000.0,262000.0,252000.0,-103000.0,-0.7542627939507827,99.3,US_events_merged_1997-2026.xlsx,2005-04-01 14:30:03+00:00,2005-04-01 00:00:00+00:00,True,2005-04-01 14:30:03+00:00,True,499,2005-04-01
2005-04-20 13:30:00,USD,CPI MoM,CPI CHNG Index,Mar,0.006,0.005,0.004,,0.001,0.9991543186705372,97.4,US_events_merged_1997-2026.xlsx,2005-04-20 13:30:00+00:00,2005-04-20 00:00:00+00:00,True,2005-04-20 13:30:00+00:00,True,512,2005-04-20
2005-04-20 13:30:02,USD,CPI YoY,CPI YOY Index,Mar,0.031,0.031,0.03,,0.0,-0.1334904734389376,96.0,US_events_merged_1997-2026.xlsx,2005-04-20 13:30:02+00:00,2005-04-20 00:00:00+00:00,True,2005-04-20 13:30:02+00:00,True,512,2005-04-20
2005-04-26 00:30:05,JPY,Tokyo CPI Ex-Fresh Food YoY,JNCPTXFF Index,Apr,-0.005,-0.004,-0.005,,-0.001,-0.7581057561895947,91.1,JN_events_1997-2026_FINAL.xlsx,2005-04-26 00:30:05+00:00,2005-04-26 00:00:00+00:00,True,2005-04-26 00:30:05+00:00,True,516,2005-04-26
2005-04-26 00:30:08,JPY,Natl CPI YoY,JNCPIYOY Index,Mar,-0.002,-0.002,-0.003,,0.0,-0.1211868487571868,95.6,JN_events_1997-2026_FINAL.xlsx,2005-04-26 00:30:08+00:00,2005-04-26 00:00:00+00:00,True,2005-04-26 00:30:08+00:00,True,516,2005-04-26
2005-05-03 19:15:00,USD,FOMC Rate Decision (Upper Bound),FDTR Index,2026-05-03 00:00:00,0.03,0.03,0.0275,,0.0,0.0717899422727051,98.0,US_events_merged_1997-2026.xlsx,2005-05-03 19:15:00+00:00,2005-05-03 00:00:00+00:00,True,2005-05-03 19:15:00+00:00,True,521,2005-05-03
2005-05-06 13:30:03,USD,Change in Nonfarm Payrolls,NFP TCH Index,Apr,274000.0,174000.0,110000.0,119000.0,100000.0,1.1511661467893344,99.3,US_events_merged_1997-2026.xlsx,2005-05-06 13:30:03+00:00,2005-05-06 00:00:00+00:00,True,2005-05-06 13:30:03+00:00,True,524,2005-05-06
2005-05-18 13:30:00,USD,CPI MoM,CPI CHNG Index,Apr,0.005,0.004,0.006,0.004,0.001,0.9893189596436294,97.4,US_events_merged_1997-2026.xlsx,2005-05-18 13:30:00+00:00,2005-05-18 00:00:00+00:00,True,2005-05-18 13:30:00+00:00,True,532,2005-05-18
2005-05-18 13:30:02,USD,CPI YoY,CPI YOY Index,Apr,0.035,0.033,0.031,,0.002,1.1055652111432537,96.0,US_events_merged_1997-2026.xlsx,2005-05-18 13:30:02+00:00,2005-05-18 00:00:00+00:00,True,2005-05-18 13:30:02+00:00,True,532,2005-05-18
2005-05-27 00:30:05,JPY,Tokyo CPI Ex-Fresh Food YoY,JNCPTXFF Index,May,-0.004,-0.005,-0.005,,0.001,0.966335922896617,91.1,JN_events_1997-2026_FINAL.xlsx,2005-05-27 00:30:05+00:00,2005-05-27 00:00:00+00:00,True,2005-05-27 00:30:05+00:00,True,539,2005-05-27
2005-05-27 00:30:08,JPY,Natl CPI YoY,JNCPIYOY Index,Apr,0.0,-0.001,-0.002,,0.001,0.7682596610561689,95.6,JN_events_1997-2026_FINAL.xlsx,2005-05-27 00:30:08+00:00,2005-05-27 00:00:00+00:00,True,2005-05-27 00:30:08+00:00,True,539,2005-05-27
2005-06-03 13:30:03,USD,Change in Nonfarm Payrolls,NFP TCH Index,May,78000.0,175000.0,274000.0,367000.0,-97000.0,-0.7026238385310095,99.3,US_events_merged_1997-2026.xlsx,2005-06-03 13:30:03+00:00,2005-06-03 00:00:00+00:00,True,2005-06-03 13:30:03+00:00,True,544,2005-06-03
2005-06-15 13:30:00,USD,CPI MoM,CPI CHNG Index,May,-0.001,0.0,0.005,0.003,-0.001,-0.7432733133905713,97.4,US_events_merged_1997-2026.xlsx,2005-06-15 13:30:00+00:00,2005-06-15 00:00:00+00:00,True,2005-06-15 13:30:00+00:00,True,552,2005-06-15
2005-06-15 13:30:02,USD,CPI YoY,CPI YOY Index,May,0.028,0.029,0.035,,-0.001,-0.7997758650165357,96.0,US_events_merged_1997-2026.xlsx,2005-06-15 13:30:02+00:00,2005-06-15 00:00:00+00:00,True,2005-06-15 13:30:02+00:00,True,552,2005-06-15
2005-06-30 19:15:00,USD,FOMC Rate Decision (Upper Bound),FDTR Index,2026-06-30 00:00:00,0.0325,0.0325,0.03,,0.0,0.0712413997202464,98.0,US_events_merged_1997-2026.xlsx,2005-06-30 19:15:00+00:00,2005-06-30 00:00:00+00:00,True,2005-06-30 19:15:00+00:00,True,563,2005-06-30
2005-07-01 00:30:05,JPY,Tokyo CPI Ex-Fresh Food YoY,JNCPTXFF Index,Jun,-0.004,-0.004,-0.004,,0.0,0.0894415412282794,91.1,JN_events_1997-2026_FINAL.xlsx,2005-07-01 00:30:05+00:00,2005-07-01 00:00:00+00:00,True,2005-07-01 00:30:05+00:00,True,564,2005-07-01
2005-07-01 00:30:08,JPY,Natl CPI YoY,JNCPIYOY Index,May,0.002,0.001,0.0,,0.001,0.7545212643770253,95.6,JN_events_1997-2026_FINAL.xlsx,2005-07-01 00:30:08+00:00,2005-07-01 00:00:00+00:00,True,2005-07-01 00:30:08+00:00,True,564,2005-07-01
2005-07-08 13:30:03,USD,Change in Nonfarm Payrolls,NFP TCH Index,Jun,146000.0,200000.0,78000.0,170000.0,-54000.0,-0.2946578803392469,99.3,US_events_merged_1997-2026.xlsx,2005-07-08 13:30:03+00:00,2005-07-08 00:00:00+00:00,True,2005-07-08 13:30:03+00:00,True,569,2005-07-08
2005-07-14 13:30:01,USD,CPI MoM,CPI CHNG Index,Jun,0.0,0.002,-0.001,,-0.002,-1.6011371104336851,97.4,US_events_merged_1997-2026.xlsx,2005-07-14 13:30:01+00:00,2005-07-14 00:00:00+00:00,True,2005-07-14 13:30:01+00:00,True,573,2005-07-14
2005-07-14 13:30:03,USD,CPI YoY,CPI YOY Index,Jun,0.025,0.027,0.028,,-0.0019999999999999,-1.3905568882227537,96.0,US_events_merged_1997-2026.xlsx,2005-07-14 13:30:03+00:00,2005-07-14 00:00:00+00:00,True,2005-07-14 13:30:03+00:00,True,573,2005-07-14
2005-07-29 00:30:05,JPY,Tokyo CPI Ex-Fresh Food YoY,JNCPTXFF Index,Jul,-0.004,-0.003,-0.004,,-0.001,-0.7774768208054235,91.1,JN_events_1997-2026_FINAL.xlsx,2005-07-29 00:30:05+00:00,2005-07-29 00:00:00+00:00,True,2005-07-29 00:30:05+00:00,True,584,2005-07-29
2005-07-29 00:30:08,JPY,Natl CPI YoY,JNCPIYOY Index,Jun,-0.005,-0.004,0.002,,-0.001,-1.0524506156063085,95.6,JN_events_1997-2026_FINAL.xlsx,2005-07-29 00:30:08+00:00,2005-07-29 00:00:00+00:00,True,2005-07-29 00:30:08+00:00,True,584,2005-07-29
2005-08-05 13:30:03,USD,Change in Nonfarm Payrolls,NFP TCH Index,Jul,207000.0,180000.0,146000.0,258000.0,27000.0,0.4690632134865471,99.3,US_events_merged_1997-2026.xlsx,2005-08-05 13:30:03+00:00,2005-08-05 00:00:00+00:00,True,2005-08-05 13:30:03+00:00,True,589,2005-08-05
2005-08-09 19:15:00,USD,FOMC Rate Decision (Upper Bound),FDTR Index,2026-08-09 00:00:00,0.035,0.035,0.0325,,0.0,0.0707052394632517,98.0,US_events_merged_1997-2026.xlsx,2005-08-09 19:15:00+00:00,2005-08-09 00:00:00+00:00,True,2005-08-09 19:15:00+00:00,True,591,2005-08-09
2005-08-16 13:30:01,USD,CPI MoM,CPI CHNG Index,Jul,0.005,0.004,0.0,0.001,0.001,0.9971577641063624,97.4,US_events_merged_1997-2026.xlsx,2005-08-16 13:30:01+00:00,2005-08-16 00:00:00+00:00,True,2005-08-16 13:30:01+00:00,True,596,2005-08-16
2005-08-16 13:30:03,USD,CPI YoY,CPI YOY Index,Jul,0.032,0.03,0.025,,0.002,1.135265625054529,96.0,US_events_merged_1997-2026.xlsx,2005-08-16 13:30:03+00:00,2005-08-16 00:00:00+00:00,True,2005-08-16 13:30:03+00:00,True,596,2005-08-16
2005-08-26 00:30:05,JPY,Tokyo CPI Ex-Fresh Food YoY,JNCPTXFF Index,Aug,-0.003,-0.003,-0.004,,0.0,0.1054893662821043,91.1,JN_events_1997-2026_FINAL.xlsx,2005-08-26 00:30:05+00:00,2005-08-26 00:00:00+00:00,True,2005-08-26 00:30:05+00:00,True,604,2005-08-26
2005-08-26 00:30:08,JPY,Natl CPI YoY,JNCPIYOY Index,Jul,-0.003,-0.003,-0.005,,0.0,-0.1324733418492354,95.6,JN_events_1997-2026_FINAL.xlsx,2005-08-26 00:30:08+00:00,2005-08-26 00:00:00+00:00,True,2005-08-26 00:30:08+00:00,True,604,2005-08-26
2005-09-02 13:30:00,USD,Change in Nonfarm Payrolls,NFP TCH Index,Aug,169000.0,190000.0,207000.0,353000.0,-21000.0,0.0128722960451849,99.3,US_events_merged_1997-2026.xlsx,2005-09-02 13:30:00+00:00,2005-09-02 00:00:00+00:00,True,2005-09-02 13:30:00+00:00,True,609,2005-09-02
2005-09-15 13:30:01,USD,CPI MoM,CPI CHNG Index,Aug,0.005,0.005,0.005,0.006,0.0,0.1306093158140549,97.4,US_events_merged_1997-2026.xlsx,2005-09-15 13:30:01+00:00,2005-09-15 00:00:00+00:00,True,2005-09-15 13:30:01+00:00,True,618,2005-09-15
2005-09-15 13:30:03,USD,CPI YoY,CPI YOY Index,Aug,0.036,0.037,0.032,,-0.001,-0.7377018030847644,96.0,US_events_merged_1997-2026.xlsx,2005-09-15 13:30:03+00:00,2005-09-15 00:00:00+00:00,True,2005-09-15 13:30:03+00:00,True,618,2005-09-15
2005-09-20 19:15:00,USD,FOMC Rate Decision (Upper Bound),FDTR Index,2026-09-20 00:00:00,0.0375,0.0375,0.035,,0.0,0.0701810026597537,98.0,US_events_merged_1997-2026.xlsx,2005-09-20 19:15:00+00:00,2005-09-20 00:00:00+00:00,True,2005-09-20 19:15:00+00:00,True,621,2005-09-20
2005-09-30 00:30:05,JPY,Tokyo CPI Ex-Fresh Food YoY,JNCPTXFF Index,Sep,-0.004,-0.002,-0.003,,-0.002,-1.653852527790025,91.1,JN_events_1997-2026_FINAL.xlsx,2005-09-30 00:30:05+00:00,2005-09-30 00:00:00+00:00,True,2005-09-30 00:30:05+00:00,True,629,2005-09-30
2005-09-30 00:30:08,JPY,Natl CPI YoY,JNCPIYOY Index,Aug,-0.003,-0.005,-0.003,,0.002,1.6806830928793983,95.6,JN_events_1997-2026_FINAL.xlsx,2005-09-30 00:30:08+00:00,2005-09-30 00:00:00+00:00,True,2005-09-30 00:30:08+00:00,True,629,2005-09-30
2005-10-07 13:30:00,USD,Change in Nonfarm Payrolls,NFP TCH Index,Sep,-35000.0,-150000.0,169000.0,203000.0,115000.0,1.3037897604990716,99.3,US_events_merged_1997-2026.xlsx,2005-10-07 13:30:00+00:00,2005-10-07 00:00:00+00:00,True,2005-10-07 13:30:00+00:00,True,634,2005-10-07
2005-10-14 13:30:01,USD,CPI MoM,CPI CHNG Index,Sep,0.012,0.009,0.005,0.006,0.0029999999999999,2.7134809264823563,97.4,US_events_merged_1997-2026.xlsx,2005-10-14 13:30:01+00:00,2005-10-14 00:00:00+00:00,True,2005-10-14 13:30:01+00:00,True,639,2005-10-14
2005-10-14 13:30:03,USD,CPI YoY,CPI YOY Index,Sep,0.047,0.043,0.036,,0.004,2.347427670167213,96.0,US_events_merged_1997-2026.xlsx,2005-10-14 13:30:03+00:00,2005-10-14 00:00:00+00:00,True,2005-10-14 13:30:03+00:00,True,639,2005-10-14
2005-10-28 00:30:05,JPY,Tokyo CPI Ex-Fresh Food YoY,JNCPTXFF Index,Oct,-0.003,-0.002,-0.004,,-0.001,-0.7283441833930534,91.1,JN_events_1997-2026_FINAL.xlsx,2005-10-28 00:30:05+00:00,2005-10-28 00:00:00+00:00,True,2005-10-28 00:30:05+00:00,True,649,2005-10-28
2005-10-28 00:30:08,JPY,Natl CPI YoY,JNCPIYOY Index,Sep,-0.003,-0.004,-0.003,,0.001,0.7262783082184864,95.6,JN_events_1997-2026_FINAL.xlsx,2005-10-28 00:30:08+00:00,2005-10-28 00:00:00+00:00,True,2005-10-28 00:30:08+00:00,True,649,2005-10-28
2005-11-01 19:15:00,USD,FOMC Rate Decision (Upper Bound),FDTR Index,2026-11-01 00:00:00,0.04,0.04,0.0375,,0.0,0.0696682539193621,98.0,US_events_merged_1997-2026.xlsx,2005-11-01 19:15:00+00:00,2005-11-01 00:00:00+00:00,True,2005-11-01 19:15:00+00:00,True,651,2005-11-01
2005-11-04 13:30:00,USD,Change in Nonfarm Payrolls,NFP TCH Index,Oct,56000.0,120000.0,-35000.0,51000.0,-64000.0,-0.4065567653729443,99.3,US_events_merged_1997-2026.xlsx,2005-11-04 13:30:00+00:00,2005-11-04 00:00:00+00:00,True,2005-11-04 13:30:00+00:00,True,654,2005-11-04
2005-11-16 13:30:00,USD,CPI MoM,CPI CHNG Index,Oct,0.002,0.0,0.012,0.014,0.002,1.7750172871355785,97.4,US_events_merged_1997-2026.xlsx,2005-11-16 13:30:00+00:00,2005-11-16 00:00:00+00:00,True,2005-11-16 13:30:00+00:00,True,662,2005-11-16
2005-11-16 13:30:02,USD,CPI YoY,CPI YOY Index,Oct,0.043,0.0409999999999999,0.047,,0.002,0.9475760223505154,96.0,US_events_merged_1997-2026.xlsx,2005-11-16 13:30:02+00:00,2005-11-16 00:00:00+00:00,True,2005-11-16 13:30:02+00:00,True,662,2005-11-16
2005-11-24 23:30:05,JPY,Tokyo CPI Ex-Fresh Food YoY,JNCPTXFF Index,Nov,-0.003,-0.002,-0.003,,-0.001,-0.7173001685257131,91.1,JN_events_1997-2026_FINAL.xlsx,2005-11-24 23:30:05+00:00,2005-11-24 00:00:00+00:00,True,2005-11-24 23:30:05+00:00,True,669,2005-11-25
2005-11-24 23:30:08,JPY,Natl CPI YoY,JNCPIYOY Index,Oct,-0.0069999999999999,-0.006,-0.003,,-0.0009999999999999,-1.0725978021947309,95.6,JN_events_1997-2026_FINAL.xlsx,2005-11-24 23:30:08+00:00,2005-11-24 00:00:00+00:00,True,2005-11-24 23:30:08+00:00,True,669,2005-11-25
2005-12-02 13:30:00,USD,Change in Nonfarm Payrolls,NFP TCH Index,Nov,215000.0,210000.0,56000.0,89000.0,5000.0,0.2511467280522598,99.3,US_events_merged_1997-2026.xlsx,2005-12-02 13:30:00+00:00,2005-12-02 00:00:00+00:00,True,2005-12-02 13:30:00+00:00,True,674,2005-12-02
2005-12-13 19:15:00,USD,FOMC Rate Decision (Upper Bound),FDTR Index,2026-12-13 00:00:00,0.0425,0.0425,0.04,,0.0,0.0691665797846817,98.0,US_events_merged_1997-2026.xlsx,2005-12-13 19:15:00+00:00,2005-12-13 00:00:00+00:00,True,2005-12-13 19:15:00+00:00,True,681,2005-12-13
2005-12-15 13:30:00,USD,CPI MoM,CPI CHNG Index,Nov,-0.006,-0.004,0.002,,-0.002,-1.572632736265439,97.4,US_events_merged_1997-2026.xlsx,2005-12-15 13:30:00+00:00,2005-12-15 00:00:00+00:00,True,2005-12-15 13:30:00+00:00,True,683,2005-12-15
2005-12-15 13:30:03,USD,CPI YoY,CPI YOY Index,Nov,0.035,0.036,0.043,,-0.0009999999999999,-0.7831121810237859,96.0,US_events_merged_1997-2026.xlsx,2005-12-15 13:30:03+00:00,2005-12-15 00:00:00+00:00,True,2005-12-15 13:30:03+00:00,True,683,2005-12-15
2005-12-26 23:30:05,JPY,Tokyo CPI Ex-Fresh Food YoY,JNCPTXFF Index,Dec,-0.002,-0.002,-0.003,,0.0,0.1659913319045785,91.1,JN_events_1997-2026_FINAL.xlsx,2005-12-26 23:30:05+00:00,2005-12-26 00:00:00+00:00,True,2005-12-26 23:30:05+00:00,True,691,2005-12-27
2005-12-26 23:30:08,JPY,Natl CPI YoY,JNCPIYOY Index,Nov,-0.008,-0.006,-0.0069999999999999,,-0.002,-1.942452675871838,95.6,JN_events_1997-2026_FINAL.xlsx,2005-12-26 23:30:08+00:00,2005-12-26 00:00:00+00:00,True,2005-12-26 23:30:08+00:00,True,691,2005-12-27
2006-01-06 13:30:00,USD,Change in Nonfarm Payrolls,NFP TCH Index,Dec,108000.0,200000.0,215000.0,356000.0,-92000.0,-0.6756902015060553,99.3,US_events_merged_1997-2026.xlsx,2006-01-06 13:30:00+00:00,2006-01-06 00:00:00+00:00,True,2006-01-06 13:30:00+00:00,True,699,2006-01-06
2006-01-18 13:30:00,USD,CPI MoM,CPI CHNG Index,Dec,-0.001,0.002,-0.006,-0.005,-0.003,-2.370846250052026,97.4,US_events_merged_1997-2026.xlsx,2006-01-18 13:30:00+00:00,2006-01-18 00:00:00+00:00,True,2006-01-18 13:30:00+00:00,True,707,2006-01-18
2006-01-18 13:30:02,USD,CPI YoY,CPI YOY Index,Dec,0.034,0.036,0.035,,-0.0019999999999999,-1.330204662615657,96.0,US_events_merged_1997-2026.xlsx,2006-01-18 13:30:02+00:00,2006-01-18 00:00:00+00:00,True,2006-01-18 13:30:02+00:00,True,707,2006-01-18
2006-01-26 23:30:05,JPY,Tokyo CPI Ex-Fresh Food YoY,JNCPTXFF Index,Jan,0.001,0.0,-0.002,,0.001,1.0455587214551718,91.1,JN_events_1997-2026_FINAL.xlsx,2006-01-26 23:30:05+00:00,2006-01-26 00:00:00+00:00,True,2006-01-26 23:30:05+00:00,True,714,2006-01-27
2006-01-26 23:30:08,JPY,Natl CPI YoY,JNCPIYOY Index,Dec,-0.001,-0.003,-0.008,,0.002,1.6230861351605883,95.6,JN_events_1997-2026_FINAL.xlsx,2006-01-26 23:30:08+00:00,2006-01-26 00:00:00+00:00,True,2006-01-26 23:30:08+00:00,True,714,2006-01-27
2006-01-31 19:14:00,USD,FOMC Rate Decision (Upper Bound),FDTR Index,2026-01-31 00:00:00,0.045,0.045,0.0425,,0.0,0.0686755873311883,98.0,US_events_merged_1997-2026.xlsx,2006-01-31 19:14:00+00:00,2006-01-31 00:00:00+00:00,True,2006-01-31 19:14:00+00:00,True,716,2006-01-31
2006-02-03 13:30:00,USD,Change in Nonfarm Payrolls,NFP TCH Index,Jan,193000.0,250000.0,108000.0,159000.0,-57000.0,-0.3362709929108441,99.3,US_events_merged_1997-2026.xlsx,2006-02-03 13:30:00+00:00,2006-02-03 00:00:00+00:00,True,2006-02-03 13:30:00+00:00,True,719,2006-02-03
2006-02-22 13:30:00,USD,CPI MoM,CPI CHNG Index,Jan,0.0069999999999999,0.005,-0.001,0.0,0.0019999999999999,1.729821746646751,97.4,US_events_merged_1997-2026.xlsx,2006-02-22 13:30:00+00:00,2006-02-22 00:00:00+00:00,True,2006-02-22 13:30:00+00:00,True,732,2006-02-22
2006-02-22 13:30:02,USD,CPI YoY,CPI YOY Index,Jan,0.04,0.038,0.034,,0.002,0.984856004182138,96.0,US_events_merged_1997-2026.xlsx,2006-02-22 13:30:02+00:00,2006-02-22 00:00:00+00:00,True,2006-02-22 13:30:02+00:00,True,732,2006-02-22
2006-03-02 23:30:05,JPY,Tokyo CPI Ex-Fresh Food YoY,JNCPTXFF Index,Feb,0.002,0.002,0.001,,0.0,0.144546363696103,91.1,JN_events_1997-2026_FINAL.xlsx,2006-03-02 23:30:05+00:00,2006-03-02 00:00:00+00:00,True,2006-03-02 23:30:05+00:00,True,739,2006-03-03
2006-03-02 23:30:08,JPY,Natl CPI YoY,JNCPIYOY Index,Jan,0.005,0.004,-0.001,,0.001,0.7114010836683241,95.6,JN_events_1997-2026_FINAL.xlsx,2006-03-02 23:30:08+00:00,2006-03-02 00:00:00+00:00,True,2006-03-02 23:30:08+00:00,True,739,2006-03-03
2006-03-10 13:30:00,USD,Change in Nonfarm Payrolls,NFP TCH Index,Feb,243000.0,210000.0,193000.0,268000.0,33000.0,0.5300649103452034,99.3,US_events_merged_1997-2026.xlsx,2006-03-10 13:30:00+00:00,2006-03-10 00:00:00+00:00,True,2006-03-10 13:30:00+00:00,True,744,2006-03-10
2006-03-16 13:30:00,USD,CPI MoM,CPI CHNG Index,Feb,0.001,0.001,0.0069999999999999,0.006,0.0,0.100795619920709,97.4,US_events_merged_1997-2026.xlsx,2006-03-16 13:30:00+00:00,2006-03-16 00:00:00+00:00,True,2006-03-16 13:30:00+00:00,True,748,2006-03-16
2006-03-16 13:30:02,USD,CPI YoY,CPI YOY Index,Feb,0.036,0.037,0.04,,-0.001,-0.7382668080099023,96.0,US_events_merged_1997-2026.xlsx,2006-03-16 13:30:02+00:00,2006-03-16 00:00:00+00:00,True,2006-03-16 13:30:02+00:00,True,748,2006-03-16
2006-03-28 20:15:00,USD,FOMC Rate Decision (Upper Bound),FDTR Index,2026-03-28 00:00:00,0.0475,0.0475,0.045,,0.0,0.0681949028747939,98.0,US_events_merged_1997-2026.xlsx,2006-03-28 20:15:00+00:00,2006-03-28 00:00:00+00:00,True,2006-03-28 20:15:00+00:00,True,756,2006-03-28
2006-03-31 00:30:05,JPY,Tokyo CPI Ex-Fresh Food YoY,JNCPTXFF Index,Mar,0.002,0.002,0.002,,0.0,0.1431989805371468,91.1,JN_events_1997-2026_FINAL.xlsx,2006-03-31 00:30:05+00:00,2006-03-31 00:00:00+00:00,True,2006-03-31 00:30:05+00:00,True,759,2006-03-31
2006-03-31 00:30:08,JPY,Natl CPI YoY,JNCPIYOY Index,Feb,0.004,0.005,0.005,,-0.001,-1.0196016487690815,95.6,JN_events_1997-2026_FINAL.xlsx,2006-03-31 00:30:08+00:00,2006-03-31 00:00:00+00:00,True,2006-03-31 00:30:08+00:00,True,759,2006-03-31
2006-04-07 13:30:00,USD,Change in Nonfarm Payrolls,NFP TCH Index,Mar,211000.0,190000.0,243000.0,305000.0,21000.0,0.4112965048705108,99.3,US_events_merged_1997-2026.xlsx,2006-04-07 13:30:00+00:00,2006-04-07 00:00:00+00:00,True,2006-04-07 13:30:00+00:00,True,764,2006-04-07
2006-04-19 13:30:00,USD,CPI MoM,CPI CHNG Index,Mar,0.004,0.004,0.001,,0.0,0.1003441104074813,97.4,US_events_merged_1997-2026.xlsx,2006-04-19 13:30:00+00:00,2006-04-19 00:00:00+00:00,True,2006-04-19 13:30:00+00:00,True,772,2006-04-19
2006-04-19 13:30:02,USD,CPI YoY,CPI YOY Index,Mar,0.034,0.035,0.036,,-0.001,-0.719551734289131,96.0,US_events_merged_1997-2026.xlsx,2006-04-19 13:30:02+00:00,2006-04-19 00:00:00+00:00,True,2006-04-19 13:30:02+00:00,True,772,2006-04-19
2006-04-28 00:30:05,JPY,Tokyo CPI Ex-Fresh Food YoY,JNCPTXFF Index,Apr,0.003,0.002,0.002,,0.001,1.0388854150556632,91.1,JN_events_1997-2026_FINAL.xlsx,2006-04-28 00:30:05+00:00,2006-04-28 00:00:00+00:00,True,2006-04-28 00:30:05+00:00,True,779,2006-04-28
2006-04-28 00:30:08,JPY,Natl CPI YoY,JNCPIYOY Index,Mar,0.003,0.003,0.004,,0.0,-0.1402014046207001,95.6,JN_events_1997-2026_FINAL.xlsx,2006-04-28 00:30:08+00:00,2006-04-28 00:00:00+00:00,True,2006-04-28 00:30:08+00:00,True,779,2006-04-28
2006-05-05 13:30:00,USD,Change in Nonfarm Payrolls,NFP TCH Index,Apr,138000.0,200000.0,211000.0,305000.0,-62000.0,-0.3939926795625316,99.3,US_events_merged_1997-2026.xlsx,2006-05-05 13:30:00+00:00,2006-05-05 00:00:00+00:00,True,2006-05-05 13:30:00+00:00,True,784,2006-05-05
2006-05-10 19:15:00,USD,FOMC Rate Decision (Upper Bound),FDTR Index,2026-05-10 00:00:00,0.05,0.05,0.0475,,0.0,0.0677241707774524,98.0,US_events_merged_1997-2026.xlsx,2006-05-10 19:15:00+00:00,2006-05-10 00:00:00+00:00,True,2006-05-10 19:15:00+00:00,True,787,2006-05-10
2006-05-17 13:30:00,USD,CPI MoM,CPI CHNG Index,Apr,0.006,0.005,0.004,0.002,0.001,0.9062231473675249,97.4,US_events_merged_1997-2026.xlsx,2006-05-17 13:30:00+00:00,2006-05-17 00:00:00+00:00,True,2006-05-17 13:30:00+00:00,True,792,2006-05-17
2006-05-17 13:30:02,USD,CPI YoY,CPI YOY Index,Apr,0.035,0.035,0.034,,0.0,-0.1293534146093726,96.0,US_events_merged_1997-2026.xlsx,2006-05-17 13:30:02+00:00,2006-05-17 00:00:00+00:00,True,2006-05-17 13:30:02+00:00,True,792,2006-05-17
2006-05-26 00:30:05,JPY,Tokyo CPI Ex-Fresh Food YoY,JNCPTXFF Index,May,0.004,0.003,0.003,,0.001,1.0197777063963775,91.1,JN_events_1997-2026_FINAL.xlsx,2006-05-26 00:30:05+00:00,2006-05-26 00:00:00+00:00,True,2006-05-26 00:30:05+00:00,True,799,2006-05-26
2006-05-26 00:30:08,JPY,Natl CPI YoY,JNCPIYOY Index,Apr,0.004,0.004,0.003,,0.0,-0.1389195359928028,95.6,JN_events_1997-2026_FINAL.xlsx,2006-05-26 00:30:08+00:00,2006-05-26 00:00:00+00:00,True,2006-05-26 00:30:08+00:00,True,799,2006-05-26
2006-06-02 13:30:00,USD,Change in Nonfarm Payrolls,NFP TCH Index,May,75000.0,170000.0,138000.0,172000.0,-95000.0,-0.7124997958715293,99.3,US_events_merged_1997-2026.xlsx,2006-06-02 13:30:00+00:00,2006-06-02 00:00:00+00:00,True,2006-06-02 13:30:00+00:00,True,804,2006-06-02
2006-06-14 13:30:00,USD,CPI MoM,CPI CHNG Index,May,0.004,0.004,0.006,0.005,0.0,0.0920250425458796,97.4,US_events_merged_1997-2026.xlsx,2006-06-14 13:30:00+00:00,2006-06-14 00:00:00+00:00,True,2006-06-14 13:30:00+00:00,True,812,2006-06-14
2006-06-14 13:30:02,USD,CPI YoY,CPI YOY Index,May,0.042,0.039,0.035,,0.003,1.619140377487043,96.0,US_events_merged_1997-2026.xlsx,2006-06-14 13:30:02+00:00,2006-06-14 00:00:00+00:00,True,2006-06-14 13:30:02+00:00,True,812,2006-06-14
2006-06-29 19:15:00,USD,FOMC Rate Decision (Upper Bound),FDTR Index,2026-06-29 00:00:00,0.0525,0.0525,0.05,,0.0,0.067263052342135,98.0,US_events_merged_1997-2026.xlsx,2006-06-29 19:15:00+00:00,2006-06-29 00:00:00+00:00,True,2006-06-29 19:15:00+00:00,True,823,2006-06-29
2006-06-30 00:30:05,JPY,Tokyo CPI Ex-Fresh Food YoY,JNCPTXFF Index,Jun,0.003,0.004,0.004,,-0.001,-0.7909756280116211,91.1,JN_events_1997-2026_FINAL.xlsx,2006-06-30 00:30:05+00:00,2006-06-30 00:00:00+00:00,True,2006-06-30 00:30:05+00:00,True,824,2006-06-30
2006-06-30 00:30:08,JPY,Natl CPI YoY,JNCPIYOY Index,May,0.006,0.004,0.004,,0.002,1.6145194121876718,95.6,JN_events_1997-2026_FINAL.xlsx,2006-06-30 00:30:08+00:00,2006-06-30 00:00:00+00:00,True,2006-06-30 00:30:08+00:00,True,824,2006-06-30
2006-07-07 13:30:00,USD,Change in Nonfarm Payrolls,NFP TCH Index,Jun,121000.0,175000.0,75000.0,41000.0,-54000.0,-0.3085753058482837,99.3,US_events_merged_1997-2026.xlsx,2006-07-07 13:30:00+00:00,2006-07-07 00:00:00+00:00,True,2006-07-07 13:30:00+00:00,True,829,2006-07-07
2006-07-19 13:30:00,USD,CPI MoM,CPI CHNG Index,Jun,0.002,0.002,0.004,0.003,0.0,0.0916241819538467,97.4,US_events_merged_1997-2026.xlsx,2006-07-19 13:30:00+00:00,2006-07-19 00:00:00+00:00,True,2006-07-19 13:30:00+00:00,True,837,2006-07-19
2006-07-19 13:30:02,USD,CPI YoY,CPI YOY Index,Jun,0.043,0.043,0.042,,0.0,-0.1723097804293996,96.0,US_events_merged_1997-2026.xlsx,2006-07-19 13:30:02+00:00,2006-07-19 00:00:00+00:00,True,2006-07-19 13:30:02+00:00,True,837,2006-07-19
2006-07-28 00:30:05,JPY,Tokyo CPI Ex-Fresh Food YoY,JNCPTXFF Index,Jul,0.004,0.004,0.003,,0.0,0.1194001659556091,91.1,JN_events_1997-2026_FINAL.xlsx,2006-07-28 00:30:05+00:00,2006-07-28 00:00:00+00:00,True,2006-07-28 00:30:05+00:00,True,844,2006-07-28
2006-07-28 00:30:08,JPY,Natl CPI YoY,JNCPIYOY Index,Jun,0.01,0.01,0.006,,0.0,-0.1637308696152185,95.6,JN_events_1997-2026_FINAL.xlsx,2006-07-28 00:30:08+00:00,2006-07-28 00:00:00+00:00,True,2006-07-28 00:30:08+00:00,True,844,2006-07-28
2006-08-04 13:30:00,USD,Change in Nonfarm Payrolls,NFP TCH Index,Jul,113000.0,141000.0,121000.0,86000.0,-28000.0,-0.0529403478579599,99.3,US_events_merged_1997-2026.xlsx,2006-08-04 13:30:00+00:00,2006-08-04 00:00:00+00:00,True,2006-08-04 13:30:00+00:00,True,849,2006-08-04
2006-08-08 19:15:00,USD,FOMC Rate Decision (Upper Bound),FDTR Index,2026-08-08 00:00:00,0.0525,0.0525,0.0525,,0.0,0.0668112247893826,98.0,US_events_merged_1997-2026.xlsx,2006-08-08 19:15:00+00:00,2006-08-08 00:00:00+00:00,True,2006-08-08 19:15:00+00:00,True,851,2006-08-08
2006-08-11 04:17:00,JPY,BOJ Target Rate,BOJDTR Index,2026-08-11 00:00:00,0.0025,0.0025,0.0025,,0.0,,98.9,JN_events_1997-2026_FINAL.xlsx,2006-08-11 04:17:00+00:00,2006-08-11 00:00:00+00:00,True,2006-08-11 04:17:00+00:00,True,854,2006-08-11
2006-08-16 13:30:00,USD,CPI MoM,CPI CHNG Index,Jul,0.004,0.004,0.002,,0.0,0.0912285145564545,97.4,US_events_merged_1997-2026.xlsx,2006-08-16 13:30:00+00:00,2006-08-16 00:00:00+00:00,True,2006-08-16 13:30:00+00:00,True,857,2006-08-16
2006-08-16 13:30:02,USD,CPI YoY,CPI YOY Index,Jul,0.0409999999999999,0.042,0.043,,-0.001,-0.7469372983398688,96.0,US_events_merged_1997-2026.xlsx,2006-08-16 13:30:02+00:00,2006-08-16 00:00:00+00:00,True,2006-08-16 13:30:02+00:00,True,857,2006-08-16
2006-08-25 00:30:05,JPY,Tokyo CPI Ex-Fresh Food YoY,JNCPTXFF Index,Aug,0.0,0.002,0.004,,-0.002,-1.6958556570123702,91.1,JN_events_1997-2026_FINAL.xlsx,2006-08-25 00:30:05+00:00,2006-08-25 00:00:00+00:00,True,2006-08-25 00:30:05+00:00,True,864,2006-08-25
2006-08-25 00:30:08,JPY,Natl CPI YoY,JNCPIYOY Index,Jul,0.003,0.006,0.01,,-0.003,-2.777134552566044,95.6,JN_events_1997-2026_FINAL.xlsx,2006-08-25 00:30:08+00:00,2006-08-25 00:00:00+00:00,True,2006-08-25 00:30:08+00:00,True,864,2006-08-25
2006-09-01 13:30:00,USD,Change in Nonfarm Payrolls,NFP TCH Index,Aug,128000.0,125000.0,113000.0,194000.0,3000.0,0.2516598865457572,99.3,US_events_merged_1997-2026.xlsx,2006-09-01 13:30:00+00:00,2006-09-01 00:00:00+00:00,True,2006-09-01 13:30:00+00:00,True,869,2006-09-01
2006-09-08 04:37:00,JPY,BOJ Target Rate,BOJDTR Index,2026-09-08 00:00:00,0.0025,0.0025,0.0025,,0.0,,98.9,JN_events_1997-2026_FINAL.xlsx,2006-09-08 04:37:00+00:00,2006-09-08 00:00:00+00:00,True,2006-09-08 04:37:00+00:00,True,874,2006-09-08
2006-09-15 13:30:00.000,USD,CPI MoM,CPI CHNG Index,Aug,0.002,0.002,0.004,0.005,0.0,0.0908379291831883,97.4,US_events_merged_1997-2026.xlsx,2006-09-15 13:30:00+00:00,2006-09-15 00:00:00+00:00,True,2006-09-15 13:30:00+00:00,True,879,2006-09-15
2006-09-15 13:30:02.000,USD,CPI YoY,CPI YOY Index,Aug,0.038,0.038,0.0409999999999999,,0.0,-0.1494273160521601,96.0,US_events_merged_1997-2026.xlsx,2006-09-15 13:30:02+00:00,2006-09-15 00:00:00+00:00,True,2006-09-15 13:30:02+00:00,True,879,2006-09-15
2006-09-20 19:15:00.000,USD,FOMC Rate Decision (Upper Bound),FDTR Index,2026-09-20 00:00:00,0.0525,0.0525,0.0525,,0.0,0.0663683803084112,98.0,US_events_merged_1997-2026.xlsx,2006-09-20 19:15:00+00:00,2006-09-20 00:00:00+00:00,True,2006-09-20 19:15:00+00:00,True,882,2006-09-20
2006-09-29 00:30:05.000,JPY,Tokyo CPI Ex-Fresh Food YoY,JNCPTXFF Index,Sep,0.0,0.0,0.0,,0.0,0.144430902517375,91.1,JN_events_1997-2026_FINAL.xlsx,2006-09-29 00:30:05+00:00,2006-09-29 00:00:00+00:00,True,2006-09-29 00:30:05+00:00,True,889,2006-09-29
2006-09-29 00:30:08.000,JPY,Natl CPI YoY,JNCPIYOY Index,Aug,0.009,0.009,0.003,,0.0,-0.1092004958466875,95.6,JN_events_1997-2026_FINAL.xlsx,2006-09-29 00:30:08+00:00,2006-09-29 00:00:00+00:00,True,2006-09-29 00:30:08+00:00,True,889,2006-09-29
2006-10-06 13:30:00.000,USD,Change in Nonfarm Payrolls,NFP TCH Index,Sep,51000.0,120000.0,128000.0,164000.0,-69000.0,-0.4593419366694856,99.3,US_events_merged_1997-2026.xlsx,2006-10-06 13:30:00+00:00,2006-10-06 00:00:00+00:00,True,2006-10-06 13:30:00+00:00,True,894,2006-10-06
2006-10-13 04:47:00.000,JPY,BOJ Target Rate,BOJDTR Index,2026-10-13 00:00:00,0.0025,0.0025,0.0025,,0.0,,98.9,JN_events_1997-2026_FINAL.xlsx,2006-10-13 04:47:00+00:00,2006-10-13 00:00:00+00:00,True,2006-10-13 04:47:00+00:00,True,899,2006-10-13
2006-10-18 13:30:00.000,USD,CPI MoM,CPI CHNG Index,Sep,-0.005,-0.003,0.002,0.004,-0.002,-1.5516051466646408,97.4,US_events_merged_1997-2026.xlsx,2006-10-18 13:30:00+00:00,2006-10-18 00:00:00+00:00,True,2006-10-18 13:30:00+00:00,True,902,2006-10-18
2006-10-18 13:30:02.000,USD,CPI YoY,CPI YOY Index,Sep,0.021,0.023,0.038,,-0.0019999999999999,-1.326154162804448,96.0,US_events_merged_1997-2026.xlsx,2006-10-18 13:30:02+00:00,2006-10-18 00:00:00+00:00,True,2006-10-18 13:30:02+00:00,True,902,2006-10-18
2006-10-25 19:15:00.000,USD,FOMC Rate Decision (Upper Bound),FDTR Index,2026-10-25 00:00:00,0.0525,0.0525,0.0525,,0.0,0.0659342251764396,98.0,US_events_merged_1997-2026.xlsx,2006-10-25 19:15:00+00:00,2006-10-25 00:00:00+00:00,True,2006-10-25 19:15:00+00:00,True,907,2006-10-25
2006-10-27 00:30:05.000,JPY,Tokyo CPI Ex-Fresh Food YoY,JNCPTXFF Index,Oct,0.001,0.001,0.0,,0.0,0.143237144998362,91.1,JN_events_1997-2026_FINAL.xlsx,2006-10-27 00:30:05+00:00,2006-10-27 00:00:00+00:00,True,2006-10-27 00:30:05+00:00,True,909,2006-10-27
2006-10-27 00:30:08.000,JPY,Natl CPI YoY,JNCPIYOY Index,Sep,0.006,0.005,0.009,,0.001,0.7247185608561216,95.6,JN_events_1997-2026_FINAL.xlsx,2006-10-27 00:30:08+00:00,2006-10-27 00:00:00+00:00,True,2006-10-27 00:30:08+00:00,True,909,2006-10-27
2006-10-31 03:47:00.000,JPY,BOJ Target Rate,BOJDTR Index,2026-10-31 00:00:00,0.0025,0.0025,0.0025,,0.0,,98.9,JN_events_1997-2026_FINAL.xlsx,2006-10-31 03:47:00+00:00,2006-10-31 00:00:00+00:00,True,2006-10-31 03:47:00+00:00,True,911,2006-10-31
2006-11-03 13:30:00.000,USD,Change in Nonfarm Payrolls,NFP TCH Index,Oct,92000.0,123000.0,51000.0,136000.0,-31000.0,-0.0810205645818637,99.3,US_events_merged_1997-2026.xlsx,2006-11-03 13:30:00+00:00,2006-11-03 00:00:00+00:00,True,2006-11-03 13:30:00+00:00,True,914,2006-11-03
2006-11-16 03:24:00.000,JPY,BOJ Target Rate,BOJDTR Index,2026-11-16 00:00:00,0.0025,0.0025,0.0025,,0.0,,98.9,JN_events_1997-2026_FINAL.xlsx,2006-11-16 03:24:00+00:00,2006-11-16 00:00:00+00:00,True,2006-11-16 03:24:00+00:00,True,923,2006-11-16
2006-11-16 13:30:00.000,USD,CPI MoM,CPI CHNG Index,Oct,-0.005,-0.003,-0.005,-0.005,-0.002,-1.5296014655985646,97.4,US_events_merged_1997-2026.xlsx,2006-11-16 13:30:00+00:00,2006-11-16 00:00:00+00:00,True,2006-11-16 13:30:00+00:00,True,923,2006-11-16
2006-11-16 13:30:02.000,USD,CPI YoY,CPI YOY Index,Oct,0.013,0.015,0.021,,-0.002,-1.2777533508046444,96.0,US_events_merged_1997-2026.xlsx,2006-11-16 13:30:02+00:00,2006-11-16 00:00:00+00:00,True,2006-11-16 13:30:02+00:00,True,923,2006-11-16
2006-11-30 23:30:05.000,JPY,Tokyo CPI Ex-Fresh Food YoY,JNCPTXFF Index,Nov,0.002,0.002,0.001,,0.0,0.1420725091906957,91.1,JN_events_1997-2026_FINAL.xlsx,2006-11-30 23:30:05+00:00,2006-11-30 00:00:00+00:00,True,2006-11-30 23:30:05+00:00,True,934,2006-12-01
2006-11-30 23:30:08.000,JPY,Natl CPI YoY,JNCPIYOY Index,Oct,0.004,0.006,0.006,,-0.002,-1.7934306350185247,95.6,JN_events_1997-2026_FINAL.xlsx,2006-11-30 23:30:08+00:00,2006-11-30 00:00:00+00:00,True,2006-11-30 23:30:08+00:00,True,934,2006-12-01
2006-12-08 13:30:00.000,USD,Change in Nonfarm Payrolls,NFP TCH Index,Nov,132000.0,100000.0,92000.0,17000.0,32000.0,0.5452733132825259,99.3,US_events_merged_1997-2026.xlsx,2006-12-08 13:30:00+00:00,2006-12-08 00:00:00+00:00,True,2006-12-08 13:30:00+00:00,True,939,2006-12-08
2006-12-12 19:15:00.000,USD,FOMC Rate Decision (Upper Bound),FDTR Index,2026-12-12 00:00:00,0.0525,0.0525,0.0525,,0.0,0.0655084789405154,98.0,US_events_merged_1997-2026.xlsx,2006-12-12 19:15:00+00:00,2006-12-12 00:00:00+00:00,True,2006-12-12 19:15:00+00:00,True,941,2006-12-12
2006-12-15 13:30:00.000,USD,CPI MoM,CPI CHNG Index,Nov,0.0,0.002,-0.005,-0.004,-0.002,-1.508510177735573,97.4,US_events_merged_1997-2026.xlsx,2006-12-15 13:30:00+00:00,2006-12-15 00:00:00+00:00,True,2006-12-15 13:30:00+00:00,True,944,2006-12-15
2006-12-15 13:30:02.000,USD,CPI YoY,CPI YOY Index,Nov,0.02,0.022,0.013,,-0.0019999999999999,-1.2343310427616256,96.0,US_events_merged_1997-2026.xlsx,2006-12-15 13:30:02+00:00,2006-12-15 00:00:00+00:00,True,2006-12-15 13:30:02+00:00,True,944,2006-12-15
2006-12-19 03:27:00.000,JPY,BOJ Target Rate,BOJDTR Index,2026-12-19 00:00:00,0.0025,0.0025,0.0025,,0.0,,98.9,JN_events_1997-2026_FINAL.xlsx,2006-12-19 03:27:00+00:00,2006-12-19 00:00:00+00:00,True,2006-12-19 03:27:00+00:00,True,946,2006-12-19
2006-12-25 23:30:05.000,JPY,Tokyo CPI Ex-Fresh Food YoY,JNCPTXFF Index,Dec,0.002,0.003,0.002,,-0.001,-0.7744205910283157,91.1,JN_events_1997-2026_FINAL.xlsx,2006-12-25 23:30:05+00:00,2006-12-25 00:00:00+00:00,True,2006-12-25 23:30:05+00:00,True,951,2006-12-26
2006-12-25 23:30:08.000,JPY,Natl CPI YoY,JNCPIYOY Index,Nov,0.003,0.003,0.004,,0.0,-0.0901471973047288,95.6,JN_events_1997-2026_FINAL.xlsx,2006-12-25 23:30:08+00:00,2006-12-25 00:00:00+00:00,True,2006-12-25 23:30:08+00:00,True,951,2006-12-26
2007-01-05 13:30:00.000,USD,Change in Nonfarm Payrolls,NFP TCH Index,Dec,167000.0,100000.0,132000.0,215000.0,67000.0,0.8910905278407713,99.3,US_events_merged_1997-2026.xlsx,2007-01-05 13:30:00+00:00,2007-01-05 00:00:00+00:00,True,2007-01-05 13:30:00+00:00,True,959,2007-01-05
2007-01-18 03:27:00.000,JPY,BOJ Target Rate,BOJDTR Index,2026-01-18 00:00:00,0.0025,0.005,0.0025,,-0.0025,,98.9,JN_events_1997-2026_FINAL.xlsx,2007-01-18 03:27:00+00:00,2007-01-18 00:00:00+00:00,True,2007-01-18 03:27:00+00:00,True,968,2007-01-18
2007-01-18 13:30:00.000,USD,CPI MoM,CPI CHNG Index,Dec,0.005,0.004,0.0,0.0,0.001,0.9343398480354712,97.4,US_events_merged_1997-2026.xlsx,2007-01-18 13:30:00+00:00,2007-01-18 00:00:00+00:00,True,2007-01-18 13:30:00+00:00,True,968,2007-01-18
2007-01-18 13:30:02.000,USD,CPI YoY,CPI YOY Index,Dec,0.025,0.024,0.02,,0.001,0.531149719709397,96.0,US_events_merged_1997-2026.xlsx,2007-01-18 13:30:02+00:00,2007-01-18 00:00:00+00:00,True,2007-01-18 13:30:02+00:00,True,968,2007-01-18
2007-01-25 23:30:05.000,JPY,Tokyo CPI Ex-Fresh Food YoY,JNCPTXFF Index,Jan,0.002,0.002,0.002,,0.0,0.153536132977987,91.1,JN_events_1997-2026_FINAL.xlsx,2007-01-25 23:30:05+00:00,2007-01-25 00:00:00+00:00,True,2007-01-25 23:30:05+00:00,True,974,2007-01-26
2007-01-25 23:30:08.000,JPY,Natl CPI YoY,JNCPIYOY Index,Dec,0.003,0.003,0.003,,0.0,-0.0894346534741805,95.6,JN_events_1997-2026_FINAL.xlsx,2007-01-25 23:30:08+00:00,2007-01-25 00:00:00+00:00,True,2007-01-25 23:30:08+00:00,True,974,2007-01-26
2007-01-31 19:15:00.000,USD,FOMC Rate Decision (Upper Bound),FDTR Index,2026-01-31 00:00:00,0.0525,0.0525,0.0525,,0.0,0.0650908736566683,98.0,US_events_merged_1997-2026.xlsx,2007-01-31 19:15:00+00:00,2007-01-31 00:00:00+00:00,True,2007-01-31 19:15:00+00:00,True,977,2007-01-31
2007-02-02 13:30:00.000,USD,Change in Nonfarm Payrolls,NFP TCH Index,Jan,111000.0,150000.0,167000.0,188000.0,-39000.0,-0.1729235408969579,99.3,US_events_merged_1997-2026.xlsx,2007-02-02 13:30:00+00:00,2007-02-02 00:00:00+00:00,True,2007-02-02 13:30:00+00:00,True,979,2007-02-02
2007-02-21 05:20:00.000,JPY,BOJ Target Rate,BOJDTR Index,2026-02-21 00:00:00,0.005,0.0025,0.0025,,0.0025,,98.9,JN_events_1997-2026_FINAL.xlsx,2007-02-21 05:20:00+00:00,2007-02-21 00:00:00+00:00,True,2007-02-21 05:20:00+00:00,True,992,2007-02-21
2007-02-21 13:30:00.000,USD,CPI MoM,CPI CHNG Index,Jan,0.002,0.001,0.005,0.005,0.001,0.9271955041108672,97.4,US_events_merged_1997-2026.xlsx,2007-02-21 13:30:00+00:00,2007-02-21 00:00:00+00:00,True,2007-02-21 13:30:00+00:00,True,992,2007-02-21
2007-02-21 13:30:02.000,USD,CPI YoY,CPI YOY Index,Jan,0.021,0.019,0.025,,0.002,1.1035880456014666,96.0,US_events_merged_1997-2026.xlsx,2007-02-21 13:30:02+00:00,2007-02-21 00:00:00+00:00,True,2007-02-21 13:30:02+00:00,True,992,2007-02-21
2007-03-01 23:30:05.000,JPY,Tokyo CPI Ex-Fresh Food YoY,JNCPTXFF Index,Feb,0.0,0.001,0.002,,-0.001,-0.7730952273704677,91.1,JN_events_1997-2026_FINAL.xlsx,2007-03-01 23:30:05+00:00,2007-03-01 00:00:00+00:00,True,2007-03-01 23:30:05+00:00,True,999,2007-03-02
2007-03-01 23:30:08.000,JPY,Natl CPI YoY,JNCPIYOY Index,Jan,0.0,0.0,0.003,,0.0,-0.0887387403447734,95.6,JN_events_1997-2026_FINAL.xlsx,2007-03-01 23:30:08+00:00,2007-03-01 00:00:00+00:00,True,2007-03-01 23:30:08+00:00,True,999,2007-03-02
2007-03-09 13:30:00.000,USD,Change in Nonfarm Payrolls,NFP TCH Index,Feb,97000.0,95000.0,111000.0,223000.0,2000.0,0.2384562788719631,99.3,US_events_merged_1997-2026.xlsx,2007-03-09 13:30:00+00:00,2007-03-09 00:00:00+00:00,True,2007-03-09 13:30:00+00:00,True,1004,2007-03-09
2007-03-16 12:30:00.000,USD,CPI MoM,CPI CHNG Index,Feb,0.004,0.003,0.002,0.002,0.001,0.92021301101858,97.4,US_events_merged_1997-2026.xlsx,2007-03-16 12:30:00+00:00,2007-03-16 00:00:00+00:00,True,2007-03-16 12:30:00+00:00,True,1009,2007-03-16
2007-03-16 12:30:02.000,USD,CPI YoY,CPI YOY Index,Feb,0.024,0.023,0.021,,0.001,0.4946730882245967,96.0,US_events_merged_1997-2026.xlsx,2007-03-16 12:30:02+00:00,2007-03-16 00:00:00+00:00,True,2007-03-16 12:30:02+00:00,True,1009,2007-03-16
2007-03-20 03:42:00.000,JPY,BOJ Target Rate,BOJDTR Index,2026-03-20 00:00:00,0.005,0.005,0.005,,0.0,0.0,98.9,JN_events_1997-2026_FINAL.xlsx,2007-03-20 03:42:00+00:00,2007-03-20 00:00:00+00:00,True,2007-03-20 03:42:00+00:00,True,1011,2007-03-20
2007-03-21 18:15:00.000,USD,FOMC Rate Decision (Upper Bound),FDTR Index,2026-03-21 00:00:00,0.0525,0.0525,0.0525,,0.0,0.0646811531817022,98.0,US_events_merged_1997-2026.xlsx,2007-03-21 18:15:00+00:00,2007-03-21 00:00:00+00:00,True,2007-03-21 18:15:00+00:00,True,1012,2007-03-21
2007-03-30 00:30:05.000,JPY,Tokyo CPI Ex-Fresh Food YoY,JNCPTXFF Index,Mar,-0.001,0.0,0.0,,-0.001,-0.763802520332567,91.1,JN_events_1997-2026_FINAL.xlsx,2007-03-30 00:30:05+00:00,2007-03-30 00:00:00+00:00,True,2007-03-30 00:30:05+00:00,True,1019,2007-03-30
2007-03-30 00:30:08.000,JPY,Natl CPI YoY,JNCPIYOY Index,Feb,-0.002,-0.001,0.0,,-0.001,-0.9297975511401498,95.6,JN_events_1997-2026_FINAL.xlsx,2007-03-30 00:30:08+00:00,2007-03-30 00:00:00+00:00,True,2007-03-30 00:30:08+00:00,True,1019,2007-03-30
2007-04-06 13:30:00.000,USD,Change in Nonfarm Payrolls,NFP TCH Index,Mar,180000.0,130000.0,97000.0,88000.0,50000.0,0.7200741663651846,99.3,US_events_merged_1997-2026.xlsx,2007-04-06 13:30:00+00:00,2007-04-06 00:00:00+00:00,True,2007-04-06 13:30:00+00:00,True,1024,2007-04-06
2007-04-09 04:48:00.000,JPY,BOJ Target Rate,BOJDTR Index,2026-04-09 00:00:00,0.005,0.005,0.005,,0.0,0.0,98.9,JN_events_1997-2026_FINAL.xlsx,2007-04-09 04:48:00+00:00,2007-04-09 00:00:00+00:00,True,2007-04-09 04:48:00+00:00,True,1025,2007-04-09
2007-04-17 13:30:00.000,USD,CPI MoM,CPI CHNG Index,Mar,0.006,0.006,0.004,,0.0,0.1043870104557808,97.4,US_events_merged_1997-2026.xlsx,2007-04-17 13:30:00+00:00,2007-04-17 00:00:00+00:00,True,2007-04-17 13:30:00+00:00,True,1031,2007-04-17
2007-04-17 13:30:02.000,USD,CPI YoY,CPI YOY Index,Mar,0.028,0.028,0.024,,0.0,-0.0974881565028372,96.0,US_events_merged_1997-2026.xlsx,2007-04-17 13:30:02+00:00,2007-04-17 00:00:00+00:00,True,2007-04-17 13:30:02+00:00,True,1031,2007-04-17
2007-04-27 00:30:05.000,JPY,Tokyo CPI Ex-Fresh Food YoY,JNCPTXFF Index,Apr,0.0,0.0,-0.001,,0.0,0.1765460341470212,91.1,JN_events_1997-2026_FINAL.xlsx,2007-04-27 00:30:05+00:00,2007-04-27 00:00:00+00:00,True,2007-04-27 00:30:05+00:00,True,1039,2007-04-27
2007-04-27 00:30:08.000,JPY,Natl CPI YoY,JNCPIYOY Index,Mar,-0.001,-0.001,-0.002,,0.0,-0.0740556650184269,95.6,JN_events_1997-2026_FINAL.xlsx,2007-04-27 00:30:08+00:00,2007-04-27 00:00:00+00:00,True,2007-04-27 00:30:08+00:00,True,1039,2007-04-27
2007-04-27 06:07:00.000,JPY,BOJ Target Rate,BOJDTR Index,2026-04-27 00:00:00,0.005,0.005,0.005,,0.0,0.0,98.9,JN_events_1997-2026_FINAL.xlsx,2007-04-27 06:07:00+00:00,2007-04-27 00:00:00+00:00,True,2007-04-27 06:07:00+00:00,True,1039,2007-04-27
2007-05-04 13:30:00.000,USD,Change in Nonfarm Payrolls,NFP TCH Index,Apr,88000.0,100000.0,180000.0,224000.0,-12000.0,0.0909274462159303,99.3,US_events_merged_1997-2026.xlsx,2007-05-04 13:30:00+00:00,2007-05-04 00:00:00+00:00,True,2007-05-04 13:30:00+00:00,True,1044,2007-05-04
2007-05-09 19:15:00.000,USD,FOMC Rate Decision (Upper Bound),FDTR Index,2026-05-09 00:00:00,0.0525,0.0525,0.0525,,0.0,0.0642790725133765,98.0,US_events_merged_1997-2026.xlsx,2007-05-09 19:15:00+00:00,2007-05-09 00:00:00+00:00,True,2007-05-09 19:15:00+00:00,True,1047,2007-05-09
2007-05-15 13:30:00.000,USD,CPI MoM,CPI CHNG Index,Apr,0.004,0.005,0.006,0.005,-0.001,-0.7082781623222686,97.4,US_events_merged_1997-2026.xlsx,2007-05-15 13:30:00+00:00,2007-05-15 00:00:00+00:00,True,2007-05-15 13:30:00+00:00,True,1051,2007-05-15
2007-05-15 13:30:02.000,USD,CPI YoY,CPI YOY Index,Apr,0.026,0.026,0.028,,0.0,-0.0963643176009134,96.0,US_events_merged_1997-2026.xlsx,2007-05-15 13:30:02+00:00,2007-05-15 00:00:00+00:00,True,2007-05-15 13:30:02+00:00,True,1051,2007-05-15
2007-05-17 04:41:00.000,JPY,BOJ Target Rate,BOJDTR Index,2026-05-17 00:00:00,0.005,0.005,0.005,,0.0,0.0,98.9,JN_events_1997-2026_FINAL.xlsx,2007-05-17 04:41:00+00:00,2007-05-17 00:00:00+00:00,True,2007-05-17 04:41:00+00:00,True,1053,2007-05-17
2007-05-25 00:30:05.000,JPY,Tokyo CPI Ex-Fresh Food YoY,JNCPTXFF Index,May,0.0,0.0,0.0,,0.0,0.1752218549313516,91.1,JN_events_1997-2026_FINAL.xlsx,2007-05-25 00:30:05+00:00,2007-05-25 00:00:00+00:00,True,2007-05-25 00:30:05+00:00,True,1059,2007-05-25
2007-05-25 00:30:08.000,JPY,Natl CPI YoY,JNCPIYOY Index,Apr,0.0,0.0,-0.001,,0.0,-0.0735063166985633,95.6,JN_events_1997-2026_FINAL.xlsx,2007-05-25 00:30:08+00:00,2007-05-25 00:00:00+00:00,True,2007-05-25 00:30:08+00:00,True,1059,2007-05-25
2007-06-01 13:30:05.000,USD,Change in Nonfarm Payrolls,NFP TCH Index,May,157000.0,132000.0,88000.0,63000.0,25000.0,0.4648759308606849,99.3,US_events_merged_1997-2026.xlsx,2007-06-01 13:30:05+00:00,2007-06-01 00:00:00+00:00,True,2007-06-01 13:30:05+00:00,True,1064,2007-06-01
2007-06-15 04:18:00.000,JPY,BOJ Target Rate,BOJDTR Index,2026-06-15 00:00:00,0.005,0.005,0.005,,0.0,0.0,98.9,JN_events_1997-2026_FINAL.xlsx,2007-06-15 04:18:00+00:00,2007-06-15 00:00:00+00:00,True,2007-06-15 04:18:00+00:00,True,1074,2007-06-15
2007-06-15 13:30:00.000,USD,CPI MoM,CPI CHNG Index,May,0.0069999999999999,0.006,0.004,0.003,0.0009999999999999,0.9236921281630196,97.4,US_events_merged_1997-2026.xlsx,2007-06-15 13:30:00+00:00,2007-06-15 00:00:00+00:00,True,2007-06-15 13:30:00+00:00,True,1074,2007-06-15
2007-06-15 13:30:02.000,USD,CPI YoY,CPI YOY Index,May,0.027,0.026,0.026,,0.001,0.5036146807440409,96.0,US_events_merged_1997-2026.xlsx,2007-06-15 13:30:02+00:00,2007-06-15 00:00:00+00:00,True,2007-06-15 13:30:02+00:00,True,1074,2007-06-15
2007-06-28 19:15:00.000,USD,FOMC Rate Decision (Upper Bound),FDTR Index,2026-06-28 00:00:00,0.0525,0.0525,0.0525,,0.0,0.0638843971751188,98.0,US_events_merged_1997-2026.xlsx,2007-06-28 19:15:00+00:00,2007-06-28 00:00:00+00:00,True,2007-06-28 19:15:00+00:00,True,1083,2007-06-28
2007-06-29 00:30:05.000,JPY,Tokyo CPI Ex-Fresh Food YoY,JNCPTXFF Index,Jun,-0.001,0.001,0.0,,-0.002,-1.715988832901767,91.1,JN_events_1997-2026_FINAL.xlsx,2007-06-29 00:30:05+00:00,2007-06-29 00:00:00+00:00,True,2007-06-29 00:30:05+00:00,True,1084,2007-06-29
2007-06-29 00:30:08.000,JPY,Natl CPI YoY,JNCPIYOY Index,May,0.0,-0.001,0.0,,0.001,0.7825297567655936,95.6,JN_events_1997-2026_FINAL.xlsx,2007-06-29 00:30:08+00:00,2007-06-29 00:00:00+00:00,True,2007-06-29 00:30:08+00:00,True,1084,2007-06-29
2007-07-06 13:30:00.000,USD,Change in Nonfarm Payrolls,NFP TCH Index,Jun,132000.0,125000.0,157000.0,145000.0,7000.0,0.279921247426412,99.3,US_events_merged_1997-2026.xlsx,2007-07-06 13:30:00+00:00,2007-07-06 00:00:00+00:00,True,2007-07-06 13:30:00+00:00,True,1089,2007-07-06
2007-07-12 04:55:00.000,JPY,BOJ Target Rate,BOJDTR Index,2026-07-12 00:00:00,0.005,0.005,0.005,,0.0,0.0,98.9,JN_events_1997-2026_FINAL.xlsx,2007-07-12 04:55:00+00:00,2007-07-12 00:00:00+00:00,True,2007-07-12 04:55:00+00:00,True,1093,2007-07-12
2007-07-18 13:30:00.000,USD,CPI MoM,CPI CHNG Index,Jun,0.002,0.001,0.0069999999999999,0.004,0.001,0.9169777280169163,97.4,US_events_merged_1997-2026.xlsx,2007-07-18 13:30:00+00:00,2007-07-18 00:00:00+00:00,True,2007-07-18 13:30:00+00:00,True,1097,2007-07-18
2007-07-18 13:30:03.000,USD,CPI YoY,CPI YOY Index,Jun,0.027,0.026,0.027,,0.001,0.496685990762935,96.0,US_events_merged_1997-2026.xlsx,2007-07-18 13:30:03+00:00,2007-07-18 00:00:00+00:00,True,2007-07-18 13:30:03+00:00,True,1097,2007-07-18
2007-07-27 00:30:05.000,JPY,Tokyo CPI Ex-Fresh Food YoY,JNCPTXFF Index,Jul,-0.001,-0.001,-0.001,,0.0,0.1957606437430125,91.1,JN_events_1997-2026_FINAL.xlsx,2007-07-27 00:30:05+00:00,2007-07-27 00:00:00+00:00,True,2007-07-27 00:30:05+00:00,True,1104,2007-07-27
2007-07-27 00:30:08.000,JPY,Natl CPI YoY,JNCPIYOY Index,Jun,-0.002,-0.002,0.0,,0.0,-0.0845569184179747,95.6,JN_events_1997-2026_FINAL.xlsx,2007-07-27 00:30:08+00:00,2007-07-27 00:00:00+00:00,True,2007-07-27 00:30:08+00:00,True,1104,2007-07-27
2007-08-03 13:30:00.000,USD,Change in Nonfarm Payrolls,NFP TCH Index,Jul,92000.0,127000.0,132000.0,78000.0,-35000.0,-0.1491398239428496,99.3,US_events_merged_1997-2026.xlsx,2007-08-03 13:30:00+00:00,2007-08-03 00:00:00+00:00,True,2007-08-03 13:30:00+00:00,True,1109,2007-08-03
2007-08-07 19:15:00.000,USD,FOMC Rate Decision (Upper Bound),FDTR Index,2026-08-07 00:00:00,0.0525,0.0525,0.0525,,0.0,0.0634969026417593,98.0,US_events_merged_1997-2026.xlsx,2007-08-07 19:15:00+00:00,2007-08-07 00:00:00+00:00,True,2007-08-07 19:15:00+00:00,True,1111,2007-08-07
2007-08-15 13:30:00.000,USD,CPI MoM,CPI CHNG Index,Jul,0.001,0.001,0.002,,0.0,0.095497345214046,97.4,US_events_merged_1997-2026.xlsx,2007-08-15 13:30:00+00:00,2007-08-15 00:00:00+00:00,True,2007-08-15 13:30:00+00:00,True,1117,2007-08-15
2007-08-15 13:30:02.000,USD,CPI YoY,CPI YOY Index,Jul,0.024,0.024,0.027,,0.0,-0.1191981536221466,96.0,US_events_merged_1997-2026.xlsx,2007-08-15 13:30:02+00:00,2007-08-15 00:00:00+00:00,True,2007-08-15 13:30:02+00:00,True,1117,2007-08-15
2007-08-23 04:35:00.000,JPY,BOJ Target Rate,BOJDTR Index,2026-08-23 00:00:00,0.005,0.005,0.005,,0.0,0.0,98.9,JN_events_1997-2026_FINAL.xlsx,2007-08-23 04:35:00+00:00,2007-08-23 00:00:00+00:00,True,2007-08-23 04:35:00+00:00,True,1123,2007-08-23
2007-08-31 00:30:05.000,JPY,Tokyo CPI Ex-Fresh Food YoY,JNCPTXFF Index,Aug,0.0,-0.001,-0.001,,0.001,1.1330111045069358,91.1,JN_events_1997-2026_FINAL.xlsx,2007-08-31 00:30:05+00:00,2007-08-31 00:00:00+00:00,True,2007-08-31 00:30:05+00:00,True,1129,2007-08-31
2007-08-31 00:30:08.000,JPY,Natl CPI YoY,JNCPIYOY Index,Jul,0.0,-0.001,-0.002,,0.001,0.7802898324335985,95.6,JN_events_1997-2026_FINAL.xlsx,2007-08-31 00:30:08+00:00,2007-08-31 00:00:00+00:00,True,2007-08-31 00:30:08+00:00,True,1129,2007-08-31
2007-09-07 13:30:00.000,USD,Change in Nonfarm Payrolls,NFP TCH Index,Aug,-4000.0,100000.0,92000.0,-26000.0,-104000.0,-0.8542173124367732,99.3,US_events_merged_1997-2026.xlsx,2007-09-07 13:30:00+00:00,2007-09-07 00:00:00+00:00,True,2007-09-07 13:30:00+00:00,True,1134,2007-09-07
2007-09-18 19:15:00.000,USD,FOMC Rate Decision (Upper Bound),FDTR Index,2026-09-18 00:00:00,0.0475,0.05,0.0525,,-0.0025,-5.175542651853843,98.0,US_events_merged_1997-2026.xlsx,2007-09-18 19:15:00+00:00,2007-09-18 00:00:00+00:00,True,2007-09-18 19:15:00+00:00,True,1141,2007-09-18
2007-09-19 05:21:00.000,JPY,BOJ Target Rate,BOJDTR Index,2026-09-19 00:00:00,0.005,0.005,0.005,,0.0,0.0,98.9,JN_events_1997-2026_FINAL.xlsx,2007-09-19 05:21:00+00:00,2007-09-19 00:00:00+00:00,True,2007-09-19 05:21:00+00:00,True,1142,2007-09-19
2007-09-19 13:30:00.000,USD,CPI MoM,CPI CHNG Index,Aug,-0.001,0.0,0.001,0.002,-0.001,-0.7229575588431985,97.4,US_events_merged_1997-2026.xlsx,2007-09-19 13:30:00+00:00,2007-09-19 00:00:00+00:00,True,2007-09-19 13:30:00+00:00,True,1142,2007-09-19
2007-09-19 13:30:02.000,USD,CPI YoY,CPI YOY Index,Aug,0.02,0.021,0.024,,-0.001,-0.7338048638438022,96.0,US_events_merged_1997-2026.xlsx,2007-09-19 13:30:02+00:00,2007-09-19 00:00:00+00:00,True,2007-09-19 13:30:02+00:00,True,1142,2007-09-19
2007-09-28 00:30:05.000,JPY,Tokyo CPI Ex-Fresh Food YoY,JNCPTXFF Index,Sep,-0.001,0.0,0.0,,-0.001,-0.7586406071036821,91.1,JN_events_1997-2026_FINAL.xlsx,2007-09-28 00:30:05+00:00,2007-09-28 00:00:00+00:00,True,2007-09-28 00:30:05+00:00,True,1149,2007-09-28
2007-09-28 00:30:08.000,JPY,Natl CPI YoY,JNCPIYOY Index,Aug,-0.002,-0.002,0.0,,0.0,-0.0952174836603626,95.6,JN_events_1997-2026_FINAL.xlsx,2007-09-28 00:30:08+00:00,2007-09-28 00:00:00+00:00,True,2007-09-28 00:30:08+00:00,True,1149,2007-09-28
2007-10-05 13:30:00.000,USD,Change in Nonfarm Payrolls,NFP TCH Index,Sep,110000.0,100000.0,-4000.0,-31000.0,10000.0,0.3187625534763481,99.3,US_events_merged_1997-2026.xlsx,2007-10-05 13:30:00+00:00,2007-10-05 00:00:00+00:00,True,2007-10-05 13:30:00+00:00,True,1154,2007-10-05
2007-10-11 05:32:00.000,JPY,BOJ Target Rate,BOJDTR Index,2026-10-11 00:00:00,0.005,0.005,0.005,,0.0,0.0,98.9,JN_events_1997-2026_FINAL.xlsx,2007-10-11 05:32:00+00:00,2007-10-11 00:00:00+00:00,True,2007-10-11 05:32:00+00:00,True,1158,2007-10-11
2007-10-17 13:30:00.000,USD,CPI MoM,CPI CHNG Index,Sep,0.003,0.002,-0.001,0.0,0.001,0.9204897309071984,97.4,US_events_merged_1997-2026.xlsx,2007-10-17 13:30:00+00:00,2007-10-17 00:00:00+00:00,True,2007-10-17 13:30:00+00:00,True,1162,2007-10-17
2007-10-17 13:30:02.000,USD,CPI YoY,CPI YOY Index,Sep,0.028,0.028,0.02,,0.0,-0.1031654784413319,96.0,US_events_merged_1997-2026.xlsx,2007-10-17 13:30:02+00:00,2007-10-17 00:00:00+00:00,True,2007-10-17 13:30:02+00:00,True,1162,2007-10-17
2007-10-26 00:30:05.000,JPY,Tokyo CPI Ex-Fresh Food YoY,JNCPTXFF Index,Oct,0.0,0.0,-0.001,,0.0,0.1892353930318067,91.1,JN_events_1997-2026_FINAL.xlsx,2007-10-26 00:30:05+00:00,2007-10-26 00:00:00+00:00,True,2007-10-26 00:30:05+00:00,True,1169,2007-10-26
2007-10-26 00:30:08.000,JPY,Natl CPI YoY,JNCPIYOY Index,Sep,-0.002,-0.001,-0.002,,-0.001,-0.9673937181714792,95.6,JN_events_1997-2026_FINAL.xlsx,2007-10-26 00:30:08+00:00,2007-10-26 00:00:00+00:00,True,2007-10-26 00:30:08+00:00,True,1169,2007-10-26
2007-10-31 03:42:00.000,JPY,BOJ Target Rate,BOJDTR Index,2026-10-31 00:00:00,0.005,0.005,0.005,,0.0,0.0,98.9,JN_events_1997-2026_FINAL.xlsx,2007-10-31 03:42:00+00:00,2007-10-31 00:00:00+00:00,True,2007-10-31 03:42:00+00:00,True,1172,2007-10-31
2007-10-31 18:15:00.000,USD,FOMC Rate Decision (Upper Bound),FDTR Index,2026-10-31 00:00:00,0.045,0.045,0.0475,,0.0,0.1091089451179963,98.0,US_events_merged_1997-2026.xlsx,2007-10-31 18:15:00+00:00,2007-10-31 00:00:00+00:00,True,2007-10-31 18:15:00+00:00,True,1172,2007-10-31
2007-11-02 12:30:00.000,USD,Change in Nonfarm Payrolls,NFP TCH Index,Oct,166000.0,85000.0,110000.0,86000.0,81000.0,1.0469151674331592,99.3,US_events_merged_1997-2026.xlsx,2007-11-02 12:30:00+00:00,2007-11-02 00:00:00+00:00,True,2007-11-02 12:30:00+00:00,True,1174,2007-11-02
2007-11-13 03:29:00.000,JPY,BOJ Target Rate,BOJDTR Index,2026-11-13 00:00:00,0.005,0.005,0.005,,0.0,0.0,98.9,JN_events_1997-2026_FINAL.xlsx,2007-11-13 03:29:00+00:00,2007-11-13 00:00:00+00:00,True,2007-11-13 03:29:00+00:00,True,1181,2007-11-13
2007-11-15 13:30:00.000,USD,CPI MoM,CPI CHNG Index,Oct,0.003,0.003,0.003,0.004,0.0,0.0939064529704018,97.4,US_events_merged_1997-2026.xlsx,2007-11-15 13:30:00+00:00,2007-11-15 00:00:00+00:00,True,2007-11-15 13:30:00+00:00,True,1183,2007-11-15
2007-11-15 13:30:02.000,USD,CPI YoY,CPI YOY Index,Oct,0.035,0.035,0.028,,0.0,-0.1021181832248615,96.0,US_events_merged_1997-2026.xlsx,2007-11-15 13:30:02+00:00,2007-11-15 00:00:00+00:00,True,2007-11-15 13:30:02+00:00,True,1183,2007-11-15
2007-11-29 23:30:05.000,JPY,Tokyo CPI Ex-Fresh Food YoY,JNCPTXFF Index,Nov,0.001,0.001,0.0,,0.0,0.187923967872921,91.1,JN_events_1997-2026_FINAL.xlsx,2007-11-29 23:30:05+00:00,2007-11-29 00:00:00+00:00,True,2007-11-29 23:30:05+00:00,True,1194,2007-11-30
2007-11-29 23:30:08.000,JPY,Natl CPI YoY,JNCPIYOY Index,Oct,0.003,0.001,-0.002,,0.002,1.6652578959017923,95.6,JN_events_1997-2026_FINAL.xlsx,2007-11-29 23:30:08+00:00,2007-11-29 00:00:00+00:00,True,2007-11-29 23:30:08+00:00,True,1194,2007-11-30
2007-12-07 13:30:00.000,USD,Change in Nonfarm Payrolls,NFP TCH Index,Nov,94000.0,80000.0,166000.0,76000.0,14000.0,0.3502620362588616,99.3,US_events_merged_1997-2026.xlsx,2007-12-07 13:30:00+00:00,2007-12-07 00:00:00+00:00,True,2007-12-07 13:30:00+00:00,True,1199,2007-12-07
2007-12-11 19:15:00.000,USD,FOMC Rate Decision (Upper Bound),FDTR Index,2026-12-11 00:00:00,0.0425,0.0425,0.045,,0.0,0.1084652289093281,98.0,US_events_merged_1997-2026.xlsx,2007-12-11 19:15:00+00:00,2007-12-11 00:00:00+00:00,True,2007-12-11 19:15:00+00:00,True,1201,2007-12-11
2007-12-14 13:30:00.000,USD,CPI MoM,CPI CHNG Index,Nov,0.008,0.006,0.003,,0.002,1.740023441704616,97.4,US_events_merged_1997-2026.xlsx,2007-12-14 13:30:00+00:00,2007-12-14 00:00:00+00:00,True,2007-12-14 13:30:00+00:00,True,1204,2007-12-14
2007-12-14 13:30:02.000,USD,CPI YoY,CPI YOY Index,Nov,0.043,0.0409999999999999,0.035,,0.002,1.162674612925336,96.0,US_events_merged_1997-2026.xlsx,2007-12-14 13:30:02+00:00,2007-12-14 00:00:00+00:00,True,2007-12-14 13:30:02+00:00,True,1204,2007-12-14
2007-12-20 03:51:00.000,JPY,BOJ Target Rate,BOJDTR Index,2026-12-20 00:00:00,0.005,0.005,0.005,,0.0,0.0,98.9,JN_events_1997-2026_FINAL.xlsx,2007-12-20 03:51:00+00:00,2007-12-20 00:00:00+00:00,True,2007-12-20 03:51:00+00:00,True,1208,2007-12-20
2007-12-27 23:30:05.000,JPY,Tokyo CPI Ex-Fresh Food YoY,JNCPTXFF Index,Dec,0.003,0.003,0.001,,0.0,0.1866394453950426,91.1,JN_events_1997-2026_FINAL.xlsx,2007-12-27 23:30:05+00:00,2007-12-27 00:00:00+00:00,True,2007-12-27 23:30:05+00:00,True,1214,2007-12-28
2007-12-27 23:30:08.000,JPY,Natl CPI YoY,JNCPIYOY Index,Nov,0.006,0.005,0.003,,0.001,0.7604639681082533,95.6,JN_events_1997-2026_FINAL.xlsx,2007-12-27 23:30:08+00:00,2007-12-27 00:00:00+00:00,True,2007-12-27 23:30:08+00:00,True,1214,2007-12-28
2008-01-04 13:30:00.000,USD,Change in Nonfarm Payrolls,NFP TCH Index,Dec,18000.0,70000.0,94000.0,115000.0,-52000.0,-0.331473697813222,99.3,US_events_merged_1997-2026.xlsx,2008-01-04 13:30:00+00:00,2008-01-04 00:00:00+00:00,True,2008-01-04 13:30:00+00:00,True,1219,2008-01-04
2008-01-16 13:30:00.000,USD,CPI MoM,CPI CHNG Index,Dec,0.003,0.002,0.008,,0.001,0.8969177946056057,97.4,US_events_merged_1997-2026.xlsx,2008-01-16 13:30:00+00:00,2008-01-16 00:00:00+00:00,True,2008-01-16 13:30:00+00:00,True,1227,2008-01-16
2008-01-16 13:30:02.000,USD,CPI YoY,CPI YOY Index,Dec,0.0409999999999999,0.0409999999999999,0.043,,0.0,-0.1234985845537841,96.0,US_events_merged_1997-2026.xlsx,2008-01-16 13:30:02+00:00,2008-01-16 00:00:00+00:00,True,2008-01-16 13:30:02+00:00,True,1227,2008-01-16
2008-01-22 03:19:00.000,JPY,BOJ Target Rate,BOJDTR Index,2026-01-22 00:00:00,0.005,0.005,0.005,,0.0,0.0,98.9,JN_events_1997-2026_FINAL.xlsx,2008-01-22 03:19:00+00:00,2008-01-22 00:00:00+00:00,True,2008-01-22 03:19:00+00:00,True,1231,2008-01-22
2008-01-22 13:20:00.000,USD,FOMC Rate Decision (Upper Bound),FDTR Index,2026-01-22 00:00:00,0.035,,0.045,,,,98.0,US_events_merged_1997-2026.xlsx,2008-01-22 13:20:00+00:00,2008-01-22 00:00:00+00:00,True,2008-01-22 13:20:00+00:00,True,1231,2008-01-22
2008-01-24 23:30:01.000,JPY,Tokyo CPI Ex-Fresh Food YoY,JNCPTXFF Index,Jan,0.004,0.003,0.003,,0.001,1.1438128741672835,91.1,JN_events_1997-2026_FINAL.xlsx,2008-01-24 23:30:01+00:00,2008-01-24 00:00:00+00:00,True,2008-01-24 23:30:01+00:00,True,1234,2008-01-25
2008-01-24 23:30:08.000,JPY,Natl CPI YoY,JNCPIYOY Index,Dec,0.0069999999999999,0.0069999999999999,0.006,,0.0,-0.1131074741799285,95.6,JN_events_1997-2026_FINAL.xlsx,2008-01-24 23:30:08+00:00,2008-01-24 00:00:00+00:00,True,2008-01-24 23:30:08+00:00,True,1234,2008-01-25
2008-01-30 19:15:00.000,USD,FOMC Rate Decision (Upper Bound),FDTR Index,2026-01-30 00:00:00,0.03,0.03,0.035,,0.0,0.1078327732034385,98.0,US_events_merged_1997-2026.xlsx,2008-01-30 19:15:00+00:00,2008-01-30 00:00:00+00:00,True,2008-01-30 19:15:00+00:00,True,1237,2008-01-30
2008-02-01 13:30:00.000,USD,Change in Nonfarm Payrolls,NFP TCH Index,Jan,-17000.0,70000.0,18000.0,105000.0,-87000.0,-0.6920473108239559,99.3,US_events_merged_1997-2026.xlsx,2008-02-01 13:30:00+00:00,2008-02-01 00:00:00+00:00,True,2008-02-01 13:30:00+00:00,True,1239,2008-02-01
2008-02-15 03:51:00.000,JPY,BOJ Target Rate,BOJDTR Index,2026-02-15 00:00:00,0.005,0.005,0.005,,0.0,0.0,98.9,JN_events_1997-2026_FINAL.xlsx,2008-02-15 03:51:00+00:00,2008-02-15 00:00:00+00:00,True,2008-02-15 03:51:00+00:00,True,1249,2008-02-15
2008-02-20 13:30:00.000,USD,CPI MoM,CPI CHNG Index,Jan,0.004,0.003,0.003,0.003,0.001,0.8908996477524745,97.4,US_events_merged_1997-2026.xlsx,2008-02-20 13:30:00+00:00,2008-02-20 00:00:00+00:00,True,2008-02-20 13:30:00+00:00,True,1252,2008-02-20
2008-02-20 13:30:02.000,USD,CPI YoY,CPI YOY Index,Jan,0.043,0.042,0.0409999999999999,,0.0009999999999999,0.513704339207225,96.0,US_events_merged_1997-2026.xlsx,2008-02-20 13:30:02+00:00,2008-02-20 00:00:00+00:00,True,2008-02-20 13:30:02+00:00,True,1252,2008-02-20
2008-02-28 23:30:05.000,JPY,Tokyo CPI Ex-Fresh Food YoY,JNCPTXFF Index,Feb,0.004,0.005,0.004,,-0.001,-0.7864000110690745,91.1,JN_events_1997-2026_FINAL.xlsx,2008-02-28 23:30:05+00:00,2008-02-28 00:00:00+00:00,True,2008-02-28 23:30:05+00:00,True,1259,2008-02-29
2008-02-28 23:30:08.000,JPY,Natl CPI YoY,JNCPIYOY Index,Jan,0.0069999999999999,0.0069999999999999,0.0069999999999999,,0.0,-0.1123612865587038,95.6,JN_events_1997-2026_FINAL.xlsx,2008-02-28 23:30:08+00:00,2008-02-28 00:00:00+00:00,True,2008-02-28 23:30:08+00:00,True,1259,2008-02-29
2008-03-07 03:52:00.000,JPY,BOJ Target Rate,BOJDTR Index,2026-03-07 00:00:00,0.005,0.005,0.005,,0.0,0.0,98.9,JN_events_1997-2026_FINAL.xlsx,2008-03-07 03:52:00+00:00,2008-03-07 00:00:00+00:00,True,2008-03-07 03:52:00+00:00,True,1264,2008-03-07
2008-03-07 13:30:00.000,USD,Change in Nonfarm Payrolls,NFP TCH Index,Feb,-63000.0,20000.0,-17000.0,-4000.0,-83000.0,-0.6467329154058499,99.3,US_events_merged_1997-2026.xlsx,2008-03-07 13:30:00+00:00,2008-03-07 00:00:00+00:00,True,2008-03-07 13:30:00+00:00,True,1264,2008-03-07
2008-03-14 12:30:00.000,USD,CPI MoM,CPI CHNG Index,Feb,0.0,0.003,0.004,0.003,-0.003,-2.3882912581533087,97.4,US_events_merged_1997-2026.xlsx,2008-03-14 12:30:00+00:00,2008-03-14 00:00:00+00:00,True,2008-03-14 12:30:00+00:00,True,1269,2008-03-14
2008-03-14 12:30:02.000,USD,CPI YoY,CPI YOY Index,Feb,0.04,0.043,0.043,,-0.0029999999999999,-2.0547420777617007,96.0,US_events_merged_1997-2026.xlsx,2008-03-14 12:30:02+00:00,2008-03-14 00:00:00+00:00,True,2008-03-14 12:30:02+00:00,True,1269,2008-03-14
2008-03-18 18:15:00.000,USD,FOMC Rate Decision (Upper Bound),FDTR Index,2026-03-18 00:00:00,0.0225,0.0225,0.03,,0.0,0.1072112534837795,98.0,US_events_merged_1997-2026.xlsx,2008-03-18 18:15:00+00:00,2008-03-18 00:00:00+00:00,True,2008-03-18 18:15:00+00:00,True,1271,2008-03-18
2008-03-27 23:30:05.000,JPY,Tokyo CPI Ex-Fresh Food YoY,JNCPTXFF Index,Mar,0.006,0.005,0.004,,0.001,1.1397691080097605,91.1,JN_events_1997-2026_FINAL.xlsx,2008-03-27 23:30:05+00:00,2008-03-27 00:00:00+00:00,True,2008-03-27 23:30:05+00:00,True,1279,2008-03-28
2008-03-27 23:30:08.000,JPY,Natl CPI YoY,JNCPIYOY Index,Feb,0.01,0.009,0.0069999999999999,,0.0009999999999999,0.7654606267398607,95.6,JN_events_1997-2026_FINAL.xlsx,2008-03-27 23:30:08+00:00,2008-03-27 00:00:00+00:00,True,2008-03-27 23:30:08+00:00,True,1279,2008-03-28
2008-04-04 13:30:00.000,USD,Change in Nonfarm Payrolls,NFP TCH Index,Mar,-80000.0,-50000.0,-63000.0,-62000.0,-30000.0,-0.0928478009170889,99.3,US_events_merged_1997-2026.xlsx,2008-04-04 13:30:00+00:00,2008-04-04 00:00:00+00:00,True,2008-04-04 13:30:00+00:00,True,1284,2008-04-04
2008-04-09 04:24:00.000,JPY,BOJ Target Rate,BOJDTR Index,2026-04-09 00:00:00,0.005,0.005,0.005,,0.0,0.0,98.9,JN_events_1997-2026_FINAL.xlsx,2008-04-09 04:24:00+00:00,2008-04-09 00:00:00+00:00,True,2008-04-09 04:24:00+00:00,True,1287,2008-04-09
2008-04-16 13:30:00.000,USD,CPI MoM,CPI CHNG Index,Mar,0.003,0.003,0.0,0.002,0.0,0.0828212397931433,97.4,US_events_merged_1997-2026.xlsx,2008-04-16 13:30:00+00:00,2008-04-16 00:00:00+00:00,True,2008-04-16 13:30:00+00:00,True,1292,2008-04-16
2008-04-16 13:30:02.000,USD,CPI YoY,CPI YOY Index,Mar,0.04,0.04,0.04,,0.0,-0.0922077868893029,96.0,US_events_merged_1997-2026.xlsx,2008-04-16 13:30:02+00:00,2008-04-16 00:00:00+00:00,True,2008-04-16 13:30:02+00:00,True,1292,2008-04-16
2008-04-25 00:30:05.000,JPY,Tokyo CPI Ex-Fresh Food YoY,JNCPTXFF Index,Apr,0.0069999999999999,0.005,0.006,,0.0019999999999999,2.080604591656284,91.1,JN_events_1997-2026_FINAL.xlsx,2008-04-25 00:30:05+00:00,2008-04-25 00:00:00+00:00,True,2008-04-25 00:30:05+00:00,True,1299,2008-04-25
2008-04-25 00:30:07.000,JPY,Natl CPI YoY,JNCPIYOY Index,Mar,0.012,0.012,0.01,,0.0,-0.1217771003825637,95.6,JN_events_1997-2026_FINAL.xlsx,2008-04-25 00:30:07+00:00,2008-04-25 00:00:00+00:00,True,2008-04-25 00:30:07+00:00,True,1299,2008-04-25
2008-04-30 05:28:00.000,JPY,BOJ Target Rate,BOJDTR Index,2026-04-30 00:00:00,0.005,0.005,0.005,,0.0,0.0,98.9,JN_events_1997-2026_FINAL.xlsx,2008-04-30 05:28:00+00:00,2008-04-30 00:00:00+00:00,True,2008-04-30 05:28:00+00:00,True,1302,2008-04-30
2008-04-30 19:15:00.000,USD,FOMC Rate Decision (Upper Bound),FDTR Index,2026-04-30 00:00:00,0.02,0.02,0.0225,,0.0,0.1066003581778053,98.0,US_events_merged_1997-2026.xlsx,2008-04-30 19:15:00+00:00,2008-04-30 00:00:00+00:00,True,2008-04-30 19:15:00+00:00,True,1302,2008-04-30
2008-05-02 13:30:00.000,USD,Change in Nonfarm Payrolls,NFP TCH Index,Apr,-20000.0,-75000.0,-80000.0,-70000.0,55000.0,0.793604528209627,99.3,US_events_merged_1997-2026.xlsx,2008-05-02 13:30:00+00:00,2008-05-02 00:00:00+00:00,True,2008-05-02 13:30:00+00:00,True,1304,2008-05-02
2008-05-14 13:30:00.000,USD,CPI MoM,CPI CHNG Index,Apr,0.002,0.003,0.003,0.004,-0.001,-0.7249845672641932,97.4,US_events_merged_1997-2026.xlsx,2008-05-14 13:30:00+00:00,2008-05-14 00:00:00+00:00,True,2008-05-14 13:30:00+00:00,True,1312,2008-05-14
2008-05-14 13:30:02.000,USD,CPI YoY,CPI YOY Index,Apr,0.039,0.04,0.04,,-0.001,-0.7195715392217656,96.0,US_events_merged_1997-2026.xlsx,2008-05-14 13:30:02+00:00,2008-05-14 00:00:00+00:00,True,2008-05-14 13:30:02+00:00,True,1312,2008-05-14
2008-05-20 04:04:00.000,JPY,BOJ Target Rate,BOJDTR Index,2026-05-20 00:00:00,0.005,0.005,0.005,,0.0,0.0,98.9,JN_events_1997-2026_FINAL.xlsx,2008-05-20 04:04:00+00:00,2008-05-20 00:00:00+00:00,True,2008-05-20 04:04:00+00:00,True,1316,2008-05-20
2008-05-30 00:30:05.000,JPY,Tokyo CPI Ex-Fresh Food YoY,JNCPTXFF Index,May,0.009,0.009,0.0069999999999999,,0.0,0.1371899636014372,91.1,JN_events_1997-2026_FINAL.xlsx,2008-05-30 00:30:05+00:00,2008-05-30 00:00:00+00:00,True,2008-05-30 00:30:05+00:00,True,1324,2008-05-30
2008-05-30 00:30:07.000,JPY,Natl CPI YoY,JNCPIYOY Index,Apr,0.008,0.01,0.012,,-0.002,-1.8912218558525515,95.6,JN_events_1997-2026_FINAL.xlsx,2008-05-30 00:30:07+00:00,2008-05-30 00:00:00+00:00,True,2008-05-30 00:30:07+00:00,True,1324,2008-05-30
2008-06-06 13:30:00.000,USD,Change in Nonfarm Payrolls,NFP TCH Index,May,-49000.0,-60000.0,-20000.0,-219000.0,11000.0,0.3294976044918443,99.3,US_events_merged_1997-2026.xlsx,2008-06-06 13:30:00+00:00,2008-06-06 00:00:00+00:00,True,2008-06-06 13:30:00+00:00,True,1329,2008-06-06
2008-06-13 04:23:00.000,JPY,BOJ Target Rate,BOJDTR Index,2026-06-13 00:00:00,0.005,0.005,0.005,,0.0,0.0,98.9,JN_events_1997-2026_FINAL.xlsx,2008-06-13 04:23:00+00:00,2008-06-13 00:00:00+00:00,True,2008-06-13 04:23:00+00:00,True,1334,2008-06-13
2008-06-13 13:30:00.000,USD,CPI MoM,CPI CHNG Index,May,0.006,0.005,0.002,0.002,0.001,0.8968418222007127,97.4,US_events_merged_1997-2026.xlsx,2008-06-13 13:30:00+00:00,2008-06-13 00:00:00+00:00,True,2008-06-13 13:30:00+00:00,True,1334,2008-06-13
2008-06-13 13:30:02.000,USD,CPI YoY,CPI YOY Index,May,0.042,0.039,0.039,,0.003,1.8141911676447395,96.0,US_events_merged_1997-2026.xlsx,2008-06-13 13:30:02+00:00,2008-06-13 00:00:00+00:00,True,2008-06-13 13:30:02+00:00,True,1334,2008-06-13
2008-06-25 19:15:00.000,USD,FOMC Rate Decision (Upper Bound),FDTR Index,2026-06-25 00:00:00,0.02,0.02,0.02,,0.0,0.1059997880006361,98.0,US_events_merged_1997-2026.xlsx,2008-06-25 19:15:00+00:00,2008-06-25 00:00:00+00:00,True,2008-06-25 19:15:00+00:00,True,1342,2008-06-25
2008-06-27 00:30:05.000,JPY,Tokyo CPI Ex-Fresh Food YoY,JNCPTXFF Index,Jun,0.013,0.011,0.009,,0.002,2.02405180865157,91.1,JN_events_1997-2026_FINAL.xlsx,2008-06-27 00:30:05+00:00,2008-06-27 00:00:00+00:00,True,2008-06-27 00:30:05+00:00,True,1344,2008-06-27
2008-06-27 00:30:07.000,JPY,Natl CPI YoY,JNCPIYOY Index,May,0.013,0.013,0.008,,0.0,-0.0958383394914227,95.6,JN_events_1997-2026_FINAL.xlsx,2008-06-27 00:30:07+00:00,2008-06-27 00:00:00+00:00,True,2008-06-27 00:30:07+00:00,True,1344,2008-06-27
2008-07-03 13:30:00.000,USD,Change in Nonfarm Payrolls,NFP TCH Index,Jun,-62000.0,-60000.0,-49000.0,-189000.0,-2000.0,0.1919984749678646,99.3,US_events_merged_1997-2026.xlsx,2008-07-03 13:30:00+00:00,2008-07-03 00:00:00+00:00,True,2008-07-03 13:30:00+00:00,True,1348,2008-07-03
2008-07-15 05:35:00.000,JPY,BOJ Target Rate,BOJDTR Index,2026-07-15 00:00:00,0.005,0.005,0.005,,0.0,0.0,98.9,JN_events_1997-2026_FINAL.xlsx,2008-07-15 05:35:00+00:00,2008-07-15 00:00:00+00:00,True,2008-07-15 05:35:00+00:00,True,1356,2008-07-15
2008-07-16 13:30:00.000,USD,CPI MoM,CPI CHNG Index,Jun,0.011,0.0069999999999999,0.006,,0.004,3.319562122750776,97.4,US_events_merged_1997-2026.xlsx,2008-07-16 13:30:00+00:00,2008-07-16 00:00:00+00:00,True,2008-07-16 13:30:00+00:00,True,1357,2008-07-16
2008-07-16 13:30:02.000,USD,CPI YoY,CPI YOY Index,Jun,0.05,0.045,0.042,,0.005,2.9854542926893752,96.0,US_events_merged_1997-2026.xlsx,2008-07-16 13:30:02+00:00,2008-07-16 00:00:00+00:00,True,2008-07-16 13:30:02+00:00,True,1357,2008-07-16
2008-07-25 00:30:05.000,JPY,Tokyo CPI Ex-Fresh Food YoY,JNCPTXFF Index,Jul,0.016,0.016,0.013,,0.0,0.1096090871142352,91.1,JN_events_1997-2026_FINAL.xlsx,2008-07-25 00:30:05+00:00,2008-07-25 00:00:00+00:00,True,2008-07-25 00:30:05+00:00,True,1364,2008-07-25
2008-07-25 00:30:07.000,JPY,Natl CPI YoY,JNCPIYOY Index,Jun,0.02,0.019,0.013,,0.001,0.7814573642335075,95.6,JN_events_1997-2026_FINAL.xlsx,2008-07-25 00:30:07+00:00,2008-07-25 00:00:00+00:00,True,2008-07-25 00:30:07+00:00,True,1364,2008-07-25
2008-08-01 13:30:00.000,USD,Change in Nonfarm Payrolls,NFP TCH Index,Jul,-51000.0,-75000.0,-62000.0,-151000.0,24000.0,0.4645705818016935,99.3,US_events_merged_1997-2026.xlsx,2008-08-01 13:30:00+00:00,2008-08-01 00:00:00+00:00,True,2008-08-01 13:30:00+00:00,True,1369,2008-08-01
2008-08-05 19:15:00.000,USD,FOMC Rate Decision (Upper Bound),FDTR Index,2026-08-05 00:00:00,0.02,0.02,0.02,,0.0,0.1054092553389461,98.0,US_events_merged_1997-2026.xlsx,2008-08-05 19:15:00+00:00,2008-08-05 00:00:00+00:00,True,2008-08-05 19:15:00+00:00,True,1371,2008-08-05
2008-08-14 13:30:00.000,USD,CPI MoM,CPI CHNG Index,Jul,0.008,0.004,0.011,0.01,0.004,3.183964011964848,97.4,US_events_merged_1997-2026.xlsx,2008-08-14 13:30:00+00:00,2008-08-14 00:00:00+00:00,True,2008-08-14 13:30:00+00:00,True,1378,2008-08-14
2008-08-14 13:30:02.000,USD,CPI YoY,CPI YOY Index,Jul,0.0559999999999999,0.051,0.05,,0.0049999999999999,2.75260413293616,96.0,US_events_merged_1997-2026.xlsx,2008-08-14 13:30:02+00:00,2008-08-14 00:00:00+00:00,True,2008-08-14 13:30:02+00:00,True,1378,2008-08-14
2008-08-19 04:30:00.000,JPY,BOJ Target Rate,BOJDTR Index,2026-08-19 00:00:00,0.005,0.005,0.005,,0.0,0.0,98.9,JN_events_1997-2026_FINAL.xlsx,2008-08-19 04:30:00+00:00,2008-08-19 00:00:00+00:00,True,2008-08-19 04:30:00+00:00,True,1381,2008-08-19
2008-08-29 00:30:05.000,JPY,Tokyo CPI Ex-Fresh Food YoY,JNCPTXFF Index,Aug,0.015,0.017,0.016,,-0.002,-1.7555053757411798,91.1,JN_events_1997-2026_FINAL.xlsx,2008-08-29 00:30:05+00:00,2008-08-29 00:00:00+00:00,True,2008-08-29 00:30:05+00:00,True,1389,2008-08-29
2008-08-29 00:30:07.000,JPY,Natl CPI YoY,JNCPIYOY Index,Jul,0.023,0.022,0.02,,0.001,0.7738249811409422,95.6,JN_events_1997-2026_FINAL.xlsx,2008-08-29 00:30:07+00:00,2008-08-29 00:00:00+00:00,True,2008-08-29 00:30:07+00:00,True,1389,2008-08-29
2008-09-05 13:30:00.000,USD,Change in Nonfarm Payrolls,NFP TCH Index,Aug,-84000.0,-75000.0,-51000.0,-203000.0,-9000.0,0.1146591515424374,99.3,US_events_merged_1997-2026.xlsx,2008-09-05 13:30:00+00:00,2008-09-05 00:00:00+00:00,True,2008-09-05 13:30:00+00:00,True,1394,2008-09-05
2008-09-16 13:30:00.000,USD,CPI MoM,CPI CHNG Index,Aug,-0.001,-0.001,0.008,0.0069999999999999,0.0,0.0322499155744386,97.4,US_events_merged_1997-2026.xlsx,2008-09-16 13:30:00+00:00,2008-09-16 00:00:00+00:00,True,2008-09-16 13:30:00+00:00,True,1401,2008-09-16
2008-09-16 13:30:02.000,USD,CPI YoY,CPI YOY Index,Aug,0.054,0.0559999999999999,0.0559999999999999,,-0.0019999999999999,-1.288172518088032,96.0,US_events_merged_1997-2026.xlsx,2008-09-16 13:30:02+00:00,2008-09-16 00:00:00+00:00,True,2008-09-16 13:30:02+00:00,True,1401,2008-09-16
2008-09-16 19:15:00.000,USD,FOMC Rate Decision (Upper Bound),FDTR Index,2026-09-16 00:00:00,0.02,0.02,0.02,,0.0,0.1048284836721919,98.0,US_events_merged_1997-2026.xlsx,2008-09-16 19:15:00+00:00,2008-09-16 00:00:00+00:00,True,2008-09-16 19:15:00+00:00,True,1401,2008-09-16
2008-09-18 04:47:00.000,JPY,BOJ Target Rate,BOJDTR Index,2026-09-17 00:00:00,0.005,0.005,0.005,,0.0,0.0,98.9,JN_events_1997-2026_FINAL.xlsx,2008-09-18 04:47:00+00:00,2008-09-18 00:00:00+00:00,True,2008-09-18 04:47:00+00:00,True,1403,2008-09-18
2008-09-26 00:30:05.000,JPY,Tokyo CPI Ex-Fresh Food YoY,JNCPTXFF Index,Sep,0.017,0.014,0.015,,0.003,2.8911224875825345,91.1,JN_events_1997-2026_FINAL.xlsx,2008-09-26 00:30:05+00:00,2008-09-26 00:00:00+00:00,True,2008-09-26 00:30:05+00:00,True,1409,2008-09-26
2008-09-26 00:30:07.000,JPY,Natl CPI YoY,JNCPIYOY Index,Aug,0.021,0.021,0.023,,0.0,-0.1146434614053473,95.6,JN_events_1997-2026_FINAL.xlsx,2008-09-26 00:30:07+00:00,2008-09-26 00:00:00+00:00,True,2008-09-26 00:30:07+00:00,True,1409,2008-09-26
2008-10-03 13:30:00.000,USD,Change in Nonfarm Payrolls,NFP TCH Index,Sep,-159000.0,-105000.0,-84000.0,-286000.0,-54000.0,-0.3618345786686087,99.3,US_events_merged_1997-2026.xlsx,2008-10-03 13:30:00+00:00,2008-10-03 00:00:00+00:00,True,2008-10-03 13:30:00+00:00,True,1414,2008-10-03
2008-10-07 04:58:00.000,JPY,BOJ Target Rate,BOJDTR Index,2026-10-07 00:00:00,0.005,0.005,0.005,,0.0,0.0,98.9,JN_events_1997-2026_FINAL.xlsx,2008-10-07 04:58:00+00:00,2008-10-07 00:00:00+00:00,True,2008-10-07 04:58:00+00:00,True,1416,2008-10-07
2008-10-08 12:00:00.000,USD,FOMC Rate Decision (Upper Bound),FDTR Index,2026-10-08 00:00:00,0.015,,0.02,,,,98.0,US_events_merged_1997-2026.xlsx,2008-10-08 12:00:00+00:00,2008-10-08 00:00:00+00:00,True,2008-10-08 12:00:00+00:00,True,1417,2008-10-08
2008-10-14 13:38:00.000,JPY,BOJ Target Rate,BOJDTR Index,2026-10-14 00:00:00,0.005,,0.005,,,,98.9,JN_events_1997-2026_FINAL.xlsx,2008-10-14 13:38:00+00:00,2008-10-14 00:00:00+00:00,True,2008-10-14 13:38:00+00:00,True,1421,2008-10-14
2008-10-16 13:30:00.000,USD,CPI MoM,CPI CHNG Index,Sep,0.0,0.001,-0.001,-0.001,-0.001,-0.728435235300986,97.4,US_events_merged_1997-2026.xlsx,2008-10-16 13:30:00+00:00,2008-10-16 00:00:00+00:00,True,2008-10-16 13:30:00+00:00,True,1423,2008-10-16
2008-10-16 13:30:02.000,USD,CPI YoY,CPI YOY Index,Sep,0.049,0.05,0.054,,-0.001,-0.7121600400792346,96.0,US_events_merged_1997-2026.xlsx,2008-10-16 13:30:02+00:00,2008-10-16 00:00:00+00:00,True,2008-10-16 13:30:02+00:00,True,1423,2008-10-16
2008-10-29 18:17:00.000,USD,FOMC Rate Decision (Upper Bound),FDTR Index,2026-10-29 00:00:00,0.01,0.01,0.015,,0.0,0.1042572070285375,98.0,US_events_merged_1997-2026.xlsx,2008-10-29 18:17:00+00:00,2008-10-29 00:00:00+00:00,True,2008-10-29 18:17:00+00:00,True,1432,2008-10-29
2008-10-30 23:30:05.000,JPY,Tokyo CPI Ex-Fresh Food YoY,JNCPTXFF Index,Oct,0.015,0.015,0.017,,0.0,0.0904346337257685,91.1,JN_events_1997-2026_FINAL.xlsx,2008-10-30 23:30:05+00:00,2008-10-30 00:00:00+00:00,True,2008-10-30 23:30:05+00:00,True,1434,2008-10-31
2008-10-30 23:30:07.000,JPY,Natl CPI YoY,JNCPIYOY Index,Sep,0.021,0.021,0.021,,0.0,-0.1139582650501746,95.6,JN_events_1997-2026_FINAL.xlsx,2008-10-30 23:30:07+00:00,2008-10-30 00:00:00+00:00,True,2008-10-30 23:30:07+00:00,True,1434,2008-10-31
2008-10-31 04:58:00.000,JPY,BOJ Target Rate,BOJDTR Index,2026-10-31 00:00:00,0.003,0.0025,0.005,,0.0005,0.7745966692414834,98.9,JN_events_1997-2026_FINAL.xlsx,2008-10-31 04:58:00+00:00,2008-10-31 00:00:00+00:00,True,2008-10-31 04:58:00+00:00,True,1434,2008-10-31
2008-11-07 13:30:00.000,USD,Change in Nonfarm Payrolls,NFP TCH Index,Oct,-240000.0,-200000.0,-159000.0,-451000.0,-40000.0,-0.2118007375603036,99.3,US_events_merged_1997-2026.xlsx,2008-11-07 13:30:00+00:00,2008-11-07 00:00:00+00:00,True,2008-11-07 13:30:00+00:00,True,1439,2008-11-07
2008-11-19 13:30:00.000,USD,CPI MoM,CPI CHNG Index,Oct,-0.01,-0.008,0.0,0.001,-0.002,-1.486391492152421,97.4,US_events_merged_1997-2026.xlsx,2008-11-19 13:30:00+00:00,2008-11-19 00:00:00+00:00,True,2008-11-19 13:30:00+00:00,True,1447,2008-11-19
2008-11-19 13:30:03.000,USD,CPI YoY,CPI YOY Index,Oct,0.037,0.04,0.049,,-0.0029999999999999,-1.8036643492511364,96.0,US_events_merged_1997-2026.xlsx,2008-11-19 13:30:03+00:00,2008-11-19 00:00:00+00:00,True,2008-11-19 13:30:03+00:00,True,1447,2008-11-19
2008-11-21 03:37:00.000,JPY,BOJ Target Rate,BOJDTR Index,2026-11-21 00:00:00,0.003,0.003,0.003,,0.0,-0.024371310187796,98.9,JN_events_1997-2026_FINAL.xlsx,2008-11-21 03:37:00+00:00,2008-11-21 00:00:00+00:00,True,2008-11-21 03:37:00+00:00,True,1449,2008-11-21
2008-11-27 23:30:05.000,JPY,Tokyo CPI Ex-Fresh Food YoY,JNCPTXFF Index,Nov,0.011,0.013,0.015,,-0.002,-1.687606211854737,91.1,JN_events_1997-2026_FINAL.xlsx,2008-11-27 23:30:05+00:00,2008-11-27 00:00:00+00:00,True,2008-11-27 23:30:05+00:00,True,1454,2008-11-28
2008-11-27 23:30:07.000,JPY,Natl CPI YoY,JNCPIYOY Index,Oct,0.017,0.017,0.021,,0.0,-0.1132852096122773,95.6,JN_events_1997-2026_FINAL.xlsx,2008-11-27 23:30:07+00:00,2008-11-27 00:00:00+00:00,True,2008-11-27 23:30:07+00:00,True,1454,2008-11-28
2008-12-01 05:39:00.000,JPY,BOJ Target Rate,BOJDTR Index,2026-12-02 00:00:00,0.003,,0.003,,,,98.9,JN_events_1997-2026_FINAL.xlsx,2008-12-01 05:39:00+00:00,2008-12-01 00:00:00+00:00,True,2008-12-01 05:39:00+00:00,True,1455,2008-12-01
2008-12-05 13:30:00.000,USD,Change in Nonfarm Payrolls,NFP TCH Index,Nov,-533000.0,-335000.0,-240000.0,-469000.0,-198000.0,-1.893590274225587,99.3,US_events_merged_1997-2026.xlsx,2008-12-05 13:30:00+00:00,2008-12-05 00:00:00+00:00,True,2008-12-05 13:30:00+00:00,True,1459,2008-12-05
2008-12-16 13:30:01.000,USD,CPI MoM,CPI CHNG Index,Nov,-0.017,-0.013,-0.01,-0.009,-0.004,-2.9873080580954934,97.4,US_events_merged_1997-2026.xlsx,2008-12-16 13:30:01+00:00,2008-12-16 00:00:00+00:00,True,2008-12-16 13:30:01+00:00,True,1466,2008-12-16
2008-12-16 13:30:03.000,USD,CPI YoY,CPI YOY Index,Nov,0.011,0.015,0.037,,-0.004,-2.283857583355441,96.0,US_events_merged_1997-2026.xlsx,2008-12-16 13:30:03+00:00,2008-12-16 00:00:00+00:00,True,2008-12-16 13:30:03+00:00,True,1466,2008-12-16
2008-12-16 19:15:00.000,USD,FOMC Rate Decision (Upper Bound),FDTR Index,2026-12-16 00:00:00,0.0025,0.005,0.01,,-0.0025,-4.718130211023439,98.0,US_events_merged_1997-2026.xlsx,2008-12-16 19:15:00+00:00,2008-12-16 00:00:00+00:00,True,2008-12-16 19:15:00+00:00,True,1466,2008-12-16
2008-12-19 05:07:00.000,JPY,BOJ Target Rate,BOJDTR Index,2026-12-19 00:00:00,0.001,0.003,0.003,,-0.002,-3.1934245851183194,98.9,JN_events_1997-2026_FINAL.xlsx,2008-12-19 05:07:00+00:00,2008-12-19 00:00:00+00:00,True,2008-12-19 05:07:00+00:00,True,1469,2008-12-19
2008-12-25 23:30:05.000,JPY,Tokyo CPI Ex-Fresh Food YoY,JNCPTXFF Index,Dec,0.008,0.008,0.011,,0.0,0.1081713101766101,91.1,JN_events_1997-2026_FINAL.xlsx,2008-12-25 23:30:05+00:00,2008-12-25 00:00:00+00:00,True,2008-12-25 23:30:05+00:00,True,1474,2008-12-26
2008-12-25 23:30:07.000,JPY,Natl CPI YoY,JNCPIYOY Index,Nov,0.01,0.011,0.017,,-0.0009999999999999,-1.009444209507555,95.6,JN_events_1997-2026_FINAL.xlsx,2008-12-25 23:30:07+00:00,2008-12-25 00:00:00+00:00,True,2008-12-25 23:30:07+00:00,True,1474,2008-12-26
2009-01-09 13:30:00.000,USD,Change in Nonfarm Payrolls,NFP TCH Index,Dec,-524000.0,-525000.0,-533000.0,-750000.0,1000.0,0.2367913053992963,99.3,US_events_merged_1997-2026.xlsx,2009-01-09 13:30:00+00:00,2009-01-09 00:00:00+00:00,True,2009-01-09 13:30:00+00:00,True,1484,2009-01-09
2009-01-16 13:30:00.000,USD,CPI MoM,CPI CHNG Index,Dec,-0.0069999999999999,-0.009,-0.017,-0.018,0.002,1.5437966495013091,97.4,US_events_merged_1997-2026.xlsx,2009-01-16 13:30:00+00:00,2009-01-16 00:00:00+00:00,True,2009-01-16 13:30:00+00:00,True,1489,2009-01-16
2009-01-16 13:30:02.000,USD,CPI YoY,CPI YOY Index,Dec,0.001,-0.002,0.011,,0.003,1.486818430420253,96.0,US_events_merged_1997-2026.xlsx,2009-01-16 13:30:02+00:00,2009-01-16 00:00:00+00:00,True,2009-01-16 13:30:02+00:00,True,1489,2009-01-16
2009-01-22 04:43:00.000,JPY,BOJ Target Rate,BOJDTR Index,2026-01-22 00:00:00,0.001,0.001,0.001,,0.0,0.0620471043203319,98.9,JN_events_1997-2026_FINAL.xlsx,2009-01-22 04:43:00+00:00,2009-01-22 00:00:00+00:00,True,2009-01-22 04:43:00+00:00,True,1493,2009-01-22
2009-01-28 19:15:00.000,USD,FOMC Rate Decision (Upper Bound),FDTR Index,2026-01-28 00:00:00,0.0025,0.0025,0.0025,,0.0,0.1389787302438504,98.0,US_events_merged_1997-2026.xlsx,2009-01-28 19:15:00+00:00,2009-01-28 00:00:00+00:00,True,2009-01-28 19:15:00+00:00,True,1497,2009-01-28
2009-01-29 23:30:05.000,JPY,Tokyo CPI Ex-Fresh Food YoY,JNCPTXFF Index,Jan,0.005,0.006,0.008,,-0.001,-0.77700816105098,91.1,JN_events_1997-2026_FINAL.xlsx,2009-01-29 23:30:05+00:00,2009-01-29 00:00:00+00:00,True,2009-01-29 23:30:05+00:00,True,1499,2009-01-30
2009-01-29 23:30:07.000,JPY,Natl CPI YoY,JNCPIYOY Index,Dec,0.004,0.004,0.01,,0.0,-0.1010168668938573,95.6,JN_events_1997-2026_FINAL.xlsx,2009-01-29 23:30:07+00:00,2009-01-29 00:00:00+00:00,True,2009-01-29 23:30:07+00:00,True,1499,2009-01-30
2009-02-06 13:30:00.000,USD,Change in Nonfarm Payrolls,NFP TCH Index,Jan,-598000.0,-540000.0,-524000.0,-694000.0,-58000.0,-0.388833067282671,99.3,US_events_merged_1997-2026.xlsx,2009-02-06 13:30:00+00:00,2009-02-06 00:00:00+00:00,True,2009-02-06 13:30:00+00:00,True,1504,2009-02-06
2009-02-19 04:54:00.000,JPY,BOJ Target Rate,BOJDTR Index,2026-02-19 00:00:00,0.001,0.001,0.001,,0.0,0.0611772952012501,98.9,JN_events_1997-2026_FINAL.xlsx,2009-02-19 04:54:00+00:00,2009-02-19 00:00:00+00:00,True,2009-02-19 04:54:00+00:00,True,1513,2009-02-19
2009-02-20 13:30:00.000,USD,CPI MoM,CPI CHNG Index,Jan,0.003,0.003,-0.0069999999999999,-0.008,0.0,0.0554010168744249,97.4,US_events_merged_1997-2026.xlsx,2009-02-20 13:30:00+00:00,2009-02-20 00:00:00+00:00,True,2009-02-20 13:30:00+00:00,True,1514,2009-02-20
2009-02-20 13:30:02.000,USD,CPI YoY,CPI YOY Index,Jan,0.0,-0.001,0.001,,0.001,0.413160991786102,96.0,US_events_merged_1997-2026.xlsx,2009-02-20 13:30:02+00:00,2009-02-20 00:00:00+00:00,True,2009-02-20 13:30:02+00:00,True,1514,2009-02-20
2009-02-26 23:30:05.000,JPY,Tokyo CPI Ex-Fresh Food YoY,JNCPTXFF Index,Feb,0.006,0.003,0.005,,0.003,2.776339322347013,91.1,JN_events_1997-2026_FINAL.xlsx,2009-02-26 23:30:05+00:00,2009-02-26 00:00:00+00:00,True,2009-02-26 23:30:05+00:00,True,1519,2009-02-27
2009-02-26 23:30:07.000,JPY,Natl CPI YoY,JNCPIYOY Index,Jan,0.0,0.0,0.004,,0.0,-0.1004420120951368,95.6,JN_events_1997-2026_FINAL.xlsx,2009-02-26 23:30:07+00:00,2009-02-26 00:00:00+00:00,True,2009-02-26 23:30:07+00:00,True,1519,2009-02-27
2009-03-06 13:30:00.000,USD,Change in Nonfarm Payrolls,NFP TCH Index,Feb,-651000.0,-650000.0,-598000.0,-768000.0,-1000.0,0.2180923408167452,99.3,US_events_merged_1997-2026.xlsx,2009-03-06 13:30:00+00:00,2009-03-06 00:00:00+00:00,True,2009-03-06 13:30:00+00:00,True,1524,2009-03-06
2009-03-18 03:28:00.000,JPY,BOJ Target Rate,BOJDTR Index,2026-03-18 00:00:00,0.001,0.001,0.001,,0.0,0.060343033824704,98.9,JN_events_1997-2026_FINAL.xlsx,2009-03-18 03:28:00+00:00,2009-03-18 00:00:00+00:00,True,2009-03-18 03:28:00+00:00,True,1532,2009-03-18
2009-03-18 12:30:01.000,USD,CPI MoM,CPI CHNG Index,Feb,0.004,0.003,0.003,,0.001,0.7930590412822185,97.4,US_events_merged_1997-2026.xlsx,2009-03-18 12:30:01+00:00,2009-03-18 00:00:00+00:00,True,2009-03-18 12:30:01+00:00,True,1532,2009-03-18
2009-03-18 12:30:03.000,USD,CPI YoY,CPI YOY Index,Feb,0.002,0.0,0.0,,0.002,0.9313542587168988,96.0,US_events_merged_1997-2026.xlsx,2009-03-18 12:30:03+00:00,2009-03-18 00:00:00+00:00,True,2009-03-18 12:30:03+00:00,True,1532,2009-03-18
2009-03-18 18:15:00.000,USD,FOMC Rate Decision (Upper Bound),FDTR Index,2026-03-18 00:00:00,0.0025,0.0025,0.0025,,0.0,0.1382389481173745,98.0,US_events_merged_1997-2026.xlsx,2009-03-18 18:15:00+00:00,2009-03-18 00:00:00+00:00,True,2009-03-18 18:15:00+00:00,True,1532,2009-03-18
2009-03-26 23:30:01.000,JPY,Tokyo CPI Ex-Fresh Food YoY,JNCPTXFF Index,Mar,0.004,0.004,0.006,,0.0,0.0826832378055082,91.1,JN_events_1997-2026_FINAL.xlsx,2009-03-26 23:30:01+00:00,2009-03-26 00:00:00+00:00,True,2009-03-26 23:30:01+00:00,True,1539,2009-03-27
2009-03-26 23:30:03.000,JPY,Natl CPI YoY,JNCPIYOY Index,Feb,-0.001,-0.001,0.0,,0.0,-0.0998768606658258,95.6,JN_events_1997-2026_FINAL.xlsx,2009-03-26 23:30:03+00:00,2009-03-26 00:00:00+00:00,True,2009-03-26 23:30:03+00:00,True,1539,2009-03-27
2009-04-03 13:30:00.000,USD,Change in Nonfarm Payrolls,NFP TCH Index,Mar,-663000.0,-660000.0,-651000.0,-761000.0,-3000.0,0.195996404871519,99.3,US_events_merged_1997-2026.xlsx,2009-04-03 13:30:00+00:00,2009-04-03 00:00:00+00:00,True,2009-04-03 13:30:00+00:00,True,1544,2009-04-03
2009-04-07 04:22:00.000,JPY,BOJ Target Rate,BOJDTR Index,2026-04-07 00:00:00,0.001,0.001,0.001,,0.0,0.0595419654572202,98.9,JN_events_1997-2026_FINAL.xlsx,2009-04-07 04:22:00+00:00,2009-04-07 00:00:00+00:00,True,2009-04-07 04:22:00+00:00,True,1546,2009-04-07
2009-04-15 13:30:00.000,USD,CPI MoM,CPI CHNG Index,Mar,-0.001,0.001,0.004,0.004,-0.002,-1.4276613278866626,97.4,US_events_merged_1997-2026.xlsx,2009-04-15 13:30:00+00:00,2009-04-15 00:00:00+00:00,True,2009-04-15 13:30:00+00:00,True,1552,2009-04-15
2009-04-15 13:30:02.000,USD,CPI YoY,CPI YOY Index,Mar,-0.004,-0.001,0.002,,-0.003,-1.6940548735930274,96.0,US_events_merged_1997-2026.xlsx,2009-04-15 13:30:02+00:00,2009-04-15 00:00:00+00:00,True,2009-04-15 13:30:02+00:00,True,1552,2009-04-15
2009-04-29 19:15:00.000,USD,FOMC Rate Decision (Upper Bound),FDTR Index,2026-04-29 00:00:00,0.0025,0.0013,0.0025,,0.0012,2.2496776131386764,98.0,US_events_merged_1997-2026.xlsx,2009-04-29 19:15:00+00:00,2009-04-29 00:00:00+00:00,True,2009-04-29 19:15:00+00:00,True,1562,2009-04-29
2009-04-30 05:47:00.000,JPY,BOJ Target Rate,BOJDTR Index,2026-04-30 00:00:00,0.001,0.001,0.001,,0.0,0.0587719478866453,98.9,JN_events_1997-2026_FINAL.xlsx,2009-04-30 05:47:00+00:00,2009-04-30 00:00:00+00:00,True,2009-04-30 05:47:00+00:00,True,1563,2009-04-30
2009-05-01 00:30:05.000,JPY,Tokyo CPI Ex-Fresh Food YoY,JNCPTXFF Index,Apr,0.0,0.002,0.004,,-0.002,-1.6379764647166326,91.1,JN_events_1997-2026_FINAL.xlsx,2009-05-01 00:30:05+00:00,2009-05-01 00:00:00+00:00,True,2009-05-01 00:30:05+00:00,True,1564,2009-05-01
2009-05-01 00:30:07.000,JPY,Natl CPI YoY,JNCPIYOY Index,Mar,-0.003,-0.003,-0.001,,0.0,-0.099321142664408,95.6,JN_events_1997-2026_FINAL.xlsx,2009-05-01 00:30:07+00:00,2009-05-01 00:00:00+00:00,True,2009-05-01 00:30:07+00:00,True,1564,2009-05-01
2009-05-08 13:30:00.000,USD,Change in Nonfarm Payrolls,NFP TCH Index,Apr,-539000.0,-600000.0,-663000.0,-824000.0,61000.0,0.8795583066597258,99.3,US_events_merged_1997-2026.xlsx,2009-05-08 13:30:00+00:00,2009-05-08 00:00:00+00:00,True,2009-05-08 13:30:00+00:00,True,1569,2009-05-08
2009-05-15 13:30:00.000,USD,CPI MoM,CPI CHNG Index,Apr,0.0,0.0,-0.001,,0.0,0.0592949656493189,97.4,US_events_merged_1997-2026.xlsx,2009-05-15 13:30:00+00:00,2009-05-15 00:00:00+00:00,True,2009-05-15 13:30:00+00:00,True,1574,2009-05-15
2009-05-15 13:30:02.000,USD,CPI YoY,CPI YOY Index,Apr,-0.0069999999999999,-0.006,-0.004,,-0.0009999999999999,-0.6153802016998753,96.0,US_events_merged_1997-2026.xlsx,2009-05-15 13:30:02+00:00,2009-05-15 00:00:00+00:00,True,2009-05-15 13:30:02+00:00,True,1574,2009-05-15
2009-05-22 04:34:00.000,JPY,BOJ Target Rate,BOJDTR Index,2026-05-22 00:00:00,0.001,0.001,0.001,,0.0,0.0580310274059807,98.9,JN_events_1997-2026_FINAL.xlsx,2009-05-22 04:34:00+00:00,2009-05-22 00:00:00+00:00,True,2009-05-22 04:34:00+00:00,True,1579,2009-05-22
2009-05-29 00:30:05.000,JPY,Tokyo CPI Ex-Fresh Food YoY,JNCPTXFF Index,May,-0.0069999999999999,-0.006,0.0,,-0.0009999999999999,-0.7532554343981034,91.1,JN_events_1997-2026_FINAL.xlsx,2009-05-29 00:30:05+00:00,2009-05-29 00:00:00+00:00,True,2009-05-29 00:30:05+00:00,True,1584,2009-05-29
2009-05-29 00:30:07.000,JPY,Natl CPI YoY,JNCPIYOY Index,Apr,-0.001,-0.003,-0.003,,0.002,1.7356108030393789,95.6,JN_events_1997-2026_FINAL.xlsx,2009-05-29 00:30:07+00:00,2009-05-29 00:00:00+00:00,True,2009-05-29 00:30:07+00:00,True,1584,2009-05-29
2009-06-05 13:30:00.000,USD,Change in Nonfarm Payrolls,NFP TCH Index,May,-345000.0,-520000.0,-539000.0,-672000.0,175000.0,2.094066883554159,99.3,US_events_merged_1997-2026.xlsx,2009-06-05 13:30:00+00:00,2009-06-05 00:00:00+00:00,True,2009-06-05 13:30:00+00:00,True,1589,2009-06-05
2009-06-16 04:34:00.000,JPY,BOJ Target Rate,BOJDTR Index,2026-06-16 00:00:00,0.001,0.001,0.001,,0.0,0.0573174180296393,98.9,JN_events_1997-2026_FINAL.xlsx,2009-06-16 04:34:00+00:00,2009-06-16 00:00:00+00:00,True,2009-06-16 04:34:00+00:00,True,1596,2009-06-16
2009-06-17 13:30:00.000,USD,CPI MoM,CPI CHNG Index,May,0.001,0.003,0.0,0.001,-0.002,-1.4183428551418402,97.4,US_events_merged_1997-2026.xlsx,2009-06-17 13:30:00+00:00,2009-06-17 00:00:00+00:00,True,2009-06-17 13:30:00+00:00,True,1597,2009-06-17
2009-06-17 13:30:02.000,USD,CPI YoY,CPI YOY Index,May,-0.013,-0.009,-0.0069999999999999,,-0.0039999999999999,-2.162614125540567,96.0,US_events_merged_1997-2026.xlsx,2009-06-17 13:30:02+00:00,2009-06-17 00:00:00+00:00,True,2009-06-17 13:30:02+00:00,True,1597,2009-06-17
2009-06-24 19:15:00.000,USD,FOMC Rate Decision (Upper Bound),FDTR Index,2026-06-24 00:00:00,0.0025,0.0025,0.0025,,0.0,0.1120036357984321,98.0,US_events_merged_1997-2026.xlsx,2009-06-24 19:15:00+00:00,2009-06-24 00:00:00+00:00,True,2009-06-24 19:15:00+00:00,True,1602,2009-06-24
2009-06-26 00:30:05.000,JPY,Tokyo CPI Ex-Fresh Food YoY,JNCPTXFF Index,Jun,-0.013,-0.011,-0.0069999999999999,,-0.002,-1.6013709641836436,91.1,JN_events_1997-2026_FINAL.xlsx,2009-06-26 00:30:05+00:00,2009-06-26 00:00:00+00:00,True,2009-06-26 00:30:05+00:00,True,1604,2009-06-26
2009-06-26 00:30:07.000,JPY,Natl CPI YoY,JNCPIYOY Index,May,-0.011,-0.01,-0.001,,-0.0009999999999999,-1.023757203956863,95.6,JN_events_1997-2026_FINAL.xlsx,2009-06-26 00:30:07+00:00,2009-06-26 00:00:00+00:00,True,2009-06-26 00:30:07+00:00,True,1604,2009-06-26
2009-07-02 13:30:00.000,USD,Change in Nonfarm Payrolls,NFP TCH Index,Jun,-467000.0,-365000.0,-345000.0,-356000.0,-102000.0,-0.8740581781996385,99.3,US_events_merged_1997-2026.xlsx,2009-07-02 13:30:00+00:00,2009-07-02 00:00:00+00:00,True,2009-07-02 13:30:00+00:00,True,1608,2009-07-02
2009-07-15 05:35:00.000,JPY,BOJ Target Rate,BOJDTR Index,2026-07-15 00:00:00,0.001,0.001,0.001,,0.0,0.0566294834407766,98.9,JN_events_1997-2026_FINAL.xlsx,2009-07-15 05:35:00+00:00,2009-07-15 00:00:00+00:00,True,2009-07-15 05:35:00+00:00,True,1617,2009-07-15
2009-07-15 13:30:00.000,USD,CPI MoM,CPI CHNG Index,Jun,0.0069999999999999,0.006,0.001,0.001,0.0009999999999999,0.8045378632445853,97.4,US_events_merged_1997-2026.xlsx,2009-07-15 13:30:00+00:00,2009-07-15 00:00:00+00:00,True,2009-07-15 13:30:00+00:00,True,1617,2009-07-15
2009-07-15 13:30:02.000,USD,CPI YoY,CPI YOY Index,Jun,-0.014,-0.015,-0.013,,0.0009999999999999,0.4460881063664868,96.0,US_events_merged_1997-2026.xlsx,2009-07-15 13:30:02+00:00,2009-07-15 00:00:00+00:00,True,2009-07-15 13:30:02+00:00,True,1617,2009-07-15
2009-07-31 00:30:05.000,JPY,Tokyo CPI Ex-Fresh Food YoY,JNCPTXFF Index,Jul,-0.017,-0.017,-0.013,,0.0,0.1235123947232234,91.1,JN_events_1997-2026_FINAL.xlsx,2009-07-31 00:30:05+00:00,2009-07-31 00:00:00+00:00,True,2009-07-31 00:30:05+00:00,True,1629,2009-07-31
2009-07-31 00:30:07.000,JPY,Natl CPI YoY,JNCPIYOY Index,Jun,-0.018,-0.018,-0.011,,0.0,-0.1053516613099508,95.6,JN_events_1997-2026_FINAL.xlsx,2009-07-31 00:30:07+00:00,2009-07-31 00:00:00+00:00,True,2009-07-31 00:30:07+00:00,True,1629,2009-07-31
2009-08-07 13:30:00.000,USD,Change in Nonfarm Payrolls,NFP TCH Index,Jul,-247000.0,-325000.0,-467000.0,-458000.0,78000.0,1.037037745696314,99.3,US_events_merged_1997-2026.xlsx,2009-08-07 13:30:00+00:00,2009-08-07 00:00:00+00:00,True,2009-08-07 13:30:00+00:00,True,1634,2009-08-07
2009-08-11 03:52:00.000,JPY,BOJ Target Rate,BOJDTR Index,2026-08-11 00:00:00,0.001,0.001,0.001,,0.0,0.0559657212558845,98.9,JN_events_1997-2026_FINAL.xlsx,2009-08-11 03:52:00+00:00,2009-08-11 00:00:00+00:00,True,2009-08-11 03:52:00+00:00,True,1636,2009-08-11
2009-08-12 19:15:00.000,USD,FOMC Rate Decision (Upper Bound),FDTR Index,2026-08-12 00:00:00,0.0025,0.0025,0.0025,,0.0,0.111429439381766,98.0,US_events_merged_1997-2026.xlsx,2009-08-12 19:15:00+00:00,2009-08-12 00:00:00+00:00,True,2009-08-12 19:15:00+00:00,True,1637,2009-08-12
2009-08-14 13:30:00.000,USD,CPI MoM,CPI CHNG Index,Jul,0.0,0.0,0.0069999999999999,0.008,0.0,0.0630453729358611,97.4,US_events_merged_1997-2026.xlsx,2009-08-14 13:30:00+00:00,2009-08-14 00:00:00+00:00,True,2009-08-14 13:30:00+00:00,True,1639,2009-08-14
2009-08-14 13:30:02.000,USD,CPI YoY,CPI YOY Index,Jul,-0.021,-0.019,-0.014,,-0.002,-1.0803705551381726,96.0,US_events_merged_1997-2026.xlsx,2009-08-14 13:30:02+00:00,2009-08-14 00:00:00+00:00,True,2009-08-14 13:30:02+00:00,True,1639,2009-08-14
2009-08-28 00:30:05.000,JPY,Tokyo CPI Ex-Fresh Food YoY,JNCPTXFF Index,Aug,-0.019,-0.018,-0.017,,-0.001,-0.7290746185931231,91.1,JN_events_1997-2026_FINAL.xlsx,2009-08-28 00:30:05+00:00,2009-08-28 00:00:00+00:00,True,2009-08-28 00:30:05+00:00,True,1649,2009-08-28
2009-08-28 00:30:07.000,JPY,Natl CPI YoY,JNCPIYOY Index,Jul,-0.022,-0.022,-0.018,,0.0,-0.1047895866854706,95.6,JN_events_1997-2026_FINAL.xlsx,2009-08-28 00:30:07+00:00,2009-08-28 00:00:00+00:00,True,2009-08-28 00:30:07+00:00,True,1649,2009-08-28
2009-09-04 13:30:00.000,USD,Change in Nonfarm Payrolls,NFP TCH Index,Aug,-216000.0,-230000.0,-247000.0,-346000.0,14000.0,0.3523766109359135,99.3,US_events_merged_1997-2026.xlsx,2009-09-04 13:30:00+00:00,2009-09-04 00:00:00+00:00,True,2009-09-04 13:30:00+00:00,True,1654,2009-09-04
2009-09-16 13:30:00.000,USD,CPI MoM,CPI CHNG Index,Aug,0.004,0.003,0.0,0.0,0.001,0.802412624328616,97.4,US_events_merged_1997-2026.xlsx,2009-09-16 13:30:00+00:00,2009-09-16 00:00:00+00:00,True,2009-09-16 13:30:00+00:00,True,1662,2009-09-16
2009-09-16 13:30:02.000,USD,CPI YoY,CPI YOY Index,Aug,-0.015,-0.017,-0.021,,0.002,0.964034901096677,96.0,US_events_merged_1997-2026.xlsx,2009-09-16 13:30:02+00:00,2009-09-16 00:00:00+00:00,True,2009-09-16 13:30:02+00:00,True,1662,2009-09-16
2009-09-17 04:39:00.000,JPY,BOJ Target Rate,BOJDTR Index,2026-09-17 00:00:00,0.001,0.001,0.001,,0.0,0.0553247492634623,98.9,JN_events_1997-2026_FINAL.xlsx,2009-09-17 04:39:00+00:00,2009-09-17 00:00:00+00:00,True,2009-09-17 04:39:00+00:00,True,1663,2009-09-17
2009-09-23 19:15:00.000,USD,FOMC Rate Decision (Upper Bound),FDTR Index,2026-09-23 00:00:00,0.0025,0.0025,0.0025,,0.0,0.110863984643259,98.0,US_events_merged_1997-2026.xlsx,2009-09-23 19:15:00+00:00,2009-09-23 00:00:00+00:00,True,2009-09-23 19:15:00+00:00,True,1667,2009-09-23
2009-09-29 00:30:05.000,JPY,Tokyo CPI Ex-Fresh Food YoY,JNCPTXFF Index,Sep,-0.021,-0.02,-0.019,,-0.001,-0.7232867087784141,91.1,JN_events_1997-2026_FINAL.xlsx,2009-09-29 00:30:05+00:00,2009-09-29 00:00:00+00:00,True,2009-09-29 00:30:05+00:00,True,1671,2009-09-29
2009-09-29 00:30:07.000,JPY,Natl CPI YoY,JNCPIYOY Index,Aug,-0.022,-0.022,-0.022,,0.0,-0.1042364135445761,95.6,JN_events_1997-2026_FINAL.xlsx,2009-09-29 00:30:07+00:00,2009-09-29 00:00:00+00:00,True,2009-09-29 00:30:07+00:00,True,1671,2009-09-29
2009-10-02 13:30:00.000,USD,Change in Nonfarm Payrolls,NFP TCH Index,Sep,-263000.0,-175000.0,-216000.0,-190000.0,-88000.0,-0.7318829616318897,99.3,US_events_merged_1997-2026.xlsx,2009-10-02 13:30:00+00:00,2009-10-02 00:00:00+00:00,True,2009-10-02 13:30:00+00:00,True,1674,2009-10-02
2009-10-14 05:14:00.000,JPY,BOJ Target Rate,BOJDTR Index,2026-10-14 00:00:00,0.001,0.001,0.001,,0.0,0.0547052933508613,98.9,JN_events_1997-2026_FINAL.xlsx,2009-10-14 05:14:00+00:00,2009-10-14 00:00:00+00:00,True,2009-10-14 05:14:00+00:00,True,1682,2009-10-14
2009-10-15 13:30:00.000,USD,CPI MoM,CPI CHNG Index,Sep,0.002,0.002,0.004,0.003,0.0,0.0576970495907821,97.4,US_events_merged_1997-2026.xlsx,2009-10-15 13:30:00+00:00,2009-10-15 00:00:00+00:00,True,2009-10-15 13:30:00+00:00,True,1683,2009-10-15
2009-10-15 13:30:02.000,USD,CPI YoY,CPI YOY Index,Sep,-0.013,-0.014,-0.015,,0.001,0.4438958188145427,96.0,US_events_merged_1997-2026.xlsx,2009-10-15 13:30:02+00:00,2009-10-15 00:00:00+00:00,True,2009-10-15 13:30:02+00:00,True,1683,2009-10-15
2009-10-29 23:30:05.000,JPY,Tokyo CPI Ex-Fresh Food YoY,JNCPTXFF Index,Oct,-0.022,-0.021,-0.021,,-0.0009999999999999,-0.7176349096057609,91.1,JN_events_1997-2026_FINAL.xlsx,2009-10-29 23:30:05+00:00,2009-10-29 00:00:00+00:00,True,2009-10-29 23:30:05+00:00,True,1694,2009-10-30
2009-10-29 23:30:07.000,JPY,Natl CPI YoY,JNCPIYOY Index,Sep,-0.022,-0.022,-0.022,,0.0,-0.1036919093875438,95.6,JN_events_1997-2026_FINAL.xlsx,2009-10-29 23:30:07+00:00,2009-10-29 00:00:00+00:00,True,2009-10-29 23:30:07+00:00,True,1694,2009-10-30
2009-10-30 04:05:00.000,JPY,BOJ Target Rate,BOJDTR Index,2026-10-30 00:00:00,0.001,0.001,0.001,,0.0,0.0541061768800954,98.9,JN_events_1997-2026_FINAL.xlsx,2009-10-30 04:05:00+00:00,2009-10-30 00:00:00+00:00,True,2009-10-30 04:05:00+00:00,True,1694,2009-10-30
2009-11-04 19:15:00.000,USD,FOMC Rate Decision (Upper Bound),FDTR Index,2026-11-04 00:00:00,0.0025,0.0025,0.0025,,0.0,0.1103070519957067,98.0,US_events_merged_1997-2026.xlsx,2009-11-04 19:15:00+00:00,2009-11-04 00:00:00+00:00,True,2009-11-04 19:15:00+00:00,True,1697,2009-11-04
2009-11-06 13:30:00.000,USD,Change in Nonfarm Payrolls,NFP TCH Index,Oct,-190000.0,-175000.0,-263000.0,-226000.0,-15000.0,0.0480614198625944,99.3,US_events_merged_1997-2026.xlsx,2009-11-06 13:30:00+00:00,2009-11-06 00:00:00+00:00,True,2009-11-06 13:30:00+00:00,True,1699,2009-11-06
2009-11-18 13:30:00.000,USD,CPI MoM,CPI CHNG Index,Oct,0.003,0.002,0.002,,0.001,0.8003644757591913,97.4,US_events_merged_1997-2026.xlsx,2009-11-18 13:30:00+00:00,2009-11-18 00:00:00+00:00,True,2009-11-18 13:30:00+00:00,True,1707,2009-11-18
2009-11-18 13:30:02.000,USD,CPI YoY,CPI YOY Index,Oct,-0.002,-0.003,-0.013,,0.001,0.4402853060092339,96.0,US_events_merged_1997-2026.xlsx,2009-11-18 13:30:02+00:00,2009-11-18 00:00:00+00:00,True,2009-11-18 13:30:02+00:00,True,1707,2009-11-18
2009-11-20 03:35:00.000,JPY,BOJ Target Rate,BOJDTR Index,2026-11-20 00:00:00,0.001,0.001,0.001,,0.0,0.0535263113116494,98.9,JN_events_1997-2026_FINAL.xlsx,2009-11-20 03:35:00+00:00,2009-11-20 00:00:00+00:00,True,2009-11-20 03:35:00+00:00,True,1709,2009-11-20
2009-11-26 23:30:03.000,JPY,Natl CPI YoY,JNCPIYOY Index,Oct,-0.025,-0.024,-0.022,,-0.001,-1.0296482077652551,95.6,JN_events_1997-2026_FINAL.xlsx,2009-11-26 23:30:03+00:00,2009-11-26 00:00:00+00:00,True,2009-11-26 23:30:03+00:00,True,1714,2009-11-27
2009-11-26 23:30:07.000,JPY,Tokyo CPI Ex-Fresh Food YoY,JNCPTXFF Index,Nov,-0.019,-0.02,-0.022,,0.001,1.0046675415400592,91.1,JN_events_1997-2026_FINAL.xlsx,2009-11-26 23:30:07+00:00,2009-11-26 00:00:00+00:00,True,2009-11-26 23:30:07+00:00,True,1714,2009-11-27
2009-12-01 06:38:00.000,JPY,BOJ Target Rate,BOJDTR Index,2026-12-01 00:00:00,0.001,,0.001,,,,98.9,JN_events_1997-2026_FINAL.xlsx,2009-12-01 06:38:00+00:00,2009-12-01 00:00:00+00:00,True,2009-12-01 06:38:00+00:00,True,1716,2009-12-01
2009-12-04 13:30:00.000,USD,Change in Nonfarm Payrolls,NFP TCH Index,Nov,-11000.0,-125000.0,-190000.0,-185000.0,114000.0,1.4241732985041584,99.3,US_events_merged_1997-2026.xlsx,2009-12-04 13:30:00+00:00,2009-12-04 00:00:00+00:00,True,2009-12-04 13:30:00+00:00,True,1719,2009-12-04
2009-12-16 13:30:01.000,USD,CPI MoM,CPI CHNG Index,Nov,0.004,0.004,0.003,0.003,0.0,0.0524422110172946,97.4,US_events_merged_1997-2026.xlsx,2009-12-16 13:30:01+00:00,2009-12-16 00:00:00+00:00,True,2009-12-16 13:30:01+00:00,True,1727,2009-12-16
2009-12-16 13:30:03.000,USD,CPI YoY,CPI YOY Index,Nov,0.018,0.018,-0.002,,0.0,-0.0762599774394652,96.0,US_events_merged_1997-2026.xlsx,2009-12-16 13:30:03+00:00,2009-12-16 00:00:00+00:00,True,2009-12-16 13:30:03+00:00,True,1727,2009-12-16
2009-12-16 19:15:00.000,USD,FOMC Rate Decision (Upper Bound),FDTR Index,2026-12-16 00:00:00,0.0025,0.0025,0.0025,,0.0,0.1097584294976519,98.0,US_events_merged_1997-2026.xlsx,2009-12-16 19:15:00+00:00,2009-12-16 00:00:00+00:00,True,2009-12-16 19:15:00+00:00,True,1727,2009-12-16
2009-12-18 03:13:00.000,JPY,BOJ Target Rate,BOJDTR Index,2026-12-18 00:00:00,0.001,0.001,0.001,,0.0,0.0529646879067838,98.9,JN_events_1997-2026_FINAL.xlsx,2009-12-18 03:13:00+00:00,2009-12-18 00:00:00+00:00,True,2009-12-18 03:13:00+00:00,True,1729,2009-12-18
2009-12-24 23:30:05.000,JPY,Tokyo CPI Ex-Fresh Food YoY,JNCPTXFF Index,Dec,-0.019,-0.018,-0.019,,-0.001,-0.7222652067182099,91.1,JN_events_1997-2026_FINAL.xlsx,2009-12-24 23:30:05+00:00,2009-12-24 00:00:00+00:00,True,2009-12-24 23:30:05+00:00,True,1734,2009-12-25
2009-12-24 23:30:07.000,JPY,Natl CPI YoY,JNCPIYOY Index,Nov,-0.019,-0.02,-0.025,,0.001,0.8336310571412223,95.6,JN_events_1997-2026_FINAL.xlsx,2009-12-24 23:30:07+00:00,2009-12-24 00:00:00+00:00,True,2009-12-24 23:30:07+00:00,True,1734,2009-12-25
2010-10-01 00:30:05.000,JPY,Tokyo CPI Ex-Fresh Food YoY,JNCPTXFF Index,Sep,-0.01,-0.01,-0.011,,0.0,0.1222871583855209,91.1,JN_events_1997-2026_FINAL.xlsx,2010-10-01 00:30:05+00:00,2010-10-01 00:00:00+00:00,True,2010-10-01 00:30:05+00:00,True,1740,2010-10-01
2010-10-01 00:30:07.000,JPY,Natl CPI YoY,JNCPIYOY Index,Aug,-0.009,-0.009,-0.009,-0.009,0.0,-0.1126624545707577,95.6,JN_events_1997-2026_FINAL.xlsx,2010-10-01 00:30:07+00:00,2010-10-01 00:00:00+00:00,True,2010-10-01 00:30:07+00:00,True,1740,2010-10-01
2010-10-05 05:38:00.000,JPY,BOJ Target Rate,BOJDTR Index,2026-10-05 00:00:00,0.001,0.001,0.001,,0.0,0.0477635705934303,98.9,JN_events_1997-2026_FINAL.xlsx,2010-10-05 05:38:00+00:00,2010-10-05 00:00:00+00:00,True,2010-10-05 05:38:00+00:00,True,1742,2010-10-05
2010-10-08 13:30:01.000,USD,Change in Nonfarm Payrolls,NFP TCH Index,Sep,-95000.0,-5000.0,-54000.0,0.0,-90000.0,-0.7735096072006594,99.3,US_events_merged_1997-2026.xlsx,2010-10-08 13:30:01+00:00,2010-10-08 00:00:00+00:00,True,2010-10-08 13:30:01+00:00,True,1745,2010-10-08
2010-10-15 13:30:01.000,USD,CPI MoM,CPI CHNG Index,Sep,0.001,0.002,0.003,0.001,-0.001,-0.6889421167268496,97.4,US_events_merged_1997-2026.xlsx,2010-10-15 13:30:01+00:00,2010-10-15 00:00:00+00:00,True,2010-10-15 13:30:01+00:00,True,1750,2010-10-15
2010-10-15 13:30:03.000,USD,CPI YoY,CPI YOY Index,Sep,0.011,0.012,0.011,,-0.001,-0.5440260805832628,96.0,US_events_merged_1997-2026.xlsx,2010-10-15 13:30:03+00:00,2010-10-15 00:00:00+00:00,True,2010-10-15 13:30:03+00:00,True,1750,2010-10-15
2010-10-28 05:31:00.000,JPY,BOJ Target Rate,BOJDTR Index,2026-10-28 00:00:00,0.001,0.001,0.001,,0.0,0.0473631733463004,98.9,JN_events_1997-2026_FINAL.xlsx,2010-10-28 05:31:00+00:00,2010-10-28 00:00:00+00:00,True,2010-10-28 05:31:00+00:00,True,1759,2010-10-28
2010-10-29 00:30:05.000,JPY,Tokyo CPI Ex-Fresh Food YoY,JNCPTXFF Index,Oct,-0.005,-0.008,-0.01,,0.003,2.656944508928408,91.1,JN_events_1997-2026_FINAL.xlsx,2010-10-29 00:30:05+00:00,2010-10-29 00:00:00+00:00,True,2010-10-29 00:30:05+00:00,True,1760,2010-10-29
2010-10-29 00:30:07.000,JPY,Natl CPI YoY,JNCPIYOY Index,Sep,-0.006,-0.006,-0.009,-0.009,0.0,-0.1121379022749813,95.6,JN_events_1997-2026_FINAL.xlsx,2010-10-29 00:30:07+00:00,2010-10-29 00:00:00+00:00,True,2010-10-29 00:30:07+00:00,True,1760,2010-10-29
2010-11-03 18:15:00.000,USD,FOMC Rate Decision (Upper Bound),FDTR Index,2026-11-03 00:00:00,0.0025,0.0025,0.0025,,0.0,0.1061344101793721,98.0,US_events_merged_1997-2026.xlsx,2010-11-03 18:15:00+00:00,2010-11-03 00:00:00+00:00,True,2010-11-03 18:15:00+00:00,True,1763,2010-11-03
2010-11-05 02:37:00.000,JPY,BOJ Target Rate,BOJDTR Index,2026-11-05 00:00:00,0.001,,0.001,,,,98.9,JN_events_1997-2026_FINAL.xlsx,2010-11-05 02:37:00+00:00,2010-11-05 00:00:00+00:00,True,2010-11-05 02:37:00+00:00,True,1765,2010-11-05
2010-11-05 12:30:01.000,USD,Change in Nonfarm Payrolls,NFP TCH Index,Oct,151000.0,60000.0,-95000.0,-74000.0,91000.0,1.1870259248788593,99.3,US_events_merged_1997-2026.xlsx,2010-11-05 12:30:01+00:00,2010-11-05 00:00:00+00:00,True,2010-11-05 12:30:01+00:00,True,1765,2010-11-05
2010-11-17 13:30:01.000,USD,CPI MoM,CPI CHNG Index,Oct,0.002,0.003,0.001,0.002,-0.001,-0.685908842374783,97.4,US_events_merged_1997-2026.xlsx,2010-11-17 13:30:01+00:00,2010-11-17 00:00:00+00:00,True,2010-11-17 13:30:01+00:00,True,1773,2010-11-17
2010-11-17 13:30:03.000,USD,CPI YoY,CPI YOY Index,Oct,0.012,0.013,0.011,,-0.0009999999999999,-0.5399043426220844,96.0,US_events_merged_1997-2026.xlsx,2010-11-17 13:30:03+00:00,2010-11-17 00:00:00+00:00,True,2010-11-17 13:30:03+00:00,True,1773,2010-11-17
2010-11-25 23:30:01.000,JPY,Tokyo CPI Ex-Fresh Food YoY,JNCPTXFF Index,Nov,-0.005,-0.005,-0.005,,0.0,0.0949903192259631,91.1,JN_events_1997-2026_FINAL.xlsx,2010-11-25 23:30:01+00:00,2010-11-25 00:00:00+00:00,True,2010-11-25 23:30:01+00:00,True,1780,2010-11-26
2010-11-25 23:30:03.000,JPY,Natl CPI YoY,JNCPIYOY Index,Oct,0.002,0.002,-0.006,-0.006,0.0,-0.1116206095928393,95.6,JN_events_1997-2026_FINAL.xlsx,2010-11-25 23:30:03+00:00,2010-11-25 00:00:00+00:00,True,2010-11-25 23:30:03+00:00,True,1780,2010-11-26
2010-12-03 13:30:01.000,USD,Change in Nonfarm Payrolls,NFP TCH Index,Nov,39000.0,150000.0,151000.0,279000.0,-111000.0,-1.0027505616606285,99.3,US_events_merged_1997-2026.xlsx,2010-12-03 13:30:01+00:00,2010-12-03 00:00:00+00:00,True,2010-12-03 13:30:01+00:00,True,1785,2010-12-03
2010-12-14 19:15:00.000,USD,FOMC Rate Decision (Upper Bound),FDTR Index,2026-12-14 00:00:00,0.0025,0.0025,0.0025,,0.0,0.105645452531228,98.0,US_events_merged_1997-2026.xlsx,2010-12-14 19:15:00+00:00,2010-12-14 00:00:00+00:00,True,2010-12-14 19:15:00+00:00,True,1792,2010-12-14
2010-12-15 13:30:00.000,USD,CPI MoM,CPI CHNG Index,Nov,0.001,0.002,0.002,0.003,-0.001,-0.6829153514669131,97.4,US_events_merged_1997-2026.xlsx,2010-12-15 13:30:00+00:00,2010-12-15 00:00:00+00:00,True,2010-12-15 13:30:00+00:00,True,1793,2010-12-15
2010-12-15 13:30:02.000,USD,CPI YoY,CPI YOY Index,Nov,0.011,0.011,0.012,,0.0,-1.621386941638217e-16,96.0,US_events_merged_1997-2026.xlsx,2010-12-15 13:30:02+00:00,2010-12-15 00:00:00+00:00,True,2010-12-15 13:30:02+00:00,True,1793,2010-12-15
2010-12-21 03:55:00.000,JPY,BOJ Target Rate,BOJDTR Index,2026-12-21 00:00:00,0.001,0.001,0.001,,0.0,0.0469726762186736,98.9,JN_events_1997-2026_FINAL.xlsx,2010-12-21 03:55:00+00:00,2010-12-21 00:00:00+00:00,True,2010-12-21 03:55:00+00:00,True,1797,2010-12-21
2010-12-27 23:30:05.000,JPY,Tokyo CPI Ex-Fresh Food YoY,JNCPTXFF Index,Dec,-0.004,-0.004,-0.005,,0.0,0.0945614959560312,91.1,JN_events_1997-2026_FINAL.xlsx,2010-12-27 23:30:05+00:00,2010-12-27 00:00:00+00:00,True,2010-12-27 23:30:05+00:00,True,1802,2010-12-28
2010-12-27 23:30:07.000,JPY,Natl CPI YoY,JNCPIYOY Index,Nov,0.001,0.001,0.002,,0.0,-0.1111104105971974,95.6,JN_events_1997-2026_FINAL.xlsx,2010-12-27 23:30:07+00:00,2010-12-27 00:00:00+00:00,True,2010-12-27 23:30:07+00:00,True,1802,2010-12-28
2011-01-07 13:30:01.000,USD,Change in Nonfarm Payrolls,NFP TCH Index,Dec,103000.0,150000.0,39000.0,129000.0,-47000.0,-0.3056547402917163,99.3,US_events_merged_1997-2026.xlsx,2011-01-07 13:30:01+00:00,2011-01-07 00:00:00+00:00,True,2011-01-07 13:30:01+00:00,True,1810,2011-01-07
2011-01-14 13:30:01.000,USD,CPI MoM,CPI CHNG Index,Dec,0.005,0.004,0.001,0.003,0.001,0.8420706360561214,97.4,US_events_merged_1997-2026.xlsx,2011-01-14 13:30:01+00:00,2011-01-14 00:00:00+00:00,True,2011-01-14 13:30:01+00:00,True,1815,2011-01-14
2011-01-14 13:30:03.000,USD,CPI YoY,CPI YOY Index,Dec,0.015,0.013,0.011,,0.002,1.0780362527123852,96.0,US_events_merged_1997-2026.xlsx,2011-01-14 13:30:03+00:00,2011-01-14 00:00:00+00:00,True,2011-01-14 13:30:03+00:00,True,1815,2011-01-14
2011-01-25 03:30:00.000,JPY,BOJ Target Rate,BOJDTR Index,2026-01-25 00:00:00,0.001,0.001,0.001,,0.0,0.0465916779820526,98.9,JN_events_1997-2026_FINAL.xlsx,2011-01-25 03:30:00+00:00,2011-01-25 00:00:00+00:00,True,2011-01-25 03:30:00+00:00,True,1822,2011-01-25
2011-01-26 19:15:00.000,USD,FOMC Rate Decision (Upper Bound),FDTR Index,2026-01-26 00:00:00,0.0025,0.0025,0.0025,,0.0,0.1051631912056173,98.0,US_events_merged_1997-2026.xlsx,2011-01-26 19:15:00+00:00,2011-01-26 00:00:00+00:00,True,2011-01-26 19:15:00+00:00,True,1823,2011-01-26
2011-01-27 23:30:05.000,JPY,Tokyo CPI Ex-Fresh Food YoY,JNCPTXFF Index,Jan,-0.002,-0.003,-0.004,,0.001,0.9243355918445292,91.1,JN_events_1997-2026_FINAL.xlsx,2011-01-27 23:30:05+00:00,2011-01-27 00:00:00+00:00,True,2011-01-27 23:30:05+00:00,True,1825,2011-01-28
2011-01-27 23:30:07.000,JPY,Natl CPI YoY,JNCPIYOY Index,Dec,0.0,-0.001,0.001,,0.001,0.8485641876507074,95.6,JN_events_1997-2026_FINAL.xlsx,2011-01-27 23:30:07+00:00,2011-01-27 00:00:00+00:00,True,2011-01-27 23:30:07+00:00,True,1825,2011-01-28
2011-02-04 13:30:01.000,USD,Change in Nonfarm Payrolls,NFP TCH Index,Jan,36000.0,146000.0,103000.0,81000.0,-110000.0,-0.9867834366585064,99.3,US_events_merged_1997-2026.xlsx,2011-02-04 13:30:01+00:00,2011-02-04 00:00:00+00:00,True,2011-02-04 13:30:01+00:00,True,1830,2011-02-04
2011-02-15 03:37:00.000,JPY,BOJ Target Rate,BOJDTR Index,2026-02-15 00:00:00,0.001,0.001,0.001,,0.0,0.0462197998023594,98.9,JN_events_1997-2026_FINAL.xlsx,2011-02-15 03:37:00+00:00,2011-02-15 00:00:00+00:00,True,2011-02-15 03:37:00+00:00,True,1837,2011-02-15
2011-02-17 13:30:01.000,USD,CPI MoM,CPI CHNG Index,Jan,0.004,0.003,0.005,0.004,0.001,0.8378490762026589,97.4,US_events_merged_1997-2026.xlsx,2011-02-17 13:30:01+00:00,2011-02-17 00:00:00+00:00,True,2011-02-17 13:30:01+00:00,True,1839,2011-02-17
2011-02-17 13:30:03.000,USD,CPI YoY,CPI YOY Index,Jan,0.016,0.016,0.015,,0.0,-0.0122399382284799,96.0,US_events_merged_1997-2026.xlsx,2011-02-17 13:30:03+00:00,2011-02-17 00:00:00+00:00,True,2011-02-17 13:30:03+00:00,True,1839,2011-02-17
2011-02-24 23:30:01.000,JPY,Tokyo CPI Ex-Fresh Food YoY,JNCPTXFF Index,Feb,-0.004,-0.003,-0.002,-0.008,-0.001,-0.7447481076224781,91.1,JN_events_1997-2026_FINAL.xlsx,2011-02-24 23:30:01+00:00,2011-02-24 00:00:00+00:00,True,2011-02-24 23:30:01+00:00,True,1845,2011-02-25
2011-02-24 23:30:03.000,JPY,Natl CPI YoY,JNCPIYOY Index,Jan,0.0,-0.001,0.0,,0.001,0.8420746537311674,95.6,JN_events_1997-2026_FINAL.xlsx,2011-02-24 23:30:03+00:00,2011-02-24 00:00:00+00:00,True,2011-02-24 23:30:03+00:00,True,1845,2011-02-25
2011-03-04 13:30:01.000,USD,Change in Nonfarm Payrolls,NFP TCH Index,Feb,192000.0,196000.0,36000.0,7000.0,-4000.0,0.1668093323480826,99.3,US_events_merged_1997-2026.xlsx,2011-03-04 13:30:01+00:00,2011-03-04 00:00:00+00:00,True,2011-03-04 13:30:01+00:00,True,1850,2011-03-04
2011-03-14 05:48:00.000,JPY,BOJ Target Rate,BOJDTR Index,2026-03-14 00:00:00,0.001,0.001,0.001,,0.0,0.045856683658642,98.9,JN_events_1997-2026_FINAL.xlsx,2011-03-14 05:48:00+00:00,2011-03-14 00:00:00+00:00,True,2011-03-14 05:48:00+00:00,True,1856,2011-03-14
2011-03-15 18:15:00.000,USD,FOMC Rate Decision (Upper Bound),FDTR Index,2026-03-15 00:00:00,0.0025,0.0025,0.0025,,0.0,0.1046874747365848,98.0,US_events_merged_1997-2026.xlsx,2011-03-15 18:15:00+00:00,2011-03-15 00:00:00+00:00,True,2011-03-15 18:15:00+00:00,True,1857,2011-03-15
2011-03-17 12:30:01.000,USD,CPI MoM,CPI CHNG Index,Feb,0.005,0.004,0.004,0.003,0.001,0.8336904966086893,97.4,US_events_merged_1997-2026.xlsx,2011-03-17 12:30:01+00:00,2011-03-17 00:00:00+00:00,True,2011-03-17 12:30:01+00:00,True,1859,2011-03-17
2011-03-17 12:30:03.000,USD,CPI YoY,CPI YOY Index,Feb,0.021,0.02,0.016,,0.001,0.5294713785201262,96.0,US_events_merged_1997-2026.xlsx,2011-03-17 12:30:03+00:00,2011-03-17 00:00:00+00:00,True,2011-03-17 12:30:03+00:00,True,1859,2011-03-17
2011-03-24 23:30:01.000,JPY,Tokyo CPI Ex-Fresh Food YoY,JNCPTXFF Index,Mar,-0.003,-0.003,-0.004,-0.008,0.0,0.0927351041710103,91.1,JN_events_1997-2026_FINAL.xlsx,2011-03-24 23:30:01+00:00,2011-03-24 00:00:00+00:00,True,2011-03-24 23:30:01+00:00,True,1865,2011-03-25
2011-03-24 23:30:03.000,JPY,Natl CPI YoY,JNCPIYOY Index,Feb,0.0,0.0,0.0,-0.006,0.0,-0.1259555635576154,95.6,JN_events_1997-2026_FINAL.xlsx,2011-03-24 23:30:03+00:00,2011-03-24 00:00:00+00:00,True,2011-03-24 23:30:03+00:00,True,1865,2011-03-25
2011-04-01 13:30:01.000,USD,Change in Nonfarm Payrolls,NFP TCH Index,Mar,216000.0,190000.0,192000.0,220000.0,26000.0,0.4921012325045844,99.3,US_events_merged_1997-2026.xlsx,2011-04-01 13:30:01+00:00,2011-04-01 00:00:00+00:00,True,2011-04-01 13:30:01+00:00,True,1870,2011-04-01
2011-04-07 05:12:00.000,JPY,BOJ Target Rate,BOJDTR Index,2026-04-07 00:00:00,0.001,0.001,0.001,,0.0,0.0455019908960948,98.9,JN_events_1997-2026_FINAL.xlsx,2011-04-07 05:12:00+00:00,2011-04-07 00:00:00+00:00,True,2011-04-07 05:12:00+00:00,True,1874,2011-04-07
2011-04-15 13:30:01.000,USD,CPI MoM,CPI CHNG Index,Mar,0.005,0.005,0.005,0.003,0.0,0.0665449207422581,97.4,US_events_merged_1997-2026.xlsx,2011-04-15 13:30:01+00:00,2011-04-15 00:00:00+00:00,True,2011-04-15 13:30:01+00:00,True,1880,2011-04-15
2011-04-15 13:30:03.000,USD,CPI YoY,CPI YOY Index,Mar,0.027,0.026,0.021,,0.001,0.525727448843141,96.0,US_events_merged_1997-2026.xlsx,2011-04-15 13:30:03+00:00,2011-04-15 00:00:00+00:00,True,2011-04-15 13:30:03+00:00,True,1880,2011-04-15
2011-04-27 17:30:00.000,USD,FOMC Rate Decision (Upper Bound),FDTR Index,2026-04-27 00:00:00,0.0025,0.0025,0.0025,,0.0,0.1042181564117662,98.0,US_events_merged_1997-2026.xlsx,2011-04-27 17:30:00+00:00,2011-04-27 00:00:00+00:00,True,2011-04-27 17:30:00+00:00,True,1888,2011-04-27
2011-04-28 00:30:02.000,JPY,Tokyo CPI Ex-Fresh Food YoY,JNCPTXFF Index,Apr,0.002,0.002,-0.003,-0.008,0.0,0.0923310974269495,91.1,JN_events_1997-2026_FINAL.xlsx,2011-04-28 00:30:02+00:00,2011-04-28 00:00:00+00:00,True,2011-04-28 00:30:02+00:00,True,1889,2011-04-28
2011-04-28 00:30:04.000,JPY,Natl CPI YoY,JNCPIYOY Index,Mar,0.0,0.0,0.0,-0.005,0.0,-0.1253980176399379,95.6,JN_events_1997-2026_FINAL.xlsx,2011-04-28 00:30:04+00:00,2011-04-28 00:00:00+00:00,True,2011-04-28 00:30:04+00:00,True,1889,2011-04-28
2011-04-28 05:31:00.000,JPY,BOJ Target Rate,BOJDTR Index,2026-04-28 00:00:00,0.001,0.001,0.001,,0.0,0.0451554009001208,98.9,JN_events_1997-2026_FINAL.xlsx,2011-04-28 05:31:00+00:00,2011-04-28 00:00:00+00:00,True,2011-04-28 05:31:00+00:00,True,1889,2011-04-28
2011-05-06 13:30:01.000,USD,Change in Nonfarm Payrolls,NFP TCH Index,Apr,244000.0,185000.0,216000.0,226000.0,59000.0,0.8494935882981264,99.3,US_events_merged_1997-2026.xlsx,2011-05-06 13:30:01+00:00,2011-05-06 00:00:00+00:00,True,2011-05-06 13:30:01+00:00,True,1895,2011-05-06
2011-05-13 13:30:01.000,USD,CPI MoM,CPI CHNG Index,Apr,0.004,0.004,0.005,,0.0,0.0663525829343588,97.4,US_events_merged_1997-2026.xlsx,2011-05-13 13:30:01+00:00,2011-05-13 00:00:00+00:00,True,2011-05-13 13:30:01+00:00,True,1900,2011-05-13
2011-05-13 13:30:03.000,USD,CPI YoY,CPI YOY Index,Apr,0.032,0.031,0.027,,0.001,0.5220620246530123,96.0,US_events_merged_1997-2026.xlsx,2011-05-13 13:30:03+00:00,2011-05-13 00:00:00+00:00,True,2011-05-13 13:30:03+00:00,True,1900,2011-05-13
2011-05-20 04:15:00.000,JPY,BOJ Target Rate,BOJDTR Index,2026-05-20 00:00:00,0.001,0.001,0.001,,0.0,0.0448166098796528,98.9,JN_events_1997-2026_FINAL.xlsx,2011-05-20 04:15:00+00:00,2011-05-20 00:00:00+00:00,True,2011-05-20 04:15:00+00:00,True,1905,2011-05-20
2011-05-27 00:30:02.000,JPY,Tokyo CPI Ex-Fresh Food YoY,JNCPTXFF Index,May,0.001,0.002,0.002,-0.005,-0.001,-0.7477645044285249,91.1,JN_events_1997-2026_FINAL.xlsx,2011-05-27 00:30:02+00:00,2011-05-27 00:00:00+00:00,True,2011-05-27 00:30:02+00:00,True,1910,2011-05-27
2011-05-27 00:30:04.000,JPY,Natl CPI YoY,JNCPIYOY Index,Apr,0.003,0.003,0.0,-0.005,0.0,-0.1248478113433291,95.6,JN_events_1997-2026_FINAL.xlsx,2011-05-27 00:30:04+00:00,2011-05-27 00:00:00+00:00,True,2011-05-27 00:30:04+00:00,True,1910,2011-05-27
2011-06-03 13:30:01.000,USD,Change in Nonfarm Payrolls,NFP TCH Index,May,54000.0,165000.0,244000.0,314000.0,-111000.0,-1.0066552480376554,99.3,US_events_merged_1997-2026.xlsx,2011-06-03 13:30:01+00:00,2011-06-03 00:00:00+00:00,True,2011-06-03 13:30:01+00:00,True,1915,2011-06-03
2011-06-14 04:42:00.000,JPY,BOJ Target Rate,BOJDTR Index,2026-06-14 00:00:00,0.001,0.001,0.001,,0.0,0.0444853297492531,98.9,JN_events_1997-2026_FINAL.xlsx,2011-06-14 04:42:00+00:00,2011-06-14 00:00:00+00:00,True,2011-06-14 04:42:00+00:00,True,1922,2011-06-14
2011-06-15 13:30:01.000,USD,CPI MoM,CPI CHNG Index,May,0.002,0.001,0.004,0.005,0.001,0.8336399815007167,97.4,US_events_merged_1997-2026.xlsx,2011-06-15 13:30:01+00:00,2011-06-15 00:00:00+00:00,True,2011-06-15 13:30:01+00:00,True,1923,2011-06-15
2011-06-15 13:30:03.000,USD,CPI YoY,CPI YOY Index,May,0.036,0.034,0.032,,0.0019999999999999,1.0667420546749542,96.0,US_events_merged_1997-2026.xlsx,2011-06-15 13:30:03+00:00,2011-06-15 00:00:00+00:00,True,2011-06-15 13:30:03+00:00,True,1923,2011-06-15
2011-06-22 17:30:00.000,USD,FOMC Rate Decision (Upper Bound),FDTR Index,2026-06-22 00:00:00,0.0025,0.0025,0.0025,,0.0,0.1037550940822777,98.0,US_events_merged_1997-2026.xlsx,2011-06-22 17:30:00+00:00,2011-06-22 00:00:00+00:00,True,2011-06-22 17:30:00+00:00,True,1928,2011-06-22
2011-07-01 00:30:02.000,JPY,Tokyo CPI Ex-Fresh Food YoY,JNCPTXFF Index,Jun,0.001,0.002,0.001,-0.004,-0.001,-0.7428015063827113,91.1,JN_events_1997-2026_FINAL.xlsx,2011-07-01 00:30:02+00:00,2011-07-01 00:00:00+00:00,True,2011-07-01 00:30:02+00:00,True,1935,2011-07-01
2011-07-01 00:30:04.000,JPY,Natl CPI YoY,JNCPIYOY Index,May,0.003,0.002,0.003,-0.004,0.001,0.8499759624503876,95.6,JN_events_1997-2026_FINAL.xlsx,2011-07-01 00:30:04+00:00,2011-07-01 00:00:00+00:00,True,2011-07-01 00:30:04+00:00,True,1935,2011-07-01
2011-07-08 13:30:01.000,USD,Change in Nonfarm Payrolls,NFP TCH Index,Jun,18000.0,105000.0,54000.0,106000.0,-87000.0,-0.7393440462300452,99.3,US_events_merged_1997-2026.xlsx,2011-07-08 13:30:01+00:00,2011-07-08 00:00:00+00:00,True,2011-07-08 13:30:01+00:00,True,1940,2011-07-08
2011-07-12 05:20:00.000,JPY,BOJ Target Rate,BOJDTR Index,2026-07-12 00:00:00,0.001,,0.001,,,,98.9,JN_events_1997-2026_FINAL.xlsx,2011-07-12 05:20:00+00:00,2011-07-12 00:00:00+00:00,True,2011-07-12 05:20:00+00:00,True,1942,2011-07-12
2011-07-15 13:30:01.000,USD,CPI MoM,CPI CHNG Index,Jun,-0.002,-0.001,0.002,0.003,-0.001,-0.7067076500638071,97.4,US_events_merged_1997-2026.xlsx,2011-07-15 13:30:01+00:00,2011-07-15 00:00:00+00:00,True,2011-07-15 13:30:01+00:00,True,1945,2011-07-15
2011-07-15 13:30:03.000,USD,CPI YoY,CPI YOY Index,Jun,0.036,0.036,0.036,,0.0,-0.0412394449636481,96.0,US_events_merged_1997-2026.xlsx,2011-07-15 13:30:03+00:00,2011-07-15 00:00:00+00:00,True,2011-07-15 13:30:03+00:00,True,1945,2011-07-15
2011-07-29 00:30:02.000,JPY,Tokyo CPI Ex-Fresh Food YoY,JNCPTXFF Index,Jul,0.004,0.002,0.001,-0.004,0.002,1.7909063584598934,91.1,JN_events_1997-2026_FINAL.xlsx,2011-07-29 00:30:02+00:00,2011-07-29 00:00:00+00:00,True,2011-07-29 00:30:02+00:00,True,1955,2011-07-29
2011-07-29 00:30:04.000,JPY,Natl CPI YoY,JNCPIYOY Index,Jun,0.002,0.002,0.003,-0.004,0.0,-0.1317307306343483,95.6,JN_events_1997-2026_FINAL.xlsx,2011-07-29 00:30:04+00:00,2011-07-29 00:00:00+00:00,True,2011-07-29 00:30:04+00:00,True,1955,2011-07-29
2011-08-04 06:00:00.000,JPY,BOJ Target Rate,BOJDTR Index,2026-08-04 00:00:00,0.001,,0.001,,,,98.9,JN_events_1997-2026_FINAL.xlsx,2011-08-04 06:00:00+00:00,2011-08-04 00:00:00+00:00,True,2011-08-04 06:00:00+00:00,True,1959,2011-08-04
2011-08-05 13:30:01.000,USD,Change in Nonfarm Payrolls,NFP TCH Index,Jul,117000.0,85000.0,18000.0,228000.0,32000.0,0.5619662959593348,99.3,US_events_merged_1997-2026.xlsx,2011-08-05 13:30:01+00:00,2011-08-05 00:00:00+00:00,True,2011-08-05 13:30:01+00:00,True,1960,2011-08-05
2011-08-09 19:15:00.000,USD,FOMC Rate Decision (Upper Bound),FDTR Index,2026-08-09 00:00:00,0.0025,0.0025,0.0025,,0.0,0.103298149981815,98.0,US_events_merged_1997-2026.xlsx,2011-08-09 19:15:00+00:00,2011-08-09 00:00:00+00:00,True,2011-08-09 19:15:00+00:00,True,1962,2011-08-09
2011-08-18 13:30:01.000,USD,CPI MoM,CPI CHNG Index,Jul,0.005,0.002,-0.002,0.0,0.003,2.3733657411213267,97.4,US_events_merged_1997-2026.xlsx,2011-08-18 13:30:01+00:00,2011-08-18 00:00:00+00:00,True,2011-08-18 13:30:01+00:00,True,1969,2011-08-18
2011-08-18 13:30:03.000,USD,CPI YoY,CPI YOY Index,Jul,0.036,0.033,0.036,,0.0029999999999999,1.611558775992807,96.0,US_events_merged_1997-2026.xlsx,2011-08-18 13:30:03+00:00,2011-08-18 00:00:00+00:00,True,2011-08-18 13:30:03+00:00,True,1969,2011-08-18
2011-08-26 00:30:02.000,JPY,Tokyo CPI Ex-Fresh Food YoY,JNCPTXFF Index,Aug,-0.002,-0.001,0.004,-0.001,-0.001,-0.7461240662684272,91.1,JN_events_1997-2026_FINAL.xlsx,2011-08-26 00:30:02+00:00,2011-08-26 00:00:00+00:00,True,2011-08-26 00:30:02+00:00,True,1975,2011-08-26
2011-08-26 00:30:04.000,JPY,Natl CPI YoY,JNCPIYOY Index,Jul,0.002,0.0,0.002,-0.004,0.002,1.828028290573806,95.6,JN_events_1997-2026_FINAL.xlsx,2011-08-26 00:30:04+00:00,2011-08-26 00:00:00+00:00,True,2011-08-26 00:30:04+00:00,True,1975,2011-08-26
2011-09-02 13:30:01.000,USD,Change in Nonfarm Payrolls,NFP TCH Index,Aug,0.0,68000.0,117000.0,61000.0,-68000.0,-0.5330895885592367,99.3,US_events_merged_1997-2026.xlsx,2011-09-02 13:30:01+00:00,2011-09-02 00:00:00+00:00,True,2011-09-02 13:30:01+00:00,True,1980,2011-09-02
2011-09-07 04:21:00.000,JPY,BOJ Target Rate,BOJDTR Index,2026-09-07 00:00:00,0.001,,0.001,,,,98.9,JN_events_1997-2026_FINAL.xlsx,2011-09-07 04:21:00+00:00,2011-09-07 00:00:00+00:00,True,2011-09-07 04:21:00+00:00,True,1983,2011-09-07
2011-09-15 13:30:01.000,USD,CPI MoM,CPI CHNG Index,Aug,0.004,0.002,0.005,0.003,0.002,1.5702960413673963,97.4,US_events_merged_1997-2026.xlsx,2011-09-15 13:30:01+00:00,2011-09-15 00:00:00+00:00,True,2011-09-15 13:30:01+00:00,True,1989,2011-09-15
2011-09-15 13:30:03.000,USD,CPI YoY,CPI YOY Index,Aug,0.038,0.036,0.036,,0.002,1.0351274716837513,96.0,US_events_merged_1997-2026.xlsx,2011-09-15 13:30:03+00:00,2011-09-15 00:00:00+00:00,True,2011-09-15 13:30:03+00:00,True,1989,2011-09-15
2011-09-21 19:15:00.000,USD,FOMC Rate Decision (Upper Bound),FDTR Index,2026-09-21 00:00:00,0.0025,0.0025,0.0025,,0.0,0.1028471905544419,98.0,US_events_merged_1997-2026.xlsx,2011-09-21 19:15:00+00:00,2011-09-21 00:00:00+00:00,True,2011-09-21 19:15:00+00:00,True,1993,2011-09-21
2011-09-30 00:30:02.000,JPY,Tokyo CPI Ex-Fresh Food YoY,JNCPTXFF Index,Sep,-0.001,-0.001,-0.002,,0.0,0.0955395059401136,91.1,JN_events_1997-2026_FINAL.xlsx,2011-09-30 00:30:02+00:00,2011-09-30 00:00:00+00:00,True,2011-09-30 00:30:02+00:00,True,2000,2011-09-30
2011-09-30 00:30:04.000,JPY,Natl CPI YoY,JNCPIYOY Index,Aug,0.002,0.001,0.002,,0.001,0.8250205916558373,95.6,JN_events_1997-2026_FINAL.xlsx,2011-09-30 00:30:04+00:00,2011-09-30 00:00:00+00:00,True,2011-09-30 00:30:04+00:00,True,2000,2011-09-30
2011-10-07 04:37:00.000,JPY,BOJ Target Rate,BOJDTR Index,2026-10-07 00:00:00,0.001,0.001,0.001,,0.0,0.0441612871006555,98.9,JN_events_1997-2026_FINAL.xlsx,2011-10-07 04:37:00+00:00,2011-10-07 00:00:00+00:00,True,2011-10-07 04:37:00+00:00,True,2005,2011-10-07
2011-10-07 13:30:01.000,USD,Change in Nonfarm Payrolls,NFP TCH Index,Sep,103000.0,60000.0,0.0,133000.0,43000.0,0.6845297268127695,99.3,US_events_merged_1997-2026.xlsx,2011-10-07 13:30:01+00:00,2011-10-07 00:00:00+00:00,True,2011-10-07 13:30:01+00:00,True,2005,2011-10-07
2011-10-19 13:30:01.000,USD,CPI MoM,CPI CHNG Index,Sep,0.003,0.003,0.004,0.003,0.0,0.0424893088024804,97.4,US_events_merged_1997-2026.xlsx,2011-10-19 13:30:01+00:00,2011-10-19 00:00:00+00:00,True,2011-10-19 13:30:01+00:00,True,2013,2011-10-19
2011-10-19 13:30:03.000,USD,CPI YoY,CPI YOY Index,Sep,0.039,0.039,0.038,,0.0,-0.0682679870318088,96.0,US_events_merged_1997-2026.xlsx,2011-10-19 13:30:03+00:00,2011-10-19 00:00:00+00:00,True,2011-10-19 13:30:03+00:00,True,2013,2011-10-19
2011-10-27 05:31:00.000,JPY,BOJ Target Rate,BOJDTR Index,2026-10-27 00:00:00,0.001,0.001,0.001,,0.0,0.0438442222554162,98.9,JN_events_1997-2026_FINAL.xlsx,2011-10-27 05:31:00+00:00,2011-10-27 00:00:00+00:00,True,2011-10-27 05:31:00+00:00,True,2019,2011-10-27
2011-10-28 00:30:02.000,JPY,Tokyo CPI Ex-Fresh Food YoY,JNCPTXFF Index,Oct,-0.004,-0.004,-0.001,,0.0,0.0951435805704964,91.1,JN_events_1997-2026_FINAL.xlsx,2011-10-28 00:30:02+00:00,2011-10-28 00:00:00+00:00,True,2011-10-28 00:30:02+00:00,True,2020,2011-10-28
2011-10-28 00:30:03.000,JPY,Natl CPI YoY,JNCPIYOY Index,Sep,0.0,0.001,0.002,,-0.001,-1.123655913747287,95.6,JN_events_1997-2026_FINAL.xlsx,2011-10-28 00:30:03+00:00,2011-10-28 00:00:00+00:00,True,2011-10-28 00:30:03+00:00,True,2020,2011-10-28
2011-11-02 16:30:00.000,USD,FOMC Rate Decision (Upper Bound),FDTR Index,2026-11-02 00:00:00,0.0025,0.0025,0.0025,,0.0,0.1024020862905778,98.0,US_events_merged_1997-2026.xlsx,2011-11-02 16:30:00+00:00,2011-11-02 00:00:00+00:00,True,2011-11-02 16:30:00+00:00,True,2023,2011-11-02
2011-11-04 12:30:01.000,USD,Change in Nonfarm Payrolls,NFP TCH Index,Oct,80000.0,95000.0,103000.0,219000.0,-15000.0,0.0454952816992014,99.3,US_events_merged_1997-2026.xlsx,2011-11-04 12:30:01+00:00,2011-11-04 00:00:00+00:00,True,2011-11-04 12:30:01+00:00,True,2025,2011-11-04
2011-11-16 03:49:00.000,JPY,BOJ Target Rate,BOJDTR Index,2026-11-16 00:00:00,0.001,0.001,0.001,,0.0,0.0435338883912225,98.9,JN_events_1997-2026_FINAL.xlsx,2011-11-16 03:49:00+00:00,2011-11-16 00:00:00+00:00,True,2011-11-16 03:49:00+00:00,True,2033,2011-11-16
2011-11-16 13:30:01.000,USD,CPI MoM,CPI CHNG Index,Oct,-0.001,0.0,0.003,0.002,-0.001,-0.7160683982049362,97.4,US_events_merged_1997-2026.xlsx,2011-11-16 13:30:01+00:00,2011-11-16 00:00:00+00:00,True,2011-11-16 13:30:01+00:00,True,2033,2011-11-16
2011-11-16 13:30:03.000,USD,CPI YoY,CPI YOY Index,Oct,0.035,0.037,0.039,,-0.002,-1.1659121860278134,96.0,US_events_merged_1997-2026.xlsx,2011-11-16 13:30:03+00:00,2011-11-16 00:00:00+00:00,True,2011-11-16 13:30:03+00:00,True,2033,2011-11-16
2011-11-24 23:30:02.000,JPY,Tokyo CPI Ex-Fresh Food YoY,JNCPTXFF Index,Nov,-0.005,-0.003,-0.004,,-0.002,-1.5928108967093837,91.1,JN_events_1997-2026_FINAL.xlsx,2011-11-24 23:30:02+00:00,2011-11-24 00:00:00+00:00,True,2011-11-24 23:30:02+00:00,True,2040,2011-11-25
2011-11-24 23:30:04.000,JPY,Natl CPI YoY,JNCPIYOY Index,Oct,-0.002,-0.001,0.0,,-0.001,-1.1132004758776883,95.6,JN_events_1997-2026_FINAL.xlsx,2011-11-24 23:30:04+00:00,2011-11-24 00:00:00+00:00,True,2011-11-24 23:30:04+00:00,True,2040,2011-11-25
2011-12-02 13:30:01.000,USD,Change in Nonfarm Payrolls,NFP TCH Index,Nov,120000.0,125000.0,80000.0,209000.0,-5000.0,0.1553666008469103,99.3,US_events_merged_1997-2026.xlsx,2011-12-02 13:30:01+00:00,2011-12-02 00:00:00+00:00,True,2011-12-02 13:30:01+00:00,True,2045,2011-12-02
2011-12-13 19:15:00.000,USD,FOMC Rate Decision (Upper Bound),FDTR Index,2026-12-13 00:00:00,0.0025,0.0025,0.0025,,0.0,0.101962711570727,98.0,US_events_merged_1997-2026.xlsx,2011-12-13 19:15:00+00:00,2011-12-13 00:00:00+00:00,True,2011-12-13 19:15:00+00:00,True,2052,2011-12-13
2011-12-16 13:30:01.000,USD,CPI MoM,CPI CHNG Index,Nov,0.0,0.001,-0.001,0.001,-0.001,-0.713067083796706,97.4,US_events_merged_1997-2026.xlsx,2011-12-16 13:30:01+00:00,2011-12-16 00:00:00+00:00,True,2011-12-16 13:30:01+00:00,True,2055,2011-12-16
2011-12-16 13:30:03.000,USD,CPI YoY,CPI YOY Index,Nov,0.034,0.035,0.035,,-0.001,-0.6039430755155536,96.0,US_events_merged_1997-2026.xlsx,2011-12-16 13:30:03+00:00,2011-12-16 00:00:00+00:00,True,2011-12-16 13:30:03+00:00,True,2055,2011-12-16
2011-12-21 03:16:00.000,JPY,BOJ Target Rate,BOJDTR Index,2026-12-21 00:00:00,0.001,0.001,0.001,,0.0,0.0432300507351878,98.9,JN_events_1997-2026_FINAL.xlsx,2011-12-21 03:16:00+00:00,2011-12-21 00:00:00+00:00,True,2011-12-21 03:16:00+00:00,True,2058,2011-12-21
2011-12-27 23:30:02.000,JPY,Tokyo CPI Ex-Fresh Food YoY,JNCPTXFF Index,Dec,-0.003,-0.004,-0.005,,0.001,0.9456251793351668,91.1,JN_events_1997-2026_FINAL.xlsx,2011-12-27 23:30:02+00:00,2011-12-27 00:00:00+00:00,True,2011-12-27 23:30:02+00:00,True,2063,2011-12-28
2011-12-27 23:30:04.000,JPY,Natl CPI YoY,JNCPIYOY Index,Nov,-0.005,-0.004,-0.002,-0.002,-0.001,-1.103032333480728,95.6,JN_events_1997-2026_FINAL.xlsx,2011-12-27 23:30:04+00:00,2011-12-27 00:00:00+00:00,True,2011-12-27 23:30:04+00:00,True,2063,2011-12-28
2012-01-06 13:30:01.000,USD,Change in Nonfarm Payrolls,NFP TCH Index,Dec,200000.0,155000.0,120000.0,137000.0,45000.0,0.7064419120840401,99.3,US_events_merged_1997-2026.xlsx,2012-01-06 13:30:01+00:00,2012-01-06 00:00:00+00:00,True,2012-01-06 13:30:01+00:00,True,2070,2012-01-06
2012-01-19 13:30:01.000,USD,CPI MoM,CPI CHNG Index,Dec,0.0,0.001,0.0,0.002,-0.001,-0.710103256121216,97.4,US_events_merged_1997-2026.xlsx,2012-01-19 13:30:01+00:00,2012-01-19 00:00:00+00:00,True,2012-01-19 13:30:01+00:00,True,2079,2012-01-19
2012-01-19 13:30:03.000,USD,CPI YoY,CPI YOY Index,Dec,0.03,0.03,0.034,,0.0,-0.0499834266113067,96.0,US_events_merged_1997-2026.xlsx,2012-01-19 13:30:03+00:00,2012-01-19 00:00:00+00:00,True,2012-01-19 13:30:03+00:00,True,2079,2012-01-19
2012-01-24 03:31:00.000,JPY,BOJ Target Rate,BOJDTR Index,2026-01-24 00:00:00,0.001,0.001,0.001,,0.0,0.0429324858181475,98.9,JN_events_1997-2026_FINAL.xlsx,2012-01-24 03:31:00+00:00,2012-01-24 00:00:00+00:00,True,2012-01-24 03:31:00+00:00,True,2082,2012-01-24
2012-01-25 17:30:00.000,USD,FOMC Rate Decision (Upper Bound),FDTR Index,2026-01-25 00:00:00,0.0025,0.0025,0.0025,,0.0,0.1015289445165221,98.0,US_events_merged_1997-2026.xlsx,2012-01-25 17:30:00+00:00,2012-01-25 00:00:00+00:00,True,2012-01-25 17:30:00+00:00,True,2083,2012-01-25
2012-01-26 23:30:02.000,JPY,Tokyo CPI Ex-Fresh Food YoY,JNCPTXFF Index,Jan,-0.004,-0.003,-0.003,,-0.001,-0.7395128882370393,91.1,JN_events_1997-2026_FINAL.xlsx,2012-01-26 23:30:02+00:00,2012-01-26 00:00:00+00:00,True,2012-01-26 23:30:02+00:00,True,2085,2012-01-27
2012-01-26 23:30:04.000,JPY,Natl CPI YoY,JNCPIYOY Index,Dec,-0.002,-0.002,-0.005,-0.005,0.0,-0.1244350804039488,95.6,JN_events_1997-2026_FINAL.xlsx,2012-01-26 23:30:04+00:00,2012-01-26 00:00:00+00:00,True,2012-01-26 23:30:04+00:00,True,2085,2012-01-27
2012-02-03 13:30:02.000,USD,Change in Nonfarm Payrolls,NFP TCH Index,Jan,243000.0,140000.0,200000.0,198000.0,103000.0,1.344162311153544,99.3,US_events_merged_1997-2026.xlsx,2012-02-03 13:30:02+00:00,2012-02-03 00:00:00+00:00,True,2012-02-03 13:30:02+00:00,True,2090,2012-02-03
2012-02-14 03:43:00.000,JPY,BOJ Target Rate,BOJDTR Index,2026-02-14 00:00:00,0.001,0.001,0.001,,0.0,0.0426409807845811,98.9,JN_events_1997-2026_FINAL.xlsx,2012-02-14 03:43:00+00:00,2012-02-14 00:00:00+00:00,True,2012-02-14 03:43:00+00:00,True,2097,2012-02-14
2012-02-17 13:30:01.000,USD,CPI MoM,CPI CHNG Index,Jan,0.002,0.003,0.0,,-0.001,-0.7071761405139406,97.4,US_events_merged_1997-2026.xlsx,2012-02-17 13:30:01+00:00,2012-02-17 00:00:00+00:00,True,2012-02-17 13:30:01+00:00,True,2100,2012-02-17
2012-02-17 13:30:03.000,USD,CPI YoY,CPI YOY Index,Jan,0.029,0.029,0.03,,0.0,-0.0497347912605995,96.0,US_events_merged_1997-2026.xlsx,2012-02-17 13:30:03+00:00,2012-02-17 00:00:00+00:00,True,2012-02-17 13:30:03+00:00,True,2100,2012-02-17
2012-03-01 23:30:05.000,JPY,Tokyo CPI Ex-Fresh Food YoY,JNCPTXFF Index,Feb,-0.003,-0.004,-0.004,,0.001,0.9460933660844644,91.1,JN_events_1997-2026_FINAL.xlsx,2012-03-01 23:30:05+00:00,2012-03-01 00:00:00+00:00,True,2012-03-01 23:30:05+00:00,True,2110,2012-03-02
2012-03-01 23:30:07.000,JPY,Natl CPI YoY,JNCPIYOY Index,Jan,0.001,-0.001,-0.002,-0.002,0.002,1.8212798879145211,95.6,JN_events_1997-2026_FINAL.xlsx,2012-03-01 23:30:07+00:00,2012-03-01 00:00:00+00:00,True,2012-03-01 23:30:07+00:00,True,2110,2012-03-02
2012-03-09 13:30:02.000,USD,Change in Nonfarm Payrolls,NFP TCH Index,Feb,227000.0,210000.0,243000.0,358000.0,17000.0,0.3858766508517426,99.3,US_events_merged_1997-2026.xlsx,2012-03-09 13:30:02+00:00,2012-03-09 00:00:00+00:00,True,2012-03-09 13:30:02+00:00,True,2115,2012-03-09
2012-03-13 05:07:00.000,JPY,BOJ Target Rate,BOJDTR Index,2026-03-13 00:00:00,0.001,0.001,0.001,,0.0,0.0423553327533222,98.9,JN_events_1997-2026_FINAL.xlsx,2012-03-13 05:07:00+00:00,2012-03-13 00:00:00+00:00,True,2012-03-13 05:07:00+00:00,True,2117,2012-03-13
2012-03-13 18:15:00.000,USD,FOMC Rate Decision (Upper Bound),FDTR Index,2026-03-13 00:00:00,0.0025,0.0025,0.0025,,0.0,0.1011006668486796,98.0,US_events_merged_1997-2026.xlsx,2012-03-13 18:15:00+00:00,2012-03-13 00:00:00+00:00,True,2012-03-13 18:15:00+00:00,True,2117,2012-03-13
2012-03-16 12:30:01.000,USD,CPI MoM,CPI CHNG Index,Feb,0.004,0.004,0.002,0.003,0.0,0.0583431348148789,97.4,US_events_merged_1997-2026.xlsx,2012-03-16 12:30:01+00:00,2012-03-16 00:00:00+00:00,True,2012-03-16 12:30:01+00:00,True,2120,2012-03-16
2012-03-16 12:30:03.000,USD,CPI YoY,CPI YOY Index,Feb,0.029,0.029,0.029,,0.0,-0.0494898294004376,96.0,US_events_merged_1997-2026.xlsx,2012-03-16 12:30:03+00:00,2012-03-16 00:00:00+00:00,True,2012-03-16 12:30:03+00:00,True,2120,2012-03-16
2012-03-30 00:30:05.000,JPY,Tokyo CPI Ex-Fresh Food YoY,JNCPTXFF Index,Mar,-0.003,-0.003,-0.003,,0.0,0.0981050521967087,91.1,JN_events_1997-2026_FINAL.xlsx,2012-03-30 00:30:05+00:00,2012-03-30 00:00:00+00:00,True,2012-03-30 00:30:05+00:00,True,2130,2012-03-30
2012-03-30 00:30:07.000,JPY,Natl CPI YoY,JNCPIYOY Index,Feb,0.003,0.0,0.001,,0.003,2.7539944379889323,95.6,JN_events_1997-2026_FINAL.xlsx,2012-03-30 00:30:07+00:00,2012-03-30 00:00:00+00:00,True,2012-03-30 00:30:07+00:00,True,2130,2012-03-30
2012-04-06 13:30:02.000,USD,Change in Nonfarm Payrolls,NFP TCH Index,Mar,120000.0,205000.0,227000.0,263000.0,-85000.0,-0.7422116768746945,99.3,US_events_merged_1997-2026.xlsx,2012-04-06 13:30:02+00:00,2012-04-06 00:00:00+00:00,True,2012-04-06 13:30:02+00:00,True,2135,2012-04-06
2012-04-10 04:09:00.000,JPY,BOJ Target Rate,BOJDTR Index,2026-04-10 00:00:00,0.001,0.001,0.001,,0.0,0.0420753482246988,98.9,JN_events_1997-2026_FINAL.xlsx,2012-04-10 04:09:00+00:00,2012-04-10 00:00:00+00:00,True,2012-04-10 04:09:00+00:00,True,2137,2012-04-10
2012-04-13 13:30:01.000,USD,CPI MoM,CPI CHNG Index,Mar,0.003,0.003,0.004,0.002,0.0,0.0581847052687304,97.4,US_events_merged_1997-2026.xlsx,2012-04-13 13:30:01+00:00,2012-04-13 00:00:00+00:00,True,2012-04-13 13:30:01+00:00,True,2140,2012-04-13
2012-04-13 13:30:03.000,USD,CPI YoY,CPI YOY Index,Mar,0.027,0.027,0.029,,0.0,-0.049248451464625,96.0,US_events_merged_1997-2026.xlsx,2012-04-13 13:30:03+00:00,2012-04-13 00:00:00+00:00,True,2012-04-13 13:30:03+00:00,True,2140,2012-04-13
2012-04-25 17:30:00.000,USD,FOMC Rate Decision (Upper Bound),FDTR Index,2026-04-25 00:00:00,0.0025,0.0025,0.0025,,0.0,0.1006777637514929,98.0,US_events_merged_1997-2026.xlsx,2012-04-25 17:30:00+00:00,2012-04-25 00:00:00+00:00,True,2012-04-25 17:30:00+00:00,True,2148,2012-04-25
2012-04-27 00:30:04.000,JPY,Natl CPI YoY,JNCPIYOY Index,Mar,0.005,0.004,0.003,,0.001,0.7844383871393982,95.6,JN_events_1997-2026_FINAL.xlsx,2012-04-27 00:30:04+00:00,2012-04-27 00:00:00+00:00,True,2012-04-27 00:30:04+00:00,True,2150,2012-04-27
2012-04-27 00:30:08.000,JPY,Tokyo CPI Ex-Fresh Food YoY,JNCPTXFF Index,Apr,-0.005,-0.003,-0.003,,-0.002,-1.5907328140217094,91.1,JN_events_1997-2026_FINAL.xlsx,2012-04-27 00:30:08+00:00,2012-04-27 00:00:00+00:00,True,2012-04-27 00:30:08+00:00,True,2150,2012-04-27
2012-04-27 04:46:00.000,JPY,BOJ Target Rate,BOJDTR Index,2026-04-27 00:00:00,0.001,,0.001,,,,98.9,JN_events_1997-2026_FINAL.xlsx,2012-04-27 04:46:00+00:00,2012-04-27 00:00:00+00:00,True,2012-04-27 04:46:00+00:00,True,2150,2012-04-27
2012-05-04 13:30:02.000,USD,Change in Nonfarm Payrolls,NFP TCH Index,Apr,115000.0,160000.0,120000.0,239000.0,-45000.0,-0.2965953526536634,99.3,US_events_merged_1997-2026.xlsx,2012-05-04 13:30:02+00:00,2012-05-04 00:00:00+00:00,True,2012-05-04 13:30:02+00:00,True,2155,2012-05-04
2012-05-15 13:30:01.000,USD,CPI MoM,CPI CHNG Index,Apr,0.0,0.0,0.003,0.002,0.0,0.058027559369644,97.4,US_events_merged_1997-2026.xlsx,2012-05-15 13:30:01+00:00,2012-05-15 00:00:00+00:00,True,2012-05-15 13:30:01+00:00,True,2162,2012-05-15
2012-05-15 13:30:03.000,USD,CPI YoY,CPI YOY Index,Apr,0.023,0.023,0.027,,0.0,-0.0490105709144325,96.0,US_events_merged_1997-2026.xlsx,2012-05-15 13:30:03+00:00,2012-05-15 00:00:00+00:00,True,2012-05-15 13:30:03+00:00,True,2162,2012-05-15
2012-05-23 03:37:00.000,JPY,BOJ Target Rate,BOJDTR Index,2026-05-23 00:00:00,0.001,,0.001,,,,98.9,JN_events_1997-2026_FINAL.xlsx,2012-05-23 03:37:00+00:00,2012-05-23 00:00:00+00:00,True,2012-05-23 03:37:00+00:00,True,2168,2012-05-23
2012-05-25 00:30:04.000,JPY,Natl CPI YoY,JNCPIYOY Index,Apr,0.004,0.004,0.005,,0.0,-0.1615246167440406,95.6,JN_events_1997-2026_FINAL.xlsx,2012-05-25 00:30:04+00:00,2012-05-25 00:00:00+00:00,True,2012-05-25 00:30:04+00:00,True,2170,2012-05-25
2012-05-25 00:30:08.000,JPY,Tokyo CPI Ex-Fresh Food YoY,JNCPTXFF Index,May,-0.008,-0.005,-0.005,,-0.003,-2.40824962427533,91.1,JN_events_1997-2026_FINAL.xlsx,2012-05-25 00:30:08+00:00,2012-05-25 00:00:00+00:00,True,2012-05-25 00:30:08+00:00,True,2170,2012-05-25
2012-06-01 13:30:01.000,USD,Change in Nonfarm Payrolls,NFP TCH Index,May,69000.0,150000.0,115000.0,77000.0,-81000.0,-0.6949346620470686,99.3,US_events_merged_1997-2026.xlsx,2012-06-01 13:30:01+00:00,2012-06-01 00:00:00+00:00,True,2012-06-01 13:30:01+00:00,True,2175,2012-06-01
2012-06-14 13:30:01.000,USD,CPI MoM,CPI CHNG Index,May,-0.003,-0.002,0.0,0.002,-0.001,-0.7109949242004844,97.4,US_events_merged_1997-2026.xlsx,2012-06-14 13:30:01+00:00,2012-06-14 00:00:00+00:00,True,2012-06-14 13:30:01+00:00,True,2184,2012-06-14
2012-06-14 13:30:03.000,USD,CPI YoY,CPI YOY Index,May,0.017,0.018,0.023,,-0.0009999999999999,-0.6124110849153009,96.0,US_events_merged_1997-2026.xlsx,2012-06-14 13:30:03+00:00,2012-06-14 00:00:00+00:00,True,2012-06-14 13:30:03+00:00,True,2184,2012-06-14
2012-06-15 03:52:00.000,JPY,BOJ Target Rate,BOJDTR Index,2026-06-15 00:00:00,0.001,,0.001,,,,98.9,JN_events_1997-2026_FINAL.xlsx,2012-06-15 03:52:00+00:00,2012-06-15 00:00:00+00:00,True,2012-06-15 03:52:00+00:00,True,2185,2012-06-15
2012-06-20 17:30:00.000,USD,FOMC Rate Decision (Upper Bound),FDTR Index,2026-06-20 00:00:00,0.0025,0.0025,0.0025,,0.0,0.1002601237435082,98.0,US_events_merged_1997-2026.xlsx,2012-06-20 17:30:00+00:00,2012-06-20 00:00:00+00:00,True,2012-06-20 17:30:00+00:00,True,2188,2012-06-20
2012-06-29 00:30:04.000,JPY,Natl CPI YoY,JNCPIYOY Index,May,0.002,0.002,0.004,,0.0,-0.160880886513468,95.6,JN_events_1997-2026_FINAL.xlsx,2012-06-29 00:30:04+00:00,2012-06-29 00:00:00+00:00,True,2012-06-29 00:30:04+00:00,True,2195,2012-06-29
2012-06-29 00:30:08.000,JPY,Tokyo CPI Ex-Fresh Food YoY,JNCPTXFF Index,Jun,-0.006,-0.0069999999999999,-0.008,,0.0009999999999999,0.9499304742926804,91.1,JN_events_1997-2026_FINAL.xlsx,2012-06-29 00:30:08+00:00,2012-06-29 00:00:00+00:00,True,2012-06-29 00:30:08+00:00,True,2195,2012-06-29
2012-07-06 13:30:01.000,USD,Change in Nonfarm Payrolls,NFP TCH Index,Jun,80000.0,100000.0,69000.0,107000.0,-20000.0,-0.0147264112080533,99.3,US_events_merged_1997-2026.xlsx,2012-07-06 13:30:01+00:00,2012-07-06 00:00:00+00:00,True,2012-07-06 13:30:01+00:00,True,2200,2012-07-06
2012-07-12 04:51:00.776,JPY,BOJ Target Rate,BOJDTR Index,2026-07-12 00:00:00,0.001,,0.001,,,,98.9,JN_events_1997-2026_FINAL.xlsx,2012-07-12 04:51:00.776000+00:00,2012-07-12 00:00:00+00:00,True,2012-07-12 04:51:00.776000+00:00,True,2204,2012-07-12
2012-07-17 13:30:01.000,USD,CPI MoM,CPI CHNG Index,Jun,0.0,0.0,-0.003,-0.002,0.0,0.0617563863223825,97.4,US_events_merged_1997-2026.xlsx,2012-07-17 13:30:01+00:00,2012-07-17 00:00:00+00:00,True,2012-07-17 13:30:01+00:00,True,2207,2012-07-17
2012-07-17 13:30:03.000,USD,CPI YoY,CPI YOY Index,Jun,0.017,0.016,0.017,,0.001,0.5222719314547597,96.0,US_events_merged_1997-2026.xlsx,2012-07-17 13:30:03+00:00,2012-07-17 00:00:00+00:00,True,2012-07-17 13:30:03+00:00,True,2207,2012-07-17
2012-07-27 00:30:04.000,JPY,Natl CPI YoY,JNCPIYOY Index,Jun,-0.002,0.0,0.002,,-0.002,-2.0567198697347298,95.6,JN_events_1997-2026_FINAL.xlsx,2012-07-27 00:30:04+00:00,2012-07-27 00:00:00+00:00,True,2012-07-27 00:30:04+00:00,True,2215,2012-07-27
2012-07-27 00:30:08.000,JPY,Tokyo CPI Ex-Fresh Food YoY,JNCPTXFF Index,Jul,-0.006,-0.0069999999999999,-0.006,,0.0009999999999999,0.9430056163452828,91.1,JN_events_1997-2026_FINAL.xlsx,2012-07-27 00:30:08+00:00,2012-07-27 00:00:00+00:00,True,2012-07-27 00:30:08+00:00,True,2215,2012-07-27
2012-08-01 19:15:00.000,USD,FOMC Rate Decision (Upper Bound),FDTR Index,2026-08-01 00:00:00,0.0025,0.0025,0.0025,,0.0,0.0998476385540553,98.0,US_events_merged_1997-2026.xlsx,2012-08-01 19:15:00+00:00,2012-08-01 00:00:00+00:00,True,2012-08-01 19:15:00+00:00,True,2218,2012-08-01
2012-08-03 13:30:01.000,USD,Change in Nonfarm Payrolls,NFP TCH Index,Jul,163000.0,100000.0,80000.0,81000.0,63000.0,0.9095561353911558,99.3,US_events_merged_1997-2026.xlsx,2012-08-03 13:30:01+00:00,2012-08-03 00:00:00+00:00,True,2012-08-03 13:30:01+00:00,True,2220,2012-08-03
2012-08-09 04:20:00.887,JPY,BOJ Target Rate,BOJDTR Index,2026-08-09 00:00:00,0.001,0.001,0.001,,0.0,0.0418008425301719,98.9,JN_events_1997-2026_FINAL.xlsx,2012-08-09 04:20:00.887000+00:00,2012-08-09 00:00:00+00:00,True,2012-08-09 04:20:00.887000+00:00,True,2224,2012-08-09
2012-08-15 13:30:01.000,USD,CPI MoM,CPI CHNG Index,Jul,0.0,0.002,0.0,-0.001,-0.002,-1.482318325848233,97.4,US_events_merged_1997-2026.xlsx,2012-08-15 13:30:01+00:00,2012-08-15 00:00:00+00:00,True,2012-08-15 13:30:01+00:00,True,2228,2012-08-15
2012-08-15 13:30:03.000,USD,CPI YoY,CPI YOY Index,Jul,0.014,0.016,0.017,,-0.002,-1.1828106238505456,96.0,US_events_merged_1997-2026.xlsx,2012-08-15 13:30:03+00:00,2012-08-15 00:00:00+00:00,True,2012-08-15 13:30:03+00:00,True,2228,2012-08-15
2012-08-31 00:30:04.000,JPY,Natl CPI YoY,JNCPIYOY Index,Jul,-0.004,-0.003,-0.002,-0.002,-0.001,-1.0793660273113947,95.6,JN_events_1997-2026_FINAL.xlsx,2012-08-31 00:30:04+00:00,2012-08-31 00:00:00+00:00,True,2012-08-31 00:30:04+00:00,True,2240,2012-08-31
2012-08-31 00:30:08.000,JPY,Tokyo CPI Ex-Fresh Food YoY,JNCPTXFF Index,Aug,-0.005,-0.006,-0.006,,0.001,0.936230403170359,91.1,JN_events_1997-2026_FINAL.xlsx,2012-08-31 00:30:08+00:00,2012-08-31 00:00:00+00:00,True,2012-08-31 00:30:08+00:00,True,2240,2012-08-31
2012-09-07 13:30:01.000,USD,Change in Nonfarm Payrolls,NFP TCH Index,Aug,96000.0,130000.0,163000.0,144000.0,-34000.0,-0.175557320614225,99.3,US_events_merged_1997-2026.xlsx,2012-09-07 13:30:01+00:00,2012-09-07 00:00:00+00:00,True,2012-09-07 13:30:01+00:00,True,2245,2012-09-07
2012-09-13 17:30:00.000,USD,FOMC Rate Decision (Upper Bound),FDTR Index,2026-09-13 00:00:00,0.0025,0.0025,0.0025,,0.0,0.0994402030053194,98.0,US_events_merged_1997-2026.xlsx,2012-09-13 17:30:00+00:00,2012-09-13 00:00:00+00:00,True,2012-09-13 17:30:00+00:00,True,2249,2012-09-13
2012-09-14 13:30:01.000,USD,CPI MoM,CPI CHNG Index,Aug,0.006,0.006,0.0,,0.0,0.0692172085331127,97.4,US_events_merged_1997-2026.xlsx,2012-09-14 13:30:01+00:00,2012-09-14 00:00:00+00:00,True,2012-09-14 13:30:01+00:00,True,2250,2012-09-14
2012-09-14 13:30:03.000,USD,CPI YoY,CPI YOY Index,Aug,0.017,0.017,0.014,,0.0,-0.0370470671775971,96.0,US_events_merged_1997-2026.xlsx,2012-09-14 13:30:03+00:00,2012-09-14 00:00:00+00:00,True,2012-09-14 13:30:03+00:00,True,2250,2012-09-14
2012-09-19 04:44:00.191,JPY,BOJ Target Rate,BOJDTR Index,2026-09-19 00:00:00,0.001,0.001,0.001,,0.0,0.0415316393209188,98.9,JN_events_1997-2026_FINAL.xlsx,2012-09-19 04:44:00.191000+00:00,2012-09-19 00:00:00+00:00,True,2012-09-19 04:44:00.191000+00:00,True,2253,2012-09-19
2012-09-28 00:30:04.000,JPY,Natl CPI YoY,JNCPIYOY Index,Aug,-0.004,-0.005,-0.004,-0.004,0.001,0.8017910326945182,95.6,JN_events_1997-2026_FINAL.xlsx,2012-09-28 00:30:04+00:00,2012-09-28 00:00:00+00:00,True,2012-09-28 00:30:04+00:00,True,2260,2012-09-28
2012-09-28 00:30:08.000,JPY,Tokyo CPI Ex-Fresh Food YoY,JNCPTXFF Index,Sep,-0.004,-0.003,-0.005,,-0.001,-0.7207990866083267,91.1,JN_events_1997-2026_FINAL.xlsx,2012-09-28 00:30:08+00:00,2012-09-28 00:00:00+00:00,True,2012-09-28 00:30:08+00:00,True,2260,2012-09-28
2012-10-05 04:14:00.661,JPY,BOJ Target Rate,BOJDTR Index,2026-10-05 00:00:00,0.001,0.001,0.001,,0.0,0.0412675700921463,98.9,JN_events_1997-2026_FINAL.xlsx,2012-10-05 04:14:00.661000+00:00,2012-10-05 00:00:00+00:00,True,2012-10-05 04:14:00.661000+00:00,True,2265,2012-10-05
2012-10-05 13:30:01.000,USD,Change in Nonfarm Payrolls,NFP TCH Index,Sep,114000.0,115000.0,96000.0,182000.0,-1000.0,0.193532586895948,99.3,US_events_merged_1997-2026.xlsx,2012-10-05 13:30:01+00:00,2012-10-05 00:00:00+00:00,True,2012-10-05 13:30:01+00:00,True,2265,2012-10-05
2012-10-16 13:30:01.000,USD,CPI MoM,CPI CHNG Index,Sep,0.006,0.005,0.006,0.006,0.001,0.8406015389123651,97.4,US_events_merged_1997-2026.xlsx,2012-10-16 13:30:01+00:00,2012-10-16 00:00:00+00:00,True,2012-10-16 13:30:01+00:00,True,2272,2012-10-16
2012-10-16 13:30:03.000,USD,CPI YoY,CPI YOY Index,Sep,0.02,0.019,0.017,,0.001,0.5320756196325104,96.0,US_events_merged_1997-2026.xlsx,2012-10-16 13:30:03+00:00,2012-10-16 00:00:00+00:00,True,2012-10-16 13:30:03+00:00,True,2272,2012-10-16
2012-10-24 19:15:00.000,USD,FOMC Rate Decision (Upper Bound),FDTR Index,2026-10-24 00:00:00,0.0025,0.0025,0.0025,,0.0,0.0990377148996652,98.0,US_events_merged_1997-2026.xlsx,2012-10-24 19:15:00+00:00,2012-10-24 00:00:00+00:00,True,2012-10-24 19:15:00+00:00,True,2278,2012-10-24
2012-10-26 00:30:04.000,JPY,Natl CPI YoY,JNCPIYOY Index,Sep,-0.003,-0.004,-0.004,-0.004,0.001,0.7968185717705806,95.6,JN_events_1997-2026_FINAL.xlsx,2012-10-26 00:30:04+00:00,2012-10-26 00:00:00+00:00,True,2012-10-26 00:30:04+00:00,True,2280,2012-10-26
2012-10-26 00:30:08.000,JPY,Tokyo CPI Ex-Fresh Food YoY,JNCPTXFF Index,Oct,-0.004,-0.005,-0.004,,0.001,0.9367392525190404,91.1,JN_events_1997-2026_FINAL.xlsx,2012-10-26 00:30:08+00:00,2012-10-26 00:00:00+00:00,True,2012-10-26 00:30:08+00:00,True,2280,2012-10-26
2012-10-30 05:49:00.156,JPY,BOJ Target Rate,BOJDTR Index,2026-10-30 00:00:00,0.001,0.001,0.001,,0.0,0.0410084737402219,98.9,JN_events_1997-2026_FINAL.xlsx,2012-10-30 05:49:00.156000+00:00,2012-10-30 00:00:00+00:00,True,2012-10-30 05:49:00.156000+00:00,True,2282,2012-10-30
2012-11-02 12:30:01.000,USD,Change in Nonfarm Payrolls,NFP TCH Index,Oct,171000.0,125000.0,114000.0,178000.0,46000.0,0.7193442794988949,99.3,US_events_merged_1997-2026.xlsx,2012-11-02 12:30:01+00:00,2012-11-02 00:00:00+00:00,True,2012-11-02 12:30:01+00:00,True,2285,2012-11-02
2012-11-15 13:30:01.000,USD,CPI MoM,CPI CHNG Index,Oct,0.001,0.001,0.006,0.005,0.0,0.0646844446788417,97.4,US_events_merged_1997-2026.xlsx,2012-11-15 13:30:01+00:00,2012-11-15 00:00:00+00:00,True,2012-11-15 13:30:01+00:00,True,2294,2012-11-15
2012-11-15 13:30:03.000,USD,CPI YoY,CPI YOY Index,Oct,0.022,0.021,0.02,,0.0009999999999999,0.5289590912226012,96.0,US_events_merged_1997-2026.xlsx,2012-11-15 13:30:03+00:00,2012-11-15 00:00:00+00:00,True,2012-11-15 13:30:03+00:00,True,2294,2012-11-15
2012-11-20 03:14:00.000,JPY,BOJ Target Rate,BOJDTR Index,2026-11-20 00:00:00,0.001,0.001,0.001,,0.0,0.0407541961499801,98.9,JN_events_1997-2026_FINAL.xlsx,2012-11-20 03:14:00+00:00,2012-11-20 00:00:00+00:00,True,2012-11-20 03:14:00+00:00,True,2297,2012-11-20
2012-11-29 23:30:04.000,JPY,Natl CPI YoY,JNCPIYOY Index,Oct,-0.004,-0.004,-0.003,-0.003,0.0,-0.1468119814572116,95.6,JN_events_1997-2026_FINAL.xlsx,2012-11-29 23:30:04+00:00,2012-11-29 00:00:00+00:00,True,2012-11-29 23:30:04+00:00,True,2305,2012-11-30
2012-11-29 23:30:08.000,JPY,Tokyo CPI Ex-Fresh Food YoY,JNCPTXFF Index,Nov,-0.005,-0.004,-0.004,,-0.001,-0.7240376516927783,91.1,JN_events_1997-2026_FINAL.xlsx,2012-11-29 23:30:08+00:00,2012-11-29 00:00:00+00:00,True,2012-11-29 23:30:08+00:00,True,2305,2012-11-30
2012-12-07 13:30:01.000,USD,Change in Nonfarm Payrolls,NFP TCH Index,Nov,146000.0,85000.0,171000.0,152000.0,61000.0,0.884662766016337,99.3,US_events_merged_1997-2026.xlsx,2012-12-07 13:30:01+00:00,2012-12-07 00:00:00+00:00,True,2012-12-07 13:30:01+00:00,True,2310,2012-12-07
2012-12-12 17:30:00.000,USD,FOMC Rate Decision (Upper Bound),FDTR Index,2026-12-12 00:00:00,0.0025,0.0025,0.0025,,0.0,0.0986400749119379,98.0,US_events_merged_1997-2026.xlsx,2012-12-12 17:30:00+00:00,2012-12-12 00:00:00+00:00,True,2012-12-12 17:30:00+00:00,True,2313,2012-12-12
2012-12-14 13:30:01.000,USD,CPI MoM,CPI CHNG Index,Nov,-0.003,-0.002,0.001,0.003,-0.001,-0.7096754861740887,97.4,US_events_merged_1997-2026.xlsx,2012-12-14 13:30:01+00:00,2012-12-14 00:00:00+00:00,True,2012-12-14 13:30:01+00:00,True,2315,2012-12-14
2012-12-14 13:30:03.000,USD,CPI YoY,CPI YOY Index,Nov,0.018,0.019,0.022,,-0.001,-0.6196209857476771,96.0,US_events_merged_1997-2026.xlsx,2012-12-14 13:30:03+00:00,2012-12-14 00:00:00+00:00,True,2012-12-14 13:30:03+00:00,True,2315,2012-12-14
2012-12-20 04:03:00.680,JPY,BOJ Target Rate,BOJDTR Index,2026-12-20 00:00:00,0.001,0.001,0.001,,0.0,0.0405045898098049,98.9,JN_events_1997-2026_FINAL.xlsx,2012-12-20 04:03:00.680000+00:00,2012-12-20 00:00:00+00:00,True,2012-12-20 04:03:00.680000+00:00,True,2319,2012-12-20
2012-12-27 23:30:04.000,JPY,Natl CPI YoY,JNCPIYOY Index,Nov,-0.002,-0.002,-0.004,-0.004,0.0,-0.1462554330254683,95.6,JN_events_1997-2026_FINAL.xlsx,2012-12-27 23:30:04+00:00,2012-12-27 00:00:00+00:00,True,2012-12-27 23:30:04+00:00,True,2325,2012-12-28
2012-12-27 23:30:08.000,JPY,Tokyo CPI Ex-Fresh Food YoY,JNCPTXFF Index,Dec,-0.006,-0.005,-0.005,,-0.001,-0.7199641198831273,91.1,JN_events_1997-2026_FINAL.xlsx,2012-12-27 23:30:08+00:00,2012-12-27 00:00:00+00:00,True,2012-12-27 23:30:08+00:00,True,2325,2012-12-28
2013-01-04 13:30:01.000,USD,Change in Nonfarm Payrolls,NFP TCH Index,Dec,155000.0,152000.0,146000.0,156000.0,3000.0,0.229770907151971,99.3,US_events_merged_1997-2026.xlsx,2013-01-04 13:30:01+00:00,2013-01-04 00:00:00+00:00,True,2013-01-04 13:30:01+00:00,True,2330,2013-01-04
2013-01-16 13:30:01.000,USD,CPI MoM,CPI CHNG Index,Dec,0.0,0.0,-0.003,-0.002,0.0,0.0682818115652529,97.4,US_events_merged_1997-2026.xlsx,2013-01-16 13:30:01+00:00,2013-01-16 00:00:00+00:00,True,2013-01-16 13:30:01+00:00,True,2338,2013-01-16
2013-01-16 13:30:03.000,USD,CPI YoY,CPI YOY Index,Dec,0.017,0.018,0.018,,-0.0009999999999999,-0.6157753107040909,96.0,US_events_merged_1997-2026.xlsx,2013-01-16 13:30:03+00:00,2013-01-16 00:00:00+00:00,True,2013-01-16 13:30:03+00:00,True,2338,2013-01-16
2013-01-22 03:49:00.186,JPY,BOJ Target Rate,BOJDTR Index,2026-01-22 00:00:00,0.001,0.001,0.001,,0.0,0.040259513452306,98.9,JN_events_1997-2026_FINAL.xlsx,2013-01-22 03:49:00.186000+00:00,2013-01-22 00:00:00+00:00,True,2013-01-22 03:49:00.186000+00:00,True,2342,2013-01-22
2013-01-24 23:30:04.000,JPY,Natl CPI YoY,JNCPIYOY Index,Dec,-0.001,-0.002,-0.002,-0.002,0.001,0.7999774087978528,95.6,JN_events_1997-2026_FINAL.xlsx,2013-01-24 23:30:04+00:00,2013-01-24 00:00:00+00:00,True,2013-01-24 23:30:04+00:00,True,2345,2013-01-25
2013-01-24 23:30:08.000,JPY,Tokyo CPI Ex-Fresh Food YoY,JNCPTXFF Index,Jan,-0.005,-0.005,-0.006,,0.0,0.1141383478335265,91.1,JN_events_1997-2026_FINAL.xlsx,2013-01-24 23:30:08+00:00,2013-01-24 00:00:00+00:00,True,2013-01-24 23:30:08+00:00,True,2345,2013-01-25
2013-01-30 19:15:00.000,USD,FOMC Rate Decision (Upper Bound),FDTR Index,2026-01-30 00:00:00,0.0025,0.0025,0.0025,,0.0,0.0982471864864824,98.0,US_events_merged_1997-2026.xlsx,2013-01-30 19:15:00+00:00,2013-01-30 00:00:00+00:00,True,2013-01-30 19:15:00+00:00,True,2348,2013-01-30
2013-02-01 13:30:01.000,USD,Change in Nonfarm Payrolls,NFP TCH Index,Jan,157000.0,165000.0,155000.0,249000.0,-8000.0,0.1054126278013974,99.3,US_events_merged_1997-2026.xlsx,2013-02-01 13:30:01+00:00,2013-02-01 00:00:00+00:00,True,2013-02-01 13:30:01+00:00,True,2350,2013-02-01
2013-02-14 03:39:00.352,JPY,BOJ Target Rate,BOJDTR Index,2026-02-14 00:00:00,0.001,0.001,0.001,,0.0,0.0400188317186021,98.9,JN_events_1997-2026_FINAL.xlsx,2013-02-14 03:39:00.352000+00:00,2013-02-14 00:00:00+00:00,True,2013-02-14 03:39:00.352000+00:00,True,2359,2013-02-14
2013-02-21 13:30:01.000,USD,CPI MoM,CPI CHNG Index,Jan,0.0,0.001,0.0,,-0.001,-0.7091004371820329,97.4,US_events_merged_1997-2026.xlsx,2013-02-21 13:30:01+00:00,2013-02-21 00:00:00+00:00,True,2013-02-21 13:30:01+00:00,True,2364,2013-02-21
2013-02-21 13:30:03.000,USD,CPI YoY,CPI YOY Index,Jan,0.016,0.016,0.017,,0.0,-0.0360000311351756,96.0,US_events_merged_1997-2026.xlsx,2013-02-21 13:30:03+00:00,2013-02-21 00:00:00+00:00,True,2013-02-21 13:30:03+00:00,True,2364,2013-02-21
2013-02-28 23:30:04.000,JPY,Natl CPI YoY,JNCPIYOY Index,Jan,-0.003,-0.002,-0.001,-0.001,-0.001,-1.098755237518908,95.6,JN_events_1997-2026_FINAL.xlsx,2013-02-28 23:30:04+00:00,2013-02-28 00:00:00+00:00,True,2013-02-28 23:30:04+00:00,True,2370,2013-03-01
2013-02-28 23:30:08.000,JPY,Tokyo CPI Ex-Fresh Food YoY,JNCPTXFF Index,Feb,-0.006,-0.005,-0.005,,-0.001,-0.7194072830733508,91.1,JN_events_1997-2026_FINAL.xlsx,2013-02-28 23:30:08+00:00,2013-02-28 00:00:00+00:00,True,2013-02-28 23:30:08+00:00,True,2370,2013-03-01
2013-03-07 03:24:00.193,JPY,BOJ Target Rate,BOJDTR Index,2026-03-07 00:00:00,0.001,0.001,0.001,,0.0,0.0397824148444002,98.9,JN_events_1997-2026_FINAL.xlsx,2013-03-07 03:24:00.193000+00:00,2013-03-07 00:00:00+00:00,True,2013-03-07 03:24:00.193000+00:00,True,2374,2013-03-07
2013-03-08 13:30:01.000,USD,Change in Nonfarm Payrolls,NFP TCH Index,Feb,236000.0,165000.0,157000.0,183000.0,71000.0,0.9960327731312804,99.3,US_events_merged_1997-2026.xlsx,2013-03-08 13:30:01+00:00,2013-03-08 00:00:00+00:00,True,2013-03-08 13:30:01+00:00,True,2375,2013-03-08
2013-03-15 12:30:01.000,USD,CPI MoM,CPI CHNG Index,Feb,0.0069999999999999,0.005,0.0,0.002,0.0019999999999999,1.6282529509748709,97.4,US_events_merged_1997-2026.xlsx,2013-03-15 12:30:01+00:00,2013-03-15 00:00:00+00:00,True,2013-03-15 12:30:01+00:00,True,2380,2013-03-15
2013-03-15 12:30:03.000,USD,CPI YoY,CPI YOY Index,Feb,0.02,0.019,0.016,,0.001,0.5427443234302991,96.0,US_events_merged_1997-2026.xlsx,2013-03-15 12:30:03+00:00,2013-03-15 00:00:00+00:00,True,2013-03-15 12:30:03+00:00,True,2380,2013-03-15
2013-03-20 18:00:00.000,USD,FOMC Rate Decision (Upper Bound),FDTR Index,2026-03-20 00:00:00,0.0025,0.0025,0.0025,,0.0,0.0978589557386407,98.0,US_events_merged_1997-2026.xlsx,2013-03-20 18:00:00+00:00,2013-03-20 00:00:00+00:00,True,2013-03-20 18:00:00+00:00,True,2383,2013-03-20
2013-03-28 23:30:04.000,JPY,Natl CPI YoY,JNCPIYOY Index,Feb,-0.0069999999999999,-0.0069999999999999,-0.003,-0.003,0.0,-0.1436676558629702,95.6,JN_events_1997-2026_FINAL.xlsx,2013-03-28 23:30:04+00:00,2013-03-28 00:00:00+00:00,True,2013-03-28 23:30:04+00:00,True,2390,2013-03-29
2013-03-28 23:30:08.000,JPY,Tokyo CPI Ex-Fresh Food YoY,JNCPTXFF Index,Mar,-0.005,-0.006,-0.006,,0.001,0.9537515809472126,91.1,JN_events_1997-2026_FINAL.xlsx,2013-03-28 23:30:08+00:00,2013-03-28 00:00:00+00:00,True,2013-03-28 23:30:08+00:00,True,2390,2013-03-29
2013-04-04 05:42:00.524,JPY,BOJ Target Rate,BOJDTR Index,2026-04-04 00:00:00,0.001,0.001,0.001,,0.0,0.039550138366218,98.9,JN_events_1997-2026_FINAL.xlsx,2013-04-04 05:42:00.524000+00:00,2013-04-04 00:00:00+00:00,True,2013-04-04 05:42:00.524000+00:00,True,2394,2013-04-04
2013-04-05 13:30:02.000,USD,Change in Nonfarm Payrolls,NFP TCH Index,Mar,88000.0,190000.0,236000.0,289000.0,-102000.0,-0.9601115249695552,99.3,US_events_merged_1997-2026.xlsx,2013-04-05 13:30:02+00:00,2013-04-05 00:00:00+00:00,True,2013-04-05 13:30:02+00:00,True,2395,2013-04-05
2013-04-16 13:30:01.000,USD,CPI MoM,CPI CHNG Index,Mar,-0.002,0.0,0.0069999999999999,0.005,-0.002,-1.486661276717057,97.4,US_events_merged_1997-2026.xlsx,2013-04-16 13:30:01+00:00,2013-04-16 00:00:00+00:00,True,2013-04-16 13:30:01+00:00,True,2402,2013-04-16
2013-04-16 13:30:03.000,USD,CPI YoY,CPI YOY Index,Mar,0.015,0.016,0.02,,-0.001,-0.6211374073250917,96.0,US_events_merged_1997-2026.xlsx,2013-04-16 13:30:03+00:00,2013-04-16 00:00:00+00:00,True,2013-04-16 13:30:03+00:00,True,2402,2013-04-16
2013-04-26 00:30:01.000,JPY,Natl CPI YoY,JNCPIYOY Index,Mar,-0.009,-0.008,-0.0069999999999999,-0.0069999999999999,-0.001,-1.0928127776672392,95.6,JN_events_1997-2026_FINAL.xlsx,2013-04-26 00:30:01+00:00,2013-04-26 00:00:00+00:00,True,2013-04-26 00:30:01+00:00,True,2410,2013-04-26
2013-04-26 00:30:05.000,JPY,Tokyo CPI Ex-Fresh Food YoY,JNCPTXFF Index,Apr,-0.003,-0.004,-0.005,,0.001,0.9472226819516052,91.1,JN_events_1997-2026_FINAL.xlsx,2013-04-26 00:30:05+00:00,2013-04-26 00:00:00+00:00,True,2013-04-26 00:30:05+00:00,True,2410,2013-04-26
2013-04-26 05:35:00.000,JPY,BOJ Target Rate,BOJDTR Index,2026-04-26 00:00:00,,,0.001,,,,98.9,JN_events_1997-2026_FINAL.xlsx,2013-04-26 05:35:00+00:00,2013-04-26 00:00:00+00:00,True,2013-04-26 05:35:00+00:00,True,2410,2013-04-26
2013-05-01 19:00:00.000,USD,FOMC Rate Decision (Upper Bound),FDTR Index,2026-05-01 00:00:00,0.0025,0.0025,0.0025,,0.0,0.0974752913604963,98.0,US_events_merged_1997-2026.xlsx,2013-05-01 19:00:00+00:00,2013-05-01 00:00:00+00:00,True,2013-05-01 19:00:00+00:00,True,2413,2013-05-01
2013-05-03 13:30:02.000,USD,Change in Nonfarm Payrolls,NFP TCH Index,Apr,165000.0,140000.0,88000.0,143000.0,25000.0,0.4771896703867953,99.3,US_events_merged_1997-2026.xlsx,2013-05-03 13:30:02+00:00,2013-05-03 00:00:00+00:00,True,2013-05-03 13:30:02+00:00,True,2415,2013-05-03
2013-05-16 13:30:01.000,USD,CPI MoM,CPI CHNG Index,Apr,-0.004,-0.003,-0.002,-0.003,-0.001,-0.7020092026904701,97.4,US_events_merged_1997-2026.xlsx,2013-05-16 13:30:01+00:00,2013-05-16 00:00:00+00:00,True,2013-05-16 13:30:01+00:00,True,2424,2013-05-16
2013-05-16 13:30:03.000,USD,CPI YoY,CPI YOY Index,Apr,0.011,0.013,0.015,,-0.002,-1.1993963016777909,96.0,US_events_merged_1997-2026.xlsx,2013-05-16 13:30:03+00:00,2013-05-16 00:00:00+00:00,True,2013-05-16 13:30:03+00:00,True,2424,2013-05-16
2013-05-22 04:07:00.000,JPY,BOJ Target Rate,BOJDTR Index,2026-05-22 00:00:00,,,,,,,98.9,JN_events_1997-2026_FINAL.xlsx,2013-05-22 04:07:00+00:00,2013-05-22 00:00:00+00:00,True,2013-05-22 04:07:00+00:00,True,2428,2013-05-22
2013-05-31 00:30:01.000,JPY,Natl CPI YoY,JNCPIYOY Index,Apr,-0.0069999999999999,-0.0069999999999999,-0.009,-0.009,0.0,-0.1351863417841153,95.6,JN_events_1997-2026_FINAL.xlsx,2013-05-31 00:30:01+00:00,2013-05-31 00:00:00+00:00,True,2013-05-31 00:30:01+00:00,True,2435,2013-05-31
2013-05-31 00:30:05.000,JPY,Tokyo CPI Ex-Fresh Food YoY,JNCPTXFF Index,May,0.001,-0.002,-0.003,,0.003,2.6112853537144387,91.1,JN_events_1997-2026_FINAL.xlsx,2013-05-31 00:30:05+00:00,2013-05-31 00:00:00+00:00,True,2013-05-31 00:30:05+00:00,True,2435,2013-05-31
2013-06-07 13:30:02.000,USD,Change in Nonfarm Payrolls,NFP TCH Index,May,175000.0,163000.0,165000.0,184000.0,12000.0,0.3287588216479328,99.3,US_events_merged_1997-2026.xlsx,2013-06-07 13:30:02+00:00,2013-06-07 00:00:00+00:00,True,2013-06-07 13:30:02+00:00,True,2440,2013-06-07
2013-06-11 03:48:00.000,JPY,BOJ Target Rate,BOJDTR Index,2026-06-11 00:00:00,,,,,,,98.9,JN_events_1997-2026_FINAL.xlsx,2013-06-11 03:48:00+00:00,2013-06-11 00:00:00+00:00,True,2013-06-11 03:48:00+00:00,True,2442,2013-06-11
2013-06-18 13:30:01.000,USD,CPI MoM,CPI CHNG Index,May,0.001,0.002,-0.004,-0.002,-0.001,-0.6993689800202725,97.4,US_events_merged_1997-2026.xlsx,2013-06-18 13:30:01+00:00,2013-06-18 00:00:00+00:00,True,2013-06-18 13:30:01+00:00,True,2447,2013-06-18
2013-06-18 13:30:03.000,USD,CPI YoY,CPI YOY Index,May,0.014,0.014,0.011,,0.0,-0.0250392334673737,96.0,US_events_merged_1997-2026.xlsx,2013-06-18 13:30:03+00:00,2013-06-18 00:00:00+00:00,True,2013-06-18 13:30:03+00:00,True,2447,2013-06-18
2013-06-19 19:00:00.000,USD,FOMC Rate Decision (Upper Bound),FDTR Index,2026-06-19 00:00:00,0.0025,0.0025,0.0025,,0.0,0.0970961045306539,98.0,US_events_merged_1997-2026.xlsx,2013-06-19 19:00:00+00:00,2013-06-19 00:00:00+00:00,True,2013-06-19 19:00:00+00:00,True,2448,2013-06-19
2013-06-28 00:30:01.000,JPY,Natl CPI YoY,JNCPIYOY Index,May,-0.003,-0.004,-0.0069999999999999,-0.0069999999999999,0.001,0.8177078468507751,95.6,JN_events_1997-2026_FINAL.xlsx,2013-06-28 00:30:01+00:00,2013-06-28 00:00:00+00:00,True,2013-06-28 00:30:01+00:00,True,2455,2013-06-28
2013-06-28 00:30:05.000,JPY,Tokyo CPI Ex-Fresh Food YoY,JNCPTXFF Index,Jun,0.002,0.002,0.001,,0.0,0.0853362026430548,91.1,JN_events_1997-2026_FINAL.xlsx,2013-06-28 00:30:05+00:00,2013-06-28 00:00:00+00:00,True,2013-06-28 00:30:05+00:00,True,2455,2013-06-28
2013-07-05 13:30:02.000,USD,Change in Nonfarm Payrolls,NFP TCH Index,Jun,195000.0,166000.0,175000.0,223000.0,29000.0,0.5204168292425068,99.3,US_events_merged_1997-2026.xlsx,2013-07-05 13:30:02+00:00,2013-07-05 00:00:00+00:00,True,2013-07-05 13:30:02+00:00,True,2460,2013-07-05
2013-07-11 03:47:00.000,JPY,BOJ Target Rate,BOJDTR Index,2026-07-11 00:00:00,,,,,,,98.9,JN_events_1997-2026_FINAL.xlsx,2013-07-11 03:47:00+00:00,2013-07-11 00:00:00+00:00,True,2013-07-11 03:47:00+00:00,True,2464,2013-07-11
2013-07-16 13:30:01.000,USD,CPI MoM,CPI CHNG Index,Jun,0.005,0.003,0.001,0.0,0.002,1.627067026565938,97.4,US_events_merged_1997-2026.xlsx,2013-07-16 13:30:01+00:00,2013-07-16 00:00:00+00:00,True,2013-07-16 13:30:01+00:00,True,2467,2013-07-16
2013-07-16 13:30:03.000,USD,CPI YoY,CPI YOY Index,Jun,0.018,0.016,0.014,,0.0019999999999999,1.1419248810268394,96.0,US_events_merged_1997-2026.xlsx,2013-07-16 13:30:03+00:00,2013-07-16 00:00:00+00:00,True,2013-07-16 13:30:03+00:00,True,2467,2013-07-16
2013-07-26 00:30:01.000,JPY,Natl CPI YoY,JNCPIYOY Index,Jun,0.002,0.001,-0.003,-0.003,0.001,0.8128848273713228,95.6,JN_events_1997-2026_FINAL.xlsx,2013-07-26 00:30:01+00:00,2013-07-26 00:00:00+00:00,True,2013-07-26 00:30:01+00:00,True,2475,2013-07-26
2013-07-26 00:30:05.000,JPY,Tokyo CPI Ex-Fresh Food YoY,JNCPTXFF Index,Jul,0.003,0.003,0.002,,0.0,0.0850351348580312,91.1,JN_events_1997-2026_FINAL.xlsx,2013-07-26 00:30:05+00:00,2013-07-26 00:00:00+00:00,True,2013-07-26 00:30:05+00:00,True,2475,2013-07-26
2013-07-31 19:00:00.000,USD,FOMC Rate Decision (Upper Bound),FDTR Index,2026-07-31 00:00:00,0.0025,0.0025,0.0025,,0.0,0.0967213088278488,98.0,US_events_merged_1997-2026.xlsx,2013-07-31 19:00:00+00:00,2013-07-31 00:00:00+00:00,True,2013-07-31 19:00:00+00:00,True,2478,2013-07-31
2013-08-02 13:30:01.000,USD,Change in Nonfarm Payrolls,NFP TCH Index,Jul,162000.0,185000.0,195000.0,183000.0,-23000.0,-0.0714394743970222,99.3,US_events_merged_1997-2026.xlsx,2013-08-02 13:30:01+00:00,2013-08-02 00:00:00+00:00,True,2013-08-02 13:30:01+00:00,True,2480,2013-08-02
2013-08-08 03:59:00.000,JPY,BOJ Target Rate,BOJDTR Index,2026-08-08 00:00:00,,,,,,,98.9,JN_events_1997-2026_FINAL.xlsx,2013-08-08 03:59:00+00:00,2013-08-08 00:00:00+00:00,True,2013-08-08 03:59:00+00:00,True,2484,2013-08-08
2013-08-15 13:30:04.000,USD,CPI MoM,CPI CHNG Index,Jul,0.002,0.002,0.005,0.002,0.0,0.0694302774791171,97.4,US_events_merged_1997-2026.xlsx,2013-08-15 13:30:04+00:00,2013-08-15 00:00:00+00:00,True,2013-08-15 13:30:04+00:00,True,2489,2013-08-15
2013-08-15 13:30:06.000,USD,CPI YoY,CPI YOY Index,Jul,0.02,0.02,0.018,,0.0,-0.0345669403008805,96.0,US_events_merged_1997-2026.xlsx,2013-08-15 13:30:06+00:00,2013-08-15 00:00:00+00:00,True,2013-08-15 13:30:06+00:00,True,2489,2013-08-15
2013-08-30 00:30:01.000,JPY,Natl CPI YoY,JNCPIYOY Index,Jul,0.0069999999999999,0.0069999999999999,0.002,,0.0,-0.1465689708732218,95.6,JN_events_1997-2026_FINAL.xlsx,2013-08-30 00:30:01+00:00,2013-08-30 00:00:00+00:00,True,2013-08-30 00:30:01+00:00,True,2500,2013-08-30
2013-08-30 00:30:05.000,JPY,Tokyo CPI Ex-Fresh Food YoY,JNCPTXFF Index,Aug,0.004,0.004,0.003,,0.0,0.084737231277469,91.1,JN_events_1997-2026_FINAL.xlsx,2013-08-30 00:30:05+00:00,2013-08-30 00:00:00+00:00,True,2013-08-30 00:30:05+00:00,True,2500,2013-08-30
2013-09-05 03:42:00.000,JPY,BOJ Target Rate,BOJDTR Index,2026-09-05 00:00:00,,,,,,,98.9,JN_events_1997-2026_FINAL.xlsx,2013-09-05 03:42:00+00:00,2013-09-05 00:00:00+00:00,True,2013-09-05 03:42:00+00:00,True,2504,2013-09-05
2013-09-06 13:30:01.000,USD,Change in Nonfarm Payrolls,NFP TCH Index,Aug,169000.0,180000.0,162000.0,112000.0,-11000.0,0.0652822906264972,99.3,US_events_merged_1997-2026.xlsx,2013-09-06 13:30:01+00:00,2013-09-06 00:00:00+00:00,True,2013-09-06 13:30:01+00:00,True,2505,2013-09-06
2013-09-17 13:30:04.000,USD,CPI MoM,CPI CHNG Index,Aug,0.001,0.002,0.002,,-0.001,-0.7041167074660757,97.4,US_events_merged_1997-2026.xlsx,2013-09-17 13:30:04+00:00,2013-09-17 00:00:00+00:00,True,2013-09-17 13:30:04+00:00,True,2512,2013-09-17
2013-09-17 13:30:06.000,USD,CPI YoY,CPI YOY Index,Aug,0.015,0.016,0.02,,-0.001,-0.6196042162972207,96.0,US_events_merged_1997-2026.xlsx,2013-09-17 13:30:06+00:00,2013-09-17 00:00:00+00:00,True,2013-09-17 13:30:06+00:00,True,2512,2013-09-17
2013-09-18 19:00:00.000,USD,FOMC Rate Decision (Upper Bound),FDTR Index,2026-09-18 00:00:00,0.0025,0.0025,0.0025,,0.0,0.0963508201481977,98.0,US_events_merged_1997-2026.xlsx,2013-09-18 19:00:00+00:00,2013-09-18 00:00:00+00:00,True,2013-09-18 19:00:00+00:00,True,2513,2013-09-18
2013-09-27 00:30:01.000,JPY,Natl CPI YoY,JNCPIYOY Index,Aug,0.009,0.008,0.0069999999999999,,0.001,0.8119742135133724,95.6,JN_events_1997-2026_FINAL.xlsx,2013-09-27 00:30:01+00:00,2013-09-27 00:00:00+00:00,True,2013-09-27 00:30:01+00:00,True,2520,2013-09-27
2013-09-27 00:30:05.000,JPY,Tokyo CPI Ex-Fresh Food YoY,JNCPTXFF Index,Sep,0.002,0.003,0.004,,-0.001,-0.7427487813675069,91.1,JN_events_1997-2026_FINAL.xlsx,2013-09-27 00:30:05+00:00,2013-09-27 00:00:00+00:00,True,2013-09-27 00:30:05+00:00,True,2520,2013-09-27
2013-10-04 03:49:00.000,JPY,BOJ Target Rate,BOJDTR Index,2026-10-04 00:00:00,,,,,,,98.9,JN_events_1997-2026_FINAL.xlsx,2013-10-04 03:49:00+00:00,2013-10-04 00:00:00+00:00,True,2013-10-04 03:49:00+00:00,True,2525,2013-10-04
2013-10-22 13:30:01.000,USD,Change in Nonfarm Payrolls,NFP TCH Index,Sep,148000.0,180000.0,169000.0,255000.0,-32000.0,-0.1744319064614733,99.3,US_events_merged_1997-2026.xlsx,2013-10-22 13:30:01+00:00,2013-10-22 00:00:00+00:00,True,2013-10-22 13:30:01+00:00,True,2537,2013-10-22
2013-10-25 00:30:01.000,JPY,Natl CPI YoY,JNCPIYOY Index,Sep,0.011,0.009,0.009,,0.0019999999999999,1.7664917880926456,95.6,JN_events_1997-2026_FINAL.xlsx,2013-10-25 00:30:01+00:00,2013-10-25 00:00:00+00:00,True,2013-10-25 00:30:01+00:00,True,2540,2013-10-25
2013-10-25 00:30:05.000,JPY,Tokyo CPI Ex-Fresh Food YoY,JNCPTXFF Index,Oct,0.003,0.003,0.002,,0.0,0.0897057813584048,91.1,JN_events_1997-2026_FINAL.xlsx,2013-10-25 00:30:05+00:00,2013-10-25 00:00:00+00:00,True,2013-10-25 00:30:05+00:00,True,2540,2013-10-25
2013-10-30 12:30:01.000,USD,CPI MoM,CPI CHNG Index,Sep,0.002,0.002,0.001,0.002,0.0,0.0728349652232382,97.4,US_events_merged_1997-2026.xlsx,2013-10-30 12:30:01+00:00,2013-10-30 00:00:00+00:00,True,2013-10-30 12:30:01+00:00,True,2543,2013-10-30
2013-10-30 12:30:03.000,USD,CPI YoY,CPI YOY Index,Sep,0.012,0.012,0.015,,0.0,-0.0293355202943483,96.0,US_events_merged_1997-2026.xlsx,2013-10-30 12:30:03+00:00,2013-10-30 00:00:00+00:00,True,2013-10-30 12:30:03+00:00,True,2543,2013-10-30
2013-10-30 18:00:00.000,USD,FOMC Rate Decision (Upper Bound),FDTR Index,2026-10-30 00:00:00,0.0025,0.0025,0.0025,,0.0,0.09598455662591,98.0,US_events_merged_1997-2026.xlsx,2013-10-30 18:00:00+00:00,2013-10-30 00:00:00+00:00,True,2013-10-30 18:00:00+00:00,True,2543,2013-10-30
2013-10-31 04:14:00.000,JPY,BOJ Target Rate,BOJDTR Index,2026-10-31 00:00:00,,,,,,,98.9,JN_events_1997-2026_FINAL.xlsx,2013-10-31 04:14:00+00:00,2013-10-31 00:00:00+00:00,True,2013-10-31 04:14:00+00:00,True,2544,2013-10-31
2013-11-08 13:30:01.000,USD,Change in Nonfarm Payrolls,NFP TCH Index,Oct,204000.0,120000.0,148000.0,175000.0,84000.0,1.1524807903978649,99.3,US_events_merged_1997-2026.xlsx,2013-11-08 13:30:01+00:00,2013-11-08 00:00:00+00:00,True,2013-11-08 13:30:01+00:00,True,2550,2013-11-08
2013-11-20 13:30:05.000,USD,CPI MoM,CPI CHNG Index,Oct,-0.001,0.0,0.002,0.0,-0.001,-0.7036090616296105,97.4,US_events_merged_1997-2026.xlsx,2013-11-20 13:30:05+00:00,2013-11-20 00:00:00+00:00,True,2013-11-20 13:30:05+00:00,True,2558,2013-11-20
2013-11-20 13:30:07.000,USD,CPI YoY,CPI YOY Index,Oct,0.01,0.01,0.012,,0.0,-0.0292149573045969,96.0,US_events_merged_1997-2026.xlsx,2013-11-20 13:30:07+00:00,2013-11-20 00:00:00+00:00,True,2013-11-20 13:30:07+00:00,True,2558,2013-11-20
2013-11-21 03:15:00.000,JPY,BOJ Target Rate,BOJDTR Index,2026-11-21 00:00:00,,,,,,,98.9,JN_events_1997-2026_FINAL.xlsx,2013-11-21 03:15:00+00:00,2013-11-21 00:00:00+00:00,True,2013-11-21 03:15:00+00:00,True,2559,2013-11-21
2013-11-28 23:30:01.000,JPY,Natl CPI YoY,JNCPIYOY Index,Oct,0.011,0.011,0.011,,0.0,-0.1628703159771809,95.6,JN_events_1997-2026_FINAL.xlsx,2013-11-28 23:30:01+00:00,2013-11-28 00:00:00+00:00,True,2013-11-28 23:30:01+00:00,True,2565,2013-11-29
2013-11-28 23:30:05.000,JPY,Tokyo CPI Ex-Fresh Food YoY,JNCPTXFF Index,Nov,0.006,0.004,0.003,,0.002,1.7520807874436923,91.1,JN_events_1997-2026_FINAL.xlsx,2013-11-28 23:30:05+00:00,2013-11-28 00:00:00+00:00,True,2013-11-28 23:30:05+00:00,True,2565,2013-11-29
2013-12-06 13:30:01.000,USD,Change in Nonfarm Payrolls,NFP TCH Index,Nov,203000.0,185000.0,204000.0,220000.0,18000.0,0.3917194093760706,99.3,US_events_merged_1997-2026.xlsx,2013-12-06 13:30:01+00:00,2013-12-06 00:00:00+00:00,True,2013-12-06 13:30:01+00:00,True,2570,2013-12-06
2013-12-17 13:30:01.000,USD,CPI MoM,CPI CHNG Index,Nov,0.0,0.001,-0.001,0.001,-0.001,-0.7010366015540805,97.4,US_events_merged_1997-2026.xlsx,2013-12-17 13:30:01+00:00,2013-12-17 00:00:00+00:00,True,2013-12-17 13:30:01+00:00,True,2577,2013-12-17
2013-12-17 13:30:03.000,USD,CPI YoY,CPI YOY Index,Nov,0.012,0.013,0.01,,-0.0009999999999999,-0.6207118623003731,96.0,US_events_merged_1997-2026.xlsx,2013-12-17 13:30:03+00:00,2013-12-17 00:00:00+00:00,True,2013-12-17 13:30:03+00:00,True,2577,2013-12-17
2013-12-18 19:00:04.000,USD,FOMC Rate Decision (Upper Bound),FDTR Index,2026-12-18 00:00:00,0.0025,0.0025,0.0025,,0.0,0.0956224385572891,98.0,US_events_merged_1997-2026.xlsx,2013-12-18 19:00:04+00:00,2013-12-18 00:00:00+00:00,True,2013-12-18 19:00:04+00:00,True,2578,2013-12-18
2013-12-20 02:57:00.000,JPY,BOJ Target Rate,BOJDTR Index,2026-12-20 00:00:00,,,,,,,98.9,JN_events_1997-2026_FINAL.xlsx,2013-12-20 02:57:00+00:00,2013-12-20 00:00:00+00:00,True,2013-12-20 02:57:00+00:00,True,2580,2013-12-20
2013-12-26 23:30:01.000,JPY,Natl CPI YoY,JNCPIYOY Index,Nov,0.015,0.015,0.011,,0.0,-0.1623005967383558,95.6,JN_events_1997-2026_FINAL.xlsx,2013-12-26 23:30:01+00:00,2013-12-26 00:00:00+00:00,True,2013-12-26 23:30:01+00:00,True,2585,2013-12-27
2013-12-26 23:30:05.000,JPY,Tokyo CPI Ex-Fresh Food YoY,JNCPTXFF Index,Dec,0.0069999999999999,0.0069999999999999,0.006,,0.0,0.0769407735999243,91.1,JN_events_1997-2026_FINAL.xlsx,2013-12-26 23:30:05+00:00,2013-12-26 00:00:00+00:00,True,2013-12-26 23:30:05+00:00,True,2585,2013-12-27
2014-01-10 13:30:01.000,USD,Change in Nonfarm Payrolls,NFP TCH Index,Dec,74000.0,197000.0,203000.0,276000.0,-123000.0,-1.223848346849814,99.3,US_events_merged_1997-2026.xlsx,2014-01-10 13:30:01+00:00,2014-01-10 00:00:00+00:00,True,2014-01-10 13:30:01+00:00,True,2595,2014-01-10
2014-01-16 13:30:01.000,USD,CPI MoM,CPI CHNG Index,Dec,0.003,0.003,0.0,0.002,0.0,0.0797192176011147,97.4,US_events_merged_1997-2026.xlsx,2014-01-16 13:30:01+00:00,2014-01-16 00:00:00+00:00,True,2014-01-16 13:30:01+00:00,True,2599,2014-01-16
2014-01-16 13:30:03.000,USD,CPI YoY,CPI YOY Index,Dec,0.015,0.015,0.012,,0.0,-0.0241105601400169,96.0,US_events_merged_1997-2026.xlsx,2014-01-16 13:30:03+00:00,2014-01-16 00:00:00+00:00,True,2014-01-16 13:30:03+00:00,True,2599,2014-01-16
2014-01-22 03:20:00.000,JPY,BOJ Target Rate,BOJDTR Index,2026-01-22 00:00:00,,,,,,,98.9,JN_events_1997-2026_FINAL.xlsx,2014-01-22 03:20:00+00:00,2014-01-22 00:00:00+00:00,True,2014-01-22 03:20:00+00:00,True,2603,2014-01-22
2014-01-29 19:00:04.000,USD,FOMC Rate Decision (Upper Bound),FDTR Index,2026-01-29 00:00:00,0.0025,0.0025,0.0025,,0.0,0.095264388327865,98.0,US_events_merged_1997-2026.xlsx,2014-01-29 19:00:04+00:00,2014-01-29 00:00:00+00:00,True,2014-01-29 19:00:04+00:00,True,2608,2014-01-29
2014-01-30 23:30:01.000,JPY,Natl CPI YoY,JNCPIYOY Index,Dec,0.016,0.015,0.015,,0.001,0.7969451156637402,95.6,JN_events_1997-2026_FINAL.xlsx,2014-01-30 23:30:01+00:00,2014-01-30 00:00:00+00:00,True,2014-01-30 23:30:01+00:00,True,2610,2014-01-31
2014-01-30 23:30:05.000,JPY,Tokyo CPI Ex-Fresh Food YoY,JNCPTXFF Index,Jan,0.0069999999999999,0.0069999999999999,0.0069999999999999,,0.0,0.0766806282457512,91.1,JN_events_1997-2026_FINAL.xlsx,2014-01-30 23:30:05+00:00,2014-01-30 00:00:00+00:00,True,2014-01-30 23:30:05+00:00,True,2610,2014-01-31
2014-02-07 13:30:01.000,USD,Change in Nonfarm Payrolls,NFP TCH Index,Jan,113000.0,180000.0,74000.0,55000.0,-67000.0,-0.5759197575261649,99.3,US_events_merged_1997-2026.xlsx,2014-02-07 13:30:01+00:00,2014-02-07 00:00:00+00:00,True,2014-02-07 13:30:01+00:00,True,2615,2014-02-07
2014-02-18 03:28:00.000,JPY,BOJ Target Rate,BOJDTR Index,2026-02-18 00:00:00,,,,,,,98.9,JN_events_1997-2026_FINAL.xlsx,2014-02-18 03:28:00+00:00,2014-02-18 00:00:00+00:00,True,2014-02-18 03:28:00+00:00,True,2622,2014-02-18
2014-02-20 13:30:01.000,USD,CPI MoM,CPI CHNG Index,Jan,0.001,0.001,0.003,0.003,0.0,0.0795252024563992,97.4,US_events_merged_1997-2026.xlsx,2014-02-20 13:30:01+00:00,2014-02-20 00:00:00+00:00,True,2014-02-20 13:30:01+00:00,True,2624,2014-02-20
2014-02-20 13:30:03.000,USD,CPI YoY,CPI YOY Index,Jan,0.016,0.016,0.015,,0.0,-0.0240138802388651,96.0,US_events_merged_1997-2026.xlsx,2014-02-20 13:30:03+00:00,2014-02-20 00:00:00+00:00,True,2014-02-20 13:30:03+00:00,True,2624,2014-02-20
2014-02-27 23:30:01.000,JPY,Natl CPI YoY,JNCPIYOY Index,Jan,0.014,0.013,0.016,,0.001,0.7925561737106448,95.6,JN_events_1997-2026_FINAL.xlsx,2014-02-27 23:30:01+00:00,2014-02-27 00:00:00+00:00,True,2014-02-27 23:30:01+00:00,True,2630,2014-02-28
2014-02-27 23:30:05.000,JPY,Tokyo CPI Ex-Fresh Food YoY,JNCPTXFF Index,Feb,0.009,0.008,0.0069999999999999,,0.001,0.9075940878426948,91.1,JN_events_1997-2026_FINAL.xlsx,2014-02-27 23:30:05+00:00,2014-02-27 00:00:00+00:00,True,2014-02-27 23:30:05+00:00,True,2630,2014-02-28
2014-03-07 13:30:01.000,USD,Change in Nonfarm Payrolls,NFP TCH Index,Feb,175000.0,149000.0,113000.0,189000.0,26000.0,0.4912761944537657,99.3,US_events_merged_1997-2026.xlsx,2014-03-07 13:30:01+00:00,2014-03-07 00:00:00+00:00,True,2014-03-07 13:30:01+00:00,True,2635,2014-03-07
2014-03-11 03:00:00.000,JPY,BOJ Target Rate,BOJDTR Index,2026-03-11 00:00:00,,,,,,,98.9,JN_events_1997-2026_FINAL.xlsx,2014-03-11 03:00:00+00:00,2014-03-11 00:00:00+00:00,True,2014-03-11 03:00:00+00:00,True,2637,2014-03-11
2014-03-18 12:30:01.000,USD,CPI MoM,CPI CHNG Index,Feb,0.001,0.001,0.001,0.002,0.0,0.0793325970070151,97.4,US_events_merged_1997-2026.xlsx,2014-03-18 12:30:01+00:00,2014-03-18 00:00:00+00:00,True,2014-03-18 12:30:01+00:00,True,2642,2014-03-18
2014-03-18 12:30:03.000,USD,CPI YoY,CPI YOY Index,Feb,0.011,0.012,0.016,,-0.001,-0.6218772042845488,96.0,US_events_merged_1997-2026.xlsx,2014-03-18 12:30:03+00:00,2014-03-18 00:00:00+00:00,True,2014-03-18 12:30:03+00:00,True,2642,2014-03-18
2014-03-19 18:00:04.000,USD,FOMC Rate Decision (Upper Bound),FDTR Index,2026-03-19 00:00:00,0.0025,0.0025,0.0025,,0.0,0.094910330342506,98.0,US_events_merged_1997-2026.xlsx,2014-03-19 18:00:04+00:00,2014-03-19 00:00:00+00:00,True,2014-03-19 18:00:04+00:00,True,2643,2014-03-19
2014-03-27 23:30:01.000,JPY,Natl CPI YoY,JNCPIYOY Index,Feb,0.015,0.015,0.014,,0.0,-0.1728707695792443,95.6,JN_events_1997-2026_FINAL.xlsx,2014-03-27 23:30:01+00:00,2014-03-27 00:00:00+00:00,True,2014-03-27 23:30:01+00:00,True,2650,2014-03-28
2014-03-27 23:30:05.000,JPY,Tokyo CPI Ex-Fresh Food YoY,JNCPTXFF Index,Mar,0.01,0.009,0.009,,0.0009999999999999,0.9020938587869286,91.1,JN_events_1997-2026_FINAL.xlsx,2014-03-27 23:30:05+00:00,2014-03-27 00:00:00+00:00,True,2014-03-27 23:30:05+00:00,True,2650,2014-03-28
2014-04-04 13:30:01.000,USD,Change in Nonfarm Payrolls,NFP TCH Index,Mar,192000.0,200000.0,175000.0,151000.0,-8000.0,0.0995932401369254,99.3,US_events_merged_1997-2026.xlsx,2014-04-04 13:30:01+00:00,2014-04-04 00:00:00+00:00,True,2014-04-04 13:30:01+00:00,True,2655,2014-04-04
2014-04-08 03:50:00.000,JPY,BOJ Target Rate,BOJDTR Index,2026-04-08 00:00:00,,,,,,,98.9,JN_events_1997-2026_FINAL.xlsx,2014-04-08 03:50:00+00:00,2014-04-08 00:00:00+00:00,True,2014-04-08 03:50:00+00:00,True,2657,2014-04-08
2014-04-15 13:30:01.000,USD,CPI MoM,CPI CHNG Index,Mar,0.002,0.001,0.001,,0.001,0.8630179522110414,97.4,US_events_merged_1997-2026.xlsx,2014-04-15 13:30:01+00:00,2014-04-15 00:00:00+00:00,True,2014-04-15 13:30:01+00:00,True,2662,2014-04-15
2014-04-15 13:30:03.000,USD,CPI YoY,CPI YOY Index,Mar,0.015,0.014,0.011,,0.0009999999999999,0.5804087097054129,96.0,US_events_merged_1997-2026.xlsx,2014-04-15 13:30:03+00:00,2014-04-15 00:00:00+00:00,True,2014-04-15 13:30:03+00:00,True,2662,2014-04-15
2014-04-25 00:30:01.000,JPY,Natl CPI YoY,JNCPIYOY Index,Mar,0.016,0.016,0.015,,0.0,-0.1722801738481875,95.6,JN_events_1997-2026_FINAL.xlsx,2014-04-25 00:30:01+00:00,2014-04-25 00:00:00+00:00,True,2014-04-25 00:30:01+00:00,True,2670,2014-04-25
2014-04-25 00:30:05.000,JPY,Tokyo CPI Ex-Fresh Food YoY,JNCPTXFF Index,Apr,0.027,0.028,0.01,,-0.001,-0.7677276307344848,91.1,JN_events_1997-2026_FINAL.xlsx,2014-04-25 00:30:05+00:00,2014-04-25 00:00:00+00:00,True,2014-04-25 00:30:05+00:00,True,2670,2014-04-25
2014-04-30 04:51:00.000,JPY,BOJ Target Rate,BOJDTR Index,2026-04-30 00:00:00,,,,,,,98.9,JN_events_1997-2026_FINAL.xlsx,2014-04-30 04:51:00+00:00,2014-04-30 00:00:00+00:00,True,2014-04-30 04:51:00+00:00,True,2673,2014-04-30
2014-04-30 19:00:04.000,USD,FOMC Rate Decision (Upper Bound),FDTR Index,2026-04-30 00:00:00,0.0025,0.0025,0.0025,,0.0,0.0945601909583668,98.0,US_events_merged_1997-2026.xlsx,2014-04-30 19:00:04+00:00,2014-04-30 00:00:00+00:00,True,2014-04-30 19:00:04+00:00,True,2673,2014-04-30
2014-05-02 13:30:01.000,USD,Change in Nonfarm Payrolls,NFP TCH Index,Apr,288000.0,218000.0,192000.0,273000.0,70000.0,0.9966831550854536,99.3,US_events_merged_1997-2026.xlsx,2014-05-02 13:30:01+00:00,2014-05-02 00:00:00+00:00,True,2014-05-02 13:30:01+00:00,True,2675,2014-05-02
2014-05-15 13:30:02.000,USD,CPI MoM,CPI CHNG Index,Apr,0.003,0.003,0.002,0.002,0.0,0.0750588149801592,97.4,US_events_merged_1997-2026.xlsx,2014-05-15 13:30:02+00:00,2014-05-15 00:00:00+00:00,True,2014-05-15 13:30:02+00:00,True,2684,2014-05-15
2014-05-15 13:30:04.000,USD,CPI YoY,CPI YOY Index,Apr,0.02,0.02,0.015,,0.0,-0.0236625397763086,96.0,US_events_merged_1997-2026.xlsx,2014-05-15 13:30:04+00:00,2014-05-15 00:00:00+00:00,True,2014-05-15 13:30:04+00:00,True,2684,2014-05-15
2014-05-21 03:41:00.000,JPY,BOJ Target Rate,BOJDTR Index,2026-05-21 00:00:00,,,,,,,98.9,JN_events_1997-2026_FINAL.xlsx,2014-05-21 03:41:00+00:00,2014-05-21 00:00:00+00:00,True,2014-05-21 03:41:00+00:00,True,2688,2014-05-21
2014-05-30 00:30:01.000,JPY,Natl CPI YoY,JNCPIYOY Index,Apr,0.034,0.034,0.016,,0.0,-0.1716955913621676,95.6,JN_events_1997-2026_FINAL.xlsx,2014-05-30 00:30:01+00:00,2014-05-30 00:00:00+00:00,True,2014-05-30 00:30:01+00:00,True,2695,2014-05-30
2014-05-30 00:30:05.000,JPY,Tokyo CPI Ex-Fresh Food YoY,JNCPTXFF Index,May,0.028,0.029,0.027,,-0.001,-0.7637256665008048,91.1,JN_events_1997-2026_FINAL.xlsx,2014-05-30 00:30:05+00:00,2014-05-30 00:00:00+00:00,True,2014-05-30 00:30:05+00:00,True,2695,2014-05-30
2014-06-06 13:30:01.000,USD,Change in Nonfarm Payrolls,NFP TCH Index,May,217000.0,215000.0,288000.0,313000.0,2000.0,0.2095836222344499,99.3,US_events_merged_1997-2026.xlsx,2014-06-06 13:30:01+00:00,2014-06-06 00:00:00+00:00,True,2014-06-06 13:30:01+00:00,True,2700,2014-06-06
2014-06-13 03:41:00.000,JPY,BOJ Target Rate,BOJDTR Index,2026-06-13 00:00:00,,,,,,,98.9,JN_events_1997-2026_FINAL.xlsx,2014-06-13 03:41:00+00:00,2014-06-13 00:00:00+00:00,True,2014-06-13 03:41:00+00:00,True,2705,2014-06-13
2014-06-17 13:30:01.000,USD,CPI MoM,CPI CHNG Index,May,0.004,0.002,0.003,0.002,0.002,1.6473542391571234,97.4,US_events_merged_1997-2026.xlsx,2014-06-17 13:30:01+00:00,2014-06-17 00:00:00+00:00,True,2014-06-17 13:30:01+00:00,True,2707,2014-06-17
2014-06-17 13:30:03.000,USD,CPI YoY,CPI YOY Index,May,0.021,0.02,0.02,,0.001,0.5798368948553329,96.0,US_events_merged_1997-2026.xlsx,2014-06-17 13:30:03+00:00,2014-06-17 00:00:00+00:00,True,2014-06-17 13:30:03+00:00,True,2707,2014-06-17
2014-06-18 19:00:04.000,USD,FOMC Rate Decision (Upper Bound),FDTR Index,2026-06-18 00:00:00,0.0025,0.0025,0.0025,,0.0,0.0942138984205376,98.0,US_events_merged_1997-2026.xlsx,2014-06-18 19:00:04+00:00,2014-06-18 00:00:00+00:00,True,2014-06-18 19:00:04+00:00,True,2708,2014-06-18
2014-06-27 00:30:01.000,JPY,Natl CPI YoY,JNCPIYOY Index,May,0.037,0.037,0.034,,0.0,-0.1711169207483777,95.6,JN_events_1997-2026_FINAL.xlsx,2014-06-27 00:30:01+00:00,2014-06-27 00:00:00+00:00,True,2014-06-27 00:30:01+00:00,True,2715,2014-06-27
2014-06-27 00:30:05.000,JPY,Tokyo CPI Ex-Fresh Food YoY,JNCPTXFF Index,Jun,0.028,0.028,0.028,,0.0,0.0747240846218439,91.1,JN_events_1997-2026_FINAL.xlsx,2014-06-27 00:30:05+00:00,2014-06-27 00:00:00+00:00,True,2014-06-27 00:30:05+00:00,True,2715,2014-06-27
2014-07-03 13:30:01.000,USD,Change in Nonfarm Payrolls,NFP TCH Index,Jun,288000.0,215000.0,217000.0,215000.0,73000.0,1.027778698502302,99.3,US_events_merged_1997-2026.xlsx,2014-07-03 13:30:01+00:00,2014-07-03 00:00:00+00:00,True,2014-07-03 13:30:01+00:00,True,2719,2014-07-03
2014-07-15 03:58:00.000,JPY,BOJ Target Rate,BOJDTR Index,2026-07-15 00:00:00,,,,,,,98.9,JN_events_1997-2026_FINAL.xlsx,2014-07-15 03:58:00+00:00,2014-07-15 00:00:00+00:00,True,2014-07-15 03:58:00+00:00,True,2727,2014-07-15
2014-07-22 13:30:01.000,USD,CPI MoM,CPI CHNG Index,Jun,0.003,0.003,0.004,0.002,0.0,0.0668023816365087,97.4,US_events_merged_1997-2026.xlsx,2014-07-22 13:30:01+00:00,2014-07-22 00:00:00+00:00,True,2014-07-22 13:30:01+00:00,True,2732,2014-07-22
2014-07-22 13:30:03.000,USD,CPI YoY,CPI YOY Index,Jun,0.021,0.021,0.021,,0.0,-0.028138809055979,96.0,US_events_merged_1997-2026.xlsx,2014-07-22 13:30:03+00:00,2014-07-22 00:00:00+00:00,True,2014-07-22 13:30:03+00:00,True,2732,2014-07-22
2014-07-25 00:30:01.000,JPY,Natl CPI YoY,JNCPIYOY Index,Jun,0.036,0.035,0.037,,0.0009999999999999,0.8030843564173751,95.6,JN_events_1997-2026_FINAL.xlsx,2014-07-25 00:30:01+00:00,2014-07-25 00:00:00+00:00,True,2014-07-25 00:30:01+00:00,True,2735,2014-07-25
2014-07-25 00:30:05.000,JPY,Tokyo CPI Ex-Fresh Food YoY,JNCPTXFF Index,Jul,0.028,0.027,0.028,,0.001,0.9117164809469872,91.1,JN_events_1997-2026_FINAL.xlsx,2014-07-25 00:30:05+00:00,2014-07-25 00:00:00+00:00,True,2014-07-25 00:30:05+00:00,True,2735,2014-07-25
2014-07-30 19:00:04.000,USD,FOMC Rate Decision (Upper Bound),FDTR Index,2026-07-30 00:00:00,0.0025,0.0025,0.0025,,0.0,0.0938713828002672,98.0,US_events_merged_1997-2026.xlsx,2014-07-30 19:00:04+00:00,2014-07-30 00:00:00+00:00,True,2014-07-30 19:00:04+00:00,True,2738,2014-07-30
2014-08-01 13:30:01.000,USD,Change in Nonfarm Payrolls,NFP TCH Index,Jul,209000.0,230000.0,288000.0,336000.0,-21000.0,-0.0610695126836928,99.3,US_events_merged_1997-2026.xlsx,2014-08-01 13:30:01+00:00,2014-08-01 00:00:00+00:00,True,2014-08-01 13:30:01+00:00,True,2740,2014-08-01
2014-08-08 04:08:00.000,JPY,BOJ Target Rate,BOJDTR Index,2026-08-08 00:00:00,,,,,,,98.9,JN_events_1997-2026_FINAL.xlsx,2014-08-08 04:08:00+00:00,2014-08-08 00:00:00+00:00,True,2014-08-08 04:08:00+00:00,True,2745,2014-08-08
2014-08-19 13:30:01.000,USD,CPI MoM,CPI CHNG Index,Jul,0.001,0.001,0.003,0.001,0.0,0.0666446863272094,97.4,US_events_merged_1997-2026.xlsx,2014-08-19 13:30:01+00:00,2014-08-19 00:00:00+00:00,True,2014-08-19 13:30:01+00:00,True,2752,2014-08-19
2014-08-19 13:30:03.000,USD,CPI YoY,CPI YOY Index,Jul,0.02,0.02,0.021,,0.0,-0.0280311301502835,96.0,US_events_merged_1997-2026.xlsx,2014-08-19 13:30:03+00:00,2014-08-19 00:00:00+00:00,True,2014-08-19 13:30:03+00:00,True,2752,2014-08-19
2014-08-29 00:30:01.000,JPY,Natl CPI YoY,JNCPIYOY Index,Jul,0.034,0.034,0.036,,0.0,-0.1759656012107112,95.6,JN_events_1997-2026_FINAL.xlsx,2014-08-29 00:30:01+00:00,2014-08-29 00:00:00+00:00,True,2014-08-29 00:30:01+00:00,True,2760,2014-08-29
2014-08-29 00:30:05.000,JPY,Tokyo CPI Ex-Fresh Food YoY,JNCPTXFF Index,Aug,0.027,0.027,0.028,0.027,0.0,0.0686380860994444,91.1,JN_events_1997-2026_FINAL.xlsx,2014-08-29 00:30:05+00:00,2014-08-29 00:00:00+00:00,True,2014-08-29 00:30:05+00:00,True,2760,2014-08-29
2014-09-04 04:07:00.000,JPY,BOJ Target Rate,BOJDTR Index,2026-09-04 00:00:00,,,,,,,98.9,JN_events_1997-2026_FINAL.xlsx,2014-09-04 04:07:00+00:00,2014-09-04 00:00:00+00:00,True,2014-09-04 04:07:00+00:00,True,2764,2014-09-04
2014-09-05 13:30:01.000,USD,Change in Nonfarm Payrolls,NFP TCH Index,Aug,142000.0,230000.0,209000.0,223000.0,-88000.0,-0.835270916277828,99.3,US_events_merged_1997-2026.xlsx,2014-09-05 13:30:01+00:00,2014-09-05 00:00:00+00:00,True,2014-09-05 13:30:01+00:00,True,2765,2014-09-05
2014-09-17 13:30:01.000,USD,CPI MoM,CPI CHNG Index,Aug,-0.002,0.0,0.001,0.001,-0.002,-1.507063657736869,97.4,US_events_merged_1997-2026.xlsx,2014-09-17 13:30:01+00:00,2014-09-17 00:00:00+00:00,True,2014-09-17 13:30:01+00:00,True,2773,2014-09-17
2014-09-17 13:30:03.000,USD,CPI YoY,CPI YOY Index,Aug,0.017,0.019,0.02,,-0.0019999999999999,-1.2473022811445085,96.0,US_events_merged_1997-2026.xlsx,2014-09-17 13:30:03+00:00,2014-09-17 00:00:00+00:00,True,2014-09-17 13:30:03+00:00,True,2773,2014-09-17
2014-09-17 19:00:04.000,USD,FOMC Rate Decision (Upper Bound),FDTR Index,2026-09-17 00:00:00,0.0025,0.0025,0.0025,,0.0,0.0935325759356393,98.0,US_events_merged_1997-2026.xlsx,2014-09-17 19:00:04+00:00,2014-09-17 00:00:00+00:00,True,2014-09-17 19:00:04+00:00,True,2773,2014-09-17
2014-09-26 00:30:01.000,JPY,Natl CPI YoY,JNCPIYOY Index,Aug,0.033,0.033,0.034,,0.0,-0.1753831182263571,95.6,JN_events_1997-2026_FINAL.xlsx,2014-09-26 00:30:01+00:00,2014-09-26 00:00:00+00:00,True,2014-09-26 00:30:01+00:00,True,2780,2014-09-26
2014-09-26 00:30:05.000,JPY,Tokyo CPI Ex-Fresh Food YoY,JNCPTXFF Index,Sep,0.026,0.026,0.027,,0.0,0.068418122664348,91.1,JN_events_1997-2026_FINAL.xlsx,2014-09-26 00:30:05+00:00,2014-09-26 00:00:00+00:00,True,2014-09-26 00:30:05+00:00,True,2780,2014-09-26
2014-10-03 13:30:01.000,USD,Change in Nonfarm Payrolls,NFP TCH Index,Sep,248000.0,215000.0,142000.0,197000.0,33000.0,0.5675481166457521,99.3,US_events_merged_1997-2026.xlsx,2014-10-03 13:30:01+00:00,2014-10-03 00:00:00+00:00,True,2014-10-03 13:30:01+00:00,True,2785,2014-10-03
2014-10-07 05:57:00.000,JPY,BOJ Target Rate,BOJDTR Index,2026-10-07 00:00:00,,,,,,,98.9,JN_events_1997-2026_FINAL.xlsx,2014-10-07 05:57:00+00:00,2014-10-07 00:00:00+00:00,True,2014-10-07 05:57:00+00:00,True,2787,2014-10-07
2014-10-22 13:30:01.000,USD,CPI MoM,CPI CHNG Index,Sep,0.001,0.0,-0.002,0.0,0.001,0.8577717458516825,97.4,US_events_merged_1997-2026.xlsx,2014-10-22 13:30:01+00:00,2014-10-22 00:00:00+00:00,True,2014-10-22 13:30:01+00:00,True,2798,2014-10-22
2014-10-22 13:30:02.000,USD,CPI YoY,CPI YOY Index,Sep,0.017,0.016,0.017,,0.001,0.5899896876734623,96.0,US_events_merged_1997-2026.xlsx,2014-10-22 13:30:02+00:00,2014-10-22 00:00:00+00:00,True,2014-10-22 13:30:02+00:00,True,2798,2014-10-22
2014-10-29 18:00:04.000,USD,FOMC Rate Decision (Upper Bound),FDTR Index,2026-10-29 00:00:00,0.0025,0.0025,0.0025,,0.0,0.0931974113745866,98.0,US_events_merged_1997-2026.xlsx,2014-10-29 18:00:04+00:00,2014-10-29 00:00:00+00:00,True,2014-10-29 18:00:04+00:00,True,2803,2014-10-29
2014-10-30 23:30:01.000,JPY,Natl CPI YoY,JNCPIYOY Index,Sep,0.032,0.033,0.033,,-0.001,-1.1557342861446638,95.6,JN_events_1997-2026_FINAL.xlsx,2014-10-30 23:30:01+00:00,2014-10-30 00:00:00+00:00,True,2014-10-30 23:30:01+00:00,True,2805,2014-10-31
2014-10-30 23:30:05.000,JPY,Tokyo CPI Ex-Fresh Food YoY,JNCPTXFF Index,Oct,0.025,0.025,0.026,,0.0,0.0682002604741701,91.1,JN_events_1997-2026_FINAL.xlsx,2014-10-30 23:30:05+00:00,2014-10-30 00:00:00+00:00,True,2014-10-30 23:30:05+00:00,True,2805,2014-10-31
2014-10-31 04:44:00.000,JPY,BOJ Target Rate,BOJDTR Index,2026-10-31 00:00:00,,,,,,,98.9,JN_events_1997-2026_FINAL.xlsx,2014-10-31 04:44:00+00:00,2014-10-31 00:00:00+00:00,True,2014-10-31 04:44:00+00:00,True,2805,2014-10-31
2014-11-07 13:30:01.000,USD,Change in Nonfarm Payrolls,NFP TCH Index,Oct,214000.0,235000.0,248000.0,294000.0,-21000.0,-0.0597803939916396,99.3,US_events_merged_1997-2026.xlsx,2014-11-07 13:30:01+00:00,2014-11-07 00:00:00+00:00,True,2014-11-07 13:30:01+00:00,True,2810,2014-11-07
2014-11-19 03:24:00.000,JPY,BOJ Target Rate,BOJDTR Index,2026-11-19 00:00:00,,,,,,,98.9,JN_events_1997-2026_FINAL.xlsx,2014-11-19 03:24:00+00:00,2014-11-19 00:00:00+00:00,True,2014-11-19 03:24:00+00:00,True,2818,2014-11-19
2014-11-20 13:30:01.000,USD,CPI MoM,CPI CHNG Index,Oct,0.0,-0.001,0.001,0.0,0.001,0.8543165238709218,97.4,US_events_merged_1997-2026.xlsx,2014-11-20 13:30:01+00:00,2014-11-20 00:00:00+00:00,True,2014-11-20 13:30:01+00:00,True,2819,2014-11-20
2014-11-20 13:30:03.000,USD,CPI YoY,CPI YOY Index,Oct,0.017,0.016,0.017,,0.001,0.5870108466250166,96.0,US_events_merged_1997-2026.xlsx,2014-11-20 13:30:03+00:00,2014-11-20 00:00:00+00:00,True,2014-11-20 13:30:03+00:00,True,2819,2014-11-20
2014-11-27 23:30:01.000,JPY,Natl CPI YoY,JNCPIYOY Index,Oct,0.029,0.03,0.032,,-0.0009999999999999,-1.1471704419368909,95.6,JN_events_1997-2026_FINAL.xlsx,2014-11-27 23:30:01+00:00,2014-11-27 00:00:00+00:00,True,2014-11-27 23:30:01+00:00,True,2825,2014-11-28
2014-11-27 23:30:05.000,JPY,Tokyo CPI Ex-Fresh Food YoY,JNCPTXFF Index,Nov,0.024,0.024,0.025,0.026,0.0,0.0679844662867786,91.1,JN_events_1997-2026_FINAL.xlsx,2014-11-27 23:30:05+00:00,2014-11-27 00:00:00+00:00,True,2014-11-27 23:30:05+00:00,True,2825,2014-11-28
2014-12-05 13:30:01.000,USD,Change in Nonfarm Payrolls,NFP TCH Index,Nov,321000.0,230000.0,214000.0,235000.0,91000.0,1.240883957157264,99.3,US_events_merged_1997-2026.xlsx,2014-12-05 13:30:01+00:00,2014-12-05 00:00:00+00:00,True,2014-12-05 13:30:01+00:00,True,2830,2014-12-05
2014-12-17 13:30:01.000,USD,CPI MoM,CPI CHNG Index,Nov,-0.003,-0.001,0.0,0.0,-0.002,-1.505443388490879,97.4,US_events_merged_1997-2026.xlsx,2014-12-17 13:30:01+00:00,2014-12-17 00:00:00+00:00,True,2014-12-17 13:30:01+00:00,True,2838,2014-12-17
2014-12-17 13:30:03.000,USD,CPI YoY,CPI YOY Index,Nov,0.013,0.014,0.017,,-0.001,-0.6388339552180917,96.0,US_events_merged_1997-2026.xlsx,2014-12-17 13:30:03+00:00,2014-12-17 00:00:00+00:00,True,2014-12-17 13:30:03+00:00,True,2838,2014-12-17
2014-12-17 19:00:04.000,USD,FOMC Rate Decision (Upper Bound),FDTR Index,2026-12-17 00:00:00,0.0025,0.0025,0.0025,,0.0,0.0928658243201358,98.0,US_events_merged_1997-2026.xlsx,2014-12-17 19:00:04+00:00,2014-12-17 00:00:00+00:00,True,2014-12-17 19:00:04+00:00,True,2838,2014-12-17
2014-12-19 03:28:00.000,JPY,BOJ Target Rate,BOJDTR Index,2026-12-19 00:00:00,,,,,,,98.9,JN_events_1997-2026_FINAL.xlsx,2014-12-19 03:28:00+00:00,2014-12-19 00:00:00+00:00,True,2014-12-19 03:28:00+00:00,True,2840,2014-12-19
2014-12-25 23:30:01.000,JPY,Natl CPI YoY,JNCPIYOY Index,Nov,0.024,0.025,0.029,,-0.001,-1.1387945750165385,95.6,JN_events_1997-2026_FINAL.xlsx,2014-12-25 23:30:01+00:00,2014-12-25 00:00:00+00:00,True,2014-12-25 23:30:01+00:00,True,2845,2014-12-26
2014-12-25 23:30:05.000,JPY,Tokyo CPI Ex-Fresh Food YoY,JNCPTXFF Index,Dec,0.023,0.023,0.024,,0.0,0.0677707075916586,91.1,JN_events_1997-2026_FINAL.xlsx,2014-12-25 23:30:05+00:00,2014-12-25 00:00:00+00:00,True,2014-12-25 23:30:05+00:00,True,2845,2014-12-26
2015-01-09 13:30:01.000,USD,Change in Nonfarm Payrolls,NFP TCH Index,Dec,252000.0,240000.0,321000.0,291000.0,12000.0,0.3173550100969002,99.3,US_events_merged_1997-2026.xlsx,2015-01-09 13:30:01+00:00,2015-01-09 00:00:00+00:00,True,2015-01-09 13:30:01+00:00,True,2855,2015-01-09
2015-01-16 13:30:01.000,USD,CPI MoM,CPI CHNG Index,Dec,-0.004,-0.004,-0.003,-0.002,0.0,0.0721820431302868,97.4,US_events_merged_1997-2026.xlsx,2015-01-16 13:30:01+00:00,2015-01-16 00:00:00+00:00,True,2015-01-16 13:30:01+00:00,True,2860,2015-01-16
2015-01-16 13:30:03.000,USD,CPI YoY,CPI YOY Index,Dec,0.008,0.0069999999999999,0.013,,0.001,0.5901202858143416,96.0,US_events_merged_1997-2026.xlsx,2015-01-16 13:30:03+00:00,2015-01-16 00:00:00+00:00,True,2015-01-16 13:30:03+00:00,True,2860,2015-01-16
2015-01-21 03:29:00.000,JPY,BOJ Target Rate,BOJDTR Index,2026-01-21 00:00:00,,,,,,,98.9,JN_events_1997-2026_FINAL.xlsx,2015-01-21 03:29:00+00:00,2015-01-21 00:00:00+00:00,True,2015-01-21 03:29:00+00:00,True,2863,2015-01-21
2015-01-28 19:00:04.000,USD,FOMC Rate Decision (Upper Bound),FDTR Index,2026-01-28 00:00:00,0.0025,0.0025,0.0025,,0.0,0.0925377515777808,98.0,US_events_merged_1997-2026.xlsx,2015-01-28 19:00:04+00:00,2015-01-28 00:00:00+00:00,True,2015-01-28 19:00:04+00:00,True,2868,2015-01-28
2015-01-29 23:30:01.000,JPY,Natl CPI YoY,JNCPIYOY Index,Dec,0.024,0.023,0.024,,0.001,0.8254978619062354,95.6,JN_events_1997-2026_FINAL.xlsx,2015-01-29 23:30:01+00:00,2015-01-29 00:00:00+00:00,True,2015-01-29 23:30:01+00:00,True,2870,2015-01-30
2015-01-29 23:30:05.000,JPY,Tokyo CPI Ex-Fresh Food YoY,JNCPTXFF Index,Jan,0.022,0.022,0.023,,0.0,0.0675589525893392,91.1,JN_events_1997-2026_FINAL.xlsx,2015-01-29 23:30:05+00:00,2015-01-29 00:00:00+00:00,True,2015-01-29 23:30:05+00:00,True,2870,2015-01-30
2015-02-06 13:30:01.000,USD,Change in Nonfarm Payrolls,NFP TCH Index,Jan,257000.0,228000.0,252000.0,275000.0,29000.0,0.5141154997889914,99.3,US_events_merged_1997-2026.xlsx,2015-02-06 13:30:01+00:00,2015-02-06 00:00:00+00:00,True,2015-02-06 13:30:01+00:00,True,2875,2015-02-06
2015-02-18 02:49:00.000,JPY,BOJ Target Rate,BOJDTR Index,2026-02-18 00:00:00,,,,,,,98.9,JN_events_1997-2026_FINAL.xlsx,2015-02-18 02:49:00+00:00,2015-02-18 00:00:00+00:00,True,2015-02-18 02:49:00+00:00,True,2883,2015-02-18
2015-02-26 13:30:01.000,USD,CPI MoM,CPI CHNG Index,Jan,-0.0069999999999999,-0.006,-0.004,-0.003,-0.0009999999999999,-0.7129603582843509,97.4,US_events_merged_1997-2026.xlsx,2015-02-26 13:30:01+00:00,2015-02-26 00:00:00+00:00,True,2015-02-26 13:30:01+00:00,True,2889,2015-02-26
2015-02-26 13:30:03.000,USD,CPI YoY,CPI YOY Index,Jan,-0.001,-0.001,0.008,,0.0,-0.0271018121916963,96.0,US_events_merged_1997-2026.xlsx,2015-02-26 13:30:03+00:00,2015-02-26 00:00:00+00:00,True,2015-02-26 13:30:03+00:00,True,2889,2015-02-26
2015-02-26 23:30:01.000,JPY,Natl CPI YoY,JNCPIYOY Index,Jan,0.024,0.024,0.024,,0.0,-0.1578707235373327,95.6,JN_events_1997-2026_FINAL.xlsx,2015-02-26 23:30:01+00:00,2015-02-26 00:00:00+00:00,True,2015-02-26 23:30:01+00:00,True,2890,2015-02-27
2015-02-26 23:30:05.000,JPY,Tokyo CPI Ex-Fresh Food YoY,JNCPTXFF Index,Feb,0.022,0.022,0.022,,0.0,0.0673491701715235,91.1,JN_events_1997-2026_FINAL.xlsx,2015-02-26 23:30:05+00:00,2015-02-26 00:00:00+00:00,True,2015-02-26 23:30:05+00:00,True,2890,2015-02-27
2015-03-06 13:30:01.000,USD,Change in Nonfarm Payrolls,NFP TCH Index,Feb,295000.0,235000.0,257000.0,204000.0,60000.0,0.8735090393389049,99.3,US_events_merged_1997-2026.xlsx,2015-03-06 13:30:01+00:00,2015-03-06 00:00:00+00:00,True,2015-03-06 13:30:01+00:00,True,2895,2015-03-06
2015-03-17 03:04:00.000,JPY,BOJ Target Rate,BOJDTR Index,2026-03-17 00:00:00,,,,,,,98.9,JN_events_1997-2026_FINAL.xlsx,2015-03-17 03:04:00+00:00,2015-03-17 00:00:00+00:00,True,2015-03-17 03:04:00+00:00,True,2902,2015-03-17
2015-03-18 18:00:04.000,USD,FOMC Rate Decision (Upper Bound),FDTR Index,2026-03-18 00:00:00,0.0025,0.0025,0.0025,,0.0,0.0922131315048862,98.0,US_events_merged_1997-2026.xlsx,2015-03-18 18:00:04+00:00,2015-03-18 00:00:00+00:00,True,2015-03-18 18:00:04+00:00,True,2903,2015-03-18
2015-03-24 12:30:01.000,USD,CPI MoM,CPI CHNG Index,Feb,0.002,0.002,-0.0069999999999999,-0.006,0.0,0.0753571561996818,97.4,US_events_merged_1997-2026.xlsx,2015-03-24 12:30:01+00:00,2015-03-24 00:00:00+00:00,True,2015-03-24 12:30:01+00:00,True,2907,2015-03-24
2015-03-24 12:30:03.000,USD,CPI YoY,CPI YOY Index,Feb,0.0,-0.001,-0.001,,0.001,0.5895737175799789,96.0,US_events_merged_1997-2026.xlsx,2015-03-24 12:30:03+00:00,2015-03-24 00:00:00+00:00,True,2015-03-24 12:30:03+00:00,True,2907,2015-03-24
2015-03-26 23:30:01.000,JPY,Natl CPI YoY,JNCPIYOY Index,Feb,0.022,0.023,0.024,,-0.001,-1.139411182540059,95.6,JN_events_1997-2026_FINAL.xlsx,2015-03-26 23:30:01+00:00,2015-03-26 00:00:00+00:00,True,2015-03-26 23:30:01+00:00,True,2910,2015-03-27
2015-03-26 23:30:05.000,JPY,Tokyo CPI Ex-Fresh Food YoY,JNCPTXFF Index,Mar,0.022,0.022,0.022,,0.0,0.0671413299018927,91.1,JN_events_1997-2026_FINAL.xlsx,2015-03-26 23:30:05+00:00,2015-03-26 00:00:00+00:00,True,2015-03-26 23:30:05+00:00,True,2910,2015-03-27
2015-04-03 13:30:01.000,USD,Change in Nonfarm Payrolls,NFP TCH Index,Mar,126000.0,245000.0,295000.0,259000.0,-119000.0,-1.2150674426211594,99.3,US_events_merged_1997-2026.xlsx,2015-04-03 13:30:01+00:00,2015-04-03 00:00:00+00:00,True,2015-04-03 13:30:01+00:00,True,2915,2015-04-03
2015-04-08 04:36:00.000,JPY,BOJ Target Rate,BOJDTR Index,2026-04-08 00:00:00,,,,,,,98.9,JN_events_1997-2026_FINAL.xlsx,2015-04-08 04:36:00+00:00,2015-04-08 00:00:00+00:00,True,2015-04-08 04:36:00+00:00,True,2918,2015-04-08
2015-04-17 13:30:01.000,USD,CPI MoM,CPI CHNG Index,Mar,0.002,0.003,0.002,0.003,-0.001,-0.7124721560550481,97.4,US_events_merged_1997-2026.xlsx,2015-04-17 13:30:01+00:00,2015-04-17 00:00:00+00:00,True,2015-04-17 13:30:01+00:00,True,2925,2015-04-17
2015-04-17 13:30:03.000,USD,CPI YoY,CPI YOY Index,Mar,-0.001,0.0,0.0,,-0.001,-0.6494068316341242,96.0,US_events_merged_1997-2026.xlsx,2015-04-17 13:30:03+00:00,2015-04-17 00:00:00+00:00,True,2015-04-17 13:30:03+00:00,True,2925,2015-04-17
2015-04-29 19:00:04.000,USD,FOMC Rate Decision (Upper Bound),FDTR Index,2026-04-29 00:00:00,0.0025,0.0025,0.0025,,0.0,0.0918919039620305,98.0,US_events_merged_1997-2026.xlsx,2015-04-29 19:00:04+00:00,2015-04-29 00:00:00+00:00,True,2015-04-29 19:00:04+00:00,True,2933,2015-04-29
2015-04-30 05:04:00.000,JPY,BOJ Target Rate,BOJDTR Index,2026-04-30 00:00:00,,,,,,,98.9,JN_events_1997-2026_FINAL.xlsx,2015-04-30 05:04:00+00:00,2015-04-30 00:00:00+00:00,True,2015-04-30 05:04:00+00:00,True,2934,2015-04-30
2015-05-01 00:30:04.000,JPY,Natl CPI YoY,JNCPIYOY Index,Mar,0.023,0.022,0.022,,0.001,0.8309549267207021,95.6,JN_events_1997-2026_FINAL.xlsx,2015-05-01 00:30:04+00:00,2015-05-01 00:00:00+00:00,True,2015-05-01 00:30:04+00:00,True,2935,2015-05-01
2015-05-01 00:30:08.000,JPY,Tokyo CPI Ex-Fresh Food YoY,JNCPTXFF Index,Apr,0.004,0.005,0.022,,-0.001,-0.7921567653726774,91.1,JN_events_1997-2026_FINAL.xlsx,2015-05-01 00:30:08+00:00,2015-05-01 00:00:00+00:00,True,2015-05-01 00:30:08+00:00,True,2935,2015-05-01
2015-05-08 13:30:01.000,USD,Change in Nonfarm Payrolls,NFP TCH Index,Apr,223000.0,228000.0,126000.0,96000.0,-5000.0,0.1182780805121731,99.3,US_events_merged_1997-2026.xlsx,2015-05-08 13:30:01+00:00,2015-05-08 00:00:00+00:00,True,2015-05-08 13:30:01+00:00,True,2940,2015-05-08
2015-05-22 03:49:00.000,JPY,BOJ Target Rate,BOJDTR Index,2026-05-22 00:00:00,,,,,,,98.9,JN_events_1997-2026_FINAL.xlsx,2015-05-22 03:49:00+00:00,2015-05-22 00:00:00+00:00,True,2015-05-22 03:49:00+00:00,True,2950,2015-05-22
2015-05-22 13:30:01.000,USD,CPI MoM,CPI CHNG Index,Apr,0.001,0.001,0.002,0.003,0.0,0.0784976623216404,97.4,US_events_merged_1997-2026.xlsx,2015-05-22 13:30:01+00:00,2015-05-22 00:00:00+00:00,True,2015-05-22 13:30:01+00:00,True,2950,2015-05-22
2015-05-22 13:30:03.000,USD,CPI YoY,CPI YOY Index,Apr,-0.002,-0.002,-0.001,,0.0,-0.0267350512033896,96.0,US_events_merged_1997-2026.xlsx,2015-05-22 13:30:03+00:00,2015-05-22 00:00:00+00:00,True,2015-05-22 13:30:03+00:00,True,2950,2015-05-22
2015-05-29 00:30:04.000,JPY,Natl CPI YoY,JNCPIYOY Index,Apr,0.006,0.006,0.023,,0.0,-0.1554502535916755,95.6,JN_events_1997-2026_FINAL.xlsx,2015-05-29 00:30:04+00:00,2015-05-29 00:00:00+00:00,True,2015-05-29 00:30:04+00:00,True,2955,2015-05-29
2015-05-29 00:30:08.000,JPY,Tokyo CPI Ex-Fresh Food YoY,JNCPTXFF Index,May,0.002,0.002,0.004,,0.0,0.0718486116319843,91.1,JN_events_1997-2026_FINAL.xlsx,2015-05-29 00:30:08+00:00,2015-05-29 00:00:00+00:00,True,2015-05-29 00:30:08+00:00,True,2955,2015-05-29
2015-06-05 13:30:01.000,USD,Change in Nonfarm Payrolls,NFP TCH Index,May,280000.0,226000.0,223000.0,273000.0,54000.0,0.8060670090929895,99.3,US_events_merged_1997-2026.xlsx,2015-06-05 13:30:01+00:00,2015-06-05 00:00:00+00:00,True,2015-06-05 13:30:01+00:00,True,2960,2015-06-05
2015-06-17 19:00:04.000,USD,FOMC Rate Decision (Upper Bound),FDTR Index,2026-06-17 00:00:00,0.0025,0.0025,0.0025,,0.0,0.0915740102662005,98.0,US_events_merged_1997-2026.xlsx,2015-06-17 19:00:04+00:00,2015-06-17 00:00:00+00:00,True,2015-06-17 19:00:04+00:00,True,2968,2015-06-17
2015-06-18 13:30:01.000,USD,CPI MoM,CPI CHNG Index,May,0.004,0.005,0.001,,-0.001,-0.7120034197483948,97.4,US_events_merged_1997-2026.xlsx,2015-06-18 13:30:01+00:00,2015-06-18 00:00:00+00:00,True,2015-06-18 13:30:01+00:00,True,2969,2015-06-18
2015-06-18 13:30:03.000,USD,CPI YoY,CPI YOY Index,May,0.0,0.001,-0.002,,-0.001,-0.6482404545706169,96.0,US_events_merged_1997-2026.xlsx,2015-06-18 13:30:03+00:00,2015-06-18 00:00:00+00:00,True,2015-06-18 13:30:03+00:00,True,2969,2015-06-18
2015-06-19 04:04:00.000,JPY,BOJ Target Rate,BOJDTR Index,2026-06-19 00:00:00,,,,,,,98.9,JN_events_1997-2026_FINAL.xlsx,2015-06-19 04:04:00+00:00,2015-06-19 00:00:00+00:00,True,2015-06-19 04:04:00+00:00,True,2970,2015-06-19
2015-06-26 00:30:04.000,JPY,Natl CPI YoY,JNCPIYOY Index,May,0.005,0.004,0.006,,0.001,0.830094683364007,95.6,JN_events_1997-2026_FINAL.xlsx,2015-06-26 00:30:04+00:00,2015-06-26 00:00:00+00:00,True,2015-06-26 00:30:04+00:00,True,2975,2015-06-26
2015-06-26 00:30:08.000,JPY,Tokyo CPI Ex-Fresh Food YoY,JNCPTXFF Index,Jun,0.001,0.001,0.002,,0.0,0.0716307619450015,91.1,JN_events_1997-2026_FINAL.xlsx,2015-06-26 00:30:08+00:00,2015-06-26 00:00:00+00:00,True,2015-06-26 00:30:08+00:00,True,2975,2015-06-26
2015-07-02 13:30:01.000,USD,Change in Nonfarm Payrolls,NFP TCH Index,Jun,223000.0,233000.0,280000.0,342000.0,-10000.0,0.0560761593129116,99.3,US_events_merged_1997-2026.xlsx,2015-07-02 13:30:01+00:00,2015-07-02 00:00:00+00:00,True,2015-07-02 13:30:01+00:00,True,2979,2015-07-02
2015-07-15 04:18:00.000,JPY,BOJ Target Rate,BOJDTR Index,2026-07-15 00:00:00,,,,,,,98.9,JN_events_1997-2026_FINAL.xlsx,2015-07-15 04:18:00+00:00,2015-07-15 00:00:00+00:00,True,2015-07-15 04:18:00+00:00,True,2988,2015-07-15
2015-07-17 13:30:05.000,USD,CPI MoM,CPI CHNG Index,Jun,0.003,0.003,0.004,0.003,0.0,0.081604304859743,97.4,US_events_merged_1997-2026.xlsx,2015-07-17 13:30:05+00:00,2015-07-17 00:00:00+00:00,True,2015-07-17 13:30:05+00:00,True,2990,2015-07-17
2015-07-17 13:30:07.000,USD,CPI YoY,CPI YOY Index,Jun,0.001,0.001,0.0,,0.0,-0.0220885896165097,96.0,US_events_merged_1997-2026.xlsx,2015-07-17 13:30:07+00:00,2015-07-17 00:00:00+00:00,True,2015-07-17 13:30:07+00:00,True,2990,2015-07-17
2015-07-29 19:00:04.000,USD,FOMC Rate Decision (Upper Bound),FDTR Index,2026-07-29 00:00:00,0.0025,0.0025,0.0025,,0.0,0.0912593931457548,98.0,US_events_merged_1997-2026.xlsx,2015-07-29 19:00:04+00:00,2015-07-29 00:00:00+00:00,True,2015-07-29 19:00:04+00:00,True,2998,2015-07-29
2015-07-31 00:30:04.000,JPY,Natl CPI YoY,JNCPIYOY Index,Jun,0.004,0.003,0.005,,0.001,0.8258576128717757,95.6,JN_events_1997-2026_FINAL.xlsx,2015-07-31 00:30:04+00:00,2015-07-31 00:00:00+00:00,True,2015-07-31 00:30:04+00:00,True,3000,2015-07-31
2015-07-31 00:30:08.000,JPY,Tokyo CPI Ex-Fresh Food YoY,JNCPTXFF Index,Jul,-0.001,0.0,0.001,,-0.001,-0.7939041251227819,91.1,JN_events_1997-2026_FINAL.xlsx,2015-07-31 00:30:08+00:00,2015-07-31 00:00:00+00:00,True,2015-07-31 00:30:08+00:00,True,3000,2015-07-31
2015-08-07 04:18:00.000,JPY,BOJ Target Rate,BOJDTR Index,2026-08-07 00:00:00,,,,,,,98.9,JN_events_1997-2026_FINAL.xlsx,2015-08-07 04:18:00+00:00,2015-08-07 00:00:00+00:00,True,2015-08-07 04:18:00+00:00,True,3005,2015-08-07
2015-08-07 13:30:01.000,USD,Change in Nonfarm Payrolls,NFP TCH Index,Jul,215000.0,225000.0,223000.0,171000.0,-10000.0,0.0559493244691556,99.3,US_events_merged_1997-2026.xlsx,2015-08-07 13:30:01+00:00,2015-08-07 00:00:00+00:00,True,2015-08-07 13:30:01+00:00,True,3005,2015-08-07
2015-08-19 13:30:05.000,USD,CPI MoM,CPI CHNG Index,Jul,0.001,0.002,0.003,0.003,-0.001,-0.7115535595040365,97.4,US_events_merged_1997-2026.xlsx,2015-08-19 13:30:05+00:00,2015-08-19 00:00:00+00:00,True,2015-08-19 13:30:05+00:00,True,3013,2015-08-19
2015-08-19 13:30:07.000,USD,CPI YoY,CPI YOY Index,Jul,0.002,0.002,0.001,,0.0,-0.022011190974011,96.0,US_events_merged_1997-2026.xlsx,2015-08-19 13:30:07+00:00,2015-08-19 00:00:00+00:00,True,2015-08-19 13:30:07+00:00,True,3013,2015-08-19
2015-08-28 00:30:04.000,JPY,Natl CPI YoY,JNCPIYOY Index,Jul,0.002,0.002,0.004,,0.0,-0.1652882780433564,95.6,JN_events_1997-2026_FINAL.xlsx,2015-08-28 00:30:04+00:00,2015-08-28 00:00:00+00:00,True,2015-08-28 00:30:04+00:00,True,3020,2015-08-28
2015-08-28 00:30:08.000,JPY,Tokyo CPI Ex-Fresh Food YoY,JNCPTXFF Index,Aug,-0.001,-0.002,-0.001,,0.001,0.942548743013672,91.1,JN_events_1997-2026_FINAL.xlsx,2015-08-28 00:30:08+00:00,2015-08-28 00:00:00+00:00,True,2015-08-28 00:30:08+00:00,True,3020,2015-08-28
2015-09-04 13:30:01.000,USD,Change in Nonfarm Payrolls,NFP TCH Index,Aug,173000.0,217000.0,215000.0,282000.0,-44000.0,-0.3428092160411479,99.3,US_events_merged_1997-2026.xlsx,2015-09-04 13:30:01+00:00,2015-09-04 00:00:00+00:00,True,2015-09-04 13:30:01+00:00,True,3025,2015-09-04
2015-09-15 04:07:00.000,JPY,BOJ Target Rate,BOJDTR Index,2026-09-15 00:00:00,,,,,,,98.9,JN_events_1997-2026_FINAL.xlsx,2015-09-15 04:07:00+00:00,2015-09-15 00:00:00+00:00,True,2015-09-15 04:07:00+00:00,True,3032,2015-09-15
2015-09-16 13:30:05.000,USD,CPI MoM,CPI CHNG Index,Aug,-0.001,-0.001,0.001,0.002,0.0,0.0846778032152827,97.4,US_events_merged_1997-2026.xlsx,2015-09-16 13:30:05+00:00,2015-09-16 00:00:00+00:00,True,2015-09-16 13:30:05+00:00,True,3033,2015-09-16
2015-09-16 13:30:07.000,USD,CPI YoY,CPI YOY Index,Aug,0.002,0.002,0.002,,0.0,-0.0219346002372689,96.0,US_events_merged_1997-2026.xlsx,2015-09-16 13:30:07+00:00,2015-09-16 00:00:00+00:00,True,2015-09-16 13:30:07+00:00,True,3033,2015-09-16
2015-09-17 19:00:04.000,USD,FOMC Rate Decision (Upper Bound),FDTR Index,2026-09-17 00:00:00,0.0025,0.0025,0.0025,,0.0,0.0909479966970778,98.0,US_events_merged_1997-2026.xlsx,2015-09-17 19:00:04+00:00,2015-09-17 00:00:00+00:00,True,2015-09-17 19:00:04+00:00,True,3034,2015-09-17
2015-09-25 00:30:04.000,JPY,Natl CPI YoY,JNCPIYOY Index,Aug,0.002,0.001,0.002,,0.001,0.8250959341866694,95.6,JN_events_1997-2026_FINAL.xlsx,2015-09-25 00:30:04+00:00,2015-09-25 00:00:00+00:00,True,2015-09-25 00:30:04+00:00,True,3040,2015-09-25
2015-09-25 00:30:08.000,JPY,Tokyo CPI Ex-Fresh Food YoY,JNCPTXFF Index,Sep,-0.002,-0.002,-0.001,,0.0,0.0706689585370128,91.1,JN_events_1997-2026_FINAL.xlsx,2015-09-25 00:30:08+00:00,2015-09-25 00:00:00+00:00,True,2015-09-25 00:30:08+00:00,True,3040,2015-09-25
2015-10-02 13:30:01.000,USD,Change in Nonfarm Payrolls,NFP TCH Index,Sep,142000.0,200000.0,173000.0,134000.0,-58000.0,-0.5064229312635795,99.3,US_events_merged_1997-2026.xlsx,2015-10-02 13:30:01+00:00,2015-10-02 00:00:00+00:00,True,2015-10-02 13:30:01+00:00,True,3045,2015-10-02
2015-10-07 04:00:00.000,JPY,BOJ Target Rate,BOJDTR Index,2026-10-07 00:00:00,,,,,,,98.9,JN_events_1997-2026_FINAL.xlsx,2015-10-07 04:00:00+00:00,2015-10-07 00:00:00+00:00,True,2015-10-07 04:00:00+00:00,True,3048,2015-10-07
2015-10-15 13:30:04.000,USD,CPI MoM,CPI CHNG Index,Sep,-0.002,-0.002,-0.001,0.0,0.0,0.0844897434509919,97.4,US_events_merged_1997-2026.xlsx,2015-10-15 13:30:04+00:00,2015-10-15 00:00:00+00:00,True,2015-10-15 13:30:04+00:00,True,3054,2015-10-15
2015-10-15 13:30:06.000,USD,CPI YoY,CPI YOY Index,Sep,0.0,-0.001,0.002,,0.001,0.6076747358841733,96.0,US_events_merged_1997-2026.xlsx,2015-10-15 13:30:06+00:00,2015-10-15 00:00:00+00:00,True,2015-10-15 13:30:06+00:00,True,3054,2015-10-15
2015-10-28 18:00:04.000,USD,FOMC Rate Decision (Upper Bound),FDTR Index,2026-10-28 00:00:00,0.0025,0.0025,0.0025,,0.0,0.0906397663428505,98.0,US_events_merged_1997-2026.xlsx,2015-10-28 18:00:04+00:00,2015-10-28 00:00:00+00:00,True,2015-10-28 18:00:04+00:00,True,3063,2015-10-28
2015-10-29 23:30:04.000,JPY,Natl CPI YoY,JNCPIYOY Index,Sep,0.0,0.0,0.002,,0.0,-0.1698578557902095,95.6,JN_events_1997-2026_FINAL.xlsx,2015-10-29 23:30:04+00:00,2015-10-29 00:00:00+00:00,True,2015-10-29 23:30:04+00:00,True,3065,2015-10-30
2015-10-29 23:30:08.000,JPY,Tokyo CPI Ex-Fresh Food YoY,JNCPTXFF Index,Oct,-0.002,-0.002,-0.002,,0.0,0.070459769523057,91.1,JN_events_1997-2026_FINAL.xlsx,2015-10-29 23:30:08+00:00,2015-10-29 00:00:00+00:00,True,2015-10-29 23:30:08+00:00,True,3065,2015-10-30
2015-10-30 03:22:00.000,JPY,BOJ Target Rate,BOJDTR Index,2026-10-30 00:00:00,,,,,,,98.9,JN_events_1997-2026_FINAL.xlsx,2015-10-30 03:22:00+00:00,2015-10-30 00:00:00+00:00,True,2015-10-30 03:22:00+00:00,True,3065,2015-10-30
2015-11-06 13:30:01.000,USD,Change in Nonfarm Payrolls,NFP TCH Index,Oct,271000.0,185000.0,142000.0,150000.0,86000.0,1.1895195421298297,99.3,US_events_merged_1997-2026.xlsx,2015-11-06 13:30:01+00:00,2015-11-06 00:00:00+00:00,True,2015-11-06 13:30:01+00:00,True,3070,2015-11-06
2015-11-17 13:30:04.000,USD,CPI MoM,CPI CHNG Index,Oct,0.002,0.002,-0.002,-0.002,0.0,0.0843029311447971,97.4,US_events_merged_1997-2026.xlsx,2015-11-17 13:30:04+00:00,2015-11-17 00:00:00+00:00,True,2015-11-17 13:30:04+00:00,True,3077,2015-11-17
2015-11-17 13:30:06.000,USD,CPI YoY,CPI YOY Index,Oct,0.002,0.001,0.0,,0.001,0.6048152585786264,96.0,US_events_merged_1997-2026.xlsx,2015-11-17 13:30:06+00:00,2015-11-17 00:00:00+00:00,True,2015-11-17 13:30:06+00:00,True,3077,2015-11-17
2015-11-19 03:17:00.000,JPY,BOJ Target Rate,BOJDTR Index,2026-11-19 00:00:00,,,,,,,98.9,JN_events_1997-2026_FINAL.xlsx,2015-11-19 03:17:00+00:00,2015-11-19 00:00:00+00:00,True,2015-11-19 03:17:00+00:00,True,3079,2015-11-19
2015-11-26 23:30:04.000,JPY,Natl CPI YoY,JNCPIYOY Index,Oct,0.003,0.002,0.0,,0.001,0.8243712845833584,95.6,JN_events_1997-2026_FINAL.xlsx,2015-11-26 23:30:04+00:00,2015-11-26 00:00:00+00:00,True,2015-11-26 23:30:04+00:00,True,3085,2015-11-27
2015-11-26 23:30:08.000,JPY,Tokyo CPI Ex-Fresh Food YoY,JNCPTXFF Index,Nov,0.0,-0.001,-0.002,,0.001,0.941997874771506,91.1,JN_events_1997-2026_FINAL.xlsx,2015-11-26 23:30:08+00:00,2015-11-26 00:00:00+00:00,True,2015-11-26 23:30:08+00:00,True,3085,2015-11-27
2015-12-04 13:30:01.000,USD,Change in Nonfarm Payrolls,NFP TCH Index,Nov,211000.0,200000.0,271000.0,304000.0,11000.0,0.301392583894359,99.3,US_events_merged_1997-2026.xlsx,2015-12-04 13:30:01+00:00,2015-12-04 00:00:00+00:00,True,2015-12-04 13:30:01+00:00,True,3090,2015-12-04
2015-12-15 13:30:04.000,USD,CPI MoM,CPI CHNG Index,Nov,0.0,0.0,0.002,0.001,0.0,0.084117352565902,97.4,US_events_merged_1997-2026.xlsx,2015-12-15 13:30:04+00:00,2015-12-15 00:00:00+00:00,True,2015-12-15 13:30:04+00:00,True,3097,2015-12-15
2015-12-15 13:30:06.000,USD,CPI YoY,CPI YOY Index,Nov,0.005,0.004,0.002,,0.001,0.6019958429666545,96.0,US_events_merged_1997-2026.xlsx,2015-12-15 13:30:06+00:00,2015-12-15 00:00:00+00:00,True,2015-12-15 13:30:06+00:00,True,3097,2015-12-15
2015-12-16 19:00:04.000,USD,FOMC Rate Decision (Upper Bound),FDTR Index,2026-12-16 00:00:00,0.005,0.005,0.0025,,0.0,0.0903346487918653,98.0,US_events_merged_1997-2026.xlsx,2015-12-16 19:00:04+00:00,2015-12-16 00:00:00+00:00,True,2015-12-16 19:00:04+00:00,True,3098,2015-12-16
2015-12-18 03:50:00.000,JPY,BOJ Target Rate,BOJDTR Index,2026-12-18 00:00:00,,,,,,,98.9,JN_events_1997-2026_FINAL.xlsx,2015-12-18 03:50:00+00:00,2015-12-18 00:00:00+00:00,True,2015-12-18 03:50:00+00:00,True,3100,2015-12-18
2015-12-24 23:30:04.000,JPY,Natl CPI YoY,JNCPIYOY Index,Nov,0.003,0.003,0.003,,0.0,-0.1743597035722861,95.6,JN_events_1997-2026_FINAL.xlsx,2015-12-24 23:30:04+00:00,2015-12-24 00:00:00+00:00,True,2015-12-24 23:30:04+00:00,True,3105,2015-12-25
2015-12-24 23:30:08.000,JPY,Tokyo CPI Ex-Fresh Food YoY,JNCPTXFF Index,Dec,0.001,0.001,0.0,,0.0,0.0647661167562464,91.1,JN_events_1997-2026_FINAL.xlsx,2015-12-24 23:30:08+00:00,2015-12-24 00:00:00+00:00,True,2015-12-24 23:30:08+00:00,True,3105,2015-12-25
2016-01-08 13:30:02.000,USD,Change in Nonfarm Payrolls,NFP TCH Index,Dec,292000.0,200000.0,211000.0,229000.0,92000.0,1.2549003601460758,99.3,US_events_merged_1997-2026.xlsx,2016-01-08 13:30:02+00:00,2016-01-08 00:00:00+00:00,True,2016-01-08 13:30:02+00:00,True,3114,2016-01-08
2016-01-20 13:30:05.000,USD,CPI MoM,CPI CHNG Index,Dec,-0.001,0.0,0.0,0.001,-0.001,-0.7169276587419152,97.4,US_events_merged_1997-2026.xlsx,2016-01-20 13:30:05+00:00,2016-01-20 00:00:00+00:00,True,2016-01-20 13:30:05+00:00,True,3122,2016-01-20
2016-01-20 13:30:07.000,USD,CPI YoY,CPI YOY Index,Dec,0.0069999999999999,0.008,0.005,,-0.001,-0.6681900142192767,96.0,US_events_merged_1997-2026.xlsx,2016-01-20 13:30:07+00:00,2016-01-20 00:00:00+00:00,True,2016-01-20 13:30:07+00:00,True,3122,2016-01-20
2016-01-27 19:00:04.000,USD,FOMC Rate Decision (Upper Bound),FDTR Index,2026-01-27 00:00:00,0.005,0.005,0.005,,0.0,0.0900325920003201,98.0,US_events_merged_1997-2026.xlsx,2016-01-27 19:00:04+00:00,2016-01-27 00:00:00+00:00,True,2016-01-27 19:00:04+00:00,True,3127,2016-01-27
2016-01-28 23:30:04.000,JPY,Natl CPI YoY,JNCPIYOY Index,Dec,0.002,0.002,0.003,,0.0,-0.1738365966347807,95.6,JN_events_1997-2026_FINAL.xlsx,2016-01-28 23:30:04+00:00,2016-01-28 00:00:00+00:00,True,2016-01-28 23:30:04+00:00,True,3129,2016-01-29
2016-01-28 23:30:08.000,JPY,Tokyo CPI Ex-Fresh Food YoY,JNCPTXFF Index,Jan,-0.001,0.001,0.001,,-0.002,-1.6846182629958515,91.1,JN_events_1997-2026_FINAL.xlsx,2016-01-28 23:30:08+00:00,2016-01-28 00:00:00+00:00,True,2016-01-28 23:30:08+00:00,True,3129,2016-01-29
2016-01-29 03:38:00.000,JPY,BOJ Target Rate,BOJDTR Index,2026-01-29 00:00:00,,,,,,,98.9,JN_events_1997-2026_FINAL.xlsx,2016-01-29 03:38:00+00:00,2016-01-29 00:00:00+00:00,True,2016-01-29 03:38:00+00:00,True,3129,2016-01-29
2016-02-05 13:30:02.000,USD,Change in Nonfarm Payrolls,NFP TCH Index,Jan,151000.0,190000.0,292000.0,269000.0,-39000.0,-0.2935250840425227,99.3,US_events_merged_1997-2026.xlsx,2016-02-05 13:30:02+00:00,2016-02-05 00:00:00+00:00,True,2016-02-05 13:30:02+00:00,True,3134,2016-02-05
2016-02-19 13:30:05.000,USD,CPI MoM,CPI CHNG Index,Jan,0.0,-0.001,-0.001,,0.001,0.888858794626219,97.4,US_events_merged_1997-2026.xlsx,2016-02-19 13:30:05+00:00,2016-02-19 00:00:00+00:00,True,2016-02-19 13:30:05+00:00,True,3144,2016-02-19
2016-02-19 13:30:07.000,USD,CPI YoY,CPI YOY Index,Jan,0.014,0.013,0.0069999999999999,,0.001,0.6048764690178225,96.0,US_events_merged_1997-2026.xlsx,2016-02-19 13:30:07+00:00,2016-02-19 00:00:00+00:00,True,2016-02-19 13:30:07+00:00,True,3144,2016-02-19
2016-02-25 23:30:04.000,JPY,Natl CPI YoY,JNCPIYOY Index,Jan,0.0,0.0,0.002,,0.0,-0.1733181706844926,95.6,JN_events_1997-2026_FINAL.xlsx,2016-02-25 23:30:04+00:00,2016-02-25 00:00:00+00:00,True,2016-02-25 23:30:04+00:00,True,3149,2016-02-26
2016-02-25 23:30:08.000,JPY,Tokyo CPI Ex-Fresh Food YoY,JNCPTXFF Index,Feb,-0.001,-0.002,-0.001,,0.001,0.943928543341956,91.1,JN_events_1997-2026_FINAL.xlsx,2016-02-25 23:30:08+00:00,2016-02-25 00:00:00+00:00,True,2016-02-25 23:30:08+00:00,True,3149,2016-02-26
2016-03-04 13:30:02.000,USD,Change in Nonfarm Payrolls,NFP TCH Index,Feb,242000.0,195000.0,151000.0,133000.0,47000.0,0.7210817331422413,99.3,US_events_merged_1997-2026.xlsx,2016-03-04 13:30:02+00:00,2016-03-04 00:00:00+00:00,True,2016-03-04 13:30:02+00:00,True,3154,2016-03-04
2016-03-15 03:35:00.000,JPY,BOJ Target Rate,BOJDTR Index,2026-03-15 00:00:00,,,,,,,98.9,JN_events_1997-2026_FINAL.xlsx,2016-03-15 03:35:00+00:00,2016-03-15 00:00:00+00:00,True,2016-03-15 03:35:00+00:00,True,3161,2016-03-15
2016-03-16 12:30:05.000,USD,CPI MoM,CPI CHNG Index,Feb,-0.002,-0.002,0.0,0.0,0.0,0.0833338051066632,97.4,US_events_merged_1997-2026.xlsx,2016-03-16 12:30:05+00:00,2016-03-16 00:00:00+00:00,True,2016-03-16 12:30:05+00:00,True,3162,2016-03-16
2016-03-16 12:30:07.000,USD,CPI YoY,CPI YOY Index,Feb,0.01,0.009,0.014,,0.0009999999999999,0.602113200350503,96.0,US_events_merged_1997-2026.xlsx,2016-03-16 12:30:07+00:00,2016-03-16 00:00:00+00:00,True,2016-03-16 12:30:07+00:00,True,3162,2016-03-16
2016-03-16 18:00:04.000,USD,FOMC Rate Decision (Upper Bound),FDTR Index,2026-03-16 00:00:00,0.005,0.005,0.005,,0.0,0.0897335451345262,98.0,US_events_merged_1997-2026.xlsx,2016-03-16 18:00:04+00:00,2016-03-16 00:00:00+00:00,True,2016-03-16 18:00:04+00:00,True,3162,2016-03-16
2016-03-24 23:30:04.000,JPY,Natl CPI YoY,JNCPIYOY Index,Feb,0.003,0.003,0.0,-0.001,0.0,-0.1728043563106525,95.6,JN_events_1997-2026_FINAL.xlsx,2016-03-24 23:30:04+00:00,2016-03-24 00:00:00+00:00,True,2016-03-24 23:30:04+00:00,True,3169,2016-03-25
2016-03-24 23:30:08.000,JPY,Tokyo CPI Ex-Fresh Food YoY,JNCPTXFF Index,Mar,-0.003,-0.002,-0.001,0.0,-0.001,-0.8017676183854688,91.1,JN_events_1997-2026_FINAL.xlsx,2016-03-24 23:30:08+00:00,2016-03-24 00:00:00+00:00,True,2016-03-24 23:30:08+00:00,True,3169,2016-03-25
2016-04-01 13:30:02.000,USD,Change in Nonfarm Payrolls,NFP TCH Index,Mar,215000.0,205000.0,242000.0,196000.0,10000.0,0.282014389916823,99.3,US_events_merged_1997-2026.xlsx,2016-04-01 13:30:02+00:00,2016-04-01 00:00:00+00:00,True,2016-04-01 13:30:02+00:00,True,3174,2016-04-01
2016-04-14 13:30:05.000,USD,CPI MoM,CPI CHNG Index,Mar,0.001,0.002,-0.002,-0.001,-0.001,-0.7206640279102893,97.4,US_events_merged_1997-2026.xlsx,2016-04-14 13:30:05+00:00,2016-04-14 00:00:00+00:00,True,2016-04-14 13:30:05+00:00,True,3183,2016-04-14
2016-04-14 13:30:07.000,USD,CPI YoY,CPI YOY Index,Mar,0.009,0.01,0.01,,-0.0009999999999999,-0.6759050804528858,96.0,US_events_merged_1997-2026.xlsx,2016-04-14 13:30:07+00:00,2016-04-14 00:00:00+00:00,True,2016-04-14 13:30:07+00:00,True,3183,2016-04-14
2016-04-27 19:00:00.000,USD,FOMC Rate Decision (Upper Bound),FDTR Index,2026-04-27 00:00:00,0.005,0.005,0.005,,0.0,0.0894374585349698,98.0,US_events_merged_1997-2026.xlsx,2016-04-27 19:00:00+00:00,2016-04-27 00:00:00+00:00,True,2016-04-27 19:00:00+00:00,True,3192,2016-04-27
2016-04-28 00:30:04.000,JPY,Natl CPI YoY,JNCPIYOY Index,Mar,-0.001,0.0,0.003,0.002,-0.001,-1.1783133702036417,95.6,JN_events_1997-2026_FINAL.xlsx,2016-04-28 00:30:04+00:00,2016-04-28 00:00:00+00:00,True,2016-04-28 00:30:04+00:00,True,3193,2016-04-28
2016-04-28 00:30:08.000,JPY,Tokyo CPI Ex-Fresh Food YoY,JNCPTXFF Index,Apr,-0.003,-0.003,-0.003,-0.001,0.0,0.0731803214138102,91.1,JN_events_1997-2026_FINAL.xlsx,2016-04-28 00:30:08+00:00,2016-04-28 00:00:00+00:00,True,2016-04-28 00:30:08+00:00,True,3193,2016-04-28
2016-04-28 04:01:00.000,JPY,BOJ Target Rate,BOJDTR Index,2026-04-28 00:00:00,,,,,,,98.9,JN_events_1997-2026_FINAL.xlsx,2016-04-28 04:01:00+00:00,2016-04-28 00:00:00+00:00,True,2016-04-28 04:01:00+00:00,True,3193,2016-04-28
2016-05-06 13:30:02.000,USD,Change in Nonfarm Payrolls,NFP TCH Index,Apr,160000.0,200000.0,215000.0,256000.0,-40000.0,-0.3099423944986512,99.3,US_events_merged_1997-2026.xlsx,2016-05-06 13:30:02+00:00,2016-05-06 00:00:00+00:00,True,2016-05-06 13:30:02+00:00,True,3199,2016-05-06
2016-05-17 13:30:05.000,USD,CPI MoM,CPI CHNG Index,Apr,0.004,0.003,0.001,0.003,0.001,0.8909918041875793,97.4,US_events_merged_1997-2026.xlsx,2016-05-17 13:30:05+00:00,2016-05-17 00:00:00+00:00,True,2016-05-17 13:30:05+00:00,True,3206,2016-05-17
2016-05-17 13:30:07.000,USD,CPI YoY,CPI YOY Index,Apr,0.011,0.011,0.009,,0.0,-0.03384425835375,96.0,US_events_merged_1997-2026.xlsx,2016-05-17 13:30:07+00:00,2016-05-17 00:00:00+00:00,True,2016-05-17 13:30:07+00:00,True,3206,2016-05-17
2016-05-27 00:30:04.000,JPY,Natl CPI YoY,JNCPIYOY Index,Apr,-0.003,-0.004,-0.001,0.0,0.001,0.8395390030313703,95.6,JN_events_1997-2026_FINAL.xlsx,2016-05-27 00:30:04+00:00,2016-05-27 00:00:00+00:00,True,2016-05-27 00:30:04+00:00,True,3214,2016-05-27
2016-05-27 00:30:08.000,JPY,Tokyo CPI Ex-Fresh Food YoY,JNCPTXFF Index,May,-0.005,-0.004,-0.003,,-0.001,-0.8007085778615667,91.1,JN_events_1997-2026_FINAL.xlsx,2016-05-27 00:30:08+00:00,2016-05-27 00:00:00+00:00,True,2016-05-27 00:30:08+00:00,True,3214,2016-05-27
2016-06-03 13:30:02.000,USD,Change in Nonfarm Payrolls,NFP TCH Index,May,38000.0,160000.0,160000.0,192000.0,-122000.0,-1.2808481246459371,99.3,US_events_merged_1997-2026.xlsx,2016-06-03 13:30:02+00:00,2016-06-03 00:00:00+00:00,True,2016-06-03 13:30:02+00:00,True,3219,2016-06-03
2016-06-15 19:00:00.000,USD,FOMC Rate Decision (Upper Bound),FDTR Index,2026-06-15 00:00:00,0.005,0.005,0.005,,0.0,0.0891442836816699,98.0,US_events_merged_1997-2026.xlsx,2016-06-15 19:00:00+00:00,2016-06-15 00:00:00+00:00,True,2016-06-15 19:00:00+00:00,True,3227,2016-06-15
2016-06-16 03:45:00.000,JPY,BOJ Target Rate,BOJDTR Index,2026-06-16 00:00:00,,,,,,,98.9,JN_events_1997-2026_FINAL.xlsx,2016-06-16 03:45:00+00:00,2016-06-16 00:00:00+00:00,True,2016-06-16 03:45:00+00:00,True,3228,2016-06-16
2016-06-16 13:30:05.000,USD,CPI MoM,CPI CHNG Index,May,0.002,0.003,0.004,0.004,-0.001,-0.7224515380012406,97.4,US_events_merged_1997-2026.xlsx,2016-06-16 13:30:05+00:00,2016-06-16 00:00:00+00:00,True,2016-06-16 13:30:05+00:00,True,3228,2016-06-16
2016-06-16 13:30:07.000,USD,CPI YoY,CPI YOY Index,May,0.01,0.011,0.011,,-0.0009999999999999,-0.6746671327679881,96.0,US_events_merged_1997-2026.xlsx,2016-06-16 13:30:07+00:00,2016-06-16 00:00:00+00:00,True,2016-06-16 13:30:07+00:00,True,3228,2016-06-16
2016-07-01 00:30:04.000,JPY,Natl CPI YoY,JNCPIYOY Index,May,-0.004,-0.005,-0.003,-0.003,0.001,0.8354833692427419,95.6,JN_events_1997-2026_FINAL.xlsx,2016-07-01 00:30:04+00:00,2016-07-01 00:00:00+00:00,True,2016-07-01 00:30:04+00:00,True,3239,2016-07-01
2016-07-01 00:30:08.000,JPY,Tokyo CPI Ex-Fresh Food YoY,JNCPTXFF Index,Jun,-0.005,-0.005,-0.005,-0.004,0.0,0.0775759072232566,91.1,JN_events_1997-2026_FINAL.xlsx,2016-07-01 00:30:08+00:00,2016-07-01 00:00:00+00:00,True,2016-07-01 00:30:08+00:00,True,3239,2016-07-01
2016-07-08 13:30:02.000,USD,Change in Nonfarm Payrolls,NFP TCH Index,Jun,287000.0,180000.0,38000.0,46000.0,107000.0,1.4361843791388096,99.3,US_events_merged_1997-2026.xlsx,2016-07-08 13:30:02+00:00,2016-07-08 00:00:00+00:00,True,2016-07-08 13:30:02+00:00,True,3244,2016-07-08
2016-07-15 13:30:05.000,USD,CPI MoM,CPI CHNG Index,Jun,0.002,0.003,0.002,0.002,-0.001,-0.7201166751362617,97.4,US_events_merged_1997-2026.xlsx,2016-07-15 13:30:05+00:00,2016-07-15 00:00:00+00:00,True,2016-07-15 13:30:05+00:00,True,3249,2016-07-15
2016-07-15 13:30:07.000,USD,CPI YoY,CPI YOY Index,Jun,0.01,0.011,0.01,,-0.0009999999999999,-0.6714686029251564,96.0,US_events_merged_1997-2026.xlsx,2016-07-15 13:30:07+00:00,2016-07-15 00:00:00+00:00,True,2016-07-15 13:30:07+00:00,True,3249,2016-07-15
2016-07-27 19:00:00.000,USD,FOMC Rate Decision (Upper Bound),FDTR Index,2026-07-27 00:00:00,0.005,0.005,0.005,,0.0,0.0888539731607766,98.0,US_events_merged_1997-2026.xlsx,2016-07-27 19:00:00+00:00,2016-07-27 00:00:00+00:00,True,2016-07-27 19:00:00+00:00,True,3257,2016-07-27
2016-07-29 00:30:04.000,JPY,Natl CPI YoY,JNCPIYOY Index,Jun,-0.004,-0.004,-0.004,-0.005,0.0,-0.1751694287683074,95.6,JN_events_1997-2026_FINAL.xlsx,2016-07-29 00:30:04+00:00,2016-07-29 00:00:00+00:00,True,2016-07-29 00:30:04+00:00,True,3259,2016-07-29
2016-07-29 00:30:08.000,JPY,Tokyo CPI Ex-Fresh Food YoY,JNCPTXFF Index,Jul,-0.004,-0.004,-0.005,-0.003,0.0,0.0773576099723019,91.1,JN_events_1997-2026_FINAL.xlsx,2016-07-29 00:30:08+00:00,2016-07-29 00:00:00+00:00,True,2016-07-29 00:30:08+00:00,True,3259,2016-07-29
2016-07-29 04:44:00.000,JPY,BOJ Target Rate,BOJDTR Index,2026-07-29 00:00:00,,,,,,,98.9,JN_events_1997-2026_FINAL.xlsx,2016-07-29 04:44:00+00:00,2016-07-29 00:00:00+00:00,True,2016-07-29 04:44:00+00:00,True,3259,2016-07-29
2016-08-05 13:30:02.000,USD,Change in Nonfarm Payrolls,NFP TCH Index,Jul,255000.0,180000.0,287000.0,247000.0,75000.0,1.048983568765136,99.3,US_events_merged_1997-2026.xlsx,2016-08-05 13:30:02+00:00,2016-08-05 00:00:00+00:00,True,2016-08-05 13:30:02+00:00,True,3264,2016-08-05
2016-08-16 13:30:05.000,USD,CPI MoM,CPI CHNG Index,Jul,0.0,0.0,0.002,0.003,0.0,0.0888710126927398,97.4,US_events_merged_1997-2026.xlsx,2016-08-16 13:30:05+00:00,2016-08-16 00:00:00+00:00,True,2016-08-16 13:30:05+00:00,True,3271,2016-08-16
2016-08-16 13:30:07.000,USD,CPI YoY,CPI YOY Index,Jul,0.008,0.009,0.01,,-0.001,-0.6683152209152462,96.0,US_events_merged_1997-2026.xlsx,2016-08-16 13:30:07+00:00,2016-08-16 00:00:00+00:00,True,2016-08-16 13:30:07+00:00,True,3271,2016-08-16
2016-08-26 00:30:04.000,JPY,Natl CPI YoY,JNCPIYOY Index,Jul,-0.004,-0.004,-0.004,-0.004,0.0,-0.1746643350905725,95.6,JN_events_1997-2026_FINAL.xlsx,2016-08-26 00:30:04+00:00,2016-08-26 00:00:00+00:00,True,2016-08-26 00:30:04+00:00,True,3279,2016-08-26
2016-08-26 00:30:08.000,JPY,Tokyo CPI Ex-Fresh Food YoY,JNCPTXFF Index,Aug,-0.004,-0.004,-0.003,-0.004,0.0,0.0771411452692817,91.1,JN_events_1997-2026_FINAL.xlsx,2016-08-26 00:30:08+00:00,2016-08-26 00:00:00+00:00,True,2016-08-26 00:30:08+00:00,True,3279,2016-08-26
2016-09-02 13:30:02.000,USD,Change in Nonfarm Payrolls,NFP TCH Index,Aug,151000.0,180000.0,255000.0,373000.0,-29000.0,-0.1833125634981471,99.3,US_events_merged_1997-2026.xlsx,2016-09-02 13:30:02+00:00,2016-09-02 00:00:00+00:00,True,2016-09-02 13:30:02+00:00,True,3284,2016-09-02
2016-09-16 13:30:05.000,USD,CPI MoM,CPI CHNG Index,Aug,0.002,0.001,0.0,-0.001,0.001,0.8970589627678234,97.4,US_events_merged_1997-2026.xlsx,2016-09-16 13:30:05+00:00,2016-09-16 00:00:00+00:00,True,2016-09-16 13:30:05+00:00,True,3294,2016-09-16
2016-09-16 13:30:07.000,USD,CPI YoY,CPI YOY Index,Aug,0.011,0.01,0.008,,0.0009999999999999,0.6236305624778672,96.0,US_events_merged_1997-2026.xlsx,2016-09-16 13:30:07+00:00,2016-09-16 00:00:00+00:00,True,2016-09-16 13:30:07+00:00,True,3294,2016-09-16
2016-09-21 05:18:00.000,JPY,BOJ Target Rate,BOJDTR Index,2026-09-21 00:00:00,,,,,,,98.9,JN_events_1997-2026_FINAL.xlsx,2016-09-21 05:18:00+00:00,2016-09-21 00:00:00+00:00,True,2016-09-21 05:18:00+00:00,True,3297,2016-09-21
2016-09-21 19:00:00.000,USD,FOMC Rate Decision (Upper Bound),FDTR Index,2026-09-21 00:00:00,0.005,0.005,0.005,,0.0,0.0885664806323588,98.0,US_events_merged_1997-2026.xlsx,2016-09-21 19:00:00+00:00,2016-09-21 00:00:00+00:00,True,2016-09-21 19:00:00+00:00,True,3297,2016-09-21
2016-09-30 00:30:04.000,JPY,Natl CPI YoY,JNCPIYOY Index,Aug,-0.005,-0.005,-0.004,-0.004,0.0,-0.1741635863881894,95.6,JN_events_1997-2026_FINAL.xlsx,2016-09-30 00:30:04+00:00,2016-09-30 00:00:00+00:00,True,2016-09-30 00:30:04+00:00,True,3304,2016-09-30
2016-09-30 00:30:08.000,JPY,Tokyo CPI Ex-Fresh Food YoY,JNCPTXFF Index,Sep,-0.005,-0.004,-0.004,,-0.001,-0.8050332430257632,91.1,JN_events_1997-2026_FINAL.xlsx,2016-09-30 00:30:08+00:00,2016-09-30 00:00:00+00:00,True,2016-09-30 00:30:08+00:00,True,3304,2016-09-30
2016-10-07 13:30:02.000,USD,Change in Nonfarm Payrolls,NFP TCH Index,Sep,156000.0,172000.0,151000.0,141000.0,-16000.0,-0.0291428924223531,99.3,US_events_merged_1997-2026.xlsx,2016-10-07 13:30:02+00:00,2016-10-07 00:00:00+00:00,True,2016-10-07 13:30:02+00:00,True,3309,2016-10-07
2016-10-18 13:30:05.000,USD,CPI MoM,CPI CHNG Index,Sep,0.003,0.003,0.002,,0.0,0.0849490917504502,97.4,US_events_merged_1997-2026.xlsx,2016-10-18 13:30:05+00:00,2016-10-18 00:00:00+00:00,True,2016-10-18 13:30:05+00:00,True,3316,2016-10-18
2016-10-18 13:30:07.000,USD,CPI YoY,CPI YOY Index,Sep,0.015,0.015,0.011,,0.0,-0.0248345205319028,96.0,US_events_merged_1997-2026.xlsx,2016-10-18 13:30:07+00:00,2016-10-18 00:00:00+00:00,True,2016-10-18 13:30:07+00:00,True,3316,2016-10-18
2016-10-28 00:30:04.000,JPY,Natl CPI YoY,JNCPIYOY Index,Sep,-0.005,-0.005,-0.005,-0.005,0.0,-0.1736671207108949,95.6,JN_events_1997-2026_FINAL.xlsx,2016-10-28 00:30:04+00:00,2016-10-28 00:00:00+00:00,True,2016-10-28 00:30:04+00:00,True,3324,2016-10-28
2016-10-28 00:30:08.000,JPY,Tokyo CPI Ex-Fresh Food YoY,JNCPTXFF Index,Oct,-0.004,-0.005,-0.005,,0.001,0.9642866248286583,91.1,JN_events_1997-2026_FINAL.xlsx,2016-10-28 00:30:08+00:00,2016-10-28 00:00:00+00:00,True,2016-10-28 00:30:08+00:00,True,3324,2016-10-28
2016-11-01 02:55:00.000,JPY,BOJ Target Rate,BOJDTR Index,2026-11-01 00:00:00,,,,,,,98.9,JN_events_1997-2026_FINAL.xlsx,2016-11-01 02:55:00+00:00,2016-11-01 00:00:00+00:00,True,2016-11-01 02:55:00+00:00,True,3326,2016-11-01
2016-11-02 18:00:00.000,USD,FOMC Rate Decision (Upper Bound),FDTR Index,2026-11-02 00:00:00,0.005,0.005,0.005,,0.0,0.0882817607993312,98.0,US_events_merged_1997-2026.xlsx,2016-11-02 18:00:00+00:00,2016-11-02 00:00:00+00:00,True,2016-11-02 18:00:00+00:00,True,3327,2016-11-02
2016-11-04 12:30:02.000,USD,Change in Nonfarm Payrolls,NFP TCH Index,Oct,161000.0,173000.0,156000.0,306000.0,-12000.0,0.0183327675066098,99.3,US_events_merged_1997-2026.xlsx,2016-11-04 12:30:02+00:00,2016-11-04 00:00:00+00:00,True,2016-11-04 12:30:02+00:00,True,3329,2016-11-04
2016-11-17 13:30:05.000,USD,CPI MoM,CPI CHNG Index,Oct,0.004,0.004,0.003,0.003,0.0,0.0847706508188718,97.4,US_events_merged_1997-2026.xlsx,2016-11-17 13:30:05+00:00,2016-11-17 00:00:00+00:00,True,2016-11-17 13:30:05+00:00,True,3338,2016-11-17
2016-11-17 13:30:07.000,USD,CPI YoY,CPI YOY Index,Oct,0.016,0.016,0.015,,0.0,-0.024755763050731,96.0,US_events_merged_1997-2026.xlsx,2016-11-17 13:30:07+00:00,2016-11-17 00:00:00+00:00,True,2016-11-17 13:30:07+00:00,True,3338,2016-11-17
2016-11-24 23:30:04.000,JPY,Natl CPI YoY,JNCPIYOY Index,Oct,0.001,0.0,-0.005,-0.005,0.001,0.8445086550714135,95.6,JN_events_1997-2026_FINAL.xlsx,2016-11-24 23:30:04+00:00,2016-11-24 00:00:00+00:00,True,2016-11-24 23:30:04+00:00,True,3344,2016-11-25
2016-11-24 23:30:08.000,JPY,Tokyo CPI Ex-Fresh Food YoY,JNCPTXFF Index,Nov,-0.004,-0.004,-0.004,,0.0,0.0761722215953809,91.1,JN_events_1997-2026_FINAL.xlsx,2016-11-24 23:30:08+00:00,2016-11-24 00:00:00+00:00,True,2016-11-24 23:30:08+00:00,True,3344,2016-11-25
2016-12-02 13:30:01.000,USD,Change in Nonfarm Payrolls,NFP TCH Index,Nov,178000.0,180000.0,161000.0,98000.0,-2000.0,0.1370812055337713,99.3,US_events_merged_1997-2026.xlsx,2016-12-02 13:30:01+00:00,2016-12-02 00:00:00+00:00,True,2016-12-02 13:30:01+00:00,True,3349,2016-12-02
2016-12-14 19:00:00.000,USD,FOMC Rate Decision (Upper Bound),FDTR Index,2026-12-14 00:00:00,0.0075,0.0075,0.005,,0.0,0.0879997693774725,98.0,US_events_merged_1997-2026.xlsx,2016-12-14 19:00:00+00:00,2016-12-14 00:00:00+00:00,True,2016-12-14 19:00:00+00:00,True,3357,2016-12-14
2016-12-15 13:30:03.000,USD,CPI MoM,CPI CHNG Index,Nov,0.002,0.002,0.004,0.002,0.0,0.0845933296818086,97.4,US_events_merged_1997-2026.xlsx,2016-12-15 13:30:03+00:00,2016-12-15 00:00:00+00:00,True,2016-12-15 13:30:03+00:00,True,3358,2016-12-15
2016-12-15 13:30:05.000,USD,CPI YoY,CPI YOY Index,Nov,0.017,0.017,0.016,,0.0,-0.0246777500999478,96.0,US_events_merged_1997-2026.xlsx,2016-12-15 13:30:05+00:00,2016-12-15 00:00:00+00:00,True,2016-12-15 13:30:05+00:00,True,3358,2016-12-15
2016-12-20 02:51:00.000,JPY,BOJ Target Rate,BOJDTR Index,2026-12-20 00:00:00,,,,,,,98.9,JN_events_1997-2026_FINAL.xlsx,2016-12-20 02:51:00+00:00,2016-12-20 00:00:00+00:00,True,2016-12-20 02:51:00+00:00,True,3361,2016-12-20
2016-12-26 23:30:04.000,JPY,Natl CPI YoY,JNCPIYOY Index,Nov,0.005,0.005,0.001,,0.0,-0.1779580110768722,95.6,JN_events_1997-2026_FINAL.xlsx,2016-12-26 23:30:04+00:00,2016-12-26 00:00:00+00:00,True,2016-12-26 23:30:04+00:00,True,3366,2016-12-27
2016-12-26 23:30:08.000,JPY,Tokyo CPI Ex-Fresh Food YoY,JNCPTXFF Index,Dec,-0.006,-0.004,-0.004,,-0.002,-1.694910964082556,91.1,JN_events_1997-2026_FINAL.xlsx,2016-12-26 23:30:08+00:00,2016-12-26 00:00:00+00:00,True,2016-12-26 23:30:08+00:00,True,3366,2016-12-27
2017-01-06 13:30:01.000,USD,Change in Nonfarm Payrolls,NFP TCH Index,Dec,156000.0,175000.0,178000.0,118000.0,-19000.0,-0.065568556057181,99.3,US_events_merged_1997-2026.xlsx,2017-01-06 13:30:01+00:00,2017-01-06 00:00:00+00:00,True,2017-01-06 13:30:01+00:00,True,3374,2017-01-06
2017-01-18 13:30:01.000,USD,CPI MoM,CPI CHNG Index,Dec,0.003,0.003,0.002,0.001,0.0,0.0844171166758568,97.4,US_events_merged_1997-2026.xlsx,2017-01-18 13:30:01+00:00,2017-01-18 00:00:00+00:00,True,2017-01-18 13:30:01+00:00,True,3382,2017-01-18
2017-01-18 13:30:03.000,USD,CPI YoY,CPI YOY Index,Dec,0.021,0.021,0.017,,0.0,-0.0246004700229389,96.0,US_events_merged_1997-2026.xlsx,2017-01-18 13:30:03+00:00,2017-01-18 00:00:00+00:00,True,2017-01-18 13:30:03+00:00,True,3382,2017-01-18
2017-01-26 23:30:04.000,JPY,Natl CPI YoY,JNCPIYOY Index,Dec,0.003,0.002,0.005,,0.001,0.8437642810954196,95.6,JN_events_1997-2026_FINAL.xlsx,2017-01-26 23:30:04+00:00,2017-01-26 00:00:00+00:00,True,2017-01-26 23:30:04+00:00,True,3389,2017-01-27
2017-01-26 23:30:08.000,JPY,Tokyo CPI Ex-Fresh Food YoY,JNCPTXFF Index,Jan,-0.003,-0.004,-0.006,,0.001,0.9657247933985436,91.1,JN_events_1997-2026_FINAL.xlsx,2017-01-26 23:30:08+00:00,2017-01-26 00:00:00+00:00,True,2017-01-26 23:30:08+00:00,True,3389,2017-01-27
2017-01-31 02:56:00.000,JPY,BOJ Target Rate,BOJDTR Index,2026-01-31 00:00:00,,,,,,,98.9,JN_events_1997-2026_FINAL.xlsx,2017-01-31 02:56:00+00:00,2017-01-31 00:00:00+00:00,True,2017-01-31 02:56:00+00:00,True,3391,2017-01-31
2017-02-01 19:00:00.000,USD,FOMC Rate Decision (Upper Bound),FDTR Index,2026-02-01 00:00:00,0.0075,0.0075,0.0075,,0.0,0.0877204630664911,98.0,US_events_merged_1997-2026.xlsx,2017-02-01 19:00:00+00:00,2017-02-01 00:00:00+00:00,True,2017-02-01 19:00:00+00:00,True,3392,2017-02-01
2017-02-03 13:30:01.000,USD,Change in Nonfarm Payrolls,NFP TCH Index,Jan,227000.0,180000.0,156000.0,225000.0,47000.0,0.7218396825243255,99.3,US_events_merged_1997-2026.xlsx,2017-02-03 13:30:01+00:00,2017-02-03 00:00:00+00:00,True,2017-02-03 13:30:01+00:00,True,3394,2017-02-03
2017-02-15 13:30:02.000,USD,CPI MoM,CPI CHNG Index,Jan,0.006,0.003,0.003,,0.003,2.5306296892218234,97.4,US_events_merged_1997-2026.xlsx,2017-02-15 13:30:02+00:00,2017-02-15 00:00:00+00:00,True,2017-02-15 13:30:02+00:00,True,3402,2017-02-15
2017-02-15 13:30:04.000,USD,CPI YoY,CPI YOY Index,Jan,0.025,0.024,0.021,,0.001,0.6294470597026635,96.0,US_events_merged_1997-2026.xlsx,2017-02-15 13:30:04+00:00,2017-02-15 00:00:00+00:00,True,2017-02-15 13:30:04+00:00,True,3402,2017-02-15
2017-03-02 23:30:04.000,JPY,Natl CPI YoY,JNCPIYOY Index,Jan,0.004,0.004,0.003,,0.0,-0.1821894131371728,95.6,JN_events_1997-2026_FINAL.xlsx,2017-03-02 23:30:04+00:00,2017-03-02 00:00:00+00:00,True,2017-03-02 23:30:04+00:00,True,3414,2017-03-03
2017-03-02 23:30:08.000,JPY,Tokyo CPI Ex-Fresh Food YoY,JNCPTXFF Index,Feb,-0.003,-0.002,-0.003,,-0.001,-0.8016100863661113,91.1,JN_events_1997-2026_FINAL.xlsx,2017-03-02 23:30:08+00:00,2017-03-02 00:00:00+00:00,True,2017-03-02 23:30:08+00:00,True,3414,2017-03-03
2017-03-10 13:30:01.000,USD,Change in Nonfarm Payrolls,NFP TCH Index,Feb,235000.0,200000.0,227000.0,220000.0,35000.0,0.5762721760088831,99.3,US_events_merged_1997-2026.xlsx,2017-03-10 13:30:01+00:00,2017-03-10 00:00:00+00:00,True,2017-03-10 13:30:01+00:00,True,3419,2017-03-10
2017-03-15 12:30:02.000,USD,CPI MoM,CPI CHNG Index,Feb,0.001,0.0,0.006,0.004,0.001,0.8795712169462766,97.4,US_events_merged_1997-2026.xlsx,2017-03-15 12:30:02+00:00,2017-03-15 00:00:00+00:00,True,2017-03-15 12:30:02+00:00,True,3422,2017-03-15
2017-03-15 12:30:04.000,USD,CPI YoY,CPI YOY Index,Feb,0.027,0.027,0.025,,0.0,-0.0284875428955395,96.0,US_events_merged_1997-2026.xlsx,2017-03-15 12:30:04+00:00,2017-03-15 00:00:00+00:00,True,2017-03-15 12:30:04+00:00,True,3422,2017-03-15
2017-03-15 18:00:00.000,USD,FOMC Rate Decision (Upper Bound),FDTR Index,2026-03-15 00:00:00,0.01,0.01,0.0075,,0.0,0.0874437995220944,98.0,US_events_merged_1997-2026.xlsx,2017-03-15 18:00:00+00:00,2017-03-15 00:00:00+00:00,True,2017-03-15 18:00:00+00:00,True,3422,2017-03-15
2017-03-16 02:54:00.000,JPY,BOJ Target Rate,BOJDTR Index,2026-03-16 00:00:00,,,,,,,98.9,JN_events_1997-2026_FINAL.xlsx,2017-03-16 02:54:00+00:00,2017-03-16 00:00:00+00:00,True,2017-03-16 02:54:00+00:00,True,3423,2017-03-16
2017-03-31 00:30:04.000,JPY,Natl CPI YoY,JNCPIYOY Index,Feb,0.003,0.002,0.004,,0.001,0.843051754634789,95.6,JN_events_1997-2026_FINAL.xlsx,2017-03-31 00:30:04+00:00,2017-03-31 00:00:00+00:00,True,2017-03-31 00:30:04+00:00,True,3434,2017-03-31
2017-03-31 00:30:08.000,JPY,Tokyo CPI Ex-Fresh Food YoY,JNCPTXFF Index,Mar,-0.004,-0.002,-0.003,,-0.002,-1.680091723343338,91.1,JN_events_1997-2026_FINAL.xlsx,2017-03-31 00:30:08+00:00,2017-03-31 00:00:00+00:00,True,2017-03-31 00:30:08+00:00,True,3434,2017-03-31
2017-04-07 13:30:01.000,USD,Change in Nonfarm Payrolls,NFP TCH Index,Mar,98000.0,180000.0,235000.0,218000.0,-82000.0,-0.8242926072453092,99.3,US_events_merged_1997-2026.xlsx,2017-04-07 13:30:01+00:00,2017-04-07 00:00:00+00:00,True,2017-04-07 13:30:01+00:00,True,3439,2017-04-07
2017-04-14 13:30:02.000,USD,CPI MoM,CPI CHNG Index,Mar,-0.003,0.0,0.001,0.002,-0.003,-2.351345165629976,97.4,US_events_merged_1997-2026.xlsx,2017-04-14 13:30:02+00:00,2017-04-14 00:00:00+00:00,True,2017-04-14 13:30:02+00:00,True,3444,2017-04-14
2017-04-14 13:30:04.000,USD,CPI YoY,CPI YOY Index,Mar,0.024,0.026,0.027,,-0.0019999999999999,-1.342912324250044,96.0,US_events_merged_1997-2026.xlsx,2017-04-14 13:30:04+00:00,2017-04-14 00:00:00+00:00,True,2017-04-14 13:30:04+00:00,True,3444,2017-04-14
2017-04-27 04:14:00.000,JPY,BOJ Target Rate,BOJDTR Index,2026-04-27 00:00:00,,,,,,,98.9,JN_events_1997-2026_FINAL.xlsx,2017-04-27 04:14:00+00:00,2017-04-27 00:00:00+00:00,True,2017-04-27 04:14:00+00:00,True,3453,2017-04-27
2017-04-28 00:30:04.000,JPY,Natl CPI YoY,JNCPIYOY Index,Mar,0.002,0.003,0.003,,-0.001,-1.21190992783333,95.6,JN_events_1997-2026_FINAL.xlsx,2017-04-28 00:30:04+00:00,2017-04-28 00:00:00+00:00,True,2017-04-28 00:30:04+00:00,True,3454,2017-04-28
2017-04-28 00:30:08.000,JPY,Tokyo CPI Ex-Fresh Food YoY,JNCPTXFF Index,Apr,-0.001,-0.002,-0.004,,0.001,0.970227386841005,91.1,JN_events_1997-2026_FINAL.xlsx,2017-04-28 00:30:08+00:00,2017-04-28 00:00:00+00:00,True,2017-04-28 00:30:08+00:00,True,3454,2017-04-28
2017-05-03 19:00:00.000,USD,FOMC Rate Decision (Upper Bound),FDTR Index,2026-05-03 00:00:00,0.01,0.01,0.01,,0.0,0.0871697373290212,98.0,US_events_merged_1997-2026.xlsx,2017-05-03 19:00:00+00:00,2017-05-03 00:00:00+00:00,True,2017-05-03 19:00:00+00:00,True,3457,2017-05-03
2017-05-05 13:30:01.000,USD,Change in Nonfarm Payrolls,NFP TCH Index,Apr,211000.0,190000.0,98000.0,124000.0,21000.0,0.4109660551622491,99.3,US_events_merged_1997-2026.xlsx,2017-05-05 13:30:01+00:00,2017-05-05 00:00:00+00:00,True,2017-05-05 13:30:01+00:00,True,3459,2017-05-05
2017-05-12 13:30:02.000,USD,CPI MoM,CPI CHNG Index,Apr,0.002,0.002,-0.003,0.0,0.0,0.0783263732302875,97.4,US_events_merged_1997-2026.xlsx,2017-05-12 13:30:02+00:00,2017-05-12 00:00:00+00:00,True,2017-05-12 13:30:02+00:00,True,3464,2017-05-12
2017-05-12 13:30:04.000,USD,CPI YoY,CPI YOY Index,Apr,0.022,0.023,0.024,,-0.001,-0.6757668276043007,96.0,US_events_merged_1997-2026.xlsx,2017-05-12 13:30:04+00:00,2017-05-12 00:00:00+00:00,True,2017-05-12 13:30:04+00:00,True,3464,2017-05-12
2017-05-26 00:30:04.000,JPY,Natl CPI YoY,JNCPIYOY Index,Apr,0.004,0.004,0.002,,0.0,-0.1796596104570148,95.6,JN_events_1997-2026_FINAL.xlsx,2017-05-26 00:30:04+00:00,2017-05-26 00:00:00+00:00,True,2017-05-26 00:30:04+00:00,True,3474,2017-05-26
2017-05-26 00:30:08.000,JPY,Tokyo CPI Ex-Fresh Food YoY,JNCPTXFF Index,May,0.001,0.0,-0.001,,0.001,0.9652309279409276,91.1,JN_events_1997-2026_FINAL.xlsx,2017-05-26 00:30:08+00:00,2017-05-26 00:00:00+00:00,True,2017-05-26 00:30:08+00:00,True,3474,2017-05-26
2017-06-02 13:30:01.000,USD,Change in Nonfarm Payrolls,NFP TCH Index,May,138000.0,182000.0,211000.0,205000.0,-44000.0,-0.3690905436787002,99.3,US_events_merged_1997-2026.xlsx,2017-06-02 13:30:01+00:00,2017-06-02 00:00:00+00:00,True,2017-06-02 13:30:01+00:00,True,3479,2017-06-02
2017-06-14 13:30:02.000,USD,CPI MoM,CPI CHNG Index,May,-0.001,0.0,0.002,0.001,-0.001,-0.7230418233257451,97.4,US_events_merged_1997-2026.xlsx,2017-06-14 13:30:02+00:00,2017-06-14 00:00:00+00:00,True,2017-06-14 13:30:02+00:00,True,3487,2017-06-14
2017-06-14 13:30:04.000,USD,CPI YoY,CPI YOY Index,May,0.019,0.02,0.022,,-0.001,-0.6727742928448992,96.0,US_events_merged_1997-2026.xlsx,2017-06-14 13:30:04+00:00,2017-06-14 00:00:00+00:00,True,2017-06-14 13:30:04+00:00,True,3487,2017-06-14
2017-06-14 19:00:00.000,USD,FOMC Rate Decision (Upper Bound),FDTR Index,2026-06-14 00:00:00,0.0125,0.0125,0.01,,0.0,0.0868982359749979,98.0,US_events_merged_1997-2026.xlsx,2017-06-14 19:00:00+00:00,2017-06-14 00:00:00+00:00,True,2017-06-14 19:00:00+00:00,True,3487,2017-06-14
2017-06-16 03:54:00.000,JPY,BOJ Target Rate,BOJDTR Index,2026-06-16 00:00:00,,,,,,,98.9,JN_events_1997-2026_FINAL.xlsx,2017-06-16 03:54:00+00:00,2017-06-16 00:00:00+00:00,True,2017-06-16 03:54:00+00:00,True,3489,2017-06-16
2017-06-30 00:30:04.000,JPY,Natl CPI YoY,JNCPIYOY Index,May,0.004,0.005,0.004,,-0.001,-1.2061082508330334,95.6,JN_events_1997-2026_FINAL.xlsx,2017-06-30 00:30:04+00:00,2017-06-30 00:00:00+00:00,True,2017-06-30 00:30:04+00:00,True,3499,2017-06-30
2017-06-30 00:30:08.000,JPY,Tokyo CPI Ex-Fresh Food YoY,JNCPTXFF Index,Jun,0.0,0.002,0.001,,-0.002,-1.6739238331997248,91.1,JN_events_1997-2026_FINAL.xlsx,2017-06-30 00:30:08+00:00,2017-06-30 00:00:00+00:00,True,2017-06-30 00:30:08+00:00,True,3499,2017-06-30
2017-07-07 13:30:01.000,USD,Change in Nonfarm Payrolls,NFP TCH Index,Jun,222000.0,178000.0,138000.0,205000.0,44000.0,0.6883891901966026,99.3,US_events_merged_1997-2026.xlsx,2017-07-07 13:30:01+00:00,2017-07-07 00:00:00+00:00,True,2017-07-07 13:30:01+00:00,True,3504,2017-07-07
2017-07-14 13:30:02.000,USD,CPI MoM,CPI CHNG Index,Jun,0.0,0.001,-0.001,-0.001,-0.001,-0.7208171212438443,97.4,US_events_merged_1997-2026.xlsx,2017-07-14 13:30:02+00:00,2017-07-14 00:00:00+00:00,True,2017-07-14 13:30:02+00:00,True,3509,2017-07-14
2017-07-14 13:30:04.000,USD,CPI YoY,CPI YOY Index,Jun,0.016,0.017,0.019,,-0.001,-0.6698212332489704,96.0,US_events_merged_1997-2026.xlsx,2017-07-14 13:30:04+00:00,2017-07-14 00:00:00+00:00,True,2017-07-14 13:30:04+00:00,True,3509,2017-07-14
2017-07-20 04:10:00.000,JPY,BOJ Target Rate,BOJDTR Index,2026-07-20 00:00:00,,,,,,,98.9,JN_events_1997-2026_FINAL.xlsx,2017-07-20 04:10:00+00:00,2017-07-20 00:00:00+00:00,True,2017-07-20 04:10:00+00:00,True,3513,2017-07-20
2017-07-26 19:00:00.000,USD,FOMC Rate Decision (Upper Bound),FDTR Index,2026-07-26 00:00:00,0.0125,0.0125,0.0125,,0.0,0.0866292558255816,98.0,US_events_merged_1997-2026.xlsx,2017-07-26 19:00:00+00:00,2017-07-26 00:00:00+00:00,True,2017-07-26 19:00:00+00:00,True,3517,2017-07-26
2017-07-28 00:30:04.000,JPY,Natl CPI YoY,JNCPIYOY Index,Jun,0.004,0.004,0.004,,0.0,-0.1725816809457592,95.6,JN_events_1997-2026_FINAL.xlsx,2017-07-28 00:30:04+00:00,2017-07-28 00:00:00+00:00,True,2017-07-28 00:30:04+00:00,True,3519,2017-07-28
2017-07-28 00:30:08.000,JPY,Tokyo CPI Ex-Fresh Food YoY,JNCPTXFF Index,Jul,0.002,0.001,0.0,,0.001,0.9645711444227086,91.1,JN_events_1997-2026_FINAL.xlsx,2017-07-28 00:30:08+00:00,2017-07-28 00:00:00+00:00,True,2017-07-28 00:30:08+00:00,True,3519,2017-07-28
2017-08-04 13:30:01.000,USD,Change in Nonfarm Payrolls,NFP TCH Index,Jul,209000.0,180000.0,222000.0,203000.0,29000.0,0.5060211753025352,99.3,US_events_merged_1997-2026.xlsx,2017-08-04 13:30:01+00:00,2017-08-04 00:00:00+00:00,True,2017-08-04 13:30:01+00:00,True,3524,2017-08-04
2017-08-11 13:30:02.000,USD,CPI MoM,CPI CHNG Index,Jul,0.001,0.002,0.0,0.001,-0.001,-0.7186128535553173,97.4,US_events_merged_1997-2026.xlsx,2017-08-11 13:30:02+00:00,2017-08-11 00:00:00+00:00,True,2017-08-11 13:30:02+00:00,True,3529,2017-08-11
2017-08-11 13:30:04.000,USD,CPI YoY,CPI YOY Index,Jul,0.017,0.018,0.016,,-0.0009999999999999,-0.6669067875802929,96.0,US_events_merged_1997-2026.xlsx,2017-08-11 13:30:04+00:00,2017-08-11 00:00:00+00:00,True,2017-08-11 13:30:04+00:00,True,3529,2017-08-11
2017-08-25 00:30:04.000,JPY,Natl CPI YoY,JNCPIYOY Index,Jul,0.004,0.004,0.004,,0.0,-0.1721157671683804,95.6,JN_events_1997-2026_FINAL.xlsx,2017-08-25 00:30:04+00:00,2017-08-25 00:00:00+00:00,True,2017-08-25 00:30:04+00:00,True,3539,2017-08-25
2017-08-25 00:30:08.000,JPY,Tokyo CPI Ex-Fresh Food YoY,JNCPTXFF Index,Aug,0.004,0.003,0.002,,0.001,0.9597091392298132,91.1,JN_events_1997-2026_FINAL.xlsx,2017-08-25 00:30:08+00:00,2017-08-25 00:00:00+00:00,True,2017-08-25 00:30:08+00:00,True,3539,2017-08-25
2017-09-01 13:30:01.000,USD,Change in Nonfarm Payrolls,NFP TCH Index,Aug,156000.0,180000.0,209000.0,189000.0,-24000.0,-0.1333033122199446,99.3,US_events_merged_1997-2026.xlsx,2017-09-01 13:30:01+00:00,2017-09-01 00:00:00+00:00,True,2017-09-01 13:30:01+00:00,True,3544,2017-09-01
2017-09-14 13:30:03.000,USD,CPI MoM,CPI CHNG Index,Aug,0.004,0.003,0.001,0.0,0.001,0.8906951518779123,97.4,US_events_merged_1997-2026.xlsx,2017-09-14 13:30:03+00:00,2017-09-14 00:00:00+00:00,True,2017-09-14 13:30:03+00:00,True,3553,2017-09-14
2017-09-14 13:30:05.000,USD,CPI YoY,CPI YOY Index,Aug,0.019,0.018,0.017,,0.001,0.6561250002134287,96.0,US_events_merged_1997-2026.xlsx,2017-09-14 13:30:05+00:00,2017-09-14 00:00:00+00:00,True,2017-09-14 13:30:05+00:00,True,3553,2017-09-14
2017-09-20 19:00:00.000,USD,FOMC Rate Decision (Upper Bound),FDTR Index,2026-09-20 00:00:00,0.0125,0.0125,0.0125,,0.0,0.0863627580998549,98.0,US_events_merged_1997-2026.xlsx,2017-09-20 19:00:00+00:00,2017-09-20 00:00:00+00:00,True,2017-09-20 19:00:00+00:00,True,3557,2017-09-20
2017-09-21 04:15:00.000,JPY,BOJ Target Rate,BOJDTR Index,2026-09-21 00:00:00,,,,,,,98.9,JN_events_1997-2026_FINAL.xlsx,2017-09-21 04:15:00+00:00,2017-09-21 00:00:00+00:00,True,2017-09-21 04:15:00+00:00,True,3558,2017-09-21
2017-09-29 00:30:04.000,JPY,Natl CPI YoY,JNCPIYOY Index,Aug,0.0069999999999999,0.006,0.004,,0.0009999999999999,0.8593476183628462,95.6,JN_events_1997-2026_FINAL.xlsx,2017-09-29 00:30:04+00:00,2017-09-29 00:00:00+00:00,True,2017-09-29 00:30:04+00:00,True,3564,2017-09-29
2017-09-29 00:30:08.000,JPY,Tokyo CPI Ex-Fresh Food YoY,JNCPTXFF Index,Sep,0.005,0.005,0.004,,0.0,0.0806012630103592,91.1,JN_events_1997-2026_FINAL.xlsx,2017-09-29 00:30:08+00:00,2017-09-29 00:00:00+00:00,True,2017-09-29 00:30:08+00:00,True,3564,2017-09-29
2017-10-06 13:30:01.000,USD,Change in Nonfarm Payrolls,NFP TCH Index,Sep,-33000.0,80000.0,156000.0,147000.0,-113000.0,-1.2065930862231995,99.3,US_events_merged_1997-2026.xlsx,2017-10-06 13:30:01+00:00,2017-10-06 00:00:00+00:00,True,2017-10-06 13:30:01+00:00,True,3569,2017-10-06
2017-10-13 13:30:03.000,USD,CPI MoM,CPI CHNG Index,Sep,0.005,0.006,0.004,,-0.001,-0.7202950546412388,97.4,US_events_merged_1997-2026.xlsx,2017-10-13 13:30:03+00:00,2017-10-13 00:00:00+00:00,True,2017-10-13 13:30:03+00:00,True,3574,2017-10-13
2017-10-13 13:30:05.000,USD,CPI YoY,CPI YOY Index,Sep,0.022,0.023,0.019,,-0.001,-0.6690825889163017,96.0,US_events_merged_1997-2026.xlsx,2017-10-13 13:30:05+00:00,2017-10-13 00:00:00+00:00,True,2017-10-13 13:30:05+00:00,True,3574,2017-10-13
2017-10-27 00:30:04.000,JPY,Natl CPI YoY,JNCPIYOY Index,Sep,0.0069999999999999,0.0069999999999999,0.0069999999999999,,0.0,-0.1762518572990501,95.6,JN_events_1997-2026_FINAL.xlsx,2017-10-27 00:30:04+00:00,2017-10-27 00:00:00+00:00,True,2017-10-27 00:30:04+00:00,True,3584,2017-10-27
2017-10-27 00:30:08.000,JPY,Tokyo CPI Ex-Fresh Food YoY,JNCPTXFF Index,Oct,0.006,0.005,0.005,,0.001,0.9569816698715352,91.1,JN_events_1997-2026_FINAL.xlsx,2017-10-27 00:30:08+00:00,2017-10-27 00:00:00+00:00,True,2017-10-27 00:30:08+00:00,True,3584,2017-10-27
2017-10-31 03:05:00.000,JPY,BOJ Target Rate,BOJDTR Index,2026-10-31 00:00:00,,,,,,,98.9,JN_events_1997-2026_FINAL.xlsx,2017-10-31 03:05:00+00:00,2017-10-31 00:00:00+00:00,True,2017-10-31 03:05:00+00:00,True,3586,2017-10-31
2017-11-01 18:00:00.000,USD,FOMC Rate Decision (Upper Bound),FDTR Index,2026-11-01 00:00:00,0.0125,0.0125,0.0125,,0.0,0.0860987048469377,98.0,US_events_merged_1997-2026.xlsx,2017-11-01 18:00:00+00:00,2017-11-01 00:00:00+00:00,True,2017-11-01 18:00:00+00:00,True,3587,2017-11-01
2017-11-03 12:30:01.000,USD,Change in Nonfarm Payrolls,NFP TCH Index,Oct,261000.0,313000.0,-33000.0,89000.0,-52000.0,-0.4654907053037372,99.3,US_events_merged_1997-2026.xlsx,2017-11-03 12:30:01+00:00,2017-11-03 00:00:00+00:00,True,2017-11-03 12:30:01+00:00,True,3589,2017-11-03
2017-11-15 13:30:01.000,USD,CPI MoM,CPI CHNG Index,Oct,0.001,0.001,0.005,,0.0,0.086559075837505,97.4,US_events_merged_1997-2026.xlsx,2017-11-15 13:30:01+00:00,2017-11-15 00:00:00+00:00,True,2017-11-15 13:30:01+00:00,True,3597,2017-11-15
2017-11-15 13:30:03.000,USD,CPI YoY,CPI YOY Index,Oct,0.02,0.02,0.022,,0.0,-0.0039189696857282,96.0,US_events_merged_1997-2026.xlsx,2017-11-15 13:30:03+00:00,2017-11-15 00:00:00+00:00,True,2017-11-15 13:30:03+00:00,True,3597,2017-11-15
2017-11-30 23:30:04.000,JPY,Natl CPI YoY,JNCPIYOY Index,Oct,0.002,0.002,0.0069999999999999,,0.0,-0.1757828174471424,95.6,JN_events_1997-2026_FINAL.xlsx,2017-11-30 23:30:04+00:00,2017-11-30 00:00:00+00:00,True,2017-11-30 23:30:04+00:00,True,3609,2017-12-01
2017-11-30 23:30:08.000,JPY,Tokyo CPI Ex-Fresh Food YoY,JNCPTXFF Index,Nov,0.006,0.006,0.006,,0.0,0.0754764017263052,91.1,JN_events_1997-2026_FINAL.xlsx,2017-11-30 23:30:08+00:00,2017-11-30 00:00:00+00:00,True,2017-11-30 23:30:08+00:00,True,3609,2017-12-01
2017-12-08 13:30:01.000,USD,Change in Nonfarm Payrolls,NFP TCH Index,Nov,228000.0,195000.0,261000.0,141000.0,33000.0,0.5616482586785916,99.3,US_events_merged_1997-2026.xlsx,2017-12-08 13:30:01+00:00,2017-12-08 00:00:00+00:00,True,2017-12-08 13:30:01+00:00,True,3614,2017-12-08
2017-12-13 13:30:01.000,USD,CPI MoM,CPI CHNG Index,Nov,0.004,0.004,0.001,0.001,0.0,0.0863865571775539,97.4,US_events_merged_1997-2026.xlsx,2017-12-13 13:30:01+00:00,2017-12-13 00:00:00+00:00,True,2017-12-13 13:30:01+00:00,True,3617,2017-12-13
2017-12-13 13:30:03.000,USD,CPI YoY,CPI YOY Index,Nov,0.022,0.022,0.02,,0.0,-0.0039074945328663,96.0,US_events_merged_1997-2026.xlsx,2017-12-13 13:30:03+00:00,2017-12-13 00:00:00+00:00,True,2017-12-13 13:30:03+00:00,True,3617,2017-12-13
2017-12-13 19:00:00.000,USD,FOMC Rate Decision (Upper Bound),FDTR Index,2026-12-13 00:00:00,0.015,0.015,0.0125,,0.0,0.0858370589232842,98.0,US_events_merged_1997-2026.xlsx,2017-12-13 19:00:00+00:00,2017-12-13 00:00:00+00:00,True,2017-12-13 19:00:00+00:00,True,3617,2017-12-13
2017-12-21 02:46:00.000,JPY,BOJ Target Rate,BOJDTR Index,2026-12-21 00:00:00,,,,,,,98.9,JN_events_1997-2026_FINAL.xlsx,2017-12-21 02:46:00+00:00,2017-12-21 00:00:00+00:00,True,2017-12-21 02:46:00+00:00,True,3623,2017-12-21
2017-12-25 23:30:04.000,JPY,Natl CPI YoY,JNCPIYOY Index,Nov,0.006,0.005,0.002,,0.001,0.8616213867889748,95.6,JN_events_1997-2026_FINAL.xlsx,2017-12-25 23:30:04+00:00,2017-12-25 00:00:00+00:00,True,2017-12-25 23:30:04+00:00,True,3626,2017-12-26
2017-12-25 23:30:08.000,JPY,Tokyo CPI Ex-Fresh Food YoY,JNCPTXFF Index,Dec,0.008,0.0069999999999999,0.006,,0.001,0.9543298910499244,91.1,JN_events_1997-2026_FINAL.xlsx,2017-12-25 23:30:08+00:00,2017-12-25 00:00:00+00:00,True,2017-12-25 23:30:08+00:00,True,3626,2017-12-26
2018-01-05 13:30:02.000,USD,Change in Nonfarm Payrolls,NFP TCH Index,Dec,148000.0,190000.0,228000.0,223000.0,-42000.0,-0.3463735456587352,99.3,US_events_merged_1997-2026.xlsx,2018-01-05 13:30:02+00:00,2018-01-05 00:00:00+00:00,True,2018-01-05 13:30:02+00:00,True,3633,2018-01-05
2018-01-12 13:30:01.000,USD,CPI MoM,CPI CHNG Index,Dec,0.001,0.001,0.004,0.003,0.0,0.0862150659691476,97.4,US_events_merged_1997-2026.xlsx,2018-01-12 13:30:01+00:00,2018-01-12 00:00:00+00:00,True,2018-01-12 13:30:01+00:00,True,3638,2018-01-12
2018-01-12 13:30:03.000,USD,CPI YoY,CPI YOY Index,Dec,0.021,0.021,0.022,,0.0,-0.0038961195899293,96.0,US_events_merged_1997-2026.xlsx,2018-01-12 13:30:03+00:00,2018-01-12 00:00:00+00:00,True,2018-01-12 13:30:03+00:00,True,3638,2018-01-12
2018-01-23 03:14:00.000,JPY,BOJ Target Rate,BOJDTR Index,2026-01-23 00:00:00,,,,,,,98.9,JN_events_1997-2026_FINAL.xlsx,2018-01-23 03:14:00+00:00,2018-01-23 00:00:00+00:00,True,2018-01-23 03:14:00+00:00,True,3645,2018-01-23
2018-01-25 23:30:04.000,JPY,Natl CPI YoY,JNCPIYOY Index,Dec,0.01,0.011,0.006,,-0.0009999999999999,-1.21749553044066,95.6,JN_events_1997-2026_FINAL.xlsx,2018-01-25 23:30:04+00:00,2018-01-25 00:00:00+00:00,True,2018-01-25 23:30:04+00:00,True,3648,2018-01-26
2018-01-25 23:30:08.000,JPY,Tokyo CPI Ex-Fresh Food YoY,JNCPTXFF Index,Jan,0.0069999999999999,0.008,0.008,,-0.001,-0.8088286507980889,91.1,JN_events_1997-2026_FINAL.xlsx,2018-01-25 23:30:08+00:00,2018-01-25 00:00:00+00:00,True,2018-01-25 23:30:08+00:00,True,3648,2018-01-26
2018-01-31 19:00:00.000,USD,FOMC Rate Decision (Upper Bound),FDTR Index,2026-01-31 00:00:00,0.015,0.015,0.015,,0.0,0.0855777839707351,98.0,US_events_merged_1997-2026.xlsx,2018-01-31 19:00:00+00:00,2018-01-31 00:00:00+00:00,True,2018-01-31 19:00:00+00:00,True,3651,2018-01-31
2018-02-02 13:30:02.000,USD,Change in Nonfarm Payrolls,NFP TCH Index,Jan,200000.0,180000.0,148000.0,151000.0,20000.0,0.4051328331316104,99.3,US_events_merged_1997-2026.xlsx,2018-02-02 13:30:02+00:00,2018-02-02 00:00:00+00:00,True,2018-02-02 13:30:02+00:00,True,3653,2018-02-02
2018-02-14 13:30:01.000,USD,CPI MoM,CPI CHNG Index,Jan,0.005,0.003,0.001,0.002,0.002,1.7049576573652616,97.4,US_events_merged_1997-2026.xlsx,2018-02-14 13:30:01+00:00,2018-02-14 00:00:00+00:00,True,2018-02-14 13:30:01+00:00,True,3661,2018-02-14
2018-02-14 13:30:03.000,USD,CPI YoY,CPI YOY Index,Jan,0.021,0.019,0.021,,0.002,1.3325012885692304,96.0,US_events_merged_1997-2026.xlsx,2018-02-14 13:30:03+00:00,2018-02-14 00:00:00+00:00,True,2018-02-14 13:30:03+00:00,True,3661,2018-02-14
2018-02-22 23:30:04.000,JPY,Natl CPI YoY,JNCPIYOY Index,Jan,0.014,0.013,0.01,,0.001,0.8629428637749251,95.6,JN_events_1997-2026_FINAL.xlsx,2018-02-22 23:30:04+00:00,2018-02-22 00:00:00+00:00,True,2018-02-22 23:30:04+00:00,True,3668,2018-02-23
2018-03-01 23:30:08.000,JPY,Tokyo CPI Ex-Fresh Food YoY,JNCPTXFF Index,Feb,0.009,0.008,0.0069999999999999,,0.001,0.9546458675102886,91.1,JN_events_1997-2026_FINAL.xlsx,2018-03-01 23:30:08+00:00,2018-03-01 00:00:00+00:00,True,2018-03-01 23:30:08+00:00,True,3673,2018-03-02
2018-03-09 02:46:00.000,JPY,BOJ Target Rate,BOJDTR Index,2026-03-09 00:00:00,,,,,,,98.9,JN_events_1997-2026_FINAL.xlsx,2018-03-09 02:46:00+00:00,2018-03-09 00:00:00+00:00,True,2018-03-09 02:46:00+00:00,True,3678,2018-03-09
2018-03-09 13:30:02.000,USD,Change in Nonfarm Payrolls,NFP TCH Index,Feb,313000.0,205000.0,200000.0,137000.0,108000.0,1.4715394772606571,99.3,US_events_merged_1997-2026.xlsx,2018-03-09 13:30:02+00:00,2018-03-09 00:00:00+00:00,True,2018-03-09 13:30:02+00:00,True,3678,2018-03-09
2018-03-13 12:30:01.000,USD,CPI MoM,CPI CHNG Index,Feb,0.002,0.002,0.005,0.004,0.0,0.0790640233431487,97.4,US_events_merged_1997-2026.xlsx,2018-03-13 12:30:01+00:00,2018-03-13 00:00:00+00:00,True,2018-03-13 12:30:01+00:00,True,3680,2018-03-13
2018-03-13 12:30:03.000,USD,CPI YoY,CPI YOY Index,Feb,0.022,0.022,0.021,,0.0,-0.0115614707527438,96.0,US_events_merged_1997-2026.xlsx,2018-03-13 12:30:03+00:00,2018-03-13 00:00:00+00:00,True,2018-03-13 12:30:03+00:00,True,3680,2018-03-13
2018-03-21 18:00:00.000,USD,FOMC Rate Decision (Upper Bound),FDTR Index,2026-03-21 00:00:00,0.0175,0.0175,0.015,,0.0,0.0853208443952932,98.0,US_events_merged_1997-2026.xlsx,2018-03-21 18:00:00+00:00,2018-03-21 00:00:00+00:00,True,2018-03-21 18:00:00+00:00,True,3686,2018-03-21
2018-03-22 23:30:04.000,JPY,Natl CPI YoY,JNCPIYOY Index,Feb,0.015,0.015,0.014,,0.0,-0.1779326671288337,95.6,JN_events_1997-2026_FINAL.xlsx,2018-03-22 23:30:04+00:00,2018-03-22 00:00:00+00:00,True,2018-03-22 23:30:04+00:00,True,3688,2018-03-23
2018-03-30 00:30:08.000,JPY,Tokyo CPI Ex-Fresh Food YoY,JNCPTXFF Index,Mar,0.008,0.009,0.009,,-0.001,-0.8104538595422349,91.1,JN_events_1997-2026_FINAL.xlsx,2018-03-30 00:30:08+00:00,2018-03-30 00:00:00+00:00,True,2018-03-30 00:30:08+00:00,True,3693,2018-03-30
2018-04-06 13:30:02.000,USD,Change in Nonfarm Payrolls,NFP TCH Index,Mar,103000.0,185000.0,313000.0,394000.0,-82000.0,-0.8368427501236251,99.3,US_events_merged_1997-2026.xlsx,2018-04-06 13:30:02+00:00,2018-04-06 00:00:00+00:00,True,2018-04-06 13:30:02+00:00,True,3698,2018-04-06
2018-04-11 13:30:01.000,USD,CPI MoM,CPI CHNG Index,Mar,-0.001,0.0,0.002,0.003,-0.001,-0.7291199905713808,97.4,US_events_merged_1997-2026.xlsx,2018-04-11 13:30:01+00:00,2018-04-11 00:00:00+00:00,True,2018-04-11 13:30:01+00:00,True,3701,2018-04-11
2018-04-11 13:30:03.000,USD,CPI YoY,CPI YOY Index,Mar,0.024,0.024,0.022,,0.0,-0.0115283884078077,96.0,US_events_merged_1997-2026.xlsx,2018-04-11 13:30:03+00:00,2018-04-11 00:00:00+00:00,True,2018-04-11 13:30:03+00:00,True,3701,2018-04-11
2018-04-20 00:30:00.000,JPY,Natl CPI YoY,JNCPIYOY Index,Mar,0.011,0.011,0.015,,0.0,-0.1774707995736378,95.6,JN_events_1997-2026_FINAL.xlsx,2018-04-20 00:30:00+00:00,2018-04-20 00:00:00+00:00,True,2018-04-20 00:30:00+00:00,True,3708,2018-04-20
2018-04-27 00:30:00.000,JPY,Tokyo CPI Ex-Fresh Food YoY,JNCPTXFF Index,Apr,0.006,0.008,0.008,,-0.002,-1.6881104084390028,91.1,JN_events_1997-2026_FINAL.xlsx,2018-04-27 00:30:00+00:00,2018-04-27 00:00:00+00:00,True,2018-04-27 00:30:00+00:00,True,3713,2018-04-27
2018-04-27 04:03:00.000,JPY,BOJ Target Rate,BOJDTR Index,2026-04-27 00:00:00,,,,,,,98.9,JN_events_1997-2026_FINAL.xlsx,2018-04-27 04:03:00+00:00,2018-04-27 00:00:00+00:00,True,2018-04-27 04:03:00+00:00,True,3713,2018-04-27
2018-05-02 19:00:00.000,USD,FOMC Rate Decision (Upper Bound),FDTR Index,2026-05-02 00:00:00,0.0175,0.0175,0.0175,,0.0,0.0850662053465975,98.0,US_events_merged_1997-2026.xlsx,2018-05-02 19:00:00+00:00,2018-05-02 00:00:00+00:00,True,2018-05-02 19:00:00+00:00,True,3716,2018-05-02
2018-05-04 13:30:02.000,USD,Change in Nonfarm Payrolls,NFP TCH Index,Apr,164000.0,193000.0,103000.0,226000.0,-29000.0,-0.1923036522637255,99.3,US_events_merged_1997-2026.xlsx,2018-05-04 13:30:02+00:00,2018-05-04 00:00:00+00:00,True,2018-05-04 13:30:02+00:00,True,3718,2018-05-04
2018-05-10 13:30:03.000,USD,CPI MoM,CPI CHNG Index,Apr,0.002,0.003,-0.001,0.0,-0.001,-0.7269512160575726,97.4,US_events_merged_1997-2026.xlsx,2018-05-10 13:30:03+00:00,2018-05-10 00:00:00+00:00,True,2018-05-10 13:30:03+00:00,True,3722,2018-05-10
2018-05-10 13:30:05.000,USD,CPI YoY,CPI YOY Index,Apr,0.025,0.025,0.024,,0.0,-0.0114955884234425,96.0,US_events_merged_1997-2026.xlsx,2018-05-10 13:30:05+00:00,2018-05-10 00:00:00+00:00,True,2018-05-10 13:30:05+00:00,True,3722,2018-05-10
2018-05-18 00:30:00.000,JPY,Natl CPI YoY,JNCPIYOY Index,Apr,0.006,0.0069999999999999,0.011,,-0.0009999999999999,-1.2191867602384434,95.6,JN_events_1997-2026_FINAL.xlsx,2018-05-18 00:30:00+00:00,2018-05-18 00:00:00+00:00,True,2018-05-18 00:30:00+00:00,True,3728,2018-05-18
2018-05-25 00:30:00.000,JPY,Tokyo CPI Ex-Fresh Food YoY,JNCPTXFF Index,May,0.005,0.006,0.006,,-0.001,-0.7949892551563589,91.1,JN_events_1997-2026_FINAL.xlsx,2018-05-25 00:30:00+00:00,2018-05-25 00:00:00+00:00,True,2018-05-25 00:30:00+00:00,True,3733,2018-05-25
2018-06-01 13:30:02.000,USD,Change in Nonfarm Payrolls,NFP TCH Index,May,223000.0,190000.0,164000.0,140000.0,33000.0,0.5602320573018189,99.3,US_events_merged_1997-2026.xlsx,2018-06-01 13:30:02+00:00,2018-06-01 00:00:00+00:00,True,2018-06-01 13:30:02+00:00,True,3738,2018-06-01
2018-06-12 13:30:03.000,USD,CPI MoM,CPI CHNG Index,May,0.002,0.002,0.002,0.003,0.0,0.0847170821319294,97.4,US_events_merged_1997-2026.xlsx,2018-06-12 13:30:03+00:00,2018-06-12 00:00:00+00:00,True,2018-06-12 13:30:03+00:00,True,3745,2018-06-12
2018-06-12 13:30:05.000,USD,CPI YoY,CPI YOY Index,May,0.028,0.028,0.025,,0.0,-0.0114630668059246,96.0,US_events_merged_1997-2026.xlsx,2018-06-12 13:30:05+00:00,2018-06-12 00:00:00+00:00,True,2018-06-12 13:30:05+00:00,True,3745,2018-06-12
2018-06-13 19:00:00.000,USD,FOMC Rate Decision (Upper Bound),FDTR Index,2026-06-13 00:00:00,0.02,0.02,0.0175,,0.0,0.0848138326980661,98.0,US_events_merged_1997-2026.xlsx,2018-06-13 19:00:00+00:00,2018-06-13 00:00:00+00:00,True,2018-06-13 19:00:00+00:00,True,3746,2018-06-13
2018-06-15 03:41:00.000,JPY,BOJ Target Rate,BOJDTR Index,2026-06-15 00:00:00,,,,,,,98.9,JN_events_1997-2026_FINAL.xlsx,2018-06-15 03:41:00+00:00,2018-06-15 00:00:00+00:00,True,2018-06-15 03:41:00+00:00,True,3748,2018-06-15
2018-06-22 00:30:00.000,JPY,Natl CPI YoY,JNCPIYOY Index,May,0.0069999999999999,0.006,0.006,,0.0009999999999999,0.8702110221404191,95.6,JN_events_1997-2026_FINAL.xlsx,2018-06-22 00:30:00+00:00,2018-06-22 00:00:00+00:00,True,2018-06-22 00:30:00+00:00,True,3753,2018-06-22
2018-06-29 00:30:00.000,JPY,Tokyo CPI Ex-Fresh Food YoY,JNCPTXFF Index,Jun,0.0069999999999999,0.006,0.005,,0.0009999999999999,0.963835807552543,91.1,JN_events_1997-2026_FINAL.xlsx,2018-06-29 00:30:00+00:00,2018-06-29 00:00:00+00:00,True,2018-06-29 00:30:00+00:00,True,3758,2018-06-29
2018-07-06 13:30:02.000,USD,Change in Nonfarm Payrolls,NFP TCH Index,Jun,213000.0,195000.0,223000.0,322000.0,18000.0,0.3765807843776528,99.3,US_events_merged_1997-2026.xlsx,2018-07-06 13:30:02+00:00,2018-07-06 00:00:00+00:00,True,2018-07-06 13:30:02+00:00,True,3763,2018-07-06
2018-07-12 13:30:03.000,USD,CPI MoM,CPI CHNG Index,Jun,0.001,0.002,0.002,0.002,-0.001,-0.7265280771334909,97.4,US_events_merged_1997-2026.xlsx,2018-07-12 13:30:03+00:00,2018-07-12 00:00:00+00:00,True,2018-07-12 13:30:03+00:00,True,3767,2018-07-12
2018-07-12 13:30:05.000,USD,CPI YoY,CPI YOY Index,Jun,0.029,0.029,0.028,,0.0,-0.0114308196401648,96.0,US_events_merged_1997-2026.xlsx,2018-07-12 13:30:05+00:00,2018-07-12 00:00:00+00:00,True,2018-07-12 13:30:05+00:00,True,3767,2018-07-12
2018-07-20 00:30:00.000,JPY,Natl CPI YoY,JNCPIYOY Index,Jun,0.0069999999999999,0.008,0.0069999999999999,,-0.001,-1.216712967884704,95.6,JN_events_1997-2026_FINAL.xlsx,2018-07-20 00:30:00+00:00,2018-07-20 00:00:00+00:00,True,2018-07-20 00:30:00+00:00,True,3773,2018-07-20
2018-07-27 00:30:00.000,JPY,Tokyo CPI Ex-Fresh Food YoY,JNCPTXFF Index,Jul,0.008,0.0069999999999999,0.0069999999999999,,0.001,0.959244801821932,91.1,JN_events_1997-2026_FINAL.xlsx,2018-07-27 00:30:00+00:00,2018-07-27 00:00:00+00:00,True,2018-07-27 00:30:00+00:00,True,3778,2018-07-27
2018-07-31 05:03:00.000,JPY,BOJ Target Rate,BOJDTR Index,2026-07-31 00:00:00,,,,,,,98.9,JN_events_1997-2026_FINAL.xlsx,2018-07-31 05:03:00+00:00,2018-07-31 00:00:00+00:00,True,2018-07-31 05:03:00+00:00,True,3780,2018-07-31
2018-08-01 19:00:00.000,USD,FOMC Rate Decision (Upper Bound),FDTR Index,2026-08-01 00:00:00,0.02,0.02,0.02,,0.0,0.0845636930276836,98.0,US_events_merged_1997-2026.xlsx,2018-08-01 19:00:00+00:00,2018-08-01 00:00:00+00:00,True,2018-08-01 19:00:00+00:00,True,3781,2018-08-01
2018-08-03 13:30:02.000,USD,Change in Nonfarm Payrolls,NFP TCH Index,Jul,157000.0,193000.0,213000.0,218000.0,-36000.0,-0.2813362015744127,99.3,US_events_merged_1997-2026.xlsx,2018-08-03 13:30:02+00:00,2018-08-03 00:00:00+00:00,True,2018-08-03 13:30:02+00:00,True,3783,2018-08-03
2018-08-10 13:30:03.000,USD,CPI MoM,CPI CHNG Index,Jul,0.002,0.002,0.001,0.001,0.0,0.0874272445601356,97.4,US_events_merged_1997-2026.xlsx,2018-08-10 13:30:03+00:00,2018-08-10 00:00:00+00:00,True,2018-08-10 13:30:03+00:00,True,3788,2018-08-10
2018-08-10 13:30:05.000,USD,CPI YoY,CPI YOY Index,Jul,0.029,0.029,0.029,,0.0,-0.0113988430877284,96.0,US_events_merged_1997-2026.xlsx,2018-08-10 13:30:05+00:00,2018-08-10 00:00:00+00:00,True,2018-08-10 13:30:05+00:00,True,3788,2018-08-10
2018-08-24 00:30:00.000,JPY,Natl CPI YoY,JNCPIYOY Index,Jul,0.009,0.01,0.0069999999999999,,-0.0009999999999999,-1.2092674422948648,95.6,JN_events_1997-2026_FINAL.xlsx,2018-08-24 00:30:00+00:00,2018-08-24 00:00:00+00:00,True,2018-08-24 00:30:00+00:00,True,3798,2018-08-24
2018-08-31 00:30:00.000,JPY,Tokyo CPI Ex-Fresh Food YoY,JNCPTXFF Index,Aug,0.009,0.008,0.008,,0.001,0.954718887842287,91.1,JN_events_1997-2026_FINAL.xlsx,2018-08-31 00:30:00+00:00,2018-08-31 00:00:00+00:00,True,2018-08-31 00:30:00+00:00,True,3803,2018-08-31
2018-09-07 13:30:02.000,USD,Change in Nonfarm Payrolls,NFP TCH Index,Aug,201000.0,190000.0,157000.0,60000.0,11000.0,0.2921834295424476,99.3,US_events_merged_1997-2026.xlsx,2018-09-07 13:30:02+00:00,2018-09-07 00:00:00+00:00,True,2018-09-07 13:30:02+00:00,True,3808,2018-09-07
2018-09-13 13:30:01.000,USD,CPI MoM,CPI CHNG Index,Aug,0.002,0.003,0.002,0.001,-0.001,-0.7261192150479591,97.4,US_events_merged_1997-2026.xlsx,2018-09-13 13:30:01+00:00,2018-09-13 00:00:00+00:00,True,2018-09-13 13:30:01+00:00,True,3812,2018-09-13
2018-09-13 13:30:03.000,USD,CPI YoY,CPI YOY Index,Aug,0.027,0.028,0.029,,-0.001,-0.6896060920182926,96.0,US_events_merged_1997-2026.xlsx,2018-09-13 13:30:03+00:00,2018-09-13 00:00:00+00:00,True,2018-09-13 13:30:03+00:00,True,3812,2018-09-13
2018-09-19 03:47:00.000,JPY,BOJ Target Rate,BOJDTR Index,2026-09-19 00:00:00,,,,,,,98.9,JN_events_1997-2026_FINAL.xlsx,2018-09-19 03:47:00+00:00,2018-09-19 00:00:00+00:00,True,2018-09-19 03:47:00+00:00,True,3816,2018-09-19
2018-09-21 00:30:00.000,JPY,Natl CPI YoY,JNCPIYOY Index,Aug,0.013,0.011,0.009,,0.002,1.915555240002816,95.6,JN_events_1997-2026_FINAL.xlsx,2018-09-21 00:30:00+00:00,2018-09-21 00:00:00+00:00,True,2018-09-21 00:30:00+00:00,True,3818,2018-09-21
2018-09-26 19:00:00.000,USD,FOMC Rate Decision (Upper Bound),FDTR Index,2026-09-26 00:00:00,0.0225,0.0225,0.02,,0.0,0.0843157535994084,98.0,US_events_merged_1997-2026.xlsx,2018-09-26 19:00:00+00:00,2018-09-26 00:00:00+00:00,True,2018-09-26 19:00:00+00:00,True,3821,2018-09-26
2018-09-28 00:30:00.000,JPY,Tokyo CPI Ex-Fresh Food YoY,JNCPTXFF Index,Sep,0.01,0.009,0.009,,0.0009999999999999,0.9502565408332015,91.1,JN_events_1997-2026_FINAL.xlsx,2018-09-28 00:30:00+00:00,2018-09-28 00:00:00+00:00,True,2018-09-28 00:30:00+00:00,True,3823,2018-09-28
2018-10-05 13:30:02.000,USD,Change in Nonfarm Payrolls,NFP TCH Index,Sep,134000.0,185000.0,201000.0,257000.0,-51000.0,-0.4655545925640268,99.3,US_events_merged_1997-2026.xlsx,2018-10-05 13:30:02+00:00,2018-10-05 00:00:00+00:00,True,2018-10-05 13:30:02+00:00,True,3828,2018-10-05
2018-10-11 13:30:01.000,USD,CPI MoM,CPI CHNG Index,Sep,0.001,0.002,0.002,0.002,-0.001,-0.7240065572954384,97.4,US_events_merged_1997-2026.xlsx,2018-10-11 13:30:01+00:00,2018-10-11 00:00:00+00:00,True,2018-10-11 13:30:01+00:00,True,3832,2018-10-11
2018-10-11 13:30:03.000,USD,CPI YoY,CPI YOY Index,Sep,0.023,0.024,0.027,,-0.001,-0.6867868526849742,96.0,US_events_merged_1997-2026.xlsx,2018-10-11 13:30:03+00:00,2018-10-11 00:00:00+00:00,True,2018-10-11 13:30:03+00:00,True,3832,2018-10-11
2018-10-19 00:30:00.000,JPY,Natl CPI YoY,JNCPIYOY Index,Sep,0.012,0.013,0.013,,-0.0009999999999999,-1.203513147506783,95.6,JN_events_1997-2026_FINAL.xlsx,2018-10-19 00:30:00+00:00,2018-10-19 00:00:00+00:00,True,2018-10-19 00:30:00+00:00,True,3838,2018-10-19
2018-10-26 00:30:00.000,JPY,Tokyo CPI Ex-Fresh Food YoY,JNCPTXFF Index,Oct,0.01,0.01,0.01,,0.0,0.0672856533005459,91.1,JN_events_1997-2026_FINAL.xlsx,2018-10-26 00:30:00+00:00,2018-10-26 00:00:00+00:00,True,2018-10-26 00:30:00+00:00,True,3843,2018-10-26
2018-10-31 03:08:00.000,JPY,BOJ Target Rate,BOJDTR Index,2026-10-31 00:00:00,,,,,,,98.9,JN_events_1997-2026_FINAL.xlsx,2018-10-31 03:08:00+00:00,2018-10-31 00:00:00+00:00,True,2018-10-31 03:08:00+00:00,True,3846,2018-10-31
2018-11-02 12:30:02.000,USD,Change in Nonfarm Payrolls,NFP TCH Index,Oct,250000.0,200000.0,134000.0,81000.0,50000.0,0.770788531497842,99.3,US_events_merged_1997-2026.xlsx,2018-11-02 12:30:02+00:00,2018-11-02 00:00:00+00:00,True,2018-11-02 12:30:02+00:00,True,3848,2018-11-02
2018-11-08 19:00:00.000,USD,FOMC Rate Decision (Upper Bound),FDTR Index,2026-11-08 00:00:00,0.0225,0.0225,0.0225,,0.0,0.0840699823451757,98.0,US_events_merged_1997-2026.xlsx,2018-11-08 19:00:00+00:00,2018-11-08 00:00:00+00:00,True,2018-11-08 19:00:00+00:00,True,3852,2018-11-08
2018-11-14 13:30:01.000,USD,CPI MoM,CPI CHNG Index,Oct,0.003,0.003,0.001,0.002,0.0,0.0929500756564245,97.4,US_events_merged_1997-2026.xlsx,2018-11-14 13:30:01+00:00,2018-11-14 00:00:00+00:00,True,2018-11-14 13:30:01+00:00,True,3856,2018-11-14
2018-11-14 13:30:03.000,USD,CPI YoY,CPI YOY Index,Oct,0.025,0.025,0.023,,0.0,-0.003758252552761,96.0,US_events_merged_1997-2026.xlsx,2018-11-14 13:30:03+00:00,2018-11-14 00:00:00+00:00,True,2018-11-14 13:30:03+00:00,True,3856,2018-11-14
2018-11-21 23:30:00.000,JPY,Natl CPI YoY,JNCPIYOY Index,Oct,0.014,0.014,0.012,,0.0,-0.1650136316293559,95.6,JN_events_1997-2026_FINAL.xlsx,2018-11-21 23:30:00+00:00,2018-11-21 00:00:00+00:00,True,2018-11-21 23:30:00+00:00,True,3862,2018-11-22
2018-11-29 23:30:00.000,JPY,Tokyo CPI Ex-Fresh Food YoY,JNCPTXFF Index,Nov,0.01,0.01,0.01,,0.0,0.0671221973404644,91.1,JN_events_1997-2026_FINAL.xlsx,2018-11-29 23:30:00+00:00,2018-11-29 00:00:00+00:00,True,2018-11-29 23:30:00+00:00,True,3868,2018-11-30
2018-12-07 13:30:02.000,USD,Change in Nonfarm Payrolls,NFP TCH Index,Nov,155000.0,198000.0,250000.0,169000.0,-43000.0,-0.3698691692661678,99.3,US_events_merged_1997-2026.xlsx,2018-12-07 13:30:02+00:00,2018-12-07 00:00:00+00:00,True,2018-12-07 13:30:02+00:00,True,3873,2018-12-07
2018-12-12 13:30:01.000,USD,CPI MoM,CPI CHNG Index,Nov,0.0,0.0,0.003,0.002,0.0,0.0927730136271932,97.4,US_events_merged_1997-2026.xlsx,2018-12-12 13:30:01+00:00,2018-12-12 00:00:00+00:00,True,2018-12-12 13:30:01+00:00,True,3876,2018-12-12
2018-12-12 13:30:03.000,USD,CPI YoY,CPI YOY Index,Nov,0.022,0.022,0.025,,0.0,-0.0037479705174077,96.0,US_events_merged_1997-2026.xlsx,2018-12-12 13:30:03+00:00,2018-12-12 00:00:00+00:00,True,2018-12-12 13:30:03+00:00,True,3876,2018-12-12
2018-12-19 19:00:00.000,USD,FOMC Rate Decision (Upper Bound),FDTR Index,2026-12-19 00:00:00,0.025,0.025,0.0225,,0.0,0.083826347847475,98.0,US_events_merged_1997-2026.xlsx,2018-12-19 19:00:00+00:00,2018-12-19 00:00:00+00:00,True,2018-12-19 19:00:00+00:00,True,3881,2018-12-19
2018-12-20 02:52:00.000,JPY,BOJ Target Rate,BOJDTR Index,2026-12-20 00:00:00,,,,,,,98.9,JN_events_1997-2026_FINAL.xlsx,2018-12-20 02:52:00+00:00,2018-12-20 00:00:00+00:00,True,2018-12-20 02:52:00+00:00,True,3882,2018-12-20
2018-12-20 23:30:00.000,JPY,Natl CPI YoY,JNCPIYOY Index,Nov,0.008,0.008,0.014,,0.0,-0.1646036526125347,95.6,JN_events_1997-2026_FINAL.xlsx,2018-12-20 23:30:00+00:00,2018-12-20 00:00:00+00:00,True,2018-12-20 23:30:00+00:00,True,3883,2018-12-21
2018-12-27 23:30:00.000,JPY,Tokyo CPI Ex-Fresh Food YoY,JNCPTXFF Index,Dec,0.009,0.009,0.01,,0.0,0.0669599268619402,91.1,JN_events_1997-2026_FINAL.xlsx,2018-12-27 23:30:00+00:00,2018-12-27 00:00:00+00:00,True,2018-12-27 23:30:00+00:00,True,3888,2018-12-28
2019-01-04 13:30:01.000,USD,Change in Nonfarm Payrolls,NFP TCH Index,Dec,312000.0,184000.0,155000.0,90000.0,128000.0,1.7274209002990248,99.3,US_events_merged_1997-2026.xlsx,2019-01-04 13:30:01+00:00,2019-01-04 00:00:00+00:00,True,2019-01-04 13:30:01+00:00,True,3892,2019-01-04
2019-01-11 13:30:01.000,USD,CPI MoM,CPI CHNG Index,Dec,-0.001,-0.001,0.0,-0.001,0.0,0.0925969596470606,97.4,US_events_merged_1997-2026.xlsx,2019-01-11 13:30:01+00:00,2019-01-11 00:00:00+00:00,True,2019-01-11 13:30:01+00:00,True,3897,2019-01-11
2019-01-11 13:30:03.000,USD,CPI YoY,CPI YOY Index,Dec,0.019,0.019,0.022,,0.0,-0.0037377724099778,96.0,US_events_merged_1997-2026.xlsx,2019-01-11 13:30:03+00:00,2019-01-11 00:00:00+00:00,True,2019-01-11 13:30:03+00:00,True,3897,2019-01-11
2019-01-17 23:30:00.000,JPY,Natl CPI YoY,JNCPIYOY Index,Dec,0.003,0.003,0.008,,0.0,-0.1641967147076198,95.6,JN_events_1997-2026_FINAL.xlsx,2019-01-17 23:30:00+00:00,2019-01-17 00:00:00+00:00,True,2019-01-17 23:30:00+00:00,True,3902,2019-01-18
2019-01-23 02:59:00.000,JPY,BOJ Target Rate,BOJDTR Index,2026-01-23 00:00:00,,,,,,,98.9,JN_events_1997-2026_FINAL.xlsx,2019-01-23 02:59:00+00:00,2019-01-23 00:00:00+00:00,True,2019-01-23 02:59:00+00:00,True,3905,2019-01-23
2019-01-24 23:30:00.000,JPY,Tokyo CPI Ex-Fresh Food YoY,JNCPTXFF Index,Jan,0.011,0.009,0.009,,0.0019999999999999,1.836755023996491,91.1,JN_events_1997-2026_FINAL.xlsx,2019-01-24 23:30:00+00:00,2019-01-24 00:00:00+00:00,True,2019-01-24 23:30:00+00:00,True,3907,2019-01-25
2019-01-30 19:00:00.000,USD,FOMC Rate Decision (Upper Bound),FDTR Index,2026-01-30 00:00:00,0.025,0.025,0.025,,0.0,0.0835848193224789,98.0,US_events_merged_1997-2026.xlsx,2019-01-30 19:00:00+00:00,2019-01-30 00:00:00+00:00,True,2019-01-30 19:00:00+00:00,True,3910,2019-01-30
2019-02-01 13:30:01.000,USD,Change in Nonfarm Payrolls,NFP TCH Index,Jan,304000.0,165000.0,312000.0,192000.0,139000.0,1.8487678867983344,99.3,US_events_merged_1997-2026.xlsx,2019-02-01 13:30:01+00:00,2019-02-01 00:00:00+00:00,True,2019-02-01 13:30:01+00:00,True,3912,2019-02-01
2019-02-13 13:30:01.000,USD,CPI MoM,CPI CHNG Index,Jan,0.0,0.001,-0.001,0.001,-0.001,-0.7270523129371174,97.4,US_events_merged_1997-2026.xlsx,2019-02-13 13:30:01+00:00,2019-02-13 00:00:00+00:00,True,2019-02-13 13:30:01+00:00,True,3920,2019-02-13
2019-02-13 13:30:03.000,USD,CPI YoY,CPI YOY Index,Jan,0.016,0.015,0.019,,0.001,0.682161248369512,96.0,US_events_merged_1997-2026.xlsx,2019-02-13 13:30:03+00:00,2019-02-13 00:00:00+00:00,True,2019-02-13 13:30:03+00:00,True,3920,2019-02-13
2019-02-21 23:30:00.000,JPY,Natl CPI YoY,JNCPIYOY Index,Jan,0.002,0.002,0.003,,0.0,-0.1637927804976832,95.6,JN_events_1997-2026_FINAL.xlsx,2019-02-21 23:30:00+00:00,2019-02-21 00:00:00+00:00,True,2019-02-21 23:30:00+00:00,True,3927,2019-02-22
2019-02-28 23:30:00.000,JPY,Tokyo CPI Ex-Fresh Food YoY,JNCPTXFF Index,Feb,0.011,0.01,0.011,,0.0009999999999999,0.9376895861225084,91.1,JN_events_1997-2026_FINAL.xlsx,2019-02-28 23:30:00+00:00,2019-02-28 00:00:00+00:00,True,2019-02-28 23:30:00+00:00,True,3932,2019-03-01
2019-03-08 13:30:05.000,USD,Change in Nonfarm Payrolls,NFP TCH Index,Feb,20000.0,180000.0,304000.0,251000.0,-160000.0,-1.8020831627044975,99.3,US_events_merged_1997-2026.xlsx,2019-03-08 13:30:05+00:00,2019-03-08 00:00:00+00:00,True,2019-03-08 13:30:05+00:00,True,3937,2019-03-08
2019-03-12 12:30:01.000,USD,CPI MoM,CPI CHNG Index,Feb,0.002,0.002,0.0,-0.001,0.0,0.0952297198967865,97.4,US_events_merged_1997-2026.xlsx,2019-03-12 12:30:01+00:00,2019-03-12 00:00:00+00:00,True,2019-03-12 12:30:01+00:00,True,3939,2019-03-12
2019-03-12 12:30:03.000,USD,CPI YoY,CPI YOY Index,Feb,0.015,0.016,0.016,,-0.001,-0.6943181610689793,96.0,US_events_merged_1997-2026.xlsx,2019-03-12 12:30:03+00:00,2019-03-12 00:00:00+00:00,True,2019-03-12 12:30:03+00:00,True,3939,2019-03-12
2019-03-15 02:39:00.000,JPY,BOJ Target Rate,BOJDTR Index,2026-03-15 00:00:00,,,,,,,98.9,JN_events_1997-2026_FINAL.xlsx,2019-03-15 02:39:00+00:00,2019-03-15 00:00:00+00:00,True,2019-03-15 02:39:00+00:00,True,3942,2019-03-15
2019-03-20 18:00:00.000,USD,FOMC Rate Decision (Upper Bound),FDTR Index,2026-03-20 00:00:00,0.025,0.025,0.025,,0.0,0.0833453666037047,98.0,US_events_merged_1997-2026.xlsx,2019-03-20 18:00:00+00:00,2019-03-20 00:00:00+00:00,True,2019-03-20 18:00:00+00:00,True,3945,2019-03-20
2019-03-21 23:30:00.000,JPY,Natl CPI YoY,JNCPIYOY Index,Feb,0.002,0.003,0.002,,-0.001,-1.204516476631404,95.6,JN_events_1997-2026_FINAL.xlsx,2019-03-21 23:30:00+00:00,2019-03-21 00:00:00+00:00,True,2019-03-21 23:30:00+00:00,True,3947,2019-03-22
2019-03-28 23:30:04.000,JPY,Tokyo CPI Ex-Fresh Food YoY,JNCPTXFF Index,Mar,0.011,0.011,0.011,,0.0,0.0532352652041939,91.1,JN_events_1997-2026_FINAL.xlsx,2019-03-28 23:30:04+00:00,2019-03-28 00:00:00+00:00,True,2019-03-28 23:30:04+00:00,True,3952,2019-03-29
2019-04-05 13:30:05.000,USD,Change in Nonfarm Payrolls,NFP TCH Index,Mar,196000.0,177000.0,20000.0,7000.0,19000.0,0.3795409398294846,99.3,US_events_merged_1997-2026.xlsx,2019-04-05 13:30:05+00:00,2019-04-05 00:00:00+00:00,True,2019-04-05 13:30:05+00:00,True,3957,2019-04-05
2019-04-10 13:30:01.000,USD,CPI MoM,CPI CHNG Index,Mar,0.004,0.004,0.002,0.003,0.0,0.0950509389179338,97.4,US_events_merged_1997-2026.xlsx,2019-04-10 13:30:01+00:00,2019-04-10 00:00:00+00:00,True,2019-04-10 13:30:01+00:00,True,3960,2019-04-10
2019-04-10 13:30:03.000,USD,CPI YoY,CPI YOY Index,Mar,0.019,0.018,0.015,,0.001,0.684162483275906,96.0,US_events_merged_1997-2026.xlsx,2019-04-10 13:30:03+00:00,2019-04-10 00:00:00+00:00,True,2019-04-10 13:30:03+00:00,True,3960,2019-04-10
2019-04-19 00:30:00.000,JPY,Natl CPI YoY,JNCPIYOY Index,Mar,0.005,0.005,0.002,,0.0,-0.1574888428224247,95.6,JN_events_1997-2026_FINAL.xlsx,2019-04-19 00:30:00+00:00,2019-04-19 00:00:00+00:00,True,2019-04-19 00:30:00+00:00,True,3967,2019-04-19
2019-04-25 04:27:00.000,JPY,BOJ Target Rate,BOJDTR Index,2026-04-25 00:00:00,,,,,,,98.9,JN_events_1997-2026_FINAL.xlsx,2019-04-25 04:27:00+00:00,2019-04-25 00:00:00+00:00,True,2019-04-25 04:27:00+00:00,True,3971,2019-04-25
2019-04-26 00:30:04.000,JPY,Tokyo CPI Ex-Fresh Food YoY,JNCPTXFF Index,Apr,0.013,0.011,0.011,,0.002,1.81784041427007,91.1,JN_events_1997-2026_FINAL.xlsx,2019-04-26 00:30:04+00:00,2019-04-26 00:00:00+00:00,True,2019-04-26 00:30:04+00:00,True,3972,2019-04-26
2019-05-01 19:00:00.000,USD,FOMC Rate Decision (Upper Bound),FDTR Index,2026-05-01 00:00:00,0.025,0.025,0.025,,0.0,0.0831079601261865,98.0,US_events_merged_1997-2026.xlsx,2019-05-01 19:00:00+00:00,2019-05-01 00:00:00+00:00,True,2019-05-01 19:00:00+00:00,True,3975,2019-05-01
2019-05-03 13:30:01.000,USD,Change in Nonfarm Payrolls,NFP TCH Index,Apr,263000.0,190000.0,196000.0,228000.0,73000.0,1.0335995160957685,99.3,US_events_merged_1997-2026.xlsx,2019-05-03 13:30:01+00:00,2019-05-03 00:00:00+00:00,True,2019-05-03 13:30:01+00:00,True,3977,2019-05-03
2019-05-10 13:30:01.000,USD,CPI MoM,CPI CHNG Index,Apr,0.003,0.004,0.004,0.004,-0.001,-0.7283810433684897,97.4,US_events_merged_1997-2026.xlsx,2019-05-10 13:30:01+00:00,2019-05-10 00:00:00+00:00,True,2019-05-10 13:30:01+00:00,True,3982,2019-05-10
2019-05-10 13:30:03.000,USD,CPI YoY,CPI YOY Index,Apr,0.02,0.021,0.019,,-0.001,-0.696218382120142,96.0,US_events_merged_1997-2026.xlsx,2019-05-10 13:30:03+00:00,2019-05-10 00:00:00+00:00,True,2019-05-10 13:30:03+00:00,True,3982,2019-05-10
2019-05-24 00:30:00.000,JPY,Natl CPI YoY,JNCPIYOY Index,Apr,0.009,0.009,0.005,,0.0,-0.1571077068718117,95.6,JN_events_1997-2026_FINAL.xlsx,2019-05-24 00:30:00+00:00,2019-05-24 00:00:00+00:00,True,2019-05-24 00:30:00+00:00,True,3992,2019-05-24
2019-05-31 00:30:04.000,JPY,Tokyo CPI Ex-Fresh Food YoY,JNCPTXFF Index,May,0.011,0.012,0.013,,-0.001,-0.8333233030649687,91.1,JN_events_1997-2026_FINAL.xlsx,2019-05-31 00:30:04+00:00,2019-05-31 00:00:00+00:00,True,2019-05-31 00:30:04+00:00,True,3997,2019-05-31
2019-06-07 13:30:01.000,USD,Change in Nonfarm Payrolls,NFP TCH Index,May,75000.0,175000.0,263000.0,296000.0,-100000.0,-1.068161220091378,99.3,US_events_merged_1997-2026.xlsx,2019-06-07 13:30:01+00:00,2019-06-07 00:00:00+00:00,True,2019-06-07 13:30:01+00:00,True,4002,2019-06-07
2019-06-12 13:30:01.000,USD,CPI MoM,CPI CHNG Index,May,0.001,0.001,0.003,0.004,0.0,0.097656478330629,97.4,US_events_merged_1997-2026.xlsx,2019-06-12 13:30:01+00:00,2019-06-12 00:00:00+00:00,True,2019-06-12 13:30:01+00:00,True,4005,2019-06-12
2019-06-12 13:30:03.000,USD,CPI YoY,CPI YOY Index,May,0.018,0.019,0.02,,-0.001,-0.6934759785195198,96.0,US_events_merged_1997-2026.xlsx,2019-06-12 13:30:03+00:00,2019-06-12 00:00:00+00:00,True,2019-06-12 13:30:03+00:00,True,4005,2019-06-12
2019-06-19 19:00:00.000,USD,FOMC Rate Decision (Upper Bound),FDTR Index,2026-06-19 00:00:00,0.025,0.025,0.025,,0.0,0.082872570911142,98.0,US_events_merged_1997-2026.xlsx,2019-06-19 19:00:00+00:00,2019-06-19 00:00:00+00:00,True,2019-06-19 19:00:00+00:00,True,4010,2019-06-19
2019-06-20 03:45:00.000,JPY,BOJ Target Rate,BOJDTR Index,2026-06-20 00:00:00,,,,,,,98.9,JN_events_1997-2026_FINAL.xlsx,2019-06-20 03:45:00+00:00,2019-06-20 00:00:00+00:00,True,2019-06-20 03:45:00+00:00,True,4011,2019-06-20
2019-06-21 00:30:00.000,JPY,Natl CPI YoY,JNCPIYOY Index,May,0.0069999999999999,0.0069999999999999,0.009,,0.0,-0.1567293250702933,95.6,JN_events_1997-2026_FINAL.xlsx,2019-06-21 00:30:00+00:00,2019-06-21 00:00:00+00:00,True,2019-06-21 00:30:00+00:00,True,4012,2019-06-21
2019-06-28 00:30:04.000,JPY,Tokyo CPI Ex-Fresh Food YoY,JNCPTXFF Index,Jun,0.009,0.009,0.011,,0.0,0.048242347467432,91.1,JN_events_1997-2026_FINAL.xlsx,2019-06-28 00:30:04+00:00,2019-06-28 00:00:00+00:00,True,2019-06-28 00:30:04+00:00,True,4017,2019-06-28
2019-07-05 13:30:01.000,USD,Change in Nonfarm Payrolls,NFP TCH Index,Jun,224000.0,160000.0,75000.0,27000.0,64000.0,0.924220675791696,99.3,US_events_merged_1997-2026.xlsx,2019-07-05 13:30:01+00:00,2019-07-05 00:00:00+00:00,True,2019-07-05 13:30:01+00:00,True,4022,2019-07-05
2019-07-11 13:30:01.000,USD,CPI MoM,CPI CHNG Index,Jun,0.001,0.0,0.001,0.0,0.001,0.9229671721034098,97.4,US_events_merged_1997-2026.xlsx,2019-07-11 13:30:01+00:00,2019-07-11 00:00:00+00:00,True,2019-07-11 13:30:01+00:00,True,4026,2019-07-11
2019-07-11 13:30:03.000,USD,CPI YoY,CPI YOY Index,Jun,0.016,0.016,0.018,,0.0,-6.340146094908174e-17,96.0,US_events_merged_1997-2026.xlsx,2019-07-11 13:30:03+00:00,2019-07-11 00:00:00+00:00,True,2019-07-11 13:30:03+00:00,True,4026,2019-07-11
2019-07-19 00:30:00.000,JPY,Natl CPI YoY,JNCPIYOY Index,Jun,0.0069999999999999,0.0069999999999999,0.0069999999999999,,0.0,-0.1563536644031021,95.6,JN_events_1997-2026_FINAL.xlsx,2019-07-19 00:30:00+00:00,2019-07-19 00:00:00+00:00,True,2019-07-19 00:30:00+00:00,True,4032,2019-07-19
2019-07-26 00:30:04.000,JPY,Tokyo CPI Ex-Fresh Food YoY,JNCPTXFF Index,Jul,0.009,0.008,0.009,,0.001,0.9284520048803422,91.1,JN_events_1997-2026_FINAL.xlsx,2019-07-26 00:30:04+00:00,2019-07-26 00:00:00+00:00,True,2019-07-26 00:30:04+00:00,True,4037,2019-07-26
2019-07-30 03:55:00.000,JPY,BOJ Target Rate,BOJDTR Index,2026-07-30 00:00:00,,,,,,,98.9,JN_events_1997-2026_FINAL.xlsx,2019-07-30 03:55:00+00:00,2019-07-30 00:00:00+00:00,True,2019-07-30 03:55:00+00:00,True,4039,2019-07-30
2019-07-31 19:00:00.000,USD,FOMC Rate Decision (Upper Bound),FDTR Index,2026-07-31 00:00:00,0.0225,0.0225,0.025,,0.0,0.0826391705511134,98.0,US_events_merged_1997-2026.xlsx,2019-07-31 19:00:00+00:00,2019-07-31 00:00:00+00:00,True,2019-07-31 19:00:00+00:00,True,4040,2019-07-31
2019-08-02 13:30:01.000,USD,Change in Nonfarm Payrolls,NFP TCH Index,Jul,164000.0,165000.0,224000.0,220000.0,-1000.0,0.1328459148602148,99.3,US_events_merged_1997-2026.xlsx,2019-08-02 13:30:01+00:00,2019-08-02 00:00:00+00:00,True,2019-08-02 13:30:01+00:00,True,4042,2019-08-02
2019-08-13 13:30:01.000,USD,CPI MoM,CPI CHNG Index,Jul,0.003,0.003,0.001,0.0,0.0,0.0941080869369992,97.4,US_events_merged_1997-2026.xlsx,2019-08-13 13:30:01+00:00,2019-08-13 00:00:00+00:00,True,2019-08-13 13:30:01+00:00,True,4049,2019-08-13
2019-08-13 13:30:03.000,USD,CPI YoY,CPI YOY Index,Jul,0.018,0.017,0.016,,0.0009999999999999,0.6926004847472159,96.0,US_events_merged_1997-2026.xlsx,2019-08-13 13:30:03+00:00,2019-08-13 00:00:00+00:00,True,2019-08-13 13:30:03+00:00,True,4049,2019-08-13
2019-08-23 00:30:00.000,JPY,Natl CPI YoY,JNCPIYOY Index,Jul,0.005,0.006,0.0069999999999999,,-0.001,-1.2056620815606418,95.6,JN_events_1997-2026_FINAL.xlsx,2019-08-23 00:30:00+00:00,2019-08-23 00:00:00+00:00,True,2019-08-23 00:30:00+00:00,True,4057,2019-08-23
2019-08-30 00:30:00.000,JPY,Tokyo CPI Ex-Fresh Food YoY,JNCPTXFF Index,Aug,0.0069999999999999,0.008,0.009,,-0.001,-0.8367884972339241,91.1,JN_events_1997-2026_FINAL.xlsx,2019-08-30 00:30:00+00:00,2019-08-30 00:00:00+00:00,True,2019-08-30 00:30:00+00:00,True,4062,2019-08-30
2019-09-06 13:30:00.000,USD,Change in Nonfarm Payrolls,NFP TCH Index,Aug,130000.0,160000.0,164000.0,99000.0,-30000.0,-0.2197039197857027,99.3,US_events_merged_1997-2026.xlsx,2019-09-06 13:30:00+00:00,2019-09-06 00:00:00+00:00,True,2019-09-06 13:30:00+00:00,True,4067,2019-09-06
2019-09-12 13:30:00.000,USD,CPI YoY,CPI YOY Index,Aug,0.017,0.018,0.018,,-0.0009999999999999,-0.6971865374318532,96.0,US_events_merged_1997-2026.xlsx,2019-09-12 13:30:00+00:00,2019-09-12 00:00:00+00:00,True,2019-09-12 13:30:00+00:00,True,4071,2019-09-12
2019-09-12 13:30:00.000,USD,CPI MoM,CPI CHNG Index,Aug,0.001,0.001,0.003,0.002,0.0,0.0939346752523172,97.4,US_events_merged_1997-2026.xlsx,2019-09-12 13:30:00+00:00,2019-09-12 00:00:00+00:00,True,2019-09-12 13:30:00+00:00,True,4071,2019-09-12
2019-09-18 19:00:00.000,USD,FOMC Rate Decision (Upper Bound),FDTR Index,2026-09-18 00:00:00,0.02,0.02,0.0225,,0.0,0.0824077311955661,98.0,US_events_merged_1997-2026.xlsx,2019-09-18 19:00:00+00:00,2019-09-18 00:00:00+00:00,True,2019-09-18 19:00:00+00:00,True,4075,2019-09-18
2019-09-19 03:50:00.000,JPY,BOJ Target Rate,BOJDTR Index,2026-09-19 00:00:00,,,,,,,98.9,JN_events_1997-2026_FINAL.xlsx,2019-09-19 03:50:00+00:00,2019-09-19 00:00:00+00:00,True,2019-09-19 03:50:00+00:00,True,4076,2019-09-19
2019-09-20 00:30:00.000,JPY,Natl CPI YoY,JNCPIYOY Index,Aug,0.003,0.003,0.005,,0.0,-0.1502162080251713,95.6,JN_events_1997-2026_FINAL.xlsx,2019-09-20 00:30:00+00:00,2019-09-20 00:00:00+00:00,True,2019-09-20 00:30:00+00:00,True,4077,2019-09-20
2019-09-27 00:30:00.000,JPY,Tokyo CPI Ex-Fresh Food YoY,JNCPTXFF Index,Sep,0.005,0.006,0.0069999999999999,,-0.001,-0.8335020635706288,91.1,JN_events_1997-2026_FINAL.xlsx,2019-09-27 00:30:00+00:00,2019-09-27 00:00:00+00:00,True,2019-09-27 00:30:00+00:00,True,4082,2019-09-27
2019-10-04 13:30:00.000,USD,Change in Nonfarm Payrolls,NFP TCH Index,Sep,136000.0,145000.0,130000.0,232000.0,-9000.0,0.0362847252704959,99.3,US_events_merged_1997-2026.xlsx,2019-10-04 13:30:00+00:00,2019-10-04 00:00:00+00:00,True,2019-10-04 13:30:00+00:00,True,4087,2019-10-04
2019-10-10 13:30:00.000,USD,CPI YoY,CPI YOY Index,Sep,0.017,0.018,0.017,,-0.0009999999999999,-0.6944949476585338,96.0,US_events_merged_1997-2026.xlsx,2019-10-10 13:30:00+00:00,2019-10-10 00:00:00+00:00,True,2019-10-10 13:30:00+00:00,True,4091,2019-10-10
2019-10-10 13:30:00.000,USD,CPI MoM,CPI CHNG Index,Sep,0.0,0.001,0.001,,-0.001,-0.734974811116648,97.4,US_events_merged_1997-2026.xlsx,2019-10-10 13:30:00+00:00,2019-10-10 00:00:00+00:00,True,2019-10-10 13:30:00+00:00,True,4091,2019-10-10
2019-10-18 00:30:00.000,JPY,Natl CPI YoY,JNCPIYOY Index,Sep,0.002,0.002,0.003,,0.0,-0.149861838834787,95.6,JN_events_1997-2026_FINAL.xlsx,2019-10-18 00:30:00+00:00,2019-10-18 00:00:00+00:00,True,2019-10-18 00:30:00+00:00,True,4097,2019-10-18
2019-10-28 23:30:00.000,JPY,Tokyo CPI Ex-Fresh Food YoY,JNCPTXFF Index,Oct,0.005,0.0069999999999999,0.005,,-0.0019999999999999,-1.7121197026566135,91.1,JN_events_1997-2026_FINAL.xlsx,2019-10-28 23:30:00+00:00,2019-10-28 00:00:00+00:00,True,2019-10-28 23:30:00+00:00,True,4104,2019-10-29
2019-10-30 18:00:00.000,USD,FOMC Rate Decision (Upper Bound),FDTR Index,2026-10-30 00:00:00,0.0175,0.0175,0.02,,0.0,0.0821782255369292,98.0,US_events_merged_1997-2026.xlsx,2019-10-30 18:00:00+00:00,2019-10-30 00:00:00+00:00,True,2019-10-30 18:00:00+00:00,True,4105,2019-10-30
2019-10-31 03:32:00.000,JPY,BOJ Target Rate,BOJDTR Index,2026-10-31 00:00:00,,,,,,,98.9,JN_events_1997-2026_FINAL.xlsx,2019-10-31 03:32:00+00:00,2019-10-31 00:00:00+00:00,True,2019-10-31 03:32:00+00:00,True,4106,2019-10-31
2019-11-01 12:30:00.000,USD,Change in Nonfarm Payrolls,NFP TCH Index,Oct,128000.0,85000.0,136000.0,196000.0,43000.0,0.6702145655869727,99.3,US_events_merged_1997-2026.xlsx,2019-11-01 12:30:00+00:00,2019-11-01 00:00:00+00:00,True,2019-11-01 12:30:00+00:00,True,4107,2019-11-01
2019-11-13 13:30:00.000,USD,CPI MoM,CPI CHNG Index,Oct,0.004,0.003,0.0,0.002,0.001,0.925952474080676,97.4,US_events_merged_1997-2026.xlsx,2019-11-13 13:30:00+00:00,2019-11-13 00:00:00+00:00,True,2019-11-13 13:30:00+00:00,True,4115,2019-11-13
2019-11-13 13:30:00.000,USD,CPI YoY,CPI YOY Index,Oct,0.018,0.017,0.017,,0.0009999999999999,0.6990409473931019,96.0,US_events_merged_1997-2026.xlsx,2019-11-13 13:30:00+00:00,2019-11-13 00:00:00+00:00,True,2019-11-13 13:30:00+00:00,True,4115,2019-11-13
2019-11-21 23:30:00.000,JPY,Natl CPI YoY,JNCPIYOY Index,Oct,0.002,0.003,0.002,,-0.001,-1.20287563611506,95.6,JN_events_1997-2026_FINAL.xlsx,2019-11-21 23:30:00+00:00,2019-11-21 00:00:00+00:00,True,2019-11-21 23:30:00+00:00,True,4122,2019-11-22
2019-11-28 23:30:00.000,JPY,Tokyo CPI Ex-Fresh Food YoY,JNCPTXFF Index,Nov,0.006,0.006,0.005,,0.0,0.0592041927488469,91.1,JN_events_1997-2026_FINAL.xlsx,2019-11-28 23:30:00+00:00,2019-11-28 00:00:00+00:00,True,2019-11-28 23:30:00+00:00,True,4127,2019-11-29
2019-12-06 13:30:00.000,USD,Change in Nonfarm Payrolls,NFP TCH Index,Nov,266000.0,180000.0,128000.0,95000.0,86000.0,1.193238262591376,99.3,US_events_merged_1997-2026.xlsx,2019-12-06 13:30:00+00:00,2019-12-06 00:00:00+00:00,True,2019-12-06 13:30:00+00:00,True,4132,2019-12-06
2019-12-11 13:30:00.000,USD,CPI MoM,CPI CHNG Index,Nov,0.003,0.002,0.004,0.003,0.001,0.922842106504522,97.4,US_events_merged_1997-2026.xlsx,2019-12-11 13:30:00+00:00,2019-12-11 00:00:00+00:00,True,2019-12-11 13:30:00+00:00,True,4135,2019-12-11
2019-12-11 13:30:00.000,USD,CPI YoY,CPI YOY Index,Nov,0.021,0.02,0.018,,0.001,0.6963652943072182,96.0,US_events_merged_1997-2026.xlsx,2019-12-11 13:30:00+00:00,2019-12-11 00:00:00+00:00,True,2019-12-11 13:30:00+00:00,True,4135,2019-12-11
2019-12-11 19:00:00.000,USD,FOMC Rate Decision (Upper Bound),FDTR Index,2026-12-11 00:00:00,0.0175,0.0175,0.0175,,0.0,0.0819506267970607,98.0,US_events_merged_1997-2026.xlsx,2019-12-11 19:00:00+00:00,2019-12-11 00:00:00+00:00,True,2019-12-11 19:00:00+00:00,True,4135,2019-12-11
2019-12-19 02:45:00.000,JPY,BOJ Target Rate,BOJDTR Index,2026-12-19 00:00:00,,,,,,,98.9,JN_events_1997-2026_FINAL.xlsx,2019-12-19 02:45:00+00:00,2019-12-19 00:00:00+00:00,True,2019-12-19 02:45:00+00:00,True,4141,2019-12-19
2019-12-19 23:30:00.000,JPY,Natl CPI YoY,JNCPIYOY Index,Nov,0.005,0.005,0.002,,0.0,-0.1438463365203687,95.6,JN_events_1997-2026_FINAL.xlsx,2019-12-19 23:30:00+00:00,2019-12-19 00:00:00+00:00,True,2019-12-19 23:30:00+00:00,True,4142,2019-12-20
2019-12-26 23:30:00.000,JPY,Tokyo CPI Ex-Fresh Food YoY,JNCPTXFF Index,Dec,0.008,0.006,0.006,,0.002,1.819084573042356,91.1,JN_events_1997-2026_FINAL.xlsx,2019-12-26 23:30:00+00:00,2019-12-26 00:00:00+00:00,True,2019-12-26 23:30:00+00:00,True,4147,2019-12-27
2020-01-10 13:30:00.000,USD,Change in Nonfarm Payrolls,NFP TCH Index,Dec,145000.0,160000.0,266000.0,207000.0,-15000.0,-0.0437517276524408,99.3,US_events_merged_1997-2026.xlsx,2020-01-10 13:30:00+00:00,2020-01-10 00:00:00+00:00,True,2020-01-10 13:30:00+00:00,True,4156,2020-01-10
2020-01-14 13:30:00.000,USD,CPI MoM,CPI CHNG Index,Dec,0.002,0.003,0.003,0.003,-0.001,-0.7400046873909747,97.4,US_events_merged_1997-2026.xlsx,2020-01-14 13:30:00+00:00,2020-01-14 00:00:00+00:00,True,2020-01-14 13:30:00+00:00,True,4158,2020-01-14
2020-01-14 13:30:00.000,USD,CPI YoY,CPI YOY Index,Dec,0.023,0.024,0.021,,-0.001,-0.7008719320352607,96.0,US_events_merged_1997-2026.xlsx,2020-01-14 13:30:00+00:00,2020-01-14 00:00:00+00:00,True,2020-01-14 13:30:00+00:00,True,4158,2020-01-14
2020-01-21 03:01:00.000,JPY,BOJ Target Rate,BOJDTR Index,2026-01-21 00:00:00,,,,,,,98.9,JN_events_1997-2026_FINAL.xlsx,2020-01-21 03:01:00+00:00,2020-01-21 00:00:00+00:00,True,2020-01-21 03:01:00+00:00,True,4163,2020-01-21
2020-01-23 23:30:00.000,JPY,Natl CPI YoY,JNCPIYOY Index,Dec,0.008,0.0069999999999999,0.005,,0.001,0.9111582715976886,95.6,JN_events_1997-2026_FINAL.xlsx,2020-01-23 23:30:00+00:00,2020-01-23 00:00:00+00:00,True,2020-01-23 23:30:00+00:00,True,4166,2020-01-24
2020-01-29 19:00:00.000,USD,FOMC Rate Decision (Upper Bound),FDTR Index,2026-01-29 00:00:00,0.0175,0.0175,0.0175,,0.0,0.081724908714123,98.0,US_events_merged_1997-2026.xlsx,2020-01-29 19:00:00+00:00,2020-01-29 00:00:00+00:00,True,2020-01-29 19:00:00+00:00,True,4169,2020-01-29
2020-01-30 23:30:00.000,JPY,Tokyo CPI Ex-Fresh Food YoY,JNCPTXFF Index,Jan,0.0069999999999999,0.008,0.008,,-0.001,-0.8248981761955029,91.1,JN_events_1997-2026_FINAL.xlsx,2020-01-30 23:30:00+00:00,2020-01-30 00:00:00+00:00,True,2020-01-30 23:30:00+00:00,True,4171,2020-01-31
2020-02-07 13:30:00.000,USD,Change in Nonfarm Payrolls,NFP TCH Index,Jan,225000.0,165000.0,145000.0,127000.0,60000.0,0.8726452029866588,99.3,US_events_merged_1997-2026.xlsx,2020-02-07 13:30:00+00:00,2020-02-07 00:00:00+00:00,True,2020-02-07 13:30:00+00:00,True,4176,2020-02-07
2020-02-13 13:30:00.000,USD,CPI YoY,CPI YOY Index,Jan,0.025,0.024,0.023,,0.001,0.6982120021884476,96.0,US_events_merged_1997-2026.xlsx,2020-02-13 13:30:00+00:00,2020-02-13 00:00:00+00:00,True,2020-02-13 13:30:00+00:00,True,4180,2020-02-13
2020-02-13 13:30:00.000,USD,CPI MoM,CPI CHNG Index,Jan,0.001,0.002,0.002,0.003,-0.001,-0.7379482763936258,97.4,US_events_merged_1997-2026.xlsx,2020-02-13 13:30:00+00:00,2020-02-13 00:00:00+00:00,True,2020-02-13 13:30:00+00:00,True,4180,2020-02-13
2020-02-20 23:30:00.000,JPY,Natl CPI YoY,JNCPIYOY Index,Jan,0.0069999999999999,0.0069999999999999,0.008,,0.0,-0.1477124170658063,95.6,JN_events_1997-2026_FINAL.xlsx,2020-02-20 23:30:00+00:00,2020-02-20 00:00:00+00:00,True,2020-02-20 23:30:00+00:00,True,4186,2020-02-21
2020-02-27 23:30:00.000,JPY,Tokyo CPI Ex-Fresh Food YoY,JNCPTXFF Index,Feb,0.005,0.006,0.0069999999999999,,-0.001,-0.8217683730271611,91.1,JN_events_1997-2026_FINAL.xlsx,2020-02-27 23:30:00+00:00,2020-02-27 00:00:00+00:00,True,2020-02-27 23:30:00+00:00,True,4191,2020-02-28
2020-03-03 15:00:00.000,USD,FOMC Rate Decision (Upper Bound),FDTR Index,2026-03-03 00:00:00,0.0125,0.015,0.0175,,-0.0024999999999999,-5.83702726080478,98.0,US_events_merged_1997-2026.xlsx,2020-03-03 15:00:00+00:00,2020-03-03 00:00:00+00:00,True,2020-03-03 15:00:00+00:00,True,4193,2020-03-03
2020-03-06 13:30:00.000,USD,Change in Nonfarm Payrolls,NFP TCH Index,Feb,273000.0,175000.0,225000.0,237000.0,98000.0,1.334336367459523,99.3,US_events_merged_1997-2026.xlsx,2020-03-06 13:30:00+00:00,2020-03-06 00:00:00+00:00,True,2020-03-06 13:30:00+00:00,True,4196,2020-03-06
2020-03-11 12:30:00.000,USD,CPI YoY,CPI YOY Index,Feb,0.023,0.022,0.025,,0.001,0.6955821736356782,96.0,US_events_merged_1997-2026.xlsx,2020-03-11 12:30:00+00:00,2020-03-11 00:00:00+00:00,True,2020-03-11 12:30:00+00:00,True,4199,2020-03-11
2020-03-11 12:30:00.000,USD,CPI MoM,CPI CHNG Index,Feb,0.001,0.0,0.001,0.002,0.001,0.9265897901392152,97.4,US_events_merged_1997-2026.xlsx,2020-03-11 12:30:00+00:00,2020-03-11 00:00:00+00:00,True,2020-03-11 12:30:00+00:00,True,4199,2020-03-11
2020-03-15 21:00:00.000,USD,FOMC Rate Decision (Upper Bound),FDTR Index,2026-03-15 00:00:00,0.0025,,0.0125,,,,98.0,US_events_merged_1997-2026.xlsx,2020-03-15 21:00:00+00:00,2020-03-15 00:00:00+00:00,True,2020-03-15 21:00:00+00:00,True,4202,2020-03-16
2020-03-16 05:06:00.000,JPY,BOJ Target Rate,BOJDTR Index,2026-03-16 00:00:00,,,,,,,98.9,JN_events_1997-2026_FINAL.xlsx,2020-03-16 05:06:00+00:00,2020-03-16 00:00:00+00:00,True,2020-03-16 05:06:00+00:00,True,4202,2020-03-16
2020-03-18 23:30:00.000,JPY,Natl CPI YoY,JNCPIYOY Index,Feb,0.004,0.005,0.0069999999999999,,-0.001,-1.2048144529745786,95.6,JN_events_1997-2026_FINAL.xlsx,2020-03-18 23:30:00+00:00,2020-03-18 00:00:00+00:00,True,2020-03-18 23:30:00+00:00,True,4205,2020-03-19
2020-03-26 23:30:00.000,JPY,Tokyo CPI Ex-Fresh Food YoY,JNCPTXFF Index,Mar,0.004,0.004,0.005,,0.0,0.0580535816247254,91.1,JN_events_1997-2026_FINAL.xlsx,2020-03-26 23:30:00+00:00,2020-03-26 00:00:00+00:00,True,2020-03-26 23:30:00+00:00,True,4211,2020-03-27
2020-04-03 13:30:00.000,USD,Change in Nonfarm Payrolls,NFP TCH Index,Mar,-701000.0,-100000.0,273000.0,262000.0,-601000.0,-7.204212967571911,99.3,US_events_merged_1997-2026.xlsx,2020-04-03 13:30:00+00:00,2020-04-03 00:00:00+00:00,True,2020-04-03 13:30:00+00:00,True,4216,2020-04-03
2020-04-10 13:30:00.000,USD,CPI MoM,CPI CHNG Index,Mar,-0.004,-0.003,0.001,0.0,-0.001,-0.739409681930745,97.4,US_events_merged_1997-2026.xlsx,2020-04-10 13:30:00+00:00,2020-04-10 00:00:00+00:00,True,2020-04-10 13:30:00+00:00,True,4221,2020-04-10
2020-04-10 13:30:00.000,USD,CPI YoY,CPI YOY Index,Mar,0.015,0.016,0.023,,-0.001,-0.7071243697779416,96.0,US_events_merged_1997-2026.xlsx,2020-04-10 13:30:00+00:00,2020-04-10 00:00:00+00:00,True,2020-04-10 13:30:00+00:00,True,4221,2020-04-10
2020-04-24 00:30:00.000,JPY,Natl CPI YoY,JNCPIYOY Index,Mar,0.004,0.004,0.004,,0.0,-0.1418022641307653,95.6,JN_events_1997-2026_FINAL.xlsx,2020-04-24 00:30:00+00:00,2020-04-24 00:00:00+00:00,True,2020-04-24 00:30:00+00:00,True,4231,2020-04-24
2020-04-27 04:08:00.000,JPY,BOJ Target Rate,BOJDTR Index,2026-04-27 00:00:00,,,,,,,98.9,JN_events_1997-2026_FINAL.xlsx,2020-04-27 04:08:00+00:00,2020-04-27 00:00:00+00:00,True,2020-04-27 04:08:00+00:00,True,4232,2020-04-27
2020-04-29 19:00:00.000,USD,FOMC Rate Decision (Upper Bound),FDTR Index,2026-04-29 00:00:00,0.0025,0.0025,0.0025,,0.0,0.1042442614511573,98.0,US_events_merged_1997-2026.xlsx,2020-04-29 19:00:00+00:00,2020-04-29 00:00:00+00:00,True,2020-04-29 19:00:00+00:00,True,4234,2020-04-29
2020-05-01 00:30:00.000,JPY,Tokyo CPI Ex-Fresh Food YoY,JNCPTXFF Index,Apr,-0.001,0.001,0.004,,-0.002,-1.6994809756424196,91.1,JN_events_1997-2026_FINAL.xlsx,2020-05-01 00:30:00+00:00,2020-05-01 00:00:00+00:00,True,2020-05-01 00:30:00+00:00,True,4236,2020-05-01
2020-05-08 13:30:00.000,USD,Change in Nonfarm Payrolls,NFP TCH Index,Apr,-20537000.0,-22000000.0,-701000.0,-1398000.0,1463000.0,16.562092437196117,99.3,US_events_merged_1997-2026.xlsx,2020-05-08 13:30:00+00:00,2020-05-08 00:00:00+00:00,True,2020-05-08 13:30:00+00:00,True,4241,2020-05-08
2020-05-12 13:30:00.000,USD,CPI YoY,CPI YOY Index,Apr,0.003,0.004,0.015,,-0.001,-0.7044654511293893,96.0,US_events_merged_1997-2026.xlsx,2020-05-12 13:30:00+00:00,2020-05-12 00:00:00+00:00,True,2020-05-12 13:30:00+00:00,True,4243,2020-05-12
2020-05-12 13:30:00.000,USD,CPI MoM,CPI CHNG Index,Apr,-0.008,-0.008,-0.004,-0.005,0.0,0.0947634355034965,97.4,US_events_merged_1997-2026.xlsx,2020-05-12 13:30:00+00:00,2020-05-12 00:00:00+00:00,True,2020-05-12 13:30:00+00:00,True,4243,2020-05-12
2020-05-22 00:30:00.000,JPY,Natl CPI YoY,JNCPIYOY Index,Apr,0.001,0.002,0.004,,-0.001,-1.200197629543548,95.6,JN_events_1997-2026_FINAL.xlsx,2020-05-22 00:30:00+00:00,2020-05-22 00:00:00+00:00,True,2020-05-22 00:30:00+00:00,True,4251,2020-05-22
2020-05-22 01:00:00.000,JPY,BOJ Target Rate,BOJDTR Index,2026-05-22 00:00:00,,,,,,,98.9,JN_events_1997-2026_FINAL.xlsx,2020-05-22 01:00:00+00:00,2020-05-22 00:00:00+00:00,True,2020-05-22 01:00:00+00:00,True,4251,2020-05-22
2020-05-29 00:30:00.000,JPY,Tokyo CPI Ex-Fresh Food YoY,JNCPTXFF Index,May,0.002,-0.002,-0.001,,0.004,3.5653589333473388,91.1,JN_events_1997-2026_FINAL.xlsx,2020-05-29 00:30:00+00:00,2020-05-29 00:00:00+00:00,True,2020-05-29 00:30:00+00:00,True,4256,2020-05-29
2020-06-05 13:30:00.000,USD,Change in Nonfarm Payrolls,NFP TCH Index,May,2509000.0,-7500000.0,-20537000.0,-20469000.0,10009000.0,79.89046946217762,99.3,US_events_merged_1997-2026.xlsx,2020-06-05 13:30:00+00:00,2020-06-05 00:00:00+00:00,True,2020-06-05 13:30:00+00:00,True,4261,2020-06-05
2020-06-10 13:30:00.000,USD,CPI YoY,CPI YOY Index,May,0.001,0.003,0.003,,-0.002,-1.40367269322409,96.0,US_events_merged_1997-2026.xlsx,2020-06-10 13:30:00+00:00,2020-06-10 00:00:00+00:00,True,2020-06-10 13:30:00+00:00,True,4264,2020-06-10
2020-06-10 13:30:00.000,USD,CPI MoM,CPI CHNG Index,May,-0.001,0.0,-0.008,-0.008,-0.001,-0.7390183867136556,97.4,US_events_merged_1997-2026.xlsx,2020-06-10 13:30:00+00:00,2020-06-10 00:00:00+00:00,True,2020-06-10 13:30:00+00:00,True,4264,2020-06-10
2020-06-10 19:00:00.000,USD,FOMC Rate Decision (Upper Bound),FDTR Index,2026-06-10 00:00:00,0.0025,0.0025,0.0025,,0.0,0.1039606038789246,98.0,US_events_merged_1997-2026.xlsx,2020-06-10 19:00:00+00:00,2020-06-10 00:00:00+00:00,True,2020-06-10 19:00:00+00:00,True,4264,2020-06-10
2020-06-16 03:33:00.000,JPY,BOJ Target Rate,BOJDTR Index,2026-06-16 00:00:00,,,,,,,98.9,JN_events_1997-2026_FINAL.xlsx,2020-06-16 03:33:00+00:00,2020-06-16 00:00:00+00:00,True,2020-06-16 03:33:00+00:00,True,4268,2020-06-16
2020-06-19 00:30:00.000,JPY,Natl CPI YoY,JNCPIYOY Index,May,0.001,0.002,0.001,,-0.001,-1.1936784906952649,95.6,JN_events_1997-2026_FINAL.xlsx,2020-06-19 00:30:00+00:00,2020-06-19 00:00:00+00:00,True,2020-06-19 00:30:00+00:00,True,4271,2020-06-19
2020-06-26 00:30:00.000,JPY,Tokyo CPI Ex-Fresh Food YoY,JNCPTXFF Index,Jun,0.002,0.002,0.002,,0.0,0.0481537200241747,91.1,JN_events_1997-2026_FINAL.xlsx,2020-06-26 00:30:00+00:00,2020-06-26 00:00:00+00:00,True,2020-06-26 00:30:00+00:00,True,4276,2020-06-26
2020-07-02 13:30:00.000,USD,Change in Nonfarm Payrolls,NFP TCH Index,Jun,4800000.0,3230000.0,2509000.0,2614000.0,1570000.0,2.5211868033740834,99.3,US_events_merged_1997-2026.xlsx,2020-07-02 13:30:00+00:00,2020-07-02 00:00:00+00:00,True,2020-07-02 13:30:00+00:00,True,4280,2020-07-02
2020-07-14 13:30:00.000,USD,CPI MoM,CPI CHNG Index,Jun,0.006,0.005,-0.001,,0.001,0.9315715954724963,97.4,US_events_merged_1997-2026.xlsx,2020-07-14 13:30:00+00:00,2020-07-14 00:00:00+00:00,True,2020-07-14 13:30:00+00:00,True,4288,2020-07-14
2020-07-14 13:30:00.000,USD,CPI YoY,CPI YOY Index,Jun,0.006,0.006,0.001,,0.0,0.0069667374881512,96.0,US_events_merged_1997-2026.xlsx,2020-07-14 13:30:00+00:00,2020-07-14 00:00:00+00:00,True,2020-07-14 13:30:00+00:00,True,4288,2020-07-14
2020-07-15 03:57:00.000,JPY,BOJ Target Rate,BOJDTR Index,2026-07-15 00:00:00,,,,,,,98.9,JN_events_1997-2026_FINAL.xlsx,2020-07-15 03:57:00+00:00,2020-07-15 00:00:00+00:00,True,2020-07-15 03:57:00+00:00,True,4289,2020-07-15
2020-07-21 00:30:00.000,JPY,Natl CPI YoY,JNCPIYOY Index,Jun,0.001,0.001,0.001,,0.0,-0.1305615333382012,95.6,JN_events_1997-2026_FINAL.xlsx,2020-07-21 00:30:00+00:00,2020-07-21 00:00:00+00:00,True,2020-07-21 00:30:00+00:00,True,4293,2020-07-21
2020-07-29 19:00:00.000,USD,FOMC Rate Decision (Upper Bound),FDTR Index,2026-07-29 00:00:00,0.0025,0.0025,0.0025,,0.0,0.1036792494346478,98.0,US_events_merged_1997-2026.xlsx,2020-07-29 19:00:00+00:00,2020-07-29 00:00:00+00:00,True,2020-07-29 19:00:00+00:00,True,4299,2020-07-29
2020-08-04 00:30:00.000,JPY,Tokyo CPI Ex-Fresh Food YoY,JNCPTXFF Index,Jul,0.004,0.001,0.002,,0.003,2.6130918136117747,91.1,JN_events_1997-2026_FINAL.xlsx,2020-08-04 00:30:00+00:00,2020-08-04 00:00:00+00:00,True,2020-08-04 00:30:00+00:00,True,4303,2020-08-04
2020-08-07 13:30:00.000,USD,Change in Nonfarm Payrolls,NFP TCH Index,Jul,1763000.0,1480000.0,4800000.0,4631000.0,283000.0,0.4038976897469445,99.3,US_events_merged_1997-2026.xlsx,2020-08-07 13:30:00+00:00,2020-08-07 00:00:00+00:00,True,2020-08-07 13:30:00+00:00,True,4306,2020-08-07
2020-08-12 13:30:00.000,USD,CPI MoM,CPI CHNG Index,Jul,0.006,0.003,0.006,0.005,0.003,2.5974865256974966,97.4,US_events_merged_1997-2026.xlsx,2020-08-12 13:30:00+00:00,2020-08-12 00:00:00+00:00,True,2020-08-12 13:30:00+00:00,True,4309,2020-08-12
2020-08-12 13:30:00.000,USD,CPI YoY,CPI YOY Index,Jul,0.01,0.0069999999999999,0.006,,0.003,2.112665286067568,96.0,US_events_merged_1997-2026.xlsx,2020-08-12 13:30:00+00:00,2020-08-12 00:00:00+00:00,True,2020-08-12 13:30:00+00:00,True,4309,2020-08-12
2020-08-21 00:30:00.000,JPY,Natl CPI YoY,JNCPIYOY Index,Jul,0.003,0.003,0.001,,0.0,-0.1302687121377906,95.6,JN_events_1997-2026_FINAL.xlsx,2020-08-21 00:30:00+00:00,2020-08-21 00:00:00+00:00,True,2020-08-21 00:30:00+00:00,True,4316,2020-08-21
2020-08-28 00:30:00.000,JPY,Tokyo CPI Ex-Fresh Food YoY,JNCPTXFF Index,Aug,-0.003,0.003,0.004,,-0.006,-5.029444996122402,91.1,JN_events_1997-2026_FINAL.xlsx,2020-08-28 00:30:00+00:00,2020-08-28 00:00:00+00:00,True,2020-08-28 00:30:00+00:00,True,4321,2020-08-28
2020-09-04 13:30:00.000,USD,Change in Nonfarm Payrolls,NFP TCH Index,Aug,1371000.0,1350000.0,1763000.0,1584000.0,21000.0,-0.0219636894920794,99.3,US_events_merged_1997-2026.xlsx,2020-09-04 13:30:00+00:00,2020-09-04 00:00:00+00:00,True,2020-09-04 13:30:00+00:00,True,4326,2020-09-04
2020-09-11 13:30:00.000,USD,CPI MoM,CPI CHNG Index,Aug,0.004,0.003,0.006,0.005,0.001,0.9102729824336644,97.4,US_events_merged_1997-2026.xlsx,2020-09-11 13:30:00+00:00,2020-09-11 00:00:00+00:00,True,2020-09-11 13:30:00+00:00,True,4331,2020-09-11
2020-09-11 13:30:00.000,USD,CPI YoY,CPI YOY Index,Aug,0.013,0.012,0.01,,0.0009999999999999,0.6925729959236873,96.0,US_events_merged_1997-2026.xlsx,2020-09-11 13:30:00+00:00,2020-09-11 00:00:00+00:00,True,2020-09-11 13:30:00+00:00,True,4331,2020-09-11
2020-09-16 19:00:00.000,USD,FOMC Rate Decision (Upper Bound),FDTR Index,2026-09-16 00:00:00,0.0025,0.0025,0.0025,,0.0,0.103400167118223,98.0,US_events_merged_1997-2026.xlsx,2020-09-16 19:00:00+00:00,2020-09-16 00:00:00+00:00,True,2020-09-16 19:00:00+00:00,True,4334,2020-09-16
2020-09-17 03:51:00.000,JPY,BOJ Target Rate,BOJDTR Index,2026-09-17 00:00:00,,,,,,,98.9,JN_events_1997-2026_FINAL.xlsx,2020-09-17 03:51:00+00:00,2020-09-17 00:00:00+00:00,True,2020-09-17 03:51:00+00:00,True,4335,2020-09-17
2020-09-18 00:30:00.000,JPY,Natl CPI YoY,JNCPIYOY Index,Aug,0.002,0.002,0.003,,0.0,-0.1299778524862005,95.6,JN_events_1997-2026_FINAL.xlsx,2020-09-18 00:30:00+00:00,2020-09-18 00:00:00+00:00,True,2020-09-18 00:30:00+00:00,True,4336,2020-09-18
2020-09-29 00:30:00.000,JPY,Tokyo CPI Ex-Fresh Food YoY,JNCPTXFF Index,Sep,-0.002,-0.003,-0.003,,0.001,0.8578476673584676,91.1,JN_events_1997-2026_FINAL.xlsx,2020-09-29 00:30:00+00:00,2020-09-29 00:00:00+00:00,True,2020-09-29 00:30:00+00:00,True,4343,2020-09-29
2020-10-02 13:30:00.000,USD,Change in Nonfarm Payrolls,NFP TCH Index,Sep,661000.0,859000.0,1371000.0,1566000.0,-198000.0,-0.3778295822102657,99.3,US_events_merged_1997-2026.xlsx,2020-10-02 13:30:00+00:00,2020-10-02 00:00:00+00:00,True,2020-10-02 13:30:00+00:00,True,4346,2020-10-02
2020-10-13 13:30:00.000,USD,CPI MoM,CPI CHNG Index,Sep,0.002,0.002,0.004,,0.0,0.0809117708678348,97.4,US_events_merged_1997-2026.xlsx,2020-10-13 13:30:00+00:00,2020-10-13 00:00:00+00:00,True,2020-10-13 13:30:00+00:00,True,4353,2020-10-13
2020-10-13 13:30:00.000,USD,CPI YoY,CPI YOY Index,Sep,0.014,0.014,0.013,,0.0,-0.0068323466465608,96.0,US_events_merged_1997-2026.xlsx,2020-10-13 13:30:00+00:00,2020-10-13 00:00:00+00:00,True,2020-10-13 13:30:00+00:00,True,4353,2020-10-13
2020-10-23 00:30:00.000,JPY,Natl CPI YoY,JNCPIYOY Index,Sep,0.0,0.0,0.002,,0.0,-0.1296889325792145,95.6,JN_events_1997-2026_FINAL.xlsx,2020-10-23 00:30:00+00:00,2020-10-23 00:00:00+00:00,True,2020-10-23 00:30:00+00:00,True,4361,2020-10-23
2020-10-29 03:12:00.000,JPY,BOJ Target Rate,BOJDTR Index,2026-10-29 00:00:00,,,,,,,98.9,JN_events_1997-2026_FINAL.xlsx,2020-10-29 03:12:00+00:00,2020-10-29 00:00:00+00:00,True,2020-10-29 03:12:00+00:00,True,4365,2020-10-29
2020-10-29 23:30:00.000,JPY,Tokyo CPI Ex-Fresh Food YoY,JNCPTXFF Index,Oct,-0.005,-0.005,-0.002,,0.0,0.0515496927644289,91.1,JN_events_1997-2026_FINAL.xlsx,2020-10-29 23:30:00+00:00,2020-10-29 00:00:00+00:00,True,2020-10-29 23:30:00+00:00,True,4366,2020-10-30
2020-11-05 19:00:00.000,USD,FOMC Rate Decision (Upper Bound),FDTR Index,2026-11-05 00:00:00,0.0025,0.0025,0.0025,,0.0,0.1031233265106066,98.0,US_events_merged_1997-2026.xlsx,2020-11-05 19:00:00+00:00,2020-11-05 00:00:00+00:00,True,2020-11-05 19:00:00+00:00,True,4370,2020-11-05
2020-11-06 13:30:00.000,USD,Change in Nonfarm Payrolls,NFP TCH Index,Oct,638000.0,580000.0,661000.0,949000.0,58000.0,0.0395954705146318,99.3,US_events_merged_1997-2026.xlsx,2020-11-06 13:30:00+00:00,2020-11-06 00:00:00+00:00,True,2020-11-06 13:30:00+00:00,True,4371,2020-11-06
2020-11-12 13:30:00.000,USD,CPI YoY,CPI YOY Index,Oct,0.012,0.013,0.014,,-0.0009999999999999,-0.7054294132946584,96.0,US_events_merged_1997-2026.xlsx,2020-11-12 13:30:00+00:00,2020-11-12 00:00:00+00:00,True,2020-11-12 13:30:00+00:00,True,4375,2020-11-12
2020-11-12 13:30:00.000,USD,CPI MoM,CPI CHNG Index,Oct,0.0,0.001,0.002,0.003,-0.001,-0.7471248669118831,97.4,US_events_merged_1997-2026.xlsx,2020-11-12 13:30:00+00:00,2020-11-12 00:00:00+00:00,True,2020-11-12 13:30:00+00:00,True,4375,2020-11-12
2020-11-19 23:30:00.000,JPY,Natl CPI YoY,JNCPIYOY Index,Oct,-0.004,-0.004,0.0,,0.0,-0.1294019309504583,95.6,JN_events_1997-2026_FINAL.xlsx,2020-11-19 23:30:00+00:00,2020-11-19 00:00:00+00:00,True,2020-11-19 23:30:00+00:00,True,4381,2020-11-20
2020-11-26 23:30:00.000,JPY,Tokyo CPI Ex-Fresh Food YoY,JNCPTXFF Index,Nov,-0.0069999999999999,-0.006,-0.005,,-0.0009999999999999,-0.7533698235849448,91.1,JN_events_1997-2026_FINAL.xlsx,2020-11-26 23:30:00+00:00,2020-11-26 00:00:00+00:00,True,2020-11-26 23:30:00+00:00,True,4386,2020-11-27
2020-12-04 13:30:00.000,USD,Change in Nonfarm Payrolls,NFP TCH Index,Nov,245000.0,460000.0,638000.0,690000.0,-215000.0,-0.4055928417746628,99.3,US_events_merged_1997-2026.xlsx,2020-12-04 13:30:00+00:00,2020-12-04 00:00:00+00:00,True,2020-12-04 13:30:00+00:00,True,4391,2020-12-04
2020-12-10 13:30:00.000,USD,CPI YoY,CPI YOY Index,Nov,0.012,0.011,0.012,,0.001,0.6960798715857183,96.0,US_events_merged_1997-2026.xlsx,2020-12-10 13:30:00+00:00,2020-12-10 00:00:00+00:00,True,2020-12-10 13:30:00+00:00,True,4395,2020-12-10
2020-12-10 13:30:00.000,USD,CPI MoM,CPI CHNG Index,Nov,0.002,0.001,0.0,0.001,0.001,0.9119648483178694,97.4,US_events_merged_1997-2026.xlsx,2020-12-10 13:30:00+00:00,2020-12-10 00:00:00+00:00,True,2020-12-10 13:30:00+00:00,True,4395,2020-12-10
2020-12-16 19:00:00.000,USD,FOMC Rate Decision (Upper Bound),FDTR Index,2026-12-16 00:00:00,0.0025,0.0025,0.0025,,0.0,0.102848697759886,98.0,US_events_merged_1997-2026.xlsx,2020-12-16 19:00:00+00:00,2020-12-16 00:00:00+00:00,True,2020-12-16 19:00:00+00:00,True,4399,2020-12-16
2020-12-17 23:30:00.000,JPY,Natl CPI YoY,JNCPIYOY Index,Nov,-0.009,-0.008,-0.004,-0.004,-0.001,-1.1973495634028546,95.6,JN_events_1997-2026_FINAL.xlsx,2020-12-17 23:30:00+00:00,2020-12-17 00:00:00+00:00,True,2020-12-17 23:30:00+00:00,True,4401,2020-12-18
2020-12-18 03:13:00.000,JPY,BOJ Target Rate,BOJDTR Index,2026-12-18 00:00:00,,,,,,,98.9,JN_events_1997-2026_FINAL.xlsx,2020-12-18 03:13:00+00:00,2020-12-18 00:00:00+00:00,True,2020-12-18 03:13:00+00:00,True,4401,2020-12-18
2020-12-24 23:30:00.000,JPY,Tokyo CPI Ex-Fresh Food YoY,JNCPTXFF Index,Dec,-0.009,-0.008,-0.0069999999999999,,-0.001,-0.7508186534447183,91.1,JN_events_1997-2026_FINAL.xlsx,2020-12-24 23:30:00+00:00,2020-12-24 00:00:00+00:00,True,2020-12-24 23:30:00+00:00,True,4406,2020-12-25
2021-01-08 13:30:00.000,USD,Change in Nonfarm Payrolls,NFP TCH Index,Dec,-140000.0,50000.0,245000.0,273000.0,-190000.0,-0.3639471046313987,99.3,US_events_merged_1997-2026.xlsx,2021-01-08 13:30:00+00:00,2021-01-08 00:00:00+00:00,True,2021-01-08 13:30:00+00:00,True,4415,2021-01-08
2021-01-13 13:30:00.000,USD,CPI YoY,CPI YOY Index,Dec,0.014,0.013,0.012,,0.001,0.693589438664404,96.0,US_events_merged_1997-2026.xlsx,2021-01-13 13:30:00+00:00,2021-01-13 00:00:00+00:00,True,2021-01-13 13:30:00+00:00,True,4418,2021-01-13
2021-01-13 13:30:00.000,USD,CPI MoM,CPI CHNG Index,Dec,0.004,0.004,0.002,0.002,0.0,0.0802972425566104,97.4,US_events_merged_1997-2026.xlsx,2021-01-13 13:30:00+00:00,2021-01-13 00:00:00+00:00,True,2021-01-13 13:30:00+00:00,True,4418,2021-01-13
2021-01-21 02:38:00.000,JPY,BOJ Target Rate,BOJDTR Index,2026-01-21 00:00:00,,,,,,,98.9,JN_events_1997-2026_FINAL.xlsx,2021-01-21 02:38:00+00:00,2021-01-21 00:00:00+00:00,True,2021-01-21 02:38:00+00:00,True,4424,2021-01-21
2021-01-21 23:30:00.000,JPY,Natl CPI YoY,JNCPIYOY Index,Dec,-0.012,-0.013,-0.009,-0.009,0.0009999999999999,0.9434230043518224,95.6,JN_events_1997-2026_FINAL.xlsx,2021-01-21 23:30:00+00:00,2021-01-21 00:00:00+00:00,True,2021-01-21 23:30:00+00:00,True,4425,2021-01-22
2021-01-27 19:00:00.000,USD,FOMC Rate Decision (Upper Bound),FDTR Index,2026-01-27 00:00:00,0.0025,0.0025,0.0025,,0.0,0.1025762515677573,98.0,US_events_merged_1997-2026.xlsx,2021-01-27 19:00:00+00:00,2021-01-27 00:00:00+00:00,True,2021-01-27 19:00:00+00:00,True,4428,2021-01-27
2021-01-28 23:30:00.000,JPY,Tokyo CPI Ex-Fresh Food YoY,JNCPTXFF Index,Jan,-0.004,-0.006,-0.009,,0.002,1.670713285188427,91.1,JN_events_1997-2026_FINAL.xlsx,2021-01-28 23:30:00+00:00,2021-01-28 00:00:00+00:00,True,2021-01-28 23:30:00+00:00,True,4430,2021-01-29
2021-02-05 13:30:00.000,USD,Change in Nonfarm Payrolls,NFP TCH Index,Jan,49000.0,105000.0,-140000.0,-185000.0,-56000.0,-0.1440933668165356,99.3,US_events_merged_1997-2026.xlsx,2021-02-05 13:30:00+00:00,2021-02-05 00:00:00+00:00,True,2021-02-05 13:30:00+00:00,True,4435,2021-02-05
2021-02-10 13:30:00.000,USD,CPI MoM,CPI CHNG Index,Jan,0.003,0.003,0.004,0.004,0.0,0.0801582651775024,97.4,US_events_merged_1997-2026.xlsx,2021-02-10 13:30:00+00:00,2021-02-10 00:00:00+00:00,True,2021-02-10 13:30:00+00:00,True,4438,2021-02-10
2021-02-10 13:30:00.000,USD,CPI YoY,CPI YOY Index,Jan,0.014,0.015,0.014,,-0.0009999999999999,-0.7113536497522229,96.0,US_events_merged_1997-2026.xlsx,2021-02-10 13:30:00+00:00,2021-02-10 00:00:00+00:00,True,2021-02-10 13:30:00+00:00,True,4438,2021-02-10
2021-02-18 23:30:00.000,JPY,Natl CPI YoY,JNCPIYOY Index,Jan,-0.006,-0.0069999999999999,-0.012,-0.012,0.0009999999999999,0.939587972557696,95.6,JN_events_1997-2026_FINAL.xlsx,2021-02-18 23:30:00+00:00,2021-02-18 00:00:00+00:00,True,2021-02-18 23:30:00+00:00,True,4445,2021-02-19
2021-02-25 23:30:00.000,JPY,Tokyo CPI Ex-Fresh Food YoY,JNCPTXFF Index,Feb,-0.003,-0.004,-0.004,-0.004,0.001,0.8539389772207887,91.1,JN_events_1997-2026_FINAL.xlsx,2021-02-25 23:30:00+00:00,2021-02-25 00:00:00+00:00,True,2021-02-25 23:30:00+00:00,True,4450,2021-02-26
2021-03-05 13:30:00.000,USD,Change in Nonfarm Payrolls,NFP TCH Index,Feb,379000.0,200000.0,49000.0,315000.0,179000.0,0.2411265566732351,99.3,US_events_merged_1997-2026.xlsx,2021-03-05 13:30:00+00:00,2021-03-05 00:00:00+00:00,True,2021-03-05 13:30:00+00:00,True,4455,2021-03-05
2021-03-10 13:30:00.000,USD,CPI YoY,CPI YOY Index,Feb,0.017,0.017,0.014,,0.0,-0.0067184486160469,96.0,US_events_merged_1997-2026.xlsx,2021-03-10 13:30:00+00:00,2021-03-10 00:00:00+00:00,True,2021-03-10 13:30:00+00:00,True,4458,2021-03-10
2021-03-10 13:30:00.000,USD,CPI MoM,CPI CHNG Index,Feb,0.004,0.004,0.003,0.002,0.0,0.08002000693972,97.4,US_events_merged_1997-2026.xlsx,2021-03-10 13:30:00+00:00,2021-03-10 00:00:00+00:00,True,2021-03-10 13:30:00+00:00,True,4458,2021-03-10
2021-03-17 18:00:00.000,USD,FOMC Rate Decision (Upper Bound),FDTR Index,2026-03-17 00:00:00,0.0025,0.0025,0.0025,,0.0,0.1023059591763934,98.0,US_events_merged_1997-2026.xlsx,2021-03-17 18:00:00+00:00,2021-03-17 00:00:00+00:00,True,2021-03-17 18:00:00+00:00,True,4463,2021-03-17
2021-03-18 23:30:00.000,JPY,Natl CPI YoY,JNCPIYOY Index,Feb,-0.004,-0.004,-0.006,-0.0069999999999999,0.0,-0.1319834606420921,95.6,JN_events_1997-2026_FINAL.xlsx,2021-03-18 23:30:00+00:00,2021-03-18 00:00:00+00:00,True,2021-03-18 23:30:00+00:00,True,4465,2021-03-19
2021-03-19 03:39:00.000,JPY,BOJ Target Rate,BOJDTR Index,2026-03-19 00:00:00,,,,,,,98.9,JN_events_1997-2026_FINAL.xlsx,2021-03-19 03:39:00+00:00,2021-03-19 00:00:00+00:00,True,2021-03-19 03:39:00+00:00,True,4465,2021-03-19
2021-03-25 23:30:00.000,JPY,Tokyo CPI Ex-Fresh Food YoY,JNCPTXFF Index,Mar,-0.001,-0.002,-0.003,-0.004,0.001,0.8507898879199717,91.1,JN_events_1997-2026_FINAL.xlsx,2021-03-25 23:30:00+00:00,2021-03-25 00:00:00+00:00,True,2021-03-25 23:30:00+00:00,True,4470,2021-03-26
2021-04-02 13:30:00.000,USD,Change in Nonfarm Payrolls,NFP TCH Index,Mar,916000.0,660000.0,379000.0,517000.0,256000.0,0.3670305241914463,99.3,US_events_merged_1997-2026.xlsx,2021-04-02 13:30:00+00:00,2021-04-02 00:00:00+00:00,True,2021-04-02 13:30:00+00:00,True,4475,2021-04-02
2021-04-13 13:30:00.000,USD,CPI MoM,CPI CHNG Index,Mar,0.006,0.005,0.004,0.003,0.001,0.9129424189997546,97.4,US_events_merged_1997-2026.xlsx,2021-04-13 13:30:00+00:00,2021-04-13 00:00:00+00:00,True,2021-04-13 13:30:00+00:00,True,4482,2021-04-13
2021-04-13 13:30:00.000,USD,CPI YoY,CPI YOY Index,Mar,0.026,0.025,0.017,,0.0009999999999999,0.6970609587644399,96.0,US_events_merged_1997-2026.xlsx,2021-04-13 13:30:00+00:00,2021-04-13 00:00:00+00:00,True,2021-04-13 13:30:00+00:00,True,4482,2021-04-13
2021-04-23 00:30:00.000,JPY,Natl CPI YoY,JNCPIYOY Index,Mar,-0.002,-0.002,-0.004,-0.005,0.0,-0.1316974327308834,95.6,JN_events_1997-2026_FINAL.xlsx,2021-04-23 00:30:00+00:00,2021-04-23 00:00:00+00:00,True,2021-04-23 00:30:00+00:00,True,4490,2021-04-23
2021-04-27 04:00:00.000,JPY,BOJ Target Rate,BOJDTR Index,2026-04-27 00:00:00,,,,,,,98.9,JN_events_1997-2026_FINAL.xlsx,2021-04-27 04:00:00+00:00,2021-04-27 00:00:00+00:00,True,2021-04-27 04:00:00+00:00,True,4492,2021-04-27
2021-04-28 19:00:00.000,USD,FOMC Rate Decision (Upper Bound),FDTR Index,2026-04-28 00:00:00,0.0025,0.0025,0.0025,,0.0,0.1020377923556921,98.0,US_events_merged_1997-2026.xlsx,2021-04-28 19:00:00+00:00,2021-04-28 00:00:00+00:00,True,2021-04-28 19:00:00+00:00,True,4493,2021-04-28
2021-04-30 00:30:00.000,JPY,Tokyo CPI Ex-Fresh Food YoY,JNCPTXFF Index,Apr,-0.002,0.0,-0.001,-0.003,-0.002,-1.5649655802325697,91.1,JN_events_1997-2026_FINAL.xlsx,2021-04-30 00:30:00+00:00,2021-04-30 00:00:00+00:00,True,2021-04-30 00:30:00+00:00,True,4495,2021-04-30
2021-05-07 13:30:00.000,USD,Change in Nonfarm Payrolls,NFP TCH Index,Apr,266000.0,1000000.0,916000.0,852000.0,-734000.0,-1.2605519302957058,99.3,US_events_merged_1997-2026.xlsx,2021-05-07 13:30:00+00:00,2021-05-07 00:00:00+00:00,True,2021-05-07 13:30:00+00:00,True,4500,2021-05-07
2021-05-12 13:30:00.000,USD,CPI YoY,CPI YOY Index,Apr,0.042,0.036,0.026,,0.006,4.2177638140885065,96.0,US_events_merged_1997-2026.xlsx,2021-05-12 13:30:00+00:00,2021-05-12 00:00:00+00:00,True,2021-05-12 13:30:00+00:00,True,4503,2021-05-12
2021-05-12 13:30:00.000,USD,CPI MoM,CPI CHNG Index,Apr,0.008,0.002,0.006,0.005,0.006,5.076598968707174,97.4,US_events_merged_1997-2026.xlsx,2021-05-12 13:30:00+00:00,2021-05-12 00:00:00+00:00,True,2021-05-12 13:30:00+00:00,True,4503,2021-05-12
2021-05-21 00:30:00.000,JPY,Natl CPI YoY,JNCPIYOY Index,Apr,-0.004,-0.005,-0.002,-0.004,0.001,0.9408824130462824,95.6,JN_events_1997-2026_FINAL.xlsx,2021-05-21 00:30:00+00:00,2021-05-21 00:00:00+00:00,True,2021-05-21 00:30:00+00:00,True,4510,2021-05-21
2021-05-28 00:30:00.000,JPY,Tokyo CPI Ex-Fresh Food YoY,JNCPTXFF Index,May,-0.002,-0.002,-0.002,-0.009,0.0,0.0499403286572024,91.1,JN_events_1997-2026_FINAL.xlsx,2021-05-28 00:30:00+00:00,2021-05-28 00:00:00+00:00,True,2021-05-28 00:30:00+00:00,True,4515,2021-05-28
2021-06-04 13:30:00.000,USD,Change in Nonfarm Payrolls,NFP TCH Index,May,559000.0,675000.0,266000.0,355000.0,-116000.0,-0.2404196465922594,99.3,US_events_merged_1997-2026.xlsx,2021-06-04 13:30:00+00:00,2021-06-04 00:00:00+00:00,True,2021-06-04 13:30:00+00:00,True,4520,2021-06-04
2021-06-10 13:30:00.000,USD,CPI YoY,CPI YOY Index,May,0.05,0.047,0.042,,0.003,2.006076060273146,96.0,US_events_merged_1997-2026.xlsx,2021-06-10 13:30:00+00:00,2021-06-10 00:00:00+00:00,True,2021-06-10 13:30:00+00:00,True,4524,2021-06-10
2021-06-10 13:30:00.000,USD,CPI MoM,CPI CHNG Index,May,0.006,0.005,0.008,0.006,0.001,0.857435547216999,97.4,US_events_merged_1997-2026.xlsx,2021-06-10 13:30:00+00:00,2021-06-10 00:00:00+00:00,True,2021-06-10 13:30:00+00:00,True,4524,2021-06-10
2021-06-16 19:00:00.000,USD,FOMC Rate Decision (Upper Bound),FDTR Index,2026-06-16 00:00:00,0.0025,0.0025,0.0025,,0.0,0.1017717233908899,98.0,US_events_merged_1997-2026.xlsx,2021-06-16 19:00:00+00:00,2021-06-16 00:00:00+00:00,True,2021-06-16 19:00:00+00:00,True,4528,2021-06-16
2021-06-18 00:30:00.000,JPY,Natl CPI YoY,JNCPIYOY Index,May,-0.001,-0.002,-0.004,-0.011,0.001,0.9371319126486756,95.6,JN_events_1997-2026_FINAL.xlsx,2021-06-18 00:30:00+00:00,2021-06-18 00:00:00+00:00,True,2021-06-18 00:30:00+00:00,True,4530,2021-06-18
2021-06-18 04:30:00.000,JPY,BOJ Target Rate,BOJDTR Index,2026-06-18 00:00:00,,,,,,,98.9,JN_events_1997-2026_FINAL.xlsx,2021-06-18 04:30:00+00:00,2021-06-18 00:00:00+00:00,True,2021-06-18 04:30:00+00:00,True,4530,2021-06-18
2021-06-25 00:30:00.000,JPY,Tokyo CPI Ex-Fresh Food YoY,JNCPTXFF Index,Jun,0.0,-0.001,-0.002,-0.0069999999999999,0.001,0.8532979640065144,91.1,JN_events_1997-2026_FINAL.xlsx,2021-06-25 00:30:00+00:00,2021-06-25 00:00:00+00:00,True,2021-06-25 00:30:00+00:00,True,4535,2021-06-25
2021-07-02 13:30:00.000,USD,Change in Nonfarm Payrolls,NFP TCH Index,Jun,850000.0,720000.0,559000.0,478000.0,130000.0,0.1645157475532181,99.3,US_events_merged_1997-2026.xlsx,2021-07-02 13:30:00+00:00,2021-07-02 00:00:00+00:00,True,2021-07-02 13:30:00+00:00,True,4540,2021-07-02
2021-07-13 13:30:00.000,USD,CPI MoM,CPI CHNG Index,Jun,0.009,0.005,0.006,0.0069999999999999,0.004,3.2568293634068133,97.4,US_events_merged_1997-2026.xlsx,2021-07-13 13:30:00+00:00,2021-07-13 00:00:00+00:00,True,2021-07-13 13:30:00+00:00,True,4547,2021-07-13
2021-07-13 13:30:00.000,USD,CPI YoY,CPI YOY Index,Jun,0.054,0.049,0.05,,0.005,3.3297197470611426,96.0,US_events_merged_1997-2026.xlsx,2021-07-13 13:30:00+00:00,2021-07-13 00:00:00+00:00,True,2021-07-13 13:30:00+00:00,True,4547,2021-07-13
2021-07-16 03:56:00.000,JPY,BOJ Target Rate,BOJDTR Index,2026-07-16 00:00:00,,,,,,,98.9,JN_events_1997-2026_FINAL.xlsx,2021-07-16 03:56:00+00:00,2021-07-16 00:00:00+00:00,True,2021-07-16 03:56:00+00:00,True,4550,2021-07-16
2021-07-20 00:30:00.000,JPY,Natl CPI YoY,JNCPIYOY Index,Jun,0.002,0.002,-0.001,-0.008,0.0,-0.1394254116095946,95.6,JN_events_1997-2026_FINAL.xlsx,2021-07-20 00:30:00+00:00,2021-07-20 00:00:00+00:00,True,2021-07-20 00:30:00+00:00,True,4552,2021-07-20
2021-07-28 19:00:00.000,USD,FOMC Rate Decision (Upper Bound),FDTR Index,2026-07-28 00:00:00,0.0025,0.0025,0.0025,,0.0,0.1015077250705284,98.0,US_events_merged_1997-2026.xlsx,2021-07-28 19:00:00+00:00,2021-07-28 00:00:00+00:00,True,2021-07-28 19:00:00+00:00,True,4558,2021-07-28
2021-08-03 00:30:00.000,JPY,Tokyo CPI Ex-Fresh Food YoY,JNCPTXFF Index,Jul,0.001,0.0,0.0,-0.006,0.001,0.8502059803068422,91.1,JN_events_1997-2026_FINAL.xlsx,2021-08-03 00:30:00+00:00,2021-08-03 00:00:00+00:00,True,2021-08-03 00:30:00+00:00,True,4562,2021-08-03
2021-08-06 13:30:00.000,USD,Change in Nonfarm Payrolls,NFP TCH Index,Jul,943000.0,870000.0,850000.0,755000.0,73000.0,0.0703457348740245,99.3,US_events_merged_1997-2026.xlsx,2021-08-06 13:30:00+00:00,2021-08-06 00:00:00+00:00,True,2021-08-06 13:30:00+00:00,True,4565,2021-08-06
2021-08-11 13:30:00.000,USD,CPI MoM,CPI CHNG Index,Jul,0.005,0.005,0.009,0.008,0.0,0.0425922620931314,97.4,US_events_merged_1997-2026.xlsx,2021-08-11 13:30:00+00:00,2021-08-11 00:00:00+00:00,True,2021-08-11 13:30:00+00:00,True,4568,2021-08-11
2021-08-11 13:30:00.000,USD,CPI YoY,CPI YOY Index,Jul,0.054,0.053,0.054,,0.001,0.6059188160411444,96.0,US_events_merged_1997-2026.xlsx,2021-08-11 13:30:00+00:00,2021-08-11 00:00:00+00:00,True,2021-08-11 13:30:00+00:00,True,4568,2021-08-11
2021-08-20 00:30:00.000,JPY,Natl CPI YoY,JNCPIYOY Index,Jul,-0.003,-0.004,0.002,-0.005,0.001,0.935950153126406,95.6,JN_events_1997-2026_FINAL.xlsx,2021-08-20 00:30:00+00:00,2021-08-20 00:00:00+00:00,True,2021-08-20 00:30:00+00:00,True,4575,2021-08-20
2021-08-27 00:30:00.000,JPY,Tokyo CPI Ex-Fresh Food YoY,JNCPTXFF Index,Aug,0.0,-0.001,0.001,-0.003,0.001,0.847147412100379,91.1,JN_events_1997-2026_FINAL.xlsx,2021-08-27 00:30:00+00:00,2021-08-27 00:00:00+00:00,True,2021-08-27 00:30:00+00:00,True,4580,2021-08-27
2021-09-03 13:30:00.000,USD,Change in Nonfarm Payrolls,NFP TCH Index,Aug,235000.0,733000.0,943000.0,942000.0,-498000.0,-0.8718461212692985,99.3,US_events_merged_1997-2026.xlsx,2021-09-03 13:30:00+00:00,2021-09-03 00:00:00+00:00,True,2021-09-03 13:30:00+00:00,True,4585,2021-09-03
2021-09-14 13:30:00.000,USD,CPI MoM,CPI CHNG Index,Aug,0.003,0.004,0.005,0.005,-0.001,-0.7467682103902447,97.4,US_events_merged_1997-2026.xlsx,2021-09-14 13:30:00+00:00,2021-09-14 00:00:00+00:00,True,2021-09-14 13:30:00+00:00,True,4592,2021-09-14
2021-09-14 13:30:00.000,USD,CPI YoY,CPI YOY Index,Aug,0.053,0.053,0.054,,0.0,-0.0551875215579253,96.0,US_events_merged_1997-2026.xlsx,2021-09-14 13:30:00+00:00,2021-09-14 00:00:00+00:00,True,2021-09-14 13:30:00+00:00,True,4592,2021-09-14
2021-09-22 03:49:00.000,JPY,BOJ Target Rate,BOJDTR Index,2026-09-22 00:00:00,,,,,,,98.9,JN_events_1997-2026_FINAL.xlsx,2021-09-22 03:49:00+00:00,2021-09-22 00:00:00+00:00,True,2021-09-22 03:49:00+00:00,True,4598,2021-09-22
2021-09-22 19:00:00.000,USD,FOMC Rate Decision (Upper Bound),FDTR Index,2026-09-22 00:00:00,0.0025,0.0025,0.0025,,0.0,0.1012457706747632,98.0,US_events_merged_1997-2026.xlsx,2021-09-22 19:00:00+00:00,2021-09-22 00:00:00+00:00,True,2021-09-22 19:00:00+00:00,True,4598,2021-09-22
2021-09-24 00:30:00.000,JPY,Natl CPI YoY,JNCPIYOY Index,Aug,-0.004,-0.003,-0.003,-0.003,-0.001,-1.218448543665183,95.6,JN_events_1997-2026_FINAL.xlsx,2021-09-24 00:30:00+00:00,2021-09-24 00:00:00+00:00,True,2021-09-24 00:30:00+00:00,True,4600,2021-09-24
2021-10-05 00:30:00.000,JPY,Tokyo CPI Ex-Fresh Food YoY,JNCPTXFF Index,Sep,0.001,0.002,0.0,,-0.001,-0.7656455117247741,91.1,JN_events_1997-2026_FINAL.xlsx,2021-10-05 00:30:00+00:00,2021-10-05 00:00:00+00:00,True,2021-10-05 00:30:00+00:00,True,4607,2021-10-05
2021-10-08 13:30:00.000,USD,Change in Nonfarm Payrolls,NFP TCH Index,Sep,194000.0,500000.0,235000.0,552000.0,-306000.0,-0.5523447659388754,99.3,US_events_merged_1997-2026.xlsx,2021-10-08 13:30:00+00:00,2021-10-08 00:00:00+00:00,True,2021-10-08 13:30:00+00:00,True,4610,2021-10-08
2021-10-13 13:30:00.000,USD,CPI MoM,CPI CHNG Index,Sep,0.004,0.003,0.003,0.003,0.001,0.8349399870698705,97.4,US_events_merged_1997-2026.xlsx,2021-10-13 13:30:00+00:00,2021-10-13 00:00:00+00:00,True,2021-10-13 13:30:00+00:00,True,4613,2021-10-13
2021-10-13 13:30:00.000,USD,CPI YoY,CPI YOY Index,Sep,0.054,0.053,0.053,,0.001,0.6056581304742797,96.0,US_events_merged_1997-2026.xlsx,2021-10-13 13:30:00+00:00,2021-10-13 00:00:00+00:00,True,2021-10-13 13:30:00+00:00,True,4613,2021-10-13
2021-10-22 00:30:00.000,JPY,Natl CPI YoY,JNCPIYOY Index,Sep,0.002,0.002,-0.004,-0.004,0.0,-0.1378674228444583,95.6,JN_events_1997-2026_FINAL.xlsx,2021-10-22 00:30:00+00:00,2021-10-22 00:00:00+00:00,True,2021-10-22 00:30:00+00:00,True,4620,2021-10-22
2021-10-28 03:45:00.000,JPY,BOJ Target Rate,BOJDTR Index,2026-10-28 00:00:00,,,,,,,98.9,JN_events_1997-2026_FINAL.xlsx,2021-10-28 03:45:00+00:00,2021-10-28 00:00:00+00:00,True,2021-10-28 03:45:00+00:00,True,4624,2021-10-28
2021-10-29 00:30:00.000,JPY,Tokyo CPI Ex-Fresh Food YoY,JNCPTXFF Index,Oct,0.001,0.003,0.001,,-0.002,-1.568713004440328,91.1,JN_events_1997-2026_FINAL.xlsx,2021-10-29 00:30:00+00:00,2021-10-29 00:00:00+00:00,True,2021-10-29 00:30:00+00:00,True,4625,2021-10-29
2021-11-03 18:00:00.000,USD,FOMC Rate Decision (Upper Bound),FDTR Index,2026-11-03 00:00:00,0.0025,0.0025,0.0025,,0.0,0.1009858339640029,98.0,US_events_merged_1997-2026.xlsx,2021-11-03 18:00:00+00:00,2021-11-03 00:00:00+00:00,True,2021-11-03 18:00:00+00:00,True,4628,2021-11-03
2021-11-05 12:30:00.000,USD,Change in Nonfarm Payrolls,NFP TCH Index,Oct,531000.0,450000.0,194000.0,457000.0,81000.0,0.088386119707433,99.3,US_events_merged_1997-2026.xlsx,2021-11-05 12:30:00+00:00,2021-11-05 00:00:00+00:00,True,2021-11-05 12:30:00+00:00,True,4630,2021-11-05
2021-11-10 13:30:00.000,USD,CPI YoY,CPI YOY Index,Oct,0.062,0.059,0.054,,0.003,1.9271372116555192,96.0,US_events_merged_1997-2026.xlsx,2021-11-10 13:30:00+00:00,2021-11-10 00:00:00+00:00,True,2021-11-10 13:30:00+00:00,True,4633,2021-11-10
2021-11-10 13:30:00.000,USD,CPI MoM,CPI CHNG Index,Oct,0.009,0.006,0.004,0.005,0.003,2.4131430807014627,97.4,US_events_merged_1997-2026.xlsx,2021-11-10 13:30:00+00:00,2021-11-10 00:00:00+00:00,True,2021-11-10 13:30:00+00:00,True,4633,2021-11-10
2021-11-18 23:30:00.000,JPY,Natl CPI YoY,JNCPIYOY Index,Oct,0.001,0.002,0.002,,-0.001,-1.214070944724536,95.6,JN_events_1997-2026_FINAL.xlsx,2021-11-18 23:30:00+00:00,2021-11-18 00:00:00+00:00,True,2021-11-18 23:30:00+00:00,True,4640,2021-11-19
2021-11-25 23:30:00.000,JPY,Tokyo CPI Ex-Fresh Food YoY,JNCPTXFF Index,Nov,0.003,0.003,0.001,,0.0,0.0487875221588723,91.1,JN_events_1997-2026_FINAL.xlsx,2021-11-25 23:30:00+00:00,2021-11-25 00:00:00+00:00,True,2021-11-25 23:30:00+00:00,True,4645,2021-11-26
2021-12-03 13:30:00.000,USD,Change in Nonfarm Payrolls,NFP TCH Index,Nov,210000.0,550000.0,531000.0,801000.0,-340000.0,-0.6086325688149894,99.3,US_events_merged_1997-2026.xlsx,2021-12-03 13:30:00+00:00,2021-12-03 00:00:00+00:00,True,2021-12-03 13:30:00+00:00,True,4650,2021-12-03
2021-12-10 13:30:00.000,USD,CPI YoY,CPI YOY Index,Nov,0.068,0.068,0.062,,0.0,-0.0663650552003105,96.0,US_events_merged_1997-2026.xlsx,2021-12-10 13:30:00+00:00,2021-12-10 00:00:00+00:00,True,2021-12-10 13:30:00+00:00,True,4655,2021-12-10
2021-12-10 13:30:00.000,USD,CPI MoM,CPI CHNG Index,Nov,0.008,0.0069999999999999,0.009,0.01,0.001,0.8179853490700973,97.4,US_events_merged_1997-2026.xlsx,2021-12-10 13:30:00+00:00,2021-12-10 00:00:00+00:00,True,2021-12-10 13:30:00+00:00,True,4655,2021-12-10
2021-12-15 19:00:00.000,USD,FOMC Rate Decision (Upper Bound),FDTR Index,2026-12-15 00:00:00,0.0025,0.0025,0.0025,,0.0,0.1007278891678672,98.0,US_events_merged_1997-2026.xlsx,2021-12-15 19:00:00+00:00,2021-12-15 00:00:00+00:00,True,2021-12-15 19:00:00+00:00,True,4658,2021-12-15
2021-12-17 02:57:00.000,JPY,BOJ Target Rate,BOJDTR Index,2026-12-17 00:00:00,,,,,,,98.9,JN_events_1997-2026_FINAL.xlsx,2021-12-17 02:57:00+00:00,2021-12-17 00:00:00+00:00,True,2021-12-17 02:57:00+00:00,True,4660,2021-12-17
2021-12-23 23:30:00.000,JPY,Natl CPI YoY,JNCPIYOY Index,Nov,0.006,0.005,0.001,,0.001,0.9430191419307196,95.6,JN_events_1997-2026_FINAL.xlsx,2021-12-23 23:30:00+00:00,2021-12-23 00:00:00+00:00,True,2021-12-23 23:30:00+00:00,True,4665,2021-12-24
2022-01-06 23:30:00.000,JPY,Tokyo CPI Ex-Fresh Food YoY,JNCPTXFF Index,Dec,0.005,0.005,0.003,,0.0,0.0486872090610161,91.1,JN_events_1997-2026_FINAL.xlsx,2022-01-06 23:30:00+00:00,2022-01-06 00:00:00+00:00,True,2022-01-06 23:30:00+00:00,True,4675,2022-01-07
2022-01-07 13:30:00.000,USD,Change in Nonfarm Payrolls,NFP TCH Index,Dec,199000.0,450000.0,210000.0,658000.0,-251000.0,-0.4597595657265764,99.3,US_events_merged_1997-2026.xlsx,2022-01-07 13:30:00+00:00,2022-01-07 00:00:00+00:00,True,2022-01-07 13:30:00+00:00,True,4675,2022-01-07
2022-01-12 13:30:00.000,USD,CPI MoM,CPI CHNG Index,Dec,0.005,0.004,0.008,0.009,0.001,0.8157208076894024,97.4,US_events_merged_1997-2026.xlsx,2022-01-12 13:30:00+00:00,2022-01-12 00:00:00+00:00,True,2022-01-12 13:30:00+00:00,True,4678,2022-01-12
2022-01-12 13:30:00.000,USD,CPI YoY,CPI YOY Index,Dec,0.07,0.07,0.068,,0.0,-0.0662133912136229,96.0,US_events_merged_1997-2026.xlsx,2022-01-12 13:30:00+00:00,2022-01-12 00:00:00+00:00,True,2022-01-12 13:30:00+00:00,True,4678,2022-01-12
2022-01-18 02:46:00.000,JPY,BOJ Target Rate,BOJDTR Index,2026-01-18 00:00:00,,,,,,,98.9,JN_events_1997-2026_FINAL.xlsx,2022-01-18 02:46:00+00:00,2022-01-18 00:00:00+00:00,True,2022-01-18 02:46:00+00:00,True,4682,2022-01-18
2022-01-20 23:30:00.000,JPY,Natl CPI YoY,JNCPIYOY Index,Dec,0.008,0.009,0.006,,-0.001,-1.2120493913239831,95.6,JN_events_1997-2026_FINAL.xlsx,2022-01-20 23:30:00+00:00,2022-01-20 00:00:00+00:00,True,2022-01-20 23:30:00+00:00,True,4685,2022-01-21
2022-01-26 19:00:00.000,USD,FOMC Rate Decision (Upper Bound),FDTR Index,2026-01-26 00:00:00,0.0025,0.0025,0.0025,,0.0,0.1004719109744537,98.0,US_events_merged_1997-2026.xlsx,2022-01-26 19:00:00+00:00,2022-01-26 00:00:00+00:00,True,2022-01-26 19:00:00+00:00,True,4688,2022-01-26
2022-01-27 23:30:00.000,JPY,Tokyo CPI Ex-Fresh Food YoY,JNCPTXFF Index,Jan,0.002,0.003,0.005,,-0.001,-0.7578990847279761,91.1,JN_events_1997-2026_FINAL.xlsx,2022-01-27 23:30:00+00:00,2022-01-27 00:00:00+00:00,True,2022-01-27 23:30:00+00:00,True,4690,2022-01-28
2022-02-04 13:30:00.000,USD,Change in Nonfarm Payrolls,NFP TCH Index,Jan,467000.0,125000.0,199000.0,586000.0,342000.0,0.525093761965372,99.3,US_events_merged_1997-2026.xlsx,2022-02-04 13:30:00+00:00,2022-02-04 00:00:00+00:00,True,2022-02-04 13:30:00+00:00,True,4695,2022-02-04
2022-02-10 13:30:00.000,USD,CPI MoM,CPI CHNG Index,Jan,0.006,0.004,0.005,0.0069999999999999,0.002,1.5983614025999078,97.4,US_events_merged_1997-2026.xlsx,2022-02-10 13:30:00+00:00,2022-02-10 00:00:00+00:00,True,2022-02-10 13:30:00+00:00,True,4699,2022-02-10
2022-02-10 13:30:00.000,USD,CPI YoY,CPI YOY Index,Jan,0.075,0.073,0.07,,0.002,1.2551924834804788,96.0,US_events_merged_1997-2026.xlsx,2022-02-10 13:30:00+00:00,2022-02-10 00:00:00+00:00,True,2022-02-10 13:30:00+00:00,True,4699,2022-02-10
2022-02-17 23:30:00.000,JPY,Natl CPI YoY,JNCPIYOY Index,Jan,0.005,0.006,0.008,,-0.001,-1.2059335533555209,95.6,JN_events_1997-2026_FINAL.xlsx,2022-02-17 23:30:00+00:00,2022-02-17 00:00:00+00:00,True,2022-02-17 23:30:00+00:00,True,4705,2022-02-18
2022-02-24 23:30:00.000,JPY,Tokyo CPI Ex-Fresh Food YoY,JNCPTXFF Index,Feb,0.005,0.004,0.002,,0.001,0.8589211043240463,91.1,JN_events_1997-2026_FINAL.xlsx,2022-02-24 23:30:00+00:00,2022-02-24 00:00:00+00:00,True,2022-02-24 23:30:00+00:00,True,4710,2022-02-25
2022-03-04 13:30:00.000,USD,Change in Nonfarm Payrolls,NFP TCH Index,Feb,678000.0,423000.0,467000.0,190000.0,255000.0,0.3794508285984025,99.3,US_events_merged_1997-2026.xlsx,2022-03-04 13:30:00+00:00,2022-03-04 00:00:00+00:00,True,2022-03-04 13:30:00+00:00,True,4715,2022-03-04
2022-03-10 13:30:00.000,USD,CPI YoY,CPI YOY Index,Feb,0.079,0.079,0.075,,0.0,-0.071649870774534,96.0,US_events_merged_1997-2026.xlsx,2022-03-10 13:30:00+00:00,2022-03-10 00:00:00+00:00,True,2022-03-10 13:30:00+00:00,True,4719,2022-03-10
2022-03-10 13:30:00.000,USD,CPI MoM,CPI CHNG Index,Feb,0.008,0.008,0.006,,0.0,0.023254000190905,97.4,US_events_merged_1997-2026.xlsx,2022-03-10 13:30:00+00:00,2022-03-10 00:00:00+00:00,True,2022-03-10 13:30:00+00:00,True,4719,2022-03-10
2022-03-16 18:00:00.000,USD,FOMC Rate Decision (Upper Bound),FDTR Index,2026-03-16 00:00:00,0.005,0.005,0.0025,,0.0,0.1002178745199034,98.0,US_events_merged_1997-2026.xlsx,2022-03-16 18:00:00+00:00,2022-03-16 00:00:00+00:00,True,2022-03-16 18:00:00+00:00,True,4723,2022-03-16
2022-03-17 23:30:00.000,JPY,Natl CPI YoY,JNCPIYOY Index,Feb,0.009,0.009,0.005,,0.0,-0.1262140003537195,95.6,JN_events_1997-2026_FINAL.xlsx,2022-03-17 23:30:00+00:00,2022-03-17 00:00:00+00:00,True,2022-03-17 23:30:00+00:00,True,4725,2022-03-18
2022-03-18 02:51:00.000,JPY,BOJ Target Rate,BOJDTR Index,2026-03-18 00:00:00,,,,,,,98.9,JN_events_1997-2026_FINAL.xlsx,2022-03-18 02:51:00+00:00,2022-03-18 00:00:00+00:00,True,2022-03-18 02:51:00+00:00,True,4725,2022-03-18
2022-03-24 23:30:00.000,JPY,Tokyo CPI Ex-Fresh Food YoY,JNCPTXFF Index,Mar,0.008,0.0069999999999999,0.005,,0.001,0.8558930043011118,91.1,JN_events_1997-2026_FINAL.xlsx,2022-03-24 23:30:00+00:00,2022-03-24 00:00:00+00:00,True,2022-03-24 23:30:00+00:00,True,4730,2022-03-25
2022-04-01 13:30:00.000,USD,Change in Nonfarm Payrolls,NFP TCH Index,Mar,431000.0,490000.0,678000.0,819000.0,-59000.0,-0.1436463768739085,99.3,US_events_merged_1997-2026.xlsx,2022-04-01 13:30:00+00:00,2022-04-01 00:00:00+00:00,True,2022-04-01 13:30:00+00:00,True,4735,2022-04-01
2022-04-12 13:30:00.000,USD,CPI MoM,CPI CHNG Index,Mar,0.012,0.012,0.008,0.0069999999999999,0.0,0.0232158276950003,97.4,US_events_merged_1997-2026.xlsx,2022-04-12 13:30:00+00:00,2022-04-12 00:00:00+00:00,True,2022-04-12 13:30:00+00:00,True,4742,2022-04-12
2022-04-12 13:30:00.000,USD,CPI YoY,CPI YOY Index,Mar,0.085,0.084,0.079,,0.001,0.5897777868297839,96.0,US_events_merged_1997-2026.xlsx,2022-04-12 13:30:00+00:00,2022-04-12 00:00:00+00:00,True,2022-04-12 13:30:00+00:00,True,4742,2022-04-12
2022-04-22 00:30:00.000,JPY,Natl CPI YoY,JNCPIYOY Index,Mar,0.012,0.012,0.009,,0.0,-0.1259541610265616,95.6,JN_events_1997-2026_FINAL.xlsx,2022-04-22 00:30:00+00:00,2022-04-22 00:00:00+00:00,True,2022-04-22 00:30:00+00:00,True,4750,2022-04-22
2022-04-28 04:09:00.000,JPY,BOJ Target Rate,BOJDTR Index,2026-04-28 00:00:00,,,,,,,98.9,JN_events_1997-2026_FINAL.xlsx,2022-04-28 04:09:00+00:00,2022-04-28 00:00:00+00:00,True,2022-04-28 04:09:00+00:00,True,4754,2022-04-28
2022-05-04 19:00:00.000,USD,FOMC Rate Decision (Upper Bound),FDTR Index,2026-05-04 00:00:00,0.01,0.01,0.005,,0.0,0.0999657553782551,98.0,US_events_merged_1997-2026.xlsx,2022-05-04 19:00:00+00:00,2022-05-04 00:00:00+00:00,True,2022-05-04 19:00:00+00:00,True,4758,2022-05-04
2022-05-06 00:30:00.000,JPY,Tokyo CPI Ex-Fresh Food YoY,JNCPTXFF Index,Apr,0.019,0.018,0.008,,0.001,0.8528967483135336,91.1,JN_events_1997-2026_FINAL.xlsx,2022-05-06 00:30:00+00:00,2022-05-06 00:00:00+00:00,True,2022-05-06 00:30:00+00:00,True,4760,2022-05-06
2022-05-06 13:30:00.000,USD,Change in Nonfarm Payrolls,NFP TCH Index,Apr,428000.0,380000.0,431000.0,490000.0,48000.0,0.0348937420032261,99.3,US_events_merged_1997-2026.xlsx,2022-05-06 13:30:00+00:00,2022-05-06 00:00:00+00:00,True,2022-05-06 13:30:00+00:00,True,4760,2022-05-06
2022-05-11 13:30:00.000,USD,CPI MoM,CPI CHNG Index,Apr,0.003,0.002,0.012,0.011,0.001,0.8086491740181013,97.4,US_events_merged_1997-2026.xlsx,2022-05-11 13:30:00+00:00,2022-05-11 00:00:00+00:00,True,2022-05-11 13:30:00+00:00,True,4763,2022-05-11
2022-05-11 13:30:00.000,USD,CPI YoY,CPI YOY Index,Apr,0.083,0.081,0.085,,0.002,1.250241192546685,96.0,US_events_merged_1997-2026.xlsx,2022-05-11 13:30:00+00:00,2022-05-11 00:00:00+00:00,True,2022-05-11 13:30:00+00:00,True,4763,2022-05-11
2022-05-20 00:30:00.000,JPY,Natl CPI YoY,JNCPIYOY Index,Apr,0.025,0.025,0.012,,0.0,-0.1256959200294509,95.6,JN_events_1997-2026_FINAL.xlsx,2022-05-20 00:30:00+00:00,2022-05-20 00:00:00+00:00,True,2022-05-20 00:30:00+00:00,True,4770,2022-05-20
2022-05-27 00:30:00.000,JPY,Tokyo CPI Ex-Fresh Food YoY,JNCPTXFF Index,May,0.019,0.02,0.019,,-0.001,-0.7671229315234831,91.1,JN_events_1997-2026_FINAL.xlsx,2022-05-27 00:30:00+00:00,2022-05-27 00:00:00+00:00,True,2022-05-27 00:30:00+00:00,True,4775,2022-05-27
2022-06-03 13:30:00.000,USD,Change in Nonfarm Payrolls,NFP TCH Index,May,390000.0,318000.0,428000.0,308000.0,72000.0,0.0748945995433656,99.3,US_events_merged_1997-2026.xlsx,2022-06-03 13:30:00+00:00,2022-06-03 00:00:00+00:00,True,2022-06-03 13:30:00+00:00,True,4780,2022-06-03
2022-06-10 13:30:00.000,USD,CPI MoM,CPI CHNG Index,May,0.01,0.0069999999999999,0.003,0.003,0.003,2.378307256436884,97.4,US_events_merged_1997-2026.xlsx,2022-06-10 13:30:00+00:00,2022-06-10 00:00:00+00:00,True,2022-06-10 13:30:00+00:00,True,4785,2022-06-10
2022-06-10 13:30:00.000,USD,CPI YoY,CPI YOY Index,May,0.086,0.083,0.083,,0.0029999999999999,1.904528220944159,96.0,US_events_merged_1997-2026.xlsx,2022-06-10 13:30:00+00:00,2022-06-10 00:00:00+00:00,True,2022-06-10 13:30:00+00:00,True,4785,2022-06-10
2022-06-15 19:00:00.000,USD,FOMC Rate Decision (Upper Bound),FDTR Index,2026-06-15 00:00:00,0.0175,0.015,0.01,,0.0025,5.793698893150254,98.0,US_events_merged_1997-2026.xlsx,2022-06-15 19:00:00+00:00,2022-06-15 00:00:00+00:00,True,2022-06-15 19:00:00+00:00,True,4788,2022-06-15
2022-06-17 03:43:00.000,JPY,BOJ Target Rate,BOJDTR Index,2026-06-17 00:00:00,,,,,,,98.9,JN_events_1997-2026_FINAL.xlsx,2022-06-17 03:43:00+00:00,2022-06-17 00:00:00+00:00,True,2022-06-17 03:43:00+00:00,True,4790,2022-06-17
2022-06-24 00:30:00.000,JPY,Natl CPI YoY,JNCPIYOY Index,May,0.025,0.025,0.025,,0.0,-0.1254392610421494,95.6,JN_events_1997-2026_FINAL.xlsx,2022-06-24 00:30:00+00:00,2022-06-24 00:00:00+00:00,True,2022-06-24 00:30:00+00:00,True,4795,2022-06-24
2022-07-01 00:30:00.000,JPY,Tokyo CPI Ex-Fresh Food YoY,JNCPTXFF Index,Jun,0.021,0.021,0.019,,0.0,0.0445224072123533,91.1,JN_events_1997-2026_FINAL.xlsx,2022-07-01 00:30:00+00:00,2022-07-01 00:00:00+00:00,True,2022-07-01 00:30:00+00:00,True,4800,2022-07-01
2022-07-08 13:30:00.000,USD,Change in Nonfarm Payrolls,NFP TCH Index,Jun,372000.0,265000.0,390000.0,301000.0,107000.0,0.1332855776950766,99.3,US_events_merged_1997-2026.xlsx,2022-07-08 13:30:00+00:00,2022-07-08 00:00:00+00:00,True,2022-07-08 13:30:00+00:00,True,4805,2022-07-08
2022-07-13 13:30:00.000,USD,CPI MoM,CPI CHNG Index,Jun,0.013,0.011,0.01,0.009,0.002,1.5727661453814674,97.4,US_events_merged_1997-2026.xlsx,2022-07-13 13:30:00+00:00,2022-07-13 00:00:00+00:00,True,2022-07-13 13:30:00+00:00,True,4808,2022-07-13
2022-07-13 13:30:00.000,USD,CPI YoY,CPI YOY Index,Jun,0.091,0.088,0.086,,0.0029999999999999,1.8851083877680888,96.0,US_events_merged_1997-2026.xlsx,2022-07-13 13:30:00+00:00,2022-07-13 00:00:00+00:00,True,2022-07-13 13:30:00+00:00,True,4808,2022-07-13
2022-07-21 04:04:00.000,JPY,BOJ Target Rate,BOJDTR Index,2026-07-21 00:00:00,,,,,,,98.9,JN_events_1997-2026_FINAL.xlsx,2022-07-21 04:04:00+00:00,2022-07-21 00:00:00+00:00,True,2022-07-21 04:04:00+00:00,True,4814,2022-07-21
2022-07-22 00:30:00.000,JPY,Natl CPI YoY,JNCPIYOY Index,Jun,0.024,0.024,0.025,,0.0,-0.1251841679767843,95.6,JN_events_1997-2026_FINAL.xlsx,2022-07-22 00:30:00+00:00,2022-07-22 00:00:00+00:00,True,2022-07-22 00:30:00+00:00,True,4815,2022-07-22
2022-07-27 19:00:00.000,USD,FOMC Rate Decision (Upper Bound),FDTR Index,2026-07-27 00:00:00,0.025,0.025,0.0175,,0.0,0.0659192485769319,98.0,US_events_merged_1997-2026.xlsx,2022-07-27 19:00:00+00:00,2022-07-27 00:00:00+00:00,True,2022-07-27 19:00:00+00:00,True,4818,2022-07-27
2022-07-29 00:30:00.000,JPY,Tokyo CPI Ex-Fresh Food YoY,JNCPTXFF Index,Jul,0.023,0.022,0.021,,0.001,0.8552629188747951,91.1,JN_events_1997-2026_FINAL.xlsx,2022-07-29 00:30:00+00:00,2022-07-29 00:00:00+00:00,True,2022-07-29 00:30:00+00:00,True,4820,2022-07-29
2022-08-05 13:30:00.000,USD,Change in Nonfarm Payrolls,NFP TCH Index,Jul,528000.0,250000.0,372000.0,434000.0,278000.0,0.4194120873206968,99.3,US_events_merged_1997-2026.xlsx,2022-08-05 13:30:00+00:00,2022-08-05 00:00:00+00:00,True,2022-08-05 13:30:00+00:00,True,4825,2022-08-05
2022-08-10 13:30:00.000,USD,CPI MoM,CPI CHNG Index,Jul,0.0,0.002,0.013,0.013,-0.002,-1.548771975627383,97.4,US_events_merged_1997-2026.xlsx,2022-08-10 13:30:00+00:00,2022-08-10 00:00:00+00:00,True,2022-08-10 13:30:00+00:00,True,4828,2022-08-10
2022-08-10 13:30:00.000,USD,CPI YoY,CPI YOY Index,Jul,0.085,0.087,0.091,,-0.0019999999999999,-1.403320294325254,96.0,US_events_merged_1997-2026.xlsx,2022-08-10 13:30:00+00:00,2022-08-10 00:00:00+00:00,True,2022-08-10 13:30:00+00:00,True,4828,2022-08-10
2022-08-19 00:30:00.000,JPY,Natl CPI YoY,JNCPIYOY Index,Jul,0.026,0.026,0.024,,0.0,-0.1249306249736114,95.6,JN_events_1997-2026_FINAL.xlsx,2022-08-19 00:30:00+00:00,2022-08-19 00:00:00+00:00,True,2022-08-19 00:30:00+00:00,True,4835,2022-08-19
2022-08-26 00:30:00.000,JPY,Tokyo CPI Ex-Fresh Food YoY,JNCPTXFF Index,Aug,0.026,0.025,0.023,,0.0009999999999999,0.852318328412509,91.1,JN_events_1997-2026_FINAL.xlsx,2022-08-26 00:30:00+00:00,2022-08-26 00:00:00+00:00,True,2022-08-26 00:30:00+00:00,True,4840,2022-08-26
2022-09-02 13:30:00.000,USD,Change in Nonfarm Payrolls,NFP TCH Index,Aug,315000.0,298000.0,528000.0,714000.0,17000.0,-0.0190423215173695,99.3,US_events_merged_1997-2026.xlsx,2022-09-02 13:30:00+00:00,2022-09-02 00:00:00+00:00,True,2022-09-02 13:30:00+00:00,True,4845,2022-09-02
2022-09-13 13:30:00.000,USD,CPI YoY,CPI YOY Index,Aug,0.083,0.081,0.085,,0.002,1.2159535069961032,96.0,US_events_merged_1997-2026.xlsx,2022-09-13 13:30:00+00:00,2022-09-13 00:00:00+00:00,True,2022-09-13 13:30:00+00:00,True,4852,2022-09-13
2022-09-13 13:30:00.000,USD,CPI MoM,CPI CHNG Index,Aug,0.001,-0.001,0.0,,0.002,1.5654127215611826,97.4,US_events_merged_1997-2026.xlsx,2022-09-13 13:30:00+00:00,2022-09-13 00:00:00+00:00,True,2022-09-13 13:30:00+00:00,True,4852,2022-09-13
2022-09-20 00:30:00.000,JPY,Natl CPI YoY,JNCPIYOY Index,Aug,0.03,0.029,0.026,,0.0009999999999999,0.9619301584508656,95.6,JN_events_1997-2026_FINAL.xlsx,2022-09-20 00:30:00+00:00,2022-09-20 00:00:00+00:00,True,2022-09-20 00:30:00+00:00,True,4857,2022-09-20
2022-09-21 19:00:00.000,USD,FOMC Rate Decision (Upper Bound),FDTR Index,2026-09-21 00:00:00,0.0325,0.0325,0.025,,0.0,0.0657567839441761,98.0,US_events_merged_1997-2026.xlsx,2022-09-21 19:00:00+00:00,2022-09-21 00:00:00+00:00,True,2022-09-21 19:00:00+00:00,True,4858,2022-09-21
2022-09-22 03:51:00.000,JPY,BOJ Target Rate,BOJDTR Index,2026-09-22 00:00:00,,,,,,,98.9,JN_events_1997-2026_FINAL.xlsx,2022-09-22 03:51:00+00:00,2022-09-22 00:00:00+00:00,True,2022-09-22 03:51:00+00:00,True,4859,2022-09-22
2022-10-04 00:30:00.000,JPY,Tokyo CPI Ex-Fresh Food YoY,JNCPTXFF Index,Sep,0.028,0.028,0.026,,0.0,0.0376868661274933,91.1,JN_events_1997-2026_FINAL.xlsx,2022-10-04 00:30:00+00:00,2022-10-04 00:00:00+00:00,True,2022-10-04 00:30:00+00:00,True,4867,2022-10-04
2022-10-07 13:30:00.000,USD,Change in Nonfarm Payrolls,NFP TCH Index,Sep,263000.0,255000.0,315000.0,290000.0,8000.0,-0.0341274659806795,99.3,US_events_merged_1997-2026.xlsx,2022-10-07 13:30:00+00:00,2022-10-07 00:00:00+00:00,True,2022-10-07 13:30:00+00:00,True,4870,2022-10-07
2022-10-13 13:30:00.000,USD,CPI YoY,CPI YOY Index,Sep,0.0819999999999999,0.081,0.083,,0.0009999999999999,0.5575080259542324,96.0,US_events_merged_1997-2026.xlsx,2022-10-13 13:30:00+00:00,2022-10-13 00:00:00+00:00,True,2022-10-13 13:30:00+00:00,True,4874,2022-10-13
2022-10-13 13:30:00.000,USD,CPI MoM,CPI CHNG Index,Sep,0.004,0.002,0.001,0.001,0.002,1.5567333150105356,97.4,US_events_merged_1997-2026.xlsx,2022-10-13 13:30:00+00:00,2022-10-13 00:00:00+00:00,True,2022-10-13 13:30:00+00:00,True,4874,2022-10-13
2022-10-21 00:30:00.000,JPY,Natl CPI YoY,JNCPIYOY Index,Sep,0.03,0.029,0.03,,0.0009999999999999,0.9582625718114544,95.6,JN_events_1997-2026_FINAL.xlsx,2022-10-21 00:30:00+00:00,2022-10-21 00:00:00+00:00,True,2022-10-21 00:30:00+00:00,True,4880,2022-10-21
2022-10-28 00:30:00.000,JPY,Tokyo CPI Ex-Fresh Food YoY,JNCPTXFF Index,Oct,0.034,0.032,0.028,,0.002,1.6642728697485372,91.1,JN_events_1997-2026_FINAL.xlsx,2022-10-28 00:30:00+00:00,2022-10-28 00:00:00+00:00,True,2022-10-28 00:30:00+00:00,True,4885,2022-10-28
2022-10-28 03:50:00.000,JPY,BOJ Target Rate,BOJDTR Index,2026-10-28 00:00:00,,,,,,,98.9,JN_events_1997-2026_FINAL.xlsx,2022-10-28 03:50:00+00:00,2022-10-28 00:00:00+00:00,True,2022-10-28 03:50:00+00:00,True,4885,2022-10-28
2022-11-02 18:00:00.000,USD,FOMC Rate Decision (Upper Bound),FDTR Index,2026-11-02 00:00:00,0.04,0.04,0.0325,,0.0,0.0655955146471963,98.0,US_events_merged_1997-2026.xlsx,2022-11-02 18:00:00+00:00,2022-11-02 00:00:00+00:00,True,2022-11-02 18:00:00+00:00,True,4888,2022-11-02
2022-11-04 12:30:00.000,USD,Change in Nonfarm Payrolls,NFP TCH Index,Oct,261000.0,193000.0,263000.0,220000.0,68000.0,0.0668661559398826,99.3,US_events_merged_1997-2026.xlsx,2022-11-04 12:30:00+00:00,2022-11-04 00:00:00+00:00,True,2022-11-04 12:30:00+00:00,True,4890,2022-11-04
2022-11-10 13:30:00.000,USD,CPI YoY,CPI YOY Index,Oct,0.077,0.079,0.0819999999999999,,-0.002,-1.4026187827971064,96.0,US_events_merged_1997-2026.xlsx,2022-11-10 13:30:00+00:00,2022-11-10 00:00:00+00:00,True,2022-11-10 13:30:00+00:00,True,4894,2022-11-10
2022-11-10 13:30:00.000,USD,CPI MoM,CPI CHNG Index,Oct,0.004,0.006,0.004,,-0.002,-1.5432266852942051,97.4,US_events_merged_1997-2026.xlsx,2022-11-10 13:30:00+00:00,2022-11-10 00:00:00+00:00,True,2022-11-10 13:30:00+00:00,True,4894,2022-11-10
2022-11-17 23:30:00.000,JPY,Natl CPI YoY,JNCPIYOY Index,Oct,0.037,0.036,0.03,,0.001,0.9546366729901988,95.6,JN_events_1997-2026_FINAL.xlsx,2022-11-17 23:30:00+00:00,2022-11-17 00:00:00+00:00,True,2022-11-17 23:30:00+00:00,True,4900,2022-11-18
2022-11-24 23:30:00.000,JPY,Tokyo CPI Ex-Fresh Food YoY,JNCPTXFF Index,Nov,0.036,0.035,0.034,,0.0009999999999999,0.8414704733711876,91.1,JN_events_1997-2026_FINAL.xlsx,2022-11-24 23:30:00+00:00,2022-11-24 00:00:00+00:00,True,2022-11-24 23:30:00+00:00,True,4905,2022-11-25
2022-12-02 13:30:00.000,USD,Change in Nonfarm Payrolls,NFP TCH Index,Nov,263000.0,200000.0,261000.0,357000.0,63000.0,0.0583325863784024,99.3,US_events_merged_1997-2026.xlsx,2022-12-02 13:30:00+00:00,2022-12-02 00:00:00+00:00,True,2022-12-02 13:30:00+00:00,True,4910,2022-12-02
2022-12-13 13:30:00.000,USD,CPI YoY,CPI YOY Index,Nov,0.071,0.073,0.077,,-0.002,-1.3936060864087858,96.0,US_events_merged_1997-2026.xlsx,2022-12-13 13:30:00+00:00,2022-12-13 00:00:00+00:00,True,2022-12-13 13:30:00+00:00,True,4917,2022-12-13
2022-12-13 13:30:00.000,USD,CPI MoM,CPI CHNG Index,Nov,0.001,0.003,0.004,0.006,-0.002,-1.5348938054468355,97.4,US_events_merged_1997-2026.xlsx,2022-12-13 13:30:00+00:00,2022-12-13 00:00:00+00:00,True,2022-12-13 13:30:00+00:00,True,4917,2022-12-13
2022-12-14 19:00:00.000,USD,FOMC Rate Decision (Upper Bound),FDTR Index,2026-12-14 00:00:00,0.045,0.045,0.04,,0.0,0.0654354260997492,98.0,US_events_merged_1997-2026.xlsx,2022-12-14 19:00:00+00:00,2022-12-14 00:00:00+00:00,True,2022-12-14 19:00:00+00:00,True,4918,2022-12-14
2022-12-20 03:01:00.000,JPY,BOJ Target Rate,BOJDTR Index,2026-12-20 00:00:00,,,,,,,98.9,JN_events_1997-2026_FINAL.xlsx,2022-12-20 03:01:00+00:00,2022-12-20 00:00:00+00:00,True,2022-12-20 03:01:00+00:00,True,4922,2022-12-20
2022-12-22 23:30:00.000,JPY,Natl CPI YoY,JNCPIYOY Index,Nov,0.038,0.039,0.037,,-0.001,-1.2232698897377836,95.6,JN_events_1997-2026_FINAL.xlsx,2022-12-22 23:30:00+00:00,2022-12-22 00:00:00+00:00,True,2022-12-22 23:30:00+00:00,True,4925,2022-12-23
2023-01-06 13:30:00.000,USD,Change in Nonfarm Payrolls,NFP TCH Index,Dec,223000.0,205000.0,263000.0,303000.0,18000.0,-0.0177105307409778,99.3,US_events_merged_1997-2026.xlsx,2023-01-06 13:30:00+00:00,2023-01-06 00:00:00+00:00,True,2023-01-06 13:30:00+00:00,True,4935,2023-01-06
2023-01-09 23:30:00.000,JPY,Tokyo CPI Ex-Fresh Food YoY,JNCPTXFF Index,Dec,0.04,0.038,0.036,,0.002,1.6496455043484692,91.1,JN_events_1997-2026_FINAL.xlsx,2023-01-09 23:30:00+00:00,2023-01-09 00:00:00+00:00,True,2023-01-09 23:30:00+00:00,True,4937,2023-01-10
2023-01-12 13:30:00.000,USD,CPI MoM,CPI CHNG Index,Dec,-0.001,-0.001,0.001,0.003,0.0,0.0122922269378009,97.4,US_events_merged_1997-2026.xlsx,2023-01-12 13:30:00+00:00,2023-01-12 00:00:00+00:00,True,2023-01-12 13:30:00+00:00,True,4939,2023-01-12
2023-01-12 13:30:00.000,USD,CPI YoY,CPI YOY Index,Dec,0.065,0.065,0.071,,0.0,-0.0844368989600436,96.0,US_events_merged_1997-2026.xlsx,2023-01-12 13:30:00+00:00,2023-01-12 00:00:00+00:00,True,2023-01-12 13:30:00+00:00,True,4939,2023-01-12
2023-01-18 02:40:00.000,JPY,BOJ Target Rate,BOJDTR Index,2026-01-18 00:00:00,,,,,,,98.9,JN_events_1997-2026_FINAL.xlsx,2023-01-18 02:40:00+00:00,2023-01-18 00:00:00+00:00,True,2023-01-18 02:40:00+00:00,True,4943,2023-01-18
2023-01-19 23:30:00.000,JPY,Natl CPI YoY,JNCPIYOY Index,Dec,0.04,0.04,0.038,,0.0,-0.1311853586623254,95.6,JN_events_1997-2026_FINAL.xlsx,2023-01-19 23:30:00+00:00,2023-01-19 00:00:00+00:00,True,2023-01-19 23:30:00+00:00,True,4945,2023-01-20
2023-01-26 23:30:00.000,JPY,Tokyo CPI Ex-Fresh Food YoY,JNCPTXFF Index,Jan,0.043,0.042,0.04,0.039,0.0009999999999999,0.8294357923738087,91.1,JN_events_1997-2026_FINAL.xlsx,2023-01-26 23:30:00+00:00,2023-01-26 00:00:00+00:00,True,2023-01-26 23:30:00+00:00,True,4950,2023-01-27
2023-02-01 19:00:00.000,USD,FOMC Rate Decision (Upper Bound),FDTR Index,2026-02-01 00:00:00,0.0475,0.0475,0.045,,0.0,0.065276503963567,98.0,US_events_merged_1997-2026.xlsx,2023-02-01 19:00:00+00:00,2023-02-01 00:00:00+00:00,True,2023-02-01 19:00:00+00:00,True,4953,2023-02-01
2023-02-03 13:30:00.000,USD,Change in Nonfarm Payrolls,NFP TCH Index,Jan,517000.0,189000.0,223000.0,100000.0,328000.0,0.5063673549495421,99.3,US_events_merged_1997-2026.xlsx,2023-02-03 13:30:00+00:00,2023-02-03 00:00:00+00:00,True,2023-02-03 13:30:00+00:00,True,4955,2023-02-03
2023-02-14 13:30:00.000,USD,CPI MoM,CPI CHNG Index,Jan,0.005,0.005,-0.001,0.0,0.0,0.0122726973925546,97.4,US_events_merged_1997-2026.xlsx,2023-02-14 13:30:00+00:00,2023-02-14 00:00:00+00:00,True,2023-02-14 13:30:00+00:00,True,4962,2023-02-14
2023-02-14 13:30:00.000,USD,CPI YoY,CPI YOY Index,Jan,0.064,0.062,0.065,,0.002,1.2188776527687604,96.0,US_events_merged_1997-2026.xlsx,2023-02-14 13:30:00+00:00,2023-02-14 00:00:00+00:00,True,2023-02-14 13:30:00+00:00,True,4962,2023-02-14
2023-02-23 23:30:00.000,JPY,Natl CPI YoY,JNCPIYOY Index,Jan,0.043,0.043,0.04,,0.0,-0.130925475338964,95.6,JN_events_1997-2026_FINAL.xlsx,2023-02-23 23:30:00+00:00,2023-02-23 00:00:00+00:00,True,2023-02-23 23:30:00+00:00,True,4970,2023-02-24
2023-03-02 23:30:00.000,JPY,Tokyo CPI Ex-Fresh Food YoY,JNCPTXFF Index,Feb,0.033,0.033,0.043,,0.0,0.017937896385877,91.1,JN_events_1997-2026_FINAL.xlsx,2023-03-02 23:30:00+00:00,2023-03-02 00:00:00+00:00,True,2023-03-02 23:30:00+00:00,True,4975,2023-03-03
2023-03-10 02:30:00.000,JPY,BOJ Target Rate,BOJDTR Index,2026-03-10 00:00:00,,,,,,,98.9,JN_events_1997-2026_FINAL.xlsx,2023-03-10 02:30:00+00:00,2023-03-10 00:00:00+00:00,True,2023-03-10 02:30:00+00:00,True,4980,2023-03-10
2023-03-10 13:30:00.000,USD,Change in Nonfarm Payrolls,NFP TCH Index,Feb,311000.0,225000.0,517000.0,434000.0,86000.0,0.0957623755745345,99.3,US_events_merged_1997-2026.xlsx,2023-03-10 13:30:00+00:00,2023-03-10 00:00:00+00:00,True,2023-03-10 13:30:00+00:00,True,4980,2023-03-10
2023-03-14 12:30:00.000,USD,CPI MoM,CPI CHNG Index,Feb,0.004,0.004,0.005,0.005,0.0,0.0122532606352814,97.4,US_events_merged_1997-2026.xlsx,2023-03-14 12:30:00+00:00,2023-03-14 00:00:00+00:00,True,2023-03-14 12:30:00+00:00,True,4982,2023-03-14
2023-03-14 12:30:00.000,USD,CPI YoY,CPI YOY Index,Feb,0.06,0.06,0.064,,0.0,-0.0893931596107432,96.0,US_events_merged_1997-2026.xlsx,2023-03-14 12:30:00+00:00,2023-03-14 00:00:00+00:00,True,2023-03-14 12:30:00+00:00,True,4982,2023-03-14
2023-03-22 18:00:00.000,USD,FOMC Rate Decision (Upper Bound),FDTR Index,2026-03-22 00:00:00,0.05,0.05,0.0475,,0.0,0.0651187341429637,98.0,US_events_merged_1997-2026.xlsx,2023-03-22 18:00:00+00:00,2023-03-22 00:00:00+00:00,True,2023-03-22 18:00:00+00:00,True,4988,2023-03-22
2023-03-23 23:30:00.000,JPY,Natl CPI YoY,JNCPIYOY Index,Feb,0.033,0.033,0.043,,0.0,-0.1306671305418029,95.6,JN_events_1997-2026_FINAL.xlsx,2023-03-23 23:30:00+00:00,2023-03-23 00:00:00+00:00,True,2023-03-23 23:30:00+00:00,True,4990,2023-03-24
2023-03-31 00:30:00.000,JPY,Tokyo CPI Ex-Fresh Food YoY,JNCPTXFF Index,Mar,0.032,0.031,0.033,,0.001,0.8282596598914272,91.1,JN_events_1997-2026_FINAL.xlsx,2023-03-31 00:30:00+00:00,2023-03-31 00:00:00+00:00,True,2023-03-31 00:30:00+00:00,True,4995,2023-03-31
2023-04-07 13:30:00.000,USD,Change in Nonfarm Payrolls,NFP TCH Index,Mar,236000.0,230000.0,311000.0,290000.0,6000.0,-0.0400078732266636,99.3,US_events_merged_1997-2026.xlsx,2023-04-07 13:30:00+00:00,2023-04-07 00:00:00+00:00,True,2023-04-07 13:30:00+00:00,True,5000,2023-04-07
2023-04-12 13:30:00.000,USD,CPI MoM,CPI CHNG Index,Mar,0.001,0.002,0.004,0.003,-0.001,-0.7609495710674101,97.4,US_events_merged_1997-2026.xlsx,2023-04-12 13:30:00+00:00,2023-04-12 00:00:00+00:00,True,2023-04-12 13:30:00+00:00,True,5003,2023-04-12
2023-04-12 13:30:00.000,USD,CPI YoY,CPI YOY Index,Mar,0.05,0.051,0.06,,-0.0009999999999999,-0.7414852739622447,96.0,US_events_merged_1997-2026.xlsx,2023-04-12 13:30:00+00:00,2023-04-12 00:00:00+00:00,True,2023-04-12 13:30:00+00:00,True,5003,2023-04-12
2023-04-21 00:30:00.000,JPY,Natl CPI YoY,JNCPIYOY Index,Mar,0.032,0.032,0.033,,0.0,-0.1304103091492189,95.6,JN_events_1997-2026_FINAL.xlsx,2023-04-21 00:30:00+00:00,2023-04-21 00:00:00+00:00,True,2023-04-21 00:30:00+00:00,True,5010,2023-04-21
2023-04-28 00:30:00.000,JPY,Tokyo CPI Ex-Fresh Food YoY,JNCPTXFF Index,Apr,0.035,0.032,0.032,,0.003,2.4472768096442032,91.1,JN_events_1997-2026_FINAL.xlsx,2023-04-28 00:30:00+00:00,2023-04-28 00:00:00+00:00,True,2023-04-28 00:30:00+00:00,True,5015,2023-04-28
2023-04-28 05:00:00.000,JPY,BOJ Target Rate,BOJDTR Index,2026-04-28 00:00:00,,,,,,,98.9,JN_events_1997-2026_FINAL.xlsx,2023-04-28 05:00:00+00:00,2023-04-28 00:00:00+00:00,True,2023-04-28 05:00:00+00:00,True,5015,2023-04-28
2023-05-03 19:00:00.000,USD,FOMC Rate Decision (Upper Bound),FDTR Index,2026-05-03 00:00:00,0.0525,0.0525,0.05,,0.0,0.0649621027795839,98.0,US_events_merged_1997-2026.xlsx,2023-05-03 19:00:00+00:00,2023-05-03 00:00:00+00:00,True,2023-05-03 19:00:00+00:00,True,5018,2023-05-03
2023-05-05 13:30:00.000,USD,Change in Nonfarm Payrolls,NFP TCH Index,Apr,253000.0,185000.0,236000.0,68000.0,68000.0,0.0653263963405173,99.3,US_events_merged_1997-2026.xlsx,2023-05-05 13:30:00+00:00,2023-05-05 00:00:00+00:00,True,2023-05-05 13:30:00+00:00,True,5020,2023-05-05
2023-05-10 13:30:00.000,USD,CPI YoY,CPI YOY Index,Apr,0.049,0.05,0.05,,-0.001,-0.739044993245448,96.0,US_events_merged_1997-2026.xlsx,2023-05-10 13:30:00+00:00,2023-05-10 00:00:00+00:00,True,2023-05-10 13:30:00+00:00,True,5023,2023-05-10
2023-05-10 13:30:00.000,USD,CPI MoM,CPI CHNG Index,Apr,0.004,0.004,0.001,,0.0,0.0146441874133865,97.4,US_events_merged_1997-2026.xlsx,2023-05-10 13:30:00+00:00,2023-05-10 00:00:00+00:00,True,2023-05-10 13:30:00+00:00,True,5023,2023-05-10
2023-05-19 00:30:00.000,JPY,Natl CPI YoY,JNCPIYOY Index,Apr,0.035,0.035,0.032,,0.0,-0.1301549962468629,95.6,JN_events_1997-2026_FINAL.xlsx,2023-05-19 00:30:00+00:00,2023-05-19 00:00:00+00:00,True,2023-05-19 00:30:00+00:00,True,5030,2023-05-19
2023-05-26 00:30:00.000,JPY,Tokyo CPI Ex-Fresh Food YoY,JNCPTXFF Index,May,0.032,0.034,0.035,,-0.002,-1.6011292389536296,91.1,JN_events_1997-2026_FINAL.xlsx,2023-05-26 00:30:00+00:00,2023-05-26 00:00:00+00:00,True,2023-05-26 00:30:00+00:00,True,5035,2023-05-26
2023-06-02 13:30:00.000,USD,Change in Nonfarm Payrolls,NFP TCH Index,May,339000.0,195000.0,253000.0,241000.0,144000.0,0.1944689999264462,99.3,US_events_merged_1997-2026.xlsx,2023-06-02 13:30:00+00:00,2023-06-02 00:00:00+00:00,True,2023-06-02 13:30:00+00:00,True,5040,2023-06-02
2023-06-13 13:30:00.000,USD,CPI YoY,CPI YOY Index,May,0.04,0.0409999999999999,0.049,,-0.0009999999999999,-0.7366286792554314,96.0,US_events_merged_1997-2026.xlsx,2023-06-13 13:30:00+00:00,2023-06-13 00:00:00+00:00,True,2023-06-13 13:30:00+00:00,True,5047,2023-06-13
2023-06-13 13:30:00.000,USD,CPI MoM,CPI CHNG Index,May,0.001,0.001,0.004,0.003,0.0,0.0146212116359921,97.4,US_events_merged_1997-2026.xlsx,2023-06-13 13:30:00+00:00,2023-06-13 00:00:00+00:00,True,2023-06-13 13:30:00+00:00,True,5047,2023-06-13
2023-06-14 19:00:00.000,USD,FOMC Rate Decision (Upper Bound),FDTR Index,2026-06-14 00:00:00,0.0525,0.0525,0.0525,,0.0,0.0648065962472889,98.0,US_events_merged_1997-2026.xlsx,2023-06-14 19:00:00+00:00,2023-06-14 00:00:00+00:00,True,2023-06-14 19:00:00+00:00,True,5048,2023-06-14
2023-06-16 03:47:00.000,JPY,BOJ Target Rate,BOJDTR Index,2026-06-16 00:00:00,,,,,,,98.9,JN_events_1997-2026_FINAL.xlsx,2023-06-16 03:47:00+00:00,2023-06-16 00:00:00+00:00,True,2023-06-16 03:47:00+00:00,True,5050,2023-06-16
2023-06-23 00:30:00.000,JPY,Natl CPI YoY,JNCPIYOY Index,May,0.032,0.032,0.035,,0.0,-0.1299011771240205,95.6,JN_events_1997-2026_FINAL.xlsx,2023-06-23 00:30:00+00:00,2023-06-23 00:00:00+00:00,True,2023-06-23 00:30:00+00:00,True,5055,2023-06-23
2023-06-30 00:30:00.000,JPY,Tokyo CPI Ex-Fresh Food YoY,JNCPTXFF Index,Jun,0.032,0.034,0.032,0.031,-0.002,-1.590249955877416,91.1,JN_events_1997-2026_FINAL.xlsx,2023-06-30 00:30:00+00:00,2023-06-30 00:00:00+00:00,True,2023-06-30 00:30:00+00:00,True,5060,2023-06-30
2023-07-07 13:30:00.000,USD,Change in Nonfarm Payrolls,NFP TCH Index,Jun,209000.0,230000.0,339000.0,280000.0,-21000.0,-0.0868801507609184,99.3,US_events_merged_1997-2026.xlsx,2023-07-07 13:30:00+00:00,2023-07-07 00:00:00+00:00,True,2023-07-07 13:30:00+00:00,True,5065,2023-07-07
2023-07-12 13:30:00.000,USD,CPI MoM,CPI CHNG Index,Jun,0.002,0.003,0.001,0.002,-0.001,-0.7615469276765603,97.4,US_events_merged_1997-2026.xlsx,2023-07-12 13:30:00+00:00,2023-07-12 00:00:00+00:00,True,2023-07-12 13:30:00+00:00,True,5068,2023-07-12
2023-07-12 13:30:00.000,USD,CPI YoY,CPI YOY Index,Jun,0.03,0.031,0.04,,-0.001,-0.7342359419486021,96.0,US_events_merged_1997-2026.xlsx,2023-07-12 13:30:00+00:00,2023-07-12 00:00:00+00:00,True,2023-07-12 13:30:00+00:00,True,5068,2023-07-12
2023-07-21 00:30:00.000,JPY,Natl CPI YoY,JNCPIYOY Index,Jun,0.033,0.032,0.032,,0.001,0.9689987772586288,95.6,JN_events_1997-2026_FINAL.xlsx,2023-07-21 00:30:00+00:00,2023-07-21 00:00:00+00:00,True,2023-07-21 00:30:00+00:00,True,5075,2023-07-21
2023-07-26 19:00:00.000,USD,FOMC Rate Decision (Upper Bound),FDTR Index,2026-07-26 00:00:00,0.055,0.055,0.0525,,0.0,0.0646522011471787,98.0,US_events_merged_1997-2026.xlsx,2023-07-26 19:00:00+00:00,2023-07-26 00:00:00+00:00,True,2023-07-26 19:00:00+00:00,True,5078,2023-07-26
2023-07-28 00:30:00.000,JPY,Tokyo CPI Ex-Fresh Food YoY,JNCPTXFF Index,Jul,0.03,0.029,0.032,,0.0009999999999999,0.8158521322167839,91.1,JN_events_1997-2026_FINAL.xlsx,2023-07-28 00:30:00+00:00,2023-07-28 00:00:00+00:00,True,2023-07-28 00:30:00+00:00,True,5080,2023-07-28
2023-07-28 04:28:00.000,JPY,BOJ Target Rate,BOJDTR Index,2026-07-28 00:00:00,,,,,,,98.9,JN_events_1997-2026_FINAL.xlsx,2023-07-28 04:28:00+00:00,2023-07-28 00:00:00+00:00,True,2023-07-28 04:28:00+00:00,True,5080,2023-07-28
2023-08-04 13:30:00.000,USD,Change in Nonfarm Payrolls,NFP TCH Index,Jul,187000.0,200000.0,209000.0,225000.0,-13000.0,-0.0730952354207298,99.3,US_events_merged_1997-2026.xlsx,2023-08-04 13:30:00+00:00,2023-08-04 00:00:00+00:00,True,2023-08-04 13:30:00+00:00,True,5085,2023-08-04
2023-08-10 13:30:00.000,USD,CPI MoM,CPI CHNG Index,Jul,0.002,0.002,0.002,0.002,0.0,0.0169894152753908,97.4,US_events_merged_1997-2026.xlsx,2023-08-10 13:30:00+00:00,2023-08-10 00:00:00+00:00,True,2023-08-10 13:30:00+00:00,True,5089,2023-08-10
2023-08-10 13:30:00.000,USD,CPI YoY,CPI YOY Index,Jul,0.032,0.033,0.03,,-0.001,-0.7318664001142954,96.0,US_events_merged_1997-2026.xlsx,2023-08-10 13:30:00+00:00,2023-08-10 00:00:00+00:00,True,2023-08-10 13:30:00+00:00,True,5089,2023-08-10
2023-08-18 00:30:00.000,JPY,Natl CPI YoY,JNCPIYOY Index,Jul,0.033,0.033,0.033,,0.0,-0.1333638177523369,95.6,JN_events_1997-2026_FINAL.xlsx,2023-08-18 00:30:00+00:00,2023-08-18 00:00:00+00:00,True,2023-08-18 00:30:00+00:00,True,5095,2023-08-18
2023-08-25 00:30:00.000,JPY,Tokyo CPI Ex-Fresh Food YoY,JNCPTXFF Index,Aug,0.028,0.029,0.03,,-0.001,-0.784715893139083,91.1,JN_events_1997-2026_FINAL.xlsx,2023-08-25 00:30:00+00:00,2023-08-25 00:00:00+00:00,True,2023-08-25 00:30:00+00:00,True,5100,2023-08-25
2023-09-01 13:30:00.000,USD,Change in Nonfarm Payrolls,NFP TCH Index,Aug,187000.0,170000.0,187000.0,163000.0,17000.0,-0.0217225938352496,99.3,US_events_merged_1997-2026.xlsx,2023-09-01 13:30:00+00:00,2023-09-01 00:00:00+00:00,True,2023-09-01 13:30:00+00:00,True,5105,2023-09-01
2023-09-13 13:30:00.000,USD,CPI MoM,CPI CHNG Index,Aug,0.006,0.006,0.002,,0.0,0.016963006546563,97.4,US_events_merged_1997-2026.xlsx,2023-09-13 13:30:00+00:00,2023-09-13 00:00:00+00:00,True,2023-09-13 13:30:00+00:00,True,5113,2023-09-13
2023-09-13 13:30:00.000,USD,CPI YoY,CPI YOY Index,Aug,0.037,0.036,0.032,,0.001,0.5814217007416913,96.0,US_events_merged_1997-2026.xlsx,2023-09-13 13:30:00+00:00,2023-09-13 00:00:00+00:00,True,2023-09-13 13:30:00+00:00,True,5113,2023-09-13
2023-09-20 19:00:00.000,USD,FOMC Rate Decision (Upper Bound),FDTR Index,2026-09-20 00:00:00,0.055,0.055,0.055,,0.0,0.0644989043027423,98.0,US_events_merged_1997-2026.xlsx,2023-09-20 19:00:00+00:00,2023-09-20 00:00:00+00:00,True,2023-09-20 19:00:00+00:00,True,5118,2023-09-20
2023-09-22 00:30:00.000,JPY,Natl CPI YoY,JNCPIYOY Index,Aug,0.032,0.03,0.033,,0.002,2.068591970046192,95.6,JN_events_1997-2026_FINAL.xlsx,2023-09-22 00:30:00+00:00,2023-09-22 00:00:00+00:00,True,2023-09-22 00:30:00+00:00,True,5120,2023-09-22
2023-09-22 03:52:00.000,JPY,BOJ Target Rate,BOJDTR Index,2026-09-22 00:00:00,,,,,,,98.9,JN_events_1997-2026_FINAL.xlsx,2023-09-22 03:52:00+00:00,2023-09-22 00:00:00+00:00,True,2023-09-22 03:52:00+00:00,True,5120,2023-09-22
2023-09-29 00:30:00.000,JPY,Tokyo CPI Ex-Fresh Food YoY,JNCPTXFF Index,Sep,0.025,0.026,0.028,,-0.0009999999999999,-0.7823186159565338,91.1,JN_events_1997-2026_FINAL.xlsx,2023-09-29 00:30:00+00:00,2023-09-29 00:00:00+00:00,True,2023-09-29 00:30:00+00:00,True,5125,2023-09-29
2023-10-06 13:30:00.000,USD,Change in Nonfarm Payrolls,NFP TCH Index,Sep,336000.0,170000.0,187000.0,218000.0,166000.0,0.2332906962363454,99.3,US_events_merged_1997-2026.xlsx,2023-10-06 13:30:00+00:00,2023-10-06 00:00:00+00:00,True,2023-10-06 13:30:00+00:00,True,5130,2023-10-06
2023-10-12 13:30:00.000,USD,CPI YoY,CPI YOY Index,Sep,0.037,0.036,0.037,,0.001,0.5798043084467629,96.0,US_events_merged_1997-2026.xlsx,2023-10-12 13:30:00+00:00,2023-10-12 00:00:00+00:00,True,2023-10-12 13:30:00+00:00,True,5134,2023-10-12
2023-10-12 13:30:00.000,USD,CPI MoM,CPI CHNG Index,Sep,0.004,0.003,0.006,0.005,0.001,0.7960258675244015,97.4,US_events_merged_1997-2026.xlsx,2023-10-12 13:30:00+00:00,2023-10-12 00:00:00+00:00,True,2023-10-12 13:30:00+00:00,True,5134,2023-10-12
2023-10-20 00:30:00.000,JPY,Natl CPI YoY,JNCPIYOY Index,Sep,0.03,0.03,0.032,,0.0,-0.1400758252950896,95.6,JN_events_1997-2026_FINAL.xlsx,2023-10-20 00:30:00+00:00,2023-10-20 00:00:00+00:00,True,2023-10-20 00:30:00+00:00,True,5140,2023-10-20
2023-10-27 00:30:00.000,JPY,Tokyo CPI Ex-Fresh Food YoY,JNCPTXFF Index,Oct,0.027,0.025,0.025,,0.0019999999999999,1.6205788482410153,91.1,JN_events_1997-2026_FINAL.xlsx,2023-10-27 00:30:00+00:00,2023-10-27 00:00:00+00:00,True,2023-10-27 00:30:00+00:00,True,5145,2023-10-27
2023-10-31 03:27:00.000,JPY,BOJ Target Rate,BOJDTR Index,2026-10-31 00:00:00,,,,,,,98.9,JN_events_1997-2026_FINAL.xlsx,2023-10-31 03:27:00+00:00,2023-10-31 00:00:00+00:00,True,2023-10-31 03:27:00+00:00,True,5147,2023-10-31
2023-11-01 18:00:00.000,USD,FOMC Rate Decision (Upper Bound),FDTR Index,2026-11-01 00:00:00,0.055,0.055,0.055,,0.0,0.0643466927551341,98.0,US_events_merged_1997-2026.xlsx,2023-11-01 18:00:00+00:00,2023-11-01 00:00:00+00:00,True,2023-11-01 18:00:00+00:00,True,5148,2023-11-01
2023-11-03 12:30:00.000,USD,Change in Nonfarm Payrolls,NFP TCH Index,Oct,150000.0,180000.0,336000.0,156000.0,-30000.0,-0.1030001544911057,99.3,US_events_merged_1997-2026.xlsx,2023-11-03 12:30:00+00:00,2023-11-03 00:00:00+00:00,True,2023-11-03 12:30:00+00:00,True,5150,2023-11-03
2023-11-14 13:30:00.000,USD,CPI YoY,CPI YOY Index,Oct,0.032,0.033,0.037,,-0.001,-0.7363872422131994,96.0,US_events_merged_1997-2026.xlsx,2023-11-14 13:30:00+00:00,2023-11-14 00:00:00+00:00,True,2023-11-14 13:30:00+00:00,True,5157,2023-11-14
2023-11-14 13:30:00.000,USD,CPI MoM,CPI CHNG Index,Oct,0.0,0.001,0.004,,-0.001,-0.76505456380769,97.4,US_events_merged_1997-2026.xlsx,2023-11-14 13:30:00+00:00,2023-11-14 00:00:00+00:00,True,2023-11-14 13:30:00+00:00,True,5157,2023-11-14
2023-11-23 23:30:00.000,JPY,Natl CPI YoY,JNCPIYOY Index,Oct,0.033,0.034,0.03,,-0.001,-1.235927757977249,95.6,JN_events_1997-2026_FINAL.xlsx,2023-11-23 23:30:00+00:00,2023-11-23 00:00:00+00:00,True,2023-11-23 23:30:00+00:00,True,5165,2023-11-24
2023-12-04 23:30:00.000,JPY,Tokyo CPI Ex-Fresh Food YoY,JNCPTXFF Index,Nov,0.023,0.024,0.027,,-0.001,-0.7836492509171116,91.1,JN_events_1997-2026_FINAL.xlsx,2023-12-04 23:30:00+00:00,2023-12-04 00:00:00+00:00,True,2023-12-04 23:30:00+00:00,True,5172,2023-12-05
2023-12-08 13:30:00.000,USD,Change in Nonfarm Payrolls,NFP TCH Index,Nov,199000.0,185000.0,150000.0,159000.0,14000.0,-0.0273137738238718,99.3,US_events_merged_1997-2026.xlsx,2023-12-08 13:30:00+00:00,2023-12-08 00:00:00+00:00,True,2023-12-08 13:30:00+00:00,True,5175,2023-12-08
2023-12-12 13:30:00.000,USD,CPI MoM,CPI CHNG Index,Nov,0.001,0.0,0.0,0.001,0.001,0.7968908475507511,97.4,US_events_merged_1997-2026.xlsx,2023-12-12 13:30:00+00:00,2023-12-12 00:00:00+00:00,True,2023-12-12 13:30:00+00:00,True,5177,2023-12-12
2023-12-12 13:30:00.000,USD,CPI YoY,CPI YOY Index,Nov,0.031,0.031,0.032,,0.0,-0.0761232014280052,96.0,US_events_merged_1997-2026.xlsx,2023-12-12 13:30:00+00:00,2023-12-12 00:00:00+00:00,True,2023-12-12 13:30:00+00:00,True,5177,2023-12-12
2023-12-13 19:00:00.000,USD,FOMC Rate Decision (Upper Bound),FDTR Index,2026-12-13 00:00:00,0.055,0.055,0.055,,0.0,0.0641955537585735,98.0,US_events_merged_1997-2026.xlsx,2023-12-13 19:00:00+00:00,2023-12-13 00:00:00+00:00,True,2023-12-13 19:00:00+00:00,True,5178,2023-12-13
2023-12-19 02:49:00.000,JPY,BOJ Target Rate,BOJDTR Index,2026-12-19 00:00:00,,,,,,,98.9,JN_events_1997-2026_FINAL.xlsx,2023-12-19 02:49:00+00:00,2023-12-19 00:00:00+00:00,True,2023-12-19 02:49:00+00:00,True,5182,2023-12-19
2023-12-21 23:30:00.000,JPY,Natl CPI YoY,JNCPIYOY Index,Nov,0.028,0.028,0.033,,0.0,-0.1350278771381874,95.6,JN_events_1997-2026_FINAL.xlsx,2023-12-21 23:30:00+00:00,2023-12-21 00:00:00+00:00,True,2023-12-21 23:30:00+00:00,True,5185,2023-12-22
2024-01-05 13:30:00.000,USD,Change in Nonfarm Payrolls,NFP TCH Index,Dec,216000.0,175000.0,199000.0,127000.0,41000.0,0.019145525382311,99.3,US_events_merged_1997-2026.xlsx,2024-01-05 13:30:00+00:00,2024-01-05 00:00:00+00:00,True,2024-01-05 13:30:00+00:00,True,5194,2024-01-05
2024-01-08 23:30:00.000,JPY,Tokyo CPI Ex-Fresh Food YoY,JNCPTXFF Index,Dec,0.021,0.021,0.023,,0.0,0.017042946269628,91.1,JN_events_1997-2026_FINAL.xlsx,2024-01-08 23:30:00+00:00,2024-01-08 00:00:00+00:00,True,2024-01-08 23:30:00+00:00,True,5196,2024-01-09
2024-01-11 13:30:00.000,USD,CPI MoM,CPI CHNG Index,Dec,0.003,0.002,0.001,0.001,0.001,0.7948890955851518,97.4,US_events_merged_1997-2026.xlsx,2024-01-11 13:30:00+00:00,2024-01-11 00:00:00+00:00,True,2024-01-11 13:30:00+00:00,True,5198,2024-01-11
2024-01-11 13:30:00.000,USD,CPI YoY,CPI YOY Index,Dec,0.034,0.032,0.031,,0.002,1.2425891173318422,96.0,US_events_merged_1997-2026.xlsx,2024-01-11 13:30:00+00:00,2024-01-11 00:00:00+00:00,True,2024-01-11 13:30:00+00:00,True,5198,2024-01-11
2024-01-18 23:30:00.000,JPY,Natl CPI YoY,JNCPIYOY Index,Dec,0.026,0.025,0.028,,0.0009999999999999,0.9622986129925644,95.6,JN_events_1997-2026_FINAL.xlsx,2024-01-18 23:30:00+00:00,2024-01-18 00:00:00+00:00,True,2024-01-18 23:30:00+00:00,True,5204,2024-01-19
2024-01-23 03:09:00.000,JPY,BOJ Target Rate,BOJDTR Index,2026-01-23 00:00:00,,,,,,,98.9,JN_events_1997-2026_FINAL.xlsx,2024-01-23 03:09:00+00:00,2024-01-23 00:00:00+00:00,True,2024-01-23 03:09:00+00:00,True,5206,2024-01-23
2024-01-25 23:30:00.000,JPY,Tokyo CPI Ex-Fresh Food YoY,JNCPTXFF Index,Jan,0.016,0.019,0.021,,-0.0029999999999999,-2.382467537801409,91.1,JN_events_1997-2026_FINAL.xlsx,2024-01-25 23:30:00+00:00,2024-01-25 00:00:00+00:00,True,2024-01-25 23:30:00+00:00,True,5209,2024-01-26
2024-01-31 19:00:00.000,USD,FOMC Rate Decision (Upper Bound),FDTR Index,2026-01-31 00:00:00,0.055,0.055,0.055,,0.0,0.064045474775861,98.0,US_events_merged_1997-2026.xlsx,2024-01-31 19:00:00+00:00,2024-01-31 00:00:00+00:00,True,2024-01-31 19:00:00+00:00,True,5212,2024-01-31
2024-02-02 13:30:00.000,USD,Change in Nonfarm Payrolls,NFP TCH Index,Jan,353000.0,185000.0,216000.0,154000.0,168000.0,0.2377872374058017,99.3,US_events_merged_1997-2026.xlsx,2024-02-02 13:30:00+00:00,2024-02-02 00:00:00+00:00,True,2024-02-02 13:30:00+00:00,True,5214,2024-02-02
2024-02-13 13:30:00.000,USD,CPI MoM,CPI CHNG Index,Jan,0.003,0.002,0.003,0.002,0.001,0.7929023676866325,97.4,US_events_merged_1997-2026.xlsx,2024-02-13 13:30:00+00:00,2024-02-13 00:00:00+00:00,True,2024-02-13 13:30:00+00:00,True,5221,2024-02-13
2024-02-13 13:30:00.000,USD,CPI YoY,CPI YOY Index,Jan,0.031,0.029,0.034,,0.0019999999999999,1.2361296679713103,96.0,US_events_merged_1997-2026.xlsx,2024-02-13 13:30:00+00:00,2024-02-13 00:00:00+00:00,True,2024-02-13 13:30:00+00:00,True,5221,2024-02-13
2024-02-26 23:30:00.000,JPY,Natl CPI YoY,JNCPIYOY Index,Jan,0.022,0.019,0.026,,0.0029999999999999,3.153304698902502,95.6,JN_events_1997-2026_FINAL.xlsx,2024-02-26 23:30:00+00:00,2024-02-26 00:00:00+00:00,True,2024-02-26 23:30:00+00:00,True,5231,2024-02-27
2024-03-04 23:30:00.000,JPY,Tokyo CPI Ex-Fresh Food YoY,JNCPTXFF Index,Feb,0.025,0.025,0.016,0.018,0.0,0.0256462134675654,91.1,JN_events_1997-2026_FINAL.xlsx,2024-03-04 23:30:00+00:00,2024-03-04 00:00:00+00:00,True,2024-03-04 23:30:00+00:00,True,5236,2024-03-05
2024-03-08 13:30:00.000,USD,Change in Nonfarm Payrolls,NFP TCH Index,Feb,275000.0,200000.0,353000.0,175000.0,75000.0,0.0770365677548868,99.3,US_events_merged_1997-2026.xlsx,2024-03-08 13:30:00+00:00,2024-03-08 00:00:00+00:00,True,2024-03-08 13:30:00+00:00,True,5239,2024-03-08
2024-03-12 12:30:00.000,USD,CPI YoY,CPI YOY Index,Feb,0.032,0.031,0.031,,0.001,0.5719236245894128,96.0,US_events_merged_1997-2026.xlsx,2024-03-12 12:30:00+00:00,2024-03-12 00:00:00+00:00,True,2024-03-12 12:30:00+00:00,True,5241,2024-03-12
2024-03-12 12:30:00.000,USD,CPI MoM,CPI CHNG Index,Feb,0.004,0.004,0.003,,0.0,0.0095580722266658,97.4,US_events_merged_1997-2026.xlsx,2024-03-12 12:30:00+00:00,2024-03-12 00:00:00+00:00,True,2024-03-12 12:30:00+00:00,True,5241,2024-03-12
2024-03-19 03:36:00.000,JPY,BOJ Target Rate,BOJDTR Index,2026-03-19 00:00:00,0.001,,,,,,98.9,JN_events_1997-2026_FINAL.xlsx,2024-03-19 03:36:00+00:00,2024-03-19 00:00:00+00:00,True,2024-03-19 03:36:00+00:00,True,5246,2024-03-19
2024-03-20 18:00:00.000,USD,FOMC Rate Decision (Upper Bound),FDTR Index,2026-03-20 00:00:00,0.055,0.055,0.055,,0.0,0.0638964434740106,98.0,US_events_merged_1997-2026.xlsx,2024-03-20 18:00:00+00:00,2024-03-20 00:00:00+00:00,True,2024-03-20 18:00:00+00:00,True,5247,2024-03-20
2024-03-21 23:30:00.000,JPY,Natl CPI YoY,JNCPIYOY Index,Feb,0.028,0.029,0.022,,-0.001,-1.2271095763460926,95.6,JN_events_1997-2026_FINAL.xlsx,2024-03-21 23:30:00+00:00,2024-03-21 00:00:00+00:00,True,2024-03-21 23:30:00+00:00,True,5249,2024-03-22
2024-03-28 23:30:00.000,JPY,Tokyo CPI Ex-Fresh Food YoY,JNCPTXFF Index,Mar,0.024,0.024,0.025,,0.0,0.0255988220105236,91.1,JN_events_1997-2026_FINAL.xlsx,2024-03-28 23:30:00+00:00,2024-03-28 00:00:00+00:00,True,2024-03-28 23:30:00+00:00,True,5254,2024-03-29
2024-04-05 13:30:00.000,USD,Change in Nonfarm Payrolls,NFP TCH Index,Mar,303000.0,214000.0,275000.0,206000.0,89000.0,0.1010955254788976,99.3,US_events_merged_1997-2026.xlsx,2024-04-05 13:30:00+00:00,2024-04-05 00:00:00+00:00,True,2024-04-05 13:30:00+00:00,True,5259,2024-04-05
2024-04-10 13:30:00.000,USD,CPI MoM,CPI CHNG Index,Mar,0.004,0.003,0.004,,0.001,0.7921133356806229,97.4,US_events_merged_1997-2026.xlsx,2024-04-10 13:30:00+00:00,2024-04-10 00:00:00+00:00,True,2024-04-10 13:30:00+00:00,True,5262,2024-04-10
2024-04-10 13:30:00.000,USD,CPI YoY,CPI YOY Index,Mar,0.035,0.034,0.032,,0.001,0.5703841129399421,96.0,US_events_merged_1997-2026.xlsx,2024-04-10 13:30:00+00:00,2024-04-10 00:00:00+00:00,True,2024-04-10 13:30:00+00:00,True,5262,2024-04-10
2024-04-19 00:30:00.000,JPY,Natl CPI YoY,JNCPIYOY Index,Mar,0.027,0.028,0.028,,-0.001,-1.2214295944389582,95.6,JN_events_1997-2026_FINAL.xlsx,2024-04-19 00:30:00+00:00,2024-04-19 00:00:00+00:00,True,2024-04-19 00:30:00+00:00,True,5269,2024-04-19
2024-04-26 00:30:00.000,JPY,Tokyo CPI Ex-Fresh Food YoY,JNCPTXFF Index,Apr,0.016,0.022,0.024,,-0.0059999999999999,-4.749971490268247,91.1,JN_events_1997-2026_FINAL.xlsx,2024-04-26 00:30:00+00:00,2024-04-26 00:00:00+00:00,True,2024-04-26 00:30:00+00:00,True,5274,2024-04-26
2024-04-26 04:22:00.000,JPY,BOJ Target Rate,BOJDTR Index,2026-04-26 00:00:00,0.001,0.001,0.001,,0.0,0.0393218828462408,98.9,JN_events_1997-2026_FINAL.xlsx,2024-04-26 04:22:00+00:00,2024-04-26 00:00:00+00:00,True,2024-04-26 04:22:00+00:00,True,5274,2024-04-26
2024-05-01 19:00:00.000,USD,FOMC Rate Decision (Upper Bound),FDTR Index,2026-05-01 00:00:00,0.055,0.055,0.055,,0.0,0.0637484477199926,98.0,US_events_merged_1997-2026.xlsx,2024-05-01 19:00:00+00:00,2024-05-01 00:00:00+00:00,True,2024-05-01 19:00:00+00:00,True,5277,2024-05-01
2024-05-03 13:30:00.000,USD,Change in Nonfarm Payrolls,NFP TCH Index,Apr,175000.0,240000.0,303000.0,228000.0,-65000.0,-0.1654236344371626,99.3,US_events_merged_1997-2026.xlsx,2024-05-03 13:30:00+00:00,2024-05-03 00:00:00+00:00,True,2024-05-03 13:30:00+00:00,True,5279,2024-05-03
2024-05-15 13:30:00.000,USD,CPI MoM,CPI CHNG Index,Apr,0.003,0.004,0.004,0.004,-0.001,-0.7758769259183144,97.4,US_events_merged_1997-2026.xlsx,2024-05-15 13:30:00+00:00,2024-05-15 00:00:00+00:00,True,2024-05-15 13:30:00+00:00,True,5287,2024-05-15
2024-05-15 13:30:00.000,USD,CPI YoY,CPI YOY Index,Apr,0.034,0.034,0.035,,0.0,-0.0908034614810031,96.0,US_events_merged_1997-2026.xlsx,2024-05-15 13:30:00+00:00,2024-05-15 00:00:00+00:00,True,2024-05-15 13:30:00+00:00,True,5287,2024-05-15
2024-05-24 00:30:00.000,JPY,Natl CPI YoY,JNCPIYOY Index,Apr,0.025,0.024,0.027,,0.001,0.9391057530591906,95.6,JN_events_1997-2026_FINAL.xlsx,2024-05-24 00:30:00+00:00,2024-05-24 00:00:00+00:00,True,2024-05-24 00:30:00+00:00,True,5294,2024-05-24
2024-05-31 00:30:00.000,JPY,Tokyo CPI Ex-Fresh Food YoY,JNCPTXFF Index,May,0.019,0.019,0.016,,0.0,0.0414052328311472,91.1,JN_events_1997-2026_FINAL.xlsx,2024-05-31 00:30:00+00:00,2024-05-31 00:00:00+00:00,True,2024-05-31 00:30:00+00:00,True,5299,2024-05-31
2024-06-07 13:30:00.000,USD,Change in Nonfarm Payrolls,NFP TCH Index,May,272000.0,180000.0,175000.0,64000.0,92000.0,0.1067934566625982,99.3,US_events_merged_1997-2026.xlsx,2024-06-07 13:30:00+00:00,2024-06-07 00:00:00+00:00,True,2024-06-07 13:30:00+00:00,True,5304,2024-06-07
2024-06-12 13:30:00.000,USD,CPI YoY,CPI YOY Index,May,0.033,0.034,0.034,,-0.001,-0.7516082568894961,96.0,US_events_merged_1997-2026.xlsx,2024-06-12 13:30:00+00:00,2024-06-12 00:00:00+00:00,True,2024-06-12 13:30:00+00:00,True,5307,2024-06-12
2024-06-12 13:30:00.000,USD,CPI MoM,CPI CHNG Index,May,0.0,0.001,0.003,0.002,-0.001,-0.7739962519876399,97.4,US_events_merged_1997-2026.xlsx,2024-06-12 13:30:00+00:00,2024-06-12 00:00:00+00:00,True,2024-06-12 13:30:00+00:00,True,5307,2024-06-12
2024-06-12 19:00:00.000,USD,FOMC Rate Decision (Upper Bound),FDTR Index,2026-06-12 00:00:00,0.055,0.055,0.055,,0.0,0.063601475576585,98.0,US_events_merged_1997-2026.xlsx,2024-06-12 19:00:00+00:00,2024-06-12 00:00:00+00:00,True,2024-06-12 19:00:00+00:00,True,5307,2024-06-12
2024-06-14 04:23:00.000,JPY,BOJ Target Rate,BOJDTR Index,2026-06-14 00:00:00,0.001,0.001,0.001,,0.0,0.0390975336144315,98.9,JN_events_1997-2026_FINAL.xlsx,2024-06-14 04:23:00+00:00,2024-06-14 00:00:00+00:00,True,2024-06-14 04:23:00+00:00,True,5309,2024-06-14
2024-06-21 00:30:00.000,JPY,Natl CPI YoY,JNCPIYOY Index,May,0.028,0.029,0.025,,-0.001,-1.2195534680877598,95.6,JN_events_1997-2026_FINAL.xlsx,2024-06-21 00:30:00+00:00,2024-06-21 00:00:00+00:00,True,2024-06-21 00:30:00+00:00,True,5314,2024-06-21
2024-06-28 00:30:00.000,JPY,Tokyo CPI Ex-Fresh Food YoY,JNCPTXFF Index,Jun,0.021,0.02,0.019,,0.001,0.808876937626057,91.1,JN_events_1997-2026_FINAL.xlsx,2024-06-28 00:30:00+00:00,2024-06-28 00:00:00+00:00,True,2024-06-28 00:30:00+00:00,True,5319,2024-06-28
2024-07-05 13:30:00.000,USD,Change in Nonfarm Payrolls,NFP TCH Index,Jun,206000.0,190000.0,272000.0,78000.0,16000.0,-0.0252186465366887,99.3,US_events_merged_1997-2026.xlsx,2024-07-05 13:30:00+00:00,2024-07-05 00:00:00+00:00,True,2024-07-05 13:30:00+00:00,True,5324,2024-07-05
2024-07-11 13:30:00.000,USD,CPI MoM,CPI CHNG Index,Jun,-0.001,0.001,0.0,,-0.002,-1.55610087400098,97.4,US_events_merged_1997-2026.xlsx,2024-07-11 13:30:00+00:00,2024-07-11 00:00:00+00:00,True,2024-07-11 13:30:00+00:00,True,5328,2024-07-11
2024-07-11 13:30:00.000,USD,CPI YoY,CPI YOY Index,Jun,0.03,0.031,0.033,,-0.001,-0.7492507018752619,96.0,US_events_merged_1997-2026.xlsx,2024-07-11 13:30:00+00:00,2024-07-11 00:00:00+00:00,True,2024-07-11 13:30:00+00:00,True,5328,2024-07-11
2024-07-19 00:30:00.000,JPY,Natl CPI YoY,JNCPIYOY Index,Jun,0.028,0.029,0.028,,-0.001,-1.2140113718652383,95.6,JN_events_1997-2026_FINAL.xlsx,2024-07-19 00:30:00+00:00,2024-07-19 00:00:00+00:00,True,2024-07-19 00:30:00+00:00,True,5334,2024-07-19
2024-07-26 00:30:00.000,JPY,Tokyo CPI Ex-Fresh Food YoY,JNCPTXFF Index,Jul,0.022,0.022,0.021,,0.0,0.0384018641308097,91.1,JN_events_1997-2026_FINAL.xlsx,2024-07-26 00:30:00+00:00,2024-07-26 00:00:00+00:00,True,2024-07-26 00:30:00+00:00,True,5339,2024-07-26
2024-07-31 04:56:00.986,JPY,BOJ Target Rate,BOJDTR Index,2026-07-31 00:00:00,0.0025,0.001,0.001,,0.0015,3.4600512668699803,98.9,JN_events_1997-2026_FINAL.xlsx,2024-07-31 04:56:00.986000+00:00,2024-07-31 00:00:00+00:00,True,2024-07-31 04:56:00.986000+00:00,True,5342,2024-07-31
2024-07-31 19:00:00.000,USD,FOMC Rate Decision (Upper Bound),FDTR Index,2026-07-31 00:00:00,0.055,0.055,0.055,,0.0,0.0634555152983287,98.0,US_events_merged_1997-2026.xlsx,2024-07-31 19:00:00+00:00,2024-07-31 00:00:00+00:00,True,2024-07-31 19:00:00+00:00,True,5342,2024-07-31
2024-08-02 13:30:00.000,USD,Change in Nonfarm Payrolls,NFP TCH Index,Jul,114000.0,175000.0,206000.0,87000.0,-61000.0,-0.1589670159318961,99.3,US_events_merged_1997-2026.xlsx,2024-08-02 13:30:00+00:00,2024-08-02 00:00:00+00:00,True,2024-08-02 13:30:00+00:00,True,5344,2024-08-02
2024-08-14 13:30:00.000,USD,CPI MoM,CPI CHNG Index,Jul,0.002,0.002,-0.001,0.0,0.0,0.0164943258046606,97.4,US_events_merged_1997-2026.xlsx,2024-08-14 13:30:00+00:00,2024-08-14 00:00:00+00:00,True,2024-08-14 13:30:00+00:00,True,5352,2024-08-14
2024-08-14 13:30:00.000,USD,CPI YoY,CPI YOY Index,Jul,0.029,0.03,0.03,,-0.0009999999999999,-0.7469152202974914,96.0,US_events_merged_1997-2026.xlsx,2024-08-14 13:30:00+00:00,2024-08-14 00:00:00+00:00,True,2024-08-14 13:30:00+00:00,True,5352,2024-08-14
2024-08-23 00:30:00.000,JPY,Natl CPI YoY,JNCPIYOY Index,Jul,0.028,0.027,0.028,,0.001,0.9431199677795712,95.6,JN_events_1997-2026_FINAL.xlsx,2024-08-23 00:30:00+00:00,2024-08-23 00:00:00+00:00,True,2024-08-23 00:30:00+00:00,True,5359,2024-08-23
2024-08-30 00:30:00.000,JPY,Tokyo CPI Ex-Fresh Food YoY,JNCPTXFF Index,Aug,0.024,0.022,0.022,,0.002,1.5772133068433725,91.1,JN_events_1997-2026_FINAL.xlsx,2024-08-30 00:30:00+00:00,2024-08-30 00:00:00+00:00,True,2024-08-30 00:30:00+00:00,True,5364,2024-08-30
2024-09-06 13:30:00.000,USD,Change in Nonfarm Payrolls,NFP TCH Index,Aug,142000.0,165000.0,114000.0,53000.0,-23000.0,-0.0925980087565706,99.3,US_events_merged_1997-2026.xlsx,2024-09-06 13:30:00+00:00,2024-09-06 00:00:00+00:00,True,2024-09-06 13:30:00+00:00,True,5369,2024-09-06
2024-09-11 13:30:00.000,USD,CPI MoM,CPI CHNG Index,Aug,0.002,0.002,0.002,0.002,0.0,0.0164696088901624,97.4,US_events_merged_1997-2026.xlsx,2024-09-11 13:30:00+00:00,2024-09-11 00:00:00+00:00,True,2024-09-11 13:30:00+00:00,True,5372,2024-09-11
2024-09-11 13:30:00.000,USD,CPI YoY,CPI YOY Index,Aug,0.025,0.025,0.029,,0.0,-0.0818533530416411,96.0,US_events_merged_1997-2026.xlsx,2024-09-11 13:30:00+00:00,2024-09-11 00:00:00+00:00,True,2024-09-11 13:30:00+00:00,True,5372,2024-09-11
2024-09-18 19:00:00.000,USD,FOMC Rate Decision (Upper Bound),FDTR Index,2026-09-18 00:00:00,0.05,0.0525,0.055,,-0.0024999999999999,-5.438678181474493,98.0,US_events_merged_1997-2026.xlsx,2024-09-18 19:00:00+00:00,2024-09-18 00:00:00+00:00,True,2024-09-18 19:00:00+00:00,True,5377,2024-09-18
2024-09-20 00:30:00.000,JPY,Natl CPI YoY,JNCPIYOY Index,Aug,0.03,0.03,0.028,,0.0,-0.1361699329217526,95.6,JN_events_1997-2026_FINAL.xlsx,2024-09-20 00:30:00+00:00,2024-09-20 00:00:00+00:00,True,2024-09-20 00:30:00+00:00,True,5379,2024-09-20
2024-09-20 03:52:00.000,JPY,BOJ Target Rate,BOJDTR Index,2026-09-20 00:00:00,0.0025,0.0025,0.0025,,0.0,0.0,98.9,JN_events_1997-2026_FINAL.xlsx,2024-09-20 03:52:00+00:00,2024-09-20 00:00:00+00:00,True,2024-09-20 03:52:00+00:00,True,5379,2024-09-20
2024-09-27 00:30:00.000,JPY,Tokyo CPI Ex-Fresh Food YoY,JNCPTXFF Index,Sep,0.02,0.02,0.024,,0.0,0.0325302548843099,91.1,JN_events_1997-2026_FINAL.xlsx,2024-09-27 00:30:00+00:00,2024-09-27 00:00:00+00:00,True,2024-09-27 00:30:00+00:00,True,5384,2024-09-27
2024-10-04 13:30:00.000,USD,Change in Nonfarm Payrolls,NFP TCH Index,Sep,254000.0,150000.0,142000.0,9000.0,104000.0,0.1288641680295365,99.3,US_events_merged_1997-2026.xlsx,2024-10-04 13:30:00+00:00,2024-10-04 00:00:00+00:00,True,2024-10-04 13:30:00+00:00,True,5389,2024-10-04
2024-10-10 13:30:00.000,USD,CPI YoY,CPI YOY Index,Sep,0.024,0.023,0.025,,0.001,0.5823730847042669,96.0,US_events_merged_1997-2026.xlsx,2024-10-10 13:30:00+00:00,2024-10-10 00:00:00+00:00,True,2024-10-10 13:30:00+00:00,True,5393,2024-10-10
2024-10-10 13:30:00.000,USD,CPI MoM,CPI CHNG Index,Sep,0.002,0.001,0.002,,0.001,0.8011065629305718,97.4,US_events_merged_1997-2026.xlsx,2024-10-10 13:30:00+00:00,2024-10-10 00:00:00+00:00,True,2024-10-10 13:30:00+00:00,True,5393,2024-10-10
2024-10-18 00:30:00.000,JPY,Natl CPI YoY,JNCPIYOY Index,Sep,0.025,0.025,0.03,,0.0,-0.1359193408252773,95.6,JN_events_1997-2026_FINAL.xlsx,2024-10-18 00:30:00+00:00,2024-10-18 00:00:00+00:00,True,2024-10-18 00:30:00+00:00,True,5399,2024-10-18
2024-10-25 00:30:00.000,JPY,Tokyo CPI Ex-Fresh Food YoY,JNCPTXFF Index,Oct,0.018,0.017,0.02,,0.0009999999999999,0.8012445025779656,91.1,JN_events_1997-2026_FINAL.xlsx,2024-10-25 00:30:00+00:00,2024-10-25 00:00:00+00:00,True,2024-10-25 00:30:00+00:00,True,5404,2024-10-25
2024-10-31 02:48:00.000,JPY,BOJ Target Rate,BOJDTR Index,2026-10-31 00:00:00,0.0025,0.0025,0.0025,,0.0,0.0,98.9,JN_events_1997-2026_FINAL.xlsx,2024-10-31 02:48:00+00:00,2024-10-31 00:00:00+00:00,True,2024-10-31 02:48:00+00:00,True,5408,2024-10-31
2024-11-01 12:30:00.000,USD,Change in Nonfarm Payrolls,NFP TCH Index,Oct,12000.0,100000.0,254000.0,155000.0,-88000.0,-0.2064270257184214,99.3,US_events_merged_1997-2026.xlsx,2024-11-01 12:30:00+00:00,2024-11-01 00:00:00+00:00,True,2024-11-01 12:30:00+00:00,True,5409,2024-11-01
2024-11-07 19:00:00.000,USD,FOMC Rate Decision (Upper Bound),FDTR Index,2026-11-07 00:00:00,0.0475,0.0475,0.05,,0.0,0.0828175918711253,98.0,US_events_merged_1997-2026.xlsx,2024-11-07 19:00:00+00:00,2024-11-07 00:00:00+00:00,True,2024-11-07 19:00:00+00:00,True,5413,2024-11-07
2024-11-13 13:30:00.000,USD,CPI YoY,CPI YOY Index,Oct,0.026,0.026,0.024,,0.0,-0.0841027835154759,96.0,US_events_merged_1997-2026.xlsx,2024-11-13 13:30:00+00:00,2024-11-13 00:00:00+00:00,True,2024-11-13 13:30:00+00:00,True,5417,2024-11-13
2024-11-13 13:30:00.000,USD,CPI MoM,CPI CHNG Index,Oct,0.002,0.002,0.002,,0.0,0.0140612228643106,97.4,US_events_merged_1997-2026.xlsx,2024-11-13 13:30:00+00:00,2024-11-13 00:00:00+00:00,True,2024-11-13 13:30:00+00:00,True,5417,2024-11-13
2024-11-21 23:30:00.000,JPY,Natl CPI YoY,JNCPIYOY Index,Oct,0.023,0.023,0.025,,0.0,-0.1356701272383999,95.6,JN_events_1997-2026_FINAL.xlsx,2024-11-21 23:30:00+00:00,2024-11-21 00:00:00+00:00,True,2024-11-21 23:30:00+00:00,True,5424,2024-11-22
2024-11-28 23:30:00.000,JPY,Tokyo CPI Ex-Fresh Food YoY,JNCPTXFF Index,Nov,0.022,0.02,0.018,,0.0019999999999999,1.5681554428383593,91.1,JN_events_1997-2026_FINAL.xlsx,2024-11-28 23:30:00+00:00,2024-11-28 00:00:00+00:00,True,2024-11-28 23:30:00+00:00,True,5429,2024-11-29
2024-12-06 13:30:00.000,USD,Change in Nonfarm Payrolls,NFP TCH Index,Nov,227000.0,220000.0,12000.0,33000.0,7000.0,-0.0400630547999926,99.3,US_events_merged_1997-2026.xlsx,2024-12-06 13:30:00+00:00,2024-12-06 00:00:00+00:00,True,2024-12-06 13:30:00+00:00,True,5434,2024-12-06
2024-12-11 13:30:00.000,USD,CPI YoY,CPI YOY Index,Nov,0.027,0.027,0.026,,0.0,-0.0839365459145611,96.0,US_events_merged_1997-2026.xlsx,2024-12-11 13:30:00+00:00,2024-12-11 00:00:00+00:00,True,2024-12-11 13:30:00+00:00,True,5437,2024-12-11
2024-12-11 13:30:00.000,USD,CPI MoM,CPI CHNG Index,Nov,0.003,0.003,0.002,0.003,0.0,0.0140403412447581,97.4,US_events_merged_1997-2026.xlsx,2024-12-11 13:30:00+00:00,2024-12-11 00:00:00+00:00,True,2024-12-11 13:30:00+00:00,True,5437,2024-12-11
2024-12-18 19:00:00.000,USD,FOMC Rate Decision (Upper Bound),FDTR Index,2026-12-18 00:00:00,0.045,0.045,0.0475,,0.0,0.0826295748920659,98.0,US_events_merged_1997-2026.xlsx,2024-12-18 19:00:00+00:00,2024-12-18 00:00:00+00:00,True,2024-12-18 19:00:00+00:00,True,5442,2024-12-18
2024-12-19 02:52:00.000,JPY,BOJ Target Rate,BOJDTR Index,2026-12-19 00:00:00,0.0025,0.0025,0.0025,,0.0,0.0,98.9,JN_events_1997-2026_FINAL.xlsx,2024-12-19 02:52:00+00:00,2024-12-19 00:00:00+00:00,True,2024-12-19 02:52:00+00:00,True,5443,2024-12-19
2024-12-19 23:30:00.000,JPY,Natl CPI YoY,JNCPIYOY Index,Nov,0.029,0.029,0.023,,0.0,-0.1354222795677755,95.6,JN_events_1997-2026_FINAL.xlsx,2024-12-19 23:30:00+00:00,2024-12-19 00:00:00+00:00,True,2024-12-19 23:30:00+00:00,True,5444,2024-12-20
2024-12-26 23:30:00.000,JPY,Tokyo CPI Ex-Fresh Food YoY,JNCPTXFF Index,Dec,0.024,0.025,0.022,,-0.001,-0.7433488010643359,91.1,JN_events_1997-2026_FINAL.xlsx,2024-12-26 23:30:00+00:00,2024-12-26 00:00:00+00:00,True,2024-12-26 23:30:00+00:00,True,5449,2024-12-27
2025-01-10 13:30:00.000,USD,Change in Nonfarm Payrolls,NFP TCH Index,Dec,256000.0,165000.0,227000.0,134000.0,91000.0,0.1070331066343354,99.3,US_events_merged_1997-2026.xlsx,2025-01-10 13:30:00+00:00,2025-01-10 00:00:00+00:00,True,2025-01-10 13:30:00+00:00,True,5458,2025-01-10
2025-01-15 13:30:00.000,USD,CPI MoM,CPI CHNG Index,Dec,0.004,0.004,0.003,,0.0,0.0140195523794666,97.4,US_events_merged_1997-2026.xlsx,2025-01-15 13:30:00+00:00,2025-01-15 00:00:00+00:00,True,2025-01-15 13:30:00+00:00,True,5461,2025-01-15
2025-01-15 13:30:00.000,USD,CPI YoY,CPI YOY Index,Dec,0.029,0.029,0.027,,0.0,-0.0837712902046441,96.0,US_events_merged_1997-2026.xlsx,2025-01-15 13:30:00+00:00,2025-01-15 00:00:00+00:00,True,2025-01-15 13:30:00+00:00,True,5461,2025-01-15
2025-01-23 23:30:00.000,JPY,Natl CPI YoY,JNCPIYOY Index,Dec,0.036,0.034,0.029,,0.0019999999999999,2.032298014686864,95.6,JN_events_1997-2026_FINAL.xlsx,2025-01-23 23:30:00+00:00,2025-01-23 00:00:00+00:00,True,2025-01-23 23:30:00+00:00,True,5468,2025-01-24
2025-01-24 03:23:00.000,JPY,BOJ Target Rate,BOJDTR Index,2026-01-24 00:00:00,0.005,0.005,0.0025,,0.0,0.0,98.9,JN_events_1997-2026_FINAL.xlsx,2025-01-24 03:23:00+00:00,2025-01-24 00:00:00+00:00,True,2025-01-24 03:23:00+00:00,True,5468,2025-01-24
2025-01-29 19:00:00.000,USD,FOMC Rate Decision (Upper Bound),FDTR Index,2026-01-29 00:00:00,0.045,0.045,0.045,,0.0,0.0824428326827067,98.0,US_events_merged_1997-2026.xlsx,2025-01-29 19:00:00+00:00,2025-01-29 00:00:00+00:00,True,2025-01-29 19:00:00+00:00,True,5471,2025-01-29
2025-01-30 23:30:00.000,JPY,Tokyo CPI Ex-Fresh Food YoY,JNCPTXFF Index,Jan,0.025,0.025,0.024,,0.0,0.0266020167750637,91.1,JN_events_1997-2026_FINAL.xlsx,2025-01-30 23:30:00+00:00,2025-01-30 00:00:00+00:00,True,2025-01-30 23:30:00+00:00,True,5473,2025-01-31
2025-02-07 13:30:00.000,USD,Change in Nonfarm Payrolls,NFP TCH Index,Jan,143000.0,175000.0,256000.0,237000.0,-32000.0,-0.1087505000434676,99.3,US_events_merged_1997-2026.xlsx,2025-02-07 13:30:00+00:00,2025-02-07 00:00:00+00:00,True,2025-02-07 13:30:00+00:00,True,5478,2025-02-07
2025-02-12 13:30:00.000,USD,CPI YoY,CPI YOY Index,Jan,0.03,0.029,0.029,,0.0009999999999999,0.585249047302444,96.0,US_events_merged_1997-2026.xlsx,2025-02-12 13:30:00+00:00,2025-02-12 00:00:00+00:00,True,2025-02-12 13:30:00+00:00,True,5481,2025-02-12
2025-02-12 13:30:00.000,USD,CPI MoM,CPI CHNG Index,Jan,0.005,0.003,0.004,0.003,0.002,1.5912032513579613,97.4,US_events_merged_1997-2026.xlsx,2025-02-12 13:30:00+00:00,2025-02-12 00:00:00+00:00,True,2025-02-12 13:30:00+00:00,True,5481,2025-02-12
2025-02-20 23:30:00.000,JPY,Natl CPI YoY,JNCPIYOY Index,Jan,0.04,0.04,0.036,,0.0,-0.1416453389333191,95.6,JN_events_1997-2026_FINAL.xlsx,2025-02-20 23:30:00+00:00,2025-02-20 00:00:00+00:00,True,2025-02-20 23:30:00+00:00,True,5488,2025-02-21
2025-02-27 23:30:00.000,JPY,Tokyo CPI Ex-Fresh Food YoY,JNCPTXFF Index,Feb,0.022,0.023,0.025,,-0.001,-0.7427124416724628,91.1,JN_events_1997-2026_FINAL.xlsx,2025-02-27 23:30:00+00:00,2025-02-27 00:00:00+00:00,True,2025-02-27 23:30:00+00:00,True,5493,2025-02-28
2025-03-07 13:30:00.000,USD,Change in Nonfarm Payrolls,NFP TCH Index,Feb,151000.0,160000.0,143000.0,-48000.0,-9000.0,-0.0682078820351148,99.3,US_events_merged_1997-2026.xlsx,2025-03-07 13:30:00+00:00,2025-03-07 00:00:00+00:00,True,2025-03-07 13:30:00+00:00,True,5498,2025-03-07
2025-03-12 12:30:00.000,USD,CPI YoY,CPI YOY Index,Feb,0.028,0.029,0.03,,-0.001,-0.7557133354777356,96.0,US_events_merged_1997-2026.xlsx,2025-03-12 12:30:00+00:00,2025-03-12 00:00:00+00:00,True,2025-03-12 12:30:00+00:00,True,5501,2025-03-12
2025-03-12 12:30:00.000,USD,CPI MoM,CPI CHNG Index,Feb,0.002,0.003,0.005,0.004,-0.001,-0.77754567355185,97.4,US_events_merged_1997-2026.xlsx,2025-03-12 12:30:00+00:00,2025-03-12 00:00:00+00:00,True,2025-03-12 12:30:00+00:00,True,5501,2025-03-12
2025-03-19 02:25:00.000,JPY,BOJ Target Rate,BOJDTR Index,2026-03-19 00:00:00,0.005,0.005,0.005,,0.0,0.0,98.9,JN_events_1997-2026_FINAL.xlsx,2025-03-19 02:25:00+00:00,2025-03-19 00:00:00+00:00,True,2025-03-19 02:25:00+00:00,True,5506,2025-03-19
2025-03-19 18:00:00.000,USD,FOMC Rate Decision (Upper Bound),FDTR Index,2026-03-19 00:00:00,0.045,0.045,0.045,,0.0,0.0822573509025942,98.0,US_events_merged_1997-2026.xlsx,2025-03-19 18:00:00+00:00,2025-03-19 00:00:00+00:00,True,2025-03-19 18:00:00+00:00,True,5506,2025-03-19
2025-03-20 23:30:00.000,JPY,Natl CPI YoY,JNCPIYOY Index,Feb,0.037,0.035,0.04,,0.002,2.0178656750684274,95.6,JN_events_1997-2026_FINAL.xlsx,2025-03-20 23:30:00+00:00,2025-03-20 00:00:00+00:00,True,2025-03-20 23:30:00+00:00,True,5508,2025-03-21
2025-03-27 23:30:00.000,JPY,Tokyo CPI Ex-Fresh Food YoY,JNCPTXFF Index,Mar,0.024,0.022,0.022,,0.002,1.5689806816802303,91.1,JN_events_1997-2026_FINAL.xlsx,2025-03-27 23:30:00+00:00,2025-03-27 00:00:00+00:00,True,2025-03-27 23:30:00+00:00,True,5513,2025-03-28
2025-04-04 13:30:00.000,USD,Change in Nonfarm Payrolls,NFP TCH Index,Mar,228000.0,140000.0,151000.0,42000.0,88000.0,0.1024413908985734,99.3,US_events_merged_1997-2026.xlsx,2025-04-04 13:30:00+00:00,2025-04-04 00:00:00+00:00,True,2025-04-04 13:30:00+00:00,True,5518,2025-04-04
2025-04-10 13:30:00.000,USD,CPI YoY,CPI YOY Index,Mar,0.024,0.025,0.028,,-0.001,-0.7534163976259584,96.0,US_events_merged_1997-2026.xlsx,2025-04-10 13:30:00+00:00,2025-04-10 00:00:00+00:00,True,2025-04-10 13:30:00+00:00,True,5522,2025-04-10
2025-04-10 13:30:00.000,USD,CPI MoM,CPI CHNG Index,Mar,-0.001,0.001,0.002,,-0.002,-1.5630045176206608,97.4,US_events_merged_1997-2026.xlsx,2025-04-10 13:30:00+00:00,2025-04-10 00:00:00+00:00,True,2025-04-10 13:30:00+00:00,True,5522,2025-04-10
2025-04-18 00:30:00.000,JPY,Natl CPI YoY,JNCPIYOY Index,Mar,0.036,0.037,0.037,,-0.001,-1.2215443980096372,95.6,JN_events_1997-2026_FINAL.xlsx,2025-04-18 00:30:00+00:00,2025-04-18 00:00:00+00:00,True,2025-04-18 00:30:00+00:00,True,5528,2025-04-18
2025-04-25 00:30:00.000,JPY,Tokyo CPI Ex-Fresh Food YoY,JNCPTXFF Index,Apr,0.034,0.032,0.024,,0.002,1.5594242840781378,91.1,JN_events_1997-2026_FINAL.xlsx,2025-04-25 00:30:00+00:00,2025-04-25 00:00:00+00:00,True,2025-04-25 00:30:00+00:00,True,5533,2025-04-25
2025-05-01 04:02:00.000,JPY,BOJ Target Rate,BOJDTR Index,2026-05-01 00:00:00,0.005,0.005,0.005,,0.0,0.0,98.9,JN_events_1997-2026_FINAL.xlsx,2025-05-01 04:02:00+00:00,2025-05-01 00:00:00+00:00,True,2025-05-01 04:02:00+00:00,True,5537,2025-05-01
2025-05-02 13:30:00.000,USD,Change in Nonfarm Payrolls,NFP TCH Index,Apr,177000.0,138000.0,228000.0,67000.0,39000.0,0.0160088034112315,99.3,US_events_merged_1997-2026.xlsx,2025-05-02 13:30:00+00:00,2025-05-02 00:00:00+00:00,True,2025-05-02 13:30:00+00:00,True,5538,2025-05-02
2025-05-07 19:00:00.000,USD,FOMC Rate Decision (Upper Bound),FDTR Index,2026-05-07 00:00:00,0.045,0.045,0.045,,0.0,0.0820731154361179,98.0,US_events_merged_1997-2026.xlsx,2025-05-07 19:00:00+00:00,2025-05-07 00:00:00+00:00,True,2025-05-07 19:00:00+00:00,True,5541,2025-05-07
2025-05-13 13:30:00.000,USD,CPI YoY,CPI YOY Index,Apr,0.023,0.024,0.024,,-0.001,-0.7511403021052808,96.0,US_events_merged_1997-2026.xlsx,2025-05-13 13:30:00+00:00,2025-05-13 00:00:00+00:00,True,2025-05-13 13:30:00+00:00,True,5545,2025-05-13
2025-05-13 13:30:00.000,USD,CPI MoM,CPI CHNG Index,Apr,0.002,0.003,-0.001,0.0,-0.001,-0.7695066618834614,97.4,US_events_merged_1997-2026.xlsx,2025-05-13 13:30:00+00:00,2025-05-13 00:00:00+00:00,True,2025-05-13 13:30:00+00:00,True,5545,2025-05-13
2025-05-23 00:30:00.000,JPY,Natl CPI YoY,JNCPIYOY Index,Apr,0.036,0.035,0.036,,0.0009999999999999,0.929572858372654,95.6,JN_events_1997-2026_FINAL.xlsx,2025-05-23 00:30:00+00:00,2025-05-23 00:00:00+00:00,True,2025-05-23 00:30:00+00:00,True,5553,2025-05-23
2025-05-30 00:30:00.000,JPY,Tokyo CPI Ex-Fresh Food YoY,JNCPTXFF Index,May,0.036,0.035,0.034,,0.0009999999999999,0.7840556704837532,91.1,JN_events_1997-2026_FINAL.xlsx,2025-05-30 00:30:00+00:00,2025-05-30 00:00:00+00:00,True,2025-05-30 00:30:00+00:00,True,5558,2025-05-30
2025-06-06 13:30:00.000,USD,Change in Nonfarm Payrolls,NFP TCH Index,May,139000.0,126000.0,177000.0,108000.0,13000.0,-0.0298637330798814,99.3,US_events_merged_1997-2026.xlsx,2025-06-06 13:30:00+00:00,2025-06-06 00:00:00+00:00,True,2025-06-06 13:30:00+00:00,True,5563,2025-06-06
2025-06-11 13:30:00.000,USD,CPI YoY,CPI YOY Index,May,0.024,0.024,0.023,,0.0,-0.0774708346962544,96.0,US_events_merged_1997-2026.xlsx,2025-06-11 13:30:00+00:00,2025-06-11 00:00:00+00:00,True,2025-06-11 13:30:00+00:00,True,5566,2025-06-11
2025-06-11 13:30:00.000,USD,CPI MoM,CPI CHNG Index,May,0.001,0.002,0.002,,-0.001,-0.7677178516850953,97.4,US_events_merged_1997-2026.xlsx,2025-06-11 13:30:00+00:00,2025-06-11 00:00:00+00:00,True,2025-06-11 13:30:00+00:00,True,5566,2025-06-11
2025-06-17 04:31:00.000,JPY,BOJ Target Rate,BOJDTR Index,2026-06-17 00:00:00,0.005,0.005,0.005,,0.0,0.0,98.9,JN_events_1997-2026_FINAL.xlsx,2025-06-17 04:31:00+00:00,2025-06-17 00:00:00+00:00,True,2025-06-17 04:31:00+00:00,True,5570,2025-06-17
2025-06-18 19:00:00.000,USD,FOMC Rate Decision (Upper Bound),FDTR Index,2026-06-18 00:00:00,0.045,0.045,0.045,,0.0,0.081890112387997,98.0,US_events_merged_1997-2026.xlsx,2025-06-18 19:00:00+00:00,2025-06-18 00:00:00+00:00,True,2025-06-18 19:00:00+00:00,True,5571,2025-06-18
2025-06-20 00:30:00.000,JPY,Natl CPI YoY,JNCPIYOY Index,May,0.035,0.035,0.036,,0.0,-0.1466119678925224,95.6,JN_events_1997-2026_FINAL.xlsx,2025-06-20 00:30:00+00:00,2025-06-20 00:00:00+00:00,True,2025-06-20 00:30:00+00:00,True,5573,2025-06-20
2025-06-27 00:30:00.000,JPY,Tokyo CPI Ex-Fresh Food YoY,JNCPTXFF Index,Jun,0.031,0.033,0.036,,-0.002,-1.517685617503565,91.1,JN_events_1997-2026_FINAL.xlsx,2025-06-27 00:30:00+00:00,2025-06-27 00:00:00+00:00,True,2025-06-27 00:30:00+00:00,True,5578,2025-06-27
2025-07-03 13:30:00.000,USD,Change in Nonfarm Payrolls,NFP TCH Index,Jun,147000.0,106000.0,139000.0,13000.0,41000.0,0.0196288632383664,99.3,US_events_merged_1997-2026.xlsx,2025-07-03 13:30:00+00:00,2025-07-03 00:00:00+00:00,True,2025-07-03 13:30:00+00:00,True,5582,2025-07-03
2025-07-15 13:30:00.000,USD,CPI YoY,CPI YOY Index,Jun,0.027,0.026,0.024,,0.001,0.5953790933921096,96.0,US_events_merged_1997-2026.xlsx,2025-07-15 13:30:00+00:00,2025-07-15 00:00:00+00:00,True,2025-07-15 13:30:00+00:00,True,5590,2025-07-15
2025-07-15 13:30:00.000,USD,CPI MoM,CPI CHNG Index,Jun,0.003,0.003,0.001,,0.0,0.0206391414050294,97.4,US_events_merged_1997-2026.xlsx,2025-07-15 13:30:00+00:00,2025-07-15 00:00:00+00:00,True,2025-07-15 13:30:00+00:00,True,5590,2025-07-15
2025-07-18 00:30:00.000,JPY,Natl CPI YoY,JNCPIYOY Index,Jun,0.033,0.033,0.035,,0.0,-0.1463498968291537,95.6,JN_events_1997-2026_FINAL.xlsx,2025-07-18 00:30:00+00:00,2025-07-18 00:00:00+00:00,True,2025-07-18 00:30:00+00:00,True,5593,2025-07-18
2025-07-25 00:30:00.000,JPY,Tokyo CPI Ex-Fresh Food YoY,JNCPTXFF Index,Jul,0.029,0.03,0.031,,-0.0009999999999999,-0.7441819124920322,91.1,JN_events_1997-2026_FINAL.xlsx,2025-07-25 00:30:00+00:00,2025-07-25 00:00:00+00:00,True,2025-07-25 00:30:00+00:00,True,5598,2025-07-25
2025-07-30 19:00:00.000,USD,FOMC Rate Decision (Upper Bound),FDTR Index,2026-07-30 00:00:00,0.045,0.045,0.045,,0.0,0.081708328078879,98.0,US_events_merged_1997-2026.xlsx,2025-07-30 19:00:00+00:00,2025-07-30 00:00:00+00:00,True,2025-07-30 19:00:00+00:00,True,5601,2025-07-30
2025-07-31 03:57:00.000,JPY,BOJ Target Rate,BOJDTR Index,2026-07-31 00:00:00,0.005,0.005,0.005,,0.0,0.0,98.9,JN_events_1997-2026_FINAL.xlsx,2025-07-31 03:57:00+00:00,2025-07-31 00:00:00+00:00,True,2025-07-31 03:57:00+00:00,True,5602,2025-07-31
2025-08-01 13:30:00.000,USD,Change in Nonfarm Payrolls,NFP TCH Index,Jul,73000.0,105000.0,147000.0,-20000.0,-32000.0,-0.1095097218393753,99.3,US_events_merged_1997-2026.xlsx,2025-08-01 13:30:00+00:00,2025-08-01 00:00:00+00:00,True,2025-08-01 13:30:00+00:00,True,5603,2025-08-01
2025-08-12 13:30:00.000,USD,CPI MoM,CPI CHNG Index,Jul,0.002,0.002,0.003,,0.0,0.0206091956102407,97.4,US_events_merged_1997-2026.xlsx,2025-08-12 13:30:00+00:00,2025-08-12 00:00:00+00:00,True,2025-08-12 13:30:00+00:00,True,5610,2025-08-12
2025-08-12 13:30:00.000,USD,CPI YoY,CPI YOY Index,Jul,0.027,0.028,0.027,,-0.001,-0.7532294546925035,96.0,US_events_merged_1997-2026.xlsx,2025-08-12 13:30:00+00:00,2025-08-12 00:00:00+00:00,True,2025-08-12 13:30:00+00:00,True,5610,2025-08-12
2025-08-22 00:30:00.000,JPY,Natl CPI YoY,JNCPIYOY Index,Jul,0.031,0.031,0.033,,0.0,-0.146089226241327,95.6,JN_events_1997-2026_FINAL.xlsx,2025-08-22 00:30:00+00:00,2025-08-22 00:00:00+00:00,True,2025-08-22 00:30:00+00:00,True,5618,2025-08-22
2025-08-29 00:30:00.000,JPY,Tokyo CPI Ex-Fresh Food YoY,JNCPTXFF Index,Aug,0.025,0.025,0.029,,0.0,0.023201165378917,91.1,JN_events_1997-2026_FINAL.xlsx,2025-08-29 00:30:00+00:00,2025-08-29 00:00:00+00:00,True,2025-08-29 00:30:00+00:00,True,5623,2025-08-29
2025-09-05 13:30:00.000,USD,Change in Nonfarm Payrolls,NFP TCH Index,Aug,22000.0,75000.0,73000.0,64000.0,-53000.0,-0.1465431668987945,99.3,US_events_merged_1997-2026.xlsx,2025-09-05 13:30:00+00:00,2025-09-05 00:00:00+00:00,True,2025-09-05 13:30:00+00:00,True,5628,2025-09-05
2025-09-11 13:30:00.000,USD,CPI YoY,CPI YOY Index,Aug,0.029,0.029,0.027,,0.0,-0.0768930589431711,96.0,US_events_merged_1997-2026.xlsx,2025-09-11 13:30:00+00:00,2025-09-11 00:00:00+00:00,True,2025-09-11 13:30:00+00:00,True,5632,2025-09-11
2025-09-11 13:30:00.000,USD,CPI MoM,CPI CHNG Index,Aug,0.004,0.003,0.002,,0.001,0.8094556048439919,97.4,US_events_merged_1997-2026.xlsx,2025-09-11 13:30:00+00:00,2025-09-11 00:00:00+00:00,True,2025-09-11 13:30:00+00:00,True,5632,2025-09-11
2025-09-17 19:00:00.000,USD,FOMC Rate Decision (Upper Bound),FDTR Index,2026-09-17 00:00:00,0.0425,0.0425,0.045,,0.0,0.0815277490410443,98.0,US_events_merged_1997-2026.xlsx,2025-09-17 19:00:00+00:00,2025-09-17 00:00:00+00:00,True,2025-09-17 19:00:00+00:00,True,5636,2025-09-17
2025-09-19 00:30:00.000,JPY,Natl CPI YoY,JNCPIYOY Index,Aug,0.027,0.028,0.031,,-0.001,-1.2245205066275997,95.6,JN_events_1997-2026_FINAL.xlsx,2025-09-19 00:30:00+00:00,2025-09-19 00:00:00+00:00,True,2025-09-19 00:30:00+00:00,True,5638,2025-09-19
2025-09-19 04:47:00.000,JPY,BOJ Target Rate,BOJDTR Index,2026-09-19 00:00:00,0.005,0.005,0.005,,0.0,0.0,98.9,JN_events_1997-2026_FINAL.xlsx,2025-09-19 04:47:00+00:00,2025-09-19 00:00:00+00:00,True,2025-09-19 04:47:00+00:00,True,5638,2025-09-19
2025-09-26 00:30:00.000,JPY,Tokyo CPI Ex-Fresh Food YoY,JNCPTXFF Index,Sep,0.025,0.028,0.025,,-0.0029999999999999,-2.2769628906934174,91.1,JN_events_1997-2026_FINAL.xlsx,2025-09-26 00:30:00+00:00,2025-09-26 00:00:00+00:00,True,2025-09-26 00:30:00+00:00,True,5643,2025-09-26
2025-10-24 00:30:00.000,JPY,Natl CPI YoY,JNCPIYOY Index,Sep,0.029,0.029,0.027,,0.0,-0.141456387423863,95.6,JN_events_1997-2026_FINAL.xlsx,2025-10-24 00:30:00+00:00,2025-10-24 00:00:00+00:00,True,2025-10-24 00:30:00+00:00,True,5663,2025-10-24
2025-10-24 13:30:00.000,USD,CPI MoM,CPI CHNG Index,Sep,0.003,0.004,0.004,0.003,-0.001,-0.7710237936478066,97.4,US_events_merged_1997-2026.xlsx,2025-10-24 13:30:00+00:00,2025-10-24 00:00:00+00:00,True,2025-10-24 13:30:00+00:00,True,5663,2025-10-24
2025-10-24 13:30:00.000,USD,CPI YoY,CPI YOY Index,Sep,0.03,0.031,0.029,,-0.001,-0.7521204243752392,96.0,US_events_merged_1997-2026.xlsx,2025-10-24 13:30:00+00:00,2025-10-24 00:00:00+00:00,True,2025-10-24 13:30:00+00:00,True,5663,2025-10-24
2025-10-29 18:00:00.000,USD,FOMC Rate Decision (Upper Bound),FDTR Index,2026-10-29 00:00:00,0.04,0.04,0.0425,,0.0,0.081348362014215,98.0,US_events_merged_1997-2026.xlsx,2025-10-29 18:00:00+00:00,2025-10-29 00:00:00+00:00,True,2025-10-29 18:00:00+00:00,True,5666,2025-10-29
2025-10-30 03:15:00.000,JPY,BOJ Target Rate,BOJDTR Index,2026-10-30 00:00:00,0.005,0.005,0.005,,0.0,0.0,98.9,JN_events_1997-2026_FINAL.xlsx,2025-10-30 03:15:00+00:00,2025-10-30 00:00:00+00:00,True,2025-10-30 03:15:00+00:00,True,5667,2025-10-30
2025-10-30 23:30:00.000,JPY,Tokyo CPI Ex-Fresh Food YoY,JNCPTXFF Index,Oct,0.028,0.026,0.025,,0.002,1.553260145019439,91.1,JN_events_1997-2026_FINAL.xlsx,2025-10-30 23:30:00+00:00,2025-10-30 00:00:00+00:00,True,2025-10-30 23:30:00+00:00,True,5668,2025-10-31
2025-11-20 13:30:00.000,USD,Change in Nonfarm Payrolls,NFP TCH Index,Sep,119000.0,52000.0,22000.0,-70000.0,67000.0,0.0665228384898563,99.3,US_events_merged_1997-2026.xlsx,2025-11-20 13:30:00+00:00,2025-11-20 00:00:00+00:00,True,2025-11-20 13:30:00+00:00,True,5682,2025-11-20
2025-11-20 23:30:00.000,JPY,Natl CPI YoY,JNCPIYOY Index,Oct,0.03,0.03,0.029,,0.0,-0.1412073869304969,95.6,JN_events_1997-2026_FINAL.xlsx,2025-11-20 23:30:00+00:00,2025-11-20 00:00:00+00:00,True,2025-11-20 23:30:00+00:00,True,5683,2025-11-21
2025-11-27 23:30:00.000,JPY,Tokyo CPI Ex-Fresh Food YoY,JNCPTXFF Index,Nov,0.028,0.027,0.028,,0.001,0.7847784352458849,91.1,JN_events_1997-2026_FINAL.xlsx,2025-11-27 23:30:00+00:00,2025-11-27 00:00:00+00:00,True,2025-11-27 23:30:00+00:00,True,5688,2025-11-28
2025-12-10 19:00:00.000,USD,FOMC Rate Decision (Upper Bound),FDTR Index,2026-12-10 00:00:00,0.0375,0.0375,0.04,,0.0,0.0811701539414646,98.0,US_events_merged_1997-2026.xlsx,2025-12-10 19:00:00+00:00,2025-12-10 00:00:00+00:00,True,2025-12-10 19:00:00+00:00,True,5696,2025-12-10
2025-12-16 13:30:00.000,USD,Change in Nonfarm Payrolls,NFP TCH Index,Oct,-105000.0,-25000.0,108000.0,76000.0,-80000.0,-0.194692423089178,99.3,US_events_merged_1997-2026.xlsx,2025-12-16 13:30:00+00:00,2025-12-16 00:00:00+00:00,True,2025-12-16 13:30:00+00:00,True,5700,2025-12-16
2025-12-16 13:30:01.000,USD,Change in Nonfarm Payrolls,NFP TCH Index,Nov,64000.0,50000.0,-105000.0,-140000.0,14000.0,-0.0271925121674786,99.3,US_events_merged_1997-2026.xlsx,2025-12-16 13:30:01+00:00,2025-12-16 00:00:00+00:00,True,2025-12-16 13:30:01+00:00,True,5700,2025-12-16
2025-12-18 13:30:00.000,USD,CPI YoY,CPI YOY Index,Nov,0.027,0.031,,,-0.004,-2.777699582092992,96.0,US_events_merged_1997-2026.xlsx,2025-12-18 13:30:00+00:00,2025-12-18 00:00:00+00:00,True,2025-12-18 13:30:00+00:00,True,5702,2025-12-18
2025-12-18 23:30:00.000,JPY,Natl CPI YoY,JNCPIYOY Index,Nov,0.029,0.029,0.03,,0.0,-0.1409596968407241,95.6,JN_events_1997-2026_FINAL.xlsx,2025-12-18 23:30:00+00:00,2025-12-18 00:00:00+00:00,True,2025-12-18 23:30:00+00:00,True,5703,2025-12-19
2025-12-19 03:19:00.000,JPY,BOJ Target Rate,BOJDTR Index,2026-12-19 00:00:00,0.0075,0.0075,0.005,,0.0,0.0,98.9,JN_events_1997-2026_FINAL.xlsx,2025-12-19 03:19:00+00:00,2025-12-19 00:00:00+00:00,True,2025-12-19 03:19:00+00:00,True,5703,2025-12-19
2025-12-25 23:30:00.000,JPY,Tokyo CPI Ex-Fresh Food YoY,JNCPTXFF Index,Dec,0.023,0.025,0.028,,-0.002,-1.497051258730537,91.1,JN_events_1997-2026_FINAL.xlsx,2025-12-25 23:30:00+00:00,2025-12-25 00:00:00+00:00,True,2025-12-25 23:30:00+00:00,True,5708,2025-12-26
2026-01-09 13:30:00.000,USD,Change in Nonfarm Payrolls,NFP TCH Index,Dec,50000.0,70000.0,64000.0,41000.0,-20000.0,-0.0877204148934169,99.3,US_events_merged_1997-2026.xlsx,2026-01-09 13:30:00+00:00,2026-01-09 00:00:00+00:00,True,2026-01-09 13:30:00+00:00,True,5717,2026-01-09
2026-01-13 13:30:00.000,USD,CPI YoY,CPI YOY Index,Dec,0.027,0.027,0.027,,0.0,-0.0627408589548083,96.0,US_events_merged_1997-2026.xlsx,2026-01-13 13:30:00+00:00,2026-01-13 00:00:00+00:00,True,2026-01-13 13:30:00+00:00,True,5719,2026-01-13
2026-01-13 13:30:00.000,USD,CPI MoM,CPI CHNG Index,Dec,0.003,0.003,,,0.0,0.0204831121283011,97.4,US_events_merged_1997-2026.xlsx,2026-01-13 13:30:00+00:00,2026-01-13 00:00:00+00:00,True,2026-01-13 13:30:00+00:00,True,5719,2026-01-13
2026-01-22 23:30:00.000,JPY,Natl CPI YoY,JNCPIYOY Index,Dec,0.021,0.022,0.029,,-0.0009999999999999,-1.2239824051384929,95.6,JN_events_1997-2026_FINAL.xlsx,2026-01-22 23:30:00+00:00,2026-01-22 00:00:00+00:00,True,2026-01-22 23:30:00+00:00,True,5727,2026-01-23
2026-01-23 03:07:00.000,JPY,BOJ Target Rate,BOJDTR Index,2026-01-23 00:00:00,0.0075,0.0075,0.0075,,0.0,0.0,98.9,JN_events_1997-2026_FINAL.xlsx,2026-01-23 03:07:00+00:00,2026-01-23 00:00:00+00:00,True,2026-01-23 03:07:00+00:00,True,5727,2026-01-23
2026-01-28 19:00:00.000,USD,FOMC Rate Decision (Upper Bound),FDTR Index,2026-01-28 00:00:00,0.0375,0.0375,0.0375,,0.0,0.0809931119652263,98.0,US_events_merged_1997-2026.xlsx,2026-01-28 19:00:00+00:00,2026-01-28 00:00:00+00:00,True,2026-01-28 19:00:00+00:00,True,5730,2026-01-28
2026-01-29 23:30:00.000,JPY,Tokyo CPI Ex-Fresh Food YoY,JNCPTXFF Index,Jan,0.02,0.022,0.023,,-0.0019999999999999,-1.488772412258794,91.1,JN_events_1997-2026_FINAL.xlsx,2026-01-29 23:30:00+00:00,2026-01-29 00:00:00+00:00,True,2026-01-29 23:30:00+00:00,True,5732,2026-01-30
2026-02-11 13:30:00.000,USD,Change in Nonfarm Payrolls,NFP TCH Index,Jan,130000.0,65000.0,50000.0,-17000.0,65000.0,0.0640421383209992,99.3,US_events_merged_1997-2026.xlsx,2026-02-11 13:30:00+00:00,2026-02-11 00:00:00+00:00,True,2026-02-11 13:30:00+00:00,True,5740,2026-02-11
2026-02-13 13:30:00.000,USD,CPI MoM,CPI CHNG Index,Jan,0.002,0.003,0.003,,-0.001,-0.7704239718610044,97.4,US_events_merged_1997-2026.xlsx,2026-02-13 13:30:00+00:00,2026-02-13 00:00:00+00:00,True,2026-02-13 13:30:00+00:00,True,5742,2026-02-13
2026-02-13 13:30:00.000,USD,CPI YoY,CPI YOY Index,Jan,0.024,0.025,0.027,,-0.001,-0.7314393924440099,96.0,US_events_merged_1997-2026.xlsx,2026-02-13 13:30:00+00:00,2026-02-13 00:00:00+00:00,True,2026-02-13 13:30:00+00:00,True,5742,2026-02-13
2026-02-19 23:30:00.000,JPY,Natl CPI YoY,JNCPIYOY Index,Jan,0.015,0.016,0.021,,-0.001,-1.2187587315977415,95.6,JN_events_1997-2026_FINAL.xlsx,2026-02-19 23:30:00+00:00,2026-02-19 00:00:00+00:00,True,2026-02-19 23:30:00+00:00,True,5747,2026-02-20
2026-02-26 23:30:00.000,JPY,Tokyo CPI Ex-Fresh Food YoY,JNCPTXFF Index,Feb,0.018,0.017,0.02,,0.0009999999999999,0.7895141313341554,91.1,JN_events_1997-2026_FINAL.xlsx,2026-02-26 23:30:00+00:00,2026-02-26 00:00:00+00:00,True,2026-02-26 23:30:00+00:00,True,5752,2026-02-27
2026-03-06 13:30:00.000,USD,Change in Nonfarm Payrolls,NFP TCH Index,Feb,-92000.0,55000.0,130000.0,160000.0,-147000.0,-0.3147906147900198,99.3,US_events_merged_1997-2026.xlsx,2026-03-06 13:30:00+00:00,2026-03-06 00:00:00+00:00,True,2026-03-06 13:30:00+00:00,True,5757,2026-03-06
2026-03-11 12:30:00.000,USD,CPI MoM,CPI CHNG Index,Feb,0.003,0.003,0.002,,0.0,0.0226745530001202,97.4,US_events_merged_1997-2026.xlsx,2026-03-11 12:30:00+00:00,2026-03-11 00:00:00+00:00,True,2026-03-11 12:30:00+00:00,True,5760,2026-03-11
2026-03-11 12:30:00.000,USD,CPI YoY,CPI YOY Index,Feb,0.024,0.024,0.024,,0.0,-0.0599464313759945,96.0,US_events_merged_1997-2026.xlsx,2026-03-11 12:30:00+00:00,2026-03-11 00:00:00+00:00,True,2026-03-11 12:30:00+00:00,True,5760,2026-03-11
2026-03-18 18:00:00.000,USD,FOMC Rate Decision (Upper Bound),FDTR Index,2026-03-18 00:00:00,0.0375,0.0375,0.0375,,0.0,0.0808172234233961,98.0,US_events_merged_1997-2026.xlsx,2026-03-18 18:00:00+00:00,2026-03-18 00:00:00+00:00,True,2026-03-18 18:00:00+00:00,True,5765,2026-03-18
2026-03-19 02:46:00.000,JPY,BOJ Target Rate,BOJDTR Index,2026-03-19 00:00:00,0.0075,0.0075,0.0075,,0.0,0.0,98.9,JN_events_1997-2026_FINAL.xlsx,2026-03-19 02:46:00+00:00,2026-03-19 00:00:00+00:00,True,2026-03-19 02:46:00+00:00,True,5766,2026-03-19
2026-03-23 23:30:00.000,JPY,Natl CPI YoY,JNCPIYOY Index,Feb,0.013,0.015,0.015,,-0.002,-2.2950650190838013,95.6,JN_events_1997-2026_FINAL.xlsx,2026-03-23 23:30:00+00:00,2026-03-23 00:00:00+00:00,True,2026-03-23 23:30:00+00:00,True,5769,2026-03-24
2026-03-31 00:30:00.000,JPY,Tokyo CPI Ex-Fresh Food YoY,JNCPTXFF Index,Mar,0.017,0.018,0.018,,-0.0009999999999999,-0.7270705344688583,91.1,JN_events_1997-2026_FINAL.xlsx,2026-03-31 00:30:00+00:00,2026-03-31 00:00:00+00:00,True,2026-03-31 00:30:00+00:00,True,5774,2026-03-31
2026-04-03 13:30:00.000,USD,Change in Nonfarm Payrolls,NFP TCH Index,Mar,178000.0,65000.0,-92000.0,-156000.0,113000.0,0.1507998880714764,99.3,US_events_merged_1997-2026.xlsx,2026-04-03 13:30:00+00:00,2026-04-03 00:00:00+00:00,True,2026-04-03 13:30:00+00:00,True,5777,2026-04-03
2026-04-10 13:30:00.000,USD,CPI MoM,CPI CHNG Index,Mar,0.009,0.009,0.003,,0.0,0.0226422138809519,97.4,US_events_merged_1997-2026.xlsx,2026-04-10 13:30:00+00:00,2026-04-10 00:00:00+00:00,True,2026-04-10 13:30:00+00:00,True,5782,2026-04-10
2026-04-10 13:30:00.000,USD,CPI YoY,CPI YOY Index,Mar,0.033,0.034,0.024,,-0.001,-0.7304846289759154,96.0,US_events_merged_1997-2026.xlsx,2026-04-10 13:30:00+00:00,2026-04-10 00:00:00+00:00,True,2026-04-10 13:30:00+00:00,True,5782,2026-04-10
2026-04-24 00:30:00.000,JPY,Natl CPI YoY,JNCPIYOY Index,Mar,0.015,0.014,0.013,,0.0009999999999999,0.9502659535776488,95.6,JN_events_1997-2026_FINAL.xlsx,2026-04-24 00:30:00+00:00,2026-04-24 00:00:00+00:00,True,2026-04-24 00:30:00+00:00,True,5792,2026-04-24
2026-04-28 04:04:00.000,JPY,BOJ Target Rate,BOJDTR Index,2026-04-28 00:00:00,0.0075,0.0075,0.0075,,0.0,0.0,98.9,JN_events_1997-2026_FINAL.xlsx,2026-04-28 04:04:00+00:00,2026-04-28 00:00:00+00:00,True,2026-04-28 04:04:00+00:00,True,5794,2026-04-28
2026-04-29 19:00:00.000,USD,FOMC Rate Decision (Upper Bound),FDTR Index,2026-04-29 00:00:00,0.0375,0.0375,0.0375,,0.0,0.0806424758455288,98.0,US_events_merged_1997-2026.xlsx,2026-04-29 19:00:00+00:00,2026-04-29 00:00:00+00:00,True,2026-04-29 19:00:00+00:00,True,5795,2026-04-29
2026-05-01 00:30:00.000,JPY,Tokyo CPI Ex-Fresh Food YoY,JNCPTXFF Index,Apr,0.015,0.018,0.017,,-0.0029999999999999,-2.2408181284595177,91.1,JN_events_1997-2026_FINAL.xlsx,2026-05-01 00:30:00+00:00,2026-05-01 00:00:00+00:00,True,2026-05-01 00:30:00+00:00,True,5797,2026-05-01
2026-05-08 13:30:00.000,USD,Change in Nonfarm Payrolls,NFP TCH Index,Apr,115000.0,65000.0,178000.0,214000.0,50000.0,0.037725614767033,99.3,US_events_merged_1997-2026.xlsx,2026-05-08 13:30:00+00:00,2026-05-08 00:00:00+00:00,True,2026-05-08 13:30:00+00:00,True,5802,2026-05-08
2026-05-12 13:30:00.000,USD,CPI YoY,CPI YOY Index,Apr,0.038,0.037,0.033,,0.0009999999999999,0.6140551037596529,96.0,US_events_merged_1997-2026.xlsx,2026-05-12 13:30:00+00:00,2026-05-12 00:00:00+00:00,True,2026-05-12 13:30:00+00:00,True,5804,2026-05-12
2026-05-12 13:30:00.000,USD,CPI MoM,CPI CHNG Index,Apr,0.006,0.006,0.009,,0.0,0.0226100127360501,97.4,US_events_merged_1997-2026.xlsx,2026-05-12 13:30:00+00:00,2026-05-12 00:00:00+00:00,True,2026-05-12 13:30:00+00:00,True,5804,2026-05-12
2026-05-22 00:30:00.000,JPY,Natl CPI YoY,JNCPIYOY Index,Apr,0.014,0.016,0.015,,-0.002,-2.2744590698817704,95.6,JN_events_1997-2026_FINAL.xlsx,2026-05-22 00:30:00+00:00,2026-05-22 00:00:00+00:00,True,2026-05-22 00:30:00+00:00,True,5812,2026-05-22
2026-05-29 00:30:00.000,JPY,Tokyo CPI Ex-Fresh Food YoY,JNCPTXFF Index,May,0.013,0.015,0.015,,-0.002,-1.465520678720255,91.1,JN_events_1997-2026_FINAL.xlsx,2026-05-29 00:30:00+00:00,2026-05-29 00:00:00+00:00,True,2026-05-29 00:30:00+00:00,True,5817,2026-05-29
2026-06-05 13:30:00.000,USD,Change in Nonfarm Payrolls,NFP TCH Index,May,172000.0,88000.0,115000.0,148000.0,84000.0,0.098664535130254,99.3,US_events_merged_1997-2026.xlsx,2026-06-05 13:30:00+00:00,2026-06-05 00:00:00+00:00,True,2026-06-05 13:30:00+00:00,True,5822,2026-06-05
2026-06-10 13:30:00.000,USD,CPI YoY,CPI YOY Index,May,0.042,0.042,0.038,,0.0,-0.0595139537994546,96.0,US_events_merged_1997-2026.xlsx,2026-06-10 13:30:00+00:00,2026-06-10 00:00:00+00:00,True,2026-06-10 13:30:00+00:00,True,5825,2026-06-10
2026-06-10 13:30:00.000,USD,CPI MoM,CPI CHNG Index,May,0.005,0.005,0.006,,0.0,0.0225779485870979,97.4,US_events_merged_1997-2026.xlsx,2026-06-10 13:30:00+00:00,2026-06-10 00:00:00+00:00,True,2026-06-10 13:30:00+00:00,True,5825,2026-06-10
2026-06-16 04:19:00.000,JPY,BOJ Target Rate,BOJDTR Index,2026-06-16 00:00:00,0.01,0.01,0.0075,,0.0,0.0,98.9,JN_events_1997-2026_FINAL.xlsx,2026-06-16 04:19:00+00:00,2026-06-16 00:00:00+00:00,True,2026-06-16 04:19:00+00:00,True,5829,2026-06-16
2026-06-17 19:00:00.000,USD,FOMC Rate Decision (Upper Bound),FDTR Index,2026-06-17 00:00:00,0.0375,0.0375,0.0375,,0.0,0.0804688569491243,98.0,US_events_merged_1997-2026.xlsx,2026-06-17 19:00:00+00:00,2026-06-17 00:00:00+00:00,True,2026-06-17 19:00:00+00:00,True,5830,2026-06-17
2026-06-19 00:30:00.000,JPY,Natl CPI YoY,JNCPIYOY Index,May,0.015,0.015,0.014,,0.0,-0.118169018918939,95.6,JN_events_1997-2026_FINAL.xlsx,2026-06-19 00:30:00+00:00,2026-06-19 00:00:00+00:00,True,2026-06-19 00:30:00+00:00,True,5832,2026-06-19
2026-06-26 00:30:00.000,JPY,Tokyo CPI Ex-Fresh Food YoY,JNCPTXFF Index,Jun,0.016,0.016,0.013,,0.0,0.044773059861387,91.1,JN_events_1997-2026_FINAL.xlsx,2026-06-26 00:30:00+00:00,2026-06-26 00:00:00+00:00,True,2026-06-26 00:30:00+00:00,True,5837,2026-06-26
