event,event_datetime_utc,model_day,panel_row,ccy,surprise,surprise_z,relevance
FOMC Rate Decision (Upper Bound),2003-05-06 19:13:00+00:00,2003-05-06,1,USD,0.0,0.0827485307864699,98.0
CPI MoM,2003-05-16 13:30:00+00:00,2003-05-16,9,USD,-0.002,-1.6758799301503844,97.4
CPI YoY,2003-05-16 13:30:02+00:00,2003-05-16,9,USD,,,96.0
Tokyo CPI Ex-Fresh Food YoY,2003-05-30 00:30:05+00:00,2003-05-30,19,JPY,0.0,-0.0104051714017993,91.1
Natl CPI YoY,2003-05-30 00:30:08+00:00,2003-05-30,19,JPY,0.0,-0.0348656134963743,95.6
Change in Nonfarm Payrolls,2003-06-06 13:30:03+00:00,2003-06-06,24,USD,13000.0,0.3216107677346975,99.3
CPI MoM,2003-06-17 13:30:00+00:00,2003-06-17,31,USD,0.001,1.0982386056519808,97.4
CPI YoY,2003-06-17 13:30:02+00:00,2003-06-17,31,USD,0.0,,96.0
FOMC Rate Decision (Upper Bound),2003-06-25 19:15:00+00:00,2003-06-25,37,USD,0.0,0.0819117398687137,98.0
Tokyo CPI Ex-Fresh Food YoY,2003-06-27 00:30:05+00:00,2003-06-27,39,JPY,0.0,-0.0101670968004438,91.1
Natl CPI YoY,2003-06-27 00:30:08+00:00,2003-06-27,39,JPY,0.001,0.8601899440976626,95.6
Change in Nonfarm Payrolls,2003-07-03 13:30:03+00:00,2003-07-03,43,USD,-30000.0,-0.0762534441821041,99.3
CPI MoM,2003-07-16 13:30:00+00:00,2003-07-16,52,USD,0.0,0.1728211647312054,97.4
CPI YoY,2003-07-16 13:30:02+00:00,2003-07-16,52,USD,,,96.0
Tokyo CPI Ex-Fresh Food YoY,2003-07-25 00:30:05+00:00,2003-07-25,59,JPY,0.0,-0.0099445961383687,91.1
Natl CPI YoY,2003-07-25 00:30:08+00:00,2003-07-25,59,JPY,-0.001,-0.974260343129063,95.6
Change in Nonfarm Payrolls,2003-08-01 13:30:03+00:00,2003-08-01,64,USD,-54000.0,-0.2979906468647395,99.3
FOMC Rate Decision (Upper Bound),2003-08-12 19:15:00+00:00,2003-08-12,71,USD,0.0,0.0810998224908889,98.0
CPI MoM,2003-08-15 13:30:00+00:00,2003-08-15,74,USD,0.0,0.1717189336382972,97.4
CPI YoY,2003-08-15 13:30:02+00:00,2003-08-15,74,USD,,,96.0
Tokyo CPI Ex-Fresh Food YoY,2003-08-29 00:30:05+00:00,2003-08-29,84,JPY,0.001,0.736694305386408,91.1
Natl CPI YoY,2003-08-29 00:30:08+00:00,2003-08-29,84,JPY,0.002,1.7735448299105454,95.6
Change in Nonfarm Payrolls,2003-09-05 13:30:03+00:00,2003-09-05,89,USD,-113000.0,-0.8455104112782654,99.3
CPI MoM,2003-09-16 13:30:00+00:00,2003-09-16,96,USD,-0.001,-0.7508051427970515,97.4
CPI YoY,2003-09-16 13:30:02+00:00,2003-09-16,96,USD,,,96.0
FOMC Rate Decision (Upper Bound),2003-09-16 19:19:00+00:00,2003-09-16,96,USD,0.0,0.0803115707754045,98.0
Tokyo CPI Ex-Fresh Food YoY,2003-09-26 00:30:05+00:00,2003-09-26,104,JPY,0.0,-0.040860164663259,91.1
Natl CPI YoY,2003-09-26 00:30:08+00:00,2003-09-26,104,JPY,0.0,-0.100959509291896,95.6
Change in Nonfarm Payrolls,2003-10-03 13:30:03+00:00,2003-10-03,109,USD,82000.0,0.983462785988164,99.3
CPI MoM,2003-10-16 13:30:00+00:00,2003-10-16,118,USD,0.001,1.1042613211536252,97.4
CPI YoY,2003-10-16 13:30:02+00:00,2003-10-16,118,USD,,,96.0
FOMC Rate Decision (Upper Bound),2003-10-28 19:15:00+00:00,2003-10-28,126,USD,0.0,0.0795458573674181,98.0
Tokyo CPI Ex-Fresh Food YoY,2003-10-30 23:30:06+00:00,2003-10-31,129,JPY,0.001,0.7304708849385275,91.1
Natl CPI YoY,2003-10-30 23:30:08+00:00,2003-10-31,129,JPY,0.001,0.784806780668154,95.6
Change in Nonfarm Payrolls,2003-11-07 13:30:03+00:00,2003-11-07,134,USD,61000.0,0.77540608554224,99.3
CPI MoM,2003-11-18 13:30:00+00:00,2003-11-18,141,USD,-0.001,-0.7560474537558103,97.4
CPI YoY,2003-11-18 13:30:02+00:00,2003-11-18,141,USD,,,96.0
Tokyo CPI Ex-Fresh Food YoY,2003-11-27 23:30:06+00:00,2003-11-28,149,JPY,-0.001,-0.8469911172144141,91.1
Natl CPI YoY,2003-11-27 23:30:08+00:00,2003-11-28,149,JPY,0.0,-0.130236002325599,95.6
Change in Nonfarm Payrolls,2003-12-05 13:30:03+00:00,2003-12-05,154,USD,-93000.0,-0.6735014429924484,99.3
FOMC Rate Decision (Upper Bound),2003-12-09 19:15:00+00:00,2003-12-09,156,USD,0.0,0.0788016286646452,98.0
CPI MoM,2003-12-16 13:30:00+00:00,2003-12-16,161,USD,-0.003,-2.5995161722298867,97.4
CPI YoY,2003-12-16 13:30:02+00:00,2003-12-16,161,USD,-0.003,,96.0
Tokyo CPI Ex-Fresh Food YoY,2003-12-25 23:30:05+00:00,2003-12-26,169,JPY,0.001,0.7451312643557185,91.1
Natl CPI YoY,2003-12-25 23:30:08+00:00,2003-12-26,169,JPY,-0.001,-1.0362931035590468,95.6
Change in Nonfarm Payrolls,2004-01-09 13:30:03+00:00,2004-01-09,179,USD,-149000.0,-1.1934651056796337,99.3
CPI MoM,2004-01-15 13:30:01+00:00,2004-01-15,183,USD,0.0,0.2001664124542521,97.4
CPI YoY,2004-01-15 13:30:03+00:00,2004-01-15,183,USD,0.001,,96.0
FOMC Rate Decision (Upper Bound),2004-01-28 19:15:00+00:00,2004-01-28,192,USD,0.0,0.0780778987298667,98.0
Tokyo CPI Ex-Fresh Food YoY,2004-01-29 23:30:06+00:00,2004-01-30,194,JPY,-0.002,-1.6441562368155844,91.1
Natl CPI YoY,2004-01-29 23:30:08+00:00,2004-01-30,194,JPY,0.0,-0.0907841299003202,95.6
Change in Nonfarm Payrolls,2004-02-06 13:30:03+00:00,2004-02-06,199,USD,-63000.0,-0.3705367815380944,99.3
CPI MoM,2004-02-20 13:30:00+00:00,2004-02-20,209,USD,0.002,2.000133201089204,97.4
CPI YoY,2004-02-20 13:30:02+00:00,2004-02-20,209,USD,0.0029999999999999,,96.0
Tokyo CPI Ex-Fresh Food YoY,2004-02-26 23:30:06+00:00,2004-02-27,214,JPY,0.0,-0.0079435636286592,91.1
Natl CPI YoY,2004-02-26 23:30:08+00:00,2004-02-27,214,JPY,0.002,1.7594792918753523,95.6
Change in Nonfarm Payrolls,2004-03-05 13:30:03+00:00,2004-03-05,219,USD,-109000.0,-0.8012281389583975,99.3
FOMC Rate Decision (Upper Bound),2004-03-16 19:15:00+00:00,2004-03-16,226,USD,0.0,0.0773737438062724,98.0
CPI MoM,2004-03-17 13:30:00+00:00,2004-03-17,227,USD,0.0,0.1730289668290556,97.4
CPI YoY,2004-03-17 13:30:02+00:00,2004-03-17,227,USD,0.001,,96.0
Tokyo CPI Ex-Fresh Food YoY,2004-03-25 23:30:06+00:00,2004-03-26,234,JPY,0.001,0.7736540914591035,91.1
Natl CPI YoY,2004-03-25 23:30:08+00:00,2004-03-26,234,JPY,0.001,0.7510909577538432,95.6
Change in Nonfarm Payrolls,2004-04-02 14:30:03+00:00,2004-04-02,239,USD,188000.0,2.0094189299983856,99.3
CPI MoM,2004-04-14 13:30:00+00:00,2004-04-14,247,USD,0.002,1.952987484566192,97.4
CPI YoY,2004-04-14 13:30:02+00:00,2004-04-14,247,USD,0.002,,96.0
Tokyo CPI Ex-Fresh Food YoY,2004-04-30 00:30:07+00:00,2004-04-30,259,JPY,0.001,0.7540038466611861,91.1
Natl CPI YoY,2004-04-30 00:30:09+00:00,2004-04-30,259,JPY,-0.002,-1.970575013985811,95.6
FOMC Rate Decision (Upper Bound),2004-05-04 19:15:00+00:00,2004-05-04,261,USD,0.0,0.0766882973663599,98.0
Change in Nonfarm Payrolls,2004-05-07 13:30:03+00:00,2004-05-07,264,USD,118000.0,1.3027053630792294,99.3
CPI MoM,2004-05-14 13:30:00+00:00,2004-05-14,269,USD,-0.001,-0.729010165612112,97.4
CPI YoY,2004-05-14 13:30:02+00:00,2004-05-14,269,USD,-0.001,,96.0
Tokyo CPI Ex-Fresh Food YoY,2004-05-28 00:30:03+00:00,2004-05-28,279,JPY,0.0,-0.0569805364185609,91.1
Natl CPI YoY,2004-05-28 00:30:06+00:00,2004-05-28,279,JPY,-0.001,-0.9658862009089416,95.6
Change in Nonfarm Payrolls,2004-06-04 13:30:03+00:00,2004-06-04,284,USD,23000.0,0.404942285049139,99.3
CPI MoM,2004-06-15 13:30:00+00:00,2004-06-15,291,USD,0.001,1.0354184794522625,97.4
CPI YoY,2004-06-15 13:30:02+00:00,2004-06-15,291,USD,0.0019999999999999,0.879894686701688,96.0
Tokyo CPI Ex-Fresh Food YoY,2004-06-25 00:30:02+00:00,2004-06-25,299,JPY,-0.001,-0.8615520712659376,91.1
Natl CPI YoY,2004-06-25 00:30:05+00:00,2004-06-25,299,JPY,-0.001,-0.9380152353401872,95.6
FOMC Rate Decision (Upper Bound),2004-06-30 19:15:00+00:00,2004-06-30,302,USD,0.0,0.0760207456341351,98.0
Change in Nonfarm Payrolls,2004-07-02 13:30:03+00:00,2004-07-02,304,USD,-138000.0,-1.0924824242629307,99.3
CPI MoM,2004-07-16 13:30:00+00:00,2004-07-16,314,USD,0.001,1.0236973152179354,97.4
CPI YoY,2004-07-16 13:30:02+00:00,2004-07-16,314,USD,0.002,0.7978313355118812,96.0
Tokyo CPI Ex-Fresh Food YoY,2004-07-30 00:30:05+00:00,2004-07-30,324,JPY,0.0,-0.0309266301067745,91.1
Natl CPI YoY,2004-07-30 00:30:08+00:00,2004-07-30,324,JPY,0.002,1.6872629156960788,95.6
Change in Nonfarm Payrolls,2004-08-06 13:30:03+00:00,2004-08-06,329,USD,-208000.0,-1.7283373725254028,99.3
FOMC Rate Decision (Upper Bound),2004-08-10 19:15:00+00:00,2004-08-10,331,USD,0.0,0.0753703235280726,98.0
CPI MoM,2004-08-17 13:30:01+00:00,2004-08-17,336,USD,-0.003,-2.5022651037985697,97.4
CPI YoY,2004-08-17 13:30:03+00:00,2004-08-17,336,USD,-0.002,-1.528029922756704,96.0
Tokyo CPI Ex-Fresh Food YoY,2004-08-27 00:30:05+00:00,2004-08-27,344,JPY,-0.001,-0.8514969962482022,91.1
Natl CPI YoY,2004-08-27 00:30:08+00:00,2004-08-27,344,JPY,0.0,-0.0917331788779953,95.6
Change in Nonfarm Payrolls,2004-09-03 13:30:03+00:00,2004-09-03,349,USD,-6000.0,0.1625943416954623,99.3
CPI MoM,2004-09-16 13:30:00+00:00,2004-09-16,358,USD,0.0,0.1562643838595006,97.4
CPI YoY,2004-09-16 13:30:02+00:00,2004-09-16,358,USD,-0.001,-0.7805342389920725,96.0
FOMC Rate Decision (Upper Bound),2004-09-21 19:15:00+00:00,2004-09-21,361,USD,0.0,0.0747363109789112,98.0
Tokyo CPI Ex-Fresh Food YoY,2004-10-01 00:30:06+00:00,2004-10-01,369,JPY,0.0,-0.006870714041903,91.1
Natl CPI YoY,2004-10-01 00:30:08+00:00,2004-10-01,369,JPY,-0.001,-0.9476190476190474,95.6
Change in Nonfarm Payrolls,2004-10-08 13:30:03+00:00,2004-10-08,374,USD,-52000.0,-0.2626489917682592,99.3
CPI MoM,2004-10-19 13:30:00+00:00,2004-10-19,381,USD,0.0,0.155419549239437,97.4
CPI YoY,2004-10-19 13:30:02+00:00,2004-10-19,381,USD,0.0,-0.1825741858350551,96.0
Tokyo CPI Ex-Fresh Food YoY,2004-10-29 00:30:05+00:00,2004-10-29,389,JPY,-0.001,-0.8429603952545397,91.1
Natl CPI YoY,2004-10-29 00:30:08+00:00,2004-10-29,389,JPY,0.002,1.652321565786086,95.6
Change in Nonfarm Payrolls,2004-11-05 13:30:03+00:00,2004-11-05,394,USD,162000.0,1.7231245599227365,99.3
FOMC Rate Decision (Upper Bound),2004-11-10 19:15:00+00:00,2004-11-10,397,USD,0.0,0.0741180295820441,98.0
CPI MoM,2004-11-17 13:30:00+00:00,2004-11-17,402,USD,0.002,1.88233956311879,97.4
CPI YoY,2004-11-17 13:30:02+00:00,2004-11-17,402,USD,0.002,0.9667800487686622,96.0
Tokyo CPI Ex-Fresh Food YoY,2004-11-25 23:30:05+00:00,2004-11-26,409,JPY,-0.001,-0.8242162296422204,91.1
Natl CPI YoY,2004-11-25 23:30:08+00:00,2004-11-26,409,JPY,0.001,0.7339224322356201,95.6
Change in Nonfarm Payrolls,2004-12-03 13:30:03+00:00,2004-12-03,414,USD,-88000.0,-0.6071046920563303,99.3
FOMC Rate Decision (Upper Bound),2004-12-14 19:15:00+00:00,2004-12-14,421,USD,0.0,0.0735148395491674,98.0
CPI MoM,2004-12-17 13:30:00+00:00,2004-12-17,424,USD,0.0,0.133234511532793,97.4
CPI YoY,2004-12-17 13:30:02+00:00,2004-12-17,424,USD,0.0,-0.2460873954740063,96.0
Tokyo CPI Ex-Fresh Food YoY,2004-12-27 23:30:05+00:00,2004-12-28,431,JPY,-0.001,-0.8066790133239441,91.1
Natl CPI YoY,2004-12-27 23:30:08+00:00,2004-12-28,431,JPY,0.0,-0.1257162704186256,95.6
Change in Nonfarm Payrolls,2005-01-07 13:30:03+00:00,2005-01-07,439,USD,-18000.0,0.0418261809643767,99.3
CPI MoM,2005-01-19 13:30:00+00:00,2005-01-19,447,USD,-0.001,-0.7245568831354467,97.4
CPI YoY,2005-01-19 13:30:02+00:00,2005-01-19,447,USD,-0.001,-0.8324237460147885,96.0
Tokyo CPI Ex-Fresh Food YoY,2005-01-27 23:30:05+00:00,2005-01-28,454,JPY,-0.002,-1.6376492892302787,91.1
Natl CPI YoY,2005-01-27 23:30:08+00:00,2005-01-28,454,JPY,0.0,-0.124150528128022,95.6
FOMC Rate Decision (Upper Bound),2005-02-02 19:15:00+00:00,2005-02-02,457,USD,0.0,0.0729261369280843,98.0
Change in Nonfarm Payrolls,2005-02-04 13:30:03+00:00,2005-02-04,459,USD,-54000.0,-0.2916417617426333,99.3
CPI MoM,2005-02-23 13:30:00+00:00,2005-02-23,472,USD,-0.001,-0.718945877322238,97.4
CPI YoY,2005-02-23 13:30:02+00:00,2005-02-23,472,USD,-0.002,-1.3913314369411822,96.0
Tokyo CPI Ex-Fresh Food YoY,2005-02-24 23:30:05+00:00,2005-02-25,474,JPY,0.0,0.0952385351765434,91.1
Change in Nonfarm Payrolls,2005-03-04 13:30:03+00:00,2005-03-04,479,USD,37000.0,0.5564648170020832,99.3
FOMC Rate Decision (Upper Bound),2005-03-22 19:15:00+00:00,2005-03-22,491,USD,0.0,0.0723513510632348,98.0
CPI MoM,2005-03-23 13:30:00+00:00,2005-03-23,492,USD,0.001,1.0092900081708505,97.4
CPI YoY,2005-03-23 13:30:02+00:00,2005-03-23,492,USD,0.0009999999999999,0.4832256964561804,96.0
Tokyo CPI Ex-Fresh Food YoY,2005-03-24 23:30:05+00:00,2005-03-25,494,JPY,0.0,0.0941154977882698,91.1
Natl CPI YoY,2005-03-24 23:30:08+00:00,2005-03-25,494,JPY,0.0,-0.1226418485027868,95.6
Change in Nonfarm Payrolls,2005-04-01 14:30:03+00:00,2005-04-01,499,USD,-103000.0,-0.7542627939507827,99.3
CPI MoM,2005-04-20 13:30:00+00:00,2005-04-20,512,USD,0.001,0.9991543186705372,97.4
CPI YoY,2005-04-20 13:30:02+00:00,2005-04-20,512,USD,0.0,-0.1334904734389376,96.0
Tokyo CPI Ex-Fresh Food YoY,2005-04-26 00:30:05+00:00,2005-04-26,516,JPY,-0.001,-0.7581057561895947,91.1
Natl CPI YoY,2005-04-26 00:30:08+00:00,2005-04-26,516,JPY,0.0,-0.1211868487571868,95.6
FOMC Rate Decision (Upper Bound),2005-05-03 19:15:00+00:00,2005-05-03,521,USD,0.0,0.0717899422727051,98.0
Change in Nonfarm Payrolls,2005-05-06 13:30:03+00:00,2005-05-06,524,USD,100000.0,1.1511661467893344,99.3
CPI MoM,2005-05-18 13:30:00+00:00,2005-05-18,532,USD,0.001,0.9893189596436294,97.4
CPI YoY,2005-05-18 13:30:02+00:00,2005-05-18,532,USD,0.002,1.1055652111432537,96.0
Tokyo CPI Ex-Fresh Food YoY,2005-05-27 00:30:05+00:00,2005-05-27,539,JPY,0.001,0.966335922896617,91.1
Natl CPI YoY,2005-05-27 00:30:08+00:00,2005-05-27,539,JPY,0.001,0.7682596610561689,95.6
Change in Nonfarm Payrolls,2005-06-03 13:30:03+00:00,2005-06-03,544,USD,-97000.0,-0.7026238385310095,99.3
CPI MoM,2005-06-15 13:30:00+00:00,2005-06-15,552,USD,-0.001,-0.7432733133905713,97.4
CPI YoY,2005-06-15 13:30:02+00:00,2005-06-15,552,USD,-0.001,-0.7997758650165357,96.0
FOMC Rate Decision (Upper Bound),2005-06-30 19:15:00+00:00,2005-06-30,563,USD,0.0,0.0712413997202464,98.0
Tokyo CPI Ex-Fresh Food YoY,2005-07-01 00:30:05+00:00,2005-07-01,564,JPY,0.0,0.0894415412282794,91.1
Natl CPI YoY,2005-07-01 00:30:08+00:00,2005-07-01,564,JPY,0.001,0.7545212643770253,95.6
Change in Nonfarm Payrolls,2005-07-08 13:30:03+00:00,2005-07-08,569,USD,-54000.0,-0.2946578803392469,99.3
CPI MoM,2005-07-14 13:30:01+00:00,2005-07-14,573,USD,-0.002,-1.6011371104336851,97.4
CPI YoY,2005-07-14 13:30:03+00:00,2005-07-14,573,USD,-0.0019999999999999,-1.3905568882227537,96.0
Tokyo CPI Ex-Fresh Food YoY,2005-07-29 00:30:05+00:00,2005-07-29,584,JPY,-0.001,-0.7774768208054235,91.1
Natl CPI YoY,2005-07-29 00:30:08+00:00,2005-07-29,584,JPY,-0.001,-1.0524506156063085,95.6
Change in Nonfarm Payrolls,2005-08-05 13:30:03+00:00,2005-08-05,589,USD,27000.0,0.4690632134865471,99.3
FOMC Rate Decision (Upper Bound),2005-08-09 19:15:00+00:00,2005-08-09,591,USD,0.0,0.0707052394632517,98.0
CPI MoM,2005-08-16 13:30:01+00:00,2005-08-16,596,USD,0.001,0.9971577641063624,97.4
CPI YoY,2005-08-16 13:30:03+00:00,2005-08-16,596,USD,0.002,1.135265625054529,96.0
Tokyo CPI Ex-Fresh Food YoY,2005-08-26 00:30:05+00:00,2005-08-26,604,JPY,0.0,0.1054893662821043,91.1
Natl CPI YoY,2005-08-26 00:30:08+00:00,2005-08-26,604,JPY,0.0,-0.1324733418492354,95.6
Change in Nonfarm Payrolls,2005-09-02 13:30:00+00:00,2005-09-02,609,USD,-21000.0,0.0128722960451849,99.3
CPI MoM,2005-09-15 13:30:01+00:00,2005-09-15,618,USD,0.0,0.1306093158140549,97.4
CPI YoY,2005-09-15 13:30:03+00:00,2005-09-15,618,USD,-0.001,-0.7377018030847644,96.0
FOMC Rate Decision (Upper Bound),2005-09-20 19:15:00+00:00,2005-09-20,621,USD,0.0,0.0701810026597537,98.0
Tokyo CPI Ex-Fresh Food YoY,2005-09-30 00:30:05+00:00,2005-09-30,629,JPY,-0.002,-1.653852527790025,91.1
Natl CPI YoY,2005-09-30 00:30:08+00:00,2005-09-30,629,JPY,0.002,1.6806830928793983,95.6
Change in Nonfarm Payrolls,2005-10-07 13:30:00+00:00,2005-10-07,634,USD,115000.0,1.3037897604990716,99.3
CPI MoM,2005-10-14 13:30:01+00:00,2005-10-14,639,USD,0.0029999999999999,2.7134809264823563,97.4
CPI YoY,2005-10-14 13:30:03+00:00,2005-10-14,639,USD,0.004,2.347427670167213,96.0
Tokyo CPI Ex-Fresh Food YoY,2005-10-28 00:30:05+00:00,2005-10-28,649,JPY,-0.001,-0.7283441833930534,91.1
Natl CPI YoY,2005-10-28 00:30:08+00:00,2005-10-28,649,JPY,0.001,0.7262783082184864,95.6
FOMC Rate Decision (Upper Bound),2005-11-01 19:15:00+00:00,2005-11-01,651,USD,0.0,0.0696682539193621,98.0
Change in Nonfarm Payrolls,2005-11-04 13:30:00+00:00,2005-11-04,654,USD,-64000.0,-0.4065567653729443,99.3
CPI MoM,2005-11-16 13:30:00+00:00,2005-11-16,662,USD,0.002,1.7750172871355785,97.4
CPI YoY,2005-11-16 13:30:02+00:00,2005-11-16,662,USD,0.002,0.9475760223505154,96.0
Tokyo CPI Ex-Fresh Food YoY,2005-11-24 23:30:05+00:00,2005-11-25,669,JPY,-0.001,-0.7173001685257131,91.1
Natl CPI YoY,2005-11-24 23:30:08+00:00,2005-11-25,669,JPY,-0.0009999999999999,-1.0725978021947309,95.6
Change in Nonfarm Payrolls,2005-12-02 13:30:00+00:00,2005-12-02,674,USD,5000.0,0.2511467280522598,99.3
FOMC Rate Decision (Upper Bound),2005-12-13 19:15:00+00:00,2005-12-13,681,USD,0.0,0.0691665797846817,98.0
CPI MoM,2005-12-15 13:30:00+00:00,2005-12-15,683,USD,-0.002,-1.572632736265439,97.4
CPI YoY,2005-12-15 13:30:03+00:00,2005-12-15,683,USD,-0.0009999999999999,-0.7831121810237859,96.0
Tokyo CPI Ex-Fresh Food YoY,2005-12-26 23:30:05+00:00,2005-12-27,691,JPY,0.0,0.1659913319045785,91.1
Natl CPI YoY,2005-12-26 23:30:08+00:00,2005-12-27,691,JPY,-0.002,-1.942452675871838,95.6
Change in Nonfarm Payrolls,2006-01-06 13:30:00+00:00,2006-01-06,699,USD,-92000.0,-0.6756902015060553,99.3
CPI MoM,2006-01-18 13:30:00+00:00,2006-01-18,707,USD,-0.003,-2.370846250052026,97.4
CPI YoY,2006-01-18 13:30:02+00:00,2006-01-18,707,USD,-0.0019999999999999,-1.330204662615657,96.0
Tokyo CPI Ex-Fresh Food YoY,2006-01-26 23:30:05+00:00,2006-01-27,714,JPY,0.001,1.0455587214551718,91.1
Natl CPI YoY,2006-01-26 23:30:08+00:00,2006-01-27,714,JPY,0.002,1.6230861351605883,95.6
FOMC Rate Decision (Upper Bound),2006-01-31 19:14:00+00:00,2006-01-31,716,USD,0.0,0.0686755873311883,98.0
Change in Nonfarm Payrolls,2006-02-03 13:30:00+00:00,2006-02-03,719,USD,-57000.0,-0.3362709929108441,99.3
CPI MoM,2006-02-22 13:30:00+00:00,2006-02-22,732,USD,0.0019999999999999,1.729821746646751,97.4
CPI YoY,2006-02-22 13:30:02+00:00,2006-02-22,732,USD,0.002,0.984856004182138,96.0
Tokyo CPI Ex-Fresh Food YoY,2006-03-02 23:30:05+00:00,2006-03-03,739,JPY,0.0,0.144546363696103,91.1
Natl CPI YoY,2006-03-02 23:30:08+00:00,2006-03-03,739,JPY,0.001,0.7114010836683241,95.6
Change in Nonfarm Payrolls,2006-03-10 13:30:00+00:00,2006-03-10,744,USD,33000.0,0.5300649103452034,99.3
CPI MoM,2006-03-16 13:30:00+00:00,2006-03-16,748,USD,0.0,0.100795619920709,97.4
CPI YoY,2006-03-16 13:30:02+00:00,2006-03-16,748,USD,-0.001,-0.7382668080099023,96.0
FOMC Rate Decision (Upper Bound),2006-03-28 20:15:00+00:00,2006-03-28,756,USD,0.0,0.0681949028747939,98.0
Tokyo CPI Ex-Fresh Food YoY,2006-03-31 00:30:05+00:00,2006-03-31,759,JPY,0.0,0.1431989805371468,91.1
Natl CPI YoY,2006-03-31 00:30:08+00:00,2006-03-31,759,JPY,-0.001,-1.0196016487690815,95.6
Change in Nonfarm Payrolls,2006-04-07 13:30:00+00:00,2006-04-07,764,USD,21000.0,0.4112965048705108,99.3
CPI MoM,2006-04-19 13:30:00+00:00,2006-04-19,772,USD,0.0,0.1003441104074813,97.4
CPI YoY,2006-04-19 13:30:02+00:00,2006-04-19,772,USD,-0.001,-0.719551734289131,96.0
Tokyo CPI Ex-Fresh Food YoY,2006-04-28 00:30:05+00:00,2006-04-28,779,JPY,0.001,1.0388854150556632,91.1
Natl CPI YoY,2006-04-28 00:30:08+00:00,2006-04-28,779,JPY,0.0,-0.1402014046207001,95.6
Change in Nonfarm Payrolls,2006-05-05 13:30:00+00:00,2006-05-05,784,USD,-62000.0,-0.3939926795625316,99.3
FOMC Rate Decision (Upper Bound),2006-05-10 19:15:00+00:00,2006-05-10,787,USD,0.0,0.0677241707774524,98.0
CPI MoM,2006-05-17 13:30:00+00:00,2006-05-17,792,USD,0.001,0.9062231473675249,97.4
CPI YoY,2006-05-17 13:30:02+00:00,2006-05-17,792,USD,0.0,-0.1293534146093726,96.0
Tokyo CPI Ex-Fresh Food YoY,2006-05-26 00:30:05+00:00,2006-05-26,799,JPY,0.001,1.0197777063963775,91.1
Natl CPI YoY,2006-05-26 00:30:08+00:00,2006-05-26,799,JPY,0.0,-0.1389195359928028,95.6
Change in Nonfarm Payrolls,2006-06-02 13:30:00+00:00,2006-06-02,804,USD,-95000.0,-0.7124997958715293,99.3
CPI MoM,2006-06-14 13:30:00+00:00,2006-06-14,812,USD,0.0,0.0920250425458796,97.4
CPI YoY,2006-06-14 13:30:02+00:00,2006-06-14,812,USD,0.003,1.619140377487043,96.0
FOMC Rate Decision (Upper Bound),2006-06-29 19:15:00+00:00,2006-06-29,823,USD,0.0,0.067263052342135,98.0
Tokyo CPI Ex-Fresh Food YoY,2006-06-30 00:30:05+00:00,2006-06-30,824,JPY,-0.001,-0.7909756280116211,91.1
Natl CPI YoY,2006-06-30 00:30:08+00:00,2006-06-30,824,JPY,0.002,1.6145194121876718,95.6
Change in Nonfarm Payrolls,2006-07-07 13:30:00+00:00,2006-07-07,829,USD,-54000.0,-0.3085753058482837,99.3
CPI MoM,2006-07-19 13:30:00+00:00,2006-07-19,837,USD,0.0,0.0916241819538467,97.4
CPI YoY,2006-07-19 13:30:02+00:00,2006-07-19,837,USD,0.0,-0.1723097804293996,96.0
Tokyo CPI Ex-Fresh Food YoY,2006-07-28 00:30:05+00:00,2006-07-28,844,JPY,0.0,0.1194001659556091,91.1
Natl CPI YoY,2006-07-28 00:30:08+00:00,2006-07-28,844,JPY,0.0,-0.1637308696152185,95.6
Change in Nonfarm Payrolls,2006-08-04 13:30:00+00:00,2006-08-04,849,USD,-28000.0,-0.0529403478579599,99.3
FOMC Rate Decision (Upper Bound),2006-08-08 19:15:00+00:00,2006-08-08,851,USD,0.0,0.0668112247893826,98.0
BOJ Target Rate,2006-08-11 04:17:00+00:00,2006-08-11,854,JPY,0.0,,98.9
CPI MoM,2006-08-16 13:30:00+00:00,2006-08-16,857,USD,0.0,0.0912285145564545,97.4
CPI YoY,2006-08-16 13:30:02+00:00,2006-08-16,857,USD,-0.001,-0.7469372983398688,96.0
Tokyo CPI Ex-Fresh Food YoY,2006-08-25 00:30:05+00:00,2006-08-25,864,JPY,-0.002,-1.6958556570123702,91.1
Natl CPI YoY,2006-08-25 00:30:08+00:00,2006-08-25,864,JPY,-0.003,-2.777134552566044,95.6
Change in Nonfarm Payrolls,2006-09-01 13:30:00+00:00,2006-09-01,869,USD,3000.0,0.2516598865457572,99.3
BOJ Target Rate,2006-09-08 04:37:00+00:00,2006-09-08,874,JPY,0.0,,98.9
CPI MoM,2006-09-15 13:30:00+00:00,2006-09-15,879,USD,0.0,0.0908379291831883,97.4
CPI YoY,2006-09-15 13:30:02+00:00,2006-09-15,879,USD,0.0,-0.1494273160521601,96.0
FOMC Rate Decision (Upper Bound),2006-09-20 19:15:00+00:00,2006-09-20,882,USD,0.0,0.0663683803084112,98.0
Tokyo CPI Ex-Fresh Food YoY,2006-09-29 00:30:05+00:00,2006-09-29,889,JPY,0.0,0.144430902517375,91.1
Natl CPI YoY,2006-09-29 00:30:08+00:00,2006-09-29,889,JPY,0.0,-0.1092004958466875,95.6
Change in Nonfarm Payrolls,2006-10-06 13:30:00+00:00,2006-10-06,894,USD,-69000.0,-0.4593419366694856,99.3
BOJ Target Rate,2006-10-13 04:47:00+00:00,2006-10-13,899,JPY,0.0,,98.9
CPI MoM,2006-10-18 13:30:00+00:00,2006-10-18,902,USD,-0.002,-1.5516051466646408,97.4
CPI YoY,2006-10-18 13:30:02+00:00,2006-10-18,902,USD,-0.0019999999999999,-1.326154162804448,96.0
FOMC Rate Decision (Upper Bound),2006-10-25 19:15:00+00:00,2006-10-25,907,USD,0.0,0.0659342251764396,98.0
Tokyo CPI Ex-Fresh Food YoY,2006-10-27 00:30:05+00:00,2006-10-27,909,JPY,0.0,0.143237144998362,91.1
Natl CPI YoY,2006-10-27 00:30:08+00:00,2006-10-27,909,JPY,0.001,0.7247185608561216,95.6
BOJ Target Rate,2006-10-31 03:47:00+00:00,2006-10-31,911,JPY,0.0,,98.9
Change in Nonfarm Payrolls,2006-11-03 13:30:00+00:00,2006-11-03,914,USD,-31000.0,-0.0810205645818637,99.3
BOJ Target Rate,2006-11-16 03:24:00+00:00,2006-11-16,923,JPY,0.0,,98.9
CPI MoM,2006-11-16 13:30:00+00:00,2006-11-16,923,USD,-0.002,-1.5296014655985646,97.4
CPI YoY,2006-11-16 13:30:02+00:00,2006-11-16,923,USD,-0.002,-1.2777533508046444,96.0
Tokyo CPI Ex-Fresh Food YoY,2006-11-30 23:30:05+00:00,2006-12-01,934,JPY,0.0,0.1420725091906957,91.1
Natl CPI YoY,2006-11-30 23:30:08+00:00,2006-12-01,934,JPY,-0.002,-1.7934306350185247,95.6
Change in Nonfarm Payrolls,2006-12-08 13:30:00+00:00,2006-12-08,939,USD,32000.0,0.5452733132825259,99.3
FOMC Rate Decision (Upper Bound),2006-12-12 19:15:00+00:00,2006-12-12,941,USD,0.0,0.0655084789405154,98.0
CPI MoM,2006-12-15 13:30:00+00:00,2006-12-15,944,USD,-0.002,-1.508510177735573,97.4
CPI YoY,2006-12-15 13:30:02+00:00,2006-12-15,944,USD,-0.0019999999999999,-1.2343310427616256,96.0
BOJ Target Rate,2006-12-19 03:27:00+00:00,2006-12-19,946,JPY,0.0,,98.9
Tokyo CPI Ex-Fresh Food YoY,2006-12-25 23:30:05+00:00,2006-12-26,951,JPY,-0.001,-0.7744205910283157,91.1
Natl CPI YoY,2006-12-25 23:30:08+00:00,2006-12-26,951,JPY,0.0,-0.0901471973047288,95.6
Change in Nonfarm Payrolls,2007-01-05 13:30:00+00:00,2007-01-05,959,USD,67000.0,0.8910905278407713,99.3
BOJ Target Rate,2007-01-18 03:27:00+00:00,2007-01-18,968,JPY,-0.0025,,98.9
CPI MoM,2007-01-18 13:30:00+00:00,2007-01-18,968,USD,0.001,0.9343398480354712,97.4
CPI YoY,2007-01-18 13:30:02+00:00,2007-01-18,968,USD,0.001,0.531149719709397,96.0
Tokyo CPI Ex-Fresh Food YoY,2007-01-25 23:30:05+00:00,2007-01-26,974,JPY,0.0,0.153536132977987,91.1
Natl CPI YoY,2007-01-25 23:30:08+00:00,2007-01-26,974,JPY,0.0,-0.0894346534741805,95.6
FOMC Rate Decision (Upper Bound),2007-01-31 19:15:00+00:00,2007-01-31,977,USD,0.0,0.0650908736566683,98.0
Change in Nonfarm Payrolls,2007-02-02 13:30:00+00:00,2007-02-02,979,USD,-39000.0,-0.1729235408969579,99.3
BOJ Target Rate,2007-02-21 05:20:00+00:00,2007-02-21,992,JPY,0.0025,,98.9
CPI MoM,2007-02-21 13:30:00+00:00,2007-02-21,992,USD,0.001,0.9271955041108672,97.4
CPI YoY,2007-02-21 13:30:02+00:00,2007-02-21,992,USD,0.002,1.1035880456014666,96.0
Tokyo CPI Ex-Fresh Food YoY,2007-03-01 23:30:05+00:00,2007-03-02,999,JPY,-0.001,-0.7730952273704677,91.1
Natl CPI YoY,2007-03-01 23:30:08+00:00,2007-03-02,999,JPY,0.0,-0.0887387403447734,95.6
Change in Nonfarm Payrolls,2007-03-09 13:30:00+00:00,2007-03-09,1004,USD,2000.0,0.2384562788719631,99.3
CPI MoM,2007-03-16 12:30:00+00:00,2007-03-16,1009,USD,0.001,0.92021301101858,97.4
CPI YoY,2007-03-16 12:30:02+00:00,2007-03-16,1009,USD,0.001,0.4946730882245967,96.0
BOJ Target Rate,2007-03-20 03:42:00+00:00,2007-03-20,1011,JPY,0.0,0.0,98.9
FOMC Rate Decision (Upper Bound),2007-03-21 18:15:00+00:00,2007-03-21,1012,USD,0.0,0.0646811531817022,98.0
Tokyo CPI Ex-Fresh Food YoY,2007-03-30 00:30:05+00:00,2007-03-30,1019,JPY,-0.001,-0.763802520332567,91.1
Natl CPI YoY,2007-03-30 00:30:08+00:00,2007-03-30,1019,JPY,-0.001,-0.9297975511401498,95.6
Change in Nonfarm Payrolls,2007-04-06 13:30:00+00:00,2007-04-06,1024,USD,50000.0,0.7200741663651846,99.3
BOJ Target Rate,2007-04-09 04:48:00+00:00,2007-04-09,1025,JPY,0.0,0.0,98.9
CPI MoM,2007-04-17 13:30:00+00:00,2007-04-17,1031,USD,0.0,0.1043870104557808,97.4
CPI YoY,2007-04-17 13:30:02+00:00,2007-04-17,1031,USD,0.0,-0.0974881565028372,96.0
Tokyo CPI Ex-Fresh Food YoY,2007-04-27 00:30:05+00:00,2007-04-27,1039,JPY,0.0,0.1765460341470212,91.1
Natl CPI YoY,2007-04-27 00:30:08+00:00,2007-04-27,1039,JPY,0.0,-0.0740556650184269,95.6
BOJ Target Rate,2007-04-27 06:07:00+00:00,2007-04-27,1039,JPY,0.0,0.0,98.9
Change in Nonfarm Payrolls,2007-05-04 13:30:00+00:00,2007-05-04,1044,USD,-12000.0,0.0909274462159303,99.3
FOMC Rate Decision (Upper Bound),2007-05-09 19:15:00+00:00,2007-05-09,1047,USD,0.0,0.0642790725133765,98.0
CPI MoM,2007-05-15 13:30:00+00:00,2007-05-15,1051,USD,-0.001,-0.7082781623222686,97.4
CPI YoY,2007-05-15 13:30:02+00:00,2007-05-15,1051,USD,0.0,-0.0963643176009134,96.0
BOJ Target Rate,2007-05-17 04:41:00+00:00,2007-05-17,1053,JPY,0.0,0.0,98.9
Tokyo CPI Ex-Fresh Food YoY,2007-05-25 00:30:05+00:00,2007-05-25,1059,JPY,0.0,0.1752218549313516,91.1
Natl CPI YoY,2007-05-25 00:30:08+00:00,2007-05-25,1059,JPY,0.0,-0.0735063166985633,95.6
Change in Nonfarm Payrolls,2007-06-01 13:30:05+00:00,2007-06-01,1064,USD,25000.0,0.4648759308606849,99.3
BOJ Target Rate,2007-06-15 04:18:00+00:00,2007-06-15,1074,JPY,0.0,0.0,98.9
CPI MoM,2007-06-15 13:30:00+00:00,2007-06-15,1074,USD,0.0009999999999999,0.9236921281630196,97.4
CPI YoY,2007-06-15 13:30:02+00:00,2007-06-15,1074,USD,0.001,0.5036146807440409,96.0
FOMC Rate Decision (Upper Bound),2007-06-28 19:15:00+00:00,2007-06-28,1083,USD,0.0,0.0638843971751188,98.0
Tokyo CPI Ex-Fresh Food YoY,2007-06-29 00:30:05+00:00,2007-06-29,1084,JPY,-0.002,-1.715988832901767,91.1
Natl CPI YoY,2007-06-29 00:30:08+00:00,2007-06-29,1084,JPY,0.001,0.7825297567655936,95.6
Change in Nonfarm Payrolls,2007-07-06 13:30:00+00:00,2007-07-06,1089,USD,7000.0,0.279921247426412,99.3
BOJ Target Rate,2007-07-12 04:55:00+00:00,2007-07-12,1093,JPY,0.0,0.0,98.9
CPI MoM,2007-07-18 13:30:00+00:00,2007-07-18,1097,USD,0.001,0.9169777280169163,97.4
CPI YoY,2007-07-18 13:30:03+00:00,2007-07-18,1097,USD,0.001,0.496685990762935,96.0
Tokyo CPI Ex-Fresh Food YoY,2007-07-27 00:30:05+00:00,2007-07-27,1104,JPY,0.0,0.1957606437430125,91.1
Natl CPI YoY,2007-07-27 00:30:08+00:00,2007-07-27,1104,JPY,0.0,-0.0845569184179747,95.6
Change in Nonfarm Payrolls,2007-08-03 13:30:00+00:00,2007-08-03,1109,USD,-35000.0,-0.1491398239428496,99.3
FOMC Rate Decision (Upper Bound),2007-08-07 19:15:00+00:00,2007-08-07,1111,USD,0.0,0.0634969026417593,98.0
CPI MoM,2007-08-15 13:30:00+00:00,2007-08-15,1117,USD,0.0,0.095497345214046,97.4
CPI YoY,2007-08-15 13:30:02+00:00,2007-08-15,1117,USD,0.0,-0.1191981536221466,96.0
BOJ Target Rate,2007-08-23 04:35:00+00:00,2007-08-23,1123,JPY,0.0,0.0,98.9
Tokyo CPI Ex-Fresh Food YoY,2007-08-31 00:30:05+00:00,2007-08-31,1129,JPY,0.001,1.1330111045069358,91.1
Natl CPI YoY,2007-08-31 00:30:08+00:00,2007-08-31,1129,JPY,0.001,0.7802898324335985,95.6
Change in Nonfarm Payrolls,2007-09-07 13:30:00+00:00,2007-09-07,1134,USD,-104000.0,-0.8542173124367732,99.3
FOMC Rate Decision (Upper Bound),2007-09-18 19:15:00+00:00,2007-09-18,1141,USD,-0.0025,-5.175542651853843,98.0
BOJ Target Rate,2007-09-19 05:21:00+00:00,2007-09-19,1142,JPY,0.0,0.0,98.9
CPI MoM,2007-09-19 13:30:00+00:00,2007-09-19,1142,USD,-0.001,-0.7229575588431985,97.4
CPI YoY,2007-09-19 13:30:02+00:00,2007-09-19,1142,USD,-0.001,-0.7338048638438022,96.0
Tokyo CPI Ex-Fresh Food YoY,2007-09-28 00:30:05+00:00,2007-09-28,1149,JPY,-0.001,-0.7586406071036821,91.1
Natl CPI YoY,2007-09-28 00:30:08+00:00,2007-09-28,1149,JPY,0.0,-0.0952174836603626,95.6
Change in Nonfarm Payrolls,2007-10-05 13:30:00+00:00,2007-10-05,1154,USD,10000.0,0.3187625534763481,99.3
BOJ Target Rate,2007-10-11 05:32:00+00:00,2007-10-11,1158,JPY,0.0,0.0,98.9
CPI MoM,2007-10-17 13:30:00+00:00,2007-10-17,1162,USD,0.001,0.9204897309071984,97.4
CPI YoY,2007-10-17 13:30:02+00:00,2007-10-17,1162,USD,0.0,-0.1031654784413319,96.0
Tokyo CPI Ex-Fresh Food YoY,2007-10-26 00:30:05+00:00,2007-10-26,1169,JPY,0.0,0.1892353930318067,91.1
Natl CPI YoY,2007-10-26 00:30:08+00:00,2007-10-26,1169,JPY,-0.001,-0.9673937181714792,95.6
BOJ Target Rate,2007-10-31 03:42:00+00:00,2007-10-31,1172,JPY,0.0,0.0,98.9
FOMC Rate Decision (Upper Bound),2007-10-31 18:15:00+00:00,2007-10-31,1172,USD,0.0,0.1091089451179963,98.0
Change in Nonfarm Payrolls,2007-11-02 12:30:00+00:00,2007-11-02,1174,USD,81000.0,1.0469151674331592,99.3
BOJ Target Rate,2007-11-13 03:29:00+00:00,2007-11-13,1181,JPY,0.0,0.0,98.9
CPI MoM,2007-11-15 13:30:00+00:00,2007-11-15,1183,USD,0.0,0.0939064529704018,97.4
CPI YoY,2007-11-15 13:30:02+00:00,2007-11-15,1183,USD,0.0,-0.1021181832248615,96.0
Tokyo CPI Ex-Fresh Food YoY,2007-11-29 23:30:05+00:00,2007-11-30,1194,JPY,0.0,0.187923967872921,91.1
Natl CPI YoY,2007-11-29 23:30:08+00:00,2007-11-30,1194,JPY,0.002,1.6652578959017923,95.6
Change in Nonfarm Payrolls,2007-12-07 13:30:00+00:00,2007-12-07,1199,USD,14000.0,0.3502620362588616,99.3
FOMC Rate Decision (Upper Bound),2007-12-11 19:15:00+00:00,2007-12-11,1201,USD,0.0,0.1084652289093281,98.0
CPI MoM,2007-12-14 13:30:00+00:00,2007-12-14,1204,USD,0.002,1.740023441704616,97.4
CPI YoY,2007-12-14 13:30:02+00:00,2007-12-14,1204,USD,0.002,1.162674612925336,96.0
BOJ Target Rate,2007-12-20 03:51:00+00:00,2007-12-20,1208,JPY,0.0,0.0,98.9
Tokyo CPI Ex-Fresh Food YoY,2007-12-27 23:30:05+00:00,2007-12-28,1214,JPY,0.0,0.1866394453950426,91.1
Natl CPI YoY,2007-12-27 23:30:08+00:00,2007-12-28,1214,JPY,0.001,0.7604639681082533,95.6
Change in Nonfarm Payrolls,2008-01-04 13:30:00+00:00,2008-01-04,1219,USD,-52000.0,-0.331473697813222,99.3
CPI MoM,2008-01-16 13:30:00+00:00,2008-01-16,1227,USD,0.001,0.8969177946056057,97.4
CPI YoY,2008-01-16 13:30:02+00:00,2008-01-16,1227,USD,0.0,-0.1234985845537841,96.0
BOJ Target Rate,2008-01-22 03:19:00+00:00,2008-01-22,1231,JPY,0.0,0.0,98.9
FOMC Rate Decision (Upper Bound),2008-01-22 13:20:00+00:00,2008-01-22,1231,USD,,,98.0
Tokyo CPI Ex-Fresh Food YoY,2008-01-24 23:30:01+00:00,2008-01-25,1234,JPY,0.001,1.1438128741672835,91.1
Natl CPI YoY,2008-01-24 23:30:08+00:00,2008-01-25,1234,JPY,0.0,-0.1131074741799285,95.6
FOMC Rate Decision (Upper Bound),2008-01-30 19:15:00+00:00,2008-01-30,1237,USD,0.0,0.1078327732034385,98.0
Change in Nonfarm Payrolls,2008-02-01 13:30:00+00:00,2008-02-01,1239,USD,-87000.0,-0.6920473108239559,99.3
BOJ Target Rate,2008-02-15 03:51:00+00:00,2008-02-15,1249,JPY,0.0,0.0,98.9
CPI MoM,2008-02-20 13:30:00+00:00,2008-02-20,1252,USD,0.001,0.8908996477524745,97.4
CPI YoY,2008-02-20 13:30:02+00:00,2008-02-20,1252,USD,0.0009999999999999,0.513704339207225,96.0
Tokyo CPI Ex-Fresh Food YoY,2008-02-28 23:30:05+00:00,2008-02-29,1259,JPY,-0.001,-0.7864000110690745,91.1
Natl CPI YoY,2008-02-28 23:30:08+00:00,2008-02-29,1259,JPY,0.0,-0.1123612865587038,95.6
BOJ Target Rate,2008-03-07 03:52:00+00:00,2008-03-07,1264,JPY,0.0,0.0,98.9
Change in Nonfarm Payrolls,2008-03-07 13:30:00+00:00,2008-03-07,1264,USD,-83000.0,-0.6467329154058499,99.3
CPI MoM,2008-03-14 12:30:00+00:00,2008-03-14,1269,USD,-0.003,-2.3882912581533087,97.4
CPI YoY,2008-03-14 12:30:02+00:00,2008-03-14,1269,USD,-0.0029999999999999,-2.0547420777617007,96.0
FOMC Rate Decision (Upper Bound),2008-03-18 18:15:00+00:00,2008-03-18,1271,USD,0.0,0.1072112534837795,98.0
Tokyo CPI Ex-Fresh Food YoY,2008-03-27 23:30:05+00:00,2008-03-28,1279,JPY,0.001,1.1397691080097605,91.1
Natl CPI YoY,2008-03-27 23:30:08+00:00,2008-03-28,1279,JPY,0.0009999999999999,0.7654606267398607,95.6
Change in Nonfarm Payrolls,2008-04-04 13:30:00+00:00,2008-04-04,1284,USD,-30000.0,-0.0928478009170889,99.3
BOJ Target Rate,2008-04-09 04:24:00+00:00,2008-04-09,1287,JPY,0.0,0.0,98.9
CPI MoM,2008-04-16 13:30:00+00:00,2008-04-16,1292,USD,0.0,0.0828212397931433,97.4
CPI YoY,2008-04-16 13:30:02+00:00,2008-04-16,1292,USD,0.0,-0.0922077868893029,96.0
Tokyo CPI Ex-Fresh Food YoY,2008-04-25 00:30:05+00:00,2008-04-25,1299,JPY,0.0019999999999999,2.080604591656284,91.1
Natl CPI YoY,2008-04-25 00:30:07+00:00,2008-04-25,1299,JPY,0.0,-0.1217771003825637,95.6
BOJ Target Rate,2008-04-30 05:28:00+00:00,2008-04-30,1302,JPY,0.0,0.0,98.9
FOMC Rate Decision (Upper Bound),2008-04-30 19:15:00+00:00,2008-04-30,1302,USD,0.0,0.1066003581778053,98.0
Change in Nonfarm Payrolls,2008-05-02 13:30:00+00:00,2008-05-02,1304,USD,55000.0,0.793604528209627,99.3
CPI MoM,2008-05-14 13:30:00+00:00,2008-05-14,1312,USD,-0.001,-0.7249845672641932,97.4
CPI YoY,2008-05-14 13:30:02+00:00,2008-05-14,1312,USD,-0.001,-0.7195715392217656,96.0
BOJ Target Rate,2008-05-20 04:04:00+00:00,2008-05-20,1316,JPY,0.0,0.0,98.9
Tokyo CPI Ex-Fresh Food YoY,2008-05-30 00:30:05+00:00,2008-05-30,1324,JPY,0.0,0.1371899636014372,91.1
Natl CPI YoY,2008-05-30 00:30:07+00:00,2008-05-30,1324,JPY,-0.002,-1.8912218558525515,95.6
Change in Nonfarm Payrolls,2008-06-06 13:30:00+00:00,2008-06-06,1329,USD,11000.0,0.3294976044918443,99.3
BOJ Target Rate,2008-06-13 04:23:00+00:00,2008-06-13,1334,JPY,0.0,0.0,98.9
CPI MoM,2008-06-13 13:30:00+00:00,2008-06-13,1334,USD,0.001,0.8968418222007127,97.4
CPI YoY,2008-06-13 13:30:02+00:00,2008-06-13,1334,USD,0.003,1.8141911676447395,96.0
FOMC Rate Decision (Upper Bound),2008-06-25 19:15:00+00:00,2008-06-25,1342,USD,0.0,0.1059997880006361,98.0
Tokyo CPI Ex-Fresh Food YoY,2008-06-27 00:30:05+00:00,2008-06-27,1344,JPY,0.002,2.02405180865157,91.1
Natl CPI YoY,2008-06-27 00:30:07+00:00,2008-06-27,1344,JPY,0.0,-0.0958383394914227,95.6
Change in Nonfarm Payrolls,2008-07-03 13:30:00+00:00,2008-07-03,1348,USD,-2000.0,0.1919984749678646,99.3
BOJ Target Rate,2008-07-15 05:35:00+00:00,2008-07-15,1356,JPY,0.0,0.0,98.9
CPI MoM,2008-07-16 13:30:00+00:00,2008-07-16,1357,USD,0.004,3.319562122750776,97.4
CPI YoY,2008-07-16 13:30:02+00:00,2008-07-16,1357,USD,0.005,2.9854542926893752,96.0
Tokyo CPI Ex-Fresh Food YoY,2008-07-25 00:30:05+00:00,2008-07-25,1364,JPY,0.0,0.1096090871142352,91.1
Natl CPI YoY,2008-07-25 00:30:07+00:00,2008-07-25,1364,JPY,0.001,0.7814573642335075,95.6
Change in Nonfarm Payrolls,2008-08-01 13:30:00+00:00,2008-08-01,1369,USD,24000.0,0.4645705818016935,99.3
FOMC Rate Decision (Upper Bound),2008-08-05 19:15:00+00:00,2008-08-05,1371,USD,0.0,0.1054092553389461,98.0
CPI MoM,2008-08-14 13:30:00+00:00,2008-08-14,1378,USD,0.004,3.183964011964848,97.4
CPI YoY,2008-08-14 13:30:02+00:00,2008-08-14,1378,USD,0.0049999999999999,2.75260413293616,96.0
BOJ Target Rate,2008-08-19 04:30:00+00:00,2008-08-19,1381,JPY,0.0,0.0,98.9
Tokyo CPI Ex-Fresh Food YoY,2008-08-29 00:30:05+00:00,2008-08-29,1389,JPY,-0.002,-1.7555053757411798,91.1
Natl CPI YoY,2008-08-29 00:30:07+00:00,2008-08-29,1389,JPY,0.001,0.7738249811409422,95.6
Change in Nonfarm Payrolls,2008-09-05 13:30:00+00:00,2008-09-05,1394,USD,-9000.0,0.1146591515424374,99.3
CPI MoM,2008-09-16 13:30:00+00:00,2008-09-16,1401,USD,0.0,0.0322499155744386,97.4
CPI YoY,2008-09-16 13:30:02+00:00,2008-09-16,1401,USD,-0.0019999999999999,-1.288172518088032,96.0
FOMC Rate Decision (Upper Bound),2008-09-16 19:15:00+00:00,2008-09-16,1401,USD,0.0,0.1048284836721919,98.0
BOJ Target Rate,2008-09-18 04:47:00+00:00,2008-09-18,1403,JPY,0.0,0.0,98.9
Tokyo CPI Ex-Fresh Food YoY,2008-09-26 00:30:05+00:00,2008-09-26,1409,JPY,0.003,2.8911224875825345,91.1
Natl CPI YoY,2008-09-26 00:30:07+00:00,2008-09-26,1409,JPY,0.0,-0.1146434614053473,95.6
Change in Nonfarm Payrolls,2008-10-03 13:30:00+00:00,2008-10-03,1414,USD,-54000.0,-0.3618345786686087,99.3
BOJ Target Rate,2008-10-07 04:58:00+00:00,2008-10-07,1416,JPY,0.0,0.0,98.9
FOMC Rate Decision (Upper Bound),2008-10-08 12:00:00+00:00,2008-10-08,1417,USD,,,98.0
BOJ Target Rate,2008-10-14 13:38:00+00:00,2008-10-14,1421,JPY,,,98.9
CPI MoM,2008-10-16 13:30:00+00:00,2008-10-16,1423,USD,-0.001,-0.728435235300986,97.4
CPI YoY,2008-10-16 13:30:02+00:00,2008-10-16,1423,USD,-0.001,-0.7121600400792346,96.0
FOMC Rate Decision (Upper Bound),2008-10-29 18:17:00+00:00,2008-10-29,1432,USD,0.0,0.1042572070285375,98.0
Tokyo CPI Ex-Fresh Food YoY,2008-10-30 23:30:05+00:00,2008-10-31,1434,JPY,0.0,0.0904346337257685,91.1
Natl CPI YoY,2008-10-30 23:30:07+00:00,2008-10-31,1434,JPY,0.0,-0.1139582650501746,95.6
BOJ Target Rate,2008-10-31 04:58:00+00:00,2008-10-31,1434,JPY,0.0005,0.7745966692414834,98.9
Change in Nonfarm Payrolls,2008-11-07 13:30:00+00:00,2008-11-07,1439,USD,-40000.0,-0.2118007375603036,99.3
CPI MoM,2008-11-19 13:30:00+00:00,2008-11-19,1447,USD,-0.002,-1.486391492152421,97.4
CPI YoY,2008-11-19 13:30:03+00:00,2008-11-19,1447,USD,-0.0029999999999999,-1.8036643492511364,96.0
BOJ Target Rate,2008-11-21 03:37:00+00:00,2008-11-21,1449,JPY,0.0,-0.024371310187796,98.9
Tokyo CPI Ex-Fresh Food YoY,2008-11-27 23:30:05+00:00,2008-11-28,1454,JPY,-0.002,-1.687606211854737,91.1
Natl CPI YoY,2008-11-27 23:30:07+00:00,2008-11-28,1454,JPY,0.0,-0.1132852096122773,95.6
BOJ Target Rate,2008-12-01 05:39:00+00:00,2008-12-01,1455,JPY,,,98.9
Change in Nonfarm Payrolls,2008-12-05 13:30:00+00:00,2008-12-05,1459,USD,-198000.0,-1.893590274225587,99.3
CPI MoM,2008-12-16 13:30:01+00:00,2008-12-16,1466,USD,-0.004,-2.9873080580954934,97.4
CPI YoY,2008-12-16 13:30:03+00:00,2008-12-16,1466,USD,-0.004,-2.283857583355441,96.0
FOMC Rate Decision (Upper Bound),2008-12-16 19:15:00+00:00,2008-12-16,1466,USD,-0.0025,-4.718130211023439,98.0
BOJ Target Rate,2008-12-19 05:07:00+00:00,2008-12-19,1469,JPY,-0.002,-3.1934245851183194,98.9
Tokyo CPI Ex-Fresh Food YoY,2008-12-25 23:30:05+00:00,2008-12-26,1474,JPY,0.0,0.1081713101766101,91.1
Natl CPI YoY,2008-12-25 23:30:07+00:00,2008-12-26,1474,JPY,-0.0009999999999999,-1.009444209507555,95.6
Change in Nonfarm Payrolls,2009-01-09 13:30:00+00:00,2009-01-09,1484,USD,1000.0,0.2367913053992963,99.3
CPI MoM,2009-01-16 13:30:00+00:00,2009-01-16,1489,USD,0.002,1.5437966495013091,97.4
CPI YoY,2009-01-16 13:30:02+00:00,2009-01-16,1489,USD,0.003,1.486818430420253,96.0
BOJ Target Rate,2009-01-22 04:43:00+00:00,2009-01-22,1493,JPY,0.0,0.0620471043203319,98.9
FOMC Rate Decision (Upper Bound),2009-01-28 19:15:00+00:00,2009-01-28,1497,USD,0.0,0.1389787302438504,98.0
Tokyo CPI Ex-Fresh Food YoY,2009-01-29 23:30:05+00:00,2009-01-30,1499,JPY,-0.001,-0.77700816105098,91.1
Natl CPI YoY,2009-01-29 23:30:07+00:00,2009-01-30,1499,JPY,0.0,-0.1010168668938573,95.6
Change in Nonfarm Payrolls,2009-02-06 13:30:00+00:00,2009-02-06,1504,USD,-58000.0,-0.388833067282671,99.3
BOJ Target Rate,2009-02-19 04:54:00+00:00,2009-02-19,1513,JPY,0.0,0.0611772952012501,98.9
CPI MoM,2009-02-20 13:30:00+00:00,2009-02-20,1514,USD,0.0,0.0554010168744249,97.4
CPI YoY,2009-02-20 13:30:02+00:00,2009-02-20,1514,USD,0.001,0.413160991786102,96.0
Tokyo CPI Ex-Fresh Food YoY,2009-02-26 23:30:05+00:00,2009-02-27,1519,JPY,0.003,2.776339322347013,91.1
Natl CPI YoY,2009-02-26 23:30:07+00:00,2009-02-27,1519,JPY,0.0,-0.1004420120951368,95.6
Change in Nonfarm Payrolls,2009-03-06 13:30:00+00:00,2009-03-06,1524,USD,-1000.0,0.2180923408167452,99.3
BOJ Target Rate,2009-03-18 03:28:00+00:00,2009-03-18,1532,JPY,0.0,0.060343033824704,98.9
CPI MoM,2009-03-18 12:30:01+00:00,2009-03-18,1532,USD,0.001,0.7930590412822185,97.4
CPI YoY,2009-03-18 12:30:03+00:00,2009-03-18,1532,USD,0.002,0.9313542587168988,96.0
FOMC Rate Decision (Upper Bound),2009-03-18 18:15:00+00:00,2009-03-18,1532,USD,0.0,0.1382389481173745,98.0
Tokyo CPI Ex-Fresh Food YoY,2009-03-26 23:30:01+00:00,2009-03-27,1539,JPY,0.0,0.0826832378055082,91.1
Natl CPI YoY,2009-03-26 23:30:03+00:00,2009-03-27,1539,JPY,0.0,-0.0998768606658258,95.6
Change in Nonfarm Payrolls,2009-04-03 13:30:00+00:00,2009-04-03,1544,USD,-3000.0,0.195996404871519,99.3
BOJ Target Rate,2009-04-07 04:22:00+00:00,2009-04-07,1546,JPY,0.0,0.0595419654572202,98.9
CPI MoM,2009-04-15 13:30:00+00:00,2009-04-15,1552,USD,-0.002,-1.4276613278866626,97.4
CPI YoY,2009-04-15 13:30:02+00:00,2009-04-15,1552,USD,-0.003,-1.6940548735930274,96.0
FOMC Rate Decision (Upper Bound),2009-04-29 19:15:00+00:00,2009-04-29,1562,USD,0.0012,2.2496776131386764,98.0
BOJ Target Rate,2009-04-30 05:47:00+00:00,2009-04-30,1563,JPY,0.0,0.0587719478866453,98.9
Tokyo CPI Ex-Fresh Food YoY,2009-05-01 00:30:05+00:00,2009-05-01,1564,JPY,-0.002,-1.6379764647166326,91.1
Natl CPI YoY,2009-05-01 00:30:07+00:00,2009-05-01,1564,JPY,0.0,-0.099321142664408,95.6
Change in Nonfarm Payrolls,2009-05-08 13:30:00+00:00,2009-05-08,1569,USD,61000.0,0.8795583066597258,99.3
CPI MoM,2009-05-15 13:30:00+00:00,2009-05-15,1574,USD,0.0,0.0592949656493189,97.4
CPI YoY,2009-05-15 13:30:02+00:00,2009-05-15,1574,USD,-0.0009999999999999,-0.6153802016998753,96.0
BOJ Target Rate,2009-05-22 04:34:00+00:00,2009-05-22,1579,JPY,0.0,0.0580310274059807,98.9
Tokyo CPI Ex-Fresh Food YoY,2009-05-29 00:30:05+00:00,2009-05-29,1584,JPY,-0.0009999999999999,-0.7532554343981034,91.1
Natl CPI YoY,2009-05-29 00:30:07+00:00,2009-05-29,1584,JPY,0.002,1.7356108030393789,95.6
Change in Nonfarm Payrolls,2009-06-05 13:30:00+00:00,2009-06-05,1589,USD,175000.0,2.094066883554159,99.3
BOJ Target Rate,2009-06-16 04:34:00+00:00,2009-06-16,1596,JPY,0.0,0.0573174180296393,98.9
CPI MoM,2009-06-17 13:30:00+00:00,2009-06-17,1597,USD,-0.002,-1.4183428551418402,97.4
CPI YoY,2009-06-17 13:30:02+00:00,2009-06-17,1597,USD,-0.0039999999999999,-2.162614125540567,96.0
FOMC Rate Decision (Upper Bound),2009-06-24 19:15:00+00:00,2009-06-24,1602,USD,0.0,0.1120036357984321,98.0
Tokyo CPI Ex-Fresh Food YoY,2009-06-26 00:30:05+00:00,2009-06-26,1604,JPY,-0.002,-1.6013709641836436,91.1
Natl CPI YoY,2009-06-26 00:30:07+00:00,2009-06-26,1604,JPY,-0.0009999999999999,-1.023757203956863,95.6
Change in Nonfarm Payrolls,2009-07-02 13:30:00+00:00,2009-07-02,1608,USD,-102000.0,-0.8740581781996385,99.3
BOJ Target Rate,2009-07-15 05:35:00+00:00,2009-07-15,1617,JPY,0.0,0.0566294834407766,98.9
CPI MoM,2009-07-15 13:30:00+00:00,2009-07-15,1617,USD,0.0009999999999999,0.8045378632445853,97.4
CPI YoY,2009-07-15 13:30:02+00:00,2009-07-15,1617,USD,0.0009999999999999,0.4460881063664868,96.0
Tokyo CPI Ex-Fresh Food YoY,2009-07-31 00:30:05+00:00,2009-07-31,1629,JPY,0.0,0.1235123947232234,91.1
Natl CPI YoY,2009-07-31 00:30:07+00:00,2009-07-31,1629,JPY,0.0,-0.1053516613099508,95.6
Change in Nonfarm Payrolls,2009-08-07 13:30:00+00:00,2009-08-07,1634,USD,78000.0,1.037037745696314,99.3
BOJ Target Rate,2009-08-11 03:52:00+00:00,2009-08-11,1636,JPY,0.0,0.0559657212558845,98.9
FOMC Rate Decision (Upper Bound),2009-08-12 19:15:00+00:00,2009-08-12,1637,USD,0.0,0.111429439381766,98.0
CPI MoM,2009-08-14 13:30:00+00:00,2009-08-14,1639,USD,0.0,0.0630453729358611,97.4
CPI YoY,2009-08-14 13:30:02+00:00,2009-08-14,1639,USD,-0.002,-1.0803705551381726,96.0
Tokyo CPI Ex-Fresh Food YoY,2009-08-28 00:30:05+00:00,2009-08-28,1649,JPY,-0.001,-0.7290746185931231,91.1
Natl CPI YoY,2009-08-28 00:30:07+00:00,2009-08-28,1649,JPY,0.0,-0.1047895866854706,95.6
Change in Nonfarm Payrolls,2009-09-04 13:30:00+00:00,2009-09-04,1654,USD,14000.0,0.3523766109359135,99.3
CPI MoM,2009-09-16 13:30:00+00:00,2009-09-16,1662,USD,0.001,0.802412624328616,97.4
CPI YoY,2009-09-16 13:30:02+00:00,2009-09-16,1662,USD,0.002,0.964034901096677,96.0
BOJ Target Rate,2009-09-17 04:39:00+00:00,2009-09-17,1663,JPY,0.0,0.0553247492634623,98.9
FOMC Rate Decision (Upper Bound),2009-09-23 19:15:00+00:00,2009-09-23,1667,USD,0.0,0.110863984643259,98.0
Tokyo CPI Ex-Fresh Food YoY,2009-09-29 00:30:05+00:00,2009-09-29,1671,JPY,-0.001,-0.7232867087784141,91.1
Natl CPI YoY,2009-09-29 00:30:07+00:00,2009-09-29,1671,JPY,0.0,-0.1042364135445761,95.6
Change in Nonfarm Payrolls,2009-10-02 13:30:00+00:00,2009-10-02,1674,USD,-88000.0,-0.7318829616318897,99.3
BOJ Target Rate,2009-10-14 05:14:00+00:00,2009-10-14,1682,JPY,0.0,0.0547052933508613,98.9
CPI MoM,2009-10-15 13:30:00+00:00,2009-10-15,1683,USD,0.0,0.0576970495907821,97.4
CPI YoY,2009-10-15 13:30:02+00:00,2009-10-15,1683,USD,0.001,0.4438958188145427,96.0
Tokyo CPI Ex-Fresh Food YoY,2009-10-29 23:30:05+00:00,2009-10-30,1694,JPY,-0.0009999999999999,-0.7176349096057609,91.1
Natl CPI YoY,2009-10-29 23:30:07+00:00,2009-10-30,1694,JPY,0.0,-0.1036919093875438,95.6
BOJ Target Rate,2009-10-30 04:05:00+00:00,2009-10-30,1694,JPY,0.0,0.0541061768800954,98.9
FOMC Rate Decision (Upper Bound),2009-11-04 19:15:00+00:00,2009-11-04,1697,USD,0.0,0.1103070519957067,98.0
Change in Nonfarm Payrolls,2009-11-06 13:30:00+00:00,2009-11-06,1699,USD,-15000.0,0.0480614198625944,99.3
CPI MoM,2009-11-18 13:30:00+00:00,2009-11-18,1707,USD,0.001,0.8003644757591913,97.4
CPI YoY,2009-11-18 13:30:02+00:00,2009-11-18,1707,USD,0.001,0.4402853060092339,96.0
BOJ Target Rate,2009-11-20 03:35:00+00:00,2009-11-20,1709,JPY,0.0,0.0535263113116494,98.9
Natl CPI YoY,2009-11-26 23:30:03+00:00,2009-11-27,1714,JPY,-0.001,-1.0296482077652551,95.6
Tokyo CPI Ex-Fresh Food YoY,2009-11-26 23:30:07+00:00,2009-11-27,1714,JPY,0.001,1.0046675415400592,91.1
BOJ Target Rate,2009-12-01 06:38:00+00:00,2009-12-01,1716,JPY,,,98.9
Change in Nonfarm Payrolls,2009-12-04 13:30:00+00:00,2009-12-04,1719,USD,114000.0,1.4241732985041584,99.3
CPI MoM,2009-12-16 13:30:01+00:00,2009-12-16,1727,USD,0.0,0.0524422110172946,97.4
CPI YoY,2009-12-16 13:30:03+00:00,2009-12-16,1727,USD,0.0,-0.0762599774394652,96.0
FOMC Rate Decision (Upper Bound),2009-12-16 19:15:00+00:00,2009-12-16,1727,USD,0.0,0.1097584294976519,98.0
BOJ Target Rate,2009-12-18 03:13:00+00:00,2009-12-18,1729,JPY,0.0,0.0529646879067838,98.9
Tokyo CPI Ex-Fresh Food YoY,2009-12-24 23:30:05+00:00,2009-12-25,1734,JPY,-0.001,-0.7222652067182099,91.1
Natl CPI YoY,2009-12-24 23:30:07+00:00,2009-12-25,1734,JPY,0.001,0.8336310571412223,95.6
Tokyo CPI Ex-Fresh Food YoY,2010-10-01 00:30:05+00:00,2010-10-01,1740,JPY,0.0,0.1222871583855209,91.1
Natl CPI YoY,2010-10-01 00:30:07+00:00,2010-10-01,1740,JPY,0.0,-0.1126624545707577,95.6
BOJ Target Rate,2010-10-05 05:38:00+00:00,2010-10-05,1742,JPY,0.0,0.0477635705934303,98.9
Change in Nonfarm Payrolls,2010-10-08 13:30:01+00:00,2010-10-08,1745,USD,-90000.0,-0.7735096072006594,99.3
CPI MoM,2010-10-15 13:30:01+00:00,2010-10-15,1750,USD,-0.001,-0.6889421167268496,97.4
CPI YoY,2010-10-15 13:30:03+00:00,2010-10-15,1750,USD,-0.001,-0.5440260805832628,96.0
BOJ Target Rate,2010-10-28 05:31:00+00:00,2010-10-28,1759,JPY,0.0,0.0473631733463004,98.9
Tokyo CPI Ex-Fresh Food YoY,2010-10-29 00:30:05+00:00,2010-10-29,1760,JPY,0.003,2.656944508928408,91.1
Natl CPI YoY,2010-10-29 00:30:07+00:00,2010-10-29,1760,JPY,0.0,-0.1121379022749813,95.6
FOMC Rate Decision (Upper Bound),2010-11-03 18:15:00+00:00,2010-11-03,1763,USD,0.0,0.1061344101793721,98.0
BOJ Target Rate,2010-11-05 02:37:00+00:00,2010-11-05,1765,JPY,,,98.9
Change in Nonfarm Payrolls,2010-11-05 12:30:01+00:00,2010-11-05,1765,USD,91000.0,1.1870259248788593,99.3
CPI MoM,2010-11-17 13:30:01+00:00,2010-11-17,1773,USD,-0.001,-0.685908842374783,97.4
CPI YoY,2010-11-17 13:30:03+00:00,2010-11-17,1773,USD,-0.0009999999999999,-0.5399043426220844,96.0
Tokyo CPI Ex-Fresh Food YoY,2010-11-25 23:30:01+00:00,2010-11-26,1780,JPY,0.0,0.0949903192259631,91.1
Natl CPI YoY,2010-11-25 23:30:03+00:00,2010-11-26,1780,JPY,0.0,-0.1116206095928393,95.6
Change in Nonfarm Payrolls,2010-12-03 13:30:01+00:00,2010-12-03,1785,USD,-111000.0,-1.0027505616606285,99.3
FOMC Rate Decision (Upper Bound),2010-12-14 19:15:00+00:00,2010-12-14,1792,USD,0.0,0.105645452531228,98.0
CPI MoM,2010-12-15 13:30:00+00:00,2010-12-15,1793,USD,-0.001,-0.6829153514669131,97.4
CPI YoY,2010-12-15 13:30:02+00:00,2010-12-15,1793,USD,0.0,-1.621386941638217e-16,96.0
BOJ Target Rate,2010-12-21 03:55:00+00:00,2010-12-21,1797,JPY,0.0,0.0469726762186736,98.9
Tokyo CPI Ex-Fresh Food YoY,2010-12-27 23:30:05+00:00,2010-12-28,1802,JPY,0.0,0.0945614959560312,91.1
Natl CPI YoY,2010-12-27 23:30:07+00:00,2010-12-28,1802,JPY,0.0,-0.1111104105971974,95.6
Change in Nonfarm Payrolls,2011-01-07 13:30:01+00:00,2011-01-07,1810,USD,-47000.0,-0.3056547402917163,99.3
CPI MoM,2011-01-14 13:30:01+00:00,2011-01-14,1815,USD,0.001,0.8420706360561214,97.4
CPI YoY,2011-01-14 13:30:03+00:00,2011-01-14,1815,USD,0.002,1.0780362527123852,96.0
BOJ Target Rate,2011-01-25 03:30:00+00:00,2011-01-25,1822,JPY,0.0,0.0465916779820526,98.9
FOMC Rate Decision (Upper Bound),2011-01-26 19:15:00+00:00,2011-01-26,1823,USD,0.0,0.1051631912056173,98.0
Tokyo CPI Ex-Fresh Food YoY,2011-01-27 23:30:05+00:00,2011-01-28,1825,JPY,0.001,0.9243355918445292,91.1
Natl CPI YoY,2011-01-27 23:30:07+00:00,2011-01-28,1825,JPY,0.001,0.8485641876507074,95.6
Change in Nonfarm Payrolls,2011-02-04 13:30:01+00:00,2011-02-04,1830,USD,-110000.0,-0.9867834366585064,99.3
BOJ Target Rate,2011-02-15 03:37:00+00:00,2011-02-15,1837,JPY,0.0,0.0462197998023594,98.9
CPI MoM,2011-02-17 13:30:01+00:00,2011-02-17,1839,USD,0.001,0.8378490762026589,97.4
CPI YoY,2011-02-17 13:30:03+00:00,2011-02-17,1839,USD,0.0,-0.0122399382284799,96.0
Tokyo CPI Ex-Fresh Food YoY,2011-02-24 23:30:01+00:00,2011-02-25,1845,JPY,-0.001,-0.7447481076224781,91.1
Natl CPI YoY,2011-02-24 23:30:03+00:00,2011-02-25,1845,JPY,0.001,0.8420746537311674,95.6
Change in Nonfarm Payrolls,2011-03-04 13:30:01+00:00,2011-03-04,1850,USD,-4000.0,0.1668093323480826,99.3
BOJ Target Rate,2011-03-14 05:48:00+00:00,2011-03-14,1856,JPY,0.0,0.045856683658642,98.9
FOMC Rate Decision (Upper Bound),2011-03-15 18:15:00+00:00,2011-03-15,1857,USD,0.0,0.1046874747365848,98.0
CPI MoM,2011-03-17 12:30:01+00:00,2011-03-17,1859,USD,0.001,0.8336904966086893,97.4
CPI YoY,2011-03-17 12:30:03+00:00,2011-03-17,1859,USD,0.001,0.5294713785201262,96.0
Tokyo CPI Ex-Fresh Food YoY,2011-03-24 23:30:01+00:00,2011-03-25,1865,JPY,0.0,0.0927351041710103,91.1
Natl CPI YoY,2011-03-24 23:30:03+00:00,2011-03-25,1865,JPY,0.0,-0.1259555635576154,95.6
Change in Nonfarm Payrolls,2011-04-01 13:30:01+00:00,2011-04-01,1870,USD,26000.0,0.4921012325045844,99.3
BOJ Target Rate,2011-04-07 05:12:00+00:00,2011-04-07,1874,JPY,0.0,0.0455019908960948,98.9
CPI MoM,2011-04-15 13:30:01+00:00,2011-04-15,1880,USD,0.0,0.0665449207422581,97.4
CPI YoY,2011-04-15 13:30:03+00:00,2011-04-15,1880,USD,0.001,0.525727448843141,96.0
FOMC Rate Decision (Upper Bound),2011-04-27 17:30:00+00:00,2011-04-27,1888,USD,0.0,0.1042181564117662,98.0
Tokyo CPI Ex-Fresh Food YoY,2011-04-28 00:30:02+00:00,2011-04-28,1889,JPY,0.0,0.0923310974269495,91.1
Natl CPI YoY,2011-04-28 00:30:04+00:00,2011-04-28,1889,JPY,0.0,-0.1253980176399379,95.6
BOJ Target Rate,2011-04-28 05:31:00+00:00,2011-04-28,1889,JPY,0.0,0.0451554009001208,98.9
Change in Nonfarm Payrolls,2011-05-06 13:30:01+00:00,2011-05-06,1895,USD,59000.0,0.8494935882981264,99.3
CPI MoM,2011-05-13 13:30:01+00:00,2011-05-13,1900,USD,0.0,0.0663525829343588,97.4
CPI YoY,2011-05-13 13:30:03+00:00,2011-05-13,1900,USD,0.001,0.5220620246530123,96.0
BOJ Target Rate,2011-05-20 04:15:00+00:00,2011-05-20,1905,JPY,0.0,0.0448166098796528,98.9
Tokyo CPI Ex-Fresh Food YoY,2011-05-27 00:30:02+00:00,2011-05-27,1910,JPY,-0.001,-0.7477645044285249,91.1
Natl CPI YoY,2011-05-27 00:30:04+00:00,2011-05-27,1910,JPY,0.0,-0.1248478113433291,95.6
Change in Nonfarm Payrolls,2011-06-03 13:30:01+00:00,2011-06-03,1915,USD,-111000.0,-1.0066552480376554,99.3
BOJ Target Rate,2011-06-14 04:42:00+00:00,2011-06-14,1922,JPY,0.0,0.0444853297492531,98.9
CPI MoM,2011-06-15 13:30:01+00:00,2011-06-15,1923,USD,0.001,0.8336399815007167,97.4
CPI YoY,2011-06-15 13:30:03+00:00,2011-06-15,1923,USD,0.0019999999999999,1.0667420546749542,96.0
FOMC Rate Decision (Upper Bound),2011-06-22 17:30:00+00:00,2011-06-22,1928,USD,0.0,0.1037550940822777,98.0
Tokyo CPI Ex-Fresh Food YoY,2011-07-01 00:30:02+00:00,2011-07-01,1935,JPY,-0.001,-0.7428015063827113,91.1
Natl CPI YoY,2011-07-01 00:30:04+00:00,2011-07-01,1935,JPY,0.001,0.8499759624503876,95.6
Change in Nonfarm Payrolls,2011-07-08 13:30:01+00:00,2011-07-08,1940,USD,-87000.0,-0.7393440462300452,99.3
BOJ Target Rate,2011-07-12 05:20:00+00:00,2011-07-12,1942,JPY,,,98.9
CPI MoM,2011-07-15 13:30:01+00:00,2011-07-15,1945,USD,-0.001,-0.7067076500638071,97.4
CPI YoY,2011-07-15 13:30:03+00:00,2011-07-15,1945,USD,0.0,-0.0412394449636481,96.0
Tokyo CPI Ex-Fresh Food YoY,2011-07-29 00:30:02+00:00,2011-07-29,1955,JPY,0.002,1.7909063584598934,91.1
Natl CPI YoY,2011-07-29 00:30:04+00:00,2011-07-29,1955,JPY,0.0,-0.1317307306343483,95.6
BOJ Target Rate,2011-08-04 06:00:00+00:00,2011-08-04,1959,JPY,,,98.9
Change in Nonfarm Payrolls,2011-08-05 13:30:01+00:00,2011-08-05,1960,USD,32000.0,0.5619662959593348,99.3
FOMC Rate Decision (Upper Bound),2011-08-09 19:15:00+00:00,2011-08-09,1962,USD,0.0,0.103298149981815,98.0
CPI MoM,2011-08-18 13:30:01+00:00,2011-08-18,1969,USD,0.003,2.3733657411213267,97.4
CPI YoY,2011-08-18 13:30:03+00:00,2011-08-18,1969,USD,0.0029999999999999,1.611558775992807,96.0
Tokyo CPI Ex-Fresh Food YoY,2011-08-26 00:30:02+00:00,2011-08-26,1975,JPY,-0.001,-0.7461240662684272,91.1
Natl CPI YoY,2011-08-26 00:30:04+00:00,2011-08-26,1975,JPY,0.002,1.828028290573806,95.6
Change in Nonfarm Payrolls,2011-09-02 13:30:01+00:00,2011-09-02,1980,USD,-68000.0,-0.5330895885592367,99.3
BOJ Target Rate,2011-09-07 04:21:00+00:00,2011-09-07,1983,JPY,,,98.9
CPI MoM,2011-09-15 13:30:01+00:00,2011-09-15,1989,USD,0.002,1.5702960413673963,97.4
CPI YoY,2011-09-15 13:30:03+00:00,2011-09-15,1989,USD,0.002,1.0351274716837513,96.0
FOMC Rate Decision (Upper Bound),2011-09-21 19:15:00+00:00,2011-09-21,1993,USD,0.0,0.1028471905544419,98.0
Tokyo CPI Ex-Fresh Food YoY,2011-09-30 00:30:02+00:00,2011-09-30,2000,JPY,0.0,0.0955395059401136,91.1
Natl CPI YoY,2011-09-30 00:30:04+00:00,2011-09-30,2000,JPY,0.001,0.8250205916558373,95.6
BOJ Target Rate,2011-10-07 04:37:00+00:00,2011-10-07,2005,JPY,0.0,0.0441612871006555,98.9
Change in Nonfarm Payrolls,2011-10-07 13:30:01+00:00,2011-10-07,2005,USD,43000.0,0.6845297268127695,99.3
CPI MoM,2011-10-19 13:30:01+00:00,2011-10-19,2013,USD,0.0,0.0424893088024804,97.4
CPI YoY,2011-10-19 13:30:03+00:00,2011-10-19,2013,USD,0.0,-0.0682679870318088,96.0
BOJ Target Rate,2011-10-27 05:31:00+00:00,2011-10-27,2019,JPY,0.0,0.0438442222554162,98.9
Tokyo CPI Ex-Fresh Food YoY,2011-10-28 00:30:02+00:00,2011-10-28,2020,JPY,0.0,0.0951435805704964,91.1
Natl CPI YoY,2011-10-28 00:30:03+00:00,2011-10-28,2020,JPY,-0.001,-1.123655913747287,95.6
FOMC Rate Decision (Upper Bound),2011-11-02 16:30:00+00:00,2011-11-02,2023,USD,0.0,0.1024020862905778,98.0
Change in Nonfarm Payrolls,2011-11-04 12:30:01+00:00,2011-11-04,2025,USD,-15000.0,0.0454952816992014,99.3
BOJ Target Rate,2011-11-16 03:49:00+00:00,2011-11-16,2033,JPY,0.0,0.0435338883912225,98.9
CPI MoM,2011-11-16 13:30:01+00:00,2011-11-16,2033,USD,-0.001,-0.7160683982049362,97.4
CPI YoY,2011-11-16 13:30:03+00:00,2011-11-16,2033,USD,-0.002,-1.1659121860278134,96.0
Tokyo CPI Ex-Fresh Food YoY,2011-11-24 23:30:02+00:00,2011-11-25,2040,JPY,-0.002,-1.5928108967093837,91.1
Natl CPI YoY,2011-11-24 23:30:04+00:00,2011-11-25,2040,JPY,-0.001,-1.1132004758776883,95.6
Change in Nonfarm Payrolls,2011-12-02 13:30:01+00:00,2011-12-02,2045,USD,-5000.0,0.1553666008469103,99.3
FOMC Rate Decision (Upper Bound),2011-12-13 19:15:00+00:00,2011-12-13,2052,USD,0.0,0.101962711570727,98.0
CPI MoM,2011-12-16 13:30:01+00:00,2011-12-16,2055,USD,-0.001,-0.713067083796706,97.4
CPI YoY,2011-12-16 13:30:03+00:00,2011-12-16,2055,USD,-0.001,-0.6039430755155536,96.0
BOJ Target Rate,2011-12-21 03:16:00+00:00,2011-12-21,2058,JPY,0.0,0.0432300507351878,98.9
Tokyo CPI Ex-Fresh Food YoY,2011-12-27 23:30:02+00:00,2011-12-28,2063,JPY,0.001,0.9456251793351668,91.1
Natl CPI YoY,2011-12-27 23:30:04+00:00,2011-12-28,2063,JPY,-0.001,-1.103032333480728,95.6
Change in Nonfarm Payrolls,2012-01-06 13:30:01+00:00,2012-01-06,2070,USD,45000.0,0.7064419120840401,99.3
CPI MoM,2012-01-19 13:30:01+00:00,2012-01-19,2079,USD,-0.001,-0.710103256121216,97.4
CPI YoY,2012-01-19 13:30:03+00:00,2012-01-19,2079,USD,0.0,-0.0499834266113067,96.0
BOJ Target Rate,2012-01-24 03:31:00+00:00,2012-01-24,2082,JPY,0.0,0.0429324858181475,98.9
FOMC Rate Decision (Upper Bound),2012-01-25 17:30:00+00:00,2012-01-25,2083,USD,0.0,0.1015289445165221,98.0
Tokyo CPI Ex-Fresh Food YoY,2012-01-26 23:30:02+00:00,2012-01-27,2085,JPY,-0.001,-0.7395128882370393,91.1
Natl CPI YoY,2012-01-26 23:30:04+00:00,2012-01-27,2085,JPY,0.0,-0.1244350804039488,95.6
Change in Nonfarm Payrolls,2012-02-03 13:30:02+00:00,2012-02-03,2090,USD,103000.0,1.344162311153544,99.3
BOJ Target Rate,2012-02-14 03:43:00+00:00,2012-02-14,2097,JPY,0.0,0.0426409807845811,98.9
CPI MoM,2012-02-17 13:30:01+00:00,2012-02-17,2100,USD,-0.001,-0.7071761405139406,97.4
CPI YoY,2012-02-17 13:30:03+00:00,2012-02-17,2100,USD,0.0,-0.0497347912605995,96.0
Tokyo CPI Ex-Fresh Food YoY,2012-03-01 23:30:05+00:00,2012-03-02,2110,JPY,0.001,0.9460933660844644,91.1
Natl CPI YoY,2012-03-01 23:30:07+00:00,2012-03-02,2110,JPY,0.002,1.8212798879145211,95.6
Change in Nonfarm Payrolls,2012-03-09 13:30:02+00:00,2012-03-09,2115,USD,17000.0,0.3858766508517426,99.3
BOJ Target Rate,2012-03-13 05:07:00+00:00,2012-03-13,2117,JPY,0.0,0.0423553327533222,98.9
FOMC Rate Decision (Upper Bound),2012-03-13 18:15:00+00:00,2012-03-13,2117,USD,0.0,0.1011006668486796,98.0
CPI MoM,2012-03-16 12:30:01+00:00,2012-03-16,2120,USD,0.0,0.0583431348148789,97.4
CPI YoY,2012-03-16 12:30:03+00:00,2012-03-16,2120,USD,0.0,-0.0494898294004376,96.0
Tokyo CPI Ex-Fresh Food YoY,2012-03-30 00:30:05+00:00,2012-03-30,2130,JPY,0.0,0.0981050521967087,91.1
Natl CPI YoY,2012-03-30 00:30:07+00:00,2012-03-30,2130,JPY,0.003,2.7539944379889323,95.6
Change in Nonfarm Payrolls,2012-04-06 13:30:02+00:00,2012-04-06,2135,USD,-85000.0,-0.7422116768746945,99.3
BOJ Target Rate,2012-04-10 04:09:00+00:00,2012-04-10,2137,JPY,0.0,0.0420753482246988,98.9
CPI MoM,2012-04-13 13:30:01+00:00,2012-04-13,2140,USD,0.0,0.0581847052687304,97.4
CPI YoY,2012-04-13 13:30:03+00:00,2012-04-13,2140,USD,0.0,-0.049248451464625,96.0
FOMC Rate Decision (Upper Bound),2012-04-25 17:30:00+00:00,2012-04-25,2148,USD,0.0,0.1006777637514929,98.0
Natl CPI YoY,2012-04-27 00:30:04+00:00,2012-04-27,2150,JPY,0.001,0.7844383871393982,95.6
Tokyo CPI Ex-Fresh Food YoY,2012-04-27 00:30:08+00:00,2012-04-27,2150,JPY,-0.002,-1.5907328140217094,91.1
BOJ Target Rate,2012-04-27 04:46:00+00:00,2012-04-27,2150,JPY,,,98.9
Change in Nonfarm Payrolls,2012-05-04 13:30:02+00:00,2012-05-04,2155,USD,-45000.0,-0.2965953526536634,99.3
CPI MoM,2012-05-15 13:30:01+00:00,2012-05-15,2162,USD,0.0,0.058027559369644,97.4
CPI YoY,2012-05-15 13:30:03+00:00,2012-05-15,2162,USD,0.0,-0.0490105709144325,96.0
BOJ Target Rate,2012-05-23 03:37:00+00:00,2012-05-23,2168,JPY,,,98.9
Natl CPI YoY,2012-05-25 00:30:04+00:00,2012-05-25,2170,JPY,0.0,-0.1615246167440406,95.6
Tokyo CPI Ex-Fresh Food YoY,2012-05-25 00:30:08+00:00,2012-05-25,2170,JPY,-0.003,-2.40824962427533,91.1
Change in Nonfarm Payrolls,2012-06-01 13:30:01+00:00,2012-06-01,2175,USD,-81000.0,-0.6949346620470686,99.3
CPI MoM,2012-06-14 13:30:01+00:00,2012-06-14,2184,USD,-0.001,-0.7109949242004844,97.4
CPI YoY,2012-06-14 13:30:03+00:00,2012-06-14,2184,USD,-0.0009999999999999,-0.6124110849153009,96.0
BOJ Target Rate,2012-06-15 03:52:00+00:00,2012-06-15,2185,JPY,,,98.9
FOMC Rate Decision (Upper Bound),2012-06-20 17:30:00+00:00,2012-06-20,2188,USD,0.0,0.1002601237435082,98.0
Natl CPI YoY,2012-06-29 00:30:04+00:00,2012-06-29,2195,JPY,0.0,-0.160880886513468,95.6
Tokyo CPI Ex-Fresh Food YoY,2012-06-29 00:30:08+00:00,2012-06-29,2195,JPY,0.0009999999999999,0.9499304742926804,91.1
Change in Nonfarm Payrolls,2012-07-06 13:30:01+00:00,2012-07-06,2200,USD,-20000.0,-0.0147264112080533,99.3
BOJ Target Rate,2012-07-12 04:51:00.776000+00:00,2012-07-12,2204,JPY,,,98.9
CPI MoM,2012-07-17 13:30:01+00:00,2012-07-17,2207,USD,0.0,0.0617563863223825,97.4
CPI YoY,2012-07-17 13:30:03+00:00,2012-07-17,2207,USD,0.001,0.5222719314547597,96.0
Natl CPI YoY,2012-07-27 00:30:04+00:00,2012-07-27,2215,JPY,-0.002,-2.0567198697347298,95.6
Tokyo CPI Ex-Fresh Food YoY,2012-07-27 00:30:08+00:00,2012-07-27,2215,JPY,0.0009999999999999,0.9430056163452828,91.1
FOMC Rate Decision (Upper Bound),2012-08-01 19:15:00+00:00,2012-08-01,2218,USD,0.0,0.0998476385540553,98.0
Change in Nonfarm Payrolls,2012-08-03 13:30:01+00:00,2012-08-03,2220,USD,63000.0,0.9095561353911558,99.3
BOJ Target Rate,2012-08-09 04:20:00.887000+00:00,2012-08-09,2224,JPY,0.0,0.0418008425301719,98.9
CPI MoM,2012-08-15 13:30:01+00:00,2012-08-15,2228,USD,-0.002,-1.482318325848233,97.4
CPI YoY,2012-08-15 13:30:03+00:00,2012-08-15,2228,USD,-0.002,-1.1828106238505456,96.0
Natl CPI YoY,2012-08-31 00:30:04+00:00,2012-08-31,2240,JPY,-0.001,-1.0793660273113947,95.6
Tokyo CPI Ex-Fresh Food YoY,2012-08-31 00:30:08+00:00,2012-08-31,2240,JPY,0.001,0.936230403170359,91.1
Change in Nonfarm Payrolls,2012-09-07 13:30:01+00:00,2012-09-07,2245,USD,-34000.0,-0.175557320614225,99.3
FOMC Rate Decision (Upper Bound),2012-09-13 17:30:00+00:00,2012-09-13,2249,USD,0.0,0.0994402030053194,98.0
CPI MoM,2012-09-14 13:30:01+00:00,2012-09-14,2250,USD,0.0,0.0692172085331127,97.4
CPI YoY,2012-09-14 13:30:03+00:00,2012-09-14,2250,USD,0.0,-0.0370470671775971,96.0
BOJ Target Rate,2012-09-19 04:44:00.191000+00:00,2012-09-19,2253,JPY,0.0,0.0415316393209188,98.9
Natl CPI YoY,2012-09-28 00:30:04+00:00,2012-09-28,2260,JPY,0.001,0.8017910326945182,95.6
Tokyo CPI Ex-Fresh Food YoY,2012-09-28 00:30:08+00:00,2012-09-28,2260,JPY,-0.001,-0.7207990866083267,91.1
BOJ Target Rate,2012-10-05 04:14:00.661000+00:00,2012-10-05,2265,JPY,0.0,0.0412675700921463,98.9
Change in Nonfarm Payrolls,2012-10-05 13:30:01+00:00,2012-10-05,2265,USD,-1000.0,0.193532586895948,99.3
CPI MoM,2012-10-16 13:30:01+00:00,2012-10-16,2272,USD,0.001,0.8406015389123651,97.4
CPI YoY,2012-10-16 13:30:03+00:00,2012-10-16,2272,USD,0.001,0.5320756196325104,96.0
FOMC Rate Decision (Upper Bound),2012-10-24 19:15:00+00:00,2012-10-24,2278,USD,0.0,0.0990377148996652,98.0
Natl CPI YoY,2012-10-26 00:30:04+00:00,2012-10-26,2280,JPY,0.001,0.7968185717705806,95.6
Tokyo CPI Ex-Fresh Food YoY,2012-10-26 00:30:08+00:00,2012-10-26,2280,JPY,0.001,0.9367392525190404,91.1
BOJ Target Rate,2012-10-30 05:49:00.156000+00:00,2012-10-30,2282,JPY,0.0,0.0410084737402219,98.9
Change in Nonfarm Payrolls,2012-11-02 12:30:01+00:00,2012-11-02,2285,USD,46000.0,0.7193442794988949,99.3
CPI MoM,2012-11-15 13:30:01+00:00,2012-11-15,2294,USD,0.0,0.0646844446788417,97.4
CPI YoY,2012-11-15 13:30:03+00:00,2012-11-15,2294,USD,0.0009999999999999,0.5289590912226012,96.0
BOJ Target Rate,2012-11-20 03:14:00+00:00,2012-11-20,2297,JPY,0.0,0.0407541961499801,98.9
Natl CPI YoY,2012-11-29 23:30:04+00:00,2012-11-30,2305,JPY,0.0,-0.1468119814572116,95.6
Tokyo CPI Ex-Fresh Food YoY,2012-11-29 23:30:08+00:00,2012-11-30,2305,JPY,-0.001,-0.7240376516927783,91.1
Change in Nonfarm Payrolls,2012-12-07 13:30:01+00:00,2012-12-07,2310,USD,61000.0,0.884662766016337,99.3
FOMC Rate Decision (Upper Bound),2012-12-12 17:30:00+00:00,2012-12-12,2313,USD,0.0,0.0986400749119379,98.0
CPI MoM,2012-12-14 13:30:01+00:00,2012-12-14,2315,USD,-0.001,-0.7096754861740887,97.4
CPI YoY,2012-12-14 13:30:03+00:00,2012-12-14,2315,USD,-0.001,-0.6196209857476771,96.0
BOJ Target Rate,2012-12-20 04:03:00.680000+00:00,2012-12-20,2319,JPY,0.0,0.0405045898098049,98.9
Natl CPI YoY,2012-12-27 23:30:04+00:00,2012-12-28,2325,JPY,0.0,-0.1462554330254683,95.6
Tokyo CPI Ex-Fresh Food YoY,2012-12-27 23:30:08+00:00,2012-12-28,2325,JPY,-0.001,-0.7199641198831273,91.1
Change in Nonfarm Payrolls,2013-01-04 13:30:01+00:00,2013-01-04,2330,USD,3000.0,0.229770907151971,99.3
CPI MoM,2013-01-16 13:30:01+00:00,2013-01-16,2338,USD,0.0,0.0682818115652529,97.4
CPI YoY,2013-01-16 13:30:03+00:00,2013-01-16,2338,USD,-0.0009999999999999,-0.6157753107040909,96.0
BOJ Target Rate,2013-01-22 03:49:00.186000+00:00,2013-01-22,2342,JPY,0.0,0.040259513452306,98.9
Natl CPI YoY,2013-01-24 23:30:04+00:00,2013-01-25,2345,JPY,0.001,0.7999774087978528,95.6
Tokyo CPI Ex-Fresh Food YoY,2013-01-24 23:30:08+00:00,2013-01-25,2345,JPY,0.0,0.1141383478335265,91.1
FOMC Rate Decision (Upper Bound),2013-01-30 19:15:00+00:00,2013-01-30,2348,USD,0.0,0.0982471864864824,98.0
Change in Nonfarm Payrolls,2013-02-01 13:30:01+00:00,2013-02-01,2350,USD,-8000.0,0.1054126278013974,99.3
BOJ Target Rate,2013-02-14 03:39:00.352000+00:00,2013-02-14,2359,JPY,0.0,0.0400188317186021,98.9
CPI MoM,2013-02-21 13:30:01+00:00,2013-02-21,2364,USD,-0.001,-0.7091004371820329,97.4
CPI YoY,2013-02-21 13:30:03+00:00,2013-02-21,2364,USD,0.0,-0.0360000311351756,96.0
Natl CPI YoY,2013-02-28 23:30:04+00:00,2013-03-01,2370,JPY,-0.001,-1.098755237518908,95.6
Tokyo CPI Ex-Fresh Food YoY,2013-02-28 23:30:08+00:00,2013-03-01,2370,JPY,-0.001,-0.7194072830733508,91.1
BOJ Target Rate,2013-03-07 03:24:00.193000+00:00,2013-03-07,2374,JPY,0.0,0.0397824148444002,98.9
Change in Nonfarm Payrolls,2013-03-08 13:30:01+00:00,2013-03-08,2375,USD,71000.0,0.9960327731312804,99.3
CPI MoM,2013-03-15 12:30:01+00:00,2013-03-15,2380,USD,0.0019999999999999,1.6282529509748709,97.4
CPI YoY,2013-03-15 12:30:03+00:00,2013-03-15,2380,USD,0.001,0.5427443234302991,96.0
FOMC Rate Decision (Upper Bound),2013-03-20 18:00:00+00:00,2013-03-20,2383,USD,0.0,0.0978589557386407,98.0
Natl CPI YoY,2013-03-28 23:30:04+00:00,2013-03-29,2390,JPY,0.0,-0.1436676558629702,95.6
Tokyo CPI Ex-Fresh Food YoY,2013-03-28 23:30:08+00:00,2013-03-29,2390,JPY,0.001,0.9537515809472126,91.1
BOJ Target Rate,2013-04-04 05:42:00.524000+00:00,2013-04-04,2394,JPY,0.0,0.039550138366218,98.9
Change in Nonfarm Payrolls,2013-04-05 13:30:02+00:00,2013-04-05,2395,USD,-102000.0,-0.9601115249695552,99.3
CPI MoM,2013-04-16 13:30:01+00:00,2013-04-16,2402,USD,-0.002,-1.486661276717057,97.4
CPI YoY,2013-04-16 13:30:03+00:00,2013-04-16,2402,USD,-0.001,-0.6211374073250917,96.0
Natl CPI YoY,2013-04-26 00:30:01+00:00,2013-04-26,2410,JPY,-0.001,-1.0928127776672392,95.6
Tokyo CPI Ex-Fresh Food YoY,2013-04-26 00:30:05+00:00,2013-04-26,2410,JPY,0.001,0.9472226819516052,91.1
BOJ Target Rate,2013-04-26 05:35:00+00:00,2013-04-26,2410,JPY,,,98.9
FOMC Rate Decision (Upper Bound),2013-05-01 19:00:00+00:00,2013-05-01,2413,USD,0.0,0.0974752913604963,98.0
Change in Nonfarm Payrolls,2013-05-03 13:30:02+00:00,2013-05-03,2415,USD,25000.0,0.4771896703867953,99.3
CPI MoM,2013-05-16 13:30:01+00:00,2013-05-16,2424,USD,-0.001,-0.7020092026904701,97.4
CPI YoY,2013-05-16 13:30:03+00:00,2013-05-16,2424,USD,-0.002,-1.1993963016777909,96.0
BOJ Target Rate,2013-05-22 04:07:00+00:00,2013-05-22,2428,JPY,,,98.9
Natl CPI YoY,2013-05-31 00:30:01+00:00,2013-05-31,2435,JPY,0.0,-0.1351863417841153,95.6
Tokyo CPI Ex-Fresh Food YoY,2013-05-31 00:30:05+00:00,2013-05-31,2435,JPY,0.003,2.6112853537144387,91.1
Change in Nonfarm Payrolls,2013-06-07 13:30:02+00:00,2013-06-07,2440,USD,12000.0,0.3287588216479328,99.3
BOJ Target Rate,2013-06-11 03:48:00+00:00,2013-06-11,2442,JPY,,,98.9
CPI MoM,2013-06-18 13:30:01+00:00,2013-06-18,2447,USD,-0.001,-0.6993689800202725,97.4
CPI YoY,2013-06-18 13:30:03+00:00,2013-06-18,2447,USD,0.0,-0.0250392334673737,96.0
FOMC Rate Decision (Upper Bound),2013-06-19 19:00:00+00:00,2013-06-19,2448,USD,0.0,0.0970961045306539,98.0
Natl CPI YoY,2013-06-28 00:30:01+00:00,2013-06-28,2455,JPY,0.001,0.8177078468507751,95.6
Tokyo CPI Ex-Fresh Food YoY,2013-06-28 00:30:05+00:00,2013-06-28,2455,JPY,0.0,0.0853362026430548,91.1
Change in Nonfarm Payrolls,2013-07-05 13:30:02+00:00,2013-07-05,2460,USD,29000.0,0.5204168292425068,99.3
BOJ Target Rate,2013-07-11 03:47:00+00:00,2013-07-11,2464,JPY,,,98.9
CPI MoM,2013-07-16 13:30:01+00:00,2013-07-16,2467,USD,0.002,1.627067026565938,97.4
CPI YoY,2013-07-16 13:30:03+00:00,2013-07-16,2467,USD,0.0019999999999999,1.1419248810268394,96.0
Natl CPI YoY,2013-07-26 00:30:01+00:00,2013-07-26,2475,JPY,0.001,0.8128848273713228,95.6
Tokyo CPI Ex-Fresh Food YoY,2013-07-26 00:30:05+00:00,2013-07-26,2475,JPY,0.0,0.0850351348580312,91.1
FOMC Rate Decision (Upper Bound),2013-07-31 19:00:00+00:00,2013-07-31,2478,USD,0.0,0.0967213088278488,98.0
Change in Nonfarm Payrolls,2013-08-02 13:30:01+00:00,2013-08-02,2480,USD,-23000.0,-0.0714394743970222,99.3
BOJ Target Rate,2013-08-08 03:59:00+00:00,2013-08-08,2484,JPY,,,98.9
CPI MoM,2013-08-15 13:30:04+00:00,2013-08-15,2489,USD,0.0,0.0694302774791171,97.4
CPI YoY,2013-08-15 13:30:06+00:00,2013-08-15,2489,USD,0.0,-0.0345669403008805,96.0
Natl CPI YoY,2013-08-30 00:30:01+00:00,2013-08-30,2500,JPY,0.0,-0.1465689708732218,95.6
Tokyo CPI Ex-Fresh Food YoY,2013-08-30 00:30:05+00:00,2013-08-30,2500,JPY,0.0,0.084737231277469,91.1
BOJ Target Rate,2013-09-05 03:42:00+00:00,2013-09-05,2504,JPY,,,98.9
Change in Nonfarm Payrolls,2013-09-06 13:30:01+00:00,2013-09-06,2505,USD,-11000.0,0.0652822906264972,99.3
CPI MoM,2013-09-17 13:30:04+00:00,2013-09-17,2512,USD,-0.001,-0.7041167074660757,97.4
CPI YoY,2013-09-17 13:30:06+00:00,2013-09-17,2512,USD,-0.001,-0.6196042162972207,96.0
FOMC Rate Decision (Upper Bound),2013-09-18 19:00:00+00:00,2013-09-18,2513,USD,0.0,0.0963508201481977,98.0
Natl CPI YoY,2013-09-27 00:30:01+00:00,2013-09-27,2520,JPY,0.001,0.8119742135133724,95.6
Tokyo CPI Ex-Fresh Food YoY,2013-09-27 00:30:05+00:00,2013-09-27,2520,JPY,-0.001,-0.7427487813675069,91.1
BOJ Target Rate,2013-10-04 03:49:00+00:00,2013-10-04,2525,JPY,,,98.9
Change in Nonfarm Payrolls,2013-10-22 13:30:01+00:00,2013-10-22,2537,USD,-32000.0,-0.1744319064614733,99.3
Natl CPI YoY,2013-10-25 00:30:01+00:00,2013-10-25,2540,JPY,0.0019999999999999,1.7664917880926456,95.6
Tokyo CPI Ex-Fresh Food YoY,2013-10-25 00:30:05+00:00,2013-10-25,2540,JPY,0.0,0.0897057813584048,91.1
CPI MoM,2013-10-30 12:30:01+00:00,2013-10-30,2543,USD,0.0,0.0728349652232382,97.4
CPI YoY,2013-10-30 12:30:03+00:00,2013-10-30,2543,USD,0.0,-0.0293355202943483,96.0
FOMC Rate Decision (Upper Bound),2013-10-30 18:00:00+00:00,2013-10-30,2543,USD,0.0,0.09598455662591,98.0
BOJ Target Rate,2013-10-31 04:14:00+00:00,2013-10-31,2544,JPY,,,98.9
Change in Nonfarm Payrolls,2013-11-08 13:30:01+00:00,2013-11-08,2550,USD,84000.0,1.1524807903978649,99.3
CPI MoM,2013-11-20 13:30:05+00:00,2013-11-20,2558,USD,-0.001,-0.7036090616296105,97.4
CPI YoY,2013-11-20 13:30:07+00:00,2013-11-20,2558,USD,0.0,-0.0292149573045969,96.0
BOJ Target Rate,2013-11-21 03:15:00+00:00,2013-11-21,2559,JPY,,,98.9
Natl CPI YoY,2013-11-28 23:30:01+00:00,2013-11-29,2565,JPY,0.0,-0.1628703159771809,95.6
Tokyo CPI Ex-Fresh Food YoY,2013-11-28 23:30:05+00:00,2013-11-29,2565,JPY,0.002,1.7520807874436923,91.1
Change in Nonfarm Payrolls,2013-12-06 13:30:01+00:00,2013-12-06,2570,USD,18000.0,0.3917194093760706,99.3
CPI MoM,2013-12-17 13:30:01+00:00,2013-12-17,2577,USD,-0.001,-0.7010366015540805,97.4
CPI YoY,2013-12-17 13:30:03+00:00,2013-12-17,2577,USD,-0.0009999999999999,-0.6207118623003731,96.0
FOMC Rate Decision (Upper Bound),2013-12-18 19:00:04+00:00,2013-12-18,2578,USD,0.0,0.0956224385572891,98.0
BOJ Target Rate,2013-12-20 02:57:00+00:00,2013-12-20,2580,JPY,,,98.9
Natl CPI YoY,2013-12-26 23:30:01+00:00,2013-12-27,2585,JPY,0.0,-0.1623005967383558,95.6
Tokyo CPI Ex-Fresh Food YoY,2013-12-26 23:30:05+00:00,2013-12-27,2585,JPY,0.0,0.0769407735999243,91.1
Change in Nonfarm Payrolls,2014-01-10 13:30:01+00:00,2014-01-10,2595,USD,-123000.0,-1.223848346849814,99.3
CPI MoM,2014-01-16 13:30:01+00:00,2014-01-16,2599,USD,0.0,0.0797192176011147,97.4
CPI YoY,2014-01-16 13:30:03+00:00,2014-01-16,2599,USD,0.0,-0.0241105601400169,96.0
BOJ Target Rate,2014-01-22 03:20:00+00:00,2014-01-22,2603,JPY,,,98.9
FOMC Rate Decision (Upper Bound),2014-01-29 19:00:04+00:00,2014-01-29,2608,USD,0.0,0.095264388327865,98.0
Natl CPI YoY,2014-01-30 23:30:01+00:00,2014-01-31,2610,JPY,0.001,0.7969451156637402,95.6
Tokyo CPI Ex-Fresh Food YoY,2014-01-30 23:30:05+00:00,2014-01-31,2610,JPY,0.0,0.0766806282457512,91.1
Change in Nonfarm Payrolls,2014-02-07 13:30:01+00:00,2014-02-07,2615,USD,-67000.0,-0.5759197575261649,99.3
BOJ Target Rate,2014-02-18 03:28:00+00:00,2014-02-18,2622,JPY,,,98.9
CPI MoM,2014-02-20 13:30:01+00:00,2014-02-20,2624,USD,0.0,0.0795252024563992,97.4
CPI YoY,2014-02-20 13:30:03+00:00,2014-02-20,2624,USD,0.0,-0.0240138802388651,96.0
Natl CPI YoY,2014-02-27 23:30:01+00:00,2014-02-28,2630,JPY,0.001,0.7925561737106448,95.6
Tokyo CPI Ex-Fresh Food YoY,2014-02-27 23:30:05+00:00,2014-02-28,2630,JPY,0.001,0.9075940878426948,91.1
Change in Nonfarm Payrolls,2014-03-07 13:30:01+00:00,2014-03-07,2635,USD,26000.0,0.4912761944537657,99.3
BOJ Target Rate,2014-03-11 03:00:00+00:00,2014-03-11,2637,JPY,,,98.9
CPI MoM,2014-03-18 12:30:01+00:00,2014-03-18,2642,USD,0.0,0.0793325970070151,97.4
CPI YoY,2014-03-18 12:30:03+00:00,2014-03-18,2642,USD,-0.001,-0.6218772042845488,96.0
FOMC Rate Decision (Upper Bound),2014-03-19 18:00:04+00:00,2014-03-19,2643,USD,0.0,0.094910330342506,98.0
Natl CPI YoY,2014-03-27 23:30:01+00:00,2014-03-28,2650,JPY,0.0,-0.1728707695792443,95.6
Tokyo CPI Ex-Fresh Food YoY,2014-03-27 23:30:05+00:00,2014-03-28,2650,JPY,0.0009999999999999,0.9020938587869286,91.1
Change in Nonfarm Payrolls,2014-04-04 13:30:01+00:00,2014-04-04,2655,USD,-8000.0,0.0995932401369254,99.3
BOJ Target Rate,2014-04-08 03:50:00+00:00,2014-04-08,2657,JPY,,,98.9
CPI MoM,2014-04-15 13:30:01+00:00,2014-04-15,2662,USD,0.001,0.8630179522110414,97.4
CPI YoY,2014-04-15 13:30:03+00:00,2014-04-15,2662,USD,0.0009999999999999,0.5804087097054129,96.0
Natl CPI YoY,2014-04-25 00:30:01+00:00,2014-04-25,2670,JPY,0.0,-0.1722801738481875,95.6
Tokyo CPI Ex-Fresh Food YoY,2014-04-25 00:30:05+00:00,2014-04-25,2670,JPY,-0.001,-0.7677276307344848,91.1
BOJ Target Rate,2014-04-30 04:51:00+00:00,2014-04-30,2673,JPY,,,98.9
FOMC Rate Decision (Upper Bound),2014-04-30 19:00:04+00:00,2014-04-30,2673,USD,0.0,0.0945601909583668,98.0
Change in Nonfarm Payrolls,2014-05-02 13:30:01+00:00,2014-05-02,2675,USD,70000.0,0.9966831550854536,99.3
CPI MoM,2014-05-15 13:30:02+00:00,2014-05-15,2684,USD,0.0,0.0750588149801592,97.4
CPI YoY,2014-05-15 13:30:04+00:00,2014-05-15,2684,USD,0.0,-0.0236625397763086,96.0
BOJ Target Rate,2014-05-21 03:41:00+00:00,2014-05-21,2688,JPY,,,98.9
Natl CPI YoY,2014-05-30 00:30:01+00:00,2014-05-30,2695,JPY,0.0,-0.1716955913621676,95.6
Tokyo CPI Ex-Fresh Food YoY,2014-05-30 00:30:05+00:00,2014-05-30,2695,JPY,-0.001,-0.7637256665008048,91.1
Change in Nonfarm Payrolls,2014-06-06 13:30:01+00:00,2014-06-06,2700,USD,2000.0,0.2095836222344499,99.3
BOJ Target Rate,2014-06-13 03:41:00+00:00,2014-06-13,2705,JPY,,,98.9
CPI MoM,2014-06-17 13:30:01+00:00,2014-06-17,2707,USD,0.002,1.6473542391571234,97.4
CPI YoY,2014-06-17 13:30:03+00:00,2014-06-17,2707,USD,0.001,0.5798368948553329,96.0
FOMC Rate Decision (Upper Bound),2014-06-18 19:00:04+00:00,2014-06-18,2708,USD,0.0,0.0942138984205376,98.0
Natl CPI YoY,2014-06-27 00:30:01+00:00,2014-06-27,2715,JPY,0.0,-0.1711169207483777,95.6
Tokyo CPI Ex-Fresh Food YoY,2014-06-27 00:30:05+00:00,2014-06-27,2715,JPY,0.0,0.0747240846218439,91.1
Change in Nonfarm Payrolls,2014-07-03 13:30:01+00:00,2014-07-03,2719,USD,73000.0,1.027778698502302,99.3
BOJ Target Rate,2014-07-15 03:58:00+00:00,2014-07-15,2727,JPY,,,98.9
CPI MoM,2014-07-22 13:30:01+00:00,2014-07-22,2732,USD,0.0,0.0668023816365087,97.4
CPI YoY,2014-07-22 13:30:03+00:00,2014-07-22,2732,USD,0.0,-0.028138809055979,96.0
Natl CPI YoY,2014-07-25 00:30:01+00:00,2014-07-25,2735,JPY,0.0009999999999999,0.8030843564173751,95.6
Tokyo CPI Ex-Fresh Food YoY,2014-07-25 00:30:05+00:00,2014-07-25,2735,JPY,0.001,0.9117164809469872,91.1
FOMC Rate Decision (Upper Bound),2014-07-30 19:00:04+00:00,2014-07-30,2738,USD,0.0,0.0938713828002672,98.0
Change in Nonfarm Payrolls,2014-08-01 13:30:01+00:00,2014-08-01,2740,USD,-21000.0,-0.0610695126836928,99.3
BOJ Target Rate,2014-08-08 04:08:00+00:00,2014-08-08,2745,JPY,,,98.9
CPI MoM,2014-08-19 13:30:01+00:00,2014-08-19,2752,USD,0.0,0.0666446863272094,97.4
CPI YoY,2014-08-19 13:30:03+00:00,2014-08-19,2752,USD,0.0,-0.0280311301502835,96.0
Natl CPI YoY,2014-08-29 00:30:01+00:00,2014-08-29,2760,JPY,0.0,-0.1759656012107112,95.6
Tokyo CPI Ex-Fresh Food YoY,2014-08-29 00:30:05+00:00,2014-08-29,2760,JPY,0.0,0.0686380860994444,91.1
BOJ Target Rate,2014-09-04 04:07:00+00:00,2014-09-04,2764,JPY,,,98.9
Change in Nonfarm Payrolls,2014-09-05 13:30:01+00:00,2014-09-05,2765,USD,-88000.0,-0.835270916277828,99.3
CPI MoM,2014-09-17 13:30:01+00:00,2014-09-17,2773,USD,-0.002,-1.507063657736869,97.4
CPI YoY,2014-09-17 13:30:03+00:00,2014-09-17,2773,USD,-0.0019999999999999,-1.2473022811445085,96.0
FOMC Rate Decision (Upper Bound),2014-09-17 19:00:04+00:00,2014-09-17,2773,USD,0.0,0.0935325759356393,98.0
Natl CPI YoY,2014-09-26 00:30:01+00:00,2014-09-26,2780,JPY,0.0,-0.1753831182263571,95.6
Tokyo CPI Ex-Fresh Food YoY,2014-09-26 00:30:05+00:00,2014-09-26,2780,JPY,0.0,0.068418122664348,91.1
Change in Nonfarm Payrolls,2014-10-03 13:30:01+00:00,2014-10-03,2785,USD,33000.0,0.5675481166457521,99.3
BOJ Target Rate,2014-10-07 05:57:00+00:00,2014-10-07,2787,JPY,,,98.9
CPI MoM,2014-10-22 13:30:01+00:00,2014-10-22,2798,USD,0.001,0.8577717458516825,97.4
CPI YoY,2014-10-22 13:30:02+00:00,2014-10-22,2798,USD,0.001,0.5899896876734623,96.0
FOMC Rate Decision (Upper Bound),2014-10-29 18:00:04+00:00,2014-10-29,2803,USD,0.0,0.0931974113745866,98.0
Natl CPI YoY,2014-10-30 23:30:01+00:00,2014-10-31,2805,JPY,-0.001,-1.1557342861446638,95.6
Tokyo CPI Ex-Fresh Food YoY,2014-10-30 23:30:05+00:00,2014-10-31,2805,JPY,0.0,0.0682002604741701,91.1
BOJ Target Rate,2014-10-31 04:44:00+00:00,2014-10-31,2805,JPY,,,98.9
Change in Nonfarm Payrolls,2014-11-07 13:30:01+00:00,2014-11-07,2810,USD,-21000.0,-0.0597803939916396,99.3
BOJ Target Rate,2014-11-19 03:24:00+00:00,2014-11-19,2818,JPY,,,98.9
CPI MoM,2014-11-20 13:30:01+00:00,2014-11-20,2819,USD,0.001,0.8543165238709218,97.4
CPI YoY,2014-11-20 13:30:03+00:00,2014-11-20,2819,USD,0.001,0.5870108466250166,96.0
Natl CPI YoY,2014-11-27 23:30:01+00:00,2014-11-28,2825,JPY,-0.0009999999999999,-1.1471704419368909,95.6
Tokyo CPI Ex-Fresh Food YoY,2014-11-27 23:30:05+00:00,2014-11-28,2825,JPY,0.0,0.0679844662867786,91.1
Change in Nonfarm Payrolls,2014-12-05 13:30:01+00:00,2014-12-05,2830,USD,91000.0,1.240883957157264,99.3
CPI MoM,2014-12-17 13:30:01+00:00,2014-12-17,2838,USD,-0.002,-1.505443388490879,97.4
CPI YoY,2014-12-17 13:30:03+00:00,2014-12-17,2838,USD,-0.001,-0.6388339552180917,96.0
FOMC Rate Decision (Upper Bound),2014-12-17 19:00:04+00:00,2014-12-17,2838,USD,0.0,0.0928658243201358,98.0
BOJ Target Rate,2014-12-19 03:28:00+00:00,2014-12-19,2840,JPY,,,98.9
Natl CPI YoY,2014-12-25 23:30:01+00:00,2014-12-26,2845,JPY,-0.001,-1.1387945750165385,95.6
Tokyo CPI Ex-Fresh Food YoY,2014-12-25 23:30:05+00:00,2014-12-26,2845,JPY,0.0,0.0677707075916586,91.1
Change in Nonfarm Payrolls,2015-01-09 13:30:01+00:00,2015-01-09,2855,USD,12000.0,0.3173550100969002,99.3
CPI MoM,2015-01-16 13:30:01+00:00,2015-01-16,2860,USD,0.0,0.0721820431302868,97.4
CPI YoY,2015-01-16 13:30:03+00:00,2015-01-16,2860,USD,0.001,0.5901202858143416,96.0
BOJ Target Rate,2015-01-21 03:29:00+00:00,2015-01-21,2863,JPY,,,98.9
FOMC Rate Decision (Upper Bound),2015-01-28 19:00:04+00:00,2015-01-28,2868,USD,0.0,0.0925377515777808,98.0
Natl CPI YoY,2015-01-29 23:30:01+00:00,2015-01-30,2870,JPY,0.001,0.8254978619062354,95.6
Tokyo CPI Ex-Fresh Food YoY,2015-01-29 23:30:05+00:00,2015-01-30,2870,JPY,0.0,0.0675589525893392,91.1
Change in Nonfarm Payrolls,2015-02-06 13:30:01+00:00,2015-02-06,2875,USD,29000.0,0.5141154997889914,99.3
BOJ Target Rate,2015-02-18 02:49:00+00:00,2015-02-18,2883,JPY,,,98.9
CPI MoM,2015-02-26 13:30:01+00:00,2015-02-26,2889,USD,-0.0009999999999999,-0.7129603582843509,97.4
CPI YoY,2015-02-26 13:30:03+00:00,2015-02-26,2889,USD,0.0,-0.0271018121916963,96.0
Natl CPI YoY,2015-02-26 23:30:01+00:00,2015-02-27,2890,JPY,0.0,-0.1578707235373327,95.6
Tokyo CPI Ex-Fresh Food YoY,2015-02-26 23:30:05+00:00,2015-02-27,2890,JPY,0.0,0.0673491701715235,91.1
Change in Nonfarm Payrolls,2015-03-06 13:30:01+00:00,2015-03-06,2895,USD,60000.0,0.8735090393389049,99.3
BOJ Target Rate,2015-03-17 03:04:00+00:00,2015-03-17,2902,JPY,,,98.9
FOMC Rate Decision (Upper Bound),2015-03-18 18:00:04+00:00,2015-03-18,2903,USD,0.0,0.0922131315048862,98.0
CPI MoM,2015-03-24 12:30:01+00:00,2015-03-24,2907,USD,0.0,0.0753571561996818,97.4
CPI YoY,2015-03-24 12:30:03+00:00,2015-03-24,2907,USD,0.001,0.5895737175799789,96.0
Natl CPI YoY,2015-03-26 23:30:01+00:00,2015-03-27,2910,JPY,-0.001,-1.139411182540059,95.6
Tokyo CPI Ex-Fresh Food YoY,2015-03-26 23:30:05+00:00,2015-03-27,2910,JPY,0.0,0.0671413299018927,91.1
Change in Nonfarm Payrolls,2015-04-03 13:30:01+00:00,2015-04-03,2915,USD,-119000.0,-1.2150674426211594,99.3
BOJ Target Rate,2015-04-08 04:36:00+00:00,2015-04-08,2918,JPY,,,98.9
CPI MoM,2015-04-17 13:30:01+00:00,2015-04-17,2925,USD,-0.001,-0.7124721560550481,97.4
CPI YoY,2015-04-17 13:30:03+00:00,2015-04-17,2925,USD,-0.001,-0.6494068316341242,96.0
FOMC Rate Decision (Upper Bound),2015-04-29 19:00:04+00:00,2015-04-29,2933,USD,0.0,0.0918919039620305,98.0
BOJ Target Rate,2015-04-30 05:04:00+00:00,2015-04-30,2934,JPY,,,98.9
Natl CPI YoY,2015-05-01 00:30:04+00:00,2015-05-01,2935,JPY,0.001,0.8309549267207021,95.6
Tokyo CPI Ex-Fresh Food YoY,2015-05-01 00:30:08+00:00,2015-05-01,2935,JPY,-0.001,-0.7921567653726774,91.1
Change in Nonfarm Payrolls,2015-05-08 13:30:01+00:00,2015-05-08,2940,USD,-5000.0,0.1182780805121731,99.3
BOJ Target Rate,2015-05-22 03:49:00+00:00,2015-05-22,2950,JPY,,,98.9
CPI MoM,2015-05-22 13:30:01+00:00,2015-05-22,2950,USD,0.0,0.0784976623216404,97.4
CPI YoY,2015-05-22 13:30:03+00:00,2015-05-22,2950,USD,0.0,-0.0267350512033896,96.0
Natl CPI YoY,2015-05-29 00:30:04+00:00,2015-05-29,2955,JPY,0.0,-0.1554502535916755,95.6
Tokyo CPI Ex-Fresh Food YoY,2015-05-29 00:30:08+00:00,2015-05-29,2955,JPY,0.0,0.0718486116319843,91.1
Change in Nonfarm Payrolls,2015-06-05 13:30:01+00:00,2015-06-05,2960,USD,54000.0,0.8060670090929895,99.3
FOMC Rate Decision (Upper Bound),2015-06-17 19:00:04+00:00,2015-06-17,2968,USD,0.0,0.0915740102662005,98.0
CPI MoM,2015-06-18 13:30:01+00:00,2015-06-18,2969,USD,-0.001,-0.7120034197483948,97.4
CPI YoY,2015-06-18 13:30:03+00:00,2015-06-18,2969,USD,-0.001,-0.6482404545706169,96.0
BOJ Target Rate,2015-06-19 04:04:00+00:00,2015-06-19,2970,JPY,,,98.9
Natl CPI YoY,2015-06-26 00:30:04+00:00,2015-06-26,2975,JPY,0.001,0.830094683364007,95.6
Tokyo CPI Ex-Fresh Food YoY,2015-06-26 00:30:08+00:00,2015-06-26,2975,JPY,0.0,0.0716307619450015,91.1
Change in Nonfarm Payrolls,2015-07-02 13:30:01+00:00,2015-07-02,2979,USD,-10000.0,0.0560761593129116,99.3
BOJ Target Rate,2015-07-15 04:18:00+00:00,2015-07-15,2988,JPY,,,98.9
CPI MoM,2015-07-17 13:30:05+00:00,2015-07-17,2990,USD,0.0,0.081604304859743,97.4
CPI YoY,2015-07-17 13:30:07+00:00,2015-07-17,2990,USD,0.0,-0.0220885896165097,96.0
FOMC Rate Decision (Upper Bound),2015-07-29 19:00:04+00:00,2015-07-29,2998,USD,0.0,0.0912593931457548,98.0
Natl CPI YoY,2015-07-31 00:30:04+00:00,2015-07-31,3000,JPY,0.001,0.8258576128717757,95.6
Tokyo CPI Ex-Fresh Food YoY,2015-07-31 00:30:08+00:00,2015-07-31,3000,JPY,-0.001,-0.7939041251227819,91.1
BOJ Target Rate,2015-08-07 04:18:00+00:00,2015-08-07,3005,JPY,,,98.9
Change in Nonfarm Payrolls,2015-08-07 13:30:01+00:00,2015-08-07,3005,USD,-10000.0,0.0559493244691556,99.3
CPI MoM,2015-08-19 13:30:05+00:00,2015-08-19,3013,USD,-0.001,-0.7115535595040365,97.4
CPI YoY,2015-08-19 13:30:07+00:00,2015-08-19,3013,USD,0.0,-0.022011190974011,96.0
Natl CPI YoY,2015-08-28 00:30:04+00:00,2015-08-28,3020,JPY,0.0,-0.1652882780433564,95.6
Tokyo CPI Ex-Fresh Food YoY,2015-08-28 00:30:08+00:00,2015-08-28,3020,JPY,0.001,0.942548743013672,91.1
Change in Nonfarm Payrolls,2015-09-04 13:30:01+00:00,2015-09-04,3025,USD,-44000.0,-0.3428092160411479,99.3
BOJ Target Rate,2015-09-15 04:07:00+00:00,2015-09-15,3032,JPY,,,98.9
CPI MoM,2015-09-16 13:30:05+00:00,2015-09-16,3033,USD,0.0,0.0846778032152827,97.4
CPI YoY,2015-09-16 13:30:07+00:00,2015-09-16,3033,USD,0.0,-0.0219346002372689,96.0
FOMC Rate Decision (Upper Bound),2015-09-17 19:00:04+00:00,2015-09-17,3034,USD,0.0,0.0909479966970778,98.0
Natl CPI YoY,2015-09-25 00:30:04+00:00,2015-09-25,3040,JPY,0.001,0.8250959341866694,95.6
Tokyo CPI Ex-Fresh Food YoY,2015-09-25 00:30:08+00:00,2015-09-25,3040,JPY,0.0,0.0706689585370128,91.1
Change in Nonfarm Payrolls,2015-10-02 13:30:01+00:00,2015-10-02,3045,USD,-58000.0,-0.5064229312635795,99.3
BOJ Target Rate,2015-10-07 04:00:00+00:00,2015-10-07,3048,JPY,,,98.9
CPI MoM,2015-10-15 13:30:04+00:00,2015-10-15,3054,USD,0.0,0.0844897434509919,97.4
CPI YoY,2015-10-15 13:30:06+00:00,2015-10-15,3054,USD,0.001,0.6076747358841733,96.0
FOMC Rate Decision (Upper Bound),2015-10-28 18:00:04+00:00,2015-10-28,3063,USD,0.0,0.0906397663428505,98.0
Natl CPI YoY,2015-10-29 23:30:04+00:00,2015-10-30,3065,JPY,0.0,-0.1698578557902095,95.6
Tokyo CPI Ex-Fresh Food YoY,2015-10-29 23:30:08+00:00,2015-10-30,3065,JPY,0.0,0.070459769523057,91.1
BOJ Target Rate,2015-10-30 03:22:00+00:00,2015-10-30,3065,JPY,,,98.9
Change in Nonfarm Payrolls,2015-11-06 13:30:01+00:00,2015-11-06,3070,USD,86000.0,1.1895195421298297,99.3
CPI MoM,2015-11-17 13:30:04+00:00,2015-11-17,3077,USD,0.0,0.0843029311447971,97.4
CPI YoY,2015-11-17 13:30:06+00:00,2015-11-17,3077,USD,0.001,0.6048152585786264,96.0
BOJ Target Rate,2015-11-19 03:17:00+00:00,2015-11-19,3079,JPY,,,98.9
Natl CPI YoY,2015-11-26 23:30:04+00:00,2015-11-27,3085,JPY,0.001,0.8243712845833584,95.6
Tokyo CPI Ex-Fresh Food YoY,2015-11-26 23:30:08+00:00,2015-11-27,3085,JPY,0.001,0.941997874771506,91.1
Change in Nonfarm Payrolls,2015-12-04 13:30:01+00:00,2015-12-04,3090,USD,11000.0,0.301392583894359,99.3
CPI MoM,2015-12-15 13:30:04+00:00,2015-12-15,3097,USD,0.0,0.084117352565902,97.4
CPI YoY,2015-12-15 13:30:06+00:00,2015-12-15,3097,USD,0.001,0.6019958429666545,96.0
FOMC Rate Decision (Upper Bound),2015-12-16 19:00:04+00:00,2015-12-16,3098,USD,0.0,0.0903346487918653,98.0
BOJ Target Rate,2015-12-18 03:50:00+00:00,2015-12-18,3100,JPY,,,98.9
Natl CPI YoY,2015-12-24 23:30:04+00:00,2015-12-25,3105,JPY,0.0,-0.1743597035722861,95.6
Tokyo CPI Ex-Fresh Food YoY,2015-12-24 23:30:08+00:00,2015-12-25,3105,JPY,0.0,0.0647661167562464,91.1
Change in Nonfarm Payrolls,2016-01-08 13:30:02+00:00,2016-01-08,3114,USD,92000.0,1.2549003601460758,99.3
CPI MoM,2016-01-20 13:30:05+00:00,2016-01-20,3122,USD,-0.001,-0.7169276587419152,97.4
CPI YoY,2016-01-20 13:30:07+00:00,2016-01-20,3122,USD,-0.001,-0.6681900142192767,96.0
FOMC Rate Decision (Upper Bound),2016-01-27 19:00:04+00:00,2016-01-27,3127,USD,0.0,0.0900325920003201,98.0
Natl CPI YoY,2016-01-28 23:30:04+00:00,2016-01-29,3129,JPY,0.0,-0.1738365966347807,95.6
Tokyo CPI Ex-Fresh Food YoY,2016-01-28 23:30:08+00:00,2016-01-29,3129,JPY,-0.002,-1.6846182629958515,91.1
BOJ Target Rate,2016-01-29 03:38:00+00:00,2016-01-29,3129,JPY,,,98.9
Change in Nonfarm Payrolls,2016-02-05 13:30:02+00:00,2016-02-05,3134,USD,-39000.0,-0.2935250840425227,99.3
CPI MoM,2016-02-19 13:30:05+00:00,2016-02-19,3144,USD,0.001,0.888858794626219,97.4
CPI YoY,2016-02-19 13:30:07+00:00,2016-02-19,3144,USD,0.001,0.6048764690178225,96.0
Natl CPI YoY,2016-02-25 23:30:04+00:00,2016-02-26,3149,JPY,0.0,-0.1733181706844926,95.6
Tokyo CPI Ex-Fresh Food YoY,2016-02-25 23:30:08+00:00,2016-02-26,3149,JPY,0.001,0.943928543341956,91.1
Change in Nonfarm Payrolls,2016-03-04 13:30:02+00:00,2016-03-04,3154,USD,47000.0,0.7210817331422413,99.3
BOJ Target Rate,2016-03-15 03:35:00+00:00,2016-03-15,3161,JPY,,,98.9
CPI MoM,2016-03-16 12:30:05+00:00,2016-03-16,3162,USD,0.0,0.0833338051066632,97.4
CPI YoY,2016-03-16 12:30:07+00:00,2016-03-16,3162,USD,0.0009999999999999,0.602113200350503,96.0
FOMC Rate Decision (Upper Bound),2016-03-16 18:00:04+00:00,2016-03-16,3162,USD,0.0,0.0897335451345262,98.0
Natl CPI YoY,2016-03-24 23:30:04+00:00,2016-03-25,3169,JPY,0.0,-0.1728043563106525,95.6
Tokyo CPI Ex-Fresh Food YoY,2016-03-24 23:30:08+00:00,2016-03-25,3169,JPY,-0.001,-0.8017676183854688,91.1
Change in Nonfarm Payrolls,2016-04-01 13:30:02+00:00,2016-04-01,3174,USD,10000.0,0.282014389916823,99.3
CPI MoM,2016-04-14 13:30:05+00:00,2016-04-14,3183,USD,-0.001,-0.7206640279102893,97.4
CPI YoY,2016-04-14 13:30:07+00:00,2016-04-14,3183,USD,-0.0009999999999999,-0.6759050804528858,96.0
FOMC Rate Decision (Upper Bound),2016-04-27 19:00:00+00:00,2016-04-27,3192,USD,0.0,0.0894374585349698,98.0
Natl CPI YoY,2016-04-28 00:30:04+00:00,2016-04-28,3193,JPY,-0.001,-1.1783133702036417,95.6
Tokyo CPI Ex-Fresh Food YoY,2016-04-28 00:30:08+00:00,2016-04-28,3193,JPY,0.0,0.0731803214138102,91.1
BOJ Target Rate,2016-04-28 04:01:00+00:00,2016-04-28,3193,JPY,,,98.9
Change in Nonfarm Payrolls,2016-05-06 13:30:02+00:00,2016-05-06,3199,USD,-40000.0,-0.3099423944986512,99.3
CPI MoM,2016-05-17 13:30:05+00:00,2016-05-17,3206,USD,0.001,0.8909918041875793,97.4
CPI YoY,2016-05-17 13:30:07+00:00,2016-05-17,3206,USD,0.0,-0.03384425835375,96.0
Natl CPI YoY,2016-05-27 00:30:04+00:00,2016-05-27,3214,JPY,0.001,0.8395390030313703,95.6
Tokyo CPI Ex-Fresh Food YoY,2016-05-27 00:30:08+00:00,2016-05-27,3214,JPY,-0.001,-0.8007085778615667,91.1
Change in Nonfarm Payrolls,2016-06-03 13:30:02+00:00,2016-06-03,3219,USD,-122000.0,-1.2808481246459371,99.3
FOMC Rate Decision (Upper Bound),2016-06-15 19:00:00+00:00,2016-06-15,3227,USD,0.0,0.0891442836816699,98.0
BOJ Target Rate,2016-06-16 03:45:00+00:00,2016-06-16,3228,JPY,,,98.9
CPI MoM,2016-06-16 13:30:05+00:00,2016-06-16,3228,USD,-0.001,-0.7224515380012406,97.4
CPI YoY,2016-06-16 13:30:07+00:00,2016-06-16,3228,USD,-0.0009999999999999,-0.6746671327679881,96.0
Natl CPI YoY,2016-07-01 00:30:04+00:00,2016-07-01,3239,JPY,0.001,0.8354833692427419,95.6
Tokyo CPI Ex-Fresh Food YoY,2016-07-01 00:30:08+00:00,2016-07-01,3239,JPY,0.0,0.0775759072232566,91.1
Change in Nonfarm Payrolls,2016-07-08 13:30:02+00:00,2016-07-08,3244,USD,107000.0,1.4361843791388096,99.3
CPI MoM,2016-07-15 13:30:05+00:00,2016-07-15,3249,USD,-0.001,-0.7201166751362617,97.4
CPI YoY,2016-07-15 13:30:07+00:00,2016-07-15,3249,USD,-0.0009999999999999,-0.6714686029251564,96.0
FOMC Rate Decision (Upper Bound),2016-07-27 19:00:00+00:00,2016-07-27,3257,USD,0.0,0.0888539731607766,98.0
Natl CPI YoY,2016-07-29 00:30:04+00:00,2016-07-29,3259,JPY,0.0,-0.1751694287683074,95.6
Tokyo CPI Ex-Fresh Food YoY,2016-07-29 00:30:08+00:00,2016-07-29,3259,JPY,0.0,0.0773576099723019,91.1
BOJ Target Rate,2016-07-29 04:44:00+00:00,2016-07-29,3259,JPY,,,98.9
Change in Nonfarm Payrolls,2016-08-05 13:30:02+00:00,2016-08-05,3264,USD,75000.0,1.048983568765136,99.3
CPI MoM,2016-08-16 13:30:05+00:00,2016-08-16,3271,USD,0.0,0.0888710126927398,97.4
CPI YoY,2016-08-16 13:30:07+00:00,2016-08-16,3271,USD,-0.001,-0.6683152209152462,96.0
Natl CPI YoY,2016-08-26 00:30:04+00:00,2016-08-26,3279,JPY,0.0,-0.1746643350905725,95.6
Tokyo CPI Ex-Fresh Food YoY,2016-08-26 00:30:08+00:00,2016-08-26,3279,JPY,0.0,0.0771411452692817,91.1
Change in Nonfarm Payrolls,2016-09-02 13:30:02+00:00,2016-09-02,3284,USD,-29000.0,-0.1833125634981471,99.3
CPI MoM,2016-09-16 13:30:05+00:00,2016-09-16,3294,USD,0.001,0.8970589627678234,97.4
CPI YoY,2016-09-16 13:30:07+00:00,2016-09-16,3294,USD,0.0009999999999999,0.6236305624778672,96.0
BOJ Target Rate,2016-09-21 05:18:00+00:00,2016-09-21,3297,JPY,,,98.9
FOMC Rate Decision (Upper Bound),2016-09-21 19:00:00+00:00,2016-09-21,3297,USD,0.0,0.0885664806323588,98.0
Natl CPI YoY,2016-09-30 00:30:04+00:00,2016-09-30,3304,JPY,0.0,-0.1741635863881894,95.6
Tokyo CPI Ex-Fresh Food YoY,2016-09-30 00:30:08+00:00,2016-09-30,3304,JPY,-0.001,-0.8050332430257632,91.1
Change in Nonfarm Payrolls,2016-10-07 13:30:02+00:00,2016-10-07,3309,USD,-16000.0,-0.0291428924223531,99.3
CPI MoM,2016-10-18 13:30:05+00:00,2016-10-18,3316,USD,0.0,0.0849490917504502,97.4
CPI YoY,2016-10-18 13:30:07+00:00,2016-10-18,3316,USD,0.0,-0.0248345205319028,96.0
Natl CPI YoY,2016-10-28 00:30:04+00:00,2016-10-28,3324,JPY,0.0,-0.1736671207108949,95.6
Tokyo CPI Ex-Fresh Food YoY,2016-10-28 00:30:08+00:00,2016-10-28,3324,JPY,0.001,0.9642866248286583,91.1
BOJ Target Rate,2016-11-01 02:55:00+00:00,2016-11-01,3326,JPY,,,98.9
FOMC Rate Decision (Upper Bound),2016-11-02 18:00:00+00:00,2016-11-02,3327,USD,0.0,0.0882817607993312,98.0
Change in Nonfarm Payrolls,2016-11-04 12:30:02+00:00,2016-11-04,3329,USD,-12000.0,0.0183327675066098,99.3
CPI MoM,2016-11-17 13:30:05+00:00,2016-11-17,3338,USD,0.0,0.0847706508188718,97.4
CPI YoY,2016-11-17 13:30:07+00:00,2016-11-17,3338,USD,0.0,-0.024755763050731,96.0
Natl CPI YoY,2016-11-24 23:30:04+00:00,2016-11-25,3344,JPY,0.001,0.8445086550714135,95.6
Tokyo CPI Ex-Fresh Food YoY,2016-11-24 23:30:08+00:00,2016-11-25,3344,JPY,0.0,0.0761722215953809,91.1
Change in Nonfarm Payrolls,2016-12-02 13:30:01+00:00,2016-12-02,3349,USD,-2000.0,0.1370812055337713,99.3
FOMC Rate Decision (Upper Bound),2016-12-14 19:00:00+00:00,2016-12-14,3357,USD,0.0,0.0879997693774725,98.0
CPI MoM,2016-12-15 13:30:03+00:00,2016-12-15,3358,USD,0.0,0.0845933296818086,97.4
CPI YoY,2016-12-15 13:30:05+00:00,2016-12-15,3358,USD,0.0,-0.0246777500999478,96.0
BOJ Target Rate,2016-12-20 02:51:00+00:00,2016-12-20,3361,JPY,,,98.9
Natl CPI YoY,2016-12-26 23:30:04+00:00,2016-12-27,3366,JPY,0.0,-0.1779580110768722,95.6
Tokyo CPI Ex-Fresh Food YoY,2016-12-26 23:30:08+00:00,2016-12-27,3366,JPY,-0.002,-1.694910964082556,91.1
Change in Nonfarm Payrolls,2017-01-06 13:30:01+00:00,2017-01-06,3374,USD,-19000.0,-0.065568556057181,99.3
CPI MoM,2017-01-18 13:30:01+00:00,2017-01-18,3382,USD,0.0,0.0844171166758568,97.4
CPI YoY,2017-01-18 13:30:03+00:00,2017-01-18,3382,USD,0.0,-0.0246004700229389,96.0
Natl CPI YoY,2017-01-26 23:30:04+00:00,2017-01-27,3389,JPY,0.001,0.8437642810954196,95.6
Tokyo CPI Ex-Fresh Food YoY,2017-01-26 23:30:08+00:00,2017-01-27,3389,JPY,0.001,0.9657247933985436,91.1
BOJ Target Rate,2017-01-31 02:56:00+00:00,2017-01-31,3391,JPY,,,98.9
FOMC Rate Decision (Upper Bound),2017-02-01 19:00:00+00:00,2017-02-01,3392,USD,0.0,0.0877204630664911,98.0
Change in Nonfarm Payrolls,2017-02-03 13:30:01+00:00,2017-02-03,3394,USD,47000.0,0.7218396825243255,99.3
CPI MoM,2017-02-15 13:30:02+00:00,2017-02-15,3402,USD,0.003,2.5306296892218234,97.4
CPI YoY,2017-02-15 13:30:04+00:00,2017-02-15,3402,USD,0.001,0.6294470597026635,96.0
Natl CPI YoY,2017-03-02 23:30:04+00:00,2017-03-03,3414,JPY,0.0,-0.1821894131371728,95.6
Tokyo CPI Ex-Fresh Food YoY,2017-03-02 23:30:08+00:00,2017-03-03,3414,JPY,-0.001,-0.8016100863661113,91.1
Change in Nonfarm Payrolls,2017-03-10 13:30:01+00:00,2017-03-10,3419,USD,35000.0,0.5762721760088831,99.3
CPI MoM,2017-03-15 12:30:02+00:00,2017-03-15,3422,USD,0.001,0.8795712169462766,97.4
CPI YoY,2017-03-15 12:30:04+00:00,2017-03-15,3422,USD,0.0,-0.0284875428955395,96.0
FOMC Rate Decision (Upper Bound),2017-03-15 18:00:00+00:00,2017-03-15,3422,USD,0.0,0.0874437995220944,98.0
BOJ Target Rate,2017-03-16 02:54:00+00:00,2017-03-16,3423,JPY,,,98.9
Natl CPI YoY,2017-03-31 00:30:04+00:00,2017-03-31,3434,JPY,0.001,0.843051754634789,95.6
Tokyo CPI Ex-Fresh Food YoY,2017-03-31 00:30:08+00:00,2017-03-31,3434,JPY,-0.002,-1.680091723343338,91.1
Change in Nonfarm Payrolls,2017-04-07 13:30:01+00:00,2017-04-07,3439,USD,-82000.0,-0.8242926072453092,99.3
CPI MoM,2017-04-14 13:30:02+00:00,2017-04-14,3444,USD,-0.003,-2.351345165629976,97.4
CPI YoY,2017-04-14 13:30:04+00:00,2017-04-14,3444,USD,-0.0019999999999999,-1.342912324250044,96.0
BOJ Target Rate,2017-04-27 04:14:00+00:00,2017-04-27,3453,JPY,,,98.9
Natl CPI YoY,2017-04-28 00:30:04+00:00,2017-04-28,3454,JPY,-0.001,-1.21190992783333,95.6
Tokyo CPI Ex-Fresh Food YoY,2017-04-28 00:30:08+00:00,2017-04-28,3454,JPY,0.001,0.970227386841005,91.1
FOMC Rate Decision (Upper Bound),2017-05-03 19:00:00+00:00,2017-05-03,3457,USD,0.0,0.0871697373290212,98.0
Change in Nonfarm Payrolls,2017-05-05 13:30:01+00:00,2017-05-05,3459,USD,21000.0,0.4109660551622491,99.3
CPI MoM,2017-05-12 13:30:02+00:00,2017-05-12,3464,USD,0.0,0.0783263732302875,97.4
CPI YoY,2017-05-12 13:30:04+00:00,2017-05-12,3464,USD,-0.001,-0.6757668276043007,96.0
Natl CPI YoY,2017-05-26 00:30:04+00:00,2017-05-26,3474,JPY,0.0,-0.1796596104570148,95.6
Tokyo CPI Ex-Fresh Food YoY,2017-05-26 00:30:08+00:00,2017-05-26,3474,JPY,0.001,0.9652309279409276,91.1
Change in Nonfarm Payrolls,2017-06-02 13:30:01+00:00,2017-06-02,3479,USD,-44000.0,-0.3690905436787002,99.3
CPI MoM,2017-06-14 13:30:02+00:00,2017-06-14,3487,USD,-0.001,-0.7230418233257451,97.4
CPI YoY,2017-06-14 13:30:04+00:00,2017-06-14,3487,USD,-0.001,-0.6727742928448992,96.0
FOMC Rate Decision (Upper Bound),2017-06-14 19:00:00+00:00,2017-06-14,3487,USD,0.0,0.0868982359749979,98.0
BOJ Target Rate,2017-06-16 03:54:00+00:00,2017-06-16,3489,JPY,,,98.9
Natl CPI YoY,2017-06-30 00:30:04+00:00,2017-06-30,3499,JPY,-0.001,-1.2061082508330334,95.6
Tokyo CPI Ex-Fresh Food YoY,2017-06-30 00:30:08+00:00,2017-06-30,3499,JPY,-0.002,-1.6739238331997248,91.1
Change in Nonfarm Payrolls,2017-07-07 13:30:01+00:00,2017-07-07,3504,USD,44000.0,0.6883891901966026,99.3
CPI MoM,2017-07-14 13:30:02+00:00,2017-07-14,3509,USD,-0.001,-0.7208171212438443,97.4
CPI YoY,2017-07-14 13:30:04+00:00,2017-07-14,3509,USD,-0.001,-0.6698212332489704,96.0
BOJ Target Rate,2017-07-20 04:10:00+00:00,2017-07-20,3513,JPY,,,98.9
FOMC Rate Decision (Upper Bound),2017-07-26 19:00:00+00:00,2017-07-26,3517,USD,0.0,0.0866292558255816,98.0
Natl CPI YoY,2017-07-28 00:30:04+00:00,2017-07-28,3519,JPY,0.0,-0.1725816809457592,95.6
Tokyo CPI Ex-Fresh Food YoY,2017-07-28 00:30:08+00:00,2017-07-28,3519,JPY,0.001,0.9645711444227086,91.1
Change in Nonfarm Payrolls,2017-08-04 13:30:01+00:00,2017-08-04,3524,USD,29000.0,0.5060211753025352,99.3
CPI MoM,2017-08-11 13:30:02+00:00,2017-08-11,3529,USD,-0.001,-0.7186128535553173,97.4
CPI YoY,2017-08-11 13:30:04+00:00,2017-08-11,3529,USD,-0.0009999999999999,-0.6669067875802929,96.0
Natl CPI YoY,2017-08-25 00:30:04+00:00,2017-08-25,3539,JPY,0.0,-0.1721157671683804,95.6
Tokyo CPI Ex-Fresh Food YoY,2017-08-25 00:30:08+00:00,2017-08-25,3539,JPY,0.001,0.9597091392298132,91.1
Change in Nonfarm Payrolls,2017-09-01 13:30:01+00:00,2017-09-01,3544,USD,-24000.0,-0.1333033122199446,99.3
CPI MoM,2017-09-14 13:30:03+00:00,2017-09-14,3553,USD,0.001,0.8906951518779123,97.4
CPI YoY,2017-09-14 13:30:05+00:00,2017-09-14,3553,USD,0.001,0.6561250002134287,96.0
FOMC Rate Decision (Upper Bound),2017-09-20 19:00:00+00:00,2017-09-20,3557,USD,0.0,0.0863627580998549,98.0
BOJ Target Rate,2017-09-21 04:15:00+00:00,2017-09-21,3558,JPY,,,98.9
Natl CPI YoY,2017-09-29 00:30:04+00:00,2017-09-29,3564,JPY,0.0009999999999999,0.8593476183628462,95.6
Tokyo CPI Ex-Fresh Food YoY,2017-09-29 00:30:08+00:00,2017-09-29,3564,JPY,0.0,0.0806012630103592,91.1
Change in Nonfarm Payrolls,2017-10-06 13:30:01+00:00,2017-10-06,3569,USD,-113000.0,-1.2065930862231995,99.3
CPI MoM,2017-10-13 13:30:03+00:00,2017-10-13,3574,USD,-0.001,-0.7202950546412388,97.4
CPI YoY,2017-10-13 13:30:05+00:00,2017-10-13,3574,USD,-0.001,-0.6690825889163017,96.0
Natl CPI YoY,2017-10-27 00:30:04+00:00,2017-10-27,3584,JPY,0.0,-0.1762518572990501,95.6
Tokyo CPI Ex-Fresh Food YoY,2017-10-27 00:30:08+00:00,2017-10-27,3584,JPY,0.001,0.9569816698715352,91.1
BOJ Target Rate,2017-10-31 03:05:00+00:00,2017-10-31,3586,JPY,,,98.9
FOMC Rate Decision (Upper Bound),2017-11-01 18:00:00+00:00,2017-11-01,3587,USD,0.0,0.0860987048469377,98.0
Change in Nonfarm Payrolls,2017-11-03 12:30:01+00:00,2017-11-03,3589,USD,-52000.0,-0.4654907053037372,99.3
CPI MoM,2017-11-15 13:30:01+00:00,2017-11-15,3597,USD,0.0,0.086559075837505,97.4
CPI YoY,2017-11-15 13:30:03+00:00,2017-11-15,3597,USD,0.0,-0.0039189696857282,96.0
Natl CPI YoY,2017-11-30 23:30:04+00:00,2017-12-01,3609,JPY,0.0,-0.1757828174471424,95.6
Tokyo CPI Ex-Fresh Food YoY,2017-11-30 23:30:08+00:00,2017-12-01,3609,JPY,0.0,0.0754764017263052,91.1
Change in Nonfarm Payrolls,2017-12-08 13:30:01+00:00,2017-12-08,3614,USD,33000.0,0.5616482586785916,99.3
CPI MoM,2017-12-13 13:30:01+00:00,2017-12-13,3617,USD,0.0,0.0863865571775539,97.4
CPI YoY,2017-12-13 13:30:03+00:00,2017-12-13,3617,USD,0.0,-0.0039074945328663,96.0
FOMC Rate Decision (Upper Bound),2017-12-13 19:00:00+00:00,2017-12-13,3617,USD,0.0,0.0858370589232842,98.0
BOJ Target Rate,2017-12-21 02:46:00+00:00,2017-12-21,3623,JPY,,,98.9
Natl CPI YoY,2017-12-25 23:30:04+00:00,2017-12-26,3626,JPY,0.001,0.8616213867889748,95.6
Tokyo CPI Ex-Fresh Food YoY,2017-12-25 23:30:08+00:00,2017-12-26,3626,JPY,0.001,0.9543298910499244,91.1
Change in Nonfarm Payrolls,2018-01-05 13:30:02+00:00,2018-01-05,3633,USD,-42000.0,-0.3463735456587352,99.3
CPI MoM,2018-01-12 13:30:01+00:00,2018-01-12,3638,USD,0.0,0.0862150659691476,97.4
CPI YoY,2018-01-12 13:30:03+00:00,2018-01-12,3638,USD,0.0,-0.0038961195899293,96.0
BOJ Target Rate,2018-01-23 03:14:00+00:00,2018-01-23,3645,JPY,,,98.9
Natl CPI YoY,2018-01-25 23:30:04+00:00,2018-01-26,3648,JPY,-0.0009999999999999,-1.21749553044066,95.6
Tokyo CPI Ex-Fresh Food YoY,2018-01-25 23:30:08+00:00,2018-01-26,3648,JPY,-0.001,-0.8088286507980889,91.1
FOMC Rate Decision (Upper Bound),2018-01-31 19:00:00+00:00,2018-01-31,3651,USD,0.0,0.0855777839707351,98.0
Change in Nonfarm Payrolls,2018-02-02 13:30:02+00:00,2018-02-02,3653,USD,20000.0,0.4051328331316104,99.3
CPI MoM,2018-02-14 13:30:01+00:00,2018-02-14,3661,USD,0.002,1.7049576573652616,97.4
CPI YoY,2018-02-14 13:30:03+00:00,2018-02-14,3661,USD,0.002,1.3325012885692304,96.0
Natl CPI YoY,2018-02-22 23:30:04+00:00,2018-02-23,3668,JPY,0.001,0.8629428637749251,95.6
Tokyo CPI Ex-Fresh Food YoY,2018-03-01 23:30:08+00:00,2018-03-02,3673,JPY,0.001,0.9546458675102886,91.1
BOJ Target Rate,2018-03-09 02:46:00+00:00,2018-03-09,3678,JPY,,,98.9
Change in Nonfarm Payrolls,2018-03-09 13:30:02+00:00,2018-03-09,3678,USD,108000.0,1.4715394772606571,99.3
CPI MoM,2018-03-13 12:30:01+00:00,2018-03-13,3680,USD,0.0,0.0790640233431487,97.4
CPI YoY,2018-03-13 12:30:03+00:00,2018-03-13,3680,USD,0.0,-0.0115614707527438,96.0
FOMC Rate Decision (Upper Bound),2018-03-21 18:00:00+00:00,2018-03-21,3686,USD,0.0,0.0853208443952932,98.0
Natl CPI YoY,2018-03-22 23:30:04+00:00,2018-03-23,3688,JPY,0.0,-0.1779326671288337,95.6
Tokyo CPI Ex-Fresh Food YoY,2018-03-30 00:30:08+00:00,2018-03-30,3693,JPY,-0.001,-0.8104538595422349,91.1
Change in Nonfarm Payrolls,2018-04-06 13:30:02+00:00,2018-04-06,3698,USD,-82000.0,-0.8368427501236251,99.3
CPI MoM,2018-04-11 13:30:01+00:00,2018-04-11,3701,USD,-0.001,-0.7291199905713808,97.4
CPI YoY,2018-04-11 13:30:03+00:00,2018-04-11,3701,USD,0.0,-0.0115283884078077,96.0
Natl CPI YoY,2018-04-20 00:30:00+00:00,2018-04-20,3708,JPY,0.0,-0.1774707995736378,95.6
Tokyo CPI Ex-Fresh Food YoY,2018-04-27 00:30:00+00:00,2018-04-27,3713,JPY,-0.002,-1.6881104084390028,91.1
BOJ Target Rate,2018-04-27 04:03:00+00:00,2018-04-27,3713,JPY,,,98.9
FOMC Rate Decision (Upper Bound),2018-05-02 19:00:00+00:00,2018-05-02,3716,USD,0.0,0.0850662053465975,98.0
Change in Nonfarm Payrolls,2018-05-04 13:30:02+00:00,2018-05-04,3718,USD,-29000.0,-0.1923036522637255,99.3
CPI MoM,2018-05-10 13:30:03+00:00,2018-05-10,3722,USD,-0.001,-0.7269512160575726,97.4
CPI YoY,2018-05-10 13:30:05+00:00,2018-05-10,3722,USD,0.0,-0.0114955884234425,96.0
Natl CPI YoY,2018-05-18 00:30:00+00:00,2018-05-18,3728,JPY,-0.0009999999999999,-1.2191867602384434,95.6
Tokyo CPI Ex-Fresh Food YoY,2018-05-25 00:30:00+00:00,2018-05-25,3733,JPY,-0.001,-0.7949892551563589,91.1
Change in Nonfarm Payrolls,2018-06-01 13:30:02+00:00,2018-06-01,3738,USD,33000.0,0.5602320573018189,99.3
CPI MoM,2018-06-12 13:30:03+00:00,2018-06-12,3745,USD,0.0,0.0847170821319294,97.4
CPI YoY,2018-06-12 13:30:05+00:00,2018-06-12,3745,USD,0.0,-0.0114630668059246,96.0
FOMC Rate Decision (Upper Bound),2018-06-13 19:00:00+00:00,2018-06-13,3746,USD,0.0,0.0848138326980661,98.0
BOJ Target Rate,2018-06-15 03:41:00+00:00,2018-06-15,3748,JPY,,,98.9
Natl CPI YoY,2018-06-22 00:30:00+00:00,2018-06-22,3753,JPY,0.0009999999999999,0.8702110221404191,95.6
Tokyo CPI Ex-Fresh Food YoY,2018-06-29 00:30:00+00:00,2018-06-29,3758,JPY,0.0009999999999999,0.963835807552543,91.1
Change in Nonfarm Payrolls,2018-07-06 13:30:02+00:00,2018-07-06,3763,USD,18000.0,0.3765807843776528,99.3
CPI MoM,2018-07-12 13:30:03+00:00,2018-07-12,3767,USD,-0.001,-0.7265280771334909,97.4
CPI YoY,2018-07-12 13:30:05+00:00,2018-07-12,3767,USD,0.0,-0.0114308196401648,96.0
Natl CPI YoY,2018-07-20 00:30:00+00:00,2018-07-20,3773,JPY,-0.001,-1.216712967884704,95.6
Tokyo CPI Ex-Fresh Food YoY,2018-07-27 00:30:00+00:00,2018-07-27,3778,JPY,0.001,0.959244801821932,91.1
BOJ Target Rate,2018-07-31 05:03:00+00:00,2018-07-31,3780,JPY,,,98.9
FOMC Rate Decision (Upper Bound),2018-08-01 19:00:00+00:00,2018-08-01,3781,USD,0.0,0.0845636930276836,98.0
Change in Nonfarm Payrolls,2018-08-03 13:30:02+00:00,2018-08-03,3783,USD,-36000.0,-0.2813362015744127,99.3
CPI MoM,2018-08-10 13:30:03+00:00,2018-08-10,3788,USD,0.0,0.0874272445601356,97.4
CPI YoY,2018-08-10 13:30:05+00:00,2018-08-10,3788,USD,0.0,-0.0113988430877284,96.0
Natl CPI YoY,2018-08-24 00:30:00+00:00,2018-08-24,3798,JPY,-0.0009999999999999,-1.2092674422948648,95.6
Tokyo CPI Ex-Fresh Food YoY,2018-08-31 00:30:00+00:00,2018-08-31,3803,JPY,0.001,0.954718887842287,91.1
Change in Nonfarm Payrolls,2018-09-07 13:30:02+00:00,2018-09-07,3808,USD,11000.0,0.2921834295424476,99.3
CPI MoM,2018-09-13 13:30:01+00:00,2018-09-13,3812,USD,-0.001,-0.7261192150479591,97.4
CPI YoY,2018-09-13 13:30:03+00:00,2018-09-13,3812,USD,-0.001,-0.6896060920182926,96.0
BOJ Target Rate,2018-09-19 03:47:00+00:00,2018-09-19,3816,JPY,,,98.9
Natl CPI YoY,2018-09-21 00:30:00+00:00,2018-09-21,3818,JPY,0.002,1.915555240002816,95.6
FOMC Rate Decision (Upper Bound),2018-09-26 19:00:00+00:00,2018-09-26,3821,USD,0.0,0.0843157535994084,98.0
Tokyo CPI Ex-Fresh Food YoY,2018-09-28 00:30:00+00:00,2018-09-28,3823,JPY,0.0009999999999999,0.9502565408332015,91.1
Change in Nonfarm Payrolls,2018-10-05 13:30:02+00:00,2018-10-05,3828,USD,-51000.0,-0.4655545925640268,99.3
CPI MoM,2018-10-11 13:30:01+00:00,2018-10-11,3832,USD,-0.001,-0.7240065572954384,97.4
CPI YoY,2018-10-11 13:30:03+00:00,2018-10-11,3832,USD,-0.001,-0.6867868526849742,96.0
Natl CPI YoY,2018-10-19 00:30:00+00:00,2018-10-19,3838,JPY,-0.0009999999999999,-1.203513147506783,95.6
Tokyo CPI Ex-Fresh Food YoY,2018-10-26 00:30:00+00:00,2018-10-26,3843,JPY,0.0,0.0672856533005459,91.1
BOJ Target Rate,2018-10-31 03:08:00+00:00,2018-10-31,3846,JPY,,,98.9
Change in Nonfarm Payrolls,2018-11-02 12:30:02+00:00,2018-11-02,3848,USD,50000.0,0.770788531497842,99.3
FOMC Rate Decision (Upper Bound),2018-11-08 19:00:00+00:00,2018-11-08,3852,USD,0.0,0.0840699823451757,98.0
CPI MoM,2018-11-14 13:30:01+00:00,2018-11-14,3856,USD,0.0,0.0929500756564245,97.4
CPI YoY,2018-11-14 13:30:03+00:00,2018-11-14,3856,USD,0.0,-0.003758252552761,96.0
Natl CPI YoY,2018-11-21 23:30:00+00:00,2018-11-22,3862,JPY,0.0,-0.1650136316293559,95.6
Tokyo CPI Ex-Fresh Food YoY,2018-11-29 23:30:00+00:00,2018-11-30,3868,JPY,0.0,0.0671221973404644,91.1
Change in Nonfarm Payrolls,2018-12-07 13:30:02+00:00,2018-12-07,3873,USD,-43000.0,-0.3698691692661678,99.3
CPI MoM,2018-12-12 13:30:01+00:00,2018-12-12,3876,USD,0.0,0.0927730136271932,97.4
CPI YoY,2018-12-12 13:30:03+00:00,2018-12-12,3876,USD,0.0,-0.0037479705174077,96.0
FOMC Rate Decision (Upper Bound),2018-12-19 19:00:00+00:00,2018-12-19,3881,USD,0.0,0.083826347847475,98.0
BOJ Target Rate,2018-12-20 02:52:00+00:00,2018-12-20,3882,JPY,,,98.9
Natl CPI YoY,2018-12-20 23:30:00+00:00,2018-12-21,3883,JPY,0.0,-0.1646036526125347,95.6
Tokyo CPI Ex-Fresh Food YoY,2018-12-27 23:30:00+00:00,2018-12-28,3888,JPY,0.0,0.0669599268619402,91.1
Change in Nonfarm Payrolls,2019-01-04 13:30:01+00:00,2019-01-04,3892,USD,128000.0,1.7274209002990248,99.3
CPI MoM,2019-01-11 13:30:01+00:00,2019-01-11,3897,USD,0.0,0.0925969596470606,97.4
CPI YoY,2019-01-11 13:30:03+00:00,2019-01-11,3897,USD,0.0,-0.0037377724099778,96.0
Natl CPI YoY,2019-01-17 23:30:00+00:00,2019-01-18,3902,JPY,0.0,-0.1641967147076198,95.6
BOJ Target Rate,2019-01-23 02:59:00+00:00,2019-01-23,3905,JPY,,,98.9
Tokyo CPI Ex-Fresh Food YoY,2019-01-24 23:30:00+00:00,2019-01-25,3907,JPY,0.0019999999999999,1.836755023996491,91.1
FOMC Rate Decision (Upper Bound),2019-01-30 19:00:00+00:00,2019-01-30,3910,USD,0.0,0.0835848193224789,98.0
Change in Nonfarm Payrolls,2019-02-01 13:30:01+00:00,2019-02-01,3912,USD,139000.0,1.8487678867983344,99.3
CPI MoM,2019-02-13 13:30:01+00:00,2019-02-13,3920,USD,-0.001,-0.7270523129371174,97.4
CPI YoY,2019-02-13 13:30:03+00:00,2019-02-13,3920,USD,0.001,0.682161248369512,96.0
Natl CPI YoY,2019-02-21 23:30:00+00:00,2019-02-22,3927,JPY,0.0,-0.1637927804976832,95.6
Tokyo CPI Ex-Fresh Food YoY,2019-02-28 23:30:00+00:00,2019-03-01,3932,JPY,0.0009999999999999,0.9376895861225084,91.1
Change in Nonfarm Payrolls,2019-03-08 13:30:05+00:00,2019-03-08,3937,USD,-160000.0,-1.8020831627044975,99.3
CPI MoM,2019-03-12 12:30:01+00:00,2019-03-12,3939,USD,0.0,0.0952297198967865,97.4
CPI YoY,2019-03-12 12:30:03+00:00,2019-03-12,3939,USD,-0.001,-0.6943181610689793,96.0
BOJ Target Rate,2019-03-15 02:39:00+00:00,2019-03-15,3942,JPY,,,98.9
FOMC Rate Decision (Upper Bound),2019-03-20 18:00:00+00:00,2019-03-20,3945,USD,0.0,0.0833453666037047,98.0
Natl CPI YoY,2019-03-21 23:30:00+00:00,2019-03-22,3947,JPY,-0.001,-1.204516476631404,95.6
Tokyo CPI Ex-Fresh Food YoY,2019-03-28 23:30:04+00:00,2019-03-29,3952,JPY,0.0,0.0532352652041939,91.1
Change in Nonfarm Payrolls,2019-04-05 13:30:05+00:00,2019-04-05,3957,USD,19000.0,0.3795409398294846,99.3
CPI MoM,2019-04-10 13:30:01+00:00,2019-04-10,3960,USD,0.0,0.0950509389179338,97.4
CPI YoY,2019-04-10 13:30:03+00:00,2019-04-10,3960,USD,0.001,0.684162483275906,96.0
Natl CPI YoY,2019-04-19 00:30:00+00:00,2019-04-19,3967,JPY,0.0,-0.1574888428224247,95.6
BOJ Target Rate,2019-04-25 04:27:00+00:00,2019-04-25,3971,JPY,,,98.9
Tokyo CPI Ex-Fresh Food YoY,2019-04-26 00:30:04+00:00,2019-04-26,3972,JPY,0.002,1.81784041427007,91.1
FOMC Rate Decision (Upper Bound),2019-05-01 19:00:00+00:00,2019-05-01,3975,USD,0.0,0.0831079601261865,98.0
Change in Nonfarm Payrolls,2019-05-03 13:30:01+00:00,2019-05-03,3977,USD,73000.0,1.0335995160957685,99.3
CPI MoM,2019-05-10 13:30:01+00:00,2019-05-10,3982,USD,-0.001,-0.7283810433684897,97.4
CPI YoY,2019-05-10 13:30:03+00:00,2019-05-10,3982,USD,-0.001,-0.696218382120142,96.0
Natl CPI YoY,2019-05-24 00:30:00+00:00,2019-05-24,3992,JPY,0.0,-0.1571077068718117,95.6
Tokyo CPI Ex-Fresh Food YoY,2019-05-31 00:30:04+00:00,2019-05-31,3997,JPY,-0.001,-0.8333233030649687,91.1
Change in Nonfarm Payrolls,2019-06-07 13:30:01+00:00,2019-06-07,4002,USD,-100000.0,-1.068161220091378,99.3
CPI MoM,2019-06-12 13:30:01+00:00,2019-06-12,4005,USD,0.0,0.097656478330629,97.4
CPI YoY,2019-06-12 13:30:03+00:00,2019-06-12,4005,USD,-0.001,-0.6934759785195198,96.0
FOMC Rate Decision (Upper Bound),2019-06-19 19:00:00+00:00,2019-06-19,4010,USD,0.0,0.082872570911142,98.0
BOJ Target Rate,2019-06-20 03:45:00+00:00,2019-06-20,4011,JPY,,,98.9
Natl CPI YoY,2019-06-21 00:30:00+00:00,2019-06-21,4012,JPY,0.0,-0.1567293250702933,95.6
Tokyo CPI Ex-Fresh Food YoY,2019-06-28 00:30:04+00:00,2019-06-28,4017,JPY,0.0,0.048242347467432,91.1
Change in Nonfarm Payrolls,2019-07-05 13:30:01+00:00,2019-07-05,4022,USD,64000.0,0.924220675791696,99.3
CPI MoM,2019-07-11 13:30:01+00:00,2019-07-11,4026,USD,0.001,0.9229671721034098,97.4
CPI YoY,2019-07-11 13:30:03+00:00,2019-07-11,4026,USD,0.0,-6.340146094908174e-17,96.0
Natl CPI YoY,2019-07-19 00:30:00+00:00,2019-07-19,4032,JPY,0.0,-0.1563536644031021,95.6
Tokyo CPI Ex-Fresh Food YoY,2019-07-26 00:30:04+00:00,2019-07-26,4037,JPY,0.001,0.9284520048803422,91.1
BOJ Target Rate,2019-07-30 03:55:00+00:00,2019-07-30,4039,JPY,,,98.9
FOMC Rate Decision (Upper Bound),2019-07-31 19:00:00+00:00,2019-07-31,4040,USD,0.0,0.0826391705511134,98.0
Change in Nonfarm Payrolls,2019-08-02 13:30:01+00:00,2019-08-02,4042,USD,-1000.0,0.1328459148602148,99.3
CPI MoM,2019-08-13 13:30:01+00:00,2019-08-13,4049,USD,0.0,0.0941080869369992,97.4
CPI YoY,2019-08-13 13:30:03+00:00,2019-08-13,4049,USD,0.0009999999999999,0.6926004847472159,96.0
Natl CPI YoY,2019-08-23 00:30:00+00:00,2019-08-23,4057,JPY,-0.001,-1.2056620815606418,95.6
Tokyo CPI Ex-Fresh Food YoY,2019-08-30 00:30:00+00:00,2019-08-30,4062,JPY,-0.001,-0.8367884972339241,91.1
Change in Nonfarm Payrolls,2019-09-06 13:30:00+00:00,2019-09-06,4067,USD,-30000.0,-0.2197039197857027,99.3
CPI YoY,2019-09-12 13:30:00+00:00,2019-09-12,4071,USD,-0.0009999999999999,-0.6971865374318532,96.0
CPI MoM,2019-09-12 13:30:00+00:00,2019-09-12,4071,USD,0.0,0.0939346752523172,97.4
FOMC Rate Decision (Upper Bound),2019-09-18 19:00:00+00:00,2019-09-18,4075,USD,0.0,0.0824077311955661,98.0
BOJ Target Rate,2019-09-19 03:50:00+00:00,2019-09-19,4076,JPY,,,98.9
Natl CPI YoY,2019-09-20 00:30:00+00:00,2019-09-20,4077,JPY,0.0,-0.1502162080251713,95.6
Tokyo CPI Ex-Fresh Food YoY,2019-09-27 00:30:00+00:00,2019-09-27,4082,JPY,-0.001,-0.8335020635706288,91.1
Change in Nonfarm Payrolls,2019-10-04 13:30:00+00:00,2019-10-04,4087,USD,-9000.0,0.0362847252704959,99.3
CPI YoY,2019-10-10 13:30:00+00:00,2019-10-10,4091,USD,-0.0009999999999999,-0.6944949476585338,96.0
CPI MoM,2019-10-10 13:30:00+00:00,2019-10-10,4091,USD,-0.001,-0.734974811116648,97.4
Natl CPI YoY,2019-10-18 00:30:00+00:00,2019-10-18,4097,JPY,0.0,-0.149861838834787,95.6
Tokyo CPI Ex-Fresh Food YoY,2019-10-28 23:30:00+00:00,2019-10-29,4104,JPY,-0.0019999999999999,-1.7121197026566135,91.1
FOMC Rate Decision (Upper Bound),2019-10-30 18:00:00+00:00,2019-10-30,4105,USD,0.0,0.0821782255369292,98.0
BOJ Target Rate,2019-10-31 03:32:00+00:00,2019-10-31,4106,JPY,,,98.9
Change in Nonfarm Payrolls,2019-11-01 12:30:00+00:00,2019-11-01,4107,USD,43000.0,0.6702145655869727,99.3
CPI MoM,2019-11-13 13:30:00+00:00,2019-11-13,4115,USD,0.001,0.925952474080676,97.4
CPI YoY,2019-11-13 13:30:00+00:00,2019-11-13,4115,USD,0.0009999999999999,0.6990409473931019,96.0
Natl CPI YoY,2019-11-21 23:30:00+00:00,2019-11-22,4122,JPY,-0.001,-1.20287563611506,95.6
Tokyo CPI Ex-Fresh Food YoY,2019-11-28 23:30:00+00:00,2019-11-29,4127,JPY,0.0,0.0592041927488469,91.1
Change in Nonfarm Payrolls,2019-12-06 13:30:00+00:00,2019-12-06,4132,USD,86000.0,1.193238262591376,99.3
CPI MoM,2019-12-11 13:30:00+00:00,2019-12-11,4135,USD,0.001,0.922842106504522,97.4
CPI YoY,2019-12-11 13:30:00+00:00,2019-12-11,4135,USD,0.001,0.6963652943072182,96.0
FOMC Rate Decision (Upper Bound),2019-12-11 19:00:00+00:00,2019-12-11,4135,USD,0.0,0.0819506267970607,98.0
BOJ Target Rate,2019-12-19 02:45:00+00:00,2019-12-19,4141,JPY,,,98.9
Natl CPI YoY,2019-12-19 23:30:00+00:00,2019-12-20,4142,JPY,0.0,-0.1438463365203687,95.6
Tokyo CPI Ex-Fresh Food YoY,2019-12-26 23:30:00+00:00,2019-12-27,4147,JPY,0.002,1.819084573042356,91.1
Change in Nonfarm Payrolls,2020-01-10 13:30:00+00:00,2020-01-10,4156,USD,-15000.0,-0.0437517276524408,99.3
CPI MoM,2020-01-14 13:30:00+00:00,2020-01-14,4158,USD,-0.001,-0.7400046873909747,97.4
CPI YoY,2020-01-14 13:30:00+00:00,2020-01-14,4158,USD,-0.001,-0.7008719320352607,96.0
BOJ Target Rate,2020-01-21 03:01:00+00:00,2020-01-21,4163,JPY,,,98.9
Natl CPI YoY,2020-01-23 23:30:00+00:00,2020-01-24,4166,JPY,0.001,0.9111582715976886,95.6
FOMC Rate Decision (Upper Bound),2020-01-29 19:00:00+00:00,2020-01-29,4169,USD,0.0,0.081724908714123,98.0
Tokyo CPI Ex-Fresh Food YoY,2020-01-30 23:30:00+00:00,2020-01-31,4171,JPY,-0.001,-0.8248981761955029,91.1
Change in Nonfarm Payrolls,2020-02-07 13:30:00+00:00,2020-02-07,4176,USD,60000.0,0.8726452029866588,99.3
CPI YoY,2020-02-13 13:30:00+00:00,2020-02-13,4180,USD,0.001,0.6982120021884476,96.0
CPI MoM,2020-02-13 13:30:00+00:00,2020-02-13,4180,USD,-0.001,-0.7379482763936258,97.4
Natl CPI YoY,2020-02-20 23:30:00+00:00,2020-02-21,4186,JPY,0.0,-0.1477124170658063,95.6
Tokyo CPI Ex-Fresh Food YoY,2020-02-27 23:30:00+00:00,2020-02-28,4191,JPY,-0.001,-0.8217683730271611,91.1
FOMC Rate Decision (Upper Bound),2020-03-03 15:00:00+00:00,2020-03-03,4193,USD,-0.0024999999999999,-5.83702726080478,98.0
Change in Nonfarm Payrolls,2020-03-06 13:30:00+00:00,2020-03-06,4196,USD,98000.0,1.334336367459523,99.3
CPI YoY,2020-03-11 12:30:00+00:00,2020-03-11,4199,USD,0.001,0.6955821736356782,96.0
CPI MoM,2020-03-11 12:30:00+00:00,2020-03-11,4199,USD,0.001,0.9265897901392152,97.4
FOMC Rate Decision (Upper Bound),2020-03-15 21:00:00+00:00,2020-03-16,4202,USD,,,98.0
BOJ Target Rate,2020-03-16 05:06:00+00:00,2020-03-16,4202,JPY,,,98.9
Natl CPI YoY,2020-03-18 23:30:00+00:00,2020-03-19,4205,JPY,-0.001,-1.2048144529745786,95.6
Tokyo CPI Ex-Fresh Food YoY,2020-03-26 23:30:00+00:00,2020-03-27,4211,JPY,0.0,0.0580535816247254,91.1
Change in Nonfarm Payrolls,2020-04-03 13:30:00+00:00,2020-04-03,4216,USD,-601000.0,-7.204212967571911,99.3
CPI MoM,2020-04-10 13:30:00+00:00,2020-04-10,4221,USD,-0.001,-0.739409681930745,97.4
CPI YoY,2020-04-10 13:30:00+00:00,2020-04-10,4221,USD,-0.001,-0.7071243697779416,96.0
Natl CPI YoY,2020-04-24 00:30:00+00:00,2020-04-24,4231,JPY,0.0,-0.1418022641307653,95.6
BOJ Target Rate,2020-04-27 04:08:00+00:00,2020-04-27,4232,JPY,,,98.9
FOMC Rate Decision (Upper Bound),2020-04-29 19:00:00+00:00,2020-04-29,4234,USD,0.0,0.1042442614511573,98.0
Tokyo CPI Ex-Fresh Food YoY,2020-05-01 00:30:00+00:00,2020-05-01,4236,JPY,-0.002,-1.6994809756424196,91.1
Change in Nonfarm Payrolls,2020-05-08 13:30:00+00:00,2020-05-08,4241,USD,1463000.0,16.562092437196117,99.3
CPI YoY,2020-05-12 13:30:00+00:00,2020-05-12,4243,USD,-0.001,-0.7044654511293893,96.0
CPI MoM,2020-05-12 13:30:00+00:00,2020-05-12,4243,USD,0.0,0.0947634355034965,97.4
Natl CPI YoY,2020-05-22 00:30:00+00:00,2020-05-22,4251,JPY,-0.001,-1.200197629543548,95.6
BOJ Target Rate,2020-05-22 01:00:00+00:00,2020-05-22,4251,JPY,,,98.9
Tokyo CPI Ex-Fresh Food YoY,2020-05-29 00:30:00+00:00,2020-05-29,4256,JPY,0.004,3.5653589333473388,91.1
Change in Nonfarm Payrolls,2020-06-05 13:30:00+00:00,2020-06-05,4261,USD,10009000.0,79.89046946217762,99.3
CPI YoY,2020-06-10 13:30:00+00:00,2020-06-10,4264,USD,-0.002,-1.40367269322409,96.0
CPI MoM,2020-06-10 13:30:00+00:00,2020-06-10,4264,USD,-0.001,-0.7390183867136556,97.4
FOMC Rate Decision (Upper Bound),2020-06-10 19:00:00+00:00,2020-06-10,4264,USD,0.0,0.1039606038789246,98.0
BOJ Target Rate,2020-06-16 03:33:00+00:00,2020-06-16,4268,JPY,,,98.9
Natl CPI YoY,2020-06-19 00:30:00+00:00,2020-06-19,4271,JPY,-0.001,-1.1936784906952649,95.6
Tokyo CPI Ex-Fresh Food YoY,2020-06-26 00:30:00+00:00,2020-06-26,4276,JPY,0.0,0.0481537200241747,91.1
Change in Nonfarm Payrolls,2020-07-02 13:30:00+00:00,2020-07-02,4280,USD,1570000.0,2.5211868033740834,99.3
CPI MoM,2020-07-14 13:30:00+00:00,2020-07-14,4288,USD,0.001,0.9315715954724963,97.4
CPI YoY,2020-07-14 13:30:00+00:00,2020-07-14,4288,USD,0.0,0.0069667374881512,96.0
BOJ Target Rate,2020-07-15 03:57:00+00:00,2020-07-15,4289,JPY,,,98.9
Natl CPI YoY,2020-07-21 00:30:00+00:00,2020-07-21,4293,JPY,0.0,-0.1305615333382012,95.6
FOMC Rate Decision (Upper Bound),2020-07-29 19:00:00+00:00,2020-07-29,4299,USD,0.0,0.1036792494346478,98.0
Tokyo CPI Ex-Fresh Food YoY,2020-08-04 00:30:00+00:00,2020-08-04,4303,JPY,0.003,2.6130918136117747,91.1
Change in Nonfarm Payrolls,2020-08-07 13:30:00+00:00,2020-08-07,4306,USD,283000.0,0.4038976897469445,99.3
CPI MoM,2020-08-12 13:30:00+00:00,2020-08-12,4309,USD,0.003,2.5974865256974966,97.4
CPI YoY,2020-08-12 13:30:00+00:00,2020-08-12,4309,USD,0.003,2.112665286067568,96.0
Natl CPI YoY,2020-08-21 00:30:00+00:00,2020-08-21,4316,JPY,0.0,-0.1302687121377906,95.6
Tokyo CPI Ex-Fresh Food YoY,2020-08-28 00:30:00+00:00,2020-08-28,4321,JPY,-0.006,-5.029444996122402,91.1
Change in Nonfarm Payrolls,2020-09-04 13:30:00+00:00,2020-09-04,4326,USD,21000.0,-0.0219636894920794,99.3
CPI MoM,2020-09-11 13:30:00+00:00,2020-09-11,4331,USD,0.001,0.9102729824336644,97.4
CPI YoY,2020-09-11 13:30:00+00:00,2020-09-11,4331,USD,0.0009999999999999,0.6925729959236873,96.0
FOMC Rate Decision (Upper Bound),2020-09-16 19:00:00+00:00,2020-09-16,4334,USD,0.0,0.103400167118223,98.0
BOJ Target Rate,2020-09-17 03:51:00+00:00,2020-09-17,4335,JPY,,,98.9
Natl CPI YoY,2020-09-18 00:30:00+00:00,2020-09-18,4336,JPY,0.0,-0.1299778524862005,95.6
Tokyo CPI Ex-Fresh Food YoY,2020-09-29 00:30:00+00:00,2020-09-29,4343,JPY,0.001,0.8578476673584676,91.1
Change in Nonfarm Payrolls,2020-10-02 13:30:00+00:00,2020-10-02,4346,USD,-198000.0,-0.3778295822102657,99.3
CPI MoM,2020-10-13 13:30:00+00:00,2020-10-13,4353,USD,0.0,0.0809117708678348,97.4
CPI YoY,2020-10-13 13:30:00+00:00,2020-10-13,4353,USD,0.0,-0.0068323466465608,96.0
Natl CPI YoY,2020-10-23 00:30:00+00:00,2020-10-23,4361,JPY,0.0,-0.1296889325792145,95.6
BOJ Target Rate,2020-10-29 03:12:00+00:00,2020-10-29,4365,JPY,,,98.9
Tokyo CPI Ex-Fresh Food YoY,2020-10-29 23:30:00+00:00,2020-10-30,4366,JPY,0.0,0.0515496927644289,91.1
FOMC Rate Decision (Upper Bound),2020-11-05 19:00:00+00:00,2020-11-05,4370,USD,0.0,0.1031233265106066,98.0
Change in Nonfarm Payrolls,2020-11-06 13:30:00+00:00,2020-11-06,4371,USD,58000.0,0.0395954705146318,99.3
CPI YoY,2020-11-12 13:30:00+00:00,2020-11-12,4375,USD,-0.0009999999999999,-0.7054294132946584,96.0
CPI MoM,2020-11-12 13:30:00+00:00,2020-11-12,4375,USD,-0.001,-0.7471248669118831,97.4
Natl CPI YoY,2020-11-19 23:30:00+00:00,2020-11-20,4381,JPY,0.0,-0.1294019309504583,95.6
Tokyo CPI Ex-Fresh Food YoY,2020-11-26 23:30:00+00:00,2020-11-27,4386,JPY,-0.0009999999999999,-0.7533698235849448,91.1
Change in Nonfarm Payrolls,2020-12-04 13:30:00+00:00,2020-12-04,4391,USD,-215000.0,-0.4055928417746628,99.3
CPI YoY,2020-12-10 13:30:00+00:00,2020-12-10,4395,USD,0.001,0.6960798715857183,96.0
CPI MoM,2020-12-10 13:30:00+00:00,2020-12-10,4395,USD,0.001,0.9119648483178694,97.4
FOMC Rate Decision (Upper Bound),2020-12-16 19:00:00+00:00,2020-12-16,4399,USD,0.0,0.102848697759886,98.0
Natl CPI YoY,2020-12-17 23:30:00+00:00,2020-12-18,4401,JPY,-0.001,-1.1973495634028546,95.6
BOJ Target Rate,2020-12-18 03:13:00+00:00,2020-12-18,4401,JPY,,,98.9
Tokyo CPI Ex-Fresh Food YoY,2020-12-24 23:30:00+00:00,2020-12-25,4406,JPY,-0.001,-0.7508186534447183,91.1
Change in Nonfarm Payrolls,2021-01-08 13:30:00+00:00,2021-01-08,4415,USD,-190000.0,-0.3639471046313987,99.3
CPI YoY,2021-01-13 13:30:00+00:00,2021-01-13,4418,USD,0.001,0.693589438664404,96.0
CPI MoM,2021-01-13 13:30:00+00:00,2021-01-13,4418,USD,0.0,0.0802972425566104,97.4
BOJ Target Rate,2021-01-21 02:38:00+00:00,2021-01-21,4424,JPY,,,98.9
Natl CPI YoY,2021-01-21 23:30:00+00:00,2021-01-22,4425,JPY,0.0009999999999999,0.9434230043518224,95.6
FOMC Rate Decision (Upper Bound),2021-01-27 19:00:00+00:00,2021-01-27,4428,USD,0.0,0.1025762515677573,98.0
Tokyo CPI Ex-Fresh Food YoY,2021-01-28 23:30:00+00:00,2021-01-29,4430,JPY,0.002,1.670713285188427,91.1
Change in Nonfarm Payrolls,2021-02-05 13:30:00+00:00,2021-02-05,4435,USD,-56000.0,-0.1440933668165356,99.3
CPI MoM,2021-02-10 13:30:00+00:00,2021-02-10,4438,USD,0.0,0.0801582651775024,97.4
CPI YoY,2021-02-10 13:30:00+00:00,2021-02-10,4438,USD,-0.0009999999999999,-0.7113536497522229,96.0
Natl CPI YoY,2021-02-18 23:30:00+00:00,2021-02-19,4445,JPY,0.0009999999999999,0.939587972557696,95.6
Tokyo CPI Ex-Fresh Food YoY,2021-02-25 23:30:00+00:00,2021-02-26,4450,JPY,0.001,0.8539389772207887,91.1
Change in Nonfarm Payrolls,2021-03-05 13:30:00+00:00,2021-03-05,4455,USD,179000.0,0.2411265566732351,99.3
CPI YoY,2021-03-10 13:30:00+00:00,2021-03-10,4458,USD,0.0,-0.0067184486160469,96.0
CPI MoM,2021-03-10 13:30:00+00:00,2021-03-10,4458,USD,0.0,0.08002000693972,97.4
FOMC Rate Decision (Upper Bound),2021-03-17 18:00:00+00:00,2021-03-17,4463,USD,0.0,0.1023059591763934,98.0
Natl CPI YoY,2021-03-18 23:30:00+00:00,2021-03-19,4465,JPY,0.0,-0.1319834606420921,95.6
BOJ Target Rate,2021-03-19 03:39:00+00:00,2021-03-19,4465,JPY,,,98.9
Tokyo CPI Ex-Fresh Food YoY,2021-03-25 23:30:00+00:00,2021-03-26,4470,JPY,0.001,0.8507898879199717,91.1
Change in Nonfarm Payrolls,2021-04-02 13:30:00+00:00,2021-04-02,4475,USD,256000.0,0.3670305241914463,99.3
CPI MoM,2021-04-13 13:30:00+00:00,2021-04-13,4482,USD,0.001,0.9129424189997546,97.4
CPI YoY,2021-04-13 13:30:00+00:00,2021-04-13,4482,USD,0.0009999999999999,0.6970609587644399,96.0
Natl CPI YoY,2021-04-23 00:30:00+00:00,2021-04-23,4490,JPY,0.0,-0.1316974327308834,95.6
BOJ Target Rate,2021-04-27 04:00:00+00:00,2021-04-27,4492,JPY,,,98.9
FOMC Rate Decision (Upper Bound),2021-04-28 19:00:00+00:00,2021-04-28,4493,USD,0.0,0.1020377923556921,98.0
Tokyo CPI Ex-Fresh Food YoY,2021-04-30 00:30:00+00:00,2021-04-30,4495,JPY,-0.002,-1.5649655802325697,91.1
Change in Nonfarm Payrolls,2021-05-07 13:30:00+00:00,2021-05-07,4500,USD,-734000.0,-1.2605519302957058,99.3
CPI YoY,2021-05-12 13:30:00+00:00,2021-05-12,4503,USD,0.006,4.2177638140885065,96.0
CPI MoM,2021-05-12 13:30:00+00:00,2021-05-12,4503,USD,0.006,5.076598968707174,97.4
Natl CPI YoY,2021-05-21 00:30:00+00:00,2021-05-21,4510,JPY,0.001,0.9408824130462824,95.6
Tokyo CPI Ex-Fresh Food YoY,2021-05-28 00:30:00+00:00,2021-05-28,4515,JPY,0.0,0.0499403286572024,91.1
Change in Nonfarm Payrolls,2021-06-04 13:30:00+00:00,2021-06-04,4520,USD,-116000.0,-0.2404196465922594,99.3
CPI YoY,2021-06-10 13:30:00+00:00,2021-06-10,4524,USD,0.003,2.006076060273146,96.0
CPI MoM,2021-06-10 13:30:00+00:00,2021-06-10,4524,USD,0.001,0.857435547216999,97.4
FOMC Rate Decision (Upper Bound),2021-06-16 19:00:00+00:00,2021-06-16,4528,USD,0.0,0.1017717233908899,98.0
Natl CPI YoY,2021-06-18 00:30:00+00:00,2021-06-18,4530,JPY,0.001,0.9371319126486756,95.6
BOJ Target Rate,2021-06-18 04:30:00+00:00,2021-06-18,4530,JPY,,,98.9
Tokyo CPI Ex-Fresh Food YoY,2021-06-25 00:30:00+00:00,2021-06-25,4535,JPY,0.001,0.8532979640065144,91.1
Change in Nonfarm Payrolls,2021-07-02 13:30:00+00:00,2021-07-02,4540,USD,130000.0,0.1645157475532181,99.3
CPI MoM,2021-07-13 13:30:00+00:00,2021-07-13,4547,USD,0.004,3.2568293634068133,97.4
CPI YoY,2021-07-13 13:30:00+00:00,2021-07-13,4547,USD,0.005,3.3297197470611426,96.0
BOJ Target Rate,2021-07-16 03:56:00+00:00,2021-07-16,4550,JPY,,,98.9
Natl CPI YoY,2021-07-20 00:30:00+00:00,2021-07-20,4552,JPY,0.0,-0.1394254116095946,95.6
FOMC Rate Decision (Upper Bound),2021-07-28 19:00:00+00:00,2021-07-28,4558,USD,0.0,0.1015077250705284,98.0
Tokyo CPI Ex-Fresh Food YoY,2021-08-03 00:30:00+00:00,2021-08-03,4562,JPY,0.001,0.8502059803068422,91.1
Change in Nonfarm Payrolls,2021-08-06 13:30:00+00:00,2021-08-06,4565,USD,73000.0,0.0703457348740245,99.3
CPI MoM,2021-08-11 13:30:00+00:00,2021-08-11,4568,USD,0.0,0.0425922620931314,97.4
CPI YoY,2021-08-11 13:30:00+00:00,2021-08-11,4568,USD,0.001,0.6059188160411444,96.0
Natl CPI YoY,2021-08-20 00:30:00+00:00,2021-08-20,4575,JPY,0.001,0.935950153126406,95.6
Tokyo CPI Ex-Fresh Food YoY,2021-08-27 00:30:00+00:00,2021-08-27,4580,JPY,0.001,0.847147412100379,91.1
Change in Nonfarm Payrolls,2021-09-03 13:30:00+00:00,2021-09-03,4585,USD,-498000.0,-0.8718461212692985,99.3
CPI MoM,2021-09-14 13:30:00+00:00,2021-09-14,4592,USD,-0.001,-0.7467682103902447,97.4
CPI YoY,2021-09-14 13:30:00+00:00,2021-09-14,4592,USD,0.0,-0.0551875215579253,96.0
BOJ Target Rate,2021-09-22 03:49:00+00:00,2021-09-22,4598,JPY,,,98.9
FOMC Rate Decision (Upper Bound),2021-09-22 19:00:00+00:00,2021-09-22,4598,USD,0.0,0.1012457706747632,98.0
Natl CPI YoY,2021-09-24 00:30:00+00:00,2021-09-24,4600,JPY,-0.001,-1.218448543665183,95.6
Tokyo CPI Ex-Fresh Food YoY,2021-10-05 00:30:00+00:00,2021-10-05,4607,JPY,-0.001,-0.7656455117247741,91.1
Change in Nonfarm Payrolls,2021-10-08 13:30:00+00:00,2021-10-08,4610,USD,-306000.0,-0.5523447659388754,99.3
CPI MoM,2021-10-13 13:30:00+00:00,2021-10-13,4613,USD,0.001,0.8349399870698705,97.4
CPI YoY,2021-10-13 13:30:00+00:00,2021-10-13,4613,USD,0.001,0.6056581304742797,96.0
Natl CPI YoY,2021-10-22 00:30:00+00:00,2021-10-22,4620,JPY,0.0,-0.1378674228444583,95.6
BOJ Target Rate,2021-10-28 03:45:00+00:00,2021-10-28,4624,JPY,,,98.9
Tokyo CPI Ex-Fresh Food YoY,2021-10-29 00:30:00+00:00,2021-10-29,4625,JPY,-0.002,-1.568713004440328,91.1
FOMC Rate Decision (Upper Bound),2021-11-03 18:00:00+00:00,2021-11-03,4628,USD,0.0,0.1009858339640029,98.0
Change in Nonfarm Payrolls,2021-11-05 12:30:00+00:00,2021-11-05,4630,USD,81000.0,0.088386119707433,99.3
CPI YoY,2021-11-10 13:30:00+00:00,2021-11-10,4633,USD,0.003,1.9271372116555192,96.0
CPI MoM,2021-11-10 13:30:00+00:00,2021-11-10,4633,USD,0.003,2.4131430807014627,97.4
Natl CPI YoY,2021-11-18 23:30:00+00:00,2021-11-19,4640,JPY,-0.001,-1.214070944724536,95.6
Tokyo CPI Ex-Fresh Food YoY,2021-11-25 23:30:00+00:00,2021-11-26,4645,JPY,0.0,0.0487875221588723,91.1
Change in Nonfarm Payrolls,2021-12-03 13:30:00+00:00,2021-12-03,4650,USD,-340000.0,-0.6086325688149894,99.3
CPI YoY,2021-12-10 13:30:00+00:00,2021-12-10,4655,USD,0.0,-0.0663650552003105,96.0
CPI MoM,2021-12-10 13:30:00+00:00,2021-12-10,4655,USD,0.001,0.8179853490700973,97.4
FOMC Rate Decision (Upper Bound),2021-12-15 19:00:00+00:00,2021-12-15,4658,USD,0.0,0.1007278891678672,98.0
BOJ Target Rate,2021-12-17 02:57:00+00:00,2021-12-17,4660,JPY,,,98.9
Natl CPI YoY,2021-12-23 23:30:00+00:00,2021-12-24,4665,JPY,0.001,0.9430191419307196,95.6
Tokyo CPI Ex-Fresh Food YoY,2022-01-06 23:30:00+00:00,2022-01-07,4675,JPY,0.0,0.0486872090610161,91.1
Change in Nonfarm Payrolls,2022-01-07 13:30:00+00:00,2022-01-07,4675,USD,-251000.0,-0.4597595657265764,99.3
CPI MoM,2022-01-12 13:30:00+00:00,2022-01-12,4678,USD,0.001,0.8157208076894024,97.4
CPI YoY,2022-01-12 13:30:00+00:00,2022-01-12,4678,USD,0.0,-0.0662133912136229,96.0
BOJ Target Rate,2022-01-18 02:46:00+00:00,2022-01-18,4682,JPY,,,98.9
Natl CPI YoY,2022-01-20 23:30:00+00:00,2022-01-21,4685,JPY,-0.001,-1.2120493913239831,95.6
FOMC Rate Decision (Upper Bound),2022-01-26 19:00:00+00:00,2022-01-26,4688,USD,0.0,0.1004719109744537,98.0
Tokyo CPI Ex-Fresh Food YoY,2022-01-27 23:30:00+00:00,2022-01-28,4690,JPY,-0.001,-0.7578990847279761,91.1
Change in Nonfarm Payrolls,2022-02-04 13:30:00+00:00,2022-02-04,4695,USD,342000.0,0.525093761965372,99.3
CPI MoM,2022-02-10 13:30:00+00:00,2022-02-10,4699,USD,0.002,1.5983614025999078,97.4
CPI YoY,2022-02-10 13:30:00+00:00,2022-02-10,4699,USD,0.002,1.2551924834804788,96.0
Natl CPI YoY,2022-02-17 23:30:00+00:00,2022-02-18,4705,JPY,-0.001,-1.2059335533555209,95.6
Tokyo CPI Ex-Fresh Food YoY,2022-02-24 23:30:00+00:00,2022-02-25,4710,JPY,0.001,0.8589211043240463,91.1
Change in Nonfarm Payrolls,2022-03-04 13:30:00+00:00,2022-03-04,4715,USD,255000.0,0.3794508285984025,99.3
CPI YoY,2022-03-10 13:30:00+00:00,2022-03-10,4719,USD,0.0,-0.071649870774534,96.0
CPI MoM,2022-03-10 13:30:00+00:00,2022-03-10,4719,USD,0.0,0.023254000190905,97.4
FOMC Rate Decision (Upper Bound),2022-03-16 18:00:00+00:00,2022-03-16,4723,USD,0.0,0.1002178745199034,98.0
Natl CPI YoY,2022-03-17 23:30:00+00:00,2022-03-18,4725,JPY,0.0,-0.1262140003537195,95.6
BOJ Target Rate,2022-03-18 02:51:00+00:00,2022-03-18,4725,JPY,,,98.9
Tokyo CPI Ex-Fresh Food YoY,2022-03-24 23:30:00+00:00,2022-03-25,4730,JPY,0.001,0.8558930043011118,91.1
Change in Nonfarm Payrolls,2022-04-01 13:30:00+00:00,2022-04-01,4735,USD,-59000.0,-0.1436463768739085,99.3
CPI MoM,2022-04-12 13:30:00+00:00,2022-04-12,4742,USD,0.0,0.0232158276950003,97.4
CPI YoY,2022-04-12 13:30:00+00:00,2022-04-12,4742,USD,0.001,0.5897777868297839,96.0
Natl CPI YoY,2022-04-22 00:30:00+00:00,2022-04-22,4750,JPY,0.0,-0.1259541610265616,95.6
BOJ Target Rate,2022-04-28 04:09:00+00:00,2022-04-28,4754,JPY,,,98.9
FOMC Rate Decision (Upper Bound),2022-05-04 19:00:00+00:00,2022-05-04,4758,USD,0.0,0.0999657553782551,98.0
Tokyo CPI Ex-Fresh Food YoY,2022-05-06 00:30:00+00:00,2022-05-06,4760,JPY,0.001,0.8528967483135336,91.1
Change in Nonfarm Payrolls,2022-05-06 13:30:00+00:00,2022-05-06,4760,USD,48000.0,0.0348937420032261,99.3
CPI MoM,2022-05-11 13:30:00+00:00,2022-05-11,4763,USD,0.001,0.8086491740181013,97.4
CPI YoY,2022-05-11 13:30:00+00:00,2022-05-11,4763,USD,0.002,1.250241192546685,96.0
Natl CPI YoY,2022-05-20 00:30:00+00:00,2022-05-20,4770,JPY,0.0,-0.1256959200294509,95.6
Tokyo CPI Ex-Fresh Food YoY,2022-05-27 00:30:00+00:00,2022-05-27,4775,JPY,-0.001,-0.7671229315234831,91.1
Change in Nonfarm Payrolls,2022-06-03 13:30:00+00:00,2022-06-03,4780,USD,72000.0,0.0748945995433656,99.3
CPI MoM,2022-06-10 13:30:00+00:00,2022-06-10,4785,USD,0.003,2.378307256436884,97.4
CPI YoY,2022-06-10 13:30:00+00:00,2022-06-10,4785,USD,0.0029999999999999,1.904528220944159,96.0
FOMC Rate Decision (Upper Bound),2022-06-15 19:00:00+00:00,2022-06-15,4788,USD,0.0025,5.793698893150254,98.0
BOJ Target Rate,2022-06-17 03:43:00+00:00,2022-06-17,4790,JPY,,,98.9
Natl CPI YoY,2022-06-24 00:30:00+00:00,2022-06-24,4795,JPY,0.0,-0.1254392610421494,95.6
Tokyo CPI Ex-Fresh Food YoY,2022-07-01 00:30:00+00:00,2022-07-01,4800,JPY,0.0,0.0445224072123533,91.1
Change in Nonfarm Payrolls,2022-07-08 13:30:00+00:00,2022-07-08,4805,USD,107000.0,0.1332855776950766,99.3
CPI MoM,2022-07-13 13:30:00+00:00,2022-07-13,4808,USD,0.002,1.5727661453814674,97.4
CPI YoY,2022-07-13 13:30:00+00:00,2022-07-13,4808,USD,0.0029999999999999,1.8851083877680888,96.0
BOJ Target Rate,2022-07-21 04:04:00+00:00,2022-07-21,4814,JPY,,,98.9
Natl CPI YoY,2022-07-22 00:30:00+00:00,2022-07-22,4815,JPY,0.0,-0.1251841679767843,95.6
FOMC Rate Decision (Upper Bound),2022-07-27 19:00:00+00:00,2022-07-27,4818,USD,0.0,0.0659192485769319,98.0
Tokyo CPI Ex-Fresh Food YoY,2022-07-29 00:30:00+00:00,2022-07-29,4820,JPY,0.001,0.8552629188747951,91.1
Change in Nonfarm Payrolls,2022-08-05 13:30:00+00:00,2022-08-05,4825,USD,278000.0,0.4194120873206968,99.3
CPI MoM,2022-08-10 13:30:00+00:00,2022-08-10,4828,USD,-0.002,-1.548771975627383,97.4
CPI YoY,2022-08-10 13:30:00+00:00,2022-08-10,4828,USD,-0.0019999999999999,-1.403320294325254,96.0
Natl CPI YoY,2022-08-19 00:30:00+00:00,2022-08-19,4835,JPY,0.0,-0.1249306249736114,95.6
Tokyo CPI Ex-Fresh Food YoY,2022-08-26 00:30:00+00:00,2022-08-26,4840,JPY,0.0009999999999999,0.852318328412509,91.1
Change in Nonfarm Payrolls,2022-09-02 13:30:00+00:00,2022-09-02,4845,USD,17000.0,-0.0190423215173695,99.3
CPI YoY,2022-09-13 13:30:00+00:00,2022-09-13,4852,USD,0.002,1.2159535069961032,96.0
CPI MoM,2022-09-13 13:30:00+00:00,2022-09-13,4852,USD,0.002,1.5654127215611826,97.4
Natl CPI YoY,2022-09-20 00:30:00+00:00,2022-09-20,4857,JPY,0.0009999999999999,0.9619301584508656,95.6
FOMC Rate Decision (Upper Bound),2022-09-21 19:00:00+00:00,2022-09-21,4858,USD,0.0,0.0657567839441761,98.0
BOJ Target Rate,2022-09-22 03:51:00+00:00,2022-09-22,4859,JPY,,,98.9
Tokyo CPI Ex-Fresh Food YoY,2022-10-04 00:30:00+00:00,2022-10-04,4867,JPY,0.0,0.0376868661274933,91.1
Change in Nonfarm Payrolls,2022-10-07 13:30:00+00:00,2022-10-07,4870,USD,8000.0,-0.0341274659806795,99.3
CPI YoY,2022-10-13 13:30:00+00:00,2022-10-13,4874,USD,0.0009999999999999,0.5575080259542324,96.0
CPI MoM,2022-10-13 13:30:00+00:00,2022-10-13,4874,USD,0.002,1.5567333150105356,97.4
Natl CPI YoY,2022-10-21 00:30:00+00:00,2022-10-21,4880,JPY,0.0009999999999999,0.9582625718114544,95.6
Tokyo CPI Ex-Fresh Food YoY,2022-10-28 00:30:00+00:00,2022-10-28,4885,JPY,0.002,1.6642728697485372,91.1
BOJ Target Rate,2022-10-28 03:50:00+00:00,2022-10-28,4885,JPY,,,98.9
FOMC Rate Decision (Upper Bound),2022-11-02 18:00:00+00:00,2022-11-02,4888,USD,0.0,0.0655955146471963,98.0
Change in Nonfarm Payrolls,2022-11-04 12:30:00+00:00,2022-11-04,4890,USD,68000.0,0.0668661559398826,99.3
CPI YoY,2022-11-10 13:30:00+00:00,2022-11-10,4894,USD,-0.002,-1.4026187827971064,96.0
CPI MoM,2022-11-10 13:30:00+00:00,2022-11-10,4894,USD,-0.002,-1.5432266852942051,97.4
Natl CPI YoY,2022-11-17 23:30:00+00:00,2022-11-18,4900,JPY,0.001,0.9546366729901988,95.6
Tokyo CPI Ex-Fresh Food YoY,2022-11-24 23:30:00+00:00,2022-11-25,4905,JPY,0.0009999999999999,0.8414704733711876,91.1
Change in Nonfarm Payrolls,2022-12-02 13:30:00+00:00,2022-12-02,4910,USD,63000.0,0.0583325863784024,99.3
CPI YoY,2022-12-13 13:30:00+00:00,2022-12-13,4917,USD,-0.002,-1.3936060864087858,96.0
CPI MoM,2022-12-13 13:30:00+00:00,2022-12-13,4917,USD,-0.002,-1.5348938054468355,97.4
FOMC Rate Decision (Upper Bound),2022-12-14 19:00:00+00:00,2022-12-14,4918,USD,0.0,0.0654354260997492,98.0
BOJ Target Rate,2022-12-20 03:01:00+00:00,2022-12-20,4922,JPY,,,98.9
Natl CPI YoY,2022-12-22 23:30:00+00:00,2022-12-23,4925,JPY,-0.001,-1.2232698897377836,95.6
Change in Nonfarm Payrolls,2023-01-06 13:30:00+00:00,2023-01-06,4935,USD,18000.0,-0.0177105307409778,99.3
Tokyo CPI Ex-Fresh Food YoY,2023-01-09 23:30:00+00:00,2023-01-10,4937,JPY,0.002,1.6496455043484692,91.1
CPI MoM,2023-01-12 13:30:00+00:00,2023-01-12,4939,USD,0.0,0.0122922269378009,97.4
CPI YoY,2023-01-12 13:30:00+00:00,2023-01-12,4939,USD,0.0,-0.0844368989600436,96.0
BOJ Target Rate,2023-01-18 02:40:00+00:00,2023-01-18,4943,JPY,,,98.9
Natl CPI YoY,2023-01-19 23:30:00+00:00,2023-01-20,4945,JPY,0.0,-0.1311853586623254,95.6
Tokyo CPI Ex-Fresh Food YoY,2023-01-26 23:30:00+00:00,2023-01-27,4950,JPY,0.0009999999999999,0.8294357923738087,91.1
FOMC Rate Decision (Upper Bound),2023-02-01 19:00:00+00:00,2023-02-01,4953,USD,0.0,0.065276503963567,98.0
Change in Nonfarm Payrolls,2023-02-03 13:30:00+00:00,2023-02-03,4955,USD,328000.0,0.5063673549495421,99.3
CPI MoM,2023-02-14 13:30:00+00:00,2023-02-14,4962,USD,0.0,0.0122726973925546,97.4
CPI YoY,2023-02-14 13:30:00+00:00,2023-02-14,4962,USD,0.002,1.2188776527687604,96.0
Natl CPI YoY,2023-02-23 23:30:00+00:00,2023-02-24,4970,JPY,0.0,-0.130925475338964,95.6
Tokyo CPI Ex-Fresh Food YoY,2023-03-02 23:30:00+00:00,2023-03-03,4975,JPY,0.0,0.017937896385877,91.1
BOJ Target Rate,2023-03-10 02:30:00+00:00,2023-03-10,4980,JPY,,,98.9
Change in Nonfarm Payrolls,2023-03-10 13:30:00+00:00,2023-03-10,4980,USD,86000.0,0.0957623755745345,99.3
CPI MoM,2023-03-14 12:30:00+00:00,2023-03-14,4982,USD,0.0,0.0122532606352814,97.4
CPI YoY,2023-03-14 12:30:00+00:00,2023-03-14,4982,USD,0.0,-0.0893931596107432,96.0
FOMC Rate Decision (Upper Bound),2023-03-22 18:00:00+00:00,2023-03-22,4988,USD,0.0,0.0651187341429637,98.0
Natl CPI YoY,2023-03-23 23:30:00+00:00,2023-03-24,4990,JPY,0.0,-0.1306671305418029,95.6
Tokyo CPI Ex-Fresh Food YoY,2023-03-31 00:30:00+00:00,2023-03-31,4995,JPY,0.001,0.8282596598914272,91.1
Change in Nonfarm Payrolls,2023-04-07 13:30:00+00:00,2023-04-07,5000,USD,6000.0,-0.0400078732266636,99.3
CPI MoM,2023-04-12 13:30:00+00:00,2023-04-12,5003,USD,-0.001,-0.7609495710674101,97.4
CPI YoY,2023-04-12 13:30:00+00:00,2023-04-12,5003,USD,-0.0009999999999999,-0.7414852739622447,96.0
Natl CPI YoY,2023-04-21 00:30:00+00:00,2023-04-21,5010,JPY,0.0,-0.1304103091492189,95.6
Tokyo CPI Ex-Fresh Food YoY,2023-04-28 00:30:00+00:00,2023-04-28,5015,JPY,0.003,2.4472768096442032,91.1
BOJ Target Rate,2023-04-28 05:00:00+00:00,2023-04-28,5015,JPY,,,98.9
FOMC Rate Decision (Upper Bound),2023-05-03 19:00:00+00:00,2023-05-03,5018,USD,0.0,0.0649621027795839,98.0
Change in Nonfarm Payrolls,2023-05-05 13:30:00+00:00,2023-05-05,5020,USD,68000.0,0.0653263963405173,99.3
CPI YoY,2023-05-10 13:30:00+00:00,2023-05-10,5023,USD,-0.001,-0.739044993245448,96.0
CPI MoM,2023-05-10 13:30:00+00:00,2023-05-10,5023,USD,0.0,0.0146441874133865,97.4
Natl CPI YoY,2023-05-19 00:30:00+00:00,2023-05-19,5030,JPY,0.0,-0.1301549962468629,95.6
Tokyo CPI Ex-Fresh Food YoY,2023-05-26 00:30:00+00:00,2023-05-26,5035,JPY,-0.002,-1.6011292389536296,91.1
Change in Nonfarm Payrolls,2023-06-02 13:30:00+00:00,2023-06-02,5040,USD,144000.0,0.1944689999264462,99.3
CPI YoY,2023-06-13 13:30:00+00:00,2023-06-13,5047,USD,-0.0009999999999999,-0.7366286792554314,96.0
CPI MoM,2023-06-13 13:30:00+00:00,2023-06-13,5047,USD,0.0,0.0146212116359921,97.4
FOMC Rate Decision (Upper Bound),2023-06-14 19:00:00+00:00,2023-06-14,5048,USD,0.0,0.0648065962472889,98.0
BOJ Target Rate,2023-06-16 03:47:00+00:00,2023-06-16,5050,JPY,,,98.9
Natl CPI YoY,2023-06-23 00:30:00+00:00,2023-06-23,5055,JPY,0.0,-0.1299011771240205,95.6
Tokyo CPI Ex-Fresh Food YoY,2023-06-30 00:30:00+00:00,2023-06-30,5060,JPY,-0.002,-1.590249955877416,91.1
Change in Nonfarm Payrolls,2023-07-07 13:30:00+00:00,2023-07-07,5065,USD,-21000.0,-0.0868801507609184,99.3
CPI MoM,2023-07-12 13:30:00+00:00,2023-07-12,5068,USD,-0.001,-0.7615469276765603,97.4
CPI YoY,2023-07-12 13:30:00+00:00,2023-07-12,5068,USD,-0.001,-0.7342359419486021,96.0
Natl CPI YoY,2023-07-21 00:30:00+00:00,2023-07-21,5075,JPY,0.001,0.9689987772586288,95.6
FOMC Rate Decision (Upper Bound),2023-07-26 19:00:00+00:00,2023-07-26,5078,USD,0.0,0.0646522011471787,98.0
Tokyo CPI Ex-Fresh Food YoY,2023-07-28 00:30:00+00:00,2023-07-28,5080,JPY,0.0009999999999999,0.8158521322167839,91.1
BOJ Target Rate,2023-07-28 04:28:00+00:00,2023-07-28,5080,JPY,,,98.9
Change in Nonfarm Payrolls,2023-08-04 13:30:00+00:00,2023-08-04,5085,USD,-13000.0,-0.0730952354207298,99.3
CPI MoM,2023-08-10 13:30:00+00:00,2023-08-10,5089,USD,0.0,0.0169894152753908,97.4
CPI YoY,2023-08-10 13:30:00+00:00,2023-08-10,5089,USD,-0.001,-0.7318664001142954,96.0
Natl CPI YoY,2023-08-18 00:30:00+00:00,2023-08-18,5095,JPY,0.0,-0.1333638177523369,95.6
Tokyo CPI Ex-Fresh Food YoY,2023-08-25 00:30:00+00:00,2023-08-25,5100,JPY,-0.001,-0.784715893139083,91.1
Change in Nonfarm Payrolls,2023-09-01 13:30:00+00:00,2023-09-01,5105,USD,17000.0,-0.0217225938352496,99.3
CPI MoM,2023-09-13 13:30:00+00:00,2023-09-13,5113,USD,0.0,0.016963006546563,97.4
CPI YoY,2023-09-13 13:30:00+00:00,2023-09-13,5113,USD,0.001,0.5814217007416913,96.0
FOMC Rate Decision (Upper Bound),2023-09-20 19:00:00+00:00,2023-09-20,5118,USD,0.0,0.0644989043027423,98.0
Natl CPI YoY,2023-09-22 00:30:00+00:00,2023-09-22,5120,JPY,0.002,2.068591970046192,95.6
BOJ Target Rate,2023-09-22 03:52:00+00:00,2023-09-22,5120,JPY,,,98.9
Tokyo CPI Ex-Fresh Food YoY,2023-09-29 00:30:00+00:00,2023-09-29,5125,JPY,-0.0009999999999999,-0.7823186159565338,91.1
Change in Nonfarm Payrolls,2023-10-06 13:30:00+00:00,2023-10-06,5130,USD,166000.0,0.2332906962363454,99.3
CPI YoY,2023-10-12 13:30:00+00:00,2023-10-12,5134,USD,0.001,0.5798043084467629,96.0
CPI MoM,2023-10-12 13:30:00+00:00,2023-10-12,5134,USD,0.001,0.7960258675244015,97.4
Natl CPI YoY,2023-10-20 00:30:00+00:00,2023-10-20,5140,JPY,0.0,-0.1400758252950896,95.6
Tokyo CPI Ex-Fresh Food YoY,2023-10-27 00:30:00+00:00,2023-10-27,5145,JPY,0.0019999999999999,1.6205788482410153,91.1
BOJ Target Rate,2023-10-31 03:27:00+00:00,2023-10-31,5147,JPY,,,98.9
FOMC Rate Decision (Upper Bound),2023-11-01 18:00:00+00:00,2023-11-01,5148,USD,0.0,0.0643466927551341,98.0
Change in Nonfarm Payrolls,2023-11-03 12:30:00+00:00,2023-11-03,5150,USD,-30000.0,-0.1030001544911057,99.3
CPI YoY,2023-11-14 13:30:00+00:00,2023-11-14,5157,USD,-0.001,-0.7363872422131994,96.0
CPI MoM,2023-11-14 13:30:00+00:00,2023-11-14,5157,USD,-0.001,-0.76505456380769,97.4
Natl CPI YoY,2023-11-23 23:30:00+00:00,2023-11-24,5165,JPY,-0.001,-1.235927757977249,95.6
Tokyo CPI Ex-Fresh Food YoY,2023-12-04 23:30:00+00:00,2023-12-05,5172,JPY,-0.001,-0.7836492509171116,91.1
Change in Nonfarm Payrolls,2023-12-08 13:30:00+00:00,2023-12-08,5175,USD,14000.0,-0.0273137738238718,99.3
CPI MoM,2023-12-12 13:30:00+00:00,2023-12-12,5177,USD,0.001,0.7968908475507511,97.4
CPI YoY,2023-12-12 13:30:00+00:00,2023-12-12,5177,USD,0.0,-0.0761232014280052,96.0
FOMC Rate Decision (Upper Bound),2023-12-13 19:00:00+00:00,2023-12-13,5178,USD,0.0,0.0641955537585735,98.0
BOJ Target Rate,2023-12-19 02:49:00+00:00,2023-12-19,5182,JPY,,,98.9
Natl CPI YoY,2023-12-21 23:30:00+00:00,2023-12-22,5185,JPY,0.0,-0.1350278771381874,95.6
Change in Nonfarm Payrolls,2024-01-05 13:30:00+00:00,2024-01-05,5194,USD,41000.0,0.019145525382311,99.3
Tokyo CPI Ex-Fresh Food YoY,2024-01-08 23:30:00+00:00,2024-01-09,5196,JPY,0.0,0.017042946269628,91.1
CPI MoM,2024-01-11 13:30:00+00:00,2024-01-11,5198,USD,0.001,0.7948890955851518,97.4
CPI YoY,2024-01-11 13:30:00+00:00,2024-01-11,5198,USD,0.002,1.2425891173318422,96.0
Natl CPI YoY,2024-01-18 23:30:00+00:00,2024-01-19,5204,JPY,0.0009999999999999,0.9622986129925644,95.6
BOJ Target Rate,2024-01-23 03:09:00+00:00,2024-01-23,5206,JPY,,,98.9
Tokyo CPI Ex-Fresh Food YoY,2024-01-25 23:30:00+00:00,2024-01-26,5209,JPY,-0.0029999999999999,-2.382467537801409,91.1
FOMC Rate Decision (Upper Bound),2024-01-31 19:00:00+00:00,2024-01-31,5212,USD,0.0,0.064045474775861,98.0
Change in Nonfarm Payrolls,2024-02-02 13:30:00+00:00,2024-02-02,5214,USD,168000.0,0.2377872374058017,99.3
CPI MoM,2024-02-13 13:30:00+00:00,2024-02-13,5221,USD,0.001,0.7929023676866325,97.4
CPI YoY,2024-02-13 13:30:00+00:00,2024-02-13,5221,USD,0.0019999999999999,1.2361296679713103,96.0
Natl CPI YoY,2024-02-26 23:30:00+00:00,2024-02-27,5231,JPY,0.0029999999999999,3.153304698902502,95.6
Tokyo CPI Ex-Fresh Food YoY,2024-03-04 23:30:00+00:00,2024-03-05,5236,JPY,0.0,0.0256462134675654,91.1
Change in Nonfarm Payrolls,2024-03-08 13:30:00+00:00,2024-03-08,5239,USD,75000.0,0.0770365677548868,99.3
CPI YoY,2024-03-12 12:30:00+00:00,2024-03-12,5241,USD,0.001,0.5719236245894128,96.0
CPI MoM,2024-03-12 12:30:00+00:00,2024-03-12,5241,USD,0.0,0.0095580722266658,97.4
BOJ Target Rate,2024-03-19 03:36:00+00:00,2024-03-19,5246,JPY,,,98.9
FOMC Rate Decision (Upper Bound),2024-03-20 18:00:00+00:00,2024-03-20,5247,USD,0.0,0.0638964434740106,98.0
Natl CPI YoY,2024-03-21 23:30:00+00:00,2024-03-22,5249,JPY,-0.001,-1.2271095763460926,95.6
Tokyo CPI Ex-Fresh Food YoY,2024-03-28 23:30:00+00:00,2024-03-29,5254,JPY,0.0,0.0255988220105236,91.1
Change in Nonfarm Payrolls,2024-04-05 13:30:00+00:00,2024-04-05,5259,USD,89000.0,0.1010955254788976,99.3
CPI MoM,2024-04-10 13:30:00+00:00,2024-04-10,5262,USD,0.001,0.7921133356806229,97.4
CPI YoY,2024-04-10 13:30:00+00:00,2024-04-10,5262,USD,0.001,0.5703841129399421,96.0
Natl CPI YoY,2024-04-19 00:30:00+00:00,2024-04-19,5269,JPY,-0.001,-1.2214295944389582,95.6
Tokyo CPI Ex-Fresh Food YoY,2024-04-26 00:30:00+00:00,2024-04-26,5274,JPY,-0.0059999999999999,-4.749971490268247,91.1
BOJ Target Rate,2024-04-26 04:22:00+00:00,2024-04-26,5274,JPY,0.0,0.0393218828462408,98.9
FOMC Rate Decision (Upper Bound),2024-05-01 19:00:00+00:00,2024-05-01,5277,USD,0.0,0.0637484477199926,98.0
Change in Nonfarm Payrolls,2024-05-03 13:30:00+00:00,2024-05-03,5279,USD,-65000.0,-0.1654236344371626,99.3
CPI MoM,2024-05-15 13:30:00+00:00,2024-05-15,5287,USD,-0.001,-0.7758769259183144,97.4
CPI YoY,2024-05-15 13:30:00+00:00,2024-05-15,5287,USD,0.0,-0.0908034614810031,96.0
Natl CPI YoY,2024-05-24 00:30:00+00:00,2024-05-24,5294,JPY,0.001,0.9391057530591906,95.6
Tokyo CPI Ex-Fresh Food YoY,2024-05-31 00:30:00+00:00,2024-05-31,5299,JPY,0.0,0.0414052328311472,91.1
Change in Nonfarm Payrolls,2024-06-07 13:30:00+00:00,2024-06-07,5304,USD,92000.0,0.1067934566625982,99.3
CPI YoY,2024-06-12 13:30:00+00:00,2024-06-12,5307,USD,-0.001,-0.7516082568894961,96.0
CPI MoM,2024-06-12 13:30:00+00:00,2024-06-12,5307,USD,-0.001,-0.7739962519876399,97.4
FOMC Rate Decision (Upper Bound),2024-06-12 19:00:00+00:00,2024-06-12,5307,USD,0.0,0.063601475576585,98.0
BOJ Target Rate,2024-06-14 04:23:00+00:00,2024-06-14,5309,JPY,0.0,0.0390975336144315,98.9
Natl CPI YoY,2024-06-21 00:30:00+00:00,2024-06-21,5314,JPY,-0.001,-1.2195534680877598,95.6
Tokyo CPI Ex-Fresh Food YoY,2024-06-28 00:30:00+00:00,2024-06-28,5319,JPY,0.001,0.808876937626057,91.1
Change in Nonfarm Payrolls,2024-07-05 13:30:00+00:00,2024-07-05,5324,USD,16000.0,-0.0252186465366887,99.3
CPI MoM,2024-07-11 13:30:00+00:00,2024-07-11,5328,USD,-0.002,-1.55610087400098,97.4
CPI YoY,2024-07-11 13:30:00+00:00,2024-07-11,5328,USD,-0.001,-0.7492507018752619,96.0
Natl CPI YoY,2024-07-19 00:30:00+00:00,2024-07-19,5334,JPY,-0.001,-1.2140113718652383,95.6
Tokyo CPI Ex-Fresh Food YoY,2024-07-26 00:30:00+00:00,2024-07-26,5339,JPY,0.0,0.0384018641308097,91.1
BOJ Target Rate,2024-07-31 04:56:00.986000+00:00,2024-07-31,5342,JPY,0.0015,3.4600512668699803,98.9
FOMC Rate Decision (Upper Bound),2024-07-31 19:00:00+00:00,2024-07-31,5342,USD,0.0,0.0634555152983287,98.0
Change in Nonfarm Payrolls,2024-08-02 13:30:00+00:00,2024-08-02,5344,USD,-61000.0,-0.1589670159318961,99.3
CPI MoM,2024-08-14 13:30:00+00:00,2024-08-14,5352,USD,0.0,0.0164943258046606,97.4
CPI YoY,2024-08-14 13:30:00+00:00,2024-08-14,5352,USD,-0.0009999999999999,-0.7469152202974914,96.0
Natl CPI YoY,2024-08-23 00:30:00+00:00,2024-08-23,5359,JPY,0.001,0.9431199677795712,95.6
Tokyo CPI Ex-Fresh Food YoY,2024-08-30 00:30:00+00:00,2024-08-30,5364,JPY,0.002,1.5772133068433725,91.1
Change in Nonfarm Payrolls,2024-09-06 13:30:00+00:00,2024-09-06,5369,USD,-23000.0,-0.0925980087565706,99.3
CPI MoM,2024-09-11 13:30:00+00:00,2024-09-11,5372,USD,0.0,0.0164696088901624,97.4
CPI YoY,2024-09-11 13:30:00+00:00,2024-09-11,5372,USD,0.0,-0.0818533530416411,96.0
FOMC Rate Decision (Upper Bound),2024-09-18 19:00:00+00:00,2024-09-18,5377,USD,-0.0024999999999999,-5.438678181474493,98.0
Natl CPI YoY,2024-09-20 00:30:00+00:00,2024-09-20,5379,JPY,0.0,-0.1361699329217526,95.6
BOJ Target Rate,2024-09-20 03:52:00+00:00,2024-09-20,5379,JPY,0.0,0.0,98.9
Tokyo CPI Ex-Fresh Food YoY,2024-09-27 00:30:00+00:00,2024-09-27,5384,JPY,0.0,0.0325302548843099,91.1
Change in Nonfarm Payrolls,2024-10-04 13:30:00+00:00,2024-10-04,5389,USD,104000.0,0.1288641680295365,99.3
CPI YoY,2024-10-10 13:30:00+00:00,2024-10-10,5393,USD,0.001,0.5823730847042669,96.0
CPI MoM,2024-10-10 13:30:00+00:00,2024-10-10,5393,USD,0.001,0.8011065629305718,97.4
Natl CPI YoY,2024-10-18 00:30:00+00:00,2024-10-18,5399,JPY,0.0,-0.1359193408252773,95.6
Tokyo CPI Ex-Fresh Food YoY,2024-10-25 00:30:00+00:00,2024-10-25,5404,JPY,0.0009999999999999,0.8012445025779656,91.1
BOJ Target Rate,2024-10-31 02:48:00+00:00,2024-10-31,5408,JPY,0.0,0.0,98.9
Change in Nonfarm Payrolls,2024-11-01 12:30:00+00:00,2024-11-01,5409,USD,-88000.0,-0.2064270257184214,99.3
FOMC Rate Decision (Upper Bound),2024-11-07 19:00:00+00:00,2024-11-07,5413,USD,0.0,0.0828175918711253,98.0
CPI YoY,2024-11-13 13:30:00+00:00,2024-11-13,5417,USD,0.0,-0.0841027835154759,96.0
CPI MoM,2024-11-13 13:30:00+00:00,2024-11-13,5417,USD,0.0,0.0140612228643106,97.4
Natl CPI YoY,2024-11-21 23:30:00+00:00,2024-11-22,5424,JPY,0.0,-0.1356701272383999,95.6
Tokyo CPI Ex-Fresh Food YoY,2024-11-28 23:30:00+00:00,2024-11-29,5429,JPY,0.0019999999999999,1.5681554428383593,91.1
Change in Nonfarm Payrolls,2024-12-06 13:30:00+00:00,2024-12-06,5434,USD,7000.0,-0.0400630547999926,99.3
CPI YoY,2024-12-11 13:30:00+00:00,2024-12-11,5437,USD,0.0,-0.0839365459145611,96.0
CPI MoM,2024-12-11 13:30:00+00:00,2024-12-11,5437,USD,0.0,0.0140403412447581,97.4
FOMC Rate Decision (Upper Bound),2024-12-18 19:00:00+00:00,2024-12-18,5442,USD,0.0,0.0826295748920659,98.0
BOJ Target Rate,2024-12-19 02:52:00+00:00,2024-12-19,5443,JPY,0.0,0.0,98.9
Natl CPI YoY,2024-12-19 23:30:00+00:00,2024-12-20,5444,JPY,0.0,-0.1354222795677755,95.6
Tokyo CPI Ex-Fresh Food YoY,2024-12-26 23:30:00+00:00,2024-12-27,5449,JPY,-0.001,-0.7433488010643359,91.1
Change in Nonfarm Payrolls,2025-01-10 13:30:00+00:00,2025-01-10,5458,USD,91000.0,0.1070331066343354,99.3
CPI MoM,2025-01-15 13:30:00+00:00,2025-01-15,5461,USD,0.0,0.0140195523794666,97.4
CPI YoY,2025-01-15 13:30:00+00:00,2025-01-15,5461,USD,0.0,-0.0837712902046441,96.0
Natl CPI YoY,2025-01-23 23:30:00+00:00,2025-01-24,5468,JPY,0.0019999999999999,2.032298014686864,95.6
BOJ Target Rate,2025-01-24 03:23:00+00:00,2025-01-24,5468,JPY,0.0,0.0,98.9
FOMC Rate Decision (Upper Bound),2025-01-29 19:00:00+00:00,2025-01-29,5471,USD,0.0,0.0824428326827067,98.0
Tokyo CPI Ex-Fresh Food YoY,2025-01-30 23:30:00+00:00,2025-01-31,5473,JPY,0.0,0.0266020167750637,91.1
Change in Nonfarm Payrolls,2025-02-07 13:30:00+00:00,2025-02-07,5478,USD,-32000.0,-0.1087505000434676,99.3
CPI YoY,2025-02-12 13:30:00+00:00,2025-02-12,5481,USD,0.0009999999999999,0.585249047302444,96.0
CPI MoM,2025-02-12 13:30:00+00:00,2025-02-12,5481,USD,0.002,1.5912032513579613,97.4
Natl CPI YoY,2025-02-20 23:30:00+00:00,2025-02-21,5488,JPY,0.0,-0.1416453389333191,95.6
Tokyo CPI Ex-Fresh Food YoY,2025-02-27 23:30:00+00:00,2025-02-28,5493,JPY,-0.001,-0.7427124416724628,91.1
Change in Nonfarm Payrolls,2025-03-07 13:30:00+00:00,2025-03-07,5498,USD,-9000.0,-0.0682078820351148,99.3
CPI YoY,2025-03-12 12:30:00+00:00,2025-03-12,5501,USD,-0.001,-0.7557133354777356,96.0
CPI MoM,2025-03-12 12:30:00+00:00,2025-03-12,5501,USD,-0.001,-0.77754567355185,97.4
BOJ Target Rate,2025-03-19 02:25:00+00:00,2025-03-19,5506,JPY,0.0,0.0,98.9
FOMC Rate Decision (Upper Bound),2025-03-19 18:00:00+00:00,2025-03-19,5506,USD,0.0,0.0822573509025942,98.0
Natl CPI YoY,2025-03-20 23:30:00+00:00,2025-03-21,5508,JPY,0.002,2.0178656750684274,95.6
Tokyo CPI Ex-Fresh Food YoY,2025-03-27 23:30:00+00:00,2025-03-28,5513,JPY,0.002,1.5689806816802303,91.1
Change in Nonfarm Payrolls,2025-04-04 13:30:00+00:00,2025-04-04,5518,USD,88000.0,0.1024413908985734,99.3
CPI YoY,2025-04-10 13:30:00+00:00,2025-04-10,5522,USD,-0.001,-0.7534163976259584,96.0
CPI MoM,2025-04-10 13:30:00+00:00,2025-04-10,5522,USD,-0.002,-1.5630045176206608,97.4
Natl CPI YoY,2025-04-18 00:30:00+00:00,2025-04-18,5528,JPY,-0.001,-1.2215443980096372,95.6
Tokyo CPI Ex-Fresh Food YoY,2025-04-25 00:30:00+00:00,2025-04-25,5533,JPY,0.002,1.5594242840781378,91.1
BOJ Target Rate,2025-05-01 04:02:00+00:00,2025-05-01,5537,JPY,0.0,0.0,98.9
Change in Nonfarm Payrolls,2025-05-02 13:30:00+00:00,2025-05-02,5538,USD,39000.0,0.0160088034112315,99.3
FOMC Rate Decision (Upper Bound),2025-05-07 19:00:00+00:00,2025-05-07,5541,USD,0.0,0.0820731154361179,98.0
CPI YoY,2025-05-13 13:30:00+00:00,2025-05-13,5545,USD,-0.001,-0.7511403021052808,96.0
CPI MoM,2025-05-13 13:30:00+00:00,2025-05-13,5545,USD,-0.001,-0.7695066618834614,97.4
Natl CPI YoY,2025-05-23 00:30:00+00:00,2025-05-23,5553,JPY,0.0009999999999999,0.929572858372654,95.6
Tokyo CPI Ex-Fresh Food YoY,2025-05-30 00:30:00+00:00,2025-05-30,5558,JPY,0.0009999999999999,0.7840556704837532,91.1
Change in Nonfarm Payrolls,2025-06-06 13:30:00+00:00,2025-06-06,5563,USD,13000.0,-0.0298637330798814,99.3
CPI YoY,2025-06-11 13:30:00+00:00,2025-06-11,5566,USD,0.0,-0.0774708346962544,96.0
CPI MoM,2025-06-11 13:30:00+00:00,2025-06-11,5566,USD,-0.001,-0.7677178516850953,97.4
BOJ Target Rate,2025-06-17 04:31:00+00:00,2025-06-17,5570,JPY,0.0,0.0,98.9
FOMC Rate Decision (Upper Bound),2025-06-18 19:00:00+00:00,2025-06-18,5571,USD,0.0,0.081890112387997,98.0
Natl CPI YoY,2025-06-20 00:30:00+00:00,2025-06-20,5573,JPY,0.0,-0.1466119678925224,95.6
Tokyo CPI Ex-Fresh Food YoY,2025-06-27 00:30:00+00:00,2025-06-27,5578,JPY,-0.002,-1.517685617503565,91.1
Change in Nonfarm Payrolls,2025-07-03 13:30:00+00:00,2025-07-03,5582,USD,41000.0,0.0196288632383664,99.3
CPI YoY,2025-07-15 13:30:00+00:00,2025-07-15,5590,USD,0.001,0.5953790933921096,96.0
CPI MoM,2025-07-15 13:30:00+00:00,2025-07-15,5590,USD,0.0,0.0206391414050294,97.4
Natl CPI YoY,2025-07-18 00:30:00+00:00,2025-07-18,5593,JPY,0.0,-0.1463498968291537,95.6
Tokyo CPI Ex-Fresh Food YoY,2025-07-25 00:30:00+00:00,2025-07-25,5598,JPY,-0.0009999999999999,-0.7441819124920322,91.1
FOMC Rate Decision (Upper Bound),2025-07-30 19:00:00+00:00,2025-07-30,5601,USD,0.0,0.081708328078879,98.0
BOJ Target Rate,2025-07-31 03:57:00+00:00,2025-07-31,5602,JPY,0.0,0.0,98.9
Change in Nonfarm Payrolls,2025-08-01 13:30:00+00:00,2025-08-01,5603,USD,-32000.0,-0.1095097218393753,99.3
CPI MoM,2025-08-12 13:30:00+00:00,2025-08-12,5610,USD,0.0,0.0206091956102407,97.4
CPI YoY,2025-08-12 13:30:00+00:00,2025-08-12,5610,USD,-0.001,-0.7532294546925035,96.0
Natl CPI YoY,2025-08-22 00:30:00+00:00,2025-08-22,5618,JPY,0.0,-0.146089226241327,95.6
Tokyo CPI Ex-Fresh Food YoY,2025-08-29 00:30:00+00:00,2025-08-29,5623,JPY,0.0,0.023201165378917,91.1
Change in Nonfarm Payrolls,2025-09-05 13:30:00+00:00,2025-09-05,5628,USD,-53000.0,-0.1465431668987945,99.3
CPI YoY,2025-09-11 13:30:00+00:00,2025-09-11,5632,USD,0.0,-0.0768930589431711,96.0
CPI MoM,2025-09-11 13:30:00+00:00,2025-09-11,5632,USD,0.001,0.8094556048439919,97.4
FOMC Rate Decision (Upper Bound),2025-09-17 19:00:00+00:00,2025-09-17,5636,USD,0.0,0.0815277490410443,98.0
Natl CPI YoY,2025-09-19 00:30:00+00:00,2025-09-19,5638,JPY,-0.001,-1.2245205066275997,95.6
BOJ Target Rate,2025-09-19 04:47:00+00:00,2025-09-19,5638,JPY,0.0,0.0,98.9
Tokyo CPI Ex-Fresh Food YoY,2025-09-26 00:30:00+00:00,2025-09-26,5643,JPY,-0.0029999999999999,-2.2769628906934174,91.1
Natl CPI YoY,2025-10-24 00:30:00+00:00,2025-10-24,5663,JPY,0.0,-0.141456387423863,95.6
CPI MoM,2025-10-24 13:30:00+00:00,2025-10-24,5663,USD,-0.001,-0.7710237936478066,97.4
CPI YoY,2025-10-24 13:30:00+00:00,2025-10-24,5663,USD,-0.001,-0.7521204243752392,96.0
FOMC Rate Decision (Upper Bound),2025-10-29 18:00:00+00:00,2025-10-29,5666,USD,0.0,0.081348362014215,98.0
BOJ Target Rate,2025-10-30 03:15:00+00:00,2025-10-30,5667,JPY,0.0,0.0,98.9
Tokyo CPI Ex-Fresh Food YoY,2025-10-30 23:30:00+00:00,2025-10-31,5668,JPY,0.002,1.553260145019439,91.1
Change in Nonfarm Payrolls,2025-11-20 13:30:00+00:00,2025-11-20,5682,USD,67000.0,0.0665228384898563,99.3
Natl CPI YoY,2025-11-20 23:30:00+00:00,2025-11-21,5683,JPY,0.0,-0.1412073869304969,95.6
Tokyo CPI Ex-Fresh Food YoY,2025-11-27 23:30:00+00:00,2025-11-28,5688,JPY,0.001,0.7847784352458849,91.1
FOMC Rate Decision (Upper Bound),2025-12-10 19:00:00+00:00,2025-12-10,5696,USD,0.0,0.0811701539414646,98.0
Change in Nonfarm Payrolls,2025-12-16 13:30:00+00:00,2025-12-16,5700,USD,-80000.0,-0.194692423089178,99.3
Change in Nonfarm Payrolls,2025-12-16 13:30:01+00:00,2025-12-16,5700,USD,14000.0,-0.0271925121674786,99.3
CPI YoY,2025-12-18 13:30:00+00:00,2025-12-18,5702,USD,-0.004,-2.777699582092992,96.0
Natl CPI YoY,2025-12-18 23:30:00+00:00,2025-12-19,5703,JPY,0.0,-0.1409596968407241,95.6
BOJ Target Rate,2025-12-19 03:19:00+00:00,2025-12-19,5703,JPY,0.0,0.0,98.9
Tokyo CPI Ex-Fresh Food YoY,2025-12-25 23:30:00+00:00,2025-12-26,5708,JPY,-0.002,-1.497051258730537,91.1
Change in Nonfarm Payrolls,2026-01-09 13:30:00+00:00,2026-01-09,5717,USD,-20000.0,-0.0877204148934169,99.3
CPI YoY,2026-01-13 13:30:00+00:00,2026-01-13,5719,USD,0.0,-0.0627408589548083,96.0
CPI MoM,2026-01-13 13:30:00+00:00,2026-01-13,5719,USD,0.0,0.0204831121283011,97.4
Natl CPI YoY,2026-01-22 23:30:00+00:00,2026-01-23,5727,JPY,-0.0009999999999999,-1.2239824051384929,95.6
BOJ Target Rate,2026-01-23 03:07:00+00:00,2026-01-23,5727,JPY,0.0,0.0,98.9
FOMC Rate Decision (Upper Bound),2026-01-28 19:00:00+00:00,2026-01-28,5730,USD,0.0,0.0809931119652263,98.0
Tokyo CPI Ex-Fresh Food YoY,2026-01-29 23:30:00+00:00,2026-01-30,5732,JPY,-0.0019999999999999,-1.488772412258794,91.1
Change in Nonfarm Payrolls,2026-02-11 13:30:00+00:00,2026-02-11,5740,USD,65000.0,0.0640421383209992,99.3
CPI MoM,2026-02-13 13:30:00+00:00,2026-02-13,5742,USD,-0.001,-0.7704239718610044,97.4
CPI YoY,2026-02-13 13:30:00+00:00,2026-02-13,5742,USD,-0.001,-0.7314393924440099,96.0
Natl CPI YoY,2026-02-19 23:30:00+00:00,2026-02-20,5747,JPY,-0.001,-1.2187587315977415,95.6
Tokyo CPI Ex-Fresh Food YoY,2026-02-26 23:30:00+00:00,2026-02-27,5752,JPY,0.0009999999999999,0.7895141313341554,91.1
Change in Nonfarm Payrolls,2026-03-06 13:30:00+00:00,2026-03-06,5757,USD,-147000.0,-0.3147906147900198,99.3
CPI MoM,2026-03-11 12:30:00+00:00,2026-03-11,5760,USD,0.0,0.0226745530001202,97.4
CPI YoY,2026-03-11 12:30:00+00:00,2026-03-11,5760,USD,0.0,-0.0599464313759945,96.0
FOMC Rate Decision (Upper Bound),2026-03-18 18:00:00+00:00,2026-03-18,5765,USD,0.0,0.0808172234233961,98.0
BOJ Target Rate,2026-03-19 02:46:00+00:00,2026-03-19,5766,JPY,0.0,0.0,98.9
Natl CPI YoY,2026-03-23 23:30:00+00:00,2026-03-24,5769,JPY,-0.002,-2.2950650190838013,95.6
Tokyo CPI Ex-Fresh Food YoY,2026-03-31 00:30:00+00:00,2026-03-31,5774,JPY,-0.0009999999999999,-0.7270705344688583,91.1
Change in Nonfarm Payrolls,2026-04-03 13:30:00+00:00,2026-04-03,5777,USD,113000.0,0.1507998880714764,99.3
CPI MoM,2026-04-10 13:30:00+00:00,2026-04-10,5782,USD,0.0,0.0226422138809519,97.4
CPI YoY,2026-04-10 13:30:00+00:00,2026-04-10,5782,USD,-0.001,-0.7304846289759154,96.0
Natl CPI YoY,2026-04-24 00:30:00+00:00,2026-04-24,5792,JPY,0.0009999999999999,0.9502659535776488,95.6
BOJ Target Rate,2026-04-28 04:04:00+00:00,2026-04-28,5794,JPY,0.0,0.0,98.9
FOMC Rate Decision (Upper Bound),2026-04-29 19:00:00+00:00,2026-04-29,5795,USD,0.0,0.0806424758455288,98.0
Tokyo CPI Ex-Fresh Food YoY,2026-05-01 00:30:00+00:00,2026-05-01,5797,JPY,-0.0029999999999999,-2.2408181284595177,91.1
Change in Nonfarm Payrolls,2026-05-08 13:30:00+00:00,2026-05-08,5802,USD,50000.0,0.037725614767033,99.3
CPI YoY,2026-05-12 13:30:00+00:00,2026-05-12,5804,USD,0.0009999999999999,0.6140551037596529,96.0
CPI MoM,2026-05-12 13:30:00+00:00,2026-05-12,5804,USD,0.0,0.0226100127360501,97.4
Natl CPI YoY,2026-05-22 00:30:00+00:00,2026-05-22,5812,JPY,-0.002,-2.2744590698817704,95.6
Tokyo CPI Ex-Fresh Food YoY,2026-05-29 00:30:00+00:00,2026-05-29,5817,JPY,-0.002,-1.465520678720255,91.1
Change in Nonfarm Payrolls,2026-06-05 13:30:00+00:00,2026-06-05,5822,USD,84000.0,0.098664535130254,99.3
CPI YoY,2026-06-10 13:30:00+00:00,2026-06-10,5825,USD,0.0,-0.0595139537994546,96.0
CPI MoM,2026-06-10 13:30:00+00:00,2026-06-10,5825,USD,0.0,0.0225779485870979,97.4
BOJ Target Rate,2026-06-16 04:19:00+00:00,2026-06-16,5829,JPY,0.0,0.0,98.9
FOMC Rate Decision (Upper Bound),2026-06-17 19:00:00+00:00,2026-06-17,5830,USD,0.0,0.0804688569491243,98.0
Natl CPI YoY,2026-06-19 00:30:00+00:00,2026-06-19,5832,JPY,0.0,-0.118169018918939,95.6
Tokyo CPI Ex-Fresh Food YoY,2026-06-26 00:30:00+00:00,2026-06-26,5837,JPY,0.0,0.044773059861387,91.1
