event_id,event_label,family,event_timestamp,realised_model_day,implied_model_day,realised_event_offset,implied_event_offset,timing_evidence_basis,event_timestamp_utc,realised_sample_split,implied_sample_split,target,target_model_day,sample_split,n_target_occurrences,n_target_families,is_overlap,is_clean_single_family
JPY_National_CPI__20170331,JPY National CPI,JPY National CPI,2017-03-31 00:30:04+00:00,2017-03-31,2017-03-30,0,-1,DEDUCED_FROM_TIMING_BRACKET,2017-03-31 00:30:04+00:00,validation,validation,I,2017-03-30,validation,1,1,False,True
US_Employment__20170407,US Employment,US Employment,2017-04-07 13:30:01+00:00,2017-04-07,2017-04-06,0,-1,DIRECT_EVIDENCE,2017-04-07 13:30:01+00:00,validation,validation,I,2017-04-06,validation,1,1,False,True
US_CPI__20170414,US CPI,US CPI,2017-04-14 13:30:02+00:00,2017-04-14,2017-04-13,0,-1,DEDUCED_FROM_TIMING_BRACKET,2017-04-14 13:30:02+00:00,validation,validation,I,2017-04-13,validation,1,1,False,True
BoJ__20170427,BoJ,BoJ,2017-04-27 04:14:00+00:00,2017-04-27,2017-04-26,0,-1,DIRECT_EVIDENCE,2017-04-27 04:14:00+00:00,validation,validation,I,2017-04-26,validation,1,1,False,True
JPY_National_CPI__20170428,JPY National CPI,JPY National CPI,2017-04-28 00:30:04+00:00,2017-04-28,2017-04-27,0,-1,DEDUCED_FROM_TIMING_BRACKET,2017-04-28 00:30:04+00:00,validation,validation,I,2017-04-27,validation,1,1,False,True
FOMC__20170503,FOMC,FOMC,2017-05-03 19:00:00+00:00,2017-05-03,2017-05-03,0,0,DIRECT_EVIDENCE,2017-05-03 19:00:00+00:00,validation,validation,I,2017-05-03,validation,1,1,False,True
US_Employment__20170505,US Employment,US Employment,2017-05-05 13:30:01+00:00,2017-05-05,2017-05-04,0,-1,DIRECT_EVIDENCE,2017-05-05 13:30:01+00:00,validation,validation,I,2017-05-04,validation,1,1,False,True
US_CPI__20170512,US CPI,US CPI,2017-05-12 13:30:02+00:00,2017-05-12,2017-05-11,0,-1,DEDUCED_FROM_TIMING_BRACKET,2017-05-12 13:30:02+00:00,validation,validation,I,2017-05-11,validation,1,1,False,True
JPY_GDP__20170518,JPY GDP,JPY GDP,2017-05-18 00:50:01+00:00,2017-05-18,2017-05-17,0,-1,DEDUCED_FROM_TIMING_BRACKET,2017-05-18 00:50:01+00:00,validation,validation,I,2017-05-17,validation,1,1,False,True
JPY_National_CPI__20170526,JPY National CPI,JPY National CPI,2017-05-26 00:30:04+00:00,2017-05-26,2017-05-25,0,-1,DEDUCED_FROM_TIMING_BRACKET,2017-05-26 00:30:04+00:00,validation,validation,I,2017-05-25,validation,1,1,False,True
US_Employment__20170602,US Employment,US Employment,2017-06-02 13:30:01+00:00,2017-06-02,2017-06-01,0,-1,DIRECT_EVIDENCE,2017-06-02 13:30:01+00:00,validation,validation,I,2017-06-01,validation,1,1,False,True
JPY_GDP__20170608,JPY GDP,JPY GDP,2017-06-08 00:50:01+00:00,2017-06-08,2017-06-07,0,-1,DEDUCED_FROM_TIMING_BRACKET,2017-06-08 00:50:01+00:00,validation,validation,I,2017-06-07,validation,1,1,False,True
US_CPI__20170614,US CPI,US CPI,2017-06-14 13:30:02+00:00,2017-06-14,2017-06-13,0,-1,DEDUCED_FROM_TIMING_BRACKET,2017-06-14 13:30:02+00:00,validation,validation,I,2017-06-13,validation,1,1,False,True
FOMC__20170614,FOMC,FOMC,2017-06-14 19:00:00+00:00,2017-06-14,2017-06-14,0,0,DIRECT_EVIDENCE,2017-06-14 19:00:00+00:00,validation,validation,I,2017-06-14,validation,1,1,False,True
BoJ__20170616,BoJ,BoJ,2017-06-16 03:54:00+00:00,2017-06-16,2017-06-15,0,-1,DIRECT_EVIDENCE,2017-06-16 03:54:00+00:00,validation,validation,I,2017-06-15,validation,1,1,False,True
JPY_National_CPI__20170630,JPY National CPI,JPY National CPI,2017-06-30 00:30:04+00:00,2017-06-30,2017-06-29,0,-1,DEDUCED_FROM_TIMING_BRACKET,2017-06-30 00:30:04+00:00,validation,validation,I,2017-06-29,validation,1,1,False,True
US_Employment__20170707,US Employment,US Employment,2017-07-07 13:30:01+00:00,2017-07-07,2017-07-06,0,-1,DIRECT_EVIDENCE,2017-07-07 13:30:01+00:00,validation,validation,I,2017-07-06,validation,1,1,False,True
US_CPI__20170714,US CPI,US CPI,2017-07-14 13:30:02+00:00,2017-07-14,2017-07-13,0,-1,DEDUCED_FROM_TIMING_BRACKET,2017-07-14 13:30:02+00:00,validation,validation,I,2017-07-13,validation,1,1,False,True
BoJ__20170720,BoJ,BoJ,2017-07-20 04:10:00+00:00,2017-07-20,2017-07-19,0,-1,DIRECT_EVIDENCE,2017-07-20 04:10:00+00:00,validation,validation,I,2017-07-19,validation,1,1,False,True
FOMC__20170726,FOMC,FOMC,2017-07-26 19:00:00+00:00,2017-07-26,2017-07-26,0,0,DIRECT_EVIDENCE,2017-07-26 19:00:00+00:00,validation,validation,I,2017-07-26,validation,1,1,False,True
JPY_National_CPI__20170728,JPY National CPI,JPY National CPI,2017-07-28 00:30:04+00:00,2017-07-28,2017-07-27,0,-1,DEDUCED_FROM_TIMING_BRACKET,2017-07-28 00:30:04+00:00,validation,validation,I,2017-07-27,validation,1,1,False,True
US_Employment__20170804,US Employment,US Employment,2017-08-04 13:30:01+00:00,2017-08-04,2017-08-03,0,-1,DIRECT_EVIDENCE,2017-08-04 13:30:01+00:00,validation,validation,I,2017-08-03,validation,1,1,False,True
US_CPI__20170811,US CPI,US CPI,2017-08-11 13:30:02+00:00,2017-08-11,2017-08-10,0,-1,DEDUCED_FROM_TIMING_BRACKET,2017-08-11 13:30:02+00:00,validation,validation,I,2017-08-10,validation,1,1,False,True
JPY_GDP__20170814,JPY GDP,JPY GDP,2017-08-14 00:50:01+00:00,2017-08-14,2017-08-11,0,-1,DEDUCED_FROM_TIMING_BRACKET,2017-08-14 00:50:01+00:00,validation,validation,I,2017-08-11,validation,1,1,False,True
JPY_National_CPI__20170825,JPY National CPI,JPY National CPI,2017-08-25 00:30:04+00:00,2017-08-25,2017-08-24,0,-1,DEDUCED_FROM_TIMING_BRACKET,2017-08-25 00:30:04+00:00,validation,validation,I,2017-08-24,validation,1,1,False,True
US_Employment__20170901,US Employment,US Employment,2017-09-01 13:30:01+00:00,2017-09-01,2017-08-31,0,-1,DIRECT_EVIDENCE,2017-09-01 13:30:01+00:00,validation,validation,I,2017-08-31,validation,1,1,False,True
JPY_GDP__20170908,JPY GDP,JPY GDP,2017-09-08 00:50:04+00:00,2017-09-08,2017-09-07,0,-1,DEDUCED_FROM_TIMING_BRACKET,2017-09-08 00:50:04+00:00,validation,validation,I,2017-09-07,validation,1,1,False,True
US_CPI__20170914,US CPI,US CPI,2017-09-14 13:30:03+00:00,2017-09-14,2017-09-13,0,-1,DEDUCED_FROM_TIMING_BRACKET,2017-09-14 13:30:03+00:00,validation,validation,I,2017-09-13,validation,1,1,False,True
BoJ__20170921,BoJ,BoJ,2017-09-21 04:15:00+00:00,2017-09-21,2017-09-20,0,-1,DIRECT_EVIDENCE,2017-09-21 04:15:00+00:00,validation,validation,I,2017-09-20,validation,2,2,True,False
FOMC__20170920,FOMC,FOMC,2017-09-20 19:00:00+00:00,2017-09-20,2017-09-20,0,0,DIRECT_EVIDENCE,2017-09-20 19:00:00+00:00,validation,validation,I,2017-09-20,validation,2,2,True,False
JPY_National_CPI__20170929,JPY National CPI,JPY National CPI,2017-09-29 00:30:04+00:00,2017-09-29,2017-09-28,0,-1,DEDUCED_FROM_TIMING_BRACKET,2017-09-29 00:30:04+00:00,validation,validation,I,2017-09-28,validation,1,1,False,True
US_Employment__20171006,US Employment,US Employment,2017-10-06 13:30:01+00:00,2017-10-06,2017-10-05,0,-1,DIRECT_EVIDENCE,2017-10-06 13:30:01+00:00,validation,validation,I,2017-10-05,validation,1,1,False,True
US_CPI__20171013,US CPI,US CPI,2017-10-13 13:30:03+00:00,2017-10-13,2017-10-12,0,-1,DEDUCED_FROM_TIMING_BRACKET,2017-10-13 13:30:03+00:00,validation,validation,I,2017-10-12,validation,1,1,False,True
JPY_National_CPI__20171027,JPY National CPI,JPY National CPI,2017-10-27 00:30:04+00:00,2017-10-27,2017-10-26,0,-1,DEDUCED_FROM_TIMING_BRACKET,2017-10-27 00:30:04+00:00,validation,validation,I,2017-10-26,validation,1,1,False,True
BoJ__20171031,BoJ,BoJ,2017-10-31 03:05:00+00:00,2017-10-31,2017-10-30,0,-1,DIRECT_EVIDENCE,2017-10-31 03:05:00+00:00,validation,validation,I,2017-10-30,validation,1,1,False,True
FOMC__20171101,FOMC,FOMC,2017-11-01 18:00:00+00:00,2017-11-01,2017-11-01,0,0,DIRECT_EVIDENCE,2017-11-01 18:00:00+00:00,validation,validation,I,2017-11-01,validation,1,1,False,True
US_Employment__20171103,US Employment,US Employment,2017-11-03 12:30:01+00:00,2017-11-03,2017-11-02,0,-1,DIRECT_EVIDENCE,2017-11-03 12:30:01+00:00,validation,validation,I,2017-11-02,validation,1,1,False,True
JPY_GDP__20171115,JPY GDP,JPY GDP,2017-11-14 23:50:04+00:00,2017-11-15,2017-11-14,0,-1,DEDUCED_FROM_TIMING_BRACKET,2017-11-14 23:50:04+00:00,validation,validation,I,2017-11-14,validation,2,2,True,False
US_CPI__20171115,US CPI,US CPI,2017-11-15 13:30:01+00:00,2017-11-15,2017-11-14,0,-1,DEDUCED_FROM_TIMING_BRACKET,2017-11-15 13:30:01+00:00,validation,validation,I,2017-11-14,validation,2,2,True,False
JPY_National_CPI__20171201,JPY National CPI,JPY National CPI,2017-11-30 23:30:04+00:00,2017-12-01,2017-11-30,0,-1,DEDUCED_FROM_TIMING_BRACKET,2017-11-30 23:30:04+00:00,validation,validation,I,2017-11-30,validation,1,1,False,True
JPY_GDP__20171208,JPY GDP,JPY GDP,2017-12-07 23:50:04+00:00,2017-12-08,2017-12-07,0,-1,DEDUCED_FROM_TIMING_BRACKET,2017-12-07 23:50:04+00:00,validation,validation,I,2017-12-07,validation,2,2,True,False
US_Employment__20171208,US Employment,US Employment,2017-12-08 13:30:01+00:00,2017-12-08,2017-12-07,0,-1,DIRECT_EVIDENCE,2017-12-08 13:30:01+00:00,validation,validation,I,2017-12-07,validation,2,2,True,False
US_CPI__20171213,US CPI,US CPI,2017-12-13 13:30:01+00:00,2017-12-13,2017-12-12,0,-1,DEDUCED_FROM_TIMING_BRACKET,2017-12-13 13:30:01+00:00,validation,validation,I,2017-12-12,validation,1,1,False,True
FOMC__20171213,FOMC,FOMC,2017-12-13 19:00:00+00:00,2017-12-13,2017-12-13,0,0,DIRECT_EVIDENCE,2017-12-13 19:00:00+00:00,validation,validation,I,2017-12-13,validation,1,1,False,True
BoJ__20171221,BoJ,BoJ,2017-12-21 02:46:00+00:00,2017-12-21,2017-12-20,0,-1,DIRECT_EVIDENCE,2017-12-21 02:46:00+00:00,validation,validation,I,2017-12-20,validation,1,1,False,True
JPY_National_CPI__20171226,JPY National CPI,JPY National CPI,2017-12-25 23:30:04+00:00,2017-12-26,2017-12-25,0,-1,DEDUCED_FROM_TIMING_BRACKET,2017-12-25 23:30:04+00:00,validation,validation,I,2017-12-25,validation,1,1,False,True
US_Employment__20180105,US Employment,US Employment,2018-01-05 13:30:02+00:00,2018-01-05,2018-01-04,0,-1,DIRECT_EVIDENCE,2018-01-05 13:30:02+00:00,validation,validation,I,2018-01-04,validation,1,1,False,True
US_CPI__20180112,US CPI,US CPI,2018-01-12 13:30:01+00:00,2018-01-12,2018-01-11,0,-1,DEDUCED_FROM_TIMING_BRACKET,2018-01-12 13:30:01+00:00,validation,validation,I,2018-01-11,validation,1,1,False,True
BoJ__20180123,BoJ,BoJ,2018-01-23 03:14:00+00:00,2018-01-23,2018-01-22,0,-1,DIRECT_EVIDENCE,2018-01-23 03:14:00+00:00,validation,validation,I,2018-01-22,validation,1,1,False,True
JPY_National_CPI__20180126,JPY National CPI,JPY National CPI,2018-01-25 23:30:04+00:00,2018-01-26,2018-01-25,0,-1,DEDUCED_FROM_TIMING_BRACKET,2018-01-25 23:30:04+00:00,validation,validation,I,2018-01-25,validation,1,1,False,True
FOMC__20180131,FOMC,FOMC,2018-01-31 19:00:00+00:00,2018-01-31,2018-01-31,0,0,DIRECT_EVIDENCE,2018-01-31 19:00:00+00:00,validation,validation,I,2018-01-31,validation,1,1,False,True
US_Employment__20180202,US Employment,US Employment,2018-02-02 13:30:02+00:00,2018-02-02,2018-02-01,0,-1,DIRECT_EVIDENCE,2018-02-02 13:30:02+00:00,validation,validation,I,2018-02-01,validation,1,1,False,True
JPY_GDP__20180214,JPY GDP,JPY GDP,2018-02-13 23:50:04+00:00,2018-02-14,2018-02-13,0,-1,DEDUCED_FROM_TIMING_BRACKET,2018-02-13 23:50:04+00:00,validation,validation,I,2018-02-13,validation,2,2,True,False
US_CPI__20180214,US CPI,US CPI,2018-02-14 13:30:01+00:00,2018-02-14,2018-02-13,0,-1,DEDUCED_FROM_TIMING_BRACKET,2018-02-14 13:30:01+00:00,validation,validation,I,2018-02-13,validation,2,2,True,False
JPY_National_CPI__20180223,JPY National CPI,JPY National CPI,2018-02-22 23:30:04+00:00,2018-02-23,2018-02-22,0,-1,DEDUCED_FROM_TIMING_BRACKET,2018-02-22 23:30:04+00:00,validation,validation,I,2018-02-22,validation,1,1,False,True
JPY_GDP__20180308,JPY GDP,JPY GDP,2018-03-07 23:50:08+00:00,2018-03-08,2018-03-07,0,-1,DEDUCED_FROM_TIMING_BRACKET,2018-03-07 23:50:08+00:00,validation,validation,I,2018-03-07,validation,1,1,False,True
BoJ__20180309,BoJ,BoJ,2018-03-09 02:46:00+00:00,2018-03-09,2018-03-08,0,-1,DIRECT_EVIDENCE,2018-03-09 02:46:00+00:00,validation,validation,I,2018-03-08,validation,2,2,True,False
US_Employment__20180309,US Employment,US Employment,2018-03-09 13:30:02+00:00,2018-03-09,2018-03-08,0,-1,DIRECT_EVIDENCE,2018-03-09 13:30:02+00:00,validation,validation,I,2018-03-08,validation,2,2,True,False
US_CPI__20180313,US CPI,US CPI,2018-03-13 12:30:01+00:00,2018-03-13,2018-03-12,0,-1,DEDUCED_FROM_TIMING_BRACKET,2018-03-13 12:30:01+00:00,validation,validation,I,2018-03-12,validation,1,1,False,True
FOMC__20180321,FOMC,FOMC,2018-03-21 18:00:00+00:00,2018-03-21,2018-03-21,0,0,DIRECT_EVIDENCE,2018-03-21 18:00:00+00:00,validation,validation,I,2018-03-21,validation,1,1,False,True
JPY_National_CPI__20180323,JPY National CPI,JPY National CPI,2018-03-22 23:30:04+00:00,2018-03-23,2018-03-22,0,-1,DEDUCED_FROM_TIMING_BRACKET,2018-03-22 23:30:04+00:00,validation,validation,I,2018-03-22,validation,1,1,False,True
US_Employment__20180406,US Employment,US Employment,2018-04-06 13:30:02+00:00,2018-04-06,2018-04-05,0,-1,DIRECT_EVIDENCE,2018-04-06 13:30:02+00:00,validation,validation,I,2018-04-05,validation,1,1,False,True
US_CPI__20180411,US CPI,US CPI,2018-04-11 13:30:01+00:00,2018-04-11,2018-04-10,0,-1,DEDUCED_FROM_TIMING_BRACKET,2018-04-11 13:30:01+00:00,validation,validation,I,2018-04-10,validation,1,1,False,True
JPY_National_CPI__20180420,JPY National CPI,JPY National CPI,2018-04-20 00:30:00+00:00,2018-04-20,2018-04-19,0,-1,DEDUCED_FROM_TIMING_BRACKET,2018-04-20 00:30:00+00:00,validation,validation,I,2018-04-19,validation,1,1,False,True
BoJ__20180427,BoJ,BoJ,2018-04-27 04:03:00+00:00,2018-04-27,2018-04-26,0,-1,DIRECT_EVIDENCE,2018-04-27 04:03:00+00:00,validation,validation,I,2018-04-26,validation,1,1,False,True
FOMC__20180502,FOMC,FOMC,2018-05-02 19:00:00+00:00,2018-05-02,2018-05-02,0,0,DIRECT_EVIDENCE,2018-05-02 19:00:00+00:00,validation,validation,I,2018-05-02,validation,1,1,False,True
US_Employment__20180504,US Employment,US Employment,2018-05-04 13:30:02+00:00,2018-05-04,2018-05-03,0,-1,DIRECT_EVIDENCE,2018-05-04 13:30:02+00:00,validation,validation,I,2018-05-03,validation,1,1,False,True
US_CPI__20180510,US CPI,US CPI,2018-05-10 13:30:03+00:00,2018-05-10,2018-05-09,0,-1,DEDUCED_FROM_TIMING_BRACKET,2018-05-10 13:30:03+00:00,validation,validation,I,2018-05-09,validation,1,1,False,True
JPY_GDP__20180516,JPY GDP,JPY GDP,2018-05-16 00:50:08+00:00,2018-05-16,2018-05-15,0,-1,DEDUCED_FROM_TIMING_BRACKET,2018-05-16 00:50:08+00:00,validation,validation,I,2018-05-15,validation,1,1,False,True
JPY_National_CPI__20180518,JPY National CPI,JPY National CPI,2018-05-18 00:30:00+00:00,2018-05-18,2018-05-17,0,-1,DEDUCED_FROM_TIMING_BRACKET,2018-05-18 00:30:00+00:00,validation,validation,I,2018-05-17,validation,1,1,False,True
US_Employment__20180601,US Employment,US Employment,2018-06-01 13:30:02+00:00,2018-06-01,2018-05-31,0,-1,DIRECT_EVIDENCE,2018-06-01 13:30:02+00:00,validation,validation,I,2018-05-31,validation,1,1,False,True
JPY_GDP__20180608,JPY GDP,JPY GDP,2018-06-08 00:50:08+00:00,2018-06-08,2018-06-07,0,-1,DEDUCED_FROM_TIMING_BRACKET,2018-06-08 00:50:08+00:00,validation,validation,I,2018-06-07,validation,1,1,False,True
US_CPI__20180612,US CPI,US CPI,2018-06-12 13:30:03+00:00,2018-06-12,2018-06-11,0,-1,DEDUCED_FROM_TIMING_BRACKET,2018-06-12 13:30:03+00:00,validation,validation,I,2018-06-11,validation,1,1,False,True
FOMC__20180613,FOMC,FOMC,2018-06-13 19:00:00+00:00,2018-06-13,2018-06-13,0,0,DIRECT_EVIDENCE,2018-06-13 19:00:00+00:00,validation,validation,I,2018-06-13,validation,1,1,False,True
BoJ__20180615,BoJ,BoJ,2018-06-15 03:41:00+00:00,2018-06-15,2018-06-14,0,-1,DIRECT_EVIDENCE,2018-06-15 03:41:00+00:00,validation,validation,I,2018-06-14,validation,1,1,False,True
JPY_National_CPI__20180622,JPY National CPI,JPY National CPI,2018-06-22 00:30:00+00:00,2018-06-22,2018-06-21,0,-1,DEDUCED_FROM_TIMING_BRACKET,2018-06-22 00:30:00+00:00,validation,validation,I,2018-06-21,validation,1,1,False,True
US_Employment__20180706,US Employment,US Employment,2018-07-06 13:30:02+00:00,2018-07-06,2018-07-05,0,-1,DIRECT_EVIDENCE,2018-07-06 13:30:02+00:00,validation,validation,I,2018-07-05,validation,1,1,False,True
US_CPI__20180712,US CPI,US CPI,2018-07-12 13:30:03+00:00,2018-07-12,2018-07-11,0,-1,DEDUCED_FROM_TIMING_BRACKET,2018-07-12 13:30:03+00:00,validation,validation,I,2018-07-11,validation,1,1,False,True
JPY_National_CPI__20180720,JPY National CPI,JPY National CPI,2018-07-20 00:30:00+00:00,2018-07-20,2018-07-19,0,-1,DEDUCED_FROM_TIMING_BRACKET,2018-07-20 00:30:00+00:00,validation,validation,I,2018-07-19,validation,1,1,False,True
BoJ__20180731,BoJ,BoJ,2018-07-31 05:03:00+00:00,2018-07-31,2018-07-30,0,-1,DIRECT_EVIDENCE,2018-07-31 05:03:00+00:00,validation,validation,I,2018-07-30,validation,1,1,False,True
FOMC__20180801,FOMC,FOMC,2018-08-01 19:00:00+00:00,2018-08-01,2018-08-01,0,0,DIRECT_EVIDENCE,2018-08-01 19:00:00+00:00,validation,validation,I,2018-08-01,validation,1,1,False,True
US_Employment__20180803,US Employment,US Employment,2018-08-03 13:30:02+00:00,2018-08-03,2018-08-02,0,-1,DIRECT_EVIDENCE,2018-08-03 13:30:02+00:00,validation,validation,I,2018-08-02,validation,1,1,False,True
JPY_GDP__20180810,JPY GDP,JPY GDP,2018-08-10 00:50:00+00:00,2018-08-10,2018-08-09,0,-1,DEDUCED_FROM_TIMING_BRACKET,2018-08-10 00:50:00+00:00,validation,validation,I,2018-08-09,validation,2,2,True,False
US_CPI__20180810,US CPI,US CPI,2018-08-10 13:30:03+00:00,2018-08-10,2018-08-09,0,-1,DEDUCED_FROM_TIMING_BRACKET,2018-08-10 13:30:03+00:00,validation,validation,I,2018-08-09,validation,2,2,True,False
JPY_National_CPI__20180824,JPY National CPI,JPY National CPI,2018-08-24 00:30:00+00:00,2018-08-24,2018-08-23,0,-1,DEDUCED_FROM_TIMING_BRACKET,2018-08-24 00:30:00+00:00,validation,validation,I,2018-08-23,validation,1,1,False,True
US_Employment__20180907,US Employment,US Employment,2018-09-07 13:30:02+00:00,2018-09-07,2018-09-06,0,-1,DIRECT_EVIDENCE,2018-09-07 13:30:02+00:00,validation,validation,I,2018-09-06,validation,1,1,False,True
JPY_GDP__20180910,JPY GDP,JPY GDP,2018-09-10 00:50:00+00:00,2018-09-10,2018-09-07,0,-1,DEDUCED_FROM_TIMING_BRACKET,2018-09-10 00:50:00+00:00,validation,validation,I,2018-09-07,validation,1,1,False,True
US_CPI__20180913,US CPI,US CPI,2018-09-13 13:30:01+00:00,2018-09-13,2018-09-12,0,-1,DEDUCED_FROM_TIMING_BRACKET,2018-09-13 13:30:01+00:00,validation,validation,I,2018-09-12,validation,1,1,False,True
BoJ__20180919,BoJ,BoJ,2018-09-19 03:47:00+00:00,2018-09-19,2018-09-18,0,-1,DIRECT_EVIDENCE,2018-09-19 03:47:00+00:00,validation,validation,I,2018-09-18,validation,1,1,False,True
JPY_National_CPI__20180921,JPY National CPI,JPY National CPI,2018-09-21 00:30:00+00:00,2018-09-21,2018-09-20,0,-1,DEDUCED_FROM_TIMING_BRACKET,2018-09-21 00:30:00+00:00,validation,validation,I,2018-09-20,validation,1,1,False,True
FOMC__20180926,FOMC,FOMC,2018-09-26 19:00:00+00:00,2018-09-26,2018-09-26,0,0,DIRECT_EVIDENCE,2018-09-26 19:00:00+00:00,validation,validation,I,2018-09-26,validation,1,1,False,True
US_Employment__20181005,US Employment,US Employment,2018-10-05 13:30:02+00:00,2018-10-05,2018-10-04,0,-1,DIRECT_EVIDENCE,2018-10-05 13:30:02+00:00,validation,validation,I,2018-10-04,validation,1,1,False,True
US_CPI__20181011,US CPI,US CPI,2018-10-11 13:30:01+00:00,2018-10-11,2018-10-10,0,-1,DEDUCED_FROM_TIMING_BRACKET,2018-10-11 13:30:01+00:00,validation,validation,I,2018-10-10,validation,1,1,False,True
JPY_National_CPI__20181019,JPY National CPI,JPY National CPI,2018-10-19 00:30:00+00:00,2018-10-19,2018-10-18,0,-1,DEDUCED_FROM_TIMING_BRACKET,2018-10-19 00:30:00+00:00,validation,validation,I,2018-10-18,validation,1,1,False,True
BoJ__20181031,BoJ,BoJ,2018-10-31 03:08:00+00:00,2018-10-31,2018-10-30,0,-1,DIRECT_EVIDENCE,2018-10-31 03:08:00+00:00,validation,validation,I,2018-10-30,validation,1,1,False,True
US_Employment__20181102,US Employment,US Employment,2018-11-02 12:30:02+00:00,2018-11-02,2018-11-01,0,-1,DIRECT_EVIDENCE,2018-11-02 12:30:02+00:00,validation,validation,I,2018-11-01,validation,1,1,False,True
FOMC__20181108,FOMC,FOMC,2018-11-08 19:00:00+00:00,2018-11-08,2018-11-08,0,0,DIRECT_EVIDENCE,2018-11-08 19:00:00+00:00,validation,validation,I,2018-11-08,validation,1,1,False,True
JPY_GDP__20181114,JPY GDP,JPY GDP,2018-11-13 23:50:00+00:00,2018-11-14,2018-11-13,0,-1,DEDUCED_FROM_TIMING_BRACKET,2018-11-13 23:50:00+00:00,validation,validation,I,2018-11-13,validation,2,2,True,False
US_CPI__20181114,US CPI,US CPI,2018-11-14 13:30:01+00:00,2018-11-14,2018-11-13,0,-1,DEDUCED_FROM_TIMING_BRACKET,2018-11-14 13:30:01+00:00,validation,validation,I,2018-11-13,validation,2,2,True,False
JPY_National_CPI__20181122,JPY National CPI,JPY National CPI,2018-11-21 23:30:00+00:00,2018-11-22,2018-11-21,0,-1,DEDUCED_FROM_TIMING_BRACKET,2018-11-21 23:30:00+00:00,validation,validation,I,2018-11-21,validation,1,1,False,True
US_Employment__20181207,US Employment,US Employment,2018-12-07 13:30:02+00:00,2018-12-07,2018-12-06,0,-1,DIRECT_EVIDENCE,2018-12-07 13:30:02+00:00,validation,validation,I,2018-12-06,validation,1,1,False,True
JPY_GDP__20181210,JPY GDP,JPY GDP,2018-12-09 23:50:00+00:00,2018-12-10,2018-12-07,0,-1,DEDUCED_FROM_TIMING_BRACKET,2018-12-09 23:50:00+00:00,validation,validation,I,2018-12-07,validation,1,1,False,True
US_CPI__20181212,US CPI,US CPI,2018-12-12 13:30:01+00:00,2018-12-12,2018-12-11,0,-1,DEDUCED_FROM_TIMING_BRACKET,2018-12-12 13:30:01+00:00,validation,validation,I,2018-12-11,validation,1,1,False,True
BoJ__20181220,BoJ,BoJ,2018-12-20 02:52:00+00:00,2018-12-20,2018-12-19,0,-1,DIRECT_EVIDENCE,2018-12-20 02:52:00+00:00,validation,validation,I,2018-12-19,validation,2,2,True,False
FOMC__20181219,FOMC,FOMC,2018-12-19 19:00:00+00:00,2018-12-19,2018-12-19,0,0,DIRECT_EVIDENCE,2018-12-19 19:00:00+00:00,validation,validation,I,2018-12-19,validation,2,2,True,False
JPY_National_CPI__20181221,JPY National CPI,JPY National CPI,2018-12-20 23:30:00+00:00,2018-12-21,2018-12-20,0,-1,DEDUCED_FROM_TIMING_BRACKET,2018-12-20 23:30:00+00:00,validation,validation,I,2018-12-20,validation,1,1,False,True
US_Employment__20190104,US Employment,US Employment,2019-01-04 13:30:01+00:00,2019-01-04,2019-01-03,0,-1,DIRECT_EVIDENCE,2019-01-04 13:30:01+00:00,validation,validation,I,2019-01-03,validation,1,1,False,True
US_CPI__20190111,US CPI,US CPI,2019-01-11 13:30:01+00:00,2019-01-11,2019-01-10,0,-1,DEDUCED_FROM_TIMING_BRACKET,2019-01-11 13:30:01+00:00,validation,validation,I,2019-01-10,validation,1,1,False,True
JPY_National_CPI__20190118,JPY National CPI,JPY National CPI,2019-01-17 23:30:00+00:00,2019-01-18,2019-01-17,0,-1,DEDUCED_FROM_TIMING_BRACKET,2019-01-17 23:30:00+00:00,validation,validation,I,2019-01-17,validation,1,1,False,True
BoJ__20190123,BoJ,BoJ,2019-01-23 02:59:00+00:00,2019-01-23,2019-01-22,0,-1,DIRECT_EVIDENCE,2019-01-23 02:59:00+00:00,validation,validation,I,2019-01-22,validation,1,1,False,True
FOMC__20190130,FOMC,FOMC,2019-01-30 19:00:00+00:00,2019-01-30,2019-01-30,0,0,DIRECT_EVIDENCE,2019-01-30 19:00:00+00:00,validation,validation,I,2019-01-30,validation,1,1,False,True
US_Employment__20190201,US Employment,US Employment,2019-02-01 13:30:01+00:00,2019-02-01,2019-01-31,0,-1,DIRECT_EVIDENCE,2019-02-01 13:30:01+00:00,validation,validation,I,2019-01-31,validation,1,1,False,True
US_CPI__20190213,US CPI,US CPI,2019-02-13 13:30:01+00:00,2019-02-13,2019-02-12,0,-1,DEDUCED_FROM_TIMING_BRACKET,2019-02-13 13:30:01+00:00,validation,validation,I,2019-02-12,validation,1,1,False,True
JPY_GDP__20190214,JPY GDP,JPY GDP,2019-02-13 23:50:00+00:00,2019-02-14,2019-02-13,0,-1,DEDUCED_FROM_TIMING_BRACKET,2019-02-13 23:50:00+00:00,validation,validation,I,2019-02-13,validation,1,1,False,True
JPY_National_CPI__20190222,JPY National CPI,JPY National CPI,2019-02-21 23:30:00+00:00,2019-02-22,2019-02-21,0,-1,DEDUCED_FROM_TIMING_BRACKET,2019-02-21 23:30:00+00:00,validation,validation,I,2019-02-21,validation,1,1,False,True
JPY_GDP__20190308,JPY GDP,JPY GDP,2019-03-07 23:50:00+00:00,2019-03-08,2019-03-07,0,-1,DEDUCED_FROM_TIMING_BRACKET,2019-03-07 23:50:00+00:00,validation,validation,I,2019-03-07,validation,2,2,True,False
US_Employment__20190308,US Employment,US Employment,2019-03-08 13:30:05+00:00,2019-03-08,2019-03-07,0,-1,DIRECT_EVIDENCE,2019-03-08 13:30:05+00:00,validation,validation,I,2019-03-07,validation,2,2,True,False
US_CPI__20190312,US CPI,US CPI,2019-03-12 12:30:01+00:00,2019-03-12,2019-03-11,0,-1,DEDUCED_FROM_TIMING_BRACKET,2019-03-12 12:30:01+00:00,validation,validation,I,2019-03-11,validation,1,1,False,True
BoJ__20190315,BoJ,BoJ,2019-03-15 02:39:00+00:00,2019-03-15,2019-03-14,0,-1,DIRECT_EVIDENCE,2019-03-15 02:39:00+00:00,validation,validation,I,2019-03-14,validation,1,1,False,True
FOMC__20190320,FOMC,FOMC,2019-03-20 18:00:00+00:00,2019-03-20,2019-03-20,0,0,DIRECT_EVIDENCE,2019-03-20 18:00:00+00:00,validation,validation,I,2019-03-20,validation,1,1,False,True
JPY_National_CPI__20190322,JPY National CPI,JPY National CPI,2019-03-21 23:30:00+00:00,2019-03-22,2019-03-21,0,-1,DEDUCED_FROM_TIMING_BRACKET,2019-03-21 23:30:00+00:00,validation,validation,I,2019-03-21,validation,1,1,False,True
US_Employment__20190405,US Employment,US Employment,2019-04-05 13:30:05+00:00,2019-04-05,2019-04-04,0,-1,DIRECT_EVIDENCE,2019-04-05 13:30:05+00:00,validation,validation,I,2019-04-04,validation,1,1,False,True
US_CPI__20190410,US CPI,US CPI,2019-04-10 13:30:01+00:00,2019-04-10,2019-04-09,0,-1,DEDUCED_FROM_TIMING_BRACKET,2019-04-10 13:30:01+00:00,validation,validation,I,2019-04-09,validation,1,1,False,True
JPY_National_CPI__20190419,JPY National CPI,JPY National CPI,2019-04-19 00:30:00+00:00,2019-04-19,2019-04-18,0,-1,DEDUCED_FROM_TIMING_BRACKET,2019-04-19 00:30:00+00:00,validation,validation,I,2019-04-18,validation,1,1,False,True
BoJ__20190425,BoJ,BoJ,2019-04-25 04:27:00+00:00,2019-04-25,2019-04-24,0,-1,DIRECT_EVIDENCE,2019-04-25 04:27:00+00:00,validation,validation,I,2019-04-24,validation,1,1,False,True
FOMC__20190501,FOMC,FOMC,2019-05-01 19:00:00+00:00,2019-05-01,2019-05-01,0,0,DIRECT_EVIDENCE,2019-05-01 19:00:00+00:00,validation,validation,I,2019-05-01,validation,1,1,False,True
US_Employment__20190503,US Employment,US Employment,2019-05-03 13:30:01+00:00,2019-05-03,2019-05-02,0,-1,DIRECT_EVIDENCE,2019-05-03 13:30:01+00:00,validation,validation,I,2019-05-02,validation,1,1,False,True
US_CPI__20190510,US CPI,US CPI,2019-05-10 13:30:01+00:00,2019-05-10,2019-05-09,0,-1,DEDUCED_FROM_TIMING_BRACKET,2019-05-10 13:30:01+00:00,validation,validation,I,2019-05-09,validation,1,1,False,True
JPY_GDP__20190520,JPY GDP,JPY GDP,2019-05-20 00:50:01+00:00,2019-05-20,2019-05-17,0,-1,DEDUCED_FROM_TIMING_BRACKET,2019-05-20 00:50:01+00:00,validation,validation,I,2019-05-17,validation,1,1,False,True
JPY_National_CPI__20190524,JPY National CPI,JPY National CPI,2019-05-24 00:30:00+00:00,2019-05-24,2019-05-23,0,-1,DEDUCED_FROM_TIMING_BRACKET,2019-05-24 00:30:00+00:00,validation,validation,I,2019-05-23,validation,1,1,False,True
US_Employment__20190607,US Employment,US Employment,2019-06-07 13:30:01+00:00,2019-06-07,2019-06-06,0,-1,DIRECT_EVIDENCE,2019-06-07 13:30:01+00:00,validation,validation,I,2019-06-06,validation,1,1,False,True
JPY_GDP__20190610,JPY GDP,JPY GDP,2019-06-10 00:50:04+00:00,2019-06-10,2019-06-07,0,-1,DEDUCED_FROM_TIMING_BRACKET,2019-06-10 00:50:04+00:00,validation,validation,I,2019-06-07,validation,1,1,False,True
US_CPI__20190612,US CPI,US CPI,2019-06-12 13:30:01+00:00,2019-06-12,2019-06-11,0,-1,DEDUCED_FROM_TIMING_BRACKET,2019-06-12 13:30:01+00:00,validation,validation,I,2019-06-11,validation,1,1,False,True
BoJ__20190620,BoJ,BoJ,2019-06-20 03:45:00+00:00,2019-06-20,2019-06-19,0,-1,DIRECT_EVIDENCE,2019-06-20 03:45:00+00:00,validation,validation,I,2019-06-19,validation,2,2,True,False
FOMC__20190619,FOMC,FOMC,2019-06-19 19:00:00+00:00,2019-06-19,2019-06-19,0,0,DIRECT_EVIDENCE,2019-06-19 19:00:00+00:00,validation,validation,I,2019-06-19,validation,2,2,True,False
JPY_National_CPI__20190621,JPY National CPI,JPY National CPI,2019-06-21 00:30:00+00:00,2019-06-21,2019-06-20,0,-1,DEDUCED_FROM_TIMING_BRACKET,2019-06-21 00:30:00+00:00,validation,validation,I,2019-06-20,validation,1,1,False,True
US_Employment__20190705,US Employment,US Employment,2019-07-05 13:30:01+00:00,2019-07-05,2019-07-04,0,-1,DIRECT_EVIDENCE,2019-07-05 13:30:01+00:00,validation,validation,I,2019-07-04,validation,1,1,False,True
US_CPI__20190711,US CPI,US CPI,2019-07-11 13:30:01+00:00,2019-07-11,2019-07-10,0,-1,DEDUCED_FROM_TIMING_BRACKET,2019-07-11 13:30:01+00:00,validation,validation,I,2019-07-10,validation,1,1,False,True
JPY_National_CPI__20190719,JPY National CPI,JPY National CPI,2019-07-19 00:30:00+00:00,2019-07-19,2019-07-18,0,-1,DEDUCED_FROM_TIMING_BRACKET,2019-07-19 00:30:00+00:00,validation,validation,I,2019-07-18,validation,1,1,False,True
BoJ__20190730,BoJ,BoJ,2019-07-30 03:55:00+00:00,2019-07-30,2019-07-29,0,-1,DIRECT_EVIDENCE,2019-07-30 03:55:00+00:00,validation,validation,I,2019-07-29,validation,1,1,False,True
FOMC__20190731,FOMC,FOMC,2019-07-31 19:00:00+00:00,2019-07-31,2019-07-31,0,0,DIRECT_EVIDENCE,2019-07-31 19:00:00+00:00,validation,validation,I,2019-07-31,validation,1,1,False,True
US_Employment__20190802,US Employment,US Employment,2019-08-02 13:30:01+00:00,2019-08-02,2019-08-01,0,-1,DIRECT_EVIDENCE,2019-08-02 13:30:01+00:00,validation,validation,I,2019-08-01,validation,1,1,False,True
JPY_GDP__20190809,JPY GDP,JPY GDP,2019-08-09 00:50:04+00:00,2019-08-09,2019-08-08,0,-1,DEDUCED_FROM_TIMING_BRACKET,2019-08-09 00:50:04+00:00,validation,validation,I,2019-08-08,validation,1,1,False,True
US_CPI__20190813,US CPI,US CPI,2019-08-13 13:30:01+00:00,2019-08-13,2019-08-12,0,-1,DEDUCED_FROM_TIMING_BRACKET,2019-08-13 13:30:01+00:00,validation,validation,I,2019-08-12,validation,1,1,False,True
JPY_National_CPI__20190823,JPY National CPI,JPY National CPI,2019-08-23 00:30:00+00:00,2019-08-23,2019-08-22,0,-1,DEDUCED_FROM_TIMING_BRACKET,2019-08-23 00:30:00+00:00,validation,validation,I,2019-08-22,validation,1,1,False,True
US_Employment__20190906,US Employment,US Employment,2019-09-06 13:30:00+00:00,2019-09-06,2019-09-05,0,-1,DIRECT_EVIDENCE,2019-09-06 13:30:00+00:00,validation,validation,I,2019-09-05,validation,1,1,False,True
JPY_GDP__20190909,JPY GDP,JPY GDP,2019-09-09 00:50:00+00:00,2019-09-09,2019-09-06,0,-1,DEDUCED_FROM_TIMING_BRACKET,2019-09-09 00:50:00+00:00,validation,validation,I,2019-09-06,validation,1,1,False,True
US_CPI__20190912,US CPI,US CPI,2019-09-12 13:30:00+00:00,2019-09-12,2019-09-11,0,-1,DEDUCED_FROM_TIMING_BRACKET,2019-09-12 13:30:00+00:00,validation,validation,I,2019-09-11,validation,1,1,False,True
BoJ__20190919,BoJ,BoJ,2019-09-19 03:50:00+00:00,2019-09-19,2019-09-18,0,-1,DIRECT_EVIDENCE,2019-09-19 03:50:00+00:00,validation,validation,I,2019-09-18,validation,2,2,True,False
FOMC__20190918,FOMC,FOMC,2019-09-18 19:00:00+00:00,2019-09-18,2019-09-18,0,0,DIRECT_EVIDENCE,2019-09-18 19:00:00+00:00,validation,validation,I,2019-09-18,validation,2,2,True,False
JPY_National_CPI__20190920,JPY National CPI,JPY National CPI,2019-09-20 00:30:00+00:00,2019-09-20,2019-09-19,0,-1,DEDUCED_FROM_TIMING_BRACKET,2019-09-20 00:30:00+00:00,validation,validation,I,2019-09-19,validation,1,1,False,True
US_Employment__20191004,US Employment,US Employment,2019-10-04 13:30:00+00:00,2019-10-04,2019-10-03,0,-1,DIRECT_EVIDENCE,2019-10-04 13:30:00+00:00,validation,validation,I,2019-10-03,validation,1,1,False,True
US_CPI__20191010,US CPI,US CPI,2019-10-10 13:30:00+00:00,2019-10-10,2019-10-09,0,-1,DEDUCED_FROM_TIMING_BRACKET,2019-10-10 13:30:00+00:00,validation,validation,I,2019-10-09,validation,1,1,False,True
JPY_National_CPI__20191018,JPY National CPI,JPY National CPI,2019-10-18 00:30:00+00:00,2019-10-18,2019-10-17,0,-1,DEDUCED_FROM_TIMING_BRACKET,2019-10-18 00:30:00+00:00,validation,validation,I,2019-10-17,validation,1,1,False,True
BoJ__20191031,BoJ,BoJ,2019-10-31 03:32:00+00:00,2019-10-31,2019-10-30,0,-1,DIRECT_EVIDENCE,2019-10-31 03:32:00+00:00,validation,validation,I,2019-10-30,validation,2,2,True,False
FOMC__20191030,FOMC,FOMC,2019-10-30 18:00:00+00:00,2019-10-30,2019-10-30,0,0,DIRECT_EVIDENCE,2019-10-30 18:00:00+00:00,validation,validation,I,2019-10-30,validation,2,2,True,False
US_Employment__20191101,US Employment,US Employment,2019-11-01 12:30:00+00:00,2019-11-01,2019-10-31,0,-1,DIRECT_EVIDENCE,2019-11-01 12:30:00+00:00,validation,validation,I,2019-10-31,validation,1,1,False,True
US_CPI__20191113,US CPI,US CPI,2019-11-13 13:30:00+00:00,2019-11-13,2019-11-12,0,-1,DEDUCED_FROM_TIMING_BRACKET,2019-11-13 13:30:00+00:00,validation,validation,I,2019-11-12,validation,1,1,False,True
JPY_GDP__20191114,JPY GDP,JPY GDP,2019-11-13 23:50:00+00:00,2019-11-14,2019-11-13,0,-1,DEDUCED_FROM_TIMING_BRACKET,2019-11-13 23:50:00+00:00,validation,validation,I,2019-11-13,validation,1,1,False,True
JPY_National_CPI__20191122,JPY National CPI,JPY National CPI,2019-11-21 23:30:00+00:00,2019-11-22,2019-11-21,0,-1,DEDUCED_FROM_TIMING_BRACKET,2019-11-21 23:30:00+00:00,validation,validation,I,2019-11-21,validation,1,1,False,True
US_Employment__20191206,US Employment,US Employment,2019-12-06 13:30:00+00:00,2019-12-06,2019-12-05,0,-1,DIRECT_EVIDENCE,2019-12-06 13:30:00+00:00,validation,validation,I,2019-12-05,validation,1,1,False,True
JPY_GDP__20191209,JPY GDP,JPY GDP,2019-12-08 23:50:00+00:00,2019-12-09,2019-12-06,0,-1,DEDUCED_FROM_TIMING_BRACKET,2019-12-08 23:50:00+00:00,validation,validation,I,2019-12-06,validation,1,1,False,True
US_CPI__20191211,US CPI,US CPI,2019-12-11 13:30:00+00:00,2019-12-11,2019-12-10,0,-1,DEDUCED_FROM_TIMING_BRACKET,2019-12-11 13:30:00+00:00,validation,validation,I,2019-12-10,validation,1,1,False,True
FOMC__20191211,FOMC,FOMC,2019-12-11 19:00:00+00:00,2019-12-11,2019-12-11,0,0,DIRECT_EVIDENCE,2019-12-11 19:00:00+00:00,validation,validation,I,2019-12-11,validation,1,1,False,True
BoJ__20191219,BoJ,BoJ,2019-12-19 02:45:00+00:00,2019-12-19,2019-12-18,0,-1,DIRECT_EVIDENCE,2019-12-19 02:45:00+00:00,validation,validation,I,2019-12-18,validation,1,1,False,True
JPY_National_CPI__20191220,JPY National CPI,JPY National CPI,2019-12-19 23:30:00+00:00,2019-12-20,2019-12-19,0,-1,DEDUCED_FROM_TIMING_BRACKET,2019-12-19 23:30:00+00:00,validation,validation,I,2019-12-19,validation,1,1,False,True
US_Employment__20200110,US Employment,US Employment,2020-01-10 13:30:00+00:00,2020-01-10,2020-01-09,0,-1,DIRECT_EVIDENCE,2020-01-10 13:30:00+00:00,validation,validation,I,2020-01-09,validation,1,1,False,True
US_CPI__20200114,US CPI,US CPI,2020-01-14 13:30:00+00:00,2020-01-14,2020-01-13,0,-1,DEDUCED_FROM_TIMING_BRACKET,2020-01-14 13:30:00+00:00,validation,validation,I,2020-01-13,validation,1,1,False,True
BoJ__20200121,BoJ,BoJ,2020-01-21 03:01:00+00:00,2020-01-21,2020-01-20,0,-1,DIRECT_EVIDENCE,2020-01-21 03:01:00+00:00,validation,validation,I,2020-01-20,validation,1,1,False,True
JPY_National_CPI__20200124,JPY National CPI,JPY National CPI,2020-01-23 23:30:00+00:00,2020-01-24,2020-01-23,0,-1,DEDUCED_FROM_TIMING_BRACKET,2020-01-23 23:30:00+00:00,validation,validation,I,2020-01-23,validation,1,1,False,True
FOMC__20200129,FOMC,FOMC,2020-01-29 19:00:00+00:00,2020-01-29,2020-01-29,0,0,DIRECT_EVIDENCE,2020-01-29 19:00:00+00:00,validation,validation,I,2020-01-29,validation,1,1,False,True
US_Employment__20200207,US Employment,US Employment,2020-02-07 13:30:00+00:00,2020-02-07,2020-02-06,0,-1,DIRECT_EVIDENCE,2020-02-07 13:30:00+00:00,validation,validation,I,2020-02-06,validation,1,1,False,True
US_CPI__20200213,US CPI,US CPI,2020-02-13 13:30:00+00:00,2020-02-13,2020-02-12,0,-1,DEDUCED_FROM_TIMING_BRACKET,2020-02-13 13:30:00+00:00,validation,validation,I,2020-02-12,validation,1,1,False,True
JPY_GDP__20200217,JPY GDP,JPY GDP,2020-02-16 23:50:00+00:00,2020-02-17,2020-02-14,0,-1,DEDUCED_FROM_TIMING_BRACKET,2020-02-16 23:50:00+00:00,validation,validation,I,2020-02-14,validation,1,1,False,True
JPY_National_CPI__20200221,JPY National CPI,JPY National CPI,2020-02-20 23:30:00+00:00,2020-02-21,2020-02-20,0,-1,DEDUCED_FROM_TIMING_BRACKET,2020-02-20 23:30:00+00:00,validation,validation,I,2020-02-20,validation,1,1,False,True
FOMC__20200303,FOMC,FOMC,2020-03-03 15:00:00+00:00,2020-03-03,2020-03-03,0,0,DIRECT_EVIDENCE,2020-03-03 15:00:00+00:00,validation,validation,I,2020-03-03,validation,1,1,False,True
US_Employment__20200306,US Employment,US Employment,2020-03-06 13:30:00+00:00,2020-03-06,2020-03-05,0,-1,DIRECT_EVIDENCE,2020-03-06 13:30:00+00:00,validation,validation,I,2020-03-05,validation,1,1,False,True
JPY_GDP__20200309,JPY GDP,JPY GDP,2020-03-08 23:50:00+00:00,2020-03-09,2020-03-06,0,-1,DEDUCED_FROM_TIMING_BRACKET,2020-03-08 23:50:00+00:00,validation,validation,I,2020-03-06,validation,1,1,False,True
US_CPI__20200311,US CPI,US CPI,2020-03-11 12:30:00+00:00,2020-03-11,2020-03-10,0,-1,DEDUCED_FROM_TIMING_BRACKET,2020-03-11 12:30:00+00:00,validation,validation,I,2020-03-10,validation,1,1,False,True
BoJ__20200316,BoJ,BoJ,2020-03-16 05:06:00+00:00,2020-03-16,2020-03-13,0,-1,DIRECT_EVIDENCE,2020-03-16 05:06:00+00:00,validation,validation,I,2020-03-13,validation,1,1,False,True
FOMC__20200316,FOMC,FOMC,2020-03-15 21:00:00+00:00,2020-03-16,2020-03-16,0,0,DIRECT_EVIDENCE,2020-03-15 21:00:00+00:00,validation,validation,I,2020-03-16,validation,1,1,False,True
JPY_National_CPI__20200319,JPY National CPI,JPY National CPI,2020-03-18 23:30:00+00:00,2020-03-19,2020-03-18,0,-1,DEDUCED_FROM_TIMING_BRACKET,2020-03-18 23:30:00+00:00,validation,validation,I,2020-03-18,validation,1,1,False,True
US_Employment__20200403,US Employment,US Employment,2020-04-03 13:30:00+00:00,2020-04-03,2020-04-02,0,-1,DIRECT_EVIDENCE,2020-04-03 13:30:00+00:00,validation,validation,I,2020-04-02,validation,1,1,False,True
US_CPI__20200410,US CPI,US CPI,2020-04-10 13:30:00+00:00,2020-04-10,2020-04-09,0,-1,DEDUCED_FROM_TIMING_BRACKET,2020-04-10 13:30:00+00:00,validation,validation,I,2020-04-09,validation,1,1,False,True
JPY_National_CPI__20200424,JPY National CPI,JPY National CPI,2020-04-24 00:30:00+00:00,2020-04-24,2020-04-23,0,-1,DEDUCED_FROM_TIMING_BRACKET,2020-04-24 00:30:00+00:00,validation,validation,I,2020-04-23,validation,1,1,False,True
BoJ__20200427,BoJ,BoJ,2020-04-27 04:08:00+00:00,2020-04-27,2020-04-24,0,-1,DIRECT_EVIDENCE,2020-04-27 04:08:00+00:00,validation,validation,I,2020-04-24,validation,1,1,False,True
FOMC__20200429,FOMC,FOMC,2020-04-29 19:00:00+00:00,2020-04-29,2020-04-29,0,0,DIRECT_EVIDENCE,2020-04-29 19:00:00+00:00,validation,validation,I,2020-04-29,validation,1,1,False,True
US_Employment__20200508,US Employment,US Employment,2020-05-08 13:30:00+00:00,2020-05-08,2020-05-07,0,-1,DIRECT_EVIDENCE,2020-05-08 13:30:00+00:00,validation,validation,I,2020-05-07,validation,1,1,False,True
US_CPI__20200512,US CPI,US CPI,2020-05-12 13:30:00+00:00,2020-05-12,2020-05-11,0,-1,DEDUCED_FROM_TIMING_BRACKET,2020-05-12 13:30:00+00:00,validation,validation,I,2020-05-11,validation,1,1,False,True
JPY_GDP__20200518,JPY GDP,JPY GDP,2020-05-18 00:50:00+00:00,2020-05-18,2020-05-15,0,-1,DEDUCED_FROM_TIMING_BRACKET,2020-05-18 00:50:00+00:00,validation,validation,I,2020-05-15,validation,1,1,False,True
BoJ__20200522,BoJ,BoJ,2020-05-22 01:00:00+00:00,2020-05-22,2020-05-21,0,-1,DIRECT_EVIDENCE,2020-05-22 01:00:00+00:00,validation,validation,I,2020-05-21,validation,2,2,True,False
JPY_National_CPI__20200522,JPY National CPI,JPY National CPI,2020-05-22 00:30:00+00:00,2020-05-22,2020-05-21,0,-1,DEDUCED_FROM_TIMING_BRACKET,2020-05-22 00:30:00+00:00,validation,validation,I,2020-05-21,validation,2,2,True,False
US_Employment__20200605,US Employment,US Employment,2020-06-05 13:30:00+00:00,2020-06-05,2020-06-04,0,-1,DIRECT_EVIDENCE,2020-06-05 13:30:00+00:00,validation,validation,I,2020-06-04,validation,1,1,False,True
JPY_GDP__20200608,JPY GDP,JPY GDP,2020-06-08 00:50:00+00:00,2020-06-08,2020-06-05,0,-1,DEDUCED_FROM_TIMING_BRACKET,2020-06-08 00:50:00+00:00,validation,validation,I,2020-06-05,validation,1,1,False,True
US_CPI__20200610,US CPI,US CPI,2020-06-10 13:30:00+00:00,2020-06-10,2020-06-09,0,-1,DEDUCED_FROM_TIMING_BRACKET,2020-06-10 13:30:00+00:00,validation,validation,I,2020-06-09,validation,1,1,False,True
FOMC__20200610,FOMC,FOMC,2020-06-10 19:00:00+00:00,2020-06-10,2020-06-10,0,0,DIRECT_EVIDENCE,2020-06-10 19:00:00+00:00,validation,validation,I,2020-06-10,validation,1,1,False,True
BoJ__20200616,BoJ,BoJ,2020-06-16 03:33:00+00:00,2020-06-16,2020-06-15,0,-1,DIRECT_EVIDENCE,2020-06-16 03:33:00+00:00,validation,validation,I,2020-06-15,validation,1,1,False,True
JPY_National_CPI__20200619,JPY National CPI,JPY National CPI,2020-06-19 00:30:00+00:00,2020-06-19,2020-06-18,0,-1,DEDUCED_FROM_TIMING_BRACKET,2020-06-19 00:30:00+00:00,validation,validation,I,2020-06-18,validation,1,1,False,True
US_Employment__20200702,US Employment,US Employment,2020-07-02 13:30:00+00:00,2020-07-02,2020-07-01,0,-1,DIRECT_EVIDENCE,2020-07-02 13:30:00+00:00,validation,validation,I,2020-07-01,validation,1,1,False,True
US_CPI__20200714,US CPI,US CPI,2020-07-14 13:30:00+00:00,2020-07-14,2020-07-13,0,-1,DEDUCED_FROM_TIMING_BRACKET,2020-07-14 13:30:00+00:00,validation,validation,I,2020-07-13,validation,1,1,False,True
BoJ__20200715,BoJ,BoJ,2020-07-15 03:57:00+00:00,2020-07-15,2020-07-14,0,-1,DIRECT_EVIDENCE,2020-07-15 03:57:00+00:00,validation,validation,I,2020-07-14,validation,1,1,False,True
JPY_National_CPI__20200721,JPY National CPI,JPY National CPI,2020-07-21 00:30:00+00:00,2020-07-21,2020-07-20,0,-1,DEDUCED_FROM_TIMING_BRACKET,2020-07-21 00:30:00+00:00,validation,validation,I,2020-07-20,validation,1,1,False,True
FOMC__20200729,FOMC,FOMC,2020-07-29 19:00:00+00:00,2020-07-29,2020-07-29,0,0,DIRECT_EVIDENCE,2020-07-29 19:00:00+00:00,validation,validation,I,2020-07-29,validation,1,1,False,True
JPY_GDP__20200803,JPY GDP,JPY GDP,2020-08-03 00:50:00+00:00,2020-08-03,2020-07-31,0,-1,DEDUCED_FROM_TIMING_BRACKET,2020-08-03 00:50:00+00:00,validation,validation,I,2020-07-31,validation,1,1,False,True
US_Employment__20200807,US Employment,US Employment,2020-08-07 13:30:00+00:00,2020-08-07,2020-08-06,0,-1,DIRECT_EVIDENCE,2020-08-07 13:30:00+00:00,validation,validation,I,2020-08-06,validation,1,1,False,True
US_CPI__20200812,US CPI,US CPI,2020-08-12 13:30:00+00:00,2020-08-12,2020-08-11,0,-1,DEDUCED_FROM_TIMING_BRACKET,2020-08-12 13:30:00+00:00,validation,validation,I,2020-08-11,validation,1,1,False,True
JPY_GDP__20200817,JPY GDP,JPY GDP,2020-08-17 00:50:00+00:00,2020-08-17,2020-08-14,0,-1,DEDUCED_FROM_TIMING_BRACKET,2020-08-17 00:50:00+00:00,validation,validation,I,2020-08-14,validation,1,1,False,True
JPY_National_CPI__20200821,JPY National CPI,JPY National CPI,2020-08-21 00:30:00+00:00,2020-08-21,2020-08-20,0,-1,DEDUCED_FROM_TIMING_BRACKET,2020-08-21 00:30:00+00:00,validation,validation,I,2020-08-20,validation,1,1,False,True
US_Employment__20200904,US Employment,US Employment,2020-09-04 13:30:00+00:00,2020-09-04,2020-09-03,0,-1,DIRECT_EVIDENCE,2020-09-04 13:30:00+00:00,validation,validation,I,2020-09-03,validation,1,1,False,True
JPY_GDP__20200908,JPY GDP,JPY GDP,2020-09-08 00:50:00+00:00,2020-09-08,2020-09-07,0,-1,DEDUCED_FROM_TIMING_BRACKET,2020-09-08 00:50:00+00:00,validation,validation,I,2020-09-07,validation,1,1,False,True
US_CPI__20200911,US CPI,US CPI,2020-09-11 13:30:00+00:00,2020-09-11,2020-09-10,0,-1,DEDUCED_FROM_TIMING_BRACKET,2020-09-11 13:30:00+00:00,validation,validation,I,2020-09-10,validation,1,1,False,True
BoJ__20200917,BoJ,BoJ,2020-09-17 03:51:00+00:00,2020-09-17,2020-09-16,0,-1,DIRECT_EVIDENCE,2020-09-17 03:51:00+00:00,validation,validation,I,2020-09-16,validation,2,2,True,False
FOMC__20200916,FOMC,FOMC,2020-09-16 19:00:00+00:00,2020-09-16,2020-09-16,0,0,DIRECT_EVIDENCE,2020-09-16 19:00:00+00:00,validation,validation,I,2020-09-16,validation,2,2,True,False
JPY_National_CPI__20200918,JPY National CPI,JPY National CPI,2020-09-18 00:30:00+00:00,2020-09-18,2020-09-17,0,-1,DEDUCED_FROM_TIMING_BRACKET,2020-09-18 00:30:00+00:00,validation,validation,I,2020-09-17,validation,1,1,False,True
US_Employment__20201002,US Employment,US Employment,2020-10-02 13:30:00+00:00,2020-10-02,2020-10-01,0,-1,DIRECT_EVIDENCE,2020-10-02 13:30:00+00:00,validation,validation,I,2020-10-01,validation,1,1,False,True
US_CPI__20201013,US CPI,US CPI,2020-10-13 13:30:00+00:00,2020-10-13,2020-10-12,0,-1,DEDUCED_FROM_TIMING_BRACKET,2020-10-13 13:30:00+00:00,validation,validation,I,2020-10-12,validation,1,1,False,True
JPY_National_CPI__20201023,JPY National CPI,JPY National CPI,2020-10-23 00:30:00+00:00,2020-10-23,2020-10-22,0,-1,DEDUCED_FROM_TIMING_BRACKET,2020-10-23 00:30:00+00:00,validation,validation,I,2020-10-22,validation,1,1,False,True
BoJ__20201029,BoJ,BoJ,2020-10-29 03:12:00+00:00,2020-10-29,2020-10-28,0,-1,DIRECT_EVIDENCE,2020-10-29 03:12:00+00:00,validation,validation,I,2020-10-28,validation,1,1,False,True
FOMC__20201105,FOMC,FOMC,2020-11-05 19:00:00+00:00,2020-11-05,2020-11-05,0,0,DIRECT_EVIDENCE,2020-11-05 19:00:00+00:00,validation,validation,I,2020-11-05,validation,2,2,True,False
US_Employment__20201106,US Employment,US Employment,2020-11-06 13:30:00+00:00,2020-11-06,2020-11-05,0,-1,DIRECT_EVIDENCE,2020-11-06 13:30:00+00:00,validation,validation,I,2020-11-05,validation,2,2,True,False
US_CPI__20201112,US CPI,US CPI,2020-11-12 13:30:00+00:00,2020-11-12,2020-11-11,0,-1,DEDUCED_FROM_TIMING_BRACKET,2020-11-12 13:30:00+00:00,validation,validation,I,2020-11-11,validation,1,1,False,True
JPY_GDP__20201116,JPY GDP,JPY GDP,2020-11-15 23:50:00+00:00,2020-11-16,2020-11-13,0,-1,DEDUCED_FROM_TIMING_BRACKET,2020-11-15 23:50:00+00:00,validation,validation,I,2020-11-13,validation,1,1,False,True
JPY_National_CPI__20201120,JPY National CPI,JPY National CPI,2020-11-19 23:30:00+00:00,2020-11-20,2020-11-19,0,-1,DEDUCED_FROM_TIMING_BRACKET,2020-11-19 23:30:00+00:00,validation,validation,I,2020-11-19,validation,1,1,False,True
US_Employment__20201204,US Employment,US Employment,2020-12-04 13:30:00+00:00,2020-12-04,2020-12-03,0,-1,DIRECT_EVIDENCE,2020-12-04 13:30:00+00:00,validation,validation,I,2020-12-03,validation,1,1,False,True
JPY_GDP__20201208,JPY GDP,JPY GDP,2020-12-07 23:50:00+00:00,2020-12-08,2020-12-07,0,-1,DEDUCED_FROM_TIMING_BRACKET,2020-12-07 23:50:00+00:00,validation,validation,I,2020-12-07,validation,1,1,False,True
US_CPI__20201210,US CPI,US CPI,2020-12-10 13:30:00+00:00,2020-12-10,2020-12-09,0,-1,DEDUCED_FROM_TIMING_BRACKET,2020-12-10 13:30:00+00:00,validation,validation,I,2020-12-09,validation,1,1,False,True
FOMC__20201216,FOMC,FOMC,2020-12-16 19:00:00+00:00,2020-12-16,2020-12-16,0,0,DIRECT_EVIDENCE,2020-12-16 19:00:00+00:00,validation,validation,I,2020-12-16,validation,1,1,False,True
BoJ__20201218,BoJ,BoJ,2020-12-18 03:13:00+00:00,2020-12-18,2020-12-17,0,-1,DIRECT_EVIDENCE,2020-12-18 03:13:00+00:00,validation,validation,I,2020-12-17,validation,2,2,True,False
JPY_National_CPI__20201218,JPY National CPI,JPY National CPI,2020-12-17 23:30:00+00:00,2020-12-18,2020-12-17,0,-1,DEDUCED_FROM_TIMING_BRACKET,2020-12-17 23:30:00+00:00,validation,validation,I,2020-12-17,validation,2,2,True,False
US_Employment__20210108,US Employment,US Employment,2021-01-08 13:30:00+00:00,2021-01-08,2021-01-07,0,-1,DIRECT_EVIDENCE,2021-01-08 13:30:00+00:00,validation,validation,I,2021-01-07,validation,1,1,False,True
US_CPI__20210113,US CPI,US CPI,2021-01-13 13:30:00+00:00,2021-01-13,2021-01-12,0,-1,DEDUCED_FROM_TIMING_BRACKET,2021-01-13 13:30:00+00:00,validation,validation,I,2021-01-12,validation,1,1,False,True
BoJ__20210121,BoJ,BoJ,2021-01-21 02:38:00+00:00,2021-01-21,2021-01-20,0,-1,DIRECT_EVIDENCE,2021-01-21 02:38:00+00:00,validation,validation,I,2021-01-20,validation,1,1,False,True
JPY_National_CPI__20210122,JPY National CPI,JPY National CPI,2021-01-21 23:30:00+00:00,2021-01-22,2021-01-21,0,-1,DEDUCED_FROM_TIMING_BRACKET,2021-01-21 23:30:00+00:00,validation,validation,I,2021-01-21,validation,1,1,False,True
FOMC__20210127,FOMC,FOMC,2021-01-27 19:00:00+00:00,2021-01-27,2021-01-27,0,0,DIRECT_EVIDENCE,2021-01-27 19:00:00+00:00,validation,validation,I,2021-01-27,validation,1,1,False,True
US_Employment__20210205,US Employment,US Employment,2021-02-05 13:30:00+00:00,2021-02-05,2021-02-04,0,-1,DIRECT_EVIDENCE,2021-02-05 13:30:00+00:00,validation,validation,I,2021-02-04,validation,1,1,False,True
US_CPI__20210210,US CPI,US CPI,2021-02-10 13:30:00+00:00,2021-02-10,2021-02-09,0,-1,DEDUCED_FROM_TIMING_BRACKET,2021-02-10 13:30:00+00:00,validation,validation,I,2021-02-09,validation,1,1,False,True
JPY_GDP__20210215,JPY GDP,JPY GDP,2021-02-14 23:50:00+00:00,2021-02-15,2021-02-12,0,-1,DEDUCED_FROM_TIMING_BRACKET,2021-02-14 23:50:00+00:00,validation,validation,I,2021-02-12,validation,1,1,False,True
JPY_National_CPI__20210219,JPY National CPI,JPY National CPI,2021-02-18 23:30:00+00:00,2021-02-19,2021-02-18,0,-1,DEDUCED_FROM_TIMING_BRACKET,2021-02-18 23:30:00+00:00,validation,validation,I,2021-02-18,validation,1,1,False,True
US_Employment__20210305,US Employment,US Employment,2021-03-05 13:30:00+00:00,2021-03-05,2021-03-04,0,-1,DIRECT_EVIDENCE,2021-03-05 13:30:00+00:00,validation,validation,I,2021-03-04,validation,1,1,False,True
JPY_GDP__20210309,JPY GDP,JPY GDP,2021-03-08 23:50:00+00:00,2021-03-09,2021-03-08,0,-1,DEDUCED_FROM_TIMING_BRACKET,2021-03-08 23:50:00+00:00,validation,validation,I,2021-03-08,validation,1,1,False,True
US_CPI__20210310,US CPI,US CPI,2021-03-10 13:30:00+00:00,2021-03-10,2021-03-09,0,-1,DEDUCED_FROM_TIMING_BRACKET,2021-03-10 13:30:00+00:00,validation,validation,I,2021-03-09,validation,1,1,False,True
FOMC__20210317,FOMC,FOMC,2021-03-17 18:00:00+00:00,2021-03-17,2021-03-17,0,0,DIRECT_EVIDENCE,2021-03-17 18:00:00+00:00,validation,validation,I,2021-03-17,validation,1,1,False,True
BoJ__20210319,BoJ,BoJ,2021-03-19 03:39:00+00:00,2021-03-19,2021-03-18,0,-1,DIRECT_EVIDENCE,2021-03-19 03:39:00+00:00,validation,validation,I,2021-03-18,validation,2,2,True,False
JPY_National_CPI__20210319,JPY National CPI,JPY National CPI,2021-03-18 23:30:00+00:00,2021-03-19,2021-03-18,0,-1,DEDUCED_FROM_TIMING_BRACKET,2021-03-18 23:30:00+00:00,validation,validation,I,2021-03-18,validation,2,2,True,False
US_Employment__20210402,US Employment,US Employment,2021-04-02 13:30:00+00:00,2021-04-02,2021-04-01,0,-1,DIRECT_EVIDENCE,2021-04-02 13:30:00+00:00,validation,validation,I,2021-04-01,validation,1,1,False,True
US_CPI__20210413,US CPI,US CPI,2021-04-13 13:30:00+00:00,2021-04-13,2021-04-12,0,-1,DEDUCED_FROM_TIMING_BRACKET,2021-04-13 13:30:00+00:00,validation,validation,I,2021-04-12,validation,1,1,False,True
JPY_National_CPI__20210423,JPY National CPI,JPY National CPI,2021-04-23 00:30:00+00:00,2021-04-23,2021-04-22,0,-1,DEDUCED_FROM_TIMING_BRACKET,2021-04-23 00:30:00+00:00,validation,validation,I,2021-04-22,validation,1,1,False,True
BoJ__20210427,BoJ,BoJ,2021-04-27 04:00:00+00:00,2021-04-27,2021-04-26,0,-1,DIRECT_EVIDENCE,2021-04-27 04:00:00+00:00,validation,validation,I,2021-04-26,validation,1,1,False,True
FOMC__20210428,FOMC,FOMC,2021-04-28 19:00:00+00:00,2021-04-28,2021-04-28,0,0,DIRECT_EVIDENCE,2021-04-28 19:00:00+00:00,validation,validation,I,2021-04-28,validation,1,1,False,True
US_Employment__20210507,US Employment,US Employment,2021-05-07 13:30:00+00:00,2021-05-07,2021-05-06,0,-1,DIRECT_EVIDENCE,2021-05-07 13:30:00+00:00,validation,validation,I,2021-05-06,validation,1,1,False,True
US_CPI__20210512,US CPI,US CPI,2021-05-12 13:30:00+00:00,2021-05-12,2021-05-11,0,-1,DEDUCED_FROM_TIMING_BRACKET,2021-05-12 13:30:00+00:00,validation,validation,I,2021-05-11,validation,1,1,False,True
JPY_GDP__20210518,JPY GDP,JPY GDP,2021-05-18 00:50:00+00:00,2021-05-18,2021-05-17,0,-1,DEDUCED_FROM_TIMING_BRACKET,2021-05-18 00:50:00+00:00,validation,validation,I,2021-05-17,validation,1,1,False,True
JPY_National_CPI__20210521,JPY National CPI,JPY National CPI,2021-05-21 00:30:00+00:00,2021-05-21,2021-05-20,0,-1,DEDUCED_FROM_TIMING_BRACKET,2021-05-21 00:30:00+00:00,validation,validation,I,2021-05-20,validation,1,1,False,True
US_Employment__20210604,US Employment,US Employment,2021-06-04 13:30:00+00:00,2021-06-04,2021-06-03,0,-1,DIRECT_EVIDENCE,2021-06-04 13:30:00+00:00,validation,validation,I,2021-06-03,validation,1,1,False,True
JPY_GDP__20210608,JPY GDP,JPY GDP,2021-06-08 00:50:00+00:00,2021-06-08,2021-06-07,0,-1,DEDUCED_FROM_TIMING_BRACKET,2021-06-08 00:50:00+00:00,validation,validation,I,2021-06-07,validation,1,1,False,True
US_CPI__20210610,US CPI,US CPI,2021-06-10 13:30:00+00:00,2021-06-10,2021-06-09,0,-1,DEDUCED_FROM_TIMING_BRACKET,2021-06-10 13:30:00+00:00,validation,validation,I,2021-06-09,validation,1,1,False,True
FOMC__20210616,FOMC,FOMC,2021-06-16 19:00:00+00:00,2021-06-16,2021-06-16,0,0,DIRECT_EVIDENCE,2021-06-16 19:00:00+00:00,validation,validation,I,2021-06-16,validation,1,1,False,True
BoJ__20210618,BoJ,BoJ,2021-06-18 04:30:00+00:00,2021-06-18,2021-06-17,0,-1,DIRECT_EVIDENCE,2021-06-18 04:30:00+00:00,validation,validation,I,2021-06-17,validation,2,2,True,False
JPY_National_CPI__20210618,JPY National CPI,JPY National CPI,2021-06-18 00:30:00+00:00,2021-06-18,2021-06-17,0,-1,DEDUCED_FROM_TIMING_BRACKET,2021-06-18 00:30:00+00:00,validation,validation,I,2021-06-17,validation,2,2,True,False
US_Employment__20210702,US Employment,US Employment,2021-07-02 13:30:00+00:00,2021-07-02,2021-07-01,0,-1,DIRECT_EVIDENCE,2021-07-02 13:30:00+00:00,validation,validation,I,2021-07-01,validation,1,1,False,True
US_CPI__20210713,US CPI,US CPI,2021-07-13 13:30:00+00:00,2021-07-13,2021-07-12,0,-1,DEDUCED_FROM_TIMING_BRACKET,2021-07-13 13:30:00+00:00,validation,validation,I,2021-07-12,validation,1,1,False,True
BoJ__20210716,BoJ,BoJ,2021-07-16 03:56:00+00:00,2021-07-16,2021-07-15,0,-1,DIRECT_EVIDENCE,2021-07-16 03:56:00+00:00,validation,validation,I,2021-07-15,validation,1,1,False,True
JPY_National_CPI__20210720,JPY National CPI,JPY National CPI,2021-07-20 00:30:00+00:00,2021-07-20,2021-07-19,0,-1,DEDUCED_FROM_TIMING_BRACKET,2021-07-20 00:30:00+00:00,validation,validation,I,2021-07-19,validation,1,1,False,True
FOMC__20210728,FOMC,FOMC,2021-07-28 19:00:00+00:00,2021-07-28,2021-07-28,0,0,DIRECT_EVIDENCE,2021-07-28 19:00:00+00:00,validation,validation,I,2021-07-28,validation,1,1,False,True
US_Employment__20210806,US Employment,US Employment,2021-08-06 13:30:00+00:00,2021-08-06,2021-08-05,0,-1,DIRECT_EVIDENCE,2021-08-06 13:30:00+00:00,validation,validation,I,2021-08-05,validation,1,1,False,True
US_CPI__20210811,US CPI,US CPI,2021-08-11 13:30:00+00:00,2021-08-11,2021-08-10,0,-1,DEDUCED_FROM_TIMING_BRACKET,2021-08-11 13:30:00+00:00,validation,validation,I,2021-08-10,validation,1,1,False,True
JPY_GDP__20210816,JPY GDP,JPY GDP,2021-08-16 00:50:00+00:00,2021-08-16,2021-08-13,0,-1,DEDUCED_FROM_TIMING_BRACKET,2021-08-16 00:50:00+00:00,validation,validation,I,2021-08-13,validation,1,1,False,True
JPY_National_CPI__20210820,JPY National CPI,JPY National CPI,2021-08-20 00:30:00+00:00,2021-08-20,2021-08-19,0,-1,DEDUCED_FROM_TIMING_BRACKET,2021-08-20 00:30:00+00:00,validation,validation,I,2021-08-19,validation,1,1,False,True
US_Employment__20210903,US Employment,US Employment,2021-09-03 13:30:00+00:00,2021-09-03,2021-09-02,0,-1,DIRECT_EVIDENCE,2021-09-03 13:30:00+00:00,validation,validation,I,2021-09-02,validation,1,1,False,True
JPY_GDP__20210908,JPY GDP,JPY GDP,2021-09-08 00:50:00+00:00,2021-09-08,2021-09-07,0,-1,DEDUCED_FROM_TIMING_BRACKET,2021-09-08 00:50:00+00:00,validation,validation,I,2021-09-07,validation,1,1,False,True
US_CPI__20210914,US CPI,US CPI,2021-09-14 13:30:00+00:00,2021-09-14,2021-09-13,0,-1,DEDUCED_FROM_TIMING_BRACKET,2021-09-14 13:30:00+00:00,validation,validation,I,2021-09-13,validation,1,1,False,True
BoJ__20210922,BoJ,BoJ,2021-09-22 03:49:00+00:00,2021-09-22,2021-09-21,0,-1,DIRECT_EVIDENCE,2021-09-22 03:49:00+00:00,validation,validation,I,2021-09-21,validation,1,1,False,True
FOMC__20210922,FOMC,FOMC,2021-09-22 19:00:00+00:00,2021-09-22,2021-09-22,0,0,DIRECT_EVIDENCE,2021-09-22 19:00:00+00:00,validation,validation,I,2021-09-22,validation,1,1,False,True
JPY_National_CPI__20210924,JPY National CPI,JPY National CPI,2021-09-24 00:30:00+00:00,2021-09-24,2021-09-23,0,-1,DEDUCED_FROM_TIMING_BRACKET,2021-09-24 00:30:00+00:00,validation,validation,I,2021-09-23,validation,1,1,False,True
US_Employment__20211008,US Employment,US Employment,2021-10-08 13:30:00+00:00,2021-10-08,2021-10-07,0,-1,DIRECT_EVIDENCE,2021-10-08 13:30:00+00:00,validation,validation,I,2021-10-07,validation,1,1,False,True
US_CPI__20211013,US CPI,US CPI,2021-10-13 13:30:00+00:00,2021-10-13,2021-10-12,0,-1,DEDUCED_FROM_TIMING_BRACKET,2021-10-13 13:30:00+00:00,validation,validation,I,2021-10-12,validation,1,1,False,True
JPY_National_CPI__20211022,JPY National CPI,JPY National CPI,2021-10-22 00:30:00+00:00,2021-10-22,2021-10-21,0,-1,DEDUCED_FROM_TIMING_BRACKET,2021-10-22 00:30:00+00:00,validation,validation,I,2021-10-21,validation,1,1,False,True
BoJ__20211028,BoJ,BoJ,2021-10-28 03:45:00+00:00,2021-10-28,2021-10-27,0,-1,DIRECT_EVIDENCE,2021-10-28 03:45:00+00:00,validation,validation,I,2021-10-27,validation,1,1,False,True
FOMC__20211103,FOMC,FOMC,2021-11-03 18:00:00+00:00,2021-11-03,2021-11-03,0,0,DIRECT_EVIDENCE,2021-11-03 18:00:00+00:00,validation,validation,I,2021-11-03,validation,1,1,False,True
US_Employment__20211105,US Employment,US Employment,2021-11-05 12:30:00+00:00,2021-11-05,2021-11-04,0,-1,DIRECT_EVIDENCE,2021-11-05 12:30:00+00:00,validation,validation,I,2021-11-04,validation,1,1,False,True
US_CPI__20211110,US CPI,US CPI,2021-11-10 13:30:00+00:00,2021-11-10,2021-11-09,0,-1,DEDUCED_FROM_TIMING_BRACKET,2021-11-10 13:30:00+00:00,validation,validation,I,2021-11-09,validation,1,1,False,True
JPY_GDP__20211115,JPY GDP,JPY GDP,2021-11-14 23:50:00+00:00,2021-11-15,2021-11-12,0,-1,DEDUCED_FROM_TIMING_BRACKET,2021-11-14 23:50:00+00:00,test,validation,I,2021-11-12,validation,1,1,False,True
JPY_National_CPI__20211119,JPY National CPI,JPY National CPI,2021-11-18 23:30:00+00:00,2021-11-19,2021-11-18,0,-1,DEDUCED_FROM_TIMING_BRACKET,2021-11-18 23:30:00+00:00,test,test,I,2021-11-18,test,1,1,False,True
US_Employment__20211203,US Employment,US Employment,2021-12-03 13:30:00+00:00,2021-12-03,2021-12-02,0,-1,DIRECT_EVIDENCE,2021-12-03 13:30:00+00:00,test,test,I,2021-12-02,test,1,1,False,True
JPY_GDP__20211208,JPY GDP,JPY GDP,2021-12-07 23:50:00+00:00,2021-12-08,2021-12-07,0,-1,DEDUCED_FROM_TIMING_BRACKET,2021-12-07 23:50:00+00:00,test,test,I,2021-12-07,test,1,1,False,True
US_CPI__20211210,US CPI,US CPI,2021-12-10 13:30:00+00:00,2021-12-10,2021-12-09,0,-1,DEDUCED_FROM_TIMING_BRACKET,2021-12-10 13:30:00+00:00,test,test,I,2021-12-09,test,1,1,False,True
FOMC__20211215,FOMC,FOMC,2021-12-15 19:00:00+00:00,2021-12-15,2021-12-15,0,0,DIRECT_EVIDENCE,2021-12-15 19:00:00+00:00,test,test,I,2021-12-15,test,1,1,False,True
BoJ__20211217,BoJ,BoJ,2021-12-17 02:57:00+00:00,2021-12-17,2021-12-16,0,-1,DIRECT_EVIDENCE,2021-12-17 02:57:00+00:00,test,test,I,2021-12-16,test,1,1,False,True
JPY_National_CPI__20211224,JPY National CPI,JPY National CPI,2021-12-23 23:30:00+00:00,2021-12-24,2021-12-23,0,-1,DEDUCED_FROM_TIMING_BRACKET,2021-12-23 23:30:00+00:00,test,test,I,2021-12-23,test,1,1,False,True
US_Employment__20220107,US Employment,US Employment,2022-01-07 13:30:00+00:00,2022-01-07,2022-01-06,0,-1,DIRECT_EVIDENCE,2022-01-07 13:30:00+00:00,test,test,I,2022-01-06,test,1,1,False,True
US_CPI__20220112,US CPI,US CPI,2022-01-12 13:30:00+00:00,2022-01-12,2022-01-11,0,-1,DEDUCED_FROM_TIMING_BRACKET,2022-01-12 13:30:00+00:00,test,test,I,2022-01-11,test,1,1,False,True
BoJ__20220118,BoJ,BoJ,2022-01-18 02:46:00+00:00,2022-01-18,2022-01-17,0,-1,DIRECT_EVIDENCE,2022-01-18 02:46:00+00:00,test,test,I,2022-01-17,test,1,1,False,True
JPY_National_CPI__20220121,JPY National CPI,JPY National CPI,2022-01-20 23:30:00+00:00,2022-01-21,2022-01-20,0,-1,DEDUCED_FROM_TIMING_BRACKET,2022-01-20 23:30:00+00:00,test,test,I,2022-01-20,test,1,1,False,True
FOMC__20220126,FOMC,FOMC,2022-01-26 19:00:00+00:00,2022-01-26,2022-01-26,0,0,DIRECT_EVIDENCE,2022-01-26 19:00:00+00:00,test,test,I,2022-01-26,test,1,1,False,True
US_Employment__20220204,US Employment,US Employment,2022-02-04 13:30:00+00:00,2022-02-04,2022-02-03,0,-1,DIRECT_EVIDENCE,2022-02-04 13:30:00+00:00,test,test,I,2022-02-03,test,1,1,False,True
US_CPI__20220210,US CPI,US CPI,2022-02-10 13:30:00+00:00,2022-02-10,2022-02-09,0,-1,DEDUCED_FROM_TIMING_BRACKET,2022-02-10 13:30:00+00:00,test,test,I,2022-02-09,test,1,1,False,True
JPY_GDP__20220215,JPY GDP,JPY GDP,2022-02-14 23:50:00+00:00,2022-02-15,2022-02-14,0,-1,DEDUCED_FROM_TIMING_BRACKET,2022-02-14 23:50:00+00:00,test,test,I,2022-02-14,test,1,1,False,True
JPY_National_CPI__20220218,JPY National CPI,JPY National CPI,2022-02-17 23:30:00+00:00,2022-02-18,2022-02-17,0,-1,DEDUCED_FROM_TIMING_BRACKET,2022-02-17 23:30:00+00:00,test,test,I,2022-02-17,test,1,1,False,True
US_Employment__20220304,US Employment,US Employment,2022-03-04 13:30:00+00:00,2022-03-04,2022-03-03,0,-1,DIRECT_EVIDENCE,2022-03-04 13:30:00+00:00,test,test,I,2022-03-03,test,1,1,False,True
JPY_GDP__20220309,JPY GDP,JPY GDP,2022-03-08 23:50:00+00:00,2022-03-09,2022-03-08,0,-1,DEDUCED_FROM_TIMING_BRACKET,2022-03-08 23:50:00+00:00,test,test,I,2022-03-08,test,1,1,False,True
US_CPI__20220310,US CPI,US CPI,2022-03-10 13:30:00+00:00,2022-03-10,2022-03-09,0,-1,DEDUCED_FROM_TIMING_BRACKET,2022-03-10 13:30:00+00:00,test,test,I,2022-03-09,test,1,1,False,True
FOMC__20220316,FOMC,FOMC,2022-03-16 18:00:00+00:00,2022-03-16,2022-03-16,0,0,DIRECT_EVIDENCE,2022-03-16 18:00:00+00:00,test,test,I,2022-03-16,test,1,1,False,True
BoJ__20220318,BoJ,BoJ,2022-03-18 02:51:00+00:00,2022-03-18,2022-03-17,0,-1,DIRECT_EVIDENCE,2022-03-18 02:51:00+00:00,test,test,I,2022-03-17,test,2,2,True,False
JPY_National_CPI__20220318,JPY National CPI,JPY National CPI,2022-03-17 23:30:00+00:00,2022-03-18,2022-03-17,0,-1,DEDUCED_FROM_TIMING_BRACKET,2022-03-17 23:30:00+00:00,test,test,I,2022-03-17,test,2,2,True,False
US_Employment__20220401,US Employment,US Employment,2022-04-01 13:30:00+00:00,2022-04-01,2022-03-31,0,-1,DIRECT_EVIDENCE,2022-04-01 13:30:00+00:00,test,test,I,2022-03-31,test,1,1,False,True
US_CPI__20220412,US CPI,US CPI,2022-04-12 13:30:00+00:00,2022-04-12,2022-04-11,0,-1,DEDUCED_FROM_TIMING_BRACKET,2022-04-12 13:30:00+00:00,test,test,I,2022-04-11,test,1,1,False,True
JPY_National_CPI__20220422,JPY National CPI,JPY National CPI,2022-04-22 00:30:00+00:00,2022-04-22,2022-04-21,0,-1,DEDUCED_FROM_TIMING_BRACKET,2022-04-22 00:30:00+00:00,test,test,I,2022-04-21,test,1,1,False,True
BoJ__20220428,BoJ,BoJ,2022-04-28 04:09:00+00:00,2022-04-28,2022-04-27,0,-1,DIRECT_EVIDENCE,2022-04-28 04:09:00+00:00,test,test,I,2022-04-27,test,1,1,False,True
FOMC__20220504,FOMC,FOMC,2022-05-04 19:00:00+00:00,2022-05-04,2022-05-04,0,0,DIRECT_EVIDENCE,2022-05-04 19:00:00+00:00,test,test,I,2022-05-04,test,1,1,False,True
US_Employment__20220506,US Employment,US Employment,2022-05-06 13:30:00+00:00,2022-05-06,2022-05-05,0,-1,DIRECT_EVIDENCE,2022-05-06 13:30:00+00:00,test,test,I,2022-05-05,test,1,1,False,True
US_CPI__20220511,US CPI,US CPI,2022-05-11 13:30:00+00:00,2022-05-11,2022-05-10,0,-1,DEDUCED_FROM_TIMING_BRACKET,2022-05-11 13:30:00+00:00,test,test,I,2022-05-10,test,1,1,False,True
JPY_GDP__20220518,JPY GDP,JPY GDP,2022-05-18 00:50:00+00:00,2022-05-18,2022-05-17,0,-1,DEDUCED_FROM_TIMING_BRACKET,2022-05-18 00:50:00+00:00,test,test,I,2022-05-17,test,1,1,False,True
JPY_National_CPI__20220520,JPY National CPI,JPY National CPI,2022-05-20 00:30:00+00:00,2022-05-20,2022-05-19,0,-1,DEDUCED_FROM_TIMING_BRACKET,2022-05-20 00:30:00+00:00,test,test,I,2022-05-19,test,1,1,False,True
US_Employment__20220603,US Employment,US Employment,2022-06-03 13:30:00+00:00,2022-06-03,2022-06-02,0,-1,DIRECT_EVIDENCE,2022-06-03 13:30:00+00:00,test,test,I,2022-06-02,test,1,1,False,True
JPY_GDP__20220608,JPY GDP,JPY GDP,2022-06-08 00:50:00+00:00,2022-06-08,2022-06-07,0,-1,DEDUCED_FROM_TIMING_BRACKET,2022-06-08 00:50:00+00:00,test,test,I,2022-06-07,test,1,1,False,True
US_CPI__20220610,US CPI,US CPI,2022-06-10 13:30:00+00:00,2022-06-10,2022-06-09,0,-1,DEDUCED_FROM_TIMING_BRACKET,2022-06-10 13:30:00+00:00,test,test,I,2022-06-09,test,1,1,False,True
FOMC__20220615,FOMC,FOMC,2022-06-15 19:00:00+00:00,2022-06-15,2022-06-15,0,0,DIRECT_EVIDENCE,2022-06-15 19:00:00+00:00,test,test,I,2022-06-15,test,1,1,False,True
BoJ__20220617,BoJ,BoJ,2022-06-17 03:43:00+00:00,2022-06-17,2022-06-16,0,-1,DIRECT_EVIDENCE,2022-06-17 03:43:00+00:00,test,test,I,2022-06-16,test,1,1,False,True
JPY_National_CPI__20220624,JPY National CPI,JPY National CPI,2022-06-24 00:30:00+00:00,2022-06-24,2022-06-23,0,-1,DEDUCED_FROM_TIMING_BRACKET,2022-06-24 00:30:00+00:00,test,test,I,2022-06-23,test,1,1,False,True
US_Employment__20220708,US Employment,US Employment,2022-07-08 13:30:00+00:00,2022-07-08,2022-07-07,0,-1,DIRECT_EVIDENCE,2022-07-08 13:30:00+00:00,test,test,I,2022-07-07,test,1,1,False,True
US_CPI__20220713,US CPI,US CPI,2022-07-13 13:30:00+00:00,2022-07-13,2022-07-12,0,-1,DEDUCED_FROM_TIMING_BRACKET,2022-07-13 13:30:00+00:00,test,test,I,2022-07-12,test,1,1,False,True
BoJ__20220721,BoJ,BoJ,2022-07-21 04:04:00+00:00,2022-07-21,2022-07-20,0,-1,DIRECT_EVIDENCE,2022-07-21 04:04:00+00:00,test,test,I,2022-07-20,test,1,1,False,True
JPY_National_CPI__20220722,JPY National CPI,JPY National CPI,2022-07-22 00:30:00+00:00,2022-07-22,2022-07-21,0,-1,DEDUCED_FROM_TIMING_BRACKET,2022-07-22 00:30:00+00:00,test,test,I,2022-07-21,test,1,1,False,True
FOMC__20220727,FOMC,FOMC,2022-07-27 19:00:00+00:00,2022-07-27,2022-07-27,0,0,DIRECT_EVIDENCE,2022-07-27 19:00:00+00:00,test,test,I,2022-07-27,test,1,1,False,True
US_Employment__20220805,US Employment,US Employment,2022-08-05 13:30:00+00:00,2022-08-05,2022-08-04,0,-1,DIRECT_EVIDENCE,2022-08-05 13:30:00+00:00,test,test,I,2022-08-04,test,1,1,False,True
US_CPI__20220810,US CPI,US CPI,2022-08-10 13:30:00+00:00,2022-08-10,2022-08-09,0,-1,DEDUCED_FROM_TIMING_BRACKET,2022-08-10 13:30:00+00:00,test,test,I,2022-08-09,test,1,1,False,True
JPY_GDP__20220815,JPY GDP,JPY GDP,2022-08-15 00:50:00+00:00,2022-08-15,2022-08-12,0,-1,DEDUCED_FROM_TIMING_BRACKET,2022-08-15 00:50:00+00:00,test,test,I,2022-08-12,test,1,1,False,True
JPY_National_CPI__20220819,JPY National CPI,JPY National CPI,2022-08-19 00:30:00+00:00,2022-08-19,2022-08-18,0,-1,DEDUCED_FROM_TIMING_BRACKET,2022-08-19 00:30:00+00:00,test,test,I,2022-08-18,test,1,1,False,True
US_Employment__20220902,US Employment,US Employment,2022-09-02 13:30:00+00:00,2022-09-02,2022-09-01,0,-1,DIRECT_EVIDENCE,2022-09-02 13:30:00+00:00,test,test,I,2022-09-01,test,1,1,False,True
JPY_GDP__20220908,JPY GDP,JPY GDP,2022-09-08 00:50:00+00:00,2022-09-08,2022-09-07,0,-1,DEDUCED_FROM_TIMING_BRACKET,2022-09-08 00:50:00+00:00,test,test,I,2022-09-07,test,1,1,False,True
US_CPI__20220913,US CPI,US CPI,2022-09-13 13:30:00+00:00,2022-09-13,2022-09-12,0,-1,DEDUCED_FROM_TIMING_BRACKET,2022-09-13 13:30:00+00:00,test,test,I,2022-09-12,test,1,1,False,True
JPY_National_CPI__20220920,JPY National CPI,JPY National CPI,2022-09-20 00:30:00+00:00,2022-09-20,2022-09-19,0,-1,DEDUCED_FROM_TIMING_BRACKET,2022-09-20 00:30:00+00:00,test,test,I,2022-09-19,test,1,1,False,True
BoJ__20220922,BoJ,BoJ,2022-09-22 03:51:00+00:00,2022-09-22,2022-09-21,0,-1,DIRECT_EVIDENCE,2022-09-22 03:51:00+00:00,test,test,I,2022-09-21,test,2,2,True,False
FOMC__20220921,FOMC,FOMC,2022-09-21 19:00:00+00:00,2022-09-21,2022-09-21,0,0,DIRECT_EVIDENCE,2022-09-21 19:00:00+00:00,test,test,I,2022-09-21,test,2,2,True,False
US_Employment__20221007,US Employment,US Employment,2022-10-07 13:30:00+00:00,2022-10-07,2022-10-06,0,-1,DIRECT_EVIDENCE,2022-10-07 13:30:00+00:00,test,test,I,2022-10-06,test,1,1,False,True
US_CPI__20221013,US CPI,US CPI,2022-10-13 13:30:00+00:00,2022-10-13,2022-10-12,0,-1,DEDUCED_FROM_TIMING_BRACKET,2022-10-13 13:30:00+00:00,test,test,I,2022-10-12,test,1,1,False,True
JPY_National_CPI__20221021,JPY National CPI,JPY National CPI,2022-10-21 00:30:00+00:00,2022-10-21,2022-10-20,0,-1,DEDUCED_FROM_TIMING_BRACKET,2022-10-21 00:30:00+00:00,test,test,I,2022-10-20,test,1,1,False,True
BoJ__20221028,BoJ,BoJ,2022-10-28 03:50:00+00:00,2022-10-28,2022-10-27,0,-1,DIRECT_EVIDENCE,2022-10-28 03:50:00+00:00,test,test,I,2022-10-27,test,1,1,False,True
FOMC__20221102,FOMC,FOMC,2022-11-02 18:00:00+00:00,2022-11-02,2022-11-02,0,0,DIRECT_EVIDENCE,2022-11-02 18:00:00+00:00,test,test,I,2022-11-02,test,1,1,False,True
US_Employment__20221104,US Employment,US Employment,2022-11-04 12:30:00+00:00,2022-11-04,2022-11-03,0,-1,DIRECT_EVIDENCE,2022-11-04 12:30:00+00:00,test,test,I,2022-11-03,test,1,1,False,True
US_CPI__20221110,US CPI,US CPI,2022-11-10 13:30:00+00:00,2022-11-10,2022-11-09,0,-1,DEDUCED_FROM_TIMING_BRACKET,2022-11-10 13:30:00+00:00,test,test,I,2022-11-09,test,1,1,False,True
JPY_GDP__20221115,JPY GDP,JPY GDP,2022-11-14 23:50:00+00:00,2022-11-15,2022-11-14,0,-1,DEDUCED_FROM_TIMING_BRACKET,2022-11-14 23:50:00+00:00,test,test,I,2022-11-14,test,1,1,False,True
JPY_National_CPI__20221118,JPY National CPI,JPY National CPI,2022-11-17 23:30:00+00:00,2022-11-18,2022-11-17,0,-1,DEDUCED_FROM_TIMING_BRACKET,2022-11-17 23:30:00+00:00,test,test,I,2022-11-17,test,1,1,False,True
US_Employment__20221202,US Employment,US Employment,2022-12-02 13:30:00+00:00,2022-12-02,2022-12-01,0,-1,DIRECT_EVIDENCE,2022-12-02 13:30:00+00:00,test,test,I,2022-12-01,test,1,1,False,True
JPY_GDP__20221208,JPY GDP,JPY GDP,2022-12-07 23:50:00+00:00,2022-12-08,2022-12-07,0,-1,DEDUCED_FROM_TIMING_BRACKET,2022-12-07 23:50:00+00:00,test,test,I,2022-12-07,test,1,1,False,True
US_CPI__20221213,US CPI,US CPI,2022-12-13 13:30:00+00:00,2022-12-13,2022-12-12,0,-1,DEDUCED_FROM_TIMING_BRACKET,2022-12-13 13:30:00+00:00,test,test,I,2022-12-12,test,1,1,False,True
FOMC__20221214,FOMC,FOMC,2022-12-14 19:00:00+00:00,2022-12-14,2022-12-14,0,0,DIRECT_EVIDENCE,2022-12-14 19:00:00+00:00,test,test,I,2022-12-14,test,1,1,False,True
BoJ__20221220,BoJ,BoJ,2022-12-20 03:01:00+00:00,2022-12-20,2022-12-19,0,-1,DIRECT_EVIDENCE,2022-12-20 03:01:00+00:00,test,test,I,2022-12-19,test,1,1,False,True
JPY_National_CPI__20221223,JPY National CPI,JPY National CPI,2022-12-22 23:30:00+00:00,2022-12-23,2022-12-22,0,-1,DEDUCED_FROM_TIMING_BRACKET,2022-12-22 23:30:00+00:00,test,test,I,2022-12-22,test,1,1,False,True
US_Employment__20230106,US Employment,US Employment,2023-01-06 13:30:00+00:00,2023-01-06,2023-01-05,0,-1,DIRECT_EVIDENCE,2023-01-06 13:30:00+00:00,test,test,I,2023-01-05,test,1,1,False,True
US_CPI__20230112,US CPI,US CPI,2023-01-12 13:30:00+00:00,2023-01-12,2023-01-11,0,-1,DEDUCED_FROM_TIMING_BRACKET,2023-01-12 13:30:00+00:00,test,test,I,2023-01-11,test,1,1,False,True
BoJ__20230118,BoJ,BoJ,2023-01-18 02:40:00+00:00,2023-01-18,2023-01-17,0,-1,DIRECT_EVIDENCE,2023-01-18 02:40:00+00:00,test,test,I,2023-01-17,test,1,1,False,True
JPY_National_CPI__20230120,JPY National CPI,JPY National CPI,2023-01-19 23:30:00+00:00,2023-01-20,2023-01-19,0,-1,DEDUCED_FROM_TIMING_BRACKET,2023-01-19 23:30:00+00:00,test,test,I,2023-01-19,test,1,1,False,True
FOMC__20230201,FOMC,FOMC,2023-02-01 19:00:00+00:00,2023-02-01,2023-02-01,0,0,DIRECT_EVIDENCE,2023-02-01 19:00:00+00:00,test,test,I,2023-02-01,test,1,1,False,True
US_Employment__20230203,US Employment,US Employment,2023-02-03 13:30:00+00:00,2023-02-03,2023-02-02,0,-1,DIRECT_EVIDENCE,2023-02-03 13:30:00+00:00,test,test,I,2023-02-02,test,1,1,False,True
JPY_GDP__20230214,JPY GDP,JPY GDP,2023-02-13 23:50:00+00:00,2023-02-14,2023-02-13,0,-1,DEDUCED_FROM_TIMING_BRACKET,2023-02-13 23:50:00+00:00,test,test,I,2023-02-13,test,2,2,True,False
US_CPI__20230214,US CPI,US CPI,2023-02-14 13:30:00+00:00,2023-02-14,2023-02-13,0,-1,DEDUCED_FROM_TIMING_BRACKET,2023-02-14 13:30:00+00:00,test,test,I,2023-02-13,test,2,2,True,False
JPY_National_CPI__20230224,JPY National CPI,JPY National CPI,2023-02-23 23:30:00+00:00,2023-02-24,2023-02-23,0,-1,DEDUCED_FROM_TIMING_BRACKET,2023-02-23 23:30:00+00:00,test,test,I,2023-02-23,test,1,1,False,True
JPY_GDP__20230309,JPY GDP,JPY GDP,2023-03-08 23:50:00+00:00,2023-03-09,2023-03-08,0,-1,DEDUCED_FROM_TIMING_BRACKET,2023-03-08 23:50:00+00:00,test,test,I,2023-03-08,test,1,1,False,True
BoJ__20230310,BoJ,BoJ,2023-03-10 02:30:00+00:00,2023-03-10,2023-03-09,0,-1,DIRECT_EVIDENCE,2023-03-10 02:30:00+00:00,test,test,I,2023-03-09,test,2,2,True,False
US_Employment__20230310,US Employment,US Employment,2023-03-10 13:30:00+00:00,2023-03-10,2023-03-09,0,-1,DIRECT_EVIDENCE,2023-03-10 13:30:00+00:00,test,test,I,2023-03-09,test,2,2,True,False
US_CPI__20230314,US CPI,US CPI,2023-03-14 12:30:00+00:00,2023-03-14,2023-03-13,0,-1,DEDUCED_FROM_TIMING_BRACKET,2023-03-14 12:30:00+00:00,test,test,I,2023-03-13,test,1,1,False,True
FOMC__20230322,FOMC,FOMC,2023-03-22 18:00:00+00:00,2023-03-22,2023-03-22,0,0,DIRECT_EVIDENCE,2023-03-22 18:00:00+00:00,test,test,I,2023-03-22,test,1,1,False,True
JPY_National_CPI__20230324,JPY National CPI,JPY National CPI,2023-03-23 23:30:00+00:00,2023-03-24,2023-03-23,0,-1,DEDUCED_FROM_TIMING_BRACKET,2023-03-23 23:30:00+00:00,test,test,I,2023-03-23,test,1,1,False,True
US_Employment__20230407,US Employment,US Employment,2023-04-07 13:30:00+00:00,2023-04-07,2023-04-06,0,-1,DIRECT_EVIDENCE,2023-04-07 13:30:00+00:00,test,test,I,2023-04-06,test,1,1,False,True
US_CPI__20230412,US CPI,US CPI,2023-04-12 13:30:00+00:00,2023-04-12,2023-04-11,0,-1,DEDUCED_FROM_TIMING_BRACKET,2023-04-12 13:30:00+00:00,test,test,I,2023-04-11,test,1,1,False,True
JPY_National_CPI__20230421,JPY National CPI,JPY National CPI,2023-04-21 00:30:00+00:00,2023-04-21,2023-04-20,0,-1,DEDUCED_FROM_TIMING_BRACKET,2023-04-21 00:30:00+00:00,test,test,I,2023-04-20,test,1,1,False,True
BoJ__20230428,BoJ,BoJ,2023-04-28 05:00:00+00:00,2023-04-28,2023-04-27,0,-1,DIRECT_EVIDENCE,2023-04-28 05:00:00+00:00,test,test,I,2023-04-27,test,1,1,False,True
FOMC__20230503,FOMC,FOMC,2023-05-03 19:00:00+00:00,2023-05-03,2023-05-03,0,0,DIRECT_EVIDENCE,2023-05-03 19:00:00+00:00,test,test,I,2023-05-03,test,1,1,False,True
US_Employment__20230505,US Employment,US Employment,2023-05-05 13:30:00+00:00,2023-05-05,2023-05-04,0,-1,DIRECT_EVIDENCE,2023-05-05 13:30:00+00:00,test,test,I,2023-05-04,test,1,1,False,True
US_CPI__20230510,US CPI,US CPI,2023-05-10 13:30:00+00:00,2023-05-10,2023-05-09,0,-1,DEDUCED_FROM_TIMING_BRACKET,2023-05-10 13:30:00+00:00,test,test,I,2023-05-09,test,1,1,False,True
JPY_GDP__20230517,JPY GDP,JPY GDP,2023-05-17 00:50:00+00:00,2023-05-17,2023-05-16,0,-1,DEDUCED_FROM_TIMING_BRACKET,2023-05-17 00:50:00+00:00,test,test,I,2023-05-16,test,1,1,False,True
JPY_National_CPI__20230519,JPY National CPI,JPY National CPI,2023-05-19 00:30:00+00:00,2023-05-19,2023-05-18,0,-1,DEDUCED_FROM_TIMING_BRACKET,2023-05-19 00:30:00+00:00,test,test,I,2023-05-18,test,1,1,False,True
US_Employment__20230602,US Employment,US Employment,2023-06-02 13:30:00+00:00,2023-06-02,2023-06-01,0,-1,DIRECT_EVIDENCE,2023-06-02 13:30:00+00:00,test,test,I,2023-06-01,test,1,1,False,True
JPY_GDP__20230608,JPY GDP,JPY GDP,2023-06-08 00:50:00+00:00,2023-06-08,2023-06-07,0,-1,DEDUCED_FROM_TIMING_BRACKET,2023-06-08 00:50:00+00:00,test,test,I,2023-06-07,test,1,1,False,True
US_CPI__20230613,US CPI,US CPI,2023-06-13 13:30:00+00:00,2023-06-13,2023-06-12,0,-1,DEDUCED_FROM_TIMING_BRACKET,2023-06-13 13:30:00+00:00,test,test,I,2023-06-12,test,1,1,False,True
FOMC__20230614,FOMC,FOMC,2023-06-14 19:00:00+00:00,2023-06-14,2023-06-14,0,0,DIRECT_EVIDENCE,2023-06-14 19:00:00+00:00,test,test,I,2023-06-14,test,1,1,False,True
BoJ__20230616,BoJ,BoJ,2023-06-16 03:47:00+00:00,2023-06-16,2023-06-15,0,-1,DIRECT_EVIDENCE,2023-06-16 03:47:00+00:00,test,test,I,2023-06-15,test,1,1,False,True
JPY_National_CPI__20230623,JPY National CPI,JPY National CPI,2023-06-23 00:30:00+00:00,2023-06-23,2023-06-22,0,-1,DEDUCED_FROM_TIMING_BRACKET,2023-06-23 00:30:00+00:00,test,test,I,2023-06-22,test,1,1,False,True
US_Employment__20230707,US Employment,US Employment,2023-07-07 13:30:00+00:00,2023-07-07,2023-07-06,0,-1,DIRECT_EVIDENCE,2023-07-07 13:30:00+00:00,test,test,I,2023-07-06,test,1,1,False,True
US_CPI__20230712,US CPI,US CPI,2023-07-12 13:30:00+00:00,2023-07-12,2023-07-11,0,-1,DEDUCED_FROM_TIMING_BRACKET,2023-07-12 13:30:00+00:00,test,test,I,2023-07-11,test,1,1,False,True
JPY_National_CPI__20230721,JPY National CPI,JPY National CPI,2023-07-21 00:30:00+00:00,2023-07-21,2023-07-20,0,-1,DEDUCED_FROM_TIMING_BRACKET,2023-07-21 00:30:00+00:00,test,test,I,2023-07-20,test,1,1,False,True
FOMC__20230726,FOMC,FOMC,2023-07-26 19:00:00+00:00,2023-07-26,2023-07-26,0,0,DIRECT_EVIDENCE,2023-07-26 19:00:00+00:00,test,test,I,2023-07-26,test,1,1,False,True
BoJ__20230728,BoJ,BoJ,2023-07-28 04:28:00+00:00,2023-07-28,2023-07-27,0,-1,DIRECT_EVIDENCE,2023-07-28 04:28:00+00:00,test,test,I,2023-07-27,test,1,1,False,True
US_Employment__20230804,US Employment,US Employment,2023-08-04 13:30:00+00:00,2023-08-04,2023-08-03,0,-1,DIRECT_EVIDENCE,2023-08-04 13:30:00+00:00,test,test,I,2023-08-03,test,1,1,False,True
US_CPI__20230810,US CPI,US CPI,2023-08-10 13:30:00+00:00,2023-08-10,2023-08-09,0,-1,DEDUCED_FROM_TIMING_BRACKET,2023-08-10 13:30:00+00:00,test,test,I,2023-08-09,test,1,1,False,True
JPY_GDP__20230815,JPY GDP,JPY GDP,2023-08-15 00:50:00+00:00,2023-08-15,2023-08-14,0,-1,DEDUCED_FROM_TIMING_BRACKET,2023-08-15 00:50:00+00:00,test,test,I,2023-08-14,test,1,1,False,True
JPY_National_CPI__20230818,JPY National CPI,JPY National CPI,2023-08-18 00:30:00+00:00,2023-08-18,2023-08-17,0,-1,DEDUCED_FROM_TIMING_BRACKET,2023-08-18 00:30:00+00:00,test,test,I,2023-08-17,test,1,1,False,True
US_Employment__20230901,US Employment,US Employment,2023-09-01 13:30:00+00:00,2023-09-01,2023-08-31,0,-1,DIRECT_EVIDENCE,2023-09-01 13:30:00+00:00,test,test,I,2023-08-31,test,1,1,False,True
JPY_GDP__20230908,JPY GDP,JPY GDP,2023-09-08 00:50:00+00:00,2023-09-08,2023-09-07,0,-1,DEDUCED_FROM_TIMING_BRACKET,2023-09-08 00:50:00+00:00,test,test,I,2023-09-07,test,1,1,False,True
US_CPI__20230913,US CPI,US CPI,2023-09-13 13:30:00+00:00,2023-09-13,2023-09-12,0,-1,DEDUCED_FROM_TIMING_BRACKET,2023-09-13 13:30:00+00:00,test,test,I,2023-09-12,test,1,1,False,True
FOMC__20230920,FOMC,FOMC,2023-09-20 19:00:00+00:00,2023-09-20,2023-09-20,0,0,DIRECT_EVIDENCE,2023-09-20 19:00:00+00:00,test,test,I,2023-09-20,test,1,1,False,True
BoJ__20230922,BoJ,BoJ,2023-09-22 03:52:00+00:00,2023-09-22,2023-09-21,0,-1,DIRECT_EVIDENCE,2023-09-22 03:52:00+00:00,test,test,I,2023-09-21,test,2,2,True,False
JPY_National_CPI__20230922,JPY National CPI,JPY National CPI,2023-09-22 00:30:00+00:00,2023-09-22,2023-09-21,0,-1,DEDUCED_FROM_TIMING_BRACKET,2023-09-22 00:30:00+00:00,test,test,I,2023-09-21,test,2,2,True,False
US_Employment__20231006,US Employment,US Employment,2023-10-06 13:30:00+00:00,2023-10-06,2023-10-05,0,-1,DIRECT_EVIDENCE,2023-10-06 13:30:00+00:00,test,test,I,2023-10-05,test,1,1,False,True
US_CPI__20231012,US CPI,US CPI,2023-10-12 13:30:00+00:00,2023-10-12,2023-10-11,0,-1,DEDUCED_FROM_TIMING_BRACKET,2023-10-12 13:30:00+00:00,test,test,I,2023-10-11,test,1,1,False,True
JPY_National_CPI__20231020,JPY National CPI,JPY National CPI,2023-10-20 00:30:00+00:00,2023-10-20,2023-10-19,0,-1,DEDUCED_FROM_TIMING_BRACKET,2023-10-20 00:30:00+00:00,test,test,I,2023-10-19,test,1,1,False,True
BoJ__20231031,BoJ,BoJ,2023-10-31 03:27:00+00:00,2023-10-31,2023-10-30,0,-1,DIRECT_EVIDENCE,2023-10-31 03:27:00+00:00,test,test,I,2023-10-30,test,1,1,False,True
FOMC__20231101,FOMC,FOMC,2023-11-01 18:00:00+00:00,2023-11-01,2023-11-01,0,0,DIRECT_EVIDENCE,2023-11-01 18:00:00+00:00,test,test,I,2023-11-01,test,1,1,False,True
US_Employment__20231103,US Employment,US Employment,2023-11-03 12:30:00+00:00,2023-11-03,2023-11-02,0,-1,DIRECT_EVIDENCE,2023-11-03 12:30:00+00:00,test,test,I,2023-11-02,test,1,1,False,True
US_CPI__20231114,US CPI,US CPI,2023-11-14 13:30:00+00:00,2023-11-14,2023-11-13,0,-1,DEDUCED_FROM_TIMING_BRACKET,2023-11-14 13:30:00+00:00,test,test,I,2023-11-13,test,1,1,False,True
JPY_GDP__20231115,JPY GDP,JPY GDP,2023-11-14 23:50:00+00:00,2023-11-15,2023-11-14,0,-1,DEDUCED_FROM_TIMING_BRACKET,2023-11-14 23:50:00+00:00,test,test,I,2023-11-14,test,1,1,False,True
JPY_National_CPI__20231124,JPY National CPI,JPY National CPI,2023-11-23 23:30:00+00:00,2023-11-24,2023-11-23,0,-1,DEDUCED_FROM_TIMING_BRACKET,2023-11-23 23:30:00+00:00,test,test,I,2023-11-23,test,1,1,False,True
JPY_GDP__20231208,JPY GDP,JPY GDP,2023-12-07 23:50:00+00:00,2023-12-08,2023-12-07,0,-1,DEDUCED_FROM_TIMING_BRACKET,2023-12-07 23:50:00+00:00,test,test,I,2023-12-07,test,2,2,True,False
US_Employment__20231208,US Employment,US Employment,2023-12-08 13:30:00+00:00,2023-12-08,2023-12-07,0,-1,DIRECT_EVIDENCE,2023-12-08 13:30:00+00:00,test,test,I,2023-12-07,test,2,2,True,False
US_CPI__20231212,US CPI,US CPI,2023-12-12 13:30:00+00:00,2023-12-12,2023-12-11,0,-1,DEDUCED_FROM_TIMING_BRACKET,2023-12-12 13:30:00+00:00,test,test,I,2023-12-11,test,1,1,False,True
FOMC__20231213,FOMC,FOMC,2023-12-13 19:00:00+00:00,2023-12-13,2023-12-13,0,0,DIRECT_EVIDENCE,2023-12-13 19:00:00+00:00,test,test,I,2023-12-13,test,1,1,False,True
BoJ__20231219,BoJ,BoJ,2023-12-19 02:49:00+00:00,2023-12-19,2023-12-18,0,-1,DIRECT_EVIDENCE,2023-12-19 02:49:00+00:00,test,test,I,2023-12-18,test,1,1,False,True
JPY_National_CPI__20231222,JPY National CPI,JPY National CPI,2023-12-21 23:30:00+00:00,2023-12-22,2023-12-21,0,-1,DEDUCED_FROM_TIMING_BRACKET,2023-12-21 23:30:00+00:00,test,test,I,2023-12-21,test,1,1,False,True
US_Employment__20240105,US Employment,US Employment,2024-01-05 13:30:00+00:00,2024-01-05,2024-01-04,0,-1,DIRECT_EVIDENCE,2024-01-05 13:30:00+00:00,test,test,I,2024-01-04,test,1,1,False,True
US_CPI__20240111,US CPI,US CPI,2024-01-11 13:30:00+00:00,2024-01-11,2024-01-10,0,-1,DEDUCED_FROM_TIMING_BRACKET,2024-01-11 13:30:00+00:00,test,test,I,2024-01-10,test,1,1,False,True
JPY_National_CPI__20240119,JPY National CPI,JPY National CPI,2024-01-18 23:30:00+00:00,2024-01-19,2024-01-18,0,-1,DEDUCED_FROM_TIMING_BRACKET,2024-01-18 23:30:00+00:00,test,test,I,2024-01-18,test,1,1,False,True
BoJ__20240123,BoJ,BoJ,2024-01-23 03:09:00+00:00,2024-01-23,2024-01-22,0,-1,DIRECT_EVIDENCE,2024-01-23 03:09:00+00:00,test,test,I,2024-01-22,test,1,1,False,True
FOMC__20240131,FOMC,FOMC,2024-01-31 19:00:00+00:00,2024-01-31,2024-01-31,0,0,DIRECT_EVIDENCE,2024-01-31 19:00:00+00:00,test,test,I,2024-01-31,test,1,1,False,True
US_Employment__20240202,US Employment,US Employment,2024-02-02 13:30:00+00:00,2024-02-02,2024-02-01,0,-1,DIRECT_EVIDENCE,2024-02-02 13:30:00+00:00,test,test,I,2024-02-01,test,1,1,False,True
US_CPI__20240213,US CPI,US CPI,2024-02-13 13:30:00+00:00,2024-02-13,2024-02-12,0,-1,DEDUCED_FROM_TIMING_BRACKET,2024-02-13 13:30:00+00:00,test,test,I,2024-02-12,test,1,1,False,True
JPY_GDP__20240215,JPY GDP,JPY GDP,2024-02-14 23:50:00+00:00,2024-02-15,2024-02-14,0,-1,DEDUCED_FROM_TIMING_BRACKET,2024-02-14 23:50:00+00:00,test,test,I,2024-02-14,test,1,1,False,True
JPY_National_CPI__20240227,JPY National CPI,JPY National CPI,2024-02-26 23:30:00+00:00,2024-02-27,2024-02-26,0,-1,DEDUCED_FROM_TIMING_BRACKET,2024-02-26 23:30:00+00:00,test,test,I,2024-02-26,test,1,1,False,True
US_Employment__20240308,US Employment,US Employment,2024-03-08 13:30:00+00:00,2024-03-08,2024-03-07,0,-1,DIRECT_EVIDENCE,2024-03-08 13:30:00+00:00,test,test,I,2024-03-07,test,1,1,False,True
JPY_GDP__20240311,JPY GDP,JPY GDP,2024-03-10 23:50:00+00:00,2024-03-11,2024-03-08,0,-1,DEDUCED_FROM_TIMING_BRACKET,2024-03-10 23:50:00+00:00,test,test,I,2024-03-08,test,1,1,False,True
US_CPI__20240312,US CPI,US CPI,2024-03-12 12:30:00+00:00,2024-03-12,2024-03-11,0,-1,DEDUCED_FROM_TIMING_BRACKET,2024-03-12 12:30:00+00:00,test,test,I,2024-03-11,test,1,1,False,True
BoJ__20240319,BoJ,BoJ,2024-03-19 03:36:00+00:00,2024-03-19,2024-03-18,0,-1,DIRECT_EVIDENCE,2024-03-19 03:36:00+00:00,test,test,I,2024-03-18,test,1,1,False,True
FOMC__20240320,FOMC,FOMC,2024-03-20 18:00:00+00:00,2024-03-20,2024-03-20,0,0,DIRECT_EVIDENCE,2024-03-20 18:00:00+00:00,test,test,I,2024-03-20,test,1,1,False,True
JPY_National_CPI__20240322,JPY National CPI,JPY National CPI,2024-03-21 23:30:00+00:00,2024-03-22,2024-03-21,0,-1,DEDUCED_FROM_TIMING_BRACKET,2024-03-21 23:30:00+00:00,test,test,I,2024-03-21,test,1,1,False,True
US_Employment__20240405,US Employment,US Employment,2024-04-05 13:30:00+00:00,2024-04-05,2024-04-04,0,-1,DIRECT_EVIDENCE,2024-04-05 13:30:00+00:00,test,test,I,2024-04-04,test,1,1,False,True
US_CPI__20240410,US CPI,US CPI,2024-04-10 13:30:00+00:00,2024-04-10,2024-04-09,0,-1,DEDUCED_FROM_TIMING_BRACKET,2024-04-10 13:30:00+00:00,test,test,I,2024-04-09,test,1,1,False,True
JPY_National_CPI__20240419,JPY National CPI,JPY National CPI,2024-04-19 00:30:00+00:00,2024-04-19,2024-04-18,0,-1,DEDUCED_FROM_TIMING_BRACKET,2024-04-19 00:30:00+00:00,test,test,I,2024-04-18,test,1,1,False,True
BoJ__20240426,BoJ,BoJ,2024-04-26 04:22:00+00:00,2024-04-26,2024-04-25,0,-1,DIRECT_EVIDENCE,2024-04-26 04:22:00+00:00,test,test,I,2024-04-25,test,1,1,False,True
FOMC__20240501,FOMC,FOMC,2024-05-01 19:00:00+00:00,2024-05-01,2024-05-01,0,0,DIRECT_EVIDENCE,2024-05-01 19:00:00+00:00,test,test,I,2024-05-01,test,1,1,False,True
US_Employment__20240503,US Employment,US Employment,2024-05-03 13:30:00+00:00,2024-05-03,2024-05-02,0,-1,DIRECT_EVIDENCE,2024-05-03 13:30:00+00:00,test,test,I,2024-05-02,test,1,1,False,True
US_CPI__20240515,US CPI,US CPI,2024-05-15 13:30:00+00:00,2024-05-15,2024-05-14,0,-1,DEDUCED_FROM_TIMING_BRACKET,2024-05-15 13:30:00+00:00,test,test,I,2024-05-14,test,1,1,False,True
JPY_GDP__20240516,JPY GDP,JPY GDP,2024-05-16 00:50:00+00:00,2024-05-16,2024-05-15,0,-1,DEDUCED_FROM_TIMING_BRACKET,2024-05-16 00:50:00+00:00,test,test,I,2024-05-15,test,1,1,False,True
JPY_National_CPI__20240524,JPY National CPI,JPY National CPI,2024-05-24 00:30:00+00:00,2024-05-24,2024-05-23,0,-1,DEDUCED_FROM_TIMING_BRACKET,2024-05-24 00:30:00+00:00,test,test,I,2024-05-23,test,1,1,False,True
US_Employment__20240607,US Employment,US Employment,2024-06-07 13:30:00+00:00,2024-06-07,2024-06-06,0,-1,DIRECT_EVIDENCE,2024-06-07 13:30:00+00:00,test,test,I,2024-06-06,test,1,1,False,True
JPY_GDP__20240610,JPY GDP,JPY GDP,2024-06-10 00:50:00+00:00,2024-06-10,2024-06-07,0,-1,DEDUCED_FROM_TIMING_BRACKET,2024-06-10 00:50:00+00:00,test,test,I,2024-06-07,test,1,1,False,True
US_CPI__20240612,US CPI,US CPI,2024-06-12 13:30:00+00:00,2024-06-12,2024-06-11,0,-1,DEDUCED_FROM_TIMING_BRACKET,2024-06-12 13:30:00+00:00,test,test,I,2024-06-11,test,1,1,False,True
FOMC__20240612,FOMC,FOMC,2024-06-12 19:00:00+00:00,2024-06-12,2024-06-12,0,0,DIRECT_EVIDENCE,2024-06-12 19:00:00+00:00,test,test,I,2024-06-12,test,1,1,False,True
BoJ__20240614,BoJ,BoJ,2024-06-14 04:23:00+00:00,2024-06-14,2024-06-13,0,-1,DIRECT_EVIDENCE,2024-06-14 04:23:00+00:00,test,test,I,2024-06-13,test,1,1,False,True
JPY_National_CPI__20240621,JPY National CPI,JPY National CPI,2024-06-21 00:30:00+00:00,2024-06-21,2024-06-20,0,-1,DEDUCED_FROM_TIMING_BRACKET,2024-06-21 00:30:00+00:00,test,test,I,2024-06-20,test,1,1,False,True
US_Employment__20240705,US Employment,US Employment,2024-07-05 13:30:00+00:00,2024-07-05,2024-07-04,0,-1,DIRECT_EVIDENCE,2024-07-05 13:30:00+00:00,test,test,I,2024-07-04,test,1,1,False,True
US_CPI__20240711,US CPI,US CPI,2024-07-11 13:30:00+00:00,2024-07-11,2024-07-10,0,-1,DEDUCED_FROM_TIMING_BRACKET,2024-07-11 13:30:00+00:00,test,test,I,2024-07-10,test,1,1,False,True
JPY_National_CPI__20240719,JPY National CPI,JPY National CPI,2024-07-19 00:30:00+00:00,2024-07-19,2024-07-18,0,-1,DEDUCED_FROM_TIMING_BRACKET,2024-07-19 00:30:00+00:00,test,test,I,2024-07-18,test,1,1,False,True
BoJ__20240731,BoJ,BoJ,2024-07-31 04:56:00.986000+00:00,2024-07-31,2024-07-30,0,-1,DIRECT_EVIDENCE,,test,test,I,2024-07-30,test,1,1,False,True
FOMC__20240731,FOMC,FOMC,2024-07-31 19:00:00+00:00,2024-07-31,2024-07-31,0,0,DIRECT_EVIDENCE,2024-07-31 19:00:00+00:00,test,test,I,2024-07-31,test,1,1,False,True
US_Employment__20240802,US Employment,US Employment,2024-08-02 13:30:00+00:00,2024-08-02,2024-08-01,0,-1,DIRECT_EVIDENCE,2024-08-02 13:30:00+00:00,test,test,I,2024-08-01,test,1,1,False,True
US_CPI__20240814,US CPI,US CPI,2024-08-14 13:30:00+00:00,2024-08-14,2024-08-13,0,-1,DEDUCED_FROM_TIMING_BRACKET,2024-08-14 13:30:00+00:00,test,test,I,2024-08-13,test,1,1,False,True
JPY_GDP__20240815,JPY GDP,JPY GDP,2024-08-15 00:50:00+00:00,2024-08-15,2024-08-14,0,-1,DEDUCED_FROM_TIMING_BRACKET,2024-08-15 00:50:00+00:00,test,test,I,2024-08-14,test,1,1,False,True
JPY_National_CPI__20240823,JPY National CPI,JPY National CPI,2024-08-23 00:30:00+00:00,2024-08-23,2024-08-22,0,-1,DEDUCED_FROM_TIMING_BRACKET,2024-08-23 00:30:00+00:00,test,test,I,2024-08-22,test,1,1,False,True
US_Employment__20240906,US Employment,US Employment,2024-09-06 13:30:00+00:00,2024-09-06,2024-09-05,0,-1,DIRECT_EVIDENCE,2024-09-06 13:30:00+00:00,test,test,I,2024-09-05,test,1,1,False,True
JPY_GDP__20240909,JPY GDP,JPY GDP,2024-09-09 00:50:00+00:00,2024-09-09,2024-09-06,0,-1,DEDUCED_FROM_TIMING_BRACKET,2024-09-09 00:50:00+00:00,test,test,I,2024-09-06,test,1,1,False,True
US_CPI__20240911,US CPI,US CPI,2024-09-11 13:30:00+00:00,2024-09-11,2024-09-10,0,-1,DEDUCED_FROM_TIMING_BRACKET,2024-09-11 13:30:00+00:00,test,test,I,2024-09-10,test,1,1,False,True
FOMC__20240918,FOMC,FOMC,2024-09-18 19:00:00+00:00,2024-09-18,2024-09-18,0,0,DIRECT_EVIDENCE,2024-09-18 19:00:00+00:00,test,test,I,2024-09-18,test,1,1,False,True
BoJ__20240920,BoJ,BoJ,2024-09-20 03:52:00+00:00,2024-09-20,2024-09-19,0,-1,DIRECT_EVIDENCE,2024-09-20 03:52:00+00:00,test,test,I,2024-09-19,test,2,2,True,False
JPY_National_CPI__20240920,JPY National CPI,JPY National CPI,2024-09-20 00:30:00+00:00,2024-09-20,2024-09-19,0,-1,DEDUCED_FROM_TIMING_BRACKET,2024-09-20 00:30:00+00:00,test,test,I,2024-09-19,test,2,2,True,False
US_Employment__20241004,US Employment,US Employment,2024-10-04 13:30:00+00:00,2024-10-04,2024-10-03,0,-1,DIRECT_EVIDENCE,2024-10-04 13:30:00+00:00,test,test,I,2024-10-03,test,1,1,False,True
US_CPI__20241010,US CPI,US CPI,2024-10-10 13:30:00+00:00,2024-10-10,2024-10-09,0,-1,DEDUCED_FROM_TIMING_BRACKET,2024-10-10 13:30:00+00:00,test,test,I,2024-10-09,test,1,1,False,True
JPY_National_CPI__20241018,JPY National CPI,JPY National CPI,2024-10-18 00:30:00+00:00,2024-10-18,2024-10-17,0,-1,DEDUCED_FROM_TIMING_BRACKET,2024-10-18 00:30:00+00:00,test,test,I,2024-10-17,test,1,1,False,True
BoJ__20241031,BoJ,BoJ,2024-10-31 02:48:00+00:00,2024-10-31,2024-10-30,0,-1,DIRECT_EVIDENCE,2024-10-31 02:48:00+00:00,test,test,I,2024-10-30,test,1,1,False,True
US_Employment__20241101,US Employment,US Employment,2024-11-01 12:30:00+00:00,2024-11-01,2024-10-31,0,-1,DIRECT_EVIDENCE,2024-11-01 12:30:00+00:00,test,test,I,2024-10-31,test,1,1,False,True
FOMC__20241107,FOMC,FOMC,2024-11-07 19:00:00+00:00,2024-11-07,2024-11-07,0,0,DIRECT_EVIDENCE,2024-11-07 19:00:00+00:00,test,test,I,2024-11-07,test,1,1,False,True
US_CPI__20241113,US CPI,US CPI,2024-11-13 13:30:00+00:00,2024-11-13,2024-11-12,0,-1,DEDUCED_FROM_TIMING_BRACKET,2024-11-13 13:30:00+00:00,test,test,I,2024-11-12,test,1,1,False,True
JPY_GDP__20241115,JPY GDP,JPY GDP,2024-11-14 23:50:00+00:00,2024-11-15,2024-11-14,0,-1,DEDUCED_FROM_TIMING_BRACKET,2024-11-14 23:50:00+00:00,test,test,I,2024-11-14,test,1,1,False,True
JPY_National_CPI__20241122,JPY National CPI,JPY National CPI,2024-11-21 23:30:00+00:00,2024-11-22,2024-11-21,0,-1,DEDUCED_FROM_TIMING_BRACKET,2024-11-21 23:30:00+00:00,test,test,I,2024-11-21,test,1,1,False,True
US_Employment__20241206,US Employment,US Employment,2024-12-06 13:30:00+00:00,2024-12-06,2024-12-05,0,-1,DIRECT_EVIDENCE,2024-12-06 13:30:00+00:00,test,test,I,2024-12-05,test,1,1,False,True
JPY_GDP__20241209,JPY GDP,JPY GDP,2024-12-08 23:50:00+00:00,2024-12-09,2024-12-06,0,-1,DEDUCED_FROM_TIMING_BRACKET,2024-12-08 23:50:00+00:00,test,test,I,2024-12-06,test,1,1,False,True
US_CPI__20241211,US CPI,US CPI,2024-12-11 13:30:00+00:00,2024-12-11,2024-12-10,0,-1,DEDUCED_FROM_TIMING_BRACKET,2024-12-11 13:30:00+00:00,test,test,I,2024-12-10,test,1,1,False,True
BoJ__20241219,BoJ,BoJ,2024-12-19 02:52:00+00:00,2024-12-19,2024-12-18,0,-1,DIRECT_EVIDENCE,2024-12-19 02:52:00+00:00,test,test,I,2024-12-18,test,2,2,True,False
FOMC__20241218,FOMC,FOMC,2024-12-18 19:00:00+00:00,2024-12-18,2024-12-18,0,0,DIRECT_EVIDENCE,2024-12-18 19:00:00+00:00,test,test,I,2024-12-18,test,2,2,True,False
JPY_National_CPI__20241220,JPY National CPI,JPY National CPI,2024-12-19 23:30:00+00:00,2024-12-20,2024-12-19,0,-1,DEDUCED_FROM_TIMING_BRACKET,2024-12-19 23:30:00+00:00,test,test,I,2024-12-19,test,1,1,False,True
US_Employment__20250110,US Employment,US Employment,2025-01-10 13:30:00+00:00,2025-01-10,2025-01-09,0,-1,DIRECT_EVIDENCE,2025-01-10 13:30:00+00:00,test,test,I,2025-01-09,test,1,1,False,True
US_CPI__20250115,US CPI,US CPI,2025-01-15 13:30:00+00:00,2025-01-15,2025-01-14,0,-1,DEDUCED_FROM_TIMING_BRACKET,2025-01-15 13:30:00+00:00,test,test,I,2025-01-14,test,1,1,False,True
BoJ__20250124,BoJ,BoJ,2025-01-24 03:23:00+00:00,2025-01-24,2025-01-23,0,-1,DIRECT_EVIDENCE,2025-01-24 03:23:00+00:00,test,test,I,2025-01-23,test,2,2,True,False
JPY_National_CPI__20250124,JPY National CPI,JPY National CPI,2025-01-23 23:30:00+00:00,2025-01-24,2025-01-23,0,-1,DEDUCED_FROM_TIMING_BRACKET,2025-01-23 23:30:00+00:00,test,test,I,2025-01-23,test,2,2,True,False
FOMC__20250129,FOMC,FOMC,2025-01-29 19:00:00+00:00,2025-01-29,2025-01-29,0,0,DIRECT_EVIDENCE,2025-01-29 19:00:00+00:00,test,test,I,2025-01-29,test,1,1,False,True
US_Employment__20250207,US Employment,US Employment,2025-02-07 13:30:00+00:00,2025-02-07,2025-02-06,0,-1,DIRECT_EVIDENCE,2025-02-07 13:30:00+00:00,test,test,I,2025-02-06,test,1,1,False,True
US_CPI__20250212,US CPI,US CPI,2025-02-12 13:30:00+00:00,2025-02-12,2025-02-11,0,-1,DEDUCED_FROM_TIMING_BRACKET,2025-02-12 13:30:00+00:00,test,test,I,2025-02-11,test,1,1,False,True
JPY_GDP__20250217,JPY GDP,JPY GDP,2025-02-16 23:50:00+00:00,2025-02-17,2025-02-14,0,-1,DEDUCED_FROM_TIMING_BRACKET,2025-02-16 23:50:00+00:00,test,test,I,2025-02-14,test,1,1,False,True
JPY_National_CPI__20250221,JPY National CPI,JPY National CPI,2025-02-20 23:30:00+00:00,2025-02-21,2025-02-20,0,-1,DEDUCED_FROM_TIMING_BRACKET,2025-02-20 23:30:00+00:00,test,test,I,2025-02-20,test,1,1,False,True
US_Employment__20250307,US Employment,US Employment,2025-03-07 13:30:00+00:00,2025-03-07,2025-03-06,0,-1,DIRECT_EVIDENCE,2025-03-07 13:30:00+00:00,test,test,I,2025-03-06,test,1,1,False,True
JPY_GDP__20250311,JPY GDP,JPY GDP,2025-03-10 23:50:00+00:00,2025-03-11,2025-03-10,0,-1,DEDUCED_FROM_TIMING_BRACKET,2025-03-10 23:50:00+00:00,test,test,I,2025-03-10,test,1,1,False,True
US_CPI__20250312,US CPI,US CPI,2025-03-12 12:30:00+00:00,2025-03-12,2025-03-11,0,-1,DEDUCED_FROM_TIMING_BRACKET,2025-03-12 12:30:00+00:00,test,test,I,2025-03-11,test,1,1,False,True
BoJ__20250319,BoJ,BoJ,2025-03-19 02:25:00+00:00,2025-03-19,2025-03-18,0,-1,DIRECT_EVIDENCE,2025-03-19 02:25:00+00:00,test,test,I,2025-03-18,test,1,1,False,True
FOMC__20250319,FOMC,FOMC,2025-03-19 18:00:00+00:00,2025-03-19,2025-03-19,0,0,DIRECT_EVIDENCE,2025-03-19 18:00:00+00:00,test,test,I,2025-03-19,test,1,1,False,True
JPY_National_CPI__20250321,JPY National CPI,JPY National CPI,2025-03-20 23:30:00+00:00,2025-03-21,2025-03-20,0,-1,DEDUCED_FROM_TIMING_BRACKET,2025-03-20 23:30:00+00:00,test,test,I,2025-03-20,test,1,1,False,True
US_Employment__20250404,US Employment,US Employment,2025-04-04 13:30:00+00:00,2025-04-04,2025-04-03,0,-1,DIRECT_EVIDENCE,2025-04-04 13:30:00+00:00,test,test,I,2025-04-03,test,1,1,False,True
US_CPI__20250410,US CPI,US CPI,2025-04-10 13:30:00+00:00,2025-04-10,2025-04-09,0,-1,DEDUCED_FROM_TIMING_BRACKET,2025-04-10 13:30:00+00:00,test,test,I,2025-04-09,test,1,1,False,True
JPY_National_CPI__20250418,JPY National CPI,JPY National CPI,2025-04-18 00:30:00+00:00,2025-04-18,2025-04-17,0,-1,DEDUCED_FROM_TIMING_BRACKET,2025-04-18 00:30:00+00:00,test,test,I,2025-04-17,test,1,1,False,True
BoJ__20250501,BoJ,BoJ,2025-05-01 04:02:00+00:00,2025-05-01,2025-04-30,0,-1,DIRECT_EVIDENCE,2025-05-01 04:02:00+00:00,test,test,I,2025-04-30,test,1,1,False,True
US_Employment__20250502,US Employment,US Employment,2025-05-02 13:30:00+00:00,2025-05-02,2025-05-01,0,-1,DIRECT_EVIDENCE,2025-05-02 13:30:00+00:00,test,test,I,2025-05-01,test,1,1,False,True
FOMC__20250507,FOMC,FOMC,2025-05-07 19:00:00+00:00,2025-05-07,2025-05-07,0,0,DIRECT_EVIDENCE,2025-05-07 19:00:00+00:00,test,test,I,2025-05-07,test,1,1,False,True
US_CPI__20250513,US CPI,US CPI,2025-05-13 13:30:00+00:00,2025-05-13,2025-05-12,0,-1,DEDUCED_FROM_TIMING_BRACKET,2025-05-13 13:30:00+00:00,test,test,I,2025-05-12,test,1,1,False,True
JPY_GDP__20250516,JPY GDP,JPY GDP,2025-05-16 00:50:00+00:00,2025-05-16,2025-05-15,0,-1,DEDUCED_FROM_TIMING_BRACKET,2025-05-16 00:50:00+00:00,test,test,I,2025-05-15,test,1,1,False,True
JPY_National_CPI__20250523,JPY National CPI,JPY National CPI,2025-05-23 00:30:00+00:00,2025-05-23,2025-05-22,0,-1,DEDUCED_FROM_TIMING_BRACKET,2025-05-23 00:30:00+00:00,test,test,I,2025-05-22,test,1,1,False,True
US_Employment__20250606,US Employment,US Employment,2025-06-06 13:30:00+00:00,2025-06-06,2025-06-05,0,-1,DIRECT_EVIDENCE,2025-06-06 13:30:00+00:00,test,test,I,2025-06-05,test,1,1,False,True
JPY_GDP__20250609,JPY GDP,JPY GDP,2025-06-09 00:50:00+00:00,2025-06-09,2025-06-06,0,-1,DEDUCED_FROM_TIMING_BRACKET,2025-06-09 00:50:00+00:00,test,test,I,2025-06-06,test,1,1,False,True
US_CPI__20250611,US CPI,US CPI,2025-06-11 13:30:00+00:00,2025-06-11,2025-06-10,0,-1,DEDUCED_FROM_TIMING_BRACKET,2025-06-11 13:30:00+00:00,test,test,I,2025-06-10,test,1,1,False,True
BoJ__20250617,BoJ,BoJ,2025-06-17 04:31:00+00:00,2025-06-17,2025-06-16,0,-1,DIRECT_EVIDENCE,2025-06-17 04:31:00+00:00,test,test,I,2025-06-16,test,1,1,False,True
FOMC__20250618,FOMC,FOMC,2025-06-18 19:00:00+00:00,2025-06-18,2025-06-18,0,0,DIRECT_EVIDENCE,2025-06-18 19:00:00+00:00,test,test,I,2025-06-18,test,1,1,False,True
JPY_National_CPI__20250620,JPY National CPI,JPY National CPI,2025-06-20 00:30:00+00:00,2025-06-20,2025-06-19,0,-1,DEDUCED_FROM_TIMING_BRACKET,2025-06-20 00:30:00+00:00,test,test,I,2025-06-19,test,1,1,False,True
US_Employment__20250703,US Employment,US Employment,2025-07-03 13:30:00+00:00,2025-07-03,2025-07-02,0,-1,DIRECT_EVIDENCE,2025-07-03 13:30:00+00:00,test,test,I,2025-07-02,test,1,1,False,True
US_CPI__20250715,US CPI,US CPI,2025-07-15 13:30:00+00:00,2025-07-15,2025-07-14,0,-1,DEDUCED_FROM_TIMING_BRACKET,2025-07-15 13:30:00+00:00,test,test,I,2025-07-14,test,1,1,False,True
JPY_National_CPI__20250718,JPY National CPI,JPY National CPI,2025-07-18 00:30:00+00:00,2025-07-18,2025-07-17,0,-1,DEDUCED_FROM_TIMING_BRACKET,2025-07-18 00:30:00+00:00,test,test,I,2025-07-17,test,1,1,False,True
BoJ__20250731,BoJ,BoJ,2025-07-31 03:57:00+00:00,2025-07-31,2025-07-30,0,-1,DIRECT_EVIDENCE,2025-07-31 03:57:00+00:00,test,test,I,2025-07-30,test,2,2,True,False
FOMC__20250730,FOMC,FOMC,2025-07-30 19:00:00+00:00,2025-07-30,2025-07-30,0,0,DIRECT_EVIDENCE,2025-07-30 19:00:00+00:00,test,test,I,2025-07-30,test,2,2,True,False
US_Employment__20250801,US Employment,US Employment,2025-08-01 13:30:00+00:00,2025-08-01,2025-07-31,0,-1,DIRECT_EVIDENCE,2025-08-01 13:30:00+00:00,test,test,I,2025-07-31,test,1,1,False,True
US_CPI__20250812,US CPI,US CPI,2025-08-12 13:30:00+00:00,2025-08-12,2025-08-11,0,-1,DEDUCED_FROM_TIMING_BRACKET,2025-08-12 13:30:00+00:00,test,test,I,2025-08-11,test,1,1,False,True
JPY_GDP__20250815,JPY GDP,JPY GDP,2025-08-15 00:50:00+00:00,2025-08-15,2025-08-14,0,-1,DEDUCED_FROM_TIMING_BRACKET,2025-08-15 00:50:00+00:00,test,test,I,2025-08-14,test,1,1,False,True
JPY_National_CPI__20250822,JPY National CPI,JPY National CPI,2025-08-22 00:30:00+00:00,2025-08-22,2025-08-21,0,-1,DEDUCED_FROM_TIMING_BRACKET,2025-08-22 00:30:00+00:00,test,test,I,2025-08-21,test,1,1,False,True
US_Employment__20250905,US Employment,US Employment,2025-09-05 13:30:00+00:00,2025-09-05,2025-09-04,0,-1,DIRECT_EVIDENCE,2025-09-05 13:30:00+00:00,test,test,I,2025-09-04,test,1,1,False,True
JPY_GDP__20250908,JPY GDP,JPY GDP,2025-09-08 00:50:00+00:00,2025-09-08,2025-09-05,0,-1,DEDUCED_FROM_TIMING_BRACKET,2025-09-08 00:50:00+00:00,test,test,I,2025-09-05,test,1,1,False,True
US_CPI__20250911,US CPI,US CPI,2025-09-11 13:30:00+00:00,2025-09-11,2025-09-10,0,-1,DEDUCED_FROM_TIMING_BRACKET,2025-09-11 13:30:00+00:00,test,test,I,2025-09-10,test,1,1,False,True
FOMC__20250917,FOMC,FOMC,2025-09-17 19:00:00+00:00,2025-09-17,2025-09-17,0,0,DIRECT_EVIDENCE,2025-09-17 19:00:00+00:00,test,test,I,2025-09-17,test,1,1,False,True
BoJ__20250919,BoJ,BoJ,2025-09-19 04:47:00+00:00,2025-09-19,2025-09-18,0,-1,DIRECT_EVIDENCE,2025-09-19 04:47:00+00:00,test,test,I,2025-09-18,test,2,2,True,False
JPY_National_CPI__20250919,JPY National CPI,JPY National CPI,2025-09-19 00:30:00+00:00,2025-09-19,2025-09-18,0,-1,DEDUCED_FROM_TIMING_BRACKET,2025-09-19 00:30:00+00:00,test,test,I,2025-09-18,test,2,2,True,False
JPY_National_CPI__20251024,JPY National CPI,JPY National CPI,2025-10-24 00:30:00+00:00,2025-10-24,2025-10-23,0,-1,DEDUCED_FROM_TIMING_BRACKET,2025-10-24 00:30:00+00:00,test,test,I,2025-10-23,test,2,2,True,False
US_CPI__20251024,US CPI,US CPI,2025-10-24 13:30:00+00:00,2025-10-24,2025-10-23,0,-1,DEDUCED_FROM_TIMING_BRACKET,2025-10-24 13:30:00+00:00,test,test,I,2025-10-23,test,2,2,True,False
BoJ__20251030,BoJ,BoJ,2025-10-30 03:15:00+00:00,2025-10-30,2025-10-29,0,-1,DIRECT_EVIDENCE,2025-10-30 03:15:00+00:00,test,test,I,2025-10-29,test,2,2,True,False
FOMC__20251029,FOMC,FOMC,2025-10-29 18:00:00+00:00,2025-10-29,2025-10-29,0,0,DIRECT_EVIDENCE,2025-10-29 18:00:00+00:00,test,test,I,2025-10-29,test,2,2,True,False
JPY_GDP__20251117,JPY GDP,JPY GDP,2025-11-16 23:50:00+00:00,2025-11-17,2025-11-14,0,-1,DEDUCED_FROM_TIMING_BRACKET,2025-11-16 23:50:00+00:00,test,test,I,2025-11-14,test,1,1,False,True
US_Employment__20251120,US Employment,US Employment,2025-11-20 13:30:00+00:00,2025-11-20,2025-11-19,0,-1,DIRECT_EVIDENCE,2025-11-20 13:30:00+00:00,test,test,I,2025-11-19,test,1,1,False,True
JPY_National_CPI__20251121,JPY National CPI,JPY National CPI,2025-11-20 23:30:00+00:00,2025-11-21,2025-11-20,0,-1,DEDUCED_FROM_TIMING_BRACKET,2025-11-20 23:30:00+00:00,test,test,I,2025-11-20,test,1,1,False,True
JPY_GDP__20251208,JPY GDP,JPY GDP,2025-12-07 23:50:00+00:00,2025-12-08,2025-12-05,0,-1,DEDUCED_FROM_TIMING_BRACKET,2025-12-07 23:50:00+00:00,test,test,I,2025-12-05,test,1,1,False,True
FOMC__20251210,FOMC,FOMC,2025-12-10 19:00:00+00:00,2025-12-10,2025-12-10,0,0,DIRECT_EVIDENCE,2025-12-10 19:00:00+00:00,test,test,I,2025-12-10,test,1,1,False,True
US_Employment__20251216,US Employment,US Employment,2025-12-16 13:30:00+00:00,2025-12-16,2025-12-15,0,-1,DIRECT_EVIDENCE,2025-12-16 13:30:00+00:00,test,test,I,2025-12-15,test,1,1,False,True
US_CPI__20251218,US CPI,US CPI,2025-12-18 13:30:00+00:00,2025-12-18,2025-12-17,0,-1,DEDUCED_FROM_TIMING_BRACKET,2025-12-18 13:30:00+00:00,test,test,I,2025-12-17,test,1,1,False,True
BoJ__20251219,BoJ,BoJ,2025-12-19 03:19:00+00:00,2025-12-19,2025-12-18,0,-1,DIRECT_EVIDENCE,2025-12-19 03:19:00+00:00,test,test,I,2025-12-18,test,2,2,True,False
JPY_National_CPI__20251219,JPY National CPI,JPY National CPI,2025-12-18 23:30:00+00:00,2025-12-19,2025-12-18,0,-1,DEDUCED_FROM_TIMING_BRACKET,2025-12-18 23:30:00+00:00,test,test,I,2025-12-18,test,2,2,True,False
US_Employment__20260109,US Employment,US Employment,2026-01-09 13:30:00+00:00,2026-01-09,2026-01-08,0,-1,DIRECT_EVIDENCE,2026-01-09 13:30:00+00:00,test,test,I,2026-01-08,test,1,1,False,True
US_CPI__20260113,US CPI,US CPI,2026-01-13 13:30:00+00:00,2026-01-13,2026-01-12,0,-1,DEDUCED_FROM_TIMING_BRACKET,2026-01-13 13:30:00+00:00,test,test,I,2026-01-12,test,1,1,False,True
BoJ__20260123,BoJ,BoJ,2026-01-23 03:07:00+00:00,2026-01-23,2026-01-22,0,-1,DIRECT_EVIDENCE,2026-01-23 03:07:00+00:00,test,test,I,2026-01-22,test,2,2,True,False
JPY_National_CPI__20260123,JPY National CPI,JPY National CPI,2026-01-22 23:30:00+00:00,2026-01-23,2026-01-22,0,-1,DEDUCED_FROM_TIMING_BRACKET,2026-01-22 23:30:00+00:00,test,test,I,2026-01-22,test,2,2,True,False
FOMC__20260128,FOMC,FOMC,2026-01-28 19:00:00+00:00,2026-01-28,2026-01-28,0,0,DIRECT_EVIDENCE,2026-01-28 19:00:00+00:00,test,test,I,2026-01-28,test,1,1,False,True
US_Employment__20260211,US Employment,US Employment,2026-02-11 13:30:00+00:00,2026-02-11,2026-02-10,0,-1,DIRECT_EVIDENCE,2026-02-11 13:30:00+00:00,test,test,I,2026-02-10,test,1,1,False,True
US_CPI__20260213,US CPI,US CPI,2026-02-13 13:30:00+00:00,2026-02-13,2026-02-12,0,-1,DEDUCED_FROM_TIMING_BRACKET,2026-02-13 13:30:00+00:00,test,test,I,2026-02-12,test,1,1,False,True
JPY_GDP__20260216,JPY GDP,JPY GDP,2026-02-15 23:50:00+00:00,2026-02-16,2026-02-13,0,-1,DEDUCED_FROM_TIMING_BRACKET,2026-02-15 23:50:00+00:00,test,test,I,2026-02-13,test,1,1,False,True
JPY_National_CPI__20260220,JPY National CPI,JPY National CPI,2026-02-19 23:30:00+00:00,2026-02-20,2026-02-19,0,-1,DEDUCED_FROM_TIMING_BRACKET,2026-02-19 23:30:00+00:00,test,test,I,2026-02-19,test,1,1,False,True
US_Employment__20260306,US Employment,US Employment,2026-03-06 13:30:00+00:00,2026-03-06,2026-03-05,0,-1,DIRECT_EVIDENCE,2026-03-06 13:30:00+00:00,test,test,I,2026-03-05,test,1,1,False,True
JPY_GDP__20260310,JPY GDP,JPY GDP,2026-03-09 23:50:00+00:00,2026-03-10,2026-03-09,0,-1,DEDUCED_FROM_TIMING_BRACKET,2026-03-09 23:50:00+00:00,test,test,I,2026-03-09,test,1,1,False,True
US_CPI__20260311,US CPI,US CPI,2026-03-11 12:30:00+00:00,2026-03-11,2026-03-10,0,-1,DEDUCED_FROM_TIMING_BRACKET,2026-03-11 12:30:00+00:00,test,test,I,2026-03-10,test,1,1,False,True
BoJ__20260319,BoJ,BoJ,2026-03-19 02:46:00+00:00,2026-03-19,2026-03-18,0,-1,DIRECT_EVIDENCE,2026-03-19 02:46:00+00:00,test,test,I,2026-03-18,test,2,2,True,False
FOMC__20260318,FOMC,FOMC,2026-03-18 18:00:00+00:00,2026-03-18,2026-03-18,0,0,DIRECT_EVIDENCE,2026-03-18 18:00:00+00:00,test,test,I,2026-03-18,test,2,2,True,False
JPY_National_CPI__20260324,JPY National CPI,JPY National CPI,2026-03-23 23:30:00+00:00,2026-03-24,2026-03-23,0,-1,DEDUCED_FROM_TIMING_BRACKET,2026-03-23 23:30:00+00:00,test,test,I,2026-03-23,test,1,1,False,True
US_Employment__20260403,US Employment,US Employment,2026-04-03 13:30:00+00:00,2026-04-03,2026-04-02,0,-1,DIRECT_EVIDENCE,2026-04-03 13:30:00+00:00,test,test,I,2026-04-02,test,1,1,False,True
US_CPI__20260410,US CPI,US CPI,2026-04-10 13:30:00+00:00,2026-04-10,2026-04-09,0,-1,DEDUCED_FROM_TIMING_BRACKET,2026-04-10 13:30:00+00:00,test,test,I,2026-04-09,test,1,1,False,True
JPY_National_CPI__20260424,JPY National CPI,JPY National CPI,2026-04-24 00:30:00+00:00,2026-04-24,2026-04-23,0,-1,DEDUCED_FROM_TIMING_BRACKET,2026-04-24 00:30:00+00:00,test,test,I,2026-04-23,test,1,1,False,True
BoJ__20260428,BoJ,BoJ,2026-04-28 04:04:00+00:00,2026-04-28,2026-04-27,0,-1,DIRECT_EVIDENCE,2026-04-28 04:04:00+00:00,test,test,I,2026-04-27,test,1,1,False,True
FOMC__20260429,FOMC,FOMC,2026-04-29 19:00:00+00:00,2026-04-29,2026-04-29,0,0,DIRECT_EVIDENCE,2026-04-29 19:00:00+00:00,test,test,I,2026-04-29,test,1,1,False,True
US_Employment__20260508,US Employment,US Employment,2026-05-08 13:30:00+00:00,2026-05-08,2026-05-07,0,-1,DIRECT_EVIDENCE,2026-05-08 13:30:00+00:00,test,test,I,2026-05-07,test,1,1,False,True
US_CPI__20260512,US CPI,US CPI,2026-05-12 13:30:00+00:00,2026-05-12,2026-05-11,0,-1,DEDUCED_FROM_TIMING_BRACKET,2026-05-12 13:30:00+00:00,test,test,I,2026-05-11,test,1,1,False,True
JPY_GDP__20260519,JPY GDP,JPY GDP,2026-05-19 00:50:00+00:00,2026-05-19,2026-05-18,0,-1,DEDUCED_FROM_TIMING_BRACKET,2026-05-19 00:50:00+00:00,test,test,I,2026-05-18,test,1,1,False,True
JPY_National_CPI__20260522,JPY National CPI,JPY National CPI,2026-05-22 00:30:00+00:00,2026-05-22,2026-05-21,0,-1,DEDUCED_FROM_TIMING_BRACKET,2026-05-22 00:30:00+00:00,test,test,I,2026-05-21,test,1,1,False,True
US_Employment__20260605,US Employment,US Employment,2026-06-05 13:30:00+00:00,2026-06-05,2026-06-04,0,-1,DIRECT_EVIDENCE,2026-06-05 13:30:00+00:00,test,test,I,2026-06-04,test,1,1,False,True
JPY_GDP__20260608,JPY GDP,JPY GDP,2026-06-08 00:50:00+00:00,2026-06-08,2026-06-05,0,-1,DEDUCED_FROM_TIMING_BRACKET,2026-06-08 00:50:00+00:00,test,test,I,2026-06-05,test,1,1,False,True
US_CPI__20260610,US CPI,US CPI,2026-06-10 13:30:00+00:00,2026-06-10,2026-06-09,0,-1,DEDUCED_FROM_TIMING_BRACKET,2026-06-10 13:30:00+00:00,test,test,I,2026-06-09,test,1,1,False,True
BoJ__20260616,BoJ,BoJ,2026-06-16 04:19:00+00:00,2026-06-16,2026-06-15,0,-1,DIRECT_EVIDENCE,2026-06-16 04:19:00+00:00,test,test,I,2026-06-15,test,1,1,False,True
FOMC__20260617,FOMC,FOMC,2026-06-17 19:00:00+00:00,2026-06-17,2026-06-17,0,0,DIRECT_EVIDENCE,2026-06-17 19:00:00+00:00,test,test,I,2026-06-17,test,1,1,False,True
JPY_National_CPI__20260619,JPY National CPI,JPY National CPI,2026-06-19 00:30:00+00:00,2026-06-19,2026-06-18,0,-1,DEDUCED_FROM_TIMING_BRACKET,2026-06-19 00:30:00+00:00,test,test,I,2026-06-18,test,1,1,False,True
JPY_National_CPI__20170331,JPY National CPI,JPY National CPI,2017-03-31 00:30:04+00:00,2017-03-31,2017-03-30,0,-1,DEDUCED_FROM_TIMING_BRACKET,2017-03-31 00:30:04+00:00,validation,validation,R,2017-03-31,validation,1,1,False,True
US_Employment__20170407,US Employment,US Employment,2017-04-07 13:30:01+00:00,2017-04-07,2017-04-06,0,-1,DIRECT_EVIDENCE,2017-04-07 13:30:01+00:00,validation,validation,R,2017-04-07,validation,1,1,False,True
US_CPI__20170414,US CPI,US CPI,2017-04-14 13:30:02+00:00,2017-04-14,2017-04-13,0,-1,DEDUCED_FROM_TIMING_BRACKET,2017-04-14 13:30:02+00:00,validation,validation,R,2017-04-14,validation,1,1,False,True
BoJ__20170427,BoJ,BoJ,2017-04-27 04:14:00+00:00,2017-04-27,2017-04-26,0,-1,DIRECT_EVIDENCE,2017-04-27 04:14:00+00:00,validation,validation,R,2017-04-27,validation,1,1,False,True
JPY_National_CPI__20170428,JPY National CPI,JPY National CPI,2017-04-28 00:30:04+00:00,2017-04-28,2017-04-27,0,-1,DEDUCED_FROM_TIMING_BRACKET,2017-04-28 00:30:04+00:00,validation,validation,R,2017-04-28,validation,1,1,False,True
FOMC__20170503,FOMC,FOMC,2017-05-03 19:00:00+00:00,2017-05-03,2017-05-03,0,0,DIRECT_EVIDENCE,2017-05-03 19:00:00+00:00,validation,validation,R,2017-05-03,validation,1,1,False,True
US_Employment__20170505,US Employment,US Employment,2017-05-05 13:30:01+00:00,2017-05-05,2017-05-04,0,-1,DIRECT_EVIDENCE,2017-05-05 13:30:01+00:00,validation,validation,R,2017-05-05,validation,1,1,False,True
US_CPI__20170512,US CPI,US CPI,2017-05-12 13:30:02+00:00,2017-05-12,2017-05-11,0,-1,DEDUCED_FROM_TIMING_BRACKET,2017-05-12 13:30:02+00:00,validation,validation,R,2017-05-12,validation,1,1,False,True
JPY_GDP__20170518,JPY GDP,JPY GDP,2017-05-18 00:50:01+00:00,2017-05-18,2017-05-17,0,-1,DEDUCED_FROM_TIMING_BRACKET,2017-05-18 00:50:01+00:00,validation,validation,R,2017-05-18,validation,1,1,False,True
JPY_National_CPI__20170526,JPY National CPI,JPY National CPI,2017-05-26 00:30:04+00:00,2017-05-26,2017-05-25,0,-1,DEDUCED_FROM_TIMING_BRACKET,2017-05-26 00:30:04+00:00,validation,validation,R,2017-05-26,validation,1,1,False,True
US_Employment__20170602,US Employment,US Employment,2017-06-02 13:30:01+00:00,2017-06-02,2017-06-01,0,-1,DIRECT_EVIDENCE,2017-06-02 13:30:01+00:00,validation,validation,R,2017-06-02,validation,1,1,False,True
JPY_GDP__20170608,JPY GDP,JPY GDP,2017-06-08 00:50:01+00:00,2017-06-08,2017-06-07,0,-1,DEDUCED_FROM_TIMING_BRACKET,2017-06-08 00:50:01+00:00,validation,validation,R,2017-06-08,validation,1,1,False,True
FOMC__20170614,FOMC,FOMC,2017-06-14 19:00:00+00:00,2017-06-14,2017-06-14,0,0,DIRECT_EVIDENCE,2017-06-14 19:00:00+00:00,validation,validation,R,2017-06-14,validation,2,2,True,False
US_CPI__20170614,US CPI,US CPI,2017-06-14 13:30:02+00:00,2017-06-14,2017-06-13,0,-1,DEDUCED_FROM_TIMING_BRACKET,2017-06-14 13:30:02+00:00,validation,validation,R,2017-06-14,validation,2,2,True,False
BoJ__20170616,BoJ,BoJ,2017-06-16 03:54:00+00:00,2017-06-16,2017-06-15,0,-1,DIRECT_EVIDENCE,2017-06-16 03:54:00+00:00,validation,validation,R,2017-06-16,validation,1,1,False,True
JPY_National_CPI__20170630,JPY National CPI,JPY National CPI,2017-06-30 00:30:04+00:00,2017-06-30,2017-06-29,0,-1,DEDUCED_FROM_TIMING_BRACKET,2017-06-30 00:30:04+00:00,validation,validation,R,2017-06-30,validation,1,1,False,True
US_Employment__20170707,US Employment,US Employment,2017-07-07 13:30:01+00:00,2017-07-07,2017-07-06,0,-1,DIRECT_EVIDENCE,2017-07-07 13:30:01+00:00,validation,validation,R,2017-07-07,validation,1,1,False,True
US_CPI__20170714,US CPI,US CPI,2017-07-14 13:30:02+00:00,2017-07-14,2017-07-13,0,-1,DEDUCED_FROM_TIMING_BRACKET,2017-07-14 13:30:02+00:00,validation,validation,R,2017-07-14,validation,1,1,False,True
BoJ__20170720,BoJ,BoJ,2017-07-20 04:10:00+00:00,2017-07-20,2017-07-19,0,-1,DIRECT_EVIDENCE,2017-07-20 04:10:00+00:00,validation,validation,R,2017-07-20,validation,1,1,False,True
FOMC__20170726,FOMC,FOMC,2017-07-26 19:00:00+00:00,2017-07-26,2017-07-26,0,0,DIRECT_EVIDENCE,2017-07-26 19:00:00+00:00,validation,validation,R,2017-07-26,validation,1,1,False,True
JPY_National_CPI__20170728,JPY National CPI,JPY National CPI,2017-07-28 00:30:04+00:00,2017-07-28,2017-07-27,0,-1,DEDUCED_FROM_TIMING_BRACKET,2017-07-28 00:30:04+00:00,validation,validation,R,2017-07-28,validation,1,1,False,True
US_Employment__20170804,US Employment,US Employment,2017-08-04 13:30:01+00:00,2017-08-04,2017-08-03,0,-1,DIRECT_EVIDENCE,2017-08-04 13:30:01+00:00,validation,validation,R,2017-08-04,validation,1,1,False,True
US_CPI__20170811,US CPI,US CPI,2017-08-11 13:30:02+00:00,2017-08-11,2017-08-10,0,-1,DEDUCED_FROM_TIMING_BRACKET,2017-08-11 13:30:02+00:00,validation,validation,R,2017-08-11,validation,1,1,False,True
JPY_GDP__20170814,JPY GDP,JPY GDP,2017-08-14 00:50:01+00:00,2017-08-14,2017-08-11,0,-1,DEDUCED_FROM_TIMING_BRACKET,2017-08-14 00:50:01+00:00,validation,validation,R,2017-08-14,validation,1,1,False,True
JPY_National_CPI__20170825,JPY National CPI,JPY National CPI,2017-08-25 00:30:04+00:00,2017-08-25,2017-08-24,0,-1,DEDUCED_FROM_TIMING_BRACKET,2017-08-25 00:30:04+00:00,validation,validation,R,2017-08-25,validation,1,1,False,True
US_Employment__20170901,US Employment,US Employment,2017-09-01 13:30:01+00:00,2017-09-01,2017-08-31,0,-1,DIRECT_EVIDENCE,2017-09-01 13:30:01+00:00,validation,validation,R,2017-09-01,validation,1,1,False,True
JPY_GDP__20170908,JPY GDP,JPY GDP,2017-09-08 00:50:04+00:00,2017-09-08,2017-09-07,0,-1,DEDUCED_FROM_TIMING_BRACKET,2017-09-08 00:50:04+00:00,validation,validation,R,2017-09-08,validation,1,1,False,True
US_CPI__20170914,US CPI,US CPI,2017-09-14 13:30:03+00:00,2017-09-14,2017-09-13,0,-1,DEDUCED_FROM_TIMING_BRACKET,2017-09-14 13:30:03+00:00,validation,validation,R,2017-09-14,validation,1,1,False,True
FOMC__20170920,FOMC,FOMC,2017-09-20 19:00:00+00:00,2017-09-20,2017-09-20,0,0,DIRECT_EVIDENCE,2017-09-20 19:00:00+00:00,validation,validation,R,2017-09-20,validation,1,1,False,True
BoJ__20170921,BoJ,BoJ,2017-09-21 04:15:00+00:00,2017-09-21,2017-09-20,0,-1,DIRECT_EVIDENCE,2017-09-21 04:15:00+00:00,validation,validation,R,2017-09-21,validation,1,1,False,True
JPY_National_CPI__20170929,JPY National CPI,JPY National CPI,2017-09-29 00:30:04+00:00,2017-09-29,2017-09-28,0,-1,DEDUCED_FROM_TIMING_BRACKET,2017-09-29 00:30:04+00:00,validation,validation,R,2017-09-29,validation,1,1,False,True
US_Employment__20171006,US Employment,US Employment,2017-10-06 13:30:01+00:00,2017-10-06,2017-10-05,0,-1,DIRECT_EVIDENCE,2017-10-06 13:30:01+00:00,validation,validation,R,2017-10-06,validation,1,1,False,True
US_CPI__20171013,US CPI,US CPI,2017-10-13 13:30:03+00:00,2017-10-13,2017-10-12,0,-1,DEDUCED_FROM_TIMING_BRACKET,2017-10-13 13:30:03+00:00,validation,validation,R,2017-10-13,validation,1,1,False,True
JPY_National_CPI__20171027,JPY National CPI,JPY National CPI,2017-10-27 00:30:04+00:00,2017-10-27,2017-10-26,0,-1,DEDUCED_FROM_TIMING_BRACKET,2017-10-27 00:30:04+00:00,validation,validation,R,2017-10-27,validation,1,1,False,True
BoJ__20171031,BoJ,BoJ,2017-10-31 03:05:00+00:00,2017-10-31,2017-10-30,0,-1,DIRECT_EVIDENCE,2017-10-31 03:05:00+00:00,validation,validation,R,2017-10-31,validation,1,1,False,True
FOMC__20171101,FOMC,FOMC,2017-11-01 18:00:00+00:00,2017-11-01,2017-11-01,0,0,DIRECT_EVIDENCE,2017-11-01 18:00:00+00:00,validation,validation,R,2017-11-01,validation,1,1,False,True
US_Employment__20171103,US Employment,US Employment,2017-11-03 12:30:01+00:00,2017-11-03,2017-11-02,0,-1,DIRECT_EVIDENCE,2017-11-03 12:30:01+00:00,validation,validation,R,2017-11-03,validation,1,1,False,True
JPY_GDP__20171115,JPY GDP,JPY GDP,2017-11-14 23:50:04+00:00,2017-11-15,2017-11-14,0,-1,DEDUCED_FROM_TIMING_BRACKET,2017-11-14 23:50:04+00:00,validation,validation,R,2017-11-15,validation,2,2,True,False
US_CPI__20171115,US CPI,US CPI,2017-11-15 13:30:01+00:00,2017-11-15,2017-11-14,0,-1,DEDUCED_FROM_TIMING_BRACKET,2017-11-15 13:30:01+00:00,validation,validation,R,2017-11-15,validation,2,2,True,False
JPY_National_CPI__20171201,JPY National CPI,JPY National CPI,2017-11-30 23:30:04+00:00,2017-12-01,2017-11-30,0,-1,DEDUCED_FROM_TIMING_BRACKET,2017-11-30 23:30:04+00:00,validation,validation,R,2017-12-01,validation,1,1,False,True
JPY_GDP__20171208,JPY GDP,JPY GDP,2017-12-07 23:50:04+00:00,2017-12-08,2017-12-07,0,-1,DEDUCED_FROM_TIMING_BRACKET,2017-12-07 23:50:04+00:00,validation,validation,R,2017-12-08,validation,2,2,True,False
US_Employment__20171208,US Employment,US Employment,2017-12-08 13:30:01+00:00,2017-12-08,2017-12-07,0,-1,DIRECT_EVIDENCE,2017-12-08 13:30:01+00:00,validation,validation,R,2017-12-08,validation,2,2,True,False
FOMC__20171213,FOMC,FOMC,2017-12-13 19:00:00+00:00,2017-12-13,2017-12-13,0,0,DIRECT_EVIDENCE,2017-12-13 19:00:00+00:00,validation,validation,R,2017-12-13,validation,2,2,True,False
US_CPI__20171213,US CPI,US CPI,2017-12-13 13:30:01+00:00,2017-12-13,2017-12-12,0,-1,DEDUCED_FROM_TIMING_BRACKET,2017-12-13 13:30:01+00:00,validation,validation,R,2017-12-13,validation,2,2,True,False
BoJ__20171221,BoJ,BoJ,2017-12-21 02:46:00+00:00,2017-12-21,2017-12-20,0,-1,DIRECT_EVIDENCE,2017-12-21 02:46:00+00:00,validation,validation,R,2017-12-21,validation,1,1,False,True
JPY_National_CPI__20171226,JPY National CPI,JPY National CPI,2017-12-25 23:30:04+00:00,2017-12-26,2017-12-25,0,-1,DEDUCED_FROM_TIMING_BRACKET,2017-12-25 23:30:04+00:00,validation,validation,R,2017-12-26,validation,1,1,False,True
US_Employment__20180105,US Employment,US Employment,2018-01-05 13:30:02+00:00,2018-01-05,2018-01-04,0,-1,DIRECT_EVIDENCE,2018-01-05 13:30:02+00:00,validation,validation,R,2018-01-05,validation,1,1,False,True
US_CPI__20180112,US CPI,US CPI,2018-01-12 13:30:01+00:00,2018-01-12,2018-01-11,0,-1,DEDUCED_FROM_TIMING_BRACKET,2018-01-12 13:30:01+00:00,validation,validation,R,2018-01-12,validation,1,1,False,True
BoJ__20180123,BoJ,BoJ,2018-01-23 03:14:00+00:00,2018-01-23,2018-01-22,0,-1,DIRECT_EVIDENCE,2018-01-23 03:14:00+00:00,validation,validation,R,2018-01-23,validation,1,1,False,True
JPY_National_CPI__20180126,JPY National CPI,JPY National CPI,2018-01-25 23:30:04+00:00,2018-01-26,2018-01-25,0,-1,DEDUCED_FROM_TIMING_BRACKET,2018-01-25 23:30:04+00:00,validation,validation,R,2018-01-26,validation,1,1,False,True
FOMC__20180131,FOMC,FOMC,2018-01-31 19:00:00+00:00,2018-01-31,2018-01-31,0,0,DIRECT_EVIDENCE,2018-01-31 19:00:00+00:00,validation,validation,R,2018-01-31,validation,1,1,False,True
US_Employment__20180202,US Employment,US Employment,2018-02-02 13:30:02+00:00,2018-02-02,2018-02-01,0,-1,DIRECT_EVIDENCE,2018-02-02 13:30:02+00:00,validation,validation,R,2018-02-02,validation,1,1,False,True
JPY_GDP__20180214,JPY GDP,JPY GDP,2018-02-13 23:50:04+00:00,2018-02-14,2018-02-13,0,-1,DEDUCED_FROM_TIMING_BRACKET,2018-02-13 23:50:04+00:00,validation,validation,R,2018-02-14,validation,2,2,True,False
US_CPI__20180214,US CPI,US CPI,2018-02-14 13:30:01+00:00,2018-02-14,2018-02-13,0,-1,DEDUCED_FROM_TIMING_BRACKET,2018-02-14 13:30:01+00:00,validation,validation,R,2018-02-14,validation,2,2,True,False
JPY_National_CPI__20180223,JPY National CPI,JPY National CPI,2018-02-22 23:30:04+00:00,2018-02-23,2018-02-22,0,-1,DEDUCED_FROM_TIMING_BRACKET,2018-02-22 23:30:04+00:00,validation,validation,R,2018-02-23,validation,1,1,False,True
JPY_GDP__20180308,JPY GDP,JPY GDP,2018-03-07 23:50:08+00:00,2018-03-08,2018-03-07,0,-1,DEDUCED_FROM_TIMING_BRACKET,2018-03-07 23:50:08+00:00,validation,validation,R,2018-03-08,validation,1,1,False,True
BoJ__20180309,BoJ,BoJ,2018-03-09 02:46:00+00:00,2018-03-09,2018-03-08,0,-1,DIRECT_EVIDENCE,2018-03-09 02:46:00+00:00,validation,validation,R,2018-03-09,validation,2,2,True,False
US_Employment__20180309,US Employment,US Employment,2018-03-09 13:30:02+00:00,2018-03-09,2018-03-08,0,-1,DIRECT_EVIDENCE,2018-03-09 13:30:02+00:00,validation,validation,R,2018-03-09,validation,2,2,True,False
US_CPI__20180313,US CPI,US CPI,2018-03-13 12:30:01+00:00,2018-03-13,2018-03-12,0,-1,DEDUCED_FROM_TIMING_BRACKET,2018-03-13 12:30:01+00:00,validation,validation,R,2018-03-13,validation,1,1,False,True
FOMC__20180321,FOMC,FOMC,2018-03-21 18:00:00+00:00,2018-03-21,2018-03-21,0,0,DIRECT_EVIDENCE,2018-03-21 18:00:00+00:00,validation,validation,R,2018-03-21,validation,1,1,False,True
JPY_National_CPI__20180323,JPY National CPI,JPY National CPI,2018-03-22 23:30:04+00:00,2018-03-23,2018-03-22,0,-1,DEDUCED_FROM_TIMING_BRACKET,2018-03-22 23:30:04+00:00,validation,validation,R,2018-03-23,validation,1,1,False,True
US_Employment__20180406,US Employment,US Employment,2018-04-06 13:30:02+00:00,2018-04-06,2018-04-05,0,-1,DIRECT_EVIDENCE,2018-04-06 13:30:02+00:00,validation,validation,R,2018-04-06,validation,1,1,False,True
US_CPI__20180411,US CPI,US CPI,2018-04-11 13:30:01+00:00,2018-04-11,2018-04-10,0,-1,DEDUCED_FROM_TIMING_BRACKET,2018-04-11 13:30:01+00:00,validation,validation,R,2018-04-11,validation,1,1,False,True
JPY_National_CPI__20180420,JPY National CPI,JPY National CPI,2018-04-20 00:30:00+00:00,2018-04-20,2018-04-19,0,-1,DEDUCED_FROM_TIMING_BRACKET,2018-04-20 00:30:00+00:00,validation,validation,R,2018-04-20,validation,1,1,False,True
BoJ__20180427,BoJ,BoJ,2018-04-27 04:03:00+00:00,2018-04-27,2018-04-26,0,-1,DIRECT_EVIDENCE,2018-04-27 04:03:00+00:00,validation,validation,R,2018-04-27,validation,1,1,False,True
FOMC__20180502,FOMC,FOMC,2018-05-02 19:00:00+00:00,2018-05-02,2018-05-02,0,0,DIRECT_EVIDENCE,2018-05-02 19:00:00+00:00,validation,validation,R,2018-05-02,validation,1,1,False,True
US_Employment__20180504,US Employment,US Employment,2018-05-04 13:30:02+00:00,2018-05-04,2018-05-03,0,-1,DIRECT_EVIDENCE,2018-05-04 13:30:02+00:00,validation,validation,R,2018-05-04,validation,1,1,False,True
US_CPI__20180510,US CPI,US CPI,2018-05-10 13:30:03+00:00,2018-05-10,2018-05-09,0,-1,DEDUCED_FROM_TIMING_BRACKET,2018-05-10 13:30:03+00:00,validation,validation,R,2018-05-10,validation,1,1,False,True
JPY_GDP__20180516,JPY GDP,JPY GDP,2018-05-16 00:50:08+00:00,2018-05-16,2018-05-15,0,-1,DEDUCED_FROM_TIMING_BRACKET,2018-05-16 00:50:08+00:00,validation,validation,R,2018-05-16,validation,1,1,False,True
JPY_National_CPI__20180518,JPY National CPI,JPY National CPI,2018-05-18 00:30:00+00:00,2018-05-18,2018-05-17,0,-1,DEDUCED_FROM_TIMING_BRACKET,2018-05-18 00:30:00+00:00,validation,validation,R,2018-05-18,validation,1,1,False,True
US_Employment__20180601,US Employment,US Employment,2018-06-01 13:30:02+00:00,2018-06-01,2018-05-31,0,-1,DIRECT_EVIDENCE,2018-06-01 13:30:02+00:00,validation,validation,R,2018-06-01,validation,1,1,False,True
JPY_GDP__20180608,JPY GDP,JPY GDP,2018-06-08 00:50:08+00:00,2018-06-08,2018-06-07,0,-1,DEDUCED_FROM_TIMING_BRACKET,2018-06-08 00:50:08+00:00,validation,validation,R,2018-06-08,validation,1,1,False,True
US_CPI__20180612,US CPI,US CPI,2018-06-12 13:30:03+00:00,2018-06-12,2018-06-11,0,-1,DEDUCED_FROM_TIMING_BRACKET,2018-06-12 13:30:03+00:00,validation,validation,R,2018-06-12,validation,1,1,False,True
FOMC__20180613,FOMC,FOMC,2018-06-13 19:00:00+00:00,2018-06-13,2018-06-13,0,0,DIRECT_EVIDENCE,2018-06-13 19:00:00+00:00,validation,validation,R,2018-06-13,validation,1,1,False,True
BoJ__20180615,BoJ,BoJ,2018-06-15 03:41:00+00:00,2018-06-15,2018-06-14,0,-1,DIRECT_EVIDENCE,2018-06-15 03:41:00+00:00,validation,validation,R,2018-06-15,validation,1,1,False,True
JPY_National_CPI__20180622,JPY National CPI,JPY National CPI,2018-06-22 00:30:00+00:00,2018-06-22,2018-06-21,0,-1,DEDUCED_FROM_TIMING_BRACKET,2018-06-22 00:30:00+00:00,validation,validation,R,2018-06-22,validation,1,1,False,True
US_Employment__20180706,US Employment,US Employment,2018-07-06 13:30:02+00:00,2018-07-06,2018-07-05,0,-1,DIRECT_EVIDENCE,2018-07-06 13:30:02+00:00,validation,validation,R,2018-07-06,validation,1,1,False,True
US_CPI__20180712,US CPI,US CPI,2018-07-12 13:30:03+00:00,2018-07-12,2018-07-11,0,-1,DEDUCED_FROM_TIMING_BRACKET,2018-07-12 13:30:03+00:00,validation,validation,R,2018-07-12,validation,1,1,False,True
JPY_National_CPI__20180720,JPY National CPI,JPY National CPI,2018-07-20 00:30:00+00:00,2018-07-20,2018-07-19,0,-1,DEDUCED_FROM_TIMING_BRACKET,2018-07-20 00:30:00+00:00,validation,validation,R,2018-07-20,validation,1,1,False,True
BoJ__20180731,BoJ,BoJ,2018-07-31 05:03:00+00:00,2018-07-31,2018-07-30,0,-1,DIRECT_EVIDENCE,2018-07-31 05:03:00+00:00,validation,validation,R,2018-07-31,validation,1,1,False,True
FOMC__20180801,FOMC,FOMC,2018-08-01 19:00:00+00:00,2018-08-01,2018-08-01,0,0,DIRECT_EVIDENCE,2018-08-01 19:00:00+00:00,validation,validation,R,2018-08-01,validation,1,1,False,True
US_Employment__20180803,US Employment,US Employment,2018-08-03 13:30:02+00:00,2018-08-03,2018-08-02,0,-1,DIRECT_EVIDENCE,2018-08-03 13:30:02+00:00,validation,validation,R,2018-08-03,validation,1,1,False,True
JPY_GDP__20180810,JPY GDP,JPY GDP,2018-08-10 00:50:00+00:00,2018-08-10,2018-08-09,0,-1,DEDUCED_FROM_TIMING_BRACKET,2018-08-10 00:50:00+00:00,validation,validation,R,2018-08-10,validation,2,2,True,False
US_CPI__20180810,US CPI,US CPI,2018-08-10 13:30:03+00:00,2018-08-10,2018-08-09,0,-1,DEDUCED_FROM_TIMING_BRACKET,2018-08-10 13:30:03+00:00,validation,validation,R,2018-08-10,validation,2,2,True,False
JPY_National_CPI__20180824,JPY National CPI,JPY National CPI,2018-08-24 00:30:00+00:00,2018-08-24,2018-08-23,0,-1,DEDUCED_FROM_TIMING_BRACKET,2018-08-24 00:30:00+00:00,validation,validation,R,2018-08-24,validation,1,1,False,True
US_Employment__20180907,US Employment,US Employment,2018-09-07 13:30:02+00:00,2018-09-07,2018-09-06,0,-1,DIRECT_EVIDENCE,2018-09-07 13:30:02+00:00,validation,validation,R,2018-09-07,validation,1,1,False,True
JPY_GDP__20180910,JPY GDP,JPY GDP,2018-09-10 00:50:00+00:00,2018-09-10,2018-09-07,0,-1,DEDUCED_FROM_TIMING_BRACKET,2018-09-10 00:50:00+00:00,validation,validation,R,2018-09-10,validation,1,1,False,True
US_CPI__20180913,US CPI,US CPI,2018-09-13 13:30:01+00:00,2018-09-13,2018-09-12,0,-1,DEDUCED_FROM_TIMING_BRACKET,2018-09-13 13:30:01+00:00,validation,validation,R,2018-09-13,validation,1,1,False,True
BoJ__20180919,BoJ,BoJ,2018-09-19 03:47:00+00:00,2018-09-19,2018-09-18,0,-1,DIRECT_EVIDENCE,2018-09-19 03:47:00+00:00,validation,validation,R,2018-09-19,validation,1,1,False,True
JPY_National_CPI__20180921,JPY National CPI,JPY National CPI,2018-09-21 00:30:00+00:00,2018-09-21,2018-09-20,0,-1,DEDUCED_FROM_TIMING_BRACKET,2018-09-21 00:30:00+00:00,validation,validation,R,2018-09-21,validation,1,1,False,True
FOMC__20180926,FOMC,FOMC,2018-09-26 19:00:00+00:00,2018-09-26,2018-09-26,0,0,DIRECT_EVIDENCE,2018-09-26 19:00:00+00:00,validation,validation,R,2018-09-26,validation,1,1,False,True
US_Employment__20181005,US Employment,US Employment,2018-10-05 13:30:02+00:00,2018-10-05,2018-10-04,0,-1,DIRECT_EVIDENCE,2018-10-05 13:30:02+00:00,validation,validation,R,2018-10-05,validation,1,1,False,True
US_CPI__20181011,US CPI,US CPI,2018-10-11 13:30:01+00:00,2018-10-11,2018-10-10,0,-1,DEDUCED_FROM_TIMING_BRACKET,2018-10-11 13:30:01+00:00,validation,validation,R,2018-10-11,validation,1,1,False,True
JPY_National_CPI__20181019,JPY National CPI,JPY National CPI,2018-10-19 00:30:00+00:00,2018-10-19,2018-10-18,0,-1,DEDUCED_FROM_TIMING_BRACKET,2018-10-19 00:30:00+00:00,validation,validation,R,2018-10-19,validation,1,1,False,True
BoJ__20181031,BoJ,BoJ,2018-10-31 03:08:00+00:00,2018-10-31,2018-10-30,0,-1,DIRECT_EVIDENCE,2018-10-31 03:08:00+00:00,validation,validation,R,2018-10-31,validation,1,1,False,True
US_Employment__20181102,US Employment,US Employment,2018-11-02 12:30:02+00:00,2018-11-02,2018-11-01,0,-1,DIRECT_EVIDENCE,2018-11-02 12:30:02+00:00,validation,validation,R,2018-11-02,validation,1,1,False,True
FOMC__20181108,FOMC,FOMC,2018-11-08 19:00:00+00:00,2018-11-08,2018-11-08,0,0,DIRECT_EVIDENCE,2018-11-08 19:00:00+00:00,validation,validation,R,2018-11-08,validation,1,1,False,True
JPY_GDP__20181114,JPY GDP,JPY GDP,2018-11-13 23:50:00+00:00,2018-11-14,2018-11-13,0,-1,DEDUCED_FROM_TIMING_BRACKET,2018-11-13 23:50:00+00:00,validation,validation,R,2018-11-14,validation,2,2,True,False
US_CPI__20181114,US CPI,US CPI,2018-11-14 13:30:01+00:00,2018-11-14,2018-11-13,0,-1,DEDUCED_FROM_TIMING_BRACKET,2018-11-14 13:30:01+00:00,validation,validation,R,2018-11-14,validation,2,2,True,False
JPY_National_CPI__20181122,JPY National CPI,JPY National CPI,2018-11-21 23:30:00+00:00,2018-11-22,2018-11-21,0,-1,DEDUCED_FROM_TIMING_BRACKET,2018-11-21 23:30:00+00:00,validation,validation,R,2018-11-22,validation,1,1,False,True
US_Employment__20181207,US Employment,US Employment,2018-12-07 13:30:02+00:00,2018-12-07,2018-12-06,0,-1,DIRECT_EVIDENCE,2018-12-07 13:30:02+00:00,validation,validation,R,2018-12-07,validation,1,1,False,True
JPY_GDP__20181210,JPY GDP,JPY GDP,2018-12-09 23:50:00+00:00,2018-12-10,2018-12-07,0,-1,DEDUCED_FROM_TIMING_BRACKET,2018-12-09 23:50:00+00:00,validation,validation,R,2018-12-10,validation,1,1,False,True
US_CPI__20181212,US CPI,US CPI,2018-12-12 13:30:01+00:00,2018-12-12,2018-12-11,0,-1,DEDUCED_FROM_TIMING_BRACKET,2018-12-12 13:30:01+00:00,validation,validation,R,2018-12-12,validation,1,1,False,True
FOMC__20181219,FOMC,FOMC,2018-12-19 19:00:00+00:00,2018-12-19,2018-12-19,0,0,DIRECT_EVIDENCE,2018-12-19 19:00:00+00:00,validation,validation,R,2018-12-19,validation,1,1,False,True
BoJ__20181220,BoJ,BoJ,2018-12-20 02:52:00+00:00,2018-12-20,2018-12-19,0,-1,DIRECT_EVIDENCE,2018-12-20 02:52:00+00:00,validation,validation,R,2018-12-20,validation,1,1,False,True
JPY_National_CPI__20181221,JPY National CPI,JPY National CPI,2018-12-20 23:30:00+00:00,2018-12-21,2018-12-20,0,-1,DEDUCED_FROM_TIMING_BRACKET,2018-12-20 23:30:00+00:00,validation,validation,R,2018-12-21,validation,1,1,False,True
US_Employment__20190104,US Employment,US Employment,2019-01-04 13:30:01+00:00,2019-01-04,2019-01-03,0,-1,DIRECT_EVIDENCE,2019-01-04 13:30:01+00:00,validation,validation,R,2019-01-04,validation,1,1,False,True
US_CPI__20190111,US CPI,US CPI,2019-01-11 13:30:01+00:00,2019-01-11,2019-01-10,0,-1,DEDUCED_FROM_TIMING_BRACKET,2019-01-11 13:30:01+00:00,validation,validation,R,2019-01-11,validation,1,1,False,True
JPY_National_CPI__20190118,JPY National CPI,JPY National CPI,2019-01-17 23:30:00+00:00,2019-01-18,2019-01-17,0,-1,DEDUCED_FROM_TIMING_BRACKET,2019-01-17 23:30:00+00:00,validation,validation,R,2019-01-18,validation,1,1,False,True
BoJ__20190123,BoJ,BoJ,2019-01-23 02:59:00+00:00,2019-01-23,2019-01-22,0,-1,DIRECT_EVIDENCE,2019-01-23 02:59:00+00:00,validation,validation,R,2019-01-23,validation,1,1,False,True
FOMC__20190130,FOMC,FOMC,2019-01-30 19:00:00+00:00,2019-01-30,2019-01-30,0,0,DIRECT_EVIDENCE,2019-01-30 19:00:00+00:00,validation,validation,R,2019-01-30,validation,1,1,False,True
US_Employment__20190201,US Employment,US Employment,2019-02-01 13:30:01+00:00,2019-02-01,2019-01-31,0,-1,DIRECT_EVIDENCE,2019-02-01 13:30:01+00:00,validation,validation,R,2019-02-01,validation,1,1,False,True
US_CPI__20190213,US CPI,US CPI,2019-02-13 13:30:01+00:00,2019-02-13,2019-02-12,0,-1,DEDUCED_FROM_TIMING_BRACKET,2019-02-13 13:30:01+00:00,validation,validation,R,2019-02-13,validation,1,1,False,True
JPY_GDP__20190214,JPY GDP,JPY GDP,2019-02-13 23:50:00+00:00,2019-02-14,2019-02-13,0,-1,DEDUCED_FROM_TIMING_BRACKET,2019-02-13 23:50:00+00:00,validation,validation,R,2019-02-14,validation,1,1,False,True
JPY_National_CPI__20190222,JPY National CPI,JPY National CPI,2019-02-21 23:30:00+00:00,2019-02-22,2019-02-21,0,-1,DEDUCED_FROM_TIMING_BRACKET,2019-02-21 23:30:00+00:00,validation,validation,R,2019-02-22,validation,1,1,False,True
JPY_GDP__20190308,JPY GDP,JPY GDP,2019-03-07 23:50:00+00:00,2019-03-08,2019-03-07,0,-1,DEDUCED_FROM_TIMING_BRACKET,2019-03-07 23:50:00+00:00,validation,validation,R,2019-03-08,validation,2,2,True,False
US_Employment__20190308,US Employment,US Employment,2019-03-08 13:30:05+00:00,2019-03-08,2019-03-07,0,-1,DIRECT_EVIDENCE,2019-03-08 13:30:05+00:00,validation,validation,R,2019-03-08,validation,2,2,True,False
US_CPI__20190312,US CPI,US CPI,2019-03-12 12:30:01+00:00,2019-03-12,2019-03-11,0,-1,DEDUCED_FROM_TIMING_BRACKET,2019-03-12 12:30:01+00:00,validation,validation,R,2019-03-12,validation,1,1,False,True
BoJ__20190315,BoJ,BoJ,2019-03-15 02:39:00+00:00,2019-03-15,2019-03-14,0,-1,DIRECT_EVIDENCE,2019-03-15 02:39:00+00:00,validation,validation,R,2019-03-15,validation,1,1,False,True
FOMC__20190320,FOMC,FOMC,2019-03-20 18:00:00+00:00,2019-03-20,2019-03-20,0,0,DIRECT_EVIDENCE,2019-03-20 18:00:00+00:00,validation,validation,R,2019-03-20,validation,1,1,False,True
JPY_National_CPI__20190322,JPY National CPI,JPY National CPI,2019-03-21 23:30:00+00:00,2019-03-22,2019-03-21,0,-1,DEDUCED_FROM_TIMING_BRACKET,2019-03-21 23:30:00+00:00,validation,validation,R,2019-03-22,validation,1,1,False,True
US_Employment__20190405,US Employment,US Employment,2019-04-05 13:30:05+00:00,2019-04-05,2019-04-04,0,-1,DIRECT_EVIDENCE,2019-04-05 13:30:05+00:00,validation,validation,R,2019-04-05,validation,1,1,False,True
US_CPI__20190410,US CPI,US CPI,2019-04-10 13:30:01+00:00,2019-04-10,2019-04-09,0,-1,DEDUCED_FROM_TIMING_BRACKET,2019-04-10 13:30:01+00:00,validation,validation,R,2019-04-10,validation,1,1,False,True
JPY_National_CPI__20190419,JPY National CPI,JPY National CPI,2019-04-19 00:30:00+00:00,2019-04-19,2019-04-18,0,-1,DEDUCED_FROM_TIMING_BRACKET,2019-04-19 00:30:00+00:00,validation,validation,R,2019-04-19,validation,1,1,False,True
BoJ__20190425,BoJ,BoJ,2019-04-25 04:27:00+00:00,2019-04-25,2019-04-24,0,-1,DIRECT_EVIDENCE,2019-04-25 04:27:00+00:00,validation,validation,R,2019-04-25,validation,1,1,False,True
FOMC__20190501,FOMC,FOMC,2019-05-01 19:00:00+00:00,2019-05-01,2019-05-01,0,0,DIRECT_EVIDENCE,2019-05-01 19:00:00+00:00,validation,validation,R,2019-05-01,validation,1,1,False,True
US_Employment__20190503,US Employment,US Employment,2019-05-03 13:30:01+00:00,2019-05-03,2019-05-02,0,-1,DIRECT_EVIDENCE,2019-05-03 13:30:01+00:00,validation,validation,R,2019-05-03,validation,1,1,False,True
US_CPI__20190510,US CPI,US CPI,2019-05-10 13:30:01+00:00,2019-05-10,2019-05-09,0,-1,DEDUCED_FROM_TIMING_BRACKET,2019-05-10 13:30:01+00:00,validation,validation,R,2019-05-10,validation,1,1,False,True
JPY_GDP__20190520,JPY GDP,JPY GDP,2019-05-20 00:50:01+00:00,2019-05-20,2019-05-17,0,-1,DEDUCED_FROM_TIMING_BRACKET,2019-05-20 00:50:01+00:00,validation,validation,R,2019-05-20,validation,1,1,False,True
JPY_National_CPI__20190524,JPY National CPI,JPY National CPI,2019-05-24 00:30:00+00:00,2019-05-24,2019-05-23,0,-1,DEDUCED_FROM_TIMING_BRACKET,2019-05-24 00:30:00+00:00,validation,validation,R,2019-05-24,validation,1,1,False,True
US_Employment__20190607,US Employment,US Employment,2019-06-07 13:30:01+00:00,2019-06-07,2019-06-06,0,-1,DIRECT_EVIDENCE,2019-06-07 13:30:01+00:00,validation,validation,R,2019-06-07,validation,1,1,False,True
JPY_GDP__20190610,JPY GDP,JPY GDP,2019-06-10 00:50:04+00:00,2019-06-10,2019-06-07,0,-1,DEDUCED_FROM_TIMING_BRACKET,2019-06-10 00:50:04+00:00,validation,validation,R,2019-06-10,validation,1,1,False,True
US_CPI__20190612,US CPI,US CPI,2019-06-12 13:30:01+00:00,2019-06-12,2019-06-11,0,-1,DEDUCED_FROM_TIMING_BRACKET,2019-06-12 13:30:01+00:00,validation,validation,R,2019-06-12,validation,1,1,False,True
FOMC__20190619,FOMC,FOMC,2019-06-19 19:00:00+00:00,2019-06-19,2019-06-19,0,0,DIRECT_EVIDENCE,2019-06-19 19:00:00+00:00,validation,validation,R,2019-06-19,validation,1,1,False,True
BoJ__20190620,BoJ,BoJ,2019-06-20 03:45:00+00:00,2019-06-20,2019-06-19,0,-1,DIRECT_EVIDENCE,2019-06-20 03:45:00+00:00,validation,validation,R,2019-06-20,validation,1,1,False,True
JPY_National_CPI__20190621,JPY National CPI,JPY National CPI,2019-06-21 00:30:00+00:00,2019-06-21,2019-06-20,0,-1,DEDUCED_FROM_TIMING_BRACKET,2019-06-21 00:30:00+00:00,validation,validation,R,2019-06-21,validation,1,1,False,True
US_Employment__20190705,US Employment,US Employment,2019-07-05 13:30:01+00:00,2019-07-05,2019-07-04,0,-1,DIRECT_EVIDENCE,2019-07-05 13:30:01+00:00,validation,validation,R,2019-07-05,validation,1,1,False,True
US_CPI__20190711,US CPI,US CPI,2019-07-11 13:30:01+00:00,2019-07-11,2019-07-10,0,-1,DEDUCED_FROM_TIMING_BRACKET,2019-07-11 13:30:01+00:00,validation,validation,R,2019-07-11,validation,1,1,False,True
JPY_National_CPI__20190719,JPY National CPI,JPY National CPI,2019-07-19 00:30:00+00:00,2019-07-19,2019-07-18,0,-1,DEDUCED_FROM_TIMING_BRACKET,2019-07-19 00:30:00+00:00,validation,validation,R,2019-07-19,validation,1,1,False,True
BoJ__20190730,BoJ,BoJ,2019-07-30 03:55:00+00:00,2019-07-30,2019-07-29,0,-1,DIRECT_EVIDENCE,2019-07-30 03:55:00+00:00,validation,validation,R,2019-07-30,validation,1,1,False,True
FOMC__20190731,FOMC,FOMC,2019-07-31 19:00:00+00:00,2019-07-31,2019-07-31,0,0,DIRECT_EVIDENCE,2019-07-31 19:00:00+00:00,validation,validation,R,2019-07-31,validation,1,1,False,True
US_Employment__20190802,US Employment,US Employment,2019-08-02 13:30:01+00:00,2019-08-02,2019-08-01,0,-1,DIRECT_EVIDENCE,2019-08-02 13:30:01+00:00,validation,validation,R,2019-08-02,validation,1,1,False,True
JPY_GDP__20190809,JPY GDP,JPY GDP,2019-08-09 00:50:04+00:00,2019-08-09,2019-08-08,0,-1,DEDUCED_FROM_TIMING_BRACKET,2019-08-09 00:50:04+00:00,validation,validation,R,2019-08-09,validation,1,1,False,True
US_CPI__20190813,US CPI,US CPI,2019-08-13 13:30:01+00:00,2019-08-13,2019-08-12,0,-1,DEDUCED_FROM_TIMING_BRACKET,2019-08-13 13:30:01+00:00,validation,validation,R,2019-08-13,validation,1,1,False,True
JPY_National_CPI__20190823,JPY National CPI,JPY National CPI,2019-08-23 00:30:00+00:00,2019-08-23,2019-08-22,0,-1,DEDUCED_FROM_TIMING_BRACKET,2019-08-23 00:30:00+00:00,validation,validation,R,2019-08-23,validation,1,1,False,True
US_Employment__20190906,US Employment,US Employment,2019-09-06 13:30:00+00:00,2019-09-06,2019-09-05,0,-1,DIRECT_EVIDENCE,2019-09-06 13:30:00+00:00,validation,validation,R,2019-09-06,validation,1,1,False,True
JPY_GDP__20190909,JPY GDP,JPY GDP,2019-09-09 00:50:00+00:00,2019-09-09,2019-09-06,0,-1,DEDUCED_FROM_TIMING_BRACKET,2019-09-09 00:50:00+00:00,validation,validation,R,2019-09-09,validation,1,1,False,True
US_CPI__20190912,US CPI,US CPI,2019-09-12 13:30:00+00:00,2019-09-12,2019-09-11,0,-1,DEDUCED_FROM_TIMING_BRACKET,2019-09-12 13:30:00+00:00,validation,validation,R,2019-09-12,validation,1,1,False,True
FOMC__20190918,FOMC,FOMC,2019-09-18 19:00:00+00:00,2019-09-18,2019-09-18,0,0,DIRECT_EVIDENCE,2019-09-18 19:00:00+00:00,validation,validation,R,2019-09-18,validation,1,1,False,True
BoJ__20190919,BoJ,BoJ,2019-09-19 03:50:00+00:00,2019-09-19,2019-09-18,0,-1,DIRECT_EVIDENCE,2019-09-19 03:50:00+00:00,validation,validation,R,2019-09-19,validation,1,1,False,True
JPY_National_CPI__20190920,JPY National CPI,JPY National CPI,2019-09-20 00:30:00+00:00,2019-09-20,2019-09-19,0,-1,DEDUCED_FROM_TIMING_BRACKET,2019-09-20 00:30:00+00:00,validation,validation,R,2019-09-20,validation,1,1,False,True
US_Employment__20191004,US Employment,US Employment,2019-10-04 13:30:00+00:00,2019-10-04,2019-10-03,0,-1,DIRECT_EVIDENCE,2019-10-04 13:30:00+00:00,validation,validation,R,2019-10-04,validation,1,1,False,True
US_CPI__20191010,US CPI,US CPI,2019-10-10 13:30:00+00:00,2019-10-10,2019-10-09,0,-1,DEDUCED_FROM_TIMING_BRACKET,2019-10-10 13:30:00+00:00,validation,validation,R,2019-10-10,validation,1,1,False,True
JPY_National_CPI__20191018,JPY National CPI,JPY National CPI,2019-10-18 00:30:00+00:00,2019-10-18,2019-10-17,0,-1,DEDUCED_FROM_TIMING_BRACKET,2019-10-18 00:30:00+00:00,validation,validation,R,2019-10-18,validation,1,1,False,True
FOMC__20191030,FOMC,FOMC,2019-10-30 18:00:00+00:00,2019-10-30,2019-10-30,0,0,DIRECT_EVIDENCE,2019-10-30 18:00:00+00:00,validation,validation,R,2019-10-30,validation,1,1,False,True
BoJ__20191031,BoJ,BoJ,2019-10-31 03:32:00+00:00,2019-10-31,2019-10-30,0,-1,DIRECT_EVIDENCE,2019-10-31 03:32:00+00:00,validation,validation,R,2019-10-31,validation,1,1,False,True
US_Employment__20191101,US Employment,US Employment,2019-11-01 12:30:00+00:00,2019-11-01,2019-10-31,0,-1,DIRECT_EVIDENCE,2019-11-01 12:30:00+00:00,validation,validation,R,2019-11-01,validation,1,1,False,True
US_CPI__20191113,US CPI,US CPI,2019-11-13 13:30:00+00:00,2019-11-13,2019-11-12,0,-1,DEDUCED_FROM_TIMING_BRACKET,2019-11-13 13:30:00+00:00,validation,validation,R,2019-11-13,validation,1,1,False,True
JPY_GDP__20191114,JPY GDP,JPY GDP,2019-11-13 23:50:00+00:00,2019-11-14,2019-11-13,0,-1,DEDUCED_FROM_TIMING_BRACKET,2019-11-13 23:50:00+00:00,validation,validation,R,2019-11-14,validation,1,1,False,True
JPY_National_CPI__20191122,JPY National CPI,JPY National CPI,2019-11-21 23:30:00+00:00,2019-11-22,2019-11-21,0,-1,DEDUCED_FROM_TIMING_BRACKET,2019-11-21 23:30:00+00:00,validation,validation,R,2019-11-22,validation,1,1,False,True
US_Employment__20191206,US Employment,US Employment,2019-12-06 13:30:00+00:00,2019-12-06,2019-12-05,0,-1,DIRECT_EVIDENCE,2019-12-06 13:30:00+00:00,validation,validation,R,2019-12-06,validation,1,1,False,True
JPY_GDP__20191209,JPY GDP,JPY GDP,2019-12-08 23:50:00+00:00,2019-12-09,2019-12-06,0,-1,DEDUCED_FROM_TIMING_BRACKET,2019-12-08 23:50:00+00:00,validation,validation,R,2019-12-09,validation,1,1,False,True
FOMC__20191211,FOMC,FOMC,2019-12-11 19:00:00+00:00,2019-12-11,2019-12-11,0,0,DIRECT_EVIDENCE,2019-12-11 19:00:00+00:00,validation,validation,R,2019-12-11,validation,2,2,True,False
US_CPI__20191211,US CPI,US CPI,2019-12-11 13:30:00+00:00,2019-12-11,2019-12-10,0,-1,DEDUCED_FROM_TIMING_BRACKET,2019-12-11 13:30:00+00:00,validation,validation,R,2019-12-11,validation,2,2,True,False
BoJ__20191219,BoJ,BoJ,2019-12-19 02:45:00+00:00,2019-12-19,2019-12-18,0,-1,DIRECT_EVIDENCE,2019-12-19 02:45:00+00:00,validation,validation,R,2019-12-19,validation,1,1,False,True
JPY_National_CPI__20191220,JPY National CPI,JPY National CPI,2019-12-19 23:30:00+00:00,2019-12-20,2019-12-19,0,-1,DEDUCED_FROM_TIMING_BRACKET,2019-12-19 23:30:00+00:00,validation,validation,R,2019-12-20,validation,1,1,False,True
US_Employment__20200110,US Employment,US Employment,2020-01-10 13:30:00+00:00,2020-01-10,2020-01-09,0,-1,DIRECT_EVIDENCE,2020-01-10 13:30:00+00:00,validation,validation,R,2020-01-10,validation,1,1,False,True
US_CPI__20200114,US CPI,US CPI,2020-01-14 13:30:00+00:00,2020-01-14,2020-01-13,0,-1,DEDUCED_FROM_TIMING_BRACKET,2020-01-14 13:30:00+00:00,validation,validation,R,2020-01-14,validation,1,1,False,True
BoJ__20200121,BoJ,BoJ,2020-01-21 03:01:00+00:00,2020-01-21,2020-01-20,0,-1,DIRECT_EVIDENCE,2020-01-21 03:01:00+00:00,validation,validation,R,2020-01-21,validation,1,1,False,True
JPY_National_CPI__20200124,JPY National CPI,JPY National CPI,2020-01-23 23:30:00+00:00,2020-01-24,2020-01-23,0,-1,DEDUCED_FROM_TIMING_BRACKET,2020-01-23 23:30:00+00:00,validation,validation,R,2020-01-24,validation,1,1,False,True
FOMC__20200129,FOMC,FOMC,2020-01-29 19:00:00+00:00,2020-01-29,2020-01-29,0,0,DIRECT_EVIDENCE,2020-01-29 19:00:00+00:00,validation,validation,R,2020-01-29,validation,1,1,False,True
US_Employment__20200207,US Employment,US Employment,2020-02-07 13:30:00+00:00,2020-02-07,2020-02-06,0,-1,DIRECT_EVIDENCE,2020-02-07 13:30:00+00:00,validation,validation,R,2020-02-07,validation,1,1,False,True
US_CPI__20200213,US CPI,US CPI,2020-02-13 13:30:00+00:00,2020-02-13,2020-02-12,0,-1,DEDUCED_FROM_TIMING_BRACKET,2020-02-13 13:30:00+00:00,validation,validation,R,2020-02-13,validation,1,1,False,True
JPY_GDP__20200217,JPY GDP,JPY GDP,2020-02-16 23:50:00+00:00,2020-02-17,2020-02-14,0,-1,DEDUCED_FROM_TIMING_BRACKET,2020-02-16 23:50:00+00:00,validation,validation,R,2020-02-17,validation,1,1,False,True
JPY_National_CPI__20200221,JPY National CPI,JPY National CPI,2020-02-20 23:30:00+00:00,2020-02-21,2020-02-20,0,-1,DEDUCED_FROM_TIMING_BRACKET,2020-02-20 23:30:00+00:00,validation,validation,R,2020-02-21,validation,1,1,False,True
FOMC__20200303,FOMC,FOMC,2020-03-03 15:00:00+00:00,2020-03-03,2020-03-03,0,0,DIRECT_EVIDENCE,2020-03-03 15:00:00+00:00,validation,validation,R,2020-03-03,validation,1,1,False,True
US_Employment__20200306,US Employment,US Employment,2020-03-06 13:30:00+00:00,2020-03-06,2020-03-05,0,-1,DIRECT_EVIDENCE,2020-03-06 13:30:00+00:00,validation,validation,R,2020-03-06,validation,1,1,False,True
JPY_GDP__20200309,JPY GDP,JPY GDP,2020-03-08 23:50:00+00:00,2020-03-09,2020-03-06,0,-1,DEDUCED_FROM_TIMING_BRACKET,2020-03-08 23:50:00+00:00,validation,validation,R,2020-03-09,validation,1,1,False,True
US_CPI__20200311,US CPI,US CPI,2020-03-11 12:30:00+00:00,2020-03-11,2020-03-10,0,-1,DEDUCED_FROM_TIMING_BRACKET,2020-03-11 12:30:00+00:00,validation,validation,R,2020-03-11,validation,1,1,False,True
BoJ__20200316,BoJ,BoJ,2020-03-16 05:06:00+00:00,2020-03-16,2020-03-13,0,-1,DIRECT_EVIDENCE,2020-03-16 05:06:00+00:00,validation,validation,R,2020-03-16,validation,2,2,True,False
FOMC__20200316,FOMC,FOMC,2020-03-15 21:00:00+00:00,2020-03-16,2020-03-16,0,0,DIRECT_EVIDENCE,2020-03-15 21:00:00+00:00,validation,validation,R,2020-03-16,validation,2,2,True,False
JPY_National_CPI__20200319,JPY National CPI,JPY National CPI,2020-03-18 23:30:00+00:00,2020-03-19,2020-03-18,0,-1,DEDUCED_FROM_TIMING_BRACKET,2020-03-18 23:30:00+00:00,validation,validation,R,2020-03-19,validation,1,1,False,True
US_Employment__20200403,US Employment,US Employment,2020-04-03 13:30:00+00:00,2020-04-03,2020-04-02,0,-1,DIRECT_EVIDENCE,2020-04-03 13:30:00+00:00,validation,validation,R,2020-04-03,validation,1,1,False,True
US_CPI__20200410,US CPI,US CPI,2020-04-10 13:30:00+00:00,2020-04-10,2020-04-09,0,-1,DEDUCED_FROM_TIMING_BRACKET,2020-04-10 13:30:00+00:00,validation,validation,R,2020-04-10,validation,1,1,False,True
JPY_National_CPI__20200424,JPY National CPI,JPY National CPI,2020-04-24 00:30:00+00:00,2020-04-24,2020-04-23,0,-1,DEDUCED_FROM_TIMING_BRACKET,2020-04-24 00:30:00+00:00,validation,validation,R,2020-04-24,validation,1,1,False,True
BoJ__20200427,BoJ,BoJ,2020-04-27 04:08:00+00:00,2020-04-27,2020-04-24,0,-1,DIRECT_EVIDENCE,2020-04-27 04:08:00+00:00,validation,validation,R,2020-04-27,validation,1,1,False,True
FOMC__20200429,FOMC,FOMC,2020-04-29 19:00:00+00:00,2020-04-29,2020-04-29,0,0,DIRECT_EVIDENCE,2020-04-29 19:00:00+00:00,validation,validation,R,2020-04-29,validation,1,1,False,True
US_Employment__20200508,US Employment,US Employment,2020-05-08 13:30:00+00:00,2020-05-08,2020-05-07,0,-1,DIRECT_EVIDENCE,2020-05-08 13:30:00+00:00,validation,validation,R,2020-05-08,validation,1,1,False,True
US_CPI__20200512,US CPI,US CPI,2020-05-12 13:30:00+00:00,2020-05-12,2020-05-11,0,-1,DEDUCED_FROM_TIMING_BRACKET,2020-05-12 13:30:00+00:00,validation,validation,R,2020-05-12,validation,1,1,False,True
JPY_GDP__20200518,JPY GDP,JPY GDP,2020-05-18 00:50:00+00:00,2020-05-18,2020-05-15,0,-1,DEDUCED_FROM_TIMING_BRACKET,2020-05-18 00:50:00+00:00,validation,validation,R,2020-05-18,validation,1,1,False,True
BoJ__20200522,BoJ,BoJ,2020-05-22 01:00:00+00:00,2020-05-22,2020-05-21,0,-1,DIRECT_EVIDENCE,2020-05-22 01:00:00+00:00,validation,validation,R,2020-05-22,validation,2,2,True,False
JPY_National_CPI__20200522,JPY National CPI,JPY National CPI,2020-05-22 00:30:00+00:00,2020-05-22,2020-05-21,0,-1,DEDUCED_FROM_TIMING_BRACKET,2020-05-22 00:30:00+00:00,validation,validation,R,2020-05-22,validation,2,2,True,False
US_Employment__20200605,US Employment,US Employment,2020-06-05 13:30:00+00:00,2020-06-05,2020-06-04,0,-1,DIRECT_EVIDENCE,2020-06-05 13:30:00+00:00,validation,validation,R,2020-06-05,validation,1,1,False,True
JPY_GDP__20200608,JPY GDP,JPY GDP,2020-06-08 00:50:00+00:00,2020-06-08,2020-06-05,0,-1,DEDUCED_FROM_TIMING_BRACKET,2020-06-08 00:50:00+00:00,validation,validation,R,2020-06-08,validation,1,1,False,True
FOMC__20200610,FOMC,FOMC,2020-06-10 19:00:00+00:00,2020-06-10,2020-06-10,0,0,DIRECT_EVIDENCE,2020-06-10 19:00:00+00:00,validation,validation,R,2020-06-10,validation,2,2,True,False
US_CPI__20200610,US CPI,US CPI,2020-06-10 13:30:00+00:00,2020-06-10,2020-06-09,0,-1,DEDUCED_FROM_TIMING_BRACKET,2020-06-10 13:30:00+00:00,validation,validation,R,2020-06-10,validation,2,2,True,False
BoJ__20200616,BoJ,BoJ,2020-06-16 03:33:00+00:00,2020-06-16,2020-06-15,0,-1,DIRECT_EVIDENCE,2020-06-16 03:33:00+00:00,validation,validation,R,2020-06-16,validation,1,1,False,True
JPY_National_CPI__20200619,JPY National CPI,JPY National CPI,2020-06-19 00:30:00+00:00,2020-06-19,2020-06-18,0,-1,DEDUCED_FROM_TIMING_BRACKET,2020-06-19 00:30:00+00:00,validation,validation,R,2020-06-19,validation,1,1,False,True
US_Employment__20200702,US Employment,US Employment,2020-07-02 13:30:00+00:00,2020-07-02,2020-07-01,0,-1,DIRECT_EVIDENCE,2020-07-02 13:30:00+00:00,validation,validation,R,2020-07-02,validation,1,1,False,True
US_CPI__20200714,US CPI,US CPI,2020-07-14 13:30:00+00:00,2020-07-14,2020-07-13,0,-1,DEDUCED_FROM_TIMING_BRACKET,2020-07-14 13:30:00+00:00,validation,validation,R,2020-07-14,validation,1,1,False,True
BoJ__20200715,BoJ,BoJ,2020-07-15 03:57:00+00:00,2020-07-15,2020-07-14,0,-1,DIRECT_EVIDENCE,2020-07-15 03:57:00+00:00,validation,validation,R,2020-07-15,validation,1,1,False,True
JPY_National_CPI__20200721,JPY National CPI,JPY National CPI,2020-07-21 00:30:00+00:00,2020-07-21,2020-07-20,0,-1,DEDUCED_FROM_TIMING_BRACKET,2020-07-21 00:30:00+00:00,validation,validation,R,2020-07-21,validation,1,1,False,True
FOMC__20200729,FOMC,FOMC,2020-07-29 19:00:00+00:00,2020-07-29,2020-07-29,0,0,DIRECT_EVIDENCE,2020-07-29 19:00:00+00:00,validation,validation,R,2020-07-29,validation,1,1,False,True
JPY_GDP__20200803,JPY GDP,JPY GDP,2020-08-03 00:50:00+00:00,2020-08-03,2020-07-31,0,-1,DEDUCED_FROM_TIMING_BRACKET,2020-08-03 00:50:00+00:00,validation,validation,R,2020-08-03,validation,1,1,False,True
US_Employment__20200807,US Employment,US Employment,2020-08-07 13:30:00+00:00,2020-08-07,2020-08-06,0,-1,DIRECT_EVIDENCE,2020-08-07 13:30:00+00:00,validation,validation,R,2020-08-07,validation,1,1,False,True
US_CPI__20200812,US CPI,US CPI,2020-08-12 13:30:00+00:00,2020-08-12,2020-08-11,0,-1,DEDUCED_FROM_TIMING_BRACKET,2020-08-12 13:30:00+00:00,validation,validation,R,2020-08-12,validation,1,1,False,True
JPY_GDP__20200817,JPY GDP,JPY GDP,2020-08-17 00:50:00+00:00,2020-08-17,2020-08-14,0,-1,DEDUCED_FROM_TIMING_BRACKET,2020-08-17 00:50:00+00:00,validation,validation,R,2020-08-17,validation,1,1,False,True
JPY_National_CPI__20200821,JPY National CPI,JPY National CPI,2020-08-21 00:30:00+00:00,2020-08-21,2020-08-20,0,-1,DEDUCED_FROM_TIMING_BRACKET,2020-08-21 00:30:00+00:00,validation,validation,R,2020-08-21,validation,1,1,False,True
US_Employment__20200904,US Employment,US Employment,2020-09-04 13:30:00+00:00,2020-09-04,2020-09-03,0,-1,DIRECT_EVIDENCE,2020-09-04 13:30:00+00:00,validation,validation,R,2020-09-04,validation,1,1,False,True
JPY_GDP__20200908,JPY GDP,JPY GDP,2020-09-08 00:50:00+00:00,2020-09-08,2020-09-07,0,-1,DEDUCED_FROM_TIMING_BRACKET,2020-09-08 00:50:00+00:00,validation,validation,R,2020-09-08,validation,1,1,False,True
US_CPI__20200911,US CPI,US CPI,2020-09-11 13:30:00+00:00,2020-09-11,2020-09-10,0,-1,DEDUCED_FROM_TIMING_BRACKET,2020-09-11 13:30:00+00:00,validation,validation,R,2020-09-11,validation,1,1,False,True
FOMC__20200916,FOMC,FOMC,2020-09-16 19:00:00+00:00,2020-09-16,2020-09-16,0,0,DIRECT_EVIDENCE,2020-09-16 19:00:00+00:00,validation,validation,R,2020-09-16,validation,1,1,False,True
BoJ__20200917,BoJ,BoJ,2020-09-17 03:51:00+00:00,2020-09-17,2020-09-16,0,-1,DIRECT_EVIDENCE,2020-09-17 03:51:00+00:00,validation,validation,R,2020-09-17,validation,1,1,False,True
JPY_National_CPI__20200918,JPY National CPI,JPY National CPI,2020-09-18 00:30:00+00:00,2020-09-18,2020-09-17,0,-1,DEDUCED_FROM_TIMING_BRACKET,2020-09-18 00:30:00+00:00,validation,validation,R,2020-09-18,validation,1,1,False,True
US_Employment__20201002,US Employment,US Employment,2020-10-02 13:30:00+00:00,2020-10-02,2020-10-01,0,-1,DIRECT_EVIDENCE,2020-10-02 13:30:00+00:00,validation,validation,R,2020-10-02,validation,1,1,False,True
US_CPI__20201013,US CPI,US CPI,2020-10-13 13:30:00+00:00,2020-10-13,2020-10-12,0,-1,DEDUCED_FROM_TIMING_BRACKET,2020-10-13 13:30:00+00:00,validation,validation,R,2020-10-13,validation,1,1,False,True
JPY_National_CPI__20201023,JPY National CPI,JPY National CPI,2020-10-23 00:30:00+00:00,2020-10-23,2020-10-22,0,-1,DEDUCED_FROM_TIMING_BRACKET,2020-10-23 00:30:00+00:00,validation,validation,R,2020-10-23,validation,1,1,False,True
BoJ__20201029,BoJ,BoJ,2020-10-29 03:12:00+00:00,2020-10-29,2020-10-28,0,-1,DIRECT_EVIDENCE,2020-10-29 03:12:00+00:00,validation,validation,R,2020-10-29,validation,1,1,False,True
FOMC__20201105,FOMC,FOMC,2020-11-05 19:00:00+00:00,2020-11-05,2020-11-05,0,0,DIRECT_EVIDENCE,2020-11-05 19:00:00+00:00,validation,validation,R,2020-11-05,validation,1,1,False,True
US_Employment__20201106,US Employment,US Employment,2020-11-06 13:30:00+00:00,2020-11-06,2020-11-05,0,-1,DIRECT_EVIDENCE,2020-11-06 13:30:00+00:00,validation,validation,R,2020-11-06,validation,1,1,False,True
US_CPI__20201112,US CPI,US CPI,2020-11-12 13:30:00+00:00,2020-11-12,2020-11-11,0,-1,DEDUCED_FROM_TIMING_BRACKET,2020-11-12 13:30:00+00:00,validation,validation,R,2020-11-12,validation,1,1,False,True
JPY_GDP__20201116,JPY GDP,JPY GDP,2020-11-15 23:50:00+00:00,2020-11-16,2020-11-13,0,-1,DEDUCED_FROM_TIMING_BRACKET,2020-11-15 23:50:00+00:00,validation,validation,R,2020-11-16,validation,1,1,False,True
JPY_National_CPI__20201120,JPY National CPI,JPY National CPI,2020-11-19 23:30:00+00:00,2020-11-20,2020-11-19,0,-1,DEDUCED_FROM_TIMING_BRACKET,2020-11-19 23:30:00+00:00,validation,validation,R,2020-11-20,validation,1,1,False,True
US_Employment__20201204,US Employment,US Employment,2020-12-04 13:30:00+00:00,2020-12-04,2020-12-03,0,-1,DIRECT_EVIDENCE,2020-12-04 13:30:00+00:00,validation,validation,R,2020-12-04,validation,1,1,False,True
JPY_GDP__20201208,JPY GDP,JPY GDP,2020-12-07 23:50:00+00:00,2020-12-08,2020-12-07,0,-1,DEDUCED_FROM_TIMING_BRACKET,2020-12-07 23:50:00+00:00,validation,validation,R,2020-12-08,validation,1,1,False,True
US_CPI__20201210,US CPI,US CPI,2020-12-10 13:30:00+00:00,2020-12-10,2020-12-09,0,-1,DEDUCED_FROM_TIMING_BRACKET,2020-12-10 13:30:00+00:00,validation,validation,R,2020-12-10,validation,1,1,False,True
FOMC__20201216,FOMC,FOMC,2020-12-16 19:00:00+00:00,2020-12-16,2020-12-16,0,0,DIRECT_EVIDENCE,2020-12-16 19:00:00+00:00,validation,validation,R,2020-12-16,validation,1,1,False,True
BoJ__20201218,BoJ,BoJ,2020-12-18 03:13:00+00:00,2020-12-18,2020-12-17,0,-1,DIRECT_EVIDENCE,2020-12-18 03:13:00+00:00,validation,validation,R,2020-12-18,validation,2,2,True,False
JPY_National_CPI__20201218,JPY National CPI,JPY National CPI,2020-12-17 23:30:00+00:00,2020-12-18,2020-12-17,0,-1,DEDUCED_FROM_TIMING_BRACKET,2020-12-17 23:30:00+00:00,validation,validation,R,2020-12-18,validation,2,2,True,False
US_Employment__20210108,US Employment,US Employment,2021-01-08 13:30:00+00:00,2021-01-08,2021-01-07,0,-1,DIRECT_EVIDENCE,2021-01-08 13:30:00+00:00,validation,validation,R,2021-01-08,validation,1,1,False,True
US_CPI__20210113,US CPI,US CPI,2021-01-13 13:30:00+00:00,2021-01-13,2021-01-12,0,-1,DEDUCED_FROM_TIMING_BRACKET,2021-01-13 13:30:00+00:00,validation,validation,R,2021-01-13,validation,1,1,False,True
BoJ__20210121,BoJ,BoJ,2021-01-21 02:38:00+00:00,2021-01-21,2021-01-20,0,-1,DIRECT_EVIDENCE,2021-01-21 02:38:00+00:00,validation,validation,R,2021-01-21,validation,1,1,False,True
JPY_National_CPI__20210122,JPY National CPI,JPY National CPI,2021-01-21 23:30:00+00:00,2021-01-22,2021-01-21,0,-1,DEDUCED_FROM_TIMING_BRACKET,2021-01-21 23:30:00+00:00,validation,validation,R,2021-01-22,validation,1,1,False,True
FOMC__20210127,FOMC,FOMC,2021-01-27 19:00:00+00:00,2021-01-27,2021-01-27,0,0,DIRECT_EVIDENCE,2021-01-27 19:00:00+00:00,validation,validation,R,2021-01-27,validation,1,1,False,True
US_Employment__20210205,US Employment,US Employment,2021-02-05 13:30:00+00:00,2021-02-05,2021-02-04,0,-1,DIRECT_EVIDENCE,2021-02-05 13:30:00+00:00,validation,validation,R,2021-02-05,validation,1,1,False,True
US_CPI__20210210,US CPI,US CPI,2021-02-10 13:30:00+00:00,2021-02-10,2021-02-09,0,-1,DEDUCED_FROM_TIMING_BRACKET,2021-02-10 13:30:00+00:00,validation,validation,R,2021-02-10,validation,1,1,False,True
JPY_GDP__20210215,JPY GDP,JPY GDP,2021-02-14 23:50:00+00:00,2021-02-15,2021-02-12,0,-1,DEDUCED_FROM_TIMING_BRACKET,2021-02-14 23:50:00+00:00,validation,validation,R,2021-02-15,validation,1,1,False,True
JPY_National_CPI__20210219,JPY National CPI,JPY National CPI,2021-02-18 23:30:00+00:00,2021-02-19,2021-02-18,0,-1,DEDUCED_FROM_TIMING_BRACKET,2021-02-18 23:30:00+00:00,validation,validation,R,2021-02-19,validation,1,1,False,True
US_Employment__20210305,US Employment,US Employment,2021-03-05 13:30:00+00:00,2021-03-05,2021-03-04,0,-1,DIRECT_EVIDENCE,2021-03-05 13:30:00+00:00,validation,validation,R,2021-03-05,validation,1,1,False,True
JPY_GDP__20210309,JPY GDP,JPY GDP,2021-03-08 23:50:00+00:00,2021-03-09,2021-03-08,0,-1,DEDUCED_FROM_TIMING_BRACKET,2021-03-08 23:50:00+00:00,validation,validation,R,2021-03-09,validation,1,1,False,True
US_CPI__20210310,US CPI,US CPI,2021-03-10 13:30:00+00:00,2021-03-10,2021-03-09,0,-1,DEDUCED_FROM_TIMING_BRACKET,2021-03-10 13:30:00+00:00,validation,validation,R,2021-03-10,validation,1,1,False,True
FOMC__20210317,FOMC,FOMC,2021-03-17 18:00:00+00:00,2021-03-17,2021-03-17,0,0,DIRECT_EVIDENCE,2021-03-17 18:00:00+00:00,validation,validation,R,2021-03-17,validation,1,1,False,True
BoJ__20210319,BoJ,BoJ,2021-03-19 03:39:00+00:00,2021-03-19,2021-03-18,0,-1,DIRECT_EVIDENCE,2021-03-19 03:39:00+00:00,validation,validation,R,2021-03-19,validation,2,2,True,False
JPY_National_CPI__20210319,JPY National CPI,JPY National CPI,2021-03-18 23:30:00+00:00,2021-03-19,2021-03-18,0,-1,DEDUCED_FROM_TIMING_BRACKET,2021-03-18 23:30:00+00:00,validation,validation,R,2021-03-19,validation,2,2,True,False
US_Employment__20210402,US Employment,US Employment,2021-04-02 13:30:00+00:00,2021-04-02,2021-04-01,0,-1,DIRECT_EVIDENCE,2021-04-02 13:30:00+00:00,validation,validation,R,2021-04-02,validation,1,1,False,True
US_CPI__20210413,US CPI,US CPI,2021-04-13 13:30:00+00:00,2021-04-13,2021-04-12,0,-1,DEDUCED_FROM_TIMING_BRACKET,2021-04-13 13:30:00+00:00,validation,validation,R,2021-04-13,validation,1,1,False,True
JPY_National_CPI__20210423,JPY National CPI,JPY National CPI,2021-04-23 00:30:00+00:00,2021-04-23,2021-04-22,0,-1,DEDUCED_FROM_TIMING_BRACKET,2021-04-23 00:30:00+00:00,validation,validation,R,2021-04-23,validation,1,1,False,True
BoJ__20210427,BoJ,BoJ,2021-04-27 04:00:00+00:00,2021-04-27,2021-04-26,0,-1,DIRECT_EVIDENCE,2021-04-27 04:00:00+00:00,validation,validation,R,2021-04-27,validation,1,1,False,True
FOMC__20210428,FOMC,FOMC,2021-04-28 19:00:00+00:00,2021-04-28,2021-04-28,0,0,DIRECT_EVIDENCE,2021-04-28 19:00:00+00:00,validation,validation,R,2021-04-28,validation,1,1,False,True
US_Employment__20210507,US Employment,US Employment,2021-05-07 13:30:00+00:00,2021-05-07,2021-05-06,0,-1,DIRECT_EVIDENCE,2021-05-07 13:30:00+00:00,validation,validation,R,2021-05-07,validation,1,1,False,True
US_CPI__20210512,US CPI,US CPI,2021-05-12 13:30:00+00:00,2021-05-12,2021-05-11,0,-1,DEDUCED_FROM_TIMING_BRACKET,2021-05-12 13:30:00+00:00,validation,validation,R,2021-05-12,validation,1,1,False,True
JPY_GDP__20210518,JPY GDP,JPY GDP,2021-05-18 00:50:00+00:00,2021-05-18,2021-05-17,0,-1,DEDUCED_FROM_TIMING_BRACKET,2021-05-18 00:50:00+00:00,validation,validation,R,2021-05-18,validation,1,1,False,True
JPY_National_CPI__20210521,JPY National CPI,JPY National CPI,2021-05-21 00:30:00+00:00,2021-05-21,2021-05-20,0,-1,DEDUCED_FROM_TIMING_BRACKET,2021-05-21 00:30:00+00:00,validation,validation,R,2021-05-21,validation,1,1,False,True
US_Employment__20210604,US Employment,US Employment,2021-06-04 13:30:00+00:00,2021-06-04,2021-06-03,0,-1,DIRECT_EVIDENCE,2021-06-04 13:30:00+00:00,validation,validation,R,2021-06-04,validation,1,1,False,True
JPY_GDP__20210608,JPY GDP,JPY GDP,2021-06-08 00:50:00+00:00,2021-06-08,2021-06-07,0,-1,DEDUCED_FROM_TIMING_BRACKET,2021-06-08 00:50:00+00:00,validation,validation,R,2021-06-08,validation,1,1,False,True
US_CPI__20210610,US CPI,US CPI,2021-06-10 13:30:00+00:00,2021-06-10,2021-06-09,0,-1,DEDUCED_FROM_TIMING_BRACKET,2021-06-10 13:30:00+00:00,validation,validation,R,2021-06-10,validation,1,1,False,True
FOMC__20210616,FOMC,FOMC,2021-06-16 19:00:00+00:00,2021-06-16,2021-06-16,0,0,DIRECT_EVIDENCE,2021-06-16 19:00:00+00:00,validation,validation,R,2021-06-16,validation,1,1,False,True
BoJ__20210618,BoJ,BoJ,2021-06-18 04:30:00+00:00,2021-06-18,2021-06-17,0,-1,DIRECT_EVIDENCE,2021-06-18 04:30:00+00:00,validation,validation,R,2021-06-18,validation,2,2,True,False
JPY_National_CPI__20210618,JPY National CPI,JPY National CPI,2021-06-18 00:30:00+00:00,2021-06-18,2021-06-17,0,-1,DEDUCED_FROM_TIMING_BRACKET,2021-06-18 00:30:00+00:00,validation,validation,R,2021-06-18,validation,2,2,True,False
US_Employment__20210702,US Employment,US Employment,2021-07-02 13:30:00+00:00,2021-07-02,2021-07-01,0,-1,DIRECT_EVIDENCE,2021-07-02 13:30:00+00:00,validation,validation,R,2021-07-02,validation,1,1,False,True
US_CPI__20210713,US CPI,US CPI,2021-07-13 13:30:00+00:00,2021-07-13,2021-07-12,0,-1,DEDUCED_FROM_TIMING_BRACKET,2021-07-13 13:30:00+00:00,validation,validation,R,2021-07-13,validation,1,1,False,True
BoJ__20210716,BoJ,BoJ,2021-07-16 03:56:00+00:00,2021-07-16,2021-07-15,0,-1,DIRECT_EVIDENCE,2021-07-16 03:56:00+00:00,validation,validation,R,2021-07-16,validation,1,1,False,True
JPY_National_CPI__20210720,JPY National CPI,JPY National CPI,2021-07-20 00:30:00+00:00,2021-07-20,2021-07-19,0,-1,DEDUCED_FROM_TIMING_BRACKET,2021-07-20 00:30:00+00:00,validation,validation,R,2021-07-20,validation,1,1,False,True
FOMC__20210728,FOMC,FOMC,2021-07-28 19:00:00+00:00,2021-07-28,2021-07-28,0,0,DIRECT_EVIDENCE,2021-07-28 19:00:00+00:00,validation,validation,R,2021-07-28,validation,1,1,False,True
US_Employment__20210806,US Employment,US Employment,2021-08-06 13:30:00+00:00,2021-08-06,2021-08-05,0,-1,DIRECT_EVIDENCE,2021-08-06 13:30:00+00:00,validation,validation,R,2021-08-06,validation,1,1,False,True
US_CPI__20210811,US CPI,US CPI,2021-08-11 13:30:00+00:00,2021-08-11,2021-08-10,0,-1,DEDUCED_FROM_TIMING_BRACKET,2021-08-11 13:30:00+00:00,validation,validation,R,2021-08-11,validation,1,1,False,True
JPY_GDP__20210816,JPY GDP,JPY GDP,2021-08-16 00:50:00+00:00,2021-08-16,2021-08-13,0,-1,DEDUCED_FROM_TIMING_BRACKET,2021-08-16 00:50:00+00:00,validation,validation,R,2021-08-16,validation,1,1,False,True
JPY_National_CPI__20210820,JPY National CPI,JPY National CPI,2021-08-20 00:30:00+00:00,2021-08-20,2021-08-19,0,-1,DEDUCED_FROM_TIMING_BRACKET,2021-08-20 00:30:00+00:00,validation,validation,R,2021-08-20,validation,1,1,False,True
US_Employment__20210903,US Employment,US Employment,2021-09-03 13:30:00+00:00,2021-09-03,2021-09-02,0,-1,DIRECT_EVIDENCE,2021-09-03 13:30:00+00:00,validation,validation,R,2021-09-03,validation,1,1,False,True
JPY_GDP__20210908,JPY GDP,JPY GDP,2021-09-08 00:50:00+00:00,2021-09-08,2021-09-07,0,-1,DEDUCED_FROM_TIMING_BRACKET,2021-09-08 00:50:00+00:00,validation,validation,R,2021-09-08,validation,1,1,False,True
US_CPI__20210914,US CPI,US CPI,2021-09-14 13:30:00+00:00,2021-09-14,2021-09-13,0,-1,DEDUCED_FROM_TIMING_BRACKET,2021-09-14 13:30:00+00:00,validation,validation,R,2021-09-14,validation,1,1,False,True
BoJ__20210922,BoJ,BoJ,2021-09-22 03:49:00+00:00,2021-09-22,2021-09-21,0,-1,DIRECT_EVIDENCE,2021-09-22 03:49:00+00:00,validation,validation,R,2021-09-22,validation,2,2,True,False
FOMC__20210922,FOMC,FOMC,2021-09-22 19:00:00+00:00,2021-09-22,2021-09-22,0,0,DIRECT_EVIDENCE,2021-09-22 19:00:00+00:00,validation,validation,R,2021-09-22,validation,2,2,True,False
JPY_National_CPI__20210924,JPY National CPI,JPY National CPI,2021-09-24 00:30:00+00:00,2021-09-24,2021-09-23,0,-1,DEDUCED_FROM_TIMING_BRACKET,2021-09-24 00:30:00+00:00,validation,validation,R,2021-09-24,validation,1,1,False,True
US_Employment__20211008,US Employment,US Employment,2021-10-08 13:30:00+00:00,2021-10-08,2021-10-07,0,-1,DIRECT_EVIDENCE,2021-10-08 13:30:00+00:00,validation,validation,R,2021-10-08,validation,1,1,False,True
US_CPI__20211013,US CPI,US CPI,2021-10-13 13:30:00+00:00,2021-10-13,2021-10-12,0,-1,DEDUCED_FROM_TIMING_BRACKET,2021-10-13 13:30:00+00:00,validation,validation,R,2021-10-13,validation,1,1,False,True
JPY_National_CPI__20211022,JPY National CPI,JPY National CPI,2021-10-22 00:30:00+00:00,2021-10-22,2021-10-21,0,-1,DEDUCED_FROM_TIMING_BRACKET,2021-10-22 00:30:00+00:00,validation,validation,R,2021-10-22,validation,1,1,False,True
BoJ__20211028,BoJ,BoJ,2021-10-28 03:45:00+00:00,2021-10-28,2021-10-27,0,-1,DIRECT_EVIDENCE,2021-10-28 03:45:00+00:00,validation,validation,R,2021-10-28,validation,1,1,False,True
FOMC__20211103,FOMC,FOMC,2021-11-03 18:00:00+00:00,2021-11-03,2021-11-03,0,0,DIRECT_EVIDENCE,2021-11-03 18:00:00+00:00,validation,validation,R,2021-11-03,validation,1,1,False,True
US_Employment__20211105,US Employment,US Employment,2021-11-05 12:30:00+00:00,2021-11-05,2021-11-04,0,-1,DIRECT_EVIDENCE,2021-11-05 12:30:00+00:00,validation,validation,R,2021-11-05,validation,1,1,False,True
US_CPI__20211110,US CPI,US CPI,2021-11-10 13:30:00+00:00,2021-11-10,2021-11-09,0,-1,DEDUCED_FROM_TIMING_BRACKET,2021-11-10 13:30:00+00:00,validation,validation,R,2021-11-10,validation,1,1,False,True
JPY_GDP__20211115,JPY GDP,JPY GDP,2021-11-14 23:50:00+00:00,2021-11-15,2021-11-12,0,-1,DEDUCED_FROM_TIMING_BRACKET,2021-11-14 23:50:00+00:00,test,validation,R,2021-11-15,test,1,1,False,True
JPY_National_CPI__20211119,JPY National CPI,JPY National CPI,2021-11-18 23:30:00+00:00,2021-11-19,2021-11-18,0,-1,DEDUCED_FROM_TIMING_BRACKET,2021-11-18 23:30:00+00:00,test,test,R,2021-11-19,test,1,1,False,True
US_Employment__20211203,US Employment,US Employment,2021-12-03 13:30:00+00:00,2021-12-03,2021-12-02,0,-1,DIRECT_EVIDENCE,2021-12-03 13:30:00+00:00,test,test,R,2021-12-03,test,1,1,False,True
JPY_GDP__20211208,JPY GDP,JPY GDP,2021-12-07 23:50:00+00:00,2021-12-08,2021-12-07,0,-1,DEDUCED_FROM_TIMING_BRACKET,2021-12-07 23:50:00+00:00,test,test,R,2021-12-08,test,1,1,False,True
US_CPI__20211210,US CPI,US CPI,2021-12-10 13:30:00+00:00,2021-12-10,2021-12-09,0,-1,DEDUCED_FROM_TIMING_BRACKET,2021-12-10 13:30:00+00:00,test,test,R,2021-12-10,test,1,1,False,True
FOMC__20211215,FOMC,FOMC,2021-12-15 19:00:00+00:00,2021-12-15,2021-12-15,0,0,DIRECT_EVIDENCE,2021-12-15 19:00:00+00:00,test,test,R,2021-12-15,test,1,1,False,True
BoJ__20211217,BoJ,BoJ,2021-12-17 02:57:00+00:00,2021-12-17,2021-12-16,0,-1,DIRECT_EVIDENCE,2021-12-17 02:57:00+00:00,test,test,R,2021-12-17,test,1,1,False,True
JPY_National_CPI__20211224,JPY National CPI,JPY National CPI,2021-12-23 23:30:00+00:00,2021-12-24,2021-12-23,0,-1,DEDUCED_FROM_TIMING_BRACKET,2021-12-23 23:30:00+00:00,test,test,R,2021-12-24,test,1,1,False,True
US_Employment__20220107,US Employment,US Employment,2022-01-07 13:30:00+00:00,2022-01-07,2022-01-06,0,-1,DIRECT_EVIDENCE,2022-01-07 13:30:00+00:00,test,test,R,2022-01-07,test,1,1,False,True
US_CPI__20220112,US CPI,US CPI,2022-01-12 13:30:00+00:00,2022-01-12,2022-01-11,0,-1,DEDUCED_FROM_TIMING_BRACKET,2022-01-12 13:30:00+00:00,test,test,R,2022-01-12,test,1,1,False,True
BoJ__20220118,BoJ,BoJ,2022-01-18 02:46:00+00:00,2022-01-18,2022-01-17,0,-1,DIRECT_EVIDENCE,2022-01-18 02:46:00+00:00,test,test,R,2022-01-18,test,1,1,False,True
JPY_National_CPI__20220121,JPY National CPI,JPY National CPI,2022-01-20 23:30:00+00:00,2022-01-21,2022-01-20,0,-1,DEDUCED_FROM_TIMING_BRACKET,2022-01-20 23:30:00+00:00,test,test,R,2022-01-21,test,1,1,False,True
FOMC__20220126,FOMC,FOMC,2022-01-26 19:00:00+00:00,2022-01-26,2022-01-26,0,0,DIRECT_EVIDENCE,2022-01-26 19:00:00+00:00,test,test,R,2022-01-26,test,1,1,False,True
US_Employment__20220204,US Employment,US Employment,2022-02-04 13:30:00+00:00,2022-02-04,2022-02-03,0,-1,DIRECT_EVIDENCE,2022-02-04 13:30:00+00:00,test,test,R,2022-02-04,test,1,1,False,True
US_CPI__20220210,US CPI,US CPI,2022-02-10 13:30:00+00:00,2022-02-10,2022-02-09,0,-1,DEDUCED_FROM_TIMING_BRACKET,2022-02-10 13:30:00+00:00,test,test,R,2022-02-10,test,1,1,False,True
JPY_GDP__20220215,JPY GDP,JPY GDP,2022-02-14 23:50:00+00:00,2022-02-15,2022-02-14,0,-1,DEDUCED_FROM_TIMING_BRACKET,2022-02-14 23:50:00+00:00,test,test,R,2022-02-15,test,1,1,False,True
JPY_National_CPI__20220218,JPY National CPI,JPY National CPI,2022-02-17 23:30:00+00:00,2022-02-18,2022-02-17,0,-1,DEDUCED_FROM_TIMING_BRACKET,2022-02-17 23:30:00+00:00,test,test,R,2022-02-18,test,1,1,False,True
US_Employment__20220304,US Employment,US Employment,2022-03-04 13:30:00+00:00,2022-03-04,2022-03-03,0,-1,DIRECT_EVIDENCE,2022-03-04 13:30:00+00:00,test,test,R,2022-03-04,test,1,1,False,True
JPY_GDP__20220309,JPY GDP,JPY GDP,2022-03-08 23:50:00+00:00,2022-03-09,2022-03-08,0,-1,DEDUCED_FROM_TIMING_BRACKET,2022-03-08 23:50:00+00:00,test,test,R,2022-03-09,test,1,1,False,True
US_CPI__20220310,US CPI,US CPI,2022-03-10 13:30:00+00:00,2022-03-10,2022-03-09,0,-1,DEDUCED_FROM_TIMING_BRACKET,2022-03-10 13:30:00+00:00,test,test,R,2022-03-10,test,1,1,False,True
FOMC__20220316,FOMC,FOMC,2022-03-16 18:00:00+00:00,2022-03-16,2022-03-16,0,0,DIRECT_EVIDENCE,2022-03-16 18:00:00+00:00,test,test,R,2022-03-16,test,1,1,False,True
BoJ__20220318,BoJ,BoJ,2022-03-18 02:51:00+00:00,2022-03-18,2022-03-17,0,-1,DIRECT_EVIDENCE,2022-03-18 02:51:00+00:00,test,test,R,2022-03-18,test,2,2,True,False
JPY_National_CPI__20220318,JPY National CPI,JPY National CPI,2022-03-17 23:30:00+00:00,2022-03-18,2022-03-17,0,-1,DEDUCED_FROM_TIMING_BRACKET,2022-03-17 23:30:00+00:00,test,test,R,2022-03-18,test,2,2,True,False
US_Employment__20220401,US Employment,US Employment,2022-04-01 13:30:00+00:00,2022-04-01,2022-03-31,0,-1,DIRECT_EVIDENCE,2022-04-01 13:30:00+00:00,test,test,R,2022-04-01,test,1,1,False,True
US_CPI__20220412,US CPI,US CPI,2022-04-12 13:30:00+00:00,2022-04-12,2022-04-11,0,-1,DEDUCED_FROM_TIMING_BRACKET,2022-04-12 13:30:00+00:00,test,test,R,2022-04-12,test,1,1,False,True
JPY_National_CPI__20220422,JPY National CPI,JPY National CPI,2022-04-22 00:30:00+00:00,2022-04-22,2022-04-21,0,-1,DEDUCED_FROM_TIMING_BRACKET,2022-04-22 00:30:00+00:00,test,test,R,2022-04-22,test,1,1,False,True
BoJ__20220428,BoJ,BoJ,2022-04-28 04:09:00+00:00,2022-04-28,2022-04-27,0,-1,DIRECT_EVIDENCE,2022-04-28 04:09:00+00:00,test,test,R,2022-04-28,test,1,1,False,True
FOMC__20220504,FOMC,FOMC,2022-05-04 19:00:00+00:00,2022-05-04,2022-05-04,0,0,DIRECT_EVIDENCE,2022-05-04 19:00:00+00:00,test,test,R,2022-05-04,test,1,1,False,True
US_Employment__20220506,US Employment,US Employment,2022-05-06 13:30:00+00:00,2022-05-06,2022-05-05,0,-1,DIRECT_EVIDENCE,2022-05-06 13:30:00+00:00,test,test,R,2022-05-06,test,1,1,False,True
US_CPI__20220511,US CPI,US CPI,2022-05-11 13:30:00+00:00,2022-05-11,2022-05-10,0,-1,DEDUCED_FROM_TIMING_BRACKET,2022-05-11 13:30:00+00:00,test,test,R,2022-05-11,test,1,1,False,True
JPY_GDP__20220518,JPY GDP,JPY GDP,2022-05-18 00:50:00+00:00,2022-05-18,2022-05-17,0,-1,DEDUCED_FROM_TIMING_BRACKET,2022-05-18 00:50:00+00:00,test,test,R,2022-05-18,test,1,1,False,True
JPY_National_CPI__20220520,JPY National CPI,JPY National CPI,2022-05-20 00:30:00+00:00,2022-05-20,2022-05-19,0,-1,DEDUCED_FROM_TIMING_BRACKET,2022-05-20 00:30:00+00:00,test,test,R,2022-05-20,test,1,1,False,True
US_Employment__20220603,US Employment,US Employment,2022-06-03 13:30:00+00:00,2022-06-03,2022-06-02,0,-1,DIRECT_EVIDENCE,2022-06-03 13:30:00+00:00,test,test,R,2022-06-03,test,1,1,False,True
JPY_GDP__20220608,JPY GDP,JPY GDP,2022-06-08 00:50:00+00:00,2022-06-08,2022-06-07,0,-1,DEDUCED_FROM_TIMING_BRACKET,2022-06-08 00:50:00+00:00,test,test,R,2022-06-08,test,1,1,False,True
US_CPI__20220610,US CPI,US CPI,2022-06-10 13:30:00+00:00,2022-06-10,2022-06-09,0,-1,DEDUCED_FROM_TIMING_BRACKET,2022-06-10 13:30:00+00:00,test,test,R,2022-06-10,test,1,1,False,True
FOMC__20220615,FOMC,FOMC,2022-06-15 19:00:00+00:00,2022-06-15,2022-06-15,0,0,DIRECT_EVIDENCE,2022-06-15 19:00:00+00:00,test,test,R,2022-06-15,test,1,1,False,True
BoJ__20220617,BoJ,BoJ,2022-06-17 03:43:00+00:00,2022-06-17,2022-06-16,0,-1,DIRECT_EVIDENCE,2022-06-17 03:43:00+00:00,test,test,R,2022-06-17,test,1,1,False,True
JPY_National_CPI__20220624,JPY National CPI,JPY National CPI,2022-06-24 00:30:00+00:00,2022-06-24,2022-06-23,0,-1,DEDUCED_FROM_TIMING_BRACKET,2022-06-24 00:30:00+00:00,test,test,R,2022-06-24,test,1,1,False,True
US_Employment__20220708,US Employment,US Employment,2022-07-08 13:30:00+00:00,2022-07-08,2022-07-07,0,-1,DIRECT_EVIDENCE,2022-07-08 13:30:00+00:00,test,test,R,2022-07-08,test,1,1,False,True
US_CPI__20220713,US CPI,US CPI,2022-07-13 13:30:00+00:00,2022-07-13,2022-07-12,0,-1,DEDUCED_FROM_TIMING_BRACKET,2022-07-13 13:30:00+00:00,test,test,R,2022-07-13,test,1,1,False,True
BoJ__20220721,BoJ,BoJ,2022-07-21 04:04:00+00:00,2022-07-21,2022-07-20,0,-1,DIRECT_EVIDENCE,2022-07-21 04:04:00+00:00,test,test,R,2022-07-21,test,1,1,False,True
JPY_National_CPI__20220722,JPY National CPI,JPY National CPI,2022-07-22 00:30:00+00:00,2022-07-22,2022-07-21,0,-1,DEDUCED_FROM_TIMING_BRACKET,2022-07-22 00:30:00+00:00,test,test,R,2022-07-22,test,1,1,False,True
FOMC__20220727,FOMC,FOMC,2022-07-27 19:00:00+00:00,2022-07-27,2022-07-27,0,0,DIRECT_EVIDENCE,2022-07-27 19:00:00+00:00,test,test,R,2022-07-27,test,1,1,False,True
US_Employment__20220805,US Employment,US Employment,2022-08-05 13:30:00+00:00,2022-08-05,2022-08-04,0,-1,DIRECT_EVIDENCE,2022-08-05 13:30:00+00:00,test,test,R,2022-08-05,test,1,1,False,True
US_CPI__20220810,US CPI,US CPI,2022-08-10 13:30:00+00:00,2022-08-10,2022-08-09,0,-1,DEDUCED_FROM_TIMING_BRACKET,2022-08-10 13:30:00+00:00,test,test,R,2022-08-10,test,1,1,False,True
JPY_GDP__20220815,JPY GDP,JPY GDP,2022-08-15 00:50:00+00:00,2022-08-15,2022-08-12,0,-1,DEDUCED_FROM_TIMING_BRACKET,2022-08-15 00:50:00+00:00,test,test,R,2022-08-15,test,1,1,False,True
JPY_National_CPI__20220819,JPY National CPI,JPY National CPI,2022-08-19 00:30:00+00:00,2022-08-19,2022-08-18,0,-1,DEDUCED_FROM_TIMING_BRACKET,2022-08-19 00:30:00+00:00,test,test,R,2022-08-19,test,1,1,False,True
US_Employment__20220902,US Employment,US Employment,2022-09-02 13:30:00+00:00,2022-09-02,2022-09-01,0,-1,DIRECT_EVIDENCE,2022-09-02 13:30:00+00:00,test,test,R,2022-09-02,test,1,1,False,True
JPY_GDP__20220908,JPY GDP,JPY GDP,2022-09-08 00:50:00+00:00,2022-09-08,2022-09-07,0,-1,DEDUCED_FROM_TIMING_BRACKET,2022-09-08 00:50:00+00:00,test,test,R,2022-09-08,test,1,1,False,True
US_CPI__20220913,US CPI,US CPI,2022-09-13 13:30:00+00:00,2022-09-13,2022-09-12,0,-1,DEDUCED_FROM_TIMING_BRACKET,2022-09-13 13:30:00+00:00,test,test,R,2022-09-13,test,1,1,False,True
JPY_National_CPI__20220920,JPY National CPI,JPY National CPI,2022-09-20 00:30:00+00:00,2022-09-20,2022-09-19,0,-1,DEDUCED_FROM_TIMING_BRACKET,2022-09-20 00:30:00+00:00,test,test,R,2022-09-20,test,1,1,False,True
FOMC__20220921,FOMC,FOMC,2022-09-21 19:00:00+00:00,2022-09-21,2022-09-21,0,0,DIRECT_EVIDENCE,2022-09-21 19:00:00+00:00,test,test,R,2022-09-21,test,1,1,False,True
BoJ__20220922,BoJ,BoJ,2022-09-22 03:51:00+00:00,2022-09-22,2022-09-21,0,-1,DIRECT_EVIDENCE,2022-09-22 03:51:00+00:00,test,test,R,2022-09-22,test,1,1,False,True
US_Employment__20221007,US Employment,US Employment,2022-10-07 13:30:00+00:00,2022-10-07,2022-10-06,0,-1,DIRECT_EVIDENCE,2022-10-07 13:30:00+00:00,test,test,R,2022-10-07,test,1,1,False,True
US_CPI__20221013,US CPI,US CPI,2022-10-13 13:30:00+00:00,2022-10-13,2022-10-12,0,-1,DEDUCED_FROM_TIMING_BRACKET,2022-10-13 13:30:00+00:00,test,test,R,2022-10-13,test,1,1,False,True
JPY_National_CPI__20221021,JPY National CPI,JPY National CPI,2022-10-21 00:30:00+00:00,2022-10-21,2022-10-20,0,-1,DEDUCED_FROM_TIMING_BRACKET,2022-10-21 00:30:00+00:00,test,test,R,2022-10-21,test,1,1,False,True
BoJ__20221028,BoJ,BoJ,2022-10-28 03:50:00+00:00,2022-10-28,2022-10-27,0,-1,DIRECT_EVIDENCE,2022-10-28 03:50:00+00:00,test,test,R,2022-10-28,test,1,1,False,True
FOMC__20221102,FOMC,FOMC,2022-11-02 18:00:00+00:00,2022-11-02,2022-11-02,0,0,DIRECT_EVIDENCE,2022-11-02 18:00:00+00:00,test,test,R,2022-11-02,test,1,1,False,True
US_Employment__20221104,US Employment,US Employment,2022-11-04 12:30:00+00:00,2022-11-04,2022-11-03,0,-1,DIRECT_EVIDENCE,2022-11-04 12:30:00+00:00,test,test,R,2022-11-04,test,1,1,False,True
US_CPI__20221110,US CPI,US CPI,2022-11-10 13:30:00+00:00,2022-11-10,2022-11-09,0,-1,DEDUCED_FROM_TIMING_BRACKET,2022-11-10 13:30:00+00:00,test,test,R,2022-11-10,test,1,1,False,True
JPY_GDP__20221115,JPY GDP,JPY GDP,2022-11-14 23:50:00+00:00,2022-11-15,2022-11-14,0,-1,DEDUCED_FROM_TIMING_BRACKET,2022-11-14 23:50:00+00:00,test,test,R,2022-11-15,test,1,1,False,True
JPY_National_CPI__20221118,JPY National CPI,JPY National CPI,2022-11-17 23:30:00+00:00,2022-11-18,2022-11-17,0,-1,DEDUCED_FROM_TIMING_BRACKET,2022-11-17 23:30:00+00:00,test,test,R,2022-11-18,test,1,1,False,True
US_Employment__20221202,US Employment,US Employment,2022-12-02 13:30:00+00:00,2022-12-02,2022-12-01,0,-1,DIRECT_EVIDENCE,2022-12-02 13:30:00+00:00,test,test,R,2022-12-02,test,1,1,False,True
JPY_GDP__20221208,JPY GDP,JPY GDP,2022-12-07 23:50:00+00:00,2022-12-08,2022-12-07,0,-1,DEDUCED_FROM_TIMING_BRACKET,2022-12-07 23:50:00+00:00,test,test,R,2022-12-08,test,1,1,False,True
US_CPI__20221213,US CPI,US CPI,2022-12-13 13:30:00+00:00,2022-12-13,2022-12-12,0,-1,DEDUCED_FROM_TIMING_BRACKET,2022-12-13 13:30:00+00:00,test,test,R,2022-12-13,test,1,1,False,True
FOMC__20221214,FOMC,FOMC,2022-12-14 19:00:00+00:00,2022-12-14,2022-12-14,0,0,DIRECT_EVIDENCE,2022-12-14 19:00:00+00:00,test,test,R,2022-12-14,test,1,1,False,True
BoJ__20221220,BoJ,BoJ,2022-12-20 03:01:00+00:00,2022-12-20,2022-12-19,0,-1,DIRECT_EVIDENCE,2022-12-20 03:01:00+00:00,test,test,R,2022-12-20,test,1,1,False,True
JPY_National_CPI__20221223,JPY National CPI,JPY National CPI,2022-12-22 23:30:00+00:00,2022-12-23,2022-12-22,0,-1,DEDUCED_FROM_TIMING_BRACKET,2022-12-22 23:30:00+00:00,test,test,R,2022-12-23,test,1,1,False,True
US_Employment__20230106,US Employment,US Employment,2023-01-06 13:30:00+00:00,2023-01-06,2023-01-05,0,-1,DIRECT_EVIDENCE,2023-01-06 13:30:00+00:00,test,test,R,2023-01-06,test,1,1,False,True
US_CPI__20230112,US CPI,US CPI,2023-01-12 13:30:00+00:00,2023-01-12,2023-01-11,0,-1,DEDUCED_FROM_TIMING_BRACKET,2023-01-12 13:30:00+00:00,test,test,R,2023-01-12,test,1,1,False,True
BoJ__20230118,BoJ,BoJ,2023-01-18 02:40:00+00:00,2023-01-18,2023-01-17,0,-1,DIRECT_EVIDENCE,2023-01-18 02:40:00+00:00,test,test,R,2023-01-18,test,1,1,False,True
JPY_National_CPI__20230120,JPY National CPI,JPY National CPI,2023-01-19 23:30:00+00:00,2023-01-20,2023-01-19,0,-1,DEDUCED_FROM_TIMING_BRACKET,2023-01-19 23:30:00+00:00,test,test,R,2023-01-20,test,1,1,False,True
FOMC__20230201,FOMC,FOMC,2023-02-01 19:00:00+00:00,2023-02-01,2023-02-01,0,0,DIRECT_EVIDENCE,2023-02-01 19:00:00+00:00,test,test,R,2023-02-01,test,1,1,False,True
US_Employment__20230203,US Employment,US Employment,2023-02-03 13:30:00+00:00,2023-02-03,2023-02-02,0,-1,DIRECT_EVIDENCE,2023-02-03 13:30:00+00:00,test,test,R,2023-02-03,test,1,1,False,True
JPY_GDP__20230214,JPY GDP,JPY GDP,2023-02-13 23:50:00+00:00,2023-02-14,2023-02-13,0,-1,DEDUCED_FROM_TIMING_BRACKET,2023-02-13 23:50:00+00:00,test,test,R,2023-02-14,test,2,2,True,False
US_CPI__20230214,US CPI,US CPI,2023-02-14 13:30:00+00:00,2023-02-14,2023-02-13,0,-1,DEDUCED_FROM_TIMING_BRACKET,2023-02-14 13:30:00+00:00,test,test,R,2023-02-14,test,2,2,True,False
JPY_National_CPI__20230224,JPY National CPI,JPY National CPI,2023-02-23 23:30:00+00:00,2023-02-24,2023-02-23,0,-1,DEDUCED_FROM_TIMING_BRACKET,2023-02-23 23:30:00+00:00,test,test,R,2023-02-24,test,1,1,False,True
JPY_GDP__20230309,JPY GDP,JPY GDP,2023-03-08 23:50:00+00:00,2023-03-09,2023-03-08,0,-1,DEDUCED_FROM_TIMING_BRACKET,2023-03-08 23:50:00+00:00,test,test,R,2023-03-09,test,1,1,False,True
BoJ__20230310,BoJ,BoJ,2023-03-10 02:30:00+00:00,2023-03-10,2023-03-09,0,-1,DIRECT_EVIDENCE,2023-03-10 02:30:00+00:00,test,test,R,2023-03-10,test,2,2,True,False
US_Employment__20230310,US Employment,US Employment,2023-03-10 13:30:00+00:00,2023-03-10,2023-03-09,0,-1,DIRECT_EVIDENCE,2023-03-10 13:30:00+00:00,test,test,R,2023-03-10,test,2,2,True,False
US_CPI__20230314,US CPI,US CPI,2023-03-14 12:30:00+00:00,2023-03-14,2023-03-13,0,-1,DEDUCED_FROM_TIMING_BRACKET,2023-03-14 12:30:00+00:00,test,test,R,2023-03-14,test,1,1,False,True
FOMC__20230322,FOMC,FOMC,2023-03-22 18:00:00+00:00,2023-03-22,2023-03-22,0,0,DIRECT_EVIDENCE,2023-03-22 18:00:00+00:00,test,test,R,2023-03-22,test,1,1,False,True
JPY_National_CPI__20230324,JPY National CPI,JPY National CPI,2023-03-23 23:30:00+00:00,2023-03-24,2023-03-23,0,-1,DEDUCED_FROM_TIMING_BRACKET,2023-03-23 23:30:00+00:00,test,test,R,2023-03-24,test,1,1,False,True
US_Employment__20230407,US Employment,US Employment,2023-04-07 13:30:00+00:00,2023-04-07,2023-04-06,0,-1,DIRECT_EVIDENCE,2023-04-07 13:30:00+00:00,test,test,R,2023-04-07,test,1,1,False,True
US_CPI__20230412,US CPI,US CPI,2023-04-12 13:30:00+00:00,2023-04-12,2023-04-11,0,-1,DEDUCED_FROM_TIMING_BRACKET,2023-04-12 13:30:00+00:00,test,test,R,2023-04-12,test,1,1,False,True
JPY_National_CPI__20230421,JPY National CPI,JPY National CPI,2023-04-21 00:30:00+00:00,2023-04-21,2023-04-20,0,-1,DEDUCED_FROM_TIMING_BRACKET,2023-04-21 00:30:00+00:00,test,test,R,2023-04-21,test,1,1,False,True
BoJ__20230428,BoJ,BoJ,2023-04-28 05:00:00+00:00,2023-04-28,2023-04-27,0,-1,DIRECT_EVIDENCE,2023-04-28 05:00:00+00:00,test,test,R,2023-04-28,test,1,1,False,True
FOMC__20230503,FOMC,FOMC,2023-05-03 19:00:00+00:00,2023-05-03,2023-05-03,0,0,DIRECT_EVIDENCE,2023-05-03 19:00:00+00:00,test,test,R,2023-05-03,test,1,1,False,True
US_Employment__20230505,US Employment,US Employment,2023-05-05 13:30:00+00:00,2023-05-05,2023-05-04,0,-1,DIRECT_EVIDENCE,2023-05-05 13:30:00+00:00,test,test,R,2023-05-05,test,1,1,False,True
US_CPI__20230510,US CPI,US CPI,2023-05-10 13:30:00+00:00,2023-05-10,2023-05-09,0,-1,DEDUCED_FROM_TIMING_BRACKET,2023-05-10 13:30:00+00:00,test,test,R,2023-05-10,test,1,1,False,True
JPY_GDP__20230517,JPY GDP,JPY GDP,2023-05-17 00:50:00+00:00,2023-05-17,2023-05-16,0,-1,DEDUCED_FROM_TIMING_BRACKET,2023-05-17 00:50:00+00:00,test,test,R,2023-05-17,test,1,1,False,True
JPY_National_CPI__20230519,JPY National CPI,JPY National CPI,2023-05-19 00:30:00+00:00,2023-05-19,2023-05-18,0,-1,DEDUCED_FROM_TIMING_BRACKET,2023-05-19 00:30:00+00:00,test,test,R,2023-05-19,test,1,1,False,True
US_Employment__20230602,US Employment,US Employment,2023-06-02 13:30:00+00:00,2023-06-02,2023-06-01,0,-1,DIRECT_EVIDENCE,2023-06-02 13:30:00+00:00,test,test,R,2023-06-02,test,1,1,False,True
JPY_GDP__20230608,JPY GDP,JPY GDP,2023-06-08 00:50:00+00:00,2023-06-08,2023-06-07,0,-1,DEDUCED_FROM_TIMING_BRACKET,2023-06-08 00:50:00+00:00,test,test,R,2023-06-08,test,1,1,False,True
US_CPI__20230613,US CPI,US CPI,2023-06-13 13:30:00+00:00,2023-06-13,2023-06-12,0,-1,DEDUCED_FROM_TIMING_BRACKET,2023-06-13 13:30:00+00:00,test,test,R,2023-06-13,test,1,1,False,True
FOMC__20230614,FOMC,FOMC,2023-06-14 19:00:00+00:00,2023-06-14,2023-06-14,0,0,DIRECT_EVIDENCE,2023-06-14 19:00:00+00:00,test,test,R,2023-06-14,test,1,1,False,True
BoJ__20230616,BoJ,BoJ,2023-06-16 03:47:00+00:00,2023-06-16,2023-06-15,0,-1,DIRECT_EVIDENCE,2023-06-16 03:47:00+00:00,test,test,R,2023-06-16,test,1,1,False,True
JPY_National_CPI__20230623,JPY National CPI,JPY National CPI,2023-06-23 00:30:00+00:00,2023-06-23,2023-06-22,0,-1,DEDUCED_FROM_TIMING_BRACKET,2023-06-23 00:30:00+00:00,test,test,R,2023-06-23,test,1,1,False,True
US_Employment__20230707,US Employment,US Employment,2023-07-07 13:30:00+00:00,2023-07-07,2023-07-06,0,-1,DIRECT_EVIDENCE,2023-07-07 13:30:00+00:00,test,test,R,2023-07-07,test,1,1,False,True
US_CPI__20230712,US CPI,US CPI,2023-07-12 13:30:00+00:00,2023-07-12,2023-07-11,0,-1,DEDUCED_FROM_TIMING_BRACKET,2023-07-12 13:30:00+00:00,test,test,R,2023-07-12,test,1,1,False,True
JPY_National_CPI__20230721,JPY National CPI,JPY National CPI,2023-07-21 00:30:00+00:00,2023-07-21,2023-07-20,0,-1,DEDUCED_FROM_TIMING_BRACKET,2023-07-21 00:30:00+00:00,test,test,R,2023-07-21,test,1,1,False,True
FOMC__20230726,FOMC,FOMC,2023-07-26 19:00:00+00:00,2023-07-26,2023-07-26,0,0,DIRECT_EVIDENCE,2023-07-26 19:00:00+00:00,test,test,R,2023-07-26,test,1,1,False,True
BoJ__20230728,BoJ,BoJ,2023-07-28 04:28:00+00:00,2023-07-28,2023-07-27,0,-1,DIRECT_EVIDENCE,2023-07-28 04:28:00+00:00,test,test,R,2023-07-28,test,1,1,False,True
US_Employment__20230804,US Employment,US Employment,2023-08-04 13:30:00+00:00,2023-08-04,2023-08-03,0,-1,DIRECT_EVIDENCE,2023-08-04 13:30:00+00:00,test,test,R,2023-08-04,test,1,1,False,True
US_CPI__20230810,US CPI,US CPI,2023-08-10 13:30:00+00:00,2023-08-10,2023-08-09,0,-1,DEDUCED_FROM_TIMING_BRACKET,2023-08-10 13:30:00+00:00,test,test,R,2023-08-10,test,1,1,False,True
JPY_GDP__20230815,JPY GDP,JPY GDP,2023-08-15 00:50:00+00:00,2023-08-15,2023-08-14,0,-1,DEDUCED_FROM_TIMING_BRACKET,2023-08-15 00:50:00+00:00,test,test,R,2023-08-15,test,1,1,False,True
JPY_National_CPI__20230818,JPY National CPI,JPY National CPI,2023-08-18 00:30:00+00:00,2023-08-18,2023-08-17,0,-1,DEDUCED_FROM_TIMING_BRACKET,2023-08-18 00:30:00+00:00,test,test,R,2023-08-18,test,1,1,False,True
US_Employment__20230901,US Employment,US Employment,2023-09-01 13:30:00+00:00,2023-09-01,2023-08-31,0,-1,DIRECT_EVIDENCE,2023-09-01 13:30:00+00:00,test,test,R,2023-09-01,test,1,1,False,True
JPY_GDP__20230908,JPY GDP,JPY GDP,2023-09-08 00:50:00+00:00,2023-09-08,2023-09-07,0,-1,DEDUCED_FROM_TIMING_BRACKET,2023-09-08 00:50:00+00:00,test,test,R,2023-09-08,test,1,1,False,True
US_CPI__20230913,US CPI,US CPI,2023-09-13 13:30:00+00:00,2023-09-13,2023-09-12,0,-1,DEDUCED_FROM_TIMING_BRACKET,2023-09-13 13:30:00+00:00,test,test,R,2023-09-13,test,1,1,False,True
FOMC__20230920,FOMC,FOMC,2023-09-20 19:00:00+00:00,2023-09-20,2023-09-20,0,0,DIRECT_EVIDENCE,2023-09-20 19:00:00+00:00,test,test,R,2023-09-20,test,1,1,False,True
BoJ__20230922,BoJ,BoJ,2023-09-22 03:52:00+00:00,2023-09-22,2023-09-21,0,-1,DIRECT_EVIDENCE,2023-09-22 03:52:00+00:00,test,test,R,2023-09-22,test,2,2,True,False
JPY_National_CPI__20230922,JPY National CPI,JPY National CPI,2023-09-22 00:30:00+00:00,2023-09-22,2023-09-21,0,-1,DEDUCED_FROM_TIMING_BRACKET,2023-09-22 00:30:00+00:00,test,test,R,2023-09-22,test,2,2,True,False
US_Employment__20231006,US Employment,US Employment,2023-10-06 13:30:00+00:00,2023-10-06,2023-10-05,0,-1,DIRECT_EVIDENCE,2023-10-06 13:30:00+00:00,test,test,R,2023-10-06,test,1,1,False,True
US_CPI__20231012,US CPI,US CPI,2023-10-12 13:30:00+00:00,2023-10-12,2023-10-11,0,-1,DEDUCED_FROM_TIMING_BRACKET,2023-10-12 13:30:00+00:00,test,test,R,2023-10-12,test,1,1,False,True
JPY_National_CPI__20231020,JPY National CPI,JPY National CPI,2023-10-20 00:30:00+00:00,2023-10-20,2023-10-19,0,-1,DEDUCED_FROM_TIMING_BRACKET,2023-10-20 00:30:00+00:00,test,test,R,2023-10-20,test,1,1,False,True
BoJ__20231031,BoJ,BoJ,2023-10-31 03:27:00+00:00,2023-10-31,2023-10-30,0,-1,DIRECT_EVIDENCE,2023-10-31 03:27:00+00:00,test,test,R,2023-10-31,test,1,1,False,True
FOMC__20231101,FOMC,FOMC,2023-11-01 18:00:00+00:00,2023-11-01,2023-11-01,0,0,DIRECT_EVIDENCE,2023-11-01 18:00:00+00:00,test,test,R,2023-11-01,test,1,1,False,True
US_Employment__20231103,US Employment,US Employment,2023-11-03 12:30:00+00:00,2023-11-03,2023-11-02,0,-1,DIRECT_EVIDENCE,2023-11-03 12:30:00+00:00,test,test,R,2023-11-03,test,1,1,False,True
US_CPI__20231114,US CPI,US CPI,2023-11-14 13:30:00+00:00,2023-11-14,2023-11-13,0,-1,DEDUCED_FROM_TIMING_BRACKET,2023-11-14 13:30:00+00:00,test,test,R,2023-11-14,test,1,1,False,True
JPY_GDP__20231115,JPY GDP,JPY GDP,2023-11-14 23:50:00+00:00,2023-11-15,2023-11-14,0,-1,DEDUCED_FROM_TIMING_BRACKET,2023-11-14 23:50:00+00:00,test,test,R,2023-11-15,test,1,1,False,True
JPY_National_CPI__20231124,JPY National CPI,JPY National CPI,2023-11-23 23:30:00+00:00,2023-11-24,2023-11-23,0,-1,DEDUCED_FROM_TIMING_BRACKET,2023-11-23 23:30:00+00:00,test,test,R,2023-11-24,test,1,1,False,True
JPY_GDP__20231208,JPY GDP,JPY GDP,2023-12-07 23:50:00+00:00,2023-12-08,2023-12-07,0,-1,DEDUCED_FROM_TIMING_BRACKET,2023-12-07 23:50:00+00:00,test,test,R,2023-12-08,test,2,2,True,False
US_Employment__20231208,US Employment,US Employment,2023-12-08 13:30:00+00:00,2023-12-08,2023-12-07,0,-1,DIRECT_EVIDENCE,2023-12-08 13:30:00+00:00,test,test,R,2023-12-08,test,2,2,True,False
US_CPI__20231212,US CPI,US CPI,2023-12-12 13:30:00+00:00,2023-12-12,2023-12-11,0,-1,DEDUCED_FROM_TIMING_BRACKET,2023-12-12 13:30:00+00:00,test,test,R,2023-12-12,test,1,1,False,True
FOMC__20231213,FOMC,FOMC,2023-12-13 19:00:00+00:00,2023-12-13,2023-12-13,0,0,DIRECT_EVIDENCE,2023-12-13 19:00:00+00:00,test,test,R,2023-12-13,test,1,1,False,True
BoJ__20231219,BoJ,BoJ,2023-12-19 02:49:00+00:00,2023-12-19,2023-12-18,0,-1,DIRECT_EVIDENCE,2023-12-19 02:49:00+00:00,test,test,R,2023-12-19,test,1,1,False,True
JPY_National_CPI__20231222,JPY National CPI,JPY National CPI,2023-12-21 23:30:00+00:00,2023-12-22,2023-12-21,0,-1,DEDUCED_FROM_TIMING_BRACKET,2023-12-21 23:30:00+00:00,test,test,R,2023-12-22,test,1,1,False,True
US_Employment__20240105,US Employment,US Employment,2024-01-05 13:30:00+00:00,2024-01-05,2024-01-04,0,-1,DIRECT_EVIDENCE,2024-01-05 13:30:00+00:00,test,test,R,2024-01-05,test,1,1,False,True
US_CPI__20240111,US CPI,US CPI,2024-01-11 13:30:00+00:00,2024-01-11,2024-01-10,0,-1,DEDUCED_FROM_TIMING_BRACKET,2024-01-11 13:30:00+00:00,test,test,R,2024-01-11,test,1,1,False,True
JPY_National_CPI__20240119,JPY National CPI,JPY National CPI,2024-01-18 23:30:00+00:00,2024-01-19,2024-01-18,0,-1,DEDUCED_FROM_TIMING_BRACKET,2024-01-18 23:30:00+00:00,test,test,R,2024-01-19,test,1,1,False,True
BoJ__20240123,BoJ,BoJ,2024-01-23 03:09:00+00:00,2024-01-23,2024-01-22,0,-1,DIRECT_EVIDENCE,2024-01-23 03:09:00+00:00,test,test,R,2024-01-23,test,1,1,False,True
FOMC__20240131,FOMC,FOMC,2024-01-31 19:00:00+00:00,2024-01-31,2024-01-31,0,0,DIRECT_EVIDENCE,2024-01-31 19:00:00+00:00,test,test,R,2024-01-31,test,1,1,False,True
US_Employment__20240202,US Employment,US Employment,2024-02-02 13:30:00+00:00,2024-02-02,2024-02-01,0,-1,DIRECT_EVIDENCE,2024-02-02 13:30:00+00:00,test,test,R,2024-02-02,test,1,1,False,True
US_CPI__20240213,US CPI,US CPI,2024-02-13 13:30:00+00:00,2024-02-13,2024-02-12,0,-1,DEDUCED_FROM_TIMING_BRACKET,2024-02-13 13:30:00+00:00,test,test,R,2024-02-13,test,1,1,False,True
JPY_GDP__20240215,JPY GDP,JPY GDP,2024-02-14 23:50:00+00:00,2024-02-15,2024-02-14,0,-1,DEDUCED_FROM_TIMING_BRACKET,2024-02-14 23:50:00+00:00,test,test,R,2024-02-15,test,1,1,False,True
JPY_National_CPI__20240227,JPY National CPI,JPY National CPI,2024-02-26 23:30:00+00:00,2024-02-27,2024-02-26,0,-1,DEDUCED_FROM_TIMING_BRACKET,2024-02-26 23:30:00+00:00,test,test,R,2024-02-27,test,1,1,False,True
US_Employment__20240308,US Employment,US Employment,2024-03-08 13:30:00+00:00,2024-03-08,2024-03-07,0,-1,DIRECT_EVIDENCE,2024-03-08 13:30:00+00:00,test,test,R,2024-03-08,test,1,1,False,True
JPY_GDP__20240311,JPY GDP,JPY GDP,2024-03-10 23:50:00+00:00,2024-03-11,2024-03-08,0,-1,DEDUCED_FROM_TIMING_BRACKET,2024-03-10 23:50:00+00:00,test,test,R,2024-03-11,test,1,1,False,True
US_CPI__20240312,US CPI,US CPI,2024-03-12 12:30:00+00:00,2024-03-12,2024-03-11,0,-1,DEDUCED_FROM_TIMING_BRACKET,2024-03-12 12:30:00+00:00,test,test,R,2024-03-12,test,1,1,False,True
BoJ__20240319,BoJ,BoJ,2024-03-19 03:36:00+00:00,2024-03-19,2024-03-18,0,-1,DIRECT_EVIDENCE,2024-03-19 03:36:00+00:00,test,test,R,2024-03-19,test,1,1,False,True
FOMC__20240320,FOMC,FOMC,2024-03-20 18:00:00+00:00,2024-03-20,2024-03-20,0,0,DIRECT_EVIDENCE,2024-03-20 18:00:00+00:00,test,test,R,2024-03-20,test,1,1,False,True
JPY_National_CPI__20240322,JPY National CPI,JPY National CPI,2024-03-21 23:30:00+00:00,2024-03-22,2024-03-21,0,-1,DEDUCED_FROM_TIMING_BRACKET,2024-03-21 23:30:00+00:00,test,test,R,2024-03-22,test,1,1,False,True
US_Employment__20240405,US Employment,US Employment,2024-04-05 13:30:00+00:00,2024-04-05,2024-04-04,0,-1,DIRECT_EVIDENCE,2024-04-05 13:30:00+00:00,test,test,R,2024-04-05,test,1,1,False,True
US_CPI__20240410,US CPI,US CPI,2024-04-10 13:30:00+00:00,2024-04-10,2024-04-09,0,-1,DEDUCED_FROM_TIMING_BRACKET,2024-04-10 13:30:00+00:00,test,test,R,2024-04-10,test,1,1,False,True
JPY_National_CPI__20240419,JPY National CPI,JPY National CPI,2024-04-19 00:30:00+00:00,2024-04-19,2024-04-18,0,-1,DEDUCED_FROM_TIMING_BRACKET,2024-04-19 00:30:00+00:00,test,test,R,2024-04-19,test,1,1,False,True
BoJ__20240426,BoJ,BoJ,2024-04-26 04:22:00+00:00,2024-04-26,2024-04-25,0,-1,DIRECT_EVIDENCE,2024-04-26 04:22:00+00:00,test,test,R,2024-04-26,test,1,1,False,True
FOMC__20240501,FOMC,FOMC,2024-05-01 19:00:00+00:00,2024-05-01,2024-05-01,0,0,DIRECT_EVIDENCE,2024-05-01 19:00:00+00:00,test,test,R,2024-05-01,test,1,1,False,True
US_Employment__20240503,US Employment,US Employment,2024-05-03 13:30:00+00:00,2024-05-03,2024-05-02,0,-1,DIRECT_EVIDENCE,2024-05-03 13:30:00+00:00,test,test,R,2024-05-03,test,1,1,False,True
US_CPI__20240515,US CPI,US CPI,2024-05-15 13:30:00+00:00,2024-05-15,2024-05-14,0,-1,DEDUCED_FROM_TIMING_BRACKET,2024-05-15 13:30:00+00:00,test,test,R,2024-05-15,test,1,1,False,True
JPY_GDP__20240516,JPY GDP,JPY GDP,2024-05-16 00:50:00+00:00,2024-05-16,2024-05-15,0,-1,DEDUCED_FROM_TIMING_BRACKET,2024-05-16 00:50:00+00:00,test,test,R,2024-05-16,test,1,1,False,True
JPY_National_CPI__20240524,JPY National CPI,JPY National CPI,2024-05-24 00:30:00+00:00,2024-05-24,2024-05-23,0,-1,DEDUCED_FROM_TIMING_BRACKET,2024-05-24 00:30:00+00:00,test,test,R,2024-05-24,test,1,1,False,True
US_Employment__20240607,US Employment,US Employment,2024-06-07 13:30:00+00:00,2024-06-07,2024-06-06,0,-1,DIRECT_EVIDENCE,2024-06-07 13:30:00+00:00,test,test,R,2024-06-07,test,1,1,False,True
JPY_GDP__20240610,JPY GDP,JPY GDP,2024-06-10 00:50:00+00:00,2024-06-10,2024-06-07,0,-1,DEDUCED_FROM_TIMING_BRACKET,2024-06-10 00:50:00+00:00,test,test,R,2024-06-10,test,1,1,False,True
FOMC__20240612,FOMC,FOMC,2024-06-12 19:00:00+00:00,2024-06-12,2024-06-12,0,0,DIRECT_EVIDENCE,2024-06-12 19:00:00+00:00,test,test,R,2024-06-12,test,2,2,True,False
US_CPI__20240612,US CPI,US CPI,2024-06-12 13:30:00+00:00,2024-06-12,2024-06-11,0,-1,DEDUCED_FROM_TIMING_BRACKET,2024-06-12 13:30:00+00:00,test,test,R,2024-06-12,test,2,2,True,False
BoJ__20240614,BoJ,BoJ,2024-06-14 04:23:00+00:00,2024-06-14,2024-06-13,0,-1,DIRECT_EVIDENCE,2024-06-14 04:23:00+00:00,test,test,R,2024-06-14,test,1,1,False,True
JPY_National_CPI__20240621,JPY National CPI,JPY National CPI,2024-06-21 00:30:00+00:00,2024-06-21,2024-06-20,0,-1,DEDUCED_FROM_TIMING_BRACKET,2024-06-21 00:30:00+00:00,test,test,R,2024-06-21,test,1,1,False,True
US_Employment__20240705,US Employment,US Employment,2024-07-05 13:30:00+00:00,2024-07-05,2024-07-04,0,-1,DIRECT_EVIDENCE,2024-07-05 13:30:00+00:00,test,test,R,2024-07-05,test,1,1,False,True
US_CPI__20240711,US CPI,US CPI,2024-07-11 13:30:00+00:00,2024-07-11,2024-07-10,0,-1,DEDUCED_FROM_TIMING_BRACKET,2024-07-11 13:30:00+00:00,test,test,R,2024-07-11,test,1,1,False,True
JPY_National_CPI__20240719,JPY National CPI,JPY National CPI,2024-07-19 00:30:00+00:00,2024-07-19,2024-07-18,0,-1,DEDUCED_FROM_TIMING_BRACKET,2024-07-19 00:30:00+00:00,test,test,R,2024-07-19,test,1,1,False,True
BoJ__20240731,BoJ,BoJ,2024-07-31 04:56:00.986000+00:00,2024-07-31,2024-07-30,0,-1,DIRECT_EVIDENCE,,test,test,R,2024-07-31,test,2,2,True,False
FOMC__20240731,FOMC,FOMC,2024-07-31 19:00:00+00:00,2024-07-31,2024-07-31,0,0,DIRECT_EVIDENCE,2024-07-31 19:00:00+00:00,test,test,R,2024-07-31,test,2,2,True,False
US_Employment__20240802,US Employment,US Employment,2024-08-02 13:30:00+00:00,2024-08-02,2024-08-01,0,-1,DIRECT_EVIDENCE,2024-08-02 13:30:00+00:00,test,test,R,2024-08-02,test,1,1,False,True
US_CPI__20240814,US CPI,US CPI,2024-08-14 13:30:00+00:00,2024-08-14,2024-08-13,0,-1,DEDUCED_FROM_TIMING_BRACKET,2024-08-14 13:30:00+00:00,test,test,R,2024-08-14,test,1,1,False,True
JPY_GDP__20240815,JPY GDP,JPY GDP,2024-08-15 00:50:00+00:00,2024-08-15,2024-08-14,0,-1,DEDUCED_FROM_TIMING_BRACKET,2024-08-15 00:50:00+00:00,test,test,R,2024-08-15,test,1,1,False,True
JPY_National_CPI__20240823,JPY National CPI,JPY National CPI,2024-08-23 00:30:00+00:00,2024-08-23,2024-08-22,0,-1,DEDUCED_FROM_TIMING_BRACKET,2024-08-23 00:30:00+00:00,test,test,R,2024-08-23,test,1,1,False,True
US_Employment__20240906,US Employment,US Employment,2024-09-06 13:30:00+00:00,2024-09-06,2024-09-05,0,-1,DIRECT_EVIDENCE,2024-09-06 13:30:00+00:00,test,test,R,2024-09-06,test,1,1,False,True
JPY_GDP__20240909,JPY GDP,JPY GDP,2024-09-09 00:50:00+00:00,2024-09-09,2024-09-06,0,-1,DEDUCED_FROM_TIMING_BRACKET,2024-09-09 00:50:00+00:00,test,test,R,2024-09-09,test,1,1,False,True
US_CPI__20240911,US CPI,US CPI,2024-09-11 13:30:00+00:00,2024-09-11,2024-09-10,0,-1,DEDUCED_FROM_TIMING_BRACKET,2024-09-11 13:30:00+00:00,test,test,R,2024-09-11,test,1,1,False,True
FOMC__20240918,FOMC,FOMC,2024-09-18 19:00:00+00:00,2024-09-18,2024-09-18,0,0,DIRECT_EVIDENCE,2024-09-18 19:00:00+00:00,test,test,R,2024-09-18,test,1,1,False,True
BoJ__20240920,BoJ,BoJ,2024-09-20 03:52:00+00:00,2024-09-20,2024-09-19,0,-1,DIRECT_EVIDENCE,2024-09-20 03:52:00+00:00,test,test,R,2024-09-20,test,2,2,True,False
JPY_National_CPI__20240920,JPY National CPI,JPY National CPI,2024-09-20 00:30:00+00:00,2024-09-20,2024-09-19,0,-1,DEDUCED_FROM_TIMING_BRACKET,2024-09-20 00:30:00+00:00,test,test,R,2024-09-20,test,2,2,True,False
US_Employment__20241004,US Employment,US Employment,2024-10-04 13:30:00+00:00,2024-10-04,2024-10-03,0,-1,DIRECT_EVIDENCE,2024-10-04 13:30:00+00:00,test,test,R,2024-10-04,test,1,1,False,True
US_CPI__20241010,US CPI,US CPI,2024-10-10 13:30:00+00:00,2024-10-10,2024-10-09,0,-1,DEDUCED_FROM_TIMING_BRACKET,2024-10-10 13:30:00+00:00,test,test,R,2024-10-10,test,1,1,False,True
JPY_National_CPI__20241018,JPY National CPI,JPY National CPI,2024-10-18 00:30:00+00:00,2024-10-18,2024-10-17,0,-1,DEDUCED_FROM_TIMING_BRACKET,2024-10-18 00:30:00+00:00,test,test,R,2024-10-18,test,1,1,False,True
BoJ__20241031,BoJ,BoJ,2024-10-31 02:48:00+00:00,2024-10-31,2024-10-30,0,-1,DIRECT_EVIDENCE,2024-10-31 02:48:00+00:00,test,test,R,2024-10-31,test,1,1,False,True
US_Employment__20241101,US Employment,US Employment,2024-11-01 12:30:00+00:00,2024-11-01,2024-10-31,0,-1,DIRECT_EVIDENCE,2024-11-01 12:30:00+00:00,test,test,R,2024-11-01,test,1,1,False,True
FOMC__20241107,FOMC,FOMC,2024-11-07 19:00:00+00:00,2024-11-07,2024-11-07,0,0,DIRECT_EVIDENCE,2024-11-07 19:00:00+00:00,test,test,R,2024-11-07,test,1,1,False,True
US_CPI__20241113,US CPI,US CPI,2024-11-13 13:30:00+00:00,2024-11-13,2024-11-12,0,-1,DEDUCED_FROM_TIMING_BRACKET,2024-11-13 13:30:00+00:00,test,test,R,2024-11-13,test,1,1,False,True
JPY_GDP__20241115,JPY GDP,JPY GDP,2024-11-14 23:50:00+00:00,2024-11-15,2024-11-14,0,-1,DEDUCED_FROM_TIMING_BRACKET,2024-11-14 23:50:00+00:00,test,test,R,2024-11-15,test,1,1,False,True
JPY_National_CPI__20241122,JPY National CPI,JPY National CPI,2024-11-21 23:30:00+00:00,2024-11-22,2024-11-21,0,-1,DEDUCED_FROM_TIMING_BRACKET,2024-11-21 23:30:00+00:00,test,test,R,2024-11-22,test,1,1,False,True
US_Employment__20241206,US Employment,US Employment,2024-12-06 13:30:00+00:00,2024-12-06,2024-12-05,0,-1,DIRECT_EVIDENCE,2024-12-06 13:30:00+00:00,test,test,R,2024-12-06,test,1,1,False,True
JPY_GDP__20241209,JPY GDP,JPY GDP,2024-12-08 23:50:00+00:00,2024-12-09,2024-12-06,0,-1,DEDUCED_FROM_TIMING_BRACKET,2024-12-08 23:50:00+00:00,test,test,R,2024-12-09,test,1,1,False,True
US_CPI__20241211,US CPI,US CPI,2024-12-11 13:30:00+00:00,2024-12-11,2024-12-10,0,-1,DEDUCED_FROM_TIMING_BRACKET,2024-12-11 13:30:00+00:00,test,test,R,2024-12-11,test,1,1,False,True
FOMC__20241218,FOMC,FOMC,2024-12-18 19:00:00+00:00,2024-12-18,2024-12-18,0,0,DIRECT_EVIDENCE,2024-12-18 19:00:00+00:00,test,test,R,2024-12-18,test,1,1,False,True
BoJ__20241219,BoJ,BoJ,2024-12-19 02:52:00+00:00,2024-12-19,2024-12-18,0,-1,DIRECT_EVIDENCE,2024-12-19 02:52:00+00:00,test,test,R,2024-12-19,test,1,1,False,True
JPY_National_CPI__20241220,JPY National CPI,JPY National CPI,2024-12-19 23:30:00+00:00,2024-12-20,2024-12-19,0,-1,DEDUCED_FROM_TIMING_BRACKET,2024-12-19 23:30:00+00:00,test,test,R,2024-12-20,test,1,1,False,True
US_Employment__20250110,US Employment,US Employment,2025-01-10 13:30:00+00:00,2025-01-10,2025-01-09,0,-1,DIRECT_EVIDENCE,2025-01-10 13:30:00+00:00,test,test,R,2025-01-10,test,1,1,False,True
US_CPI__20250115,US CPI,US CPI,2025-01-15 13:30:00+00:00,2025-01-15,2025-01-14,0,-1,DEDUCED_FROM_TIMING_BRACKET,2025-01-15 13:30:00+00:00,test,test,R,2025-01-15,test,1,1,False,True
BoJ__20250124,BoJ,BoJ,2025-01-24 03:23:00+00:00,2025-01-24,2025-01-23,0,-1,DIRECT_EVIDENCE,2025-01-24 03:23:00+00:00,test,test,R,2025-01-24,test,2,2,True,False
JPY_National_CPI__20250124,JPY National CPI,JPY National CPI,2025-01-23 23:30:00+00:00,2025-01-24,2025-01-23,0,-1,DEDUCED_FROM_TIMING_BRACKET,2025-01-23 23:30:00+00:00,test,test,R,2025-01-24,test,2,2,True,False
FOMC__20250129,FOMC,FOMC,2025-01-29 19:00:00+00:00,2025-01-29,2025-01-29,0,0,DIRECT_EVIDENCE,2025-01-29 19:00:00+00:00,test,test,R,2025-01-29,test,1,1,False,True
US_Employment__20250207,US Employment,US Employment,2025-02-07 13:30:00+00:00,2025-02-07,2025-02-06,0,-1,DIRECT_EVIDENCE,2025-02-07 13:30:00+00:00,test,test,R,2025-02-07,test,1,1,False,True
US_CPI__20250212,US CPI,US CPI,2025-02-12 13:30:00+00:00,2025-02-12,2025-02-11,0,-1,DEDUCED_FROM_TIMING_BRACKET,2025-02-12 13:30:00+00:00,test,test,R,2025-02-12,test,1,1,False,True
JPY_GDP__20250217,JPY GDP,JPY GDP,2025-02-16 23:50:00+00:00,2025-02-17,2025-02-14,0,-1,DEDUCED_FROM_TIMING_BRACKET,2025-02-16 23:50:00+00:00,test,test,R,2025-02-17,test,1,1,False,True
JPY_National_CPI__20250221,JPY National CPI,JPY National CPI,2025-02-20 23:30:00+00:00,2025-02-21,2025-02-20,0,-1,DEDUCED_FROM_TIMING_BRACKET,2025-02-20 23:30:00+00:00,test,test,R,2025-02-21,test,1,1,False,True
US_Employment__20250307,US Employment,US Employment,2025-03-07 13:30:00+00:00,2025-03-07,2025-03-06,0,-1,DIRECT_EVIDENCE,2025-03-07 13:30:00+00:00,test,test,R,2025-03-07,test,1,1,False,True
JPY_GDP__20250311,JPY GDP,JPY GDP,2025-03-10 23:50:00+00:00,2025-03-11,2025-03-10,0,-1,DEDUCED_FROM_TIMING_BRACKET,2025-03-10 23:50:00+00:00,test,test,R,2025-03-11,test,1,1,False,True
US_CPI__20250312,US CPI,US CPI,2025-03-12 12:30:00+00:00,2025-03-12,2025-03-11,0,-1,DEDUCED_FROM_TIMING_BRACKET,2025-03-12 12:30:00+00:00,test,test,R,2025-03-12,test,1,1,False,True
BoJ__20250319,BoJ,BoJ,2025-03-19 02:25:00+00:00,2025-03-19,2025-03-18,0,-1,DIRECT_EVIDENCE,2025-03-19 02:25:00+00:00,test,test,R,2025-03-19,test,2,2,True,False
FOMC__20250319,FOMC,FOMC,2025-03-19 18:00:00+00:00,2025-03-19,2025-03-19,0,0,DIRECT_EVIDENCE,2025-03-19 18:00:00+00:00,test,test,R,2025-03-19,test,2,2,True,False
JPY_National_CPI__20250321,JPY National CPI,JPY National CPI,2025-03-20 23:30:00+00:00,2025-03-21,2025-03-20,0,-1,DEDUCED_FROM_TIMING_BRACKET,2025-03-20 23:30:00+00:00,test,test,R,2025-03-21,test,1,1,False,True
US_Employment__20250404,US Employment,US Employment,2025-04-04 13:30:00+00:00,2025-04-04,2025-04-03,0,-1,DIRECT_EVIDENCE,2025-04-04 13:30:00+00:00,test,test,R,2025-04-04,test,1,1,False,True
US_CPI__20250410,US CPI,US CPI,2025-04-10 13:30:00+00:00,2025-04-10,2025-04-09,0,-1,DEDUCED_FROM_TIMING_BRACKET,2025-04-10 13:30:00+00:00,test,test,R,2025-04-10,test,1,1,False,True
JPY_National_CPI__20250418,JPY National CPI,JPY National CPI,2025-04-18 00:30:00+00:00,2025-04-18,2025-04-17,0,-1,DEDUCED_FROM_TIMING_BRACKET,2025-04-18 00:30:00+00:00,test,test,R,2025-04-18,test,1,1,False,True
BoJ__20250501,BoJ,BoJ,2025-05-01 04:02:00+00:00,2025-05-01,2025-04-30,0,-1,DIRECT_EVIDENCE,2025-05-01 04:02:00+00:00,test,test,R,2025-05-01,test,1,1,False,True
US_Employment__20250502,US Employment,US Employment,2025-05-02 13:30:00+00:00,2025-05-02,2025-05-01,0,-1,DIRECT_EVIDENCE,2025-05-02 13:30:00+00:00,test,test,R,2025-05-02,test,1,1,False,True
FOMC__20250507,FOMC,FOMC,2025-05-07 19:00:00+00:00,2025-05-07,2025-05-07,0,0,DIRECT_EVIDENCE,2025-05-07 19:00:00+00:00,test,test,R,2025-05-07,test,1,1,False,True
US_CPI__20250513,US CPI,US CPI,2025-05-13 13:30:00+00:00,2025-05-13,2025-05-12,0,-1,DEDUCED_FROM_TIMING_BRACKET,2025-05-13 13:30:00+00:00,test,test,R,2025-05-13,test,1,1,False,True
JPY_GDP__20250516,JPY GDP,JPY GDP,2025-05-16 00:50:00+00:00,2025-05-16,2025-05-15,0,-1,DEDUCED_FROM_TIMING_BRACKET,2025-05-16 00:50:00+00:00,test,test,R,2025-05-16,test,1,1,False,True
JPY_National_CPI__20250523,JPY National CPI,JPY National CPI,2025-05-23 00:30:00+00:00,2025-05-23,2025-05-22,0,-1,DEDUCED_FROM_TIMING_BRACKET,2025-05-23 00:30:00+00:00,test,test,R,2025-05-23,test,1,1,False,True
US_Employment__20250606,US Employment,US Employment,2025-06-06 13:30:00+00:00,2025-06-06,2025-06-05,0,-1,DIRECT_EVIDENCE,2025-06-06 13:30:00+00:00,test,test,R,2025-06-06,test,1,1,False,True
JPY_GDP__20250609,JPY GDP,JPY GDP,2025-06-09 00:50:00+00:00,2025-06-09,2025-06-06,0,-1,DEDUCED_FROM_TIMING_BRACKET,2025-06-09 00:50:00+00:00,test,test,R,2025-06-09,test,1,1,False,True
US_CPI__20250611,US CPI,US CPI,2025-06-11 13:30:00+00:00,2025-06-11,2025-06-10,0,-1,DEDUCED_FROM_TIMING_BRACKET,2025-06-11 13:30:00+00:00,test,test,R,2025-06-11,test,1,1,False,True
BoJ__20250617,BoJ,BoJ,2025-06-17 04:31:00+00:00,2025-06-17,2025-06-16,0,-1,DIRECT_EVIDENCE,2025-06-17 04:31:00+00:00,test,test,R,2025-06-17,test,1,1,False,True
FOMC__20250618,FOMC,FOMC,2025-06-18 19:00:00+00:00,2025-06-18,2025-06-18,0,0,DIRECT_EVIDENCE,2025-06-18 19:00:00+00:00,test,test,R,2025-06-18,test,1,1,False,True
JPY_National_CPI__20250620,JPY National CPI,JPY National CPI,2025-06-20 00:30:00+00:00,2025-06-20,2025-06-19,0,-1,DEDUCED_FROM_TIMING_BRACKET,2025-06-20 00:30:00+00:00,test,test,R,2025-06-20,test,1,1,False,True
US_Employment__20250703,US Employment,US Employment,2025-07-03 13:30:00+00:00,2025-07-03,2025-07-02,0,-1,DIRECT_EVIDENCE,2025-07-03 13:30:00+00:00,test,test,R,2025-07-03,test,1,1,False,True
US_CPI__20250715,US CPI,US CPI,2025-07-15 13:30:00+00:00,2025-07-15,2025-07-14,0,-1,DEDUCED_FROM_TIMING_BRACKET,2025-07-15 13:30:00+00:00,test,test,R,2025-07-15,test,1,1,False,True
JPY_National_CPI__20250718,JPY National CPI,JPY National CPI,2025-07-18 00:30:00+00:00,2025-07-18,2025-07-17,0,-1,DEDUCED_FROM_TIMING_BRACKET,2025-07-18 00:30:00+00:00,test,test,R,2025-07-18,test,1,1,False,True
FOMC__20250730,FOMC,FOMC,2025-07-30 19:00:00+00:00,2025-07-30,2025-07-30,0,0,DIRECT_EVIDENCE,2025-07-30 19:00:00+00:00,test,test,R,2025-07-30,test,1,1,False,True
BoJ__20250731,BoJ,BoJ,2025-07-31 03:57:00+00:00,2025-07-31,2025-07-30,0,-1,DIRECT_EVIDENCE,2025-07-31 03:57:00+00:00,test,test,R,2025-07-31,test,1,1,False,True
US_Employment__20250801,US Employment,US Employment,2025-08-01 13:30:00+00:00,2025-08-01,2025-07-31,0,-1,DIRECT_EVIDENCE,2025-08-01 13:30:00+00:00,test,test,R,2025-08-01,test,1,1,False,True
US_CPI__20250812,US CPI,US CPI,2025-08-12 13:30:00+00:00,2025-08-12,2025-08-11,0,-1,DEDUCED_FROM_TIMING_BRACKET,2025-08-12 13:30:00+00:00,test,test,R,2025-08-12,test,1,1,False,True
JPY_GDP__20250815,JPY GDP,JPY GDP,2025-08-15 00:50:00+00:00,2025-08-15,2025-08-14,0,-1,DEDUCED_FROM_TIMING_BRACKET,2025-08-15 00:50:00+00:00,test,test,R,2025-08-15,test,1,1,False,True
JPY_National_CPI__20250822,JPY National CPI,JPY National CPI,2025-08-22 00:30:00+00:00,2025-08-22,2025-08-21,0,-1,DEDUCED_FROM_TIMING_BRACKET,2025-08-22 00:30:00+00:00,test,test,R,2025-08-22,test,1,1,False,True
US_Employment__20250905,US Employment,US Employment,2025-09-05 13:30:00+00:00,2025-09-05,2025-09-04,0,-1,DIRECT_EVIDENCE,2025-09-05 13:30:00+00:00,test,test,R,2025-09-05,test,1,1,False,True
JPY_GDP__20250908,JPY GDP,JPY GDP,2025-09-08 00:50:00+00:00,2025-09-08,2025-09-05,0,-1,DEDUCED_FROM_TIMING_BRACKET,2025-09-08 00:50:00+00:00,test,test,R,2025-09-08,test,1,1,False,True
US_CPI__20250911,US CPI,US CPI,2025-09-11 13:30:00+00:00,2025-09-11,2025-09-10,0,-1,DEDUCED_FROM_TIMING_BRACKET,2025-09-11 13:30:00+00:00,test,test,R,2025-09-11,test,1,1,False,True
FOMC__20250917,FOMC,FOMC,2025-09-17 19:00:00+00:00,2025-09-17,2025-09-17,0,0,DIRECT_EVIDENCE,2025-09-17 19:00:00+00:00,test,test,R,2025-09-17,test,1,1,False,True
BoJ__20250919,BoJ,BoJ,2025-09-19 04:47:00+00:00,2025-09-19,2025-09-18,0,-1,DIRECT_EVIDENCE,2025-09-19 04:47:00+00:00,test,test,R,2025-09-19,test,2,2,True,False
JPY_National_CPI__20250919,JPY National CPI,JPY National CPI,2025-09-19 00:30:00+00:00,2025-09-19,2025-09-18,0,-1,DEDUCED_FROM_TIMING_BRACKET,2025-09-19 00:30:00+00:00,test,test,R,2025-09-19,test,2,2,True,False
JPY_National_CPI__20251024,JPY National CPI,JPY National CPI,2025-10-24 00:30:00+00:00,2025-10-24,2025-10-23,0,-1,DEDUCED_FROM_TIMING_BRACKET,2025-10-24 00:30:00+00:00,test,test,R,2025-10-24,test,2,2,True,False
US_CPI__20251024,US CPI,US CPI,2025-10-24 13:30:00+00:00,2025-10-24,2025-10-23,0,-1,DEDUCED_FROM_TIMING_BRACKET,2025-10-24 13:30:00+00:00,test,test,R,2025-10-24,test,2,2,True,False
FOMC__20251029,FOMC,FOMC,2025-10-29 18:00:00+00:00,2025-10-29,2025-10-29,0,0,DIRECT_EVIDENCE,2025-10-29 18:00:00+00:00,test,test,R,2025-10-29,test,1,1,False,True
BoJ__20251030,BoJ,BoJ,2025-10-30 03:15:00+00:00,2025-10-30,2025-10-29,0,-1,DIRECT_EVIDENCE,2025-10-30 03:15:00+00:00,test,test,R,2025-10-30,test,1,1,False,True
JPY_GDP__20251117,JPY GDP,JPY GDP,2025-11-16 23:50:00+00:00,2025-11-17,2025-11-14,0,-1,DEDUCED_FROM_TIMING_BRACKET,2025-11-16 23:50:00+00:00,test,test,R,2025-11-17,test,1,1,False,True
US_Employment__20251120,US Employment,US Employment,2025-11-20 13:30:00+00:00,2025-11-20,2025-11-19,0,-1,DIRECT_EVIDENCE,2025-11-20 13:30:00+00:00,test,test,R,2025-11-20,test,1,1,False,True
JPY_National_CPI__20251121,JPY National CPI,JPY National CPI,2025-11-20 23:30:00+00:00,2025-11-21,2025-11-20,0,-1,DEDUCED_FROM_TIMING_BRACKET,2025-11-20 23:30:00+00:00,test,test,R,2025-11-21,test,1,1,False,True
JPY_GDP__20251208,JPY GDP,JPY GDP,2025-12-07 23:50:00+00:00,2025-12-08,2025-12-05,0,-1,DEDUCED_FROM_TIMING_BRACKET,2025-12-07 23:50:00+00:00,test,test,R,2025-12-08,test,1,1,False,True
FOMC__20251210,FOMC,FOMC,2025-12-10 19:00:00+00:00,2025-12-10,2025-12-10,0,0,DIRECT_EVIDENCE,2025-12-10 19:00:00+00:00,test,test,R,2025-12-10,test,1,1,False,True
US_Employment__20251216,US Employment,US Employment,2025-12-16 13:30:00+00:00,2025-12-16,2025-12-15,0,-1,DIRECT_EVIDENCE,2025-12-16 13:30:00+00:00,test,test,R,2025-12-16,test,1,1,False,True
US_CPI__20251218,US CPI,US CPI,2025-12-18 13:30:00+00:00,2025-12-18,2025-12-17,0,-1,DEDUCED_FROM_TIMING_BRACKET,2025-12-18 13:30:00+00:00,test,test,R,2025-12-18,test,1,1,False,True
BoJ__20251219,BoJ,BoJ,2025-12-19 03:19:00+00:00,2025-12-19,2025-12-18,0,-1,DIRECT_EVIDENCE,2025-12-19 03:19:00+00:00,test,test,R,2025-12-19,test,2,2,True,False
JPY_National_CPI__20251219,JPY National CPI,JPY National CPI,2025-12-18 23:30:00+00:00,2025-12-19,2025-12-18,0,-1,DEDUCED_FROM_TIMING_BRACKET,2025-12-18 23:30:00+00:00,test,test,R,2025-12-19,test,2,2,True,False
US_Employment__20260109,US Employment,US Employment,2026-01-09 13:30:00+00:00,2026-01-09,2026-01-08,0,-1,DIRECT_EVIDENCE,2026-01-09 13:30:00+00:00,test,test,R,2026-01-09,test,1,1,False,True
US_CPI__20260113,US CPI,US CPI,2026-01-13 13:30:00+00:00,2026-01-13,2026-01-12,0,-1,DEDUCED_FROM_TIMING_BRACKET,2026-01-13 13:30:00+00:00,test,test,R,2026-01-13,test,1,1,False,True
BoJ__20260123,BoJ,BoJ,2026-01-23 03:07:00+00:00,2026-01-23,2026-01-22,0,-1,DIRECT_EVIDENCE,2026-01-23 03:07:00+00:00,test,test,R,2026-01-23,test,2,2,True,False
JPY_National_CPI__20260123,JPY National CPI,JPY National CPI,2026-01-22 23:30:00+00:00,2026-01-23,2026-01-22,0,-1,DEDUCED_FROM_TIMING_BRACKET,2026-01-22 23:30:00+00:00,test,test,R,2026-01-23,test,2,2,True,False
FOMC__20260128,FOMC,FOMC,2026-01-28 19:00:00+00:00,2026-01-28,2026-01-28,0,0,DIRECT_EVIDENCE,2026-01-28 19:00:00+00:00,test,test,R,2026-01-28,test,1,1,False,True
US_Employment__20260211,US Employment,US Employment,2026-02-11 13:30:00+00:00,2026-02-11,2026-02-10,0,-1,DIRECT_EVIDENCE,2026-02-11 13:30:00+00:00,test,test,R,2026-02-11,test,1,1,False,True
US_CPI__20260213,US CPI,US CPI,2026-02-13 13:30:00+00:00,2026-02-13,2026-02-12,0,-1,DEDUCED_FROM_TIMING_BRACKET,2026-02-13 13:30:00+00:00,test,test,R,2026-02-13,test,1,1,False,True
JPY_GDP__20260216,JPY GDP,JPY GDP,2026-02-15 23:50:00+00:00,2026-02-16,2026-02-13,0,-1,DEDUCED_FROM_TIMING_BRACKET,2026-02-15 23:50:00+00:00,test,test,R,2026-02-16,test,1,1,False,True
JPY_National_CPI__20260220,JPY National CPI,JPY National CPI,2026-02-19 23:30:00+00:00,2026-02-20,2026-02-19,0,-1,DEDUCED_FROM_TIMING_BRACKET,2026-02-19 23:30:00+00:00,test,test,R,2026-02-20,test,1,1,False,True
US_Employment__20260306,US Employment,US Employment,2026-03-06 13:30:00+00:00,2026-03-06,2026-03-05,0,-1,DIRECT_EVIDENCE,2026-03-06 13:30:00+00:00,test,test,R,2026-03-06,test,1,1,False,True
JPY_GDP__20260310,JPY GDP,JPY GDP,2026-03-09 23:50:00+00:00,2026-03-10,2026-03-09,0,-1,DEDUCED_FROM_TIMING_BRACKET,2026-03-09 23:50:00+00:00,test,test,R,2026-03-10,test,1,1,False,True
US_CPI__20260311,US CPI,US CPI,2026-03-11 12:30:00+00:00,2026-03-11,2026-03-10,0,-1,DEDUCED_FROM_TIMING_BRACKET,2026-03-11 12:30:00+00:00,test,test,R,2026-03-11,test,1,1,False,True
FOMC__20260318,FOMC,FOMC,2026-03-18 18:00:00+00:00,2026-03-18,2026-03-18,0,0,DIRECT_EVIDENCE,2026-03-18 18:00:00+00:00,test,test,R,2026-03-18,test,1,1,False,True
BoJ__20260319,BoJ,BoJ,2026-03-19 02:46:00+00:00,2026-03-19,2026-03-18,0,-1,DIRECT_EVIDENCE,2026-03-19 02:46:00+00:00,test,test,R,2026-03-19,test,1,1,False,True
JPY_National_CPI__20260324,JPY National CPI,JPY National CPI,2026-03-23 23:30:00+00:00,2026-03-24,2026-03-23,0,-1,DEDUCED_FROM_TIMING_BRACKET,2026-03-23 23:30:00+00:00,test,test,R,2026-03-24,test,1,1,False,True
US_Employment__20260403,US Employment,US Employment,2026-04-03 13:30:00+00:00,2026-04-03,2026-04-02,0,-1,DIRECT_EVIDENCE,2026-04-03 13:30:00+00:00,test,test,R,2026-04-03,test,1,1,False,True
US_CPI__20260410,US CPI,US CPI,2026-04-10 13:30:00+00:00,2026-04-10,2026-04-09,0,-1,DEDUCED_FROM_TIMING_BRACKET,2026-04-10 13:30:00+00:00,test,test,R,2026-04-10,test,1,1,False,True
JPY_National_CPI__20260424,JPY National CPI,JPY National CPI,2026-04-24 00:30:00+00:00,2026-04-24,2026-04-23,0,-1,DEDUCED_FROM_TIMING_BRACKET,2026-04-24 00:30:00+00:00,test,test,R,2026-04-24,test,1,1,False,True
BoJ__20260428,BoJ,BoJ,2026-04-28 04:04:00+00:00,2026-04-28,2026-04-27,0,-1,DIRECT_EVIDENCE,2026-04-28 04:04:00+00:00,test,test,R,2026-04-28,test,1,1,False,True
FOMC__20260429,FOMC,FOMC,2026-04-29 19:00:00+00:00,2026-04-29,2026-04-29,0,0,DIRECT_EVIDENCE,2026-04-29 19:00:00+00:00,test,test,R,2026-04-29,test,1,1,False,True
US_Employment__20260508,US Employment,US Employment,2026-05-08 13:30:00+00:00,2026-05-08,2026-05-07,0,-1,DIRECT_EVIDENCE,2026-05-08 13:30:00+00:00,test,test,R,2026-05-08,test,1,1,False,True
US_CPI__20260512,US CPI,US CPI,2026-05-12 13:30:00+00:00,2026-05-12,2026-05-11,0,-1,DEDUCED_FROM_TIMING_BRACKET,2026-05-12 13:30:00+00:00,test,test,R,2026-05-12,test,1,1,False,True
JPY_GDP__20260519,JPY GDP,JPY GDP,2026-05-19 00:50:00+00:00,2026-05-19,2026-05-18,0,-1,DEDUCED_FROM_TIMING_BRACKET,2026-05-19 00:50:00+00:00,test,test,R,2026-05-19,test,1,1,False,True
JPY_National_CPI__20260522,JPY National CPI,JPY National CPI,2026-05-22 00:30:00+00:00,2026-05-22,2026-05-21,0,-1,DEDUCED_FROM_TIMING_BRACKET,2026-05-22 00:30:00+00:00,test,test,R,2026-05-22,test,1,1,False,True
US_Employment__20260605,US Employment,US Employment,2026-06-05 13:30:00+00:00,2026-06-05,2026-06-04,0,-1,DIRECT_EVIDENCE,2026-06-05 13:30:00+00:00,test,test,R,2026-06-05,test,1,1,False,True
JPY_GDP__20260608,JPY GDP,JPY GDP,2026-06-08 00:50:00+00:00,2026-06-08,2026-06-05,0,-1,DEDUCED_FROM_TIMING_BRACKET,2026-06-08 00:50:00+00:00,test,test,R,2026-06-08,test,1,1,False,True
US_CPI__20260610,US CPI,US CPI,2026-06-10 13:30:00+00:00,2026-06-10,2026-06-09,0,-1,DEDUCED_FROM_TIMING_BRACKET,2026-06-10 13:30:00+00:00,test,test,R,2026-06-10,test,1,1,False,True
BoJ__20260616,BoJ,BoJ,2026-06-16 04:19:00+00:00,2026-06-16,2026-06-15,0,-1,DIRECT_EVIDENCE,2026-06-16 04:19:00+00:00,test,test,R,2026-06-16,test,1,1,False,True
FOMC__20260617,FOMC,FOMC,2026-06-17 19:00:00+00:00,2026-06-17,2026-06-17,0,0,DIRECT_EVIDENCE,2026-06-17 19:00:00+00:00,test,test,R,2026-06-17,test,1,1,False,True
JPY_National_CPI__20260619,JPY National CPI,JPY National CPI,2026-06-19 00:30:00+00:00,2026-06-19,2026-06-18,0,-1,DEDUCED_FROM_TIMING_BRACKET,2026-06-19 00:30:00+00:00,test,test,R,2026-06-19,test,1,1,False,True
