realised_model_day,implied_reference_model_day,sample_split,previous_sample_split,canonical_index,sample_split_R,P_R,n_models_R,Z_R,sample_split_I_prev,P_I_prev,n_models_I_prev,Z_I_prev,D,is_known_primary_event_pair,candidate_type,model_day,one_day_model_day,D_next,Z_R_next,Z_I_next,Z_R_next5_mean,Z_I_next5_mean,n_Z_R_next5,n_Z_I_next5,convergence_next,is_realised_only_candidate,is_implied_only_candidate,is_realised_high_control,is_implied_high_control,is_ordinary_control,is_dual_high_control,episode_id,opposite_channel_active,strict_cross_channel_dislocation
2021-11-16,2021-11-15,test,test,4836,test,0.4792724196277496,4,-0.051979736823750906,test,0.8971074380165289,3,1.2652405123474524,-1.3172202491712033,True,NONE,2021-11-16,2021-11-17,-1.2393844097578208,0.26606892717601965,0.5818904168823169,0.7270151642116369,0.7321031172109091,5,5,-0.07783583941338246,False,False,False,False,False,False,,False,False
2021-11-17,2021-11-16,test,test,4837,test,0.6049069373942471,4,0.26606892717601965,test,0.9338962174189447,4,1.5054533369338405,-1.2393844097578208,False,NONE,2021-11-17,2021-11-18,-0.6253777912952349,-0.04348737441291793,-0.26801223619883835,0.6124118565618251,0.6191646373996843,5,5,-0.614006618462586,False,False,False,False,True,False,,False,False
2021-11-18,2021-11-17,test,test,4838,test,0.48265651438240276,4,-0.04348737441291793,test,0.7196797520661157,4,0.5818904168823169,-0.6253777912952349,False,NONE,2021-11-18,2021-11-19,1.6593316293376363,1.391319393138798,1.1257414998492505,0.049015072217049836,0.48426612513172146,5,5,1.0339538380424016,False,False,False,False,True,False,,False,False
2021-11-19,2021-11-18,test,test,4839,test,0.9179357021996616,4,1.391319393138798,test,0.39434495003266634,4,-0.26801223619883835,1.6593316293376363,True,NONE,2021-11-19,2021-11-22,-0.04359585683503431,1.0821456430142162,1.0070154792335944,0.3428454528166486,0.792942993655087,5,5,-1.615735772502602,False,False,False,False,False,False,,False,False
2021-11-22,2021-11-19,test,test,4840,test,0.8604060913705585,4,1.0821456430142162,test,0.8698625238397966,4,1.1257414998492505,-0.04359585683503431,True,NONE,2021-11-22,2021-11-23,-0.06798624709152556,0.9390292321420688,1.2138804262882221,0.23354166129761983,0.5471361715158507,5,5,0.024390390256491257,False,False,False,False,False,False,,False,False
2021-11-23,2021-11-22,test,test,4841,test,0.8261421319796954,4,0.9390292321420688,test,0.8430363321799308,4,1.0070154792335944,-0.06798624709152556,False,NONE,2021-11-23,2021-11-24,-1.5208280373612622,-0.3069476110730401,0.01719801782619237,0.5038210765309385,0.45820144155925835,5,5,1.4528417902697366,False,False,False,False,True,False,,False,False
2021-11-24,2021-11-23,test,test,4842,test,0.37944162436548223,4,-0.3069476110730401,test,0.887603305785124,4,1.2138804262882221,-1.5208280373612622,False,NONE,2021-11-24,2021-11-25,-2.877669313962986,-2.8604712961367933,-0.942504797538652,0.5465215668578898,0.3199567882195907,5,5,1.3568412766017237,False,False,False,False,True,False,,False,False
2021-11-25,2021-11-24,test,test,4843,test,0.0021150592216582064,4,-2.8604712961367933,test,0.5068606782490865,4,0.01719801782619237,-2.877669313962986,False,NONE,2021-11-25,2021-11-26,3.802976093675443,2.860471296136791,2.6691258424660784,0.9230897602064217,0.759216292060443,5,5,0.9253067797124572,False,False,False,False,True,False,,False,False
2021-11-26,2021-11-25,test,test,4844,test,0.9978849407783418,4,2.860471296136791,test,0.17296712802768166,4,-0.942504797538652,3.802976093675443,False,REALISED_ONLY,2021-11-26,2021-11-29,-2.133499157047006,0.5356266854190722,-0.22201863146258735,0.4346378360654873,0.2228264705631729,5,5,-1.669476936628437,True,False,False,False,False,False,E21_001,False,True
2021-11-29,2021-11-26,test,test,4845,test,0.7038917089678511,4,0.5356266854190722,test,0.9961975524475525,4,2.6691258424660784,-2.133499157047006,False,NONE,2021-11-29,2021-11-30,2.5124449397712505,2.290426308308663,0.7692067765052606,0.16433049728494598,0.24623689534552035,5,5,0.3789457827242444,False,False,False,True,False,False,,False,False
2021-11-30,2021-11-29,test,test,4846,test,0.9890016920473773,4,2.290426308308663,test,0.4121496897251852,4,-0.22201863146258735,2.5124449397712505,False,NONE,2021-11-30,2021-12-01,-0.8626519359435447,-0.09344515943828419,-0.6740252488721458,-0.2720816181865161,-0.003016628594332127,5,5,-1.6497930038277058,False,False,True,False,False,False,,False,False
2021-12-01,2021-11-30,test,test,4847,test,0.4627749576988156,4,-0.09344515943828419,test,0.779114715891218,4,0.7692067765052606,-0.8626519359435447,False,NONE,2021-12-01,2021-12-02,-0.30360508052198765,-0.9776303293941334,1.2537927216656097,-0.18439899037093638,0.06557642347091575,5,5,-0.5590468554215571,False,False,False,False,True,False,,False,False
2021-12-02,2021-12-01,test,test,4848,test,0.16412859560067683,4,-0.9776303293941334,test,0.25014763075867197,4,-0.6740252488721458,-0.30360508052198765,False,NONE,2021-12-02,2021-12-03,-0.8355810462334913,0.41821167543211846,-0.012823265020272647,-0.061026196687622325,0.00441135062927851,5,5,0.5319759657115036,False,False,False,False,True,False,,False,False
2021-12-03,2021-12-02,test,test,4849,test,0.6621038199163674,4,0.41821167543211846,test,0.8950413223140496,4,1.2537927216656097,-0.8355810462334913,True,NONE,2021-12-03,2021-12-06,-0.8030867434633615,-0.8159100084836342,-0.10496650755085002,-0.31905373825503835,-0.004043242872904802,5,5,-0.03249430277012977,False,False,False,False,False,False,,False,False
2021-12-06,2021-12-03,test,test,4850,test,0.20727580372250423,4,-0.8159100084836342,test,0.4948843976093111,4,-0.012823265020272647,-0.8030867434633615,True,NONE,2021-12-06,2021-12-07,0.2133322385022029,0.10836573095135288,-0.47706084319400194,-0.26128753117837905,-0.03680465321722791,5,5,-0.5897545049611586,False,False,False,False,False,False,,False,False
2021-12-07,2021-12-06,test,test,4851,test,0.5431472081218274,4,0.10836573095135288,test,0.4582011924847722,4,-0.10496650755085002,0.2133322385022029,False,NONE,2021-12-07,2021-12-08,0.8220288228336163,0.34496797963961445,-0.33105998854590624,-0.5903017458779255,0.160956748652001,5,5,0.6086965843314134,False,False,False,False,True,False,,False,False
2021-12-08,2021-12-07,test,test,4852,test,0.6349407783417935,4,0.34496797963961445,test,0.31665939832423007,4,-0.47706084319400194,0.8220288228336163,True,NONE,2021-12-08,2021-12-09,-0.029706372431657024,-0.36076636097756326,0.9479673574574233,-0.8985398844405512,0.4583345444180612,5,5,-0.7923224504019593,False,False,False,False,False,False,,False,False
2021-12-09,2021-12-08,test,test,4853,test,0.35913705583756345,4,-0.36076636097756326,test,0.3702995867768595,4,-0.33105998854590624,-0.029706372431657024,True,NONE,2021-12-09,2021-12-10,-1.819893389862385,-0.8719260324049616,-0.055096232531189206,-0.5874115759534032,0.2679701991629165,5,5,1.790187017430728,False,False,False,False,False,False,,False,False
2021-12-10,2021-12-09,test,test,4854,test,0.1916243654822335,4,-0.8719260324049616,test,0.8284269638822958,4,0.9479673574574233,-1.819893389862385,True,NONE,2021-12-10,2021-12-13,-0.4719827405691487,-0.5270789731003379,-0.26877355927246543,-0.19196910053851718,0.3476498240992207,5,5,-1.3479106492932362,False,False,False,False,False,False,,False,False
2021-12-13,2021-12-10,test,test,4855,test,0.2990693739424704,4,-0.5270789731003379,test,0.4780308987960765,4,-0.055096232531189206,-0.4719827405691487,True,NONE,2021-12-13,2021-12-14,-1.2679317832739136,-1.536705342546379,0.5117461661521425,-0.047293877264112036,0.5584450834393878,5,5,0.795949042704765,False,False,False,False,False,False,,False,False
2021-12-14,2021-12-13,test,test,4856,test,0.062182741116751275,4,-1.536705342546379,test,0.3940519707565162,4,-0.26877355927246543,-1.2679317832739136,False,NONE,2021-12-14,2021-12-15,-1.7079688793256576,-1.196222713173515,1.1558289902843946,0.14948944167879152,0.5506474622269917,5,5,0.4400370960517439,False,False,False,False,True,False,,False,False
2021-12-15,2021-12-14,test,test,4857,test,0.1158048297892974,4,-1.196222713173515,test,0.6955856643356644,4,0.5117461661521425,-1.7079688793256576,True,NONE,2021-12-15,2021-12-16,0.03904619117378316,1.1948751814581777,-0.003854368818300212,0.2650744142302585,0.2063263018777866,5,5,-1.6689226881518744,False,False,False,False,False,False,,False,False
2021-12-16,2021-12-15,test,test,4858,test,0.8839320995427564,4,1.1948751814581777,test,0.8761244437380802,4,1.1558289902843946,0.03904619117378316,True,NONE,2021-12-16,2021-12-17,1.1091407134877687,1.1052863446694685,0.34330189215033186,-0.2989960662127253,-0.08570588669044037,5,5,1.0700945223139855,False,False,False,False,False,False,,False,False
2021-12-17,2021-12-16,test,test,4859,test,0.8654822335025381,4,1.1052863446694685,test,0.498462333121424,4,-0.003854368818300212,1.1091407134877687,True,NONE,2021-12-17,2021-12-20,-0.14700474887864445,0.1962971432716874,0.7852027374283703,-0.8854771138550903,-0.3559269044249448,5,5,-0.9621359646091242,False,False,False,False,False,False,,False,False
2021-12-20,2021-12-17,test,test,4860,test,0.5778112013825865,4,0.1962971432716874,test,0.6343143212559696,4,0.34330189215033186,-0.14700474887864445,True,NONE,2021-12-20,2021-12-21,-1.3379914852602313,-0.5527887478318609,0.47275806009016186,-0.926857249148014,-0.558662904125731,5,5,1.190986736381587,False,False,False,False,False,False,,False,False
2021-12-21,2021-12-20,test,test,4861,test,0.29020403717582965,4,-0.5527887478318609,test,0.7838326446280992,4,0.7852027374283703,-1.3379914852602313,False,NONE,2021-12-21,2021-12-22,-1.0910559105063422,-0.6182978504161802,-0.5657768114616311,-0.9700422365705368,-0.6387906480197727,5,5,-0.24693557475388905,False,False,False,False,True,False,,False,False
2021-12-22,2021-12-21,test,test,4862,test,0.26818950930626057,4,-0.6182978504161802,test,0.6818071005747948,4,0.47275806009016186,-1.0910559105063422,False,NONE,2021-12-22,2021-12-23,-1.0597004092951101,-1.6254772207567412,-1.4640153116594348,-0.9059962209273034,-0.576640049021341,5,5,-0.031355501211232095,False,False,False,False,True,False,,False,False
2021-12-23,2021-12-22,test,test,4863,test,0.05203045685279188,4,-1.6254772207567412,test,0.28577275586948436,4,-0.5657768114616311,-1.0597004092951101,False,NONE,2021-12-23,2021-12-24,-0.36310358188292224,-1.827118893542357,-1.0078031965221903,-0.6569152470334803,-0.4599650992126364,5,5,-0.6965968274121879,False,False,False,False,True,False,,False,False
2021-12-24,2021-12-23,test,test,4864,test,0.0338409475465313,4,-1.827118893542357,test,0.07159488239033693,4,-1.4640153116594348,-0.36310358188292224,True,NONE,2021-12-24,2021-12-27,0.9971996633292587,-0.010603533192931591,-0.22847726107556088,-0.7023322018052842,-0.40713179375377784,5,5,0.6340960814463364,False,False,False,False,False,False,,False,False
2021-12-27,2021-12-24,test,test,4865,test,0.49576988155668356,4,-0.010603533192931591,test,0.15677447552447554,4,-1.0078031965221903,0.9971996633292587,True,NONE,2021-12-27,2021-12-28,-0.5402364238689138,-0.7687136849444747,0.07211934061995366,-0.6070311808009066,-0.17946382795462185,5,5,-0.4569632394603449,False,False,False,False,False,False,,False,False
2021-12-28,2021-12-27,test,test,4866,test,0.22103164953631532,4,-0.7687136849444747,test,0.4096376158443632,4,-0.22847726107556088,-0.5402364238689138,False,NONE,2021-12-28,2021-12-29,-0.3701871128199653,-0.2980677722000116,-0.255023816469473,-0.2443253616955014,0.16956379610471778,5,5,-0.1700493110489485,False,False,False,False,True,False,,False,False
2021-12-29,2021-12-28,test,test,4867,test,0.38282571912013535,4,-0.2980677722000116,test,0.5287465326431983,4,0.07211934061995366,-0.3701871128199653,False,NONE,2021-12-29,2021-12-30,-0.12504853481815398,-0.38007235128762695,-0.8806405626159117,-0.18025803868997375,0.2974095773313164,5,5,-0.24513857800181132,False,False,False,False,True,False,,False,False
2021-12-30,2021-12-29,test,test,4868,test,0.35194585448392557,4,-0.38007235128762695,test,0.39935235219326126,4,-0.255023816469473,-0.12504853481815398,False,NONE,2021-12-30,2021-12-31,-1.1735631047854644,-2.054203667401376,-0.7436366692278975,-0.16297090734515451,0.8399501371751411,5,5,1.0485145699673104,False,False,False,False,True,False,,False,False
2021-12-31,2021-12-30,test,test,4869,test,0.01997799180464307,4,-2.054203667401376,test,0.18925619834710744,4,-0.8806405626159117,-1.1735631047854644,False,NONE,2021-12-31,2022-01-03,1.2095382410568538,0.46590157182895625,0.9098625679202192,-0.009116848914210518,0.7999982697907079,5,5,0.035975136271389374,False,False,False,False,True,False,,False,False
2022-01-03,2021-12-31,test,test,4870,test,0.6793570219966159,4,0.46590157182895625,test,0.2285481563890655,4,-0.7436366692278975,1.2095382410568538,False,NONE,2022-01-03,2022-01-04,0.13495284266233232,1.0448154105825516,1.8172574609166519,0.15324373675110448,0.7467188471582339,5,5,-1.0745853983945215,False,False,False,False,True,False,,False,False
2022-01-04,2022-01-03,test,test,4871,test,0.8519458544839256,4,1.0448154105825516,test,0.8185525036460866,4,0.9098625679202192,0.13495284266233232,False,NONE,2022-01-04,2022-01-05,-1.7949886180890255,0.022268842827626326,0.3842050896635202,-0.17176528488423526,0.71620890665211,5,5,1.6600357754266932,False,False,False,False,True,False,,False,False
2022-01-05,2022-01-04,test,test,4872,test,0.5088832487309645,4,0.022268842827626326,test,0.9654111498756042,4,1.8172574609166519,-1.7949886180890255,False,NONE,2022-01-05,2022-01-06,-0.6778417842270508,-0.2936366945635306,1.8320622366032118,0.06539406904112655,0.6676576573758923,5,5,-1.1171468338619748,False,False,False,True,False,False,,False,False
2022-01-06,2022-01-05,test,test,4873,test,0.38451776649746194,4,-0.2936366945635306,test,0.6495867768595041,4,0.3842050896635202,-0.6778417842270508,False,NONE,2022-01-06,2022-01-07,-3.116995611849868,-1.284933375246656,-0.9433960061500637,0.18640072383404988,0.3475229287758721,5,5,2.439153827622817,False,False,False,False,True,False,,False,False
2022-01-07,2022-01-06,test,test,4874,test,0.0994077834179357,4,-1.284933375246656,test,0.9665289256198347,4,1.8320622366032118,-3.116995611849868,True,NONE,2022-01-07,2022-01-10,2.2211005063055946,1.2777045001555312,0.6434654547578496,0.6306603693227149,0.6532581042816734,5,5,-0.8958951055442732,False,False,False,False,False,False,,False,False
2022-01-10,2022-01-07,test,test,4875,test,0.8993231810490694,4,1.2777045001555312,test,0.17273919262555626,4,-0.9433960061500637,2.2211005063055946,True,NONE,2022-01-10,2022-01-11,-1.2236951523519968,-0.5802296975941472,1.6647077583860324,0.2738238751442843,0.8197260942643133,5,5,-0.9974053539535979,False,False,False,False,False,False,,False,False
2022-01-11,2022-01-10,test,test,4876,test,0.28087986463620984,4,-0.5802296975941472,test,0.7400389383343928,4,0.6434654547578496,-1.2236951523519968,False,NONE,2022-01-11,2022-01-12,-0.456642145931597,1.2080656124544353,0.14144884328243149,0.5148156257029649,0.5465602824109711,5,5,-0.7670530064203998,False,False,False,False,True,False,,False,False
2022-01-12,2022-01-11,test,test,4877,test,0.8864889872177327,4,1.2080656124544353,test,0.9520144628099174,4,1.6647077583860324,-0.456642145931597,True,NONE,2022-01-12,2022-01-13,0.1699477361186548,0.3113965794010863,0.23138859360311081,0.31572190978947556,0.4963482649145714,5,5,-0.28669440981294225,False,False,False,False,False,False,,False,False
2022-01-13,2022-01-12,test,test,4878,test,0.6222504230118444,4,0.3113965794010863,test,0.5562423146215218,4,0.14144884328243149,0.1699477361186548,True,NONE,2022-01-13,2022-01-14,0.7049762585935576,0.9363648521966684,0.5852798713789428,0.2746467423491941,0.4209557698485562,5,5,0.5350285224749028,False,False,False,False,False,False,,False,False
2022-01-14,2022-01-13,test,test,4879,test,0.8254573159699455,4,0.9363648521966684,test,0.5914935371328891,4,0.23138859360311081,0.7049762585935576,False,NONE,2022-01-14,2022-01-17,-1.091757842115564,-0.5064779707366213,1.4758054046710491,0.21273869623266756,0.44280861129830945,5,5,0.3867815835220064,False,False,False,False,True,False,,False,False
2022-01-17,2022-01-14,test,test,4880,test,0.3062605752961083,4,-0.5064779707366213,test,0.7208202264863164,4,0.5852798713789428,-1.091757842115564,False,NONE,2022-01-17,2022-01-18,-0.8510763494717933,0.6247290551992558,0.2988786991193213,0.43898010141984295,0.3653906131368606,5,5,-0.2406814926437707,False,False,False,False,True,False,,False,False
2022-01-18,2022-01-17,test,test,4881,test,0.7339255499153976,4,0.6247290551992558,test,0.9300019302811061,4,1.4758054046710491,-0.8510763494717933,True,NONE,2022-01-18,2022-01-19,-0.08628166623233297,0.21259703288698834,-0.10961124419956714,0.26060076528092474,0.4506812971730899,5,5,-0.7647946832394603,False,False,False,False,False,False,,False,False
2022-01-19,2022-01-18,test,test,4882,test,0.5841793570219966,4,0.21259703288698834,test,0.6174836998484372,4,0.2988786991193213,-0.08628166623233297,True,NONE,2022-01-19,2022-01-20,0.2156319863992462,0.10602074219967907,-0.14557388172696542,0.14592808650801442,0.5691112163618132,5,5,0.12935032016691322,False,False,False,False,False,False,,False,False
2022-01-20,2022-01-19,test,test,4883,test,0.5422170524795225,4,0.10602074219967907,test,0.45635884640681745,4,-0.10961124419956714,0.2156319863992462,False,NONE,2022-01-20,2022-01-21,0.7723985033410012,0.6268246216140358,0.6945440786277094,0.2476142148480319,0.792218756776913,5,5,0.556766516941755,False,False,False,False,True,False,,False,False
2022-01-21,2022-01-20,test,test,4884,test,0.7346128989302034,4,0.6268246216140358,test,0.4421288938334393,4,-0.14557388172696542,0.7723985033410012,True,NONE,2022-01-21,2022-01-24,-0.06981502342845358,0.6247290551992558,1.0887154138638047,0.23904889035181678,0.7116379686155868,5,5,-0.7025834799125477,False,False,False,False,False,False,,False,False
2022-01-24,2022-01-21,test,test,4885,test,0.7339255499153976,4,0.6247290551992558,test,0.7563294659885569,4,0.6945440786277094,-0.06981502342845358,True,NONE,2022-01-24,2022-01-25,-1.35588303935914,-0.26716762549533524,0.7253321193004679,0.23317370633857468,0.5887435823809601,5,5,1.2860680159306863,False,False,False,False,False,False,,False,False
2022-01-25,2022-01-24,test,test,4886,test,0.39467005076142136,4,-0.26716762549533524,test,0.8618602987921169,4,1.0887154138638047,-1.35588303935914,False,NONE,2022-01-25,2022-01-26,-1.0860984802780311,-0.36076636097756326,0.48253835174404924,0.21873789031367705,0.45462784591712496,5,5,-0.26978455908110877,False,False,False,False,True,False,,False,False
2022-01-26,2022-01-25,test,test,4887,test,0.35913705583756345,4,-0.36076636097756326,test,0.76587584717893,4,0.7253321193004679,-1.0860984802780311,True,NONE,2022-01-26,2022-01-27,0.13191303215571715,0.6144513838997664,0.9699638203485333,0.434985315152918,0.4311278816878718,5,5,-0.954185448122314,False,False,False,False,False,False,,False,False
2022-01-27,2022-01-26,test,test,4888,test,0.7305414551607445,4,0.6144513838997664,test,0.6852882195659012,4,0.48253835174404924,0.13191303215571715,True,NONE,2022-01-27,2022-01-28,-0.3859658212155731,0.5839979991329602,0.29164013782107867,0.0681158002570514,0.5424878656202288,5,5,0.25405278905985595,False,False,False,False,False,False,,False,False
2022-01-28,2022-01-27,test,test,4889,test,0.7203891708967851,4,0.5839979991329602,test,0.8339677368086459,4,0.9699638203485333,-0.3859658212155731,False,NONE,2022-01-28,2022-01-31,0.30371299731196655,0.5953531351330452,0.47424348269067196,0.2015863978101094,0.26509287713209556,5,5,-0.08225282390360655,False,False,False,False,True,False,,False,False
2022-01-31,2022-01-28,test,test,4890,test,0.7241962774957699,4,0.5953531351330452,test,0.6147191083531127,4,0.29164013782107867,0.30371299731196655,False,NONE,2022-01-31,2022-02-01,-0.8135901883104955,-0.33934670561982344,0.05475343698129161,-0.05406486523027423,0.20047133923318797,5,5,0.5098771909985289,False,False,False,False,True,False,,False,False
2022-02-01,2022-01-31,test,test,4891,test,0.36717428087986465,4,-0.33934670561982344,test,0.6823368555005862,4,0.47424348269067196,-0.8135901883104955,False,NONE,2022-02-01,2022-02-02,0.6657173262373501,0.7204707632186418,0.36503853059778335,0.0758612284522571,0.29518549798192584,5,5,-0.14787286207314532,False,False,False,False,True,False,,False,False
2022-02-02,2022-02-01,test,test,4892,test,0.7643824027072758,4,0.7204707632186418,test,0.5218325516886385,4,0.05475343698129161,0.6657173262373501,False,NONE,2022-02-02,2022-02-03,-1.5849347211773503,-1.2198961905795669,1.5267637400103182,-0.3073745434910446,0.57186937202273,5,5,0.9192173949400002,False,False,False,False,True,False,,False,False
2022-02-03,2022-02-02,test,test,4893,test,0.11125211505922167,4,-1.2198961905795669,test,0.6424586776859504,4,0.36503853059778335,-1.5849347211773503,False,NONE,2022-02-03,2022-02-04,-0.27541275311206803,1.2513509868982502,-1.0953348046195874,0.25280304219100075,0.3245672231959361,5,5,-1.3095219680652823,False,False,False,False,True,False,,False,False
2022-02-04,2022-02-03,test,test,4894,test,0.8945967745437334,4,1.2513509868982502,test,0.9365901144310236,4,1.5267637400103182,-0.27541275311206803,True,NONE,2022-02-04,2022-02-07,0.4124316245507146,-0.6829031800688729,0.1511357931961341,0.2700392293138353,0.9526205004981353,5,5,0.13701887143864655,False,False,False,False,False,False,,False,False
2022-02-07,2022-02-04,test,test,4895,test,0.24733401217868833,4,-0.6829031800688729,test,0.13668499242185936,4,-1.0953348046195874,0.4124316245507146,True,NONE,2022-02-07,2022-02-08,0.15914796959669916,0.31028376279283326,0.5283242307249809,0.5984179967960396,1.1722452024216377,5,5,-0.2532836549540154,False,False,False,False,False,False,,False,False
2022-02-08,2022-02-07,test,test,4896,test,0.6218274111675126,4,0.31028376279283326,test,0.5600657010495009,4,0.1511357931961341,0.15914796959669916,False,NONE,2022-02-08,2022-02-09,-1.7240323272228477,-1.1957080964978668,1.7484579008018044,0.3947303731092003,0.9480083403506827,5,5,1.5648843576261486,False,False,False,False,True,False,,False,False
2022-02-09,2022-02-08,test,test,4897,test,0.11590524534686972,4,-1.1957080964978668,test,0.7013628417037507,4,0.5283242307249809,-1.7240323272228477,False,NONE,2022-02-09,2022-02-10,-0.16746616297114447,1.58099173783066,0.2902529958763484,0.4836893256393803,0.41787419622997746,5,5,-1.5565661642517032,False,False,False,False,True,False,,False,False
2022-02-10,2022-02-09,test,test,4898,test,0.9430600365621187,4,1.58099173783066,test,0.9598076153164232,4,1.7484579008018044,-0.16746616297114447,True,NONE,2022-02-10,2022-02-11,1.0472789266360745,1.337531922512423,2.0449315818914084,0.3870758072959314,0.5546278059627535,5,5,0.87981276366493,False,False,False,False,False,False,,False,False
2022-02-11,2022-02-10,test,test,4899,test,0.9094754653130288,4,1.337531922512423,test,0.6141886522568341,4,0.2902529958763484,1.0472789266360745,True,NONE,2022-02-11,2022-02-14,-1.0859409245492595,0.9589906573421489,1.249259302813647,0.019717724395354665,0.2518350873693237,5,5,0.03866199791318503,False,False,False,False,False,False,,False,False
2022-02-14,2022-02-11,test,test,4900,test,0.8312182741116751,4,0.9589906573421489,test,0.9795691981029351,4,2.0449315818914084,-1.0859409245492595,False,NONE,2022-02-14,2022-02-15,-1.9574136584550108,-0.7081543556413638,-0.5928600796297949,-0.5671593885971801,0.13331087833496003,5,5,0.8714727339057513,False,False,False,True,False,False,,False,False
2022-02-15,2022-02-14,test,test,4901,test,0.23942470389170895,4,-0.7081543556413638,test,0.8942148760330579,4,1.249259302813647,-1.9574136584550108,True,NONE,2022-02-15,2022-02-16,-0.1580532542171713,-0.7509133338469662,-0.9022128198017212,-0.27220752119450325,0.21875585721787708,5,5,-1.7993604042378395,False,False,False,False,False,False,,False,False
2022-02-16,2022-02-15,test,test,4902,test,0.22635240758511982,4,-0.7509133338469662,test,0.27663739806905896,4,-0.5928600796297949,-0.1580532542171713,True,NONE,2022-02-16,2022-02-17,2.0001369659151367,1.0979241461134153,0.9740210445402283,-0.22259784545202735,0.4791044701355912,5,5,1.8420837116979654,False,False,False,False,False,False,,False,False
2022-02-17,2022-02-16,test,test,4903,test,0.8638811933782906,4,1.0979241461134153,test,0.18347191303506183,4,-0.9022128198017212,2.0001369659151367,False,NONE,2022-02-17,2022-02-18,-1.4732795365306892,-0.4992584919904609,0.5309679889242591,0.010245622085540872,0.5276975649638478,5,5,-0.5268574293844475,False,False,False,False,True,False,,False,False
2022-02-18,2022-02-17,test,test,4904,test,0.30879864636209814,4,-0.4992584919904609,test,0.8349769548633186,4,0.9740210445402283,-1.4732795365306892,True,NONE,2022-02-18,2022-02-21,-2.5063628965447835,-1.9753949076205244,0.6566382576418288,-0.08680131008472394,0.4981017566835778,5,5,1.0330833600140943,False,False,False,False,False,False,,False,False
2022-02-21,2022-02-18,test,test,4905,test,0.024111675126903553,4,-1.9753949076205244,test,0.702279519002545,4,0.5309679889242591,-2.5063628965447835,True,NONE,2022-02-21,2022-02-22,0.10996672373019145,0.7666049813720203,-0.16563518521520962,0.45430291766718084,0.5902502672263236,5,5,-2.396396172814592,False,False,False,False,False,False,,False,False
2022-02-22,2022-02-21,test,test,4906,test,0.7783417935702199,4,0.7666049813720203,test,0.7442932283978997,4,0.6566382576418288,0.10996672373019145,False,NONE,2022-02-22,2022-02-23,-0.33722976991937725,-0.5028649551345868,0.3995302447868498,0.27781494832125836,0.9839008347692945,5,5,0.2272630461891858,False,False,False,False,True,False,,False,False
2022-02-23,2022-02-22,test,test,4907,test,0.30752961082910324,4,-0.5028649551345868,test,0.43422202797202797,4,-0.16563518521520962,-0.33722976991937725,False,NONE,2022-02-23,2022-02-24,1.8626112390144063,2.262141483801256,1.2169865186815105,0.034405488362219835,0.8241750259267986,5,5,1.525381469095029,False,False,False,False,True,False,,False,False
2022-02-24,2022-02-23,test,test,4908,test,0.988155668358714,4,2.262141483801256,test,0.655248728544183,4,0.3995302447868498,1.8626112390144063,False,NONE,2022-02-24,2022-02-25,-2.2014796715232956,-0.9844931528417851,0.38298894752290913,-0.6651563721751906,0.7615941914489474,5,5,0.3388684325088893,False,False,True,False,False,False,,False,False
2022-02-25,2022-02-24,test,test,4909,test,0.16243654822335024,4,-0.9844931528417851,test,0.8881953273998728,4,1.2169865186815105,-2.2014796715232956,False,NONE,2022-02-25,2022-02-28,0.34713728361609064,0.7301262311389998,1.117380810355558,-0.2577660338498801,1.0473970496263607,5,5,-1.854342387907205,False,False,False,False,True,False,,False,False
2022-02-28,2022-02-25,test,test,4910,test,0.7673434856175974,4,0.7301262311389998,test,0.6491360204752781,4,0.38298894752290913,0.34713728361609064,False,NONE,2022-02-28,2022-03-01,-1.2332156757131503,-0.11583486535759213,1.8026176524996445,-0.6930790545517299,0.9290229720134761,5,5,0.8860783920970596,False,False,False,False,True,False,,False,False
2022-03-01,2022-02-28,test,test,4911,test,0.45389170896785114,4,-0.11583486535759213,test,0.8680842317481198,4,1.117380810355558,-1.2332156757131503,False,NONE,2022-03-01,2022-03-02,-3.5225299074294236,-1.7199122549297794,-0.3990987994256294,-0.8678462523070228,0.6141108501617057,5,5,2.2893142317162734,False,False,False,False,True,False,,False,False
2022-03-02,2022-03-01,test,test,4912,test,0.04272419627749577,4,-1.7199122549297794,test,0.9642758586176328,4,1.8026176524996445,-3.5225299074294236,False,IMPLIED_ONLY,2022-03-02,2022-03-03,-0.8365690194601669,-1.2356678188857964,0.9040823462922543,-0.7723682204900573,0.8546744640065678,5,5,-2.685960887969257,False,True,False,False,False,False,E21_002,False,True
2022-03-03,2022-03-02,test,test,4913,test,0.10829103214890018,4,-1.2356678188857964,test,0.3449102034329307,4,-0.3990987994256294,-0.8365690194601669,False,NONE,2022-03-03,2022-03-04,0.14837619249251333,1.0524585387847676,1.8120032384099756,-0.6226913311348852,0.47877578832072637,5,5,-0.6881928269676536,False,False,False,False,True,False,,False,False
2022-03-04,2022-03-03,test,test,4914,test,0.8537053883530981,4,1.0524585387847676,test,0.817024130713577,4,0.9040823462922543,0.14837619249251333,True,NONE,2022-03-04,2022-03-07,-3.2584421107802246,-1.4464388723702493,0.525510422291136,-0.6379986775884523,0.27748243394907746,5,5,3.1100659182877113,False,False,False,False,False,False,,False,False
2022-03-07,2022-03-04,test,test,4915,test,0.07402707275803722,4,-1.4464388723702493,test,0.9650071519389701,4,1.8120032384099756,-3.2584421107802246,True,NONE,2022-03-07,2022-03-08,-1.515181276425193,-0.9896708541340572,0.2280570432407926,-0.18165249560696367,0.48900946551722335,5,5,-1.7432608343550315,False,False,False,False,False,False,,False,False
2022-03-08,2022-03-07,test,test,4916,test,0.16116751269035534,4,-0.9896708541340572,test,0.700385795000847,4,0.525510422291136,-1.515181276425193,False,NONE,2022-03-08,2022-03-09,-1.470579139085744,-1.2425220958449512,0.8037192697986801,0.21387007740575617,0.5333929518785117,5,5,-0.04460213733944918,False,False,False,False,True,False,,False,False
2022-03-09,2022-03-08,test,test,4917,test,0.10702199661590525,4,-1.2425220958449512,test,0.5901990526774263,4,0.2280570432407926,-1.470579139085744,True,NONE,2022-03-09,2022-03-10,-1.2910026419086162,-0.48728337210993605,-0.9754110321369525,0.26719013527136004,0.4222361699371665,5,5,-0.17957649717712765,False,False,False,False,False,False,,False,False
2022-03-10,2022-03-09,test,test,4918,test,0.3130287648054145,4,-0.48728337210993605,test,0.7892204386522568,4,0.8037192697986801,-1.2910026419086162,True,NONE,2022-03-10,2022-03-11,1.9513328386538844,0.9759218065169319,0.805536466551731,0.3858933738305586,0.7249027588096008,5,5,0.6603301967452682,False,False,False,False,False,False,,False,False
2022-03-11,2022-03-10,test,test,4919,test,0.8354483925549916,4,0.9759218065169319,test,0.16467820674135553,4,-0.9754110321369525,1.9513328386538844,True,NONE,2022-03-11,2022-03-14,0.029755570985462998,0.8352920375371939,1.5831455801318652,0.07340605015129693,0.5540138397840103,5,5,-1.9215772676684213,False,False,False,False,False,False,,False,False
2022-03-14,2022-03-11,test,test,4920,test,0.7982233502538071,4,0.8352920375371939,test,0.7897449141767323,4,0.805536466551731,0.029755570985462998,False,NONE,2022-03-14,2022-03-15,-0.595203569202323,0.9879420109295423,0.44997447504723465,-0.29649094662004183,0.36676950819321724,5,5,0.56544799821686,False,False,False,False,True,False,,False,False
2022-03-15,2022-03-14,test,test,4921,test,0.8384094754653131,4,0.9879420109295423,test,0.9433058566158598,4,1.5831455801318652,-0.595203569202323,False,NONE,2022-03-15,2022-03-16,-1.4258962815641665,-0.9759218065169319,0.24793536009195424,-0.07168056583649687,0.5981497048087674,5,5,0.8306927123618435,False,False,False,False,True,False,,False,False
2022-03-16,2022-03-15,test,test,4922,test,0.16455160744500846,4,-0.9759218065169319,test,0.6736355772255427,4,0.44997447504723465,-1.4258962815641665,True,NONE,2022-03-16,2022-03-17,-0.14170253940589744,0.10623282068605681,0.5379219122252189,0.29511448752740177,0.7561005987113786,5,5,-1.284193742158269,False,False,False,False,False,False,,False,False
2022-03-17,2022-03-16,test,test,4923,test,0.5423011844331641,4,0.10623282068605681,test,0.5979077897566416,4,0.24793536009195424,-0.14170253940589744,True,NONE,2022-03-17,2022-03-18,-1.1244367241045952,-0.5865148118793764,-0.048908128576221246,0.4759984391604995,0.9938689586670509,5,5,0.9827341846986977,False,False,False,False,False,False,,False,False
2022-03-18,2022-03-17,test,test,4924,test,0.2787648054145516,4,-0.5865148118793764,test,0.7046845200254291,4,0.5379219122252189,-1.1244367241045952,True,NONE,2022-03-18,2022-03-21,-0.9652848177432786,-1.0141929463194999,0.6469239221778996,0.7399557687411435,1.0090951657832248,5,5,-0.1591519063613166,False,False,False,False,False,False,,False,False
2022-03-21,2022-03-18,test,test,4925,test,0.15524534686971236,4,-1.0141929463194999,test,0.4804962554746292,4,-0.048908128576221246,-0.9652848177432786,True,NONE,2022-03-21,2022-03-22,1.4650699926693678,2.1119939148472673,1.6068754581249853,1.4694200285746952,1.3834283685573747,5,5,0.4997851749260892,False,False,False,False,False,False,,False,False
2022-03-22,2022-03-21,test,test,4926,test,0.9826565143824028,4,2.1119939148472673,test,0.7411594087730451,4,0.6469239221778996,1.4650699926693678,False,NONE,2022-03-22,2022-03-23,-0.7488219978224242,0.8580534603025611,1.0376898296050105,1.3571547450816799,1.1694956078244072,5,5,-0.7162479948469436,False,False,True,False,False,False,,False,False
2022-03-23,2022-03-22,test,test,4927,test,0.8045685279187818,4,0.8580534603025611,test,0.9459591544818817,4,1.6068754581249853,-0.7488219978224242,False,NONE,2022-03-23,2022-03-24,-0.02703725075346508,1.0106525788515455,1.7267637120035808,1.3636817005694266,1.0095128015852854,5,5,-0.7217847470689591,False,False,False,False,True,False,,False,False
2022-03-24,2022-03-23,test,test,4928,test,0.8439086294416244,4,1.0106525788515455,test,0.8502927593010952,4,1.0376898296050105,-0.02703725075346508,False,NONE,2022-03-24,2022-03-25,-0.9934918759797368,0.733271836023844,0.027222907004647568,1.3444694967151423,0.6665408352356147,5,5,0.9664546252262717,False,False,False,False,True,False,,False,False
2022-03-25,2022-03-24,test,test,4929,test,0.7683036754627076,4,0.733271836023844,test,0.9578949459631279,4,1.7267637120035808,-0.9934918759797368,False,NONE,2022-03-25,2022-03-28,2.60590544584361,2.6331283528482574,2.51858993604865,1.281639548555398,0.6785241510415898,5,5,1.612413569863873,False,False,False,True,False,False,,False,False
2022-03-28,2022-03-25,test,test,4930,test,0.9957698815566836,4,2.6331283528482574,test,0.5108590273363001,4,0.027222907004647568,2.60590544584361,False,NONE,2022-03-28,2022-03-29,-0.9679224386664578,1.5506674973821923,0.5372116544601478,0.5897522938904158,0.07941809066272038,5,5,-1.6379830071771522,False,False,True,False,False,False,,False,False
2022-03-29,2022-03-28,test,test,4931,test,0.9395093062605753,4,1.5506674973821923,test,0.994108710572221,4,2.51858993604865,-0.9679224386664578,False,NONE,2022-03-29,2022-03-30,0.3534765832811454,0.8906882377412932,0.2377757984094009,0.46611041443328516,0.04654223266032792,5,5,-0.6144458553853124,False,False,False,True,False,False,,False,False
2022-03-30,2022-03-29,test,test,4932,test,0.8134517766497462,4,0.8906882377412932,test,0.7044392890846178,4,0.5372116544601478,0.3534765832811454,False,NONE,2022-03-30,2022-03-31,0.6768157611707231,0.914591559580124,0.011903880255227038,-0.016634530677215674,-0.03212566851118855,5,5,0.32333917788957767,False,False,False,False,True,False,,False,False
2022-03-31,2022-03-30,test,test,4933,test,0.8197969543147208,4,0.914591559580124,test,0.5939725047679594,4,0.2377757984094009,0.6768157611707231,False,NONE,2022-03-31,2022-04-01,0.40721821496989574,0.4191220952251228,0.0871394860345229,-0.38279358166142285,-0.14410100671592932,5,5,-0.2695975462008273,False,False,False,False,True,False,,False,False
2022-04-01,2022-03-31,test,test,4934,test,0.6624365482233503,4,0.4191220952251228,test,0.5047488489805256,4,0.011903880255227038,0.40721821496989574,True,NONE,2022-04-01,2022-04-04,-0.9134474065111762,-0.8263079204766532,-0.4769403658456968,-0.3178101711718401,-0.010671022270983998,5,5,0.5062291915412804,False,False,False,False,False,False,,False,False
2022-04-04,2022-04-01,test,test,4935,test,0.20431472081218274,4,-0.8263079204766532,test,0.5347196802882553,4,0.0871394860345229,-0.9134474065111762,True,NONE,2022-04-04,2022-04-05,1.4093984659422356,0.9324581000965388,0.37283236444818557,0.06541029238942249,0.5221344705030382,5,5,0.49595105943105944,False,False,False,False,False,False,,False,False
2022-04-05,2022-04-04,test,test,4936,test,0.8244500846023689,4,0.9324581000965388,test,0.3167022934599216,4,-0.4769403658456968,1.4093984659422356,False,NONE,2022-04-05,2022-04-06,-1.8958688522593965,-1.5230364878112108,-0.15556370744818143,-0.04960661965204164,0.4807618593538418,5,5,0.4864703863171609,False,False,False,False,True,False,,False,False
2022-04-06,2022-04-05,test,test,4937,test,0.06387478849407784,4,-1.5230364878112108,test,0.6453633932912008,4,0.37283236444818557,-1.8958688522593965,False,NONE,2022-04-06,2022-04-07,-0.7606399878927304,-0.9162036953409118,-0.5479728107684768,0.37381821446377156,0.5983181176708942,5,5,-1.1352288643666661,False,False,False,False,True,False,,False,False
2022-04-07,2022-04-06,test,test,4938,test,0.17978003384094754,4,-0.9162036953409118,test,0.4381884669278504,4,-0.15556370744818143,-0.7606399878927304,False,NONE,2022-04-07,2022-04-08,1.2920119584415135,0.7440391476730367,0.7542894082592495,0.6557113715410092,0.39804869418882255,5,5,0.5313719705487832,False,False,False,False,True,False,,False,False
2022-04-08,2022-04-07,test,test,4939,test,0.7715736040609138,4,0.7440391476730367,test,0.29185528611055506,4,-0.5479728107684768,1.2920119584415135,False,NONE,2022-04-08,2022-04-11,0.33550498907041004,1.0897943973296595,2.187087098024414,0.38452511846938153,0.3593244260221756,5,5,-0.9565069693711035,False,False,False,False,True,False,,False,False
2022-04-11,2022-04-08,test,test,4940,test,0.862098138747885,4,1.0897943973296595,test,0.7746622695486332,4,0.7542894082592495,0.33550498907041004,False,NONE,2022-04-11,2022-04-12,-1.8297135581351958,0.3573735398892181,0.16596930870220364,-0.04789852111630242,0.20123694085731963,5,5,1.4942085690647857,False,False,False,False,True,False,,False,False
2022-04-12,2022-04-11,test,test,4941,test,0.6395939086294417,4,0.3573735398892181,test,0.9856319168406302,4,2.187087098024414,-1.8297135581351958,True,NONE,2022-04-12,2022-04-13,0.4281183740656518,0.5940876827678554,0.43221758413708045,0.09904005430301255,0.6151210195814976,5,5,-1.401595184069544,False,False,False,False,False,False,,False,False
2022-04-13,2022-04-12,test,test,4942,test,0.7237732656514382,4,0.5940876827678554,test,0.565909448368555,4,0.16596930870220364,0.4281183740656518,True,NONE,2022-04-13,2022-04-14,0.061044505908195656,0.4932620900452761,-1.549319928178835,0.16121615803655157,0.6620627446743977,5,5,-0.36707386815745613,False,False,False,False,False,False,,False,False
2022-04-14,2022-04-13,test,test,4943,test,0.6890862944162437,4,0.4932620900452761,test,0.6672083598219962,4,0.43221758413708045,0.061044505908195656,False,NONE,2022-04-14,2022-04-15,0.9374278104937332,-0.6118921176851018,0.5606680674260149,0.14546291204366357,0.944794920985073,5,5,0.8763833045855376,False,False,False,False,True,False,,False,False
2022-04-15,2022-04-14,test,test,4944,test,0.2703045685279188,4,-0.6118921176851018,test,0.060652415766052126,4,-1.549319928178835,0.9374278104937332,False,NONE,2022-04-15,2022-04-18,-1.6329918680247748,-1.0723238005987599,1.3966496722001343,0.4177702836807389,0.9191004504671965,5,5,0.6955640575310416,False,False,False,False,True,False,,False,False
2022-04-18,2022-04-15,test,test,4945,test,0.1417873100788995,4,-1.0723238005987599,test,0.7124880801017165,4,0.5606680674260149,-1.6329918680247748,False,NONE,2022-04-18,2022-04-19,-0.30458325521434126,1.092066416985793,2.235389702323093,0.8298234459863993,0.9728156227967389,5,5,-1.3284086128104335,False,False,False,False,True,False,,False,False
2022-04-19,2022-04-18,test,test,4946,test,0.8625980453885558,4,1.092066416985793,test,0.9187405273242014,4,1.3966496722001343,-0.30458325521434126,False,NONE,2022-04-19,2022-04-20,-1.3304215008875426,0.9049682014355505,0.6669262096015817,0.568022698144119,0.7806415978635901,5,5,1.0258382456732014,False,False,False,False,True,False,,False,False
2022-04-20,2022-04-19,test,test,4947,test,0.817258883248731,4,0.9049682014355505,test,0.987304112213675,4,2.235389702323093,-1.3304215008875426,False,NONE,2022-04-20,2022-04-21,-0.2524303495207456,0.41449586008083605,-0.13565904662545877,0.26105052277015023,1.1209744711237932,5,5,-1.077991151366797,False,False,False,True,False,False,,False,False
2022-04-21,2022-04-20,test,test,4948,test,0.6607445008460238,4,0.41449586008083605,test,0.7475903657525236,4,0.6669262096015817,-0.2524303495207456,False,NONE,2022-04-21,2022-04-22,0.8853037871257337,0.7496447405002749,0.4321957148366315,0.4199141316034412,1.2016490021474682,5,5,0.632873437604988,False,False,False,False,True,False,,False,False
2022-04-22,2022-04-21,test,test,4949,test,0.7732656514382403,4,0.7496447405002749,test,0.4460454122002565,4,-0.13565904662545877,0.8853037871257337,True,NONE,2022-04-22,2022-04-25,0.5557462960929107,0.9879420109295423,1.665225533847847,0.1313361376104129,0.8185797385345394,5,5,-0.32955749103282295,False,False,False,False,False,False,,False,False
2022-04-25,2022-04-22,test,test,4950,test,0.8384094754653131,4,0.9879420109295423,test,0.6672004132231405,4,0.4321957148366315,0.5557462960929107,True,NONE,2022-04-25,2022-04-26,-1.8821628560734562,-0.21693732222560913,1.2745195776573497,-0.22474581545696273,0.6891037580672839,5,5,1.3264165599805455,False,False,False,False,False,False,,False,False
2022-04-26,2022-04-25,test,test,4951,test,0.41412859560067683,4,-0.21693732222560913,test,0.9520661157024793,4,1.665225533847847,-1.8821628560734562,False,NONE,2022-04-26,2022-04-27,-1.9044122530916423,-0.6298926754342926,2.3685905759025965,-0.5638186043631818,0.4765679594815066,5,5,0.022249397018186068,False,False,False,True,False,False,,False,False
2022-04-27,2022-04-26,test,test,4952,test,0.2643824027072758,4,-0.6298926754342926,test,0.8987603305785123,4,1.2745195776573497,-1.9044122530916423,False,NONE,2022-04-27,2022-04-28,-1.1597766716553055,1.208813904247291,0.2677136084929164,-0.0321287299456098,-0.08639216196814484,5,5,-0.7446355814363368,False,False,False,False,True,False,,False,False
2022-04-28,2022-04-27,test,test,4953,test,0.88663282571912,4,1.208813904247291,test,0.9910719961856326,4,2.3685905759025965,-1.1597766716553055,True,NONE,2022-04-28,2022-04-29,-0.9609588379577834,-0.693245229464867,-1.4831506032280117,-0.05593263132913599,0.18133425551294852,5,5,-0.19881783369752215,False,False,False,False,False,False,,False,False
2022-04-29,2022-04-28,test,test,4954,test,0.24407783417935702,4,-0.693245229464867,test,0.6055401130011857,4,0.2677136084929164,-0.9609588379577834,True,NONE,2022-04-29,2022-05-02,0.6906828488206758,-0.792467754407336,1.017845631511568,0.009203509252023512,0.5191974450173865,5,5,-0.2702759891371076,False,False,False,False,False,False,,False,False
2022-05-02,2022-04-29,test,test,4955,test,0.2140439932318105,4,-0.792467754407336,test,0.06901720094941233,4,-1.4831506032280117,0.6906828488206758,False,NONE,2022-05-02,2022-05-03,-2.930146898268272,-1.912301266756704,0.21184058472846404,0.11051783959299452,0.4867640624262837,5,5,2.239464049447596,False,False,False,False,True,False,,False,False
2022-05-03,2022-05-02,test,test,4956,test,0.027918781725888325,4,-1.912301266756704,test,0.8456243386999913,4,1.017845631511568,-2.930146898268272,False,NONE,2022-05-03,2022-05-04,1.8167161119251032,2.0285566966535673,-0.4462100313456609,0.4779071070075579,0.6133605331050898,5,5,-1.1134307863431687,False,False,False,False,True,False,,False,False
2022-05-04,2022-05-03,test,test,4957,test,0.9787482685101154,4,2.0285566966535673,test,0.5838842975206612,4,0.21184058472846404,1.8167161119251032,True,NONE,2022-05-04,2022-05-05,1.5360044286753205,1.0897943973296595,1.606345695898383,0.4143315097321117,0.6924733866446903,5,5,-0.2807116832497827,False,False,False,False,False,False,,False,False
2022-05-05,2022-05-04,test,test,4958,test,0.862098138747885,4,1.0897943973296595,test,0.3277227687380251,4,-0.4462100313456609,1.5360044286753205,True,NONE,2022-05-05,2022-05-06,-1.9739102224574523,-0.36756452655906924,0.20616534429417838,0.43922208987427425,0.6734820831628123,5,5,0.4379057937821318,False,False,False,False,False,False,,False,False
2022-05-06,2022-05-05,test,test,4959,test,0.3565989847715736,4,-0.36756452655906924,test,0.9459010123252023,4,1.606345695898383,-1.9739102224574523,True,NONE,2022-05-06,2022-05-09,-0.49206144699665927,-0.2858961027024809,0.8556787185560538,0.4579816665267128,0.7345831707960484,5,5,-1.481848775460793,False,False,False,False,False,False,,False,False
2022-05-09,2022-05-06,test,test,4960,test,0.38747884940778343,4,-0.2858961027024809,test,0.5816691212216535,4,0.20616534429417838,-0.49206144699665927,True,NONE,2022-05-09,2022-05-10,-0.9310336482399415,-0.07535492968388767,0.8448229381224941,0.5985224595839564,0.6262685363251421,5,5,0.43897220124328223,False,False,False,False,False,False,,False,False
2022-05-10,2022-05-09,test,test,4961,test,0.4699661590524534,4,-0.07535492968388767,test,0.8039122426016889,4,0.8556787185560538,-0.9310336482399415,False,NONE,2022-05-10,2022-05-11,0.8658557721538427,1.7106787102763368,-0.0506457636476582,0.4329189557430896,0.3528210992362336,5,5,-0.06517787608609882,False,False,False,False,True,False,,False,False
2022-05-11,2022-05-10,test,test,4962,test,0.9564297800338409,4,1.7106787102763368,test,0.800895147240303,4,0.8448229381224941,0.8658557721538427,True,NONE,2022-05-11,2022-05-12,1.2648930616881304,1.2142472980404722,1.5113891784889937,0.1261463769569936,0.5841921797951891,5,5,0.39903728953428774,False,False,False,False,False,False,,False,False
2022-05-12,2022-05-11,test,test,4963,test,0.8876733480102883,4,1.2142472980404722,test,0.4798038977379965,4,-0.0506457636476582,1.2648930616881304,True,NONE,2022-05-12,2022-05-13,-1.7851558217858703,-0.2737666432968766,0.5116707824603585,0.24430802729178192,0.49677945324325234,5,5,0.5202627600977399,False,False,False,False,False,False,,False,False
2022-05-13,2022-05-12,test,test,4964,test,0.39213197969543145,4,-0.2737666432968766,test,0.9346553375847179,4,1.5113891784889937,-1.7851558217858703,False,NONE,2022-05-13,2022-05-16,-0.09486291987662143,0.41680786258373703,0.3141055462015229,0.3662571744260382,0.2814345969398805,5,5,-1.690292901909249,False,False,False,False,True,False,,False,False
2022-05-16,2022-05-13,test,test,4965,test,0.6615905245346869,4,0.41680786258373703,test,0.6955592810775258,4,0.5116707824603585,-0.09486291987662143,False,NONE,2022-05-16,2022-05-17,-1.2174779950897447,-0.9033724488882218,-0.5224142473220487,0.3559549216940944,0.20763731513040645,5,5,1.1226150752131234,False,False,False,False,True,False,,False,False
2022-05-17,2022-05-16,test,test,4966,test,0.18316412859560066,4,-0.9033724488882218,test,0.6232795613477432,4,0.3141055462015229,-1.2174779950897447,False,NONE,2022-05-17,2022-05-18,0.6992300636679059,0.17681581634585722,1.1062096391471195,0.7080879807055188,0.5465528590308423,5,5,-0.5182479314218389,False,False,False,False,True,False,,False,False
2022-05-18,2022-05-17,test,test,4967,test,0.5701734674233838,4,0.17681581634585722,test,0.30069096914409904,4,-0.5224142473220487,0.6992300636679059,True,NONE,2022-05-18,2022-05-19,0.6988459105672942,1.8050555497144136,1.0743255457293097,0.4641274178853541,0.3484313832624674,5,5,-0.00038415310061168384,False,False,False,False,False,False,,False,False
2022-05-19,2022-05-18,test,test,4968,test,0.9644670050761421,4,1.8050555497144136,test,0.8656821041493894,4,1.1062096391471195,0.6988459105672942,True,NONE,2022-05-19,2022-05-20,-0.7383464533549047,0.335979092374405,-0.5650534990565009,0.35675003640743996,0.16955238244716445,5,5,0.039500542787610504,False,False,False,False,False,False,,False,False
2022-05-20,2022-05-19,test,test,4969,test,0.6315566835871405,4,0.335979092374405,test,0.8586616002745289,4,1.0743255457293097,-0.7383464533549047,True,NONE,2022-05-20,2022-05-23,0.9303500979805186,0.36529659892401767,-0.05488086284584742,0.19018266020131872,0.039569337576420824,5,5,0.19200364462561392,False,False,False,False,False,False,,False,False
2022-05-23,2022-05-20,test,test,4970,test,0.642554991539763,4,0.36529659892401767,test,0.286018687980783,4,-0.5650534990565009,0.9303500979805186,True,NONE,2022-05-23,2022-05-24,0.9121737090147479,0.8572928461689006,1.1721634721801304,0.19193400792675547,0.16149068161076724,5,5,-0.018176388965770673,False,False,False,False,False,False,,False,False
2022-05-24,2022-05-23,test,test,4971,test,0.8043584694280764,4,0.8572928461689006,test,0.47811668906745974,4,-0.05488086284584742,0.9121737090147479,False,NONE,2022-05-24,2022-05-25,-2.2151504699350966,-1.0429869977549662,0.11560226030524542,0.3257608422598107,0.13221587334499713,5,5,1.3029767609203486,False,False,False,False,True,False,,False,False
2022-05-25,2022-05-24,test,test,4972,test,0.1484771573604061,4,-1.0429869977549662,test,0.8794342846521204,4,1.1721634721801304,-2.2151504699350966,False,NONE,2022-05-25,2022-05-26,1.1525663820195975,1.2681686423248428,0.17993054165279462,0.7295426031141903,0.2852544343322913,5,5,-1.062584087915499,False,False,False,False,True,False,,False,False
2022-05-26,2022-05-25,test,test,4973,test,0.8976311336717429,4,1.2681686423248428,test,0.5460161142726414,4,0.11560226030524542,1.1525663820195975,False,NONE,2022-05-26,2022-05-27,-0.6767883303089959,-0.4968577886562013,-1.2149687234102187,0.2857834009112789,0.3761975764444803,5,5,-0.4757780517106016,False,False,False,False,True,False,,False,False
2022-05-27,2022-05-26,test,test,4974,test,0.30964467005076146,4,-0.4968577886562013,test,0.5713964511424405,4,0.17993054165279462,-0.6767883303089959,False,NONE,2022-05-27,2022-05-30,1.5890220609614203,0.3740533375512015,0.5547258573258846,0.4192500562723998,0.7226957258094439,5,5,0.9122337306524244,False,False,False,False,True,False,,False,False
2022-05-30,2022-05-27,test,test,4975,test,0.6458176829806667,4,0.3740533375512015,test,0.1121890102662358,4,-1.2149687234102187,1.5890220609614203,False,NONE,2022-05-30,2022-05-31,0.9717011605082919,1.5264270178341766,1.0257894308512796,0.5441113539828011,0.981721015779387,5,5,-0.6173209004531284,False,False,False,False,True,False,,False,False
2022-05-31,2022-05-30,test,test,4976,test,0.9365482233502538,4,1.5264270178341766,test,0.7104589064600075,4,0.5547258573258846,0.9717011605082919,False,NONE,2022-05-31,2022-06-01,-0.04986762433434766,0.9759218065169319,0.8807950652417164,0.2008511291307303,0.9937209638864427,5,5,-0.9218335361739443,False,False,False,False,True,False,,False,False
2022-06-01,2022-05-31,test,test,4977,test,0.8354483925549916,4,0.9759218065169319,test,0.8475045754811404,4,1.0257894308512796,-0.04986762433434766,False,NONE,2022-06-01,2022-06-02,-1.8314224339314304,-0.9506273686897141,0.6346462522137396,0.0943788576190563,1.0846995324914397,5,5,1.7815548095970828,False,False,False,False,True,False,,False,False
2022-06-02,2022-06-01,test,test,4978,test,0.17089678510998307,4,-0.9506273686897141,test,0.8107856244101919,4,0.8807950652417164,-1.8314224339314304,False,NONE,2022-06-02,2022-06-03,-0.4641707640643362,0.1704754881494034,0.5175220234145994,0.5386126881285587,1.169218375284351,5,5,-1.3672516698670942,False,False,False,False,True,False,,False,False
2022-06-03,2022-06-02,test,test,4979,test,0.5676818950930627,4,0.1704754881494034,test,0.7371704223741028,4,0.6346462522137396,-0.4641707640643362,True,NONE,2022-06-03,2022-06-06,0.48083780268860843,0.9983598261032078,1.8498523071755997,0.4930597247475331,1.0569493644540937,5,5,0.016667038624272212,False,False,False,False,False,False,,False,False
2022-06-06,2022-06-03,test,test,4980,test,0.8409475465313029,4,0.9983598261032078,test,0.6976041004450095,4,0.5175220234145994,0.48083780268860843,True,NONE,2022-06-06,2022-06-07,-2.039726413601777,-0.18987410642617752,1.0857891713865588,0.4769514026914262,1.055692139089279,5,5,1.5588886109131688,False,False,False,False,False,False,,False,False
2022-06-07,2022-06-06,test,test,4981,test,0.42470389170896783,4,-0.18987410642617752,test,0.9678325802853956,4,1.8498523071755997,-2.039726413601777,False,NONE,2022-06-07,2022-06-08,-0.642228722427997,0.4435604489585619,1.3356879082667017,0.4299427152406562,1.2217236126824278,5,5,-1.3974976911737802,False,False,False,True,False,False,,False,False
2022-06-08,2022-06-07,test,test,4982,test,0.6713197969543148,4,0.4435604489585619,test,0.8612138608481799,4,1.0857891713865588,-0.642228722427997,True,NONE,2022-06-08,2022-06-09,-0.06514612440890377,1.270541783857798,1.0572404661782955,0.23189572332942507,1.1705400167730402,5,5,-0.5770825980190932,False,False,False,False,False,False,,False,False
2022-06-09,2022-06-08,test,test,4983,test,0.8980541455160744,4,1.270541783857798,test,0.9091743483788939,4,1.3356879082667017,-0.06514612440890377,True,NONE,2022-06-09,2022-06-10,-1.11452979493402,-0.05728932875572449,-0.0438230307366864,0.3443425911190822,1.5178056527015884,5,5,1.0493836705251163,False,False,False,False,False,False,,False,False
2022-06-10,2022-06-09,test,test,4984,test,0.47715736040609136,4,-0.05728932875572449,test,0.8547990720352312,4,1.0572404661782955,-1.11452979493402,True,NONE,2022-06-10,2022-06-13,0.9616412465593596,0.9178182158226732,1.8435661803515264,0.16299226086674384,1.0000952526116482,5,5,-0.15288854837466048,False,False,False,False,False,False,,False,False
2022-06-13,2022-06-10,test,test,4985,test,0.8206429780033841,4,0.9178182158226732,test,0.48252273442191657,4,-0.0438230307366864,0.9616412465593596,True,NONE,2022-06-13,2022-06-14,-2.268483724031554,-0.42491754368002754,1.9159465393523023,-0.24517899931451206,0.48512167165959763,5,5,1.3068424774721945,False,False,False,False,False,False,,False,False
2022-06-14,2022-06-13,test,test,4986,test,0.33544839255499154,4,-0.42491754368002754,test,0.9673768057202313,4,1.8435661803515264,-2.268483724031554,False,NONE,2022-06-14,2022-06-15,-2.462621049949896,-0.546674510597594,1.0797699287197635,-0.2531394917757049,0.19602712928312016,5,5,0.1941373259183421,False,False,False,True,False,False,,False,False
2022-06-15,2022-06-14,test,test,4987,test,0.2923011844331641,4,-0.546674510597594,test,0.9723140495867768,4,1.9159465393523023,-2.462621049949896,True,NONE,2022-06-15,2022-06-16,0.7530061940863204,1.832776122806084,2.7935686458210363,-0.15802503076143576,-0.07317030070110744,5,5,-1.7096148558635758,False,False,False,False,False,False,,False,False
2022-06-16,2022-06-15,test,test,4988,test,0.9665820642978004,4,1.832776122806084,test,0.8598776773713861,4,1.0797699287197635,0.7530061940863204,True,NONE,2022-06-16,2022-06-17,-3.7576096258384526,-0.9640409800174166,-2.6323750311863887,-0.15337775570858025,-0.4566699397113781,5,5,3.004603431752132,False,False,False,False,False,False,,False,False
2022-06-17,2022-06-16,test,test,4989,test,0.16751269035532995,4,-0.9640409800174166,test,0.9973935018268929,4,2.7935686458210363,-3.7576096258384526,True,NONE,2022-06-17,2022-06-20,1.5093369461027826,-1.1230380850836061,-0.7313017244087259,0.04812791517748666,-0.029703197471232578,5,5,-2.24827267973567,False,False,False,False,False,False,,False,False
2022-06-20,2022-06-17,test,test,4990,test,0.13071065989847716,4,-1.1230380850836061,test,0.00423951048951049,4,-2.6323750311863887,1.5093369461027826,True,NONE,2022-06-20,2022-06-21,0.26658171842273415,-0.4647200059859917,0.4704738274699157,0.4727568683984599,0.10961430177388679,5,5,-1.2427552276800484,False,False,False,False,False,False,,False,False
2022-06-21,2022-06-20,test,test,4991,test,0.3210659898477157,4,-0.4647200059859917,test,0.2322974387204491,4,-0.7313017244087259,0.26658171842273415,False,NONE,2022-06-21,2022-06-22,-0.5415760329961641,-0.07110220552624835,-0.2662172212013746,0.5792835716544118,0.13587492377823007,5,5,0.27499431457342993,False,False,False,False,True,False,,False,False
2022-06-22,2022-06-21,test,test,4992,test,0.47165820642978,4,-0.07110220552624835,test,0.6809917355371902,4,0.4704738274699157,-0.5415760329961641,False,NONE,2022-06-22,2022-06-23,2.122229719271736,1.8560124980703614,0.8760704507696829,0.7292017392585833,0.40921471673291104,5,5,1.5806536862755718,False,False,False,False,True,False,,False,False
2022-06-23,2022-06-22,test,test,4993,test,0.9682741116751269,4,1.8560124980703614,test,0.3950359604220881,4,-0.2662172212013746,2.122229719271736,False,NONE,2022-06-23,2022-06-24,-0.8325830763567648,0.04348737441291821,-0.4975413199856611,0.09857265104622988,0.29167188835024477,5,5,-1.289646642914971,False,False,True,False,False,False,,False,False
2022-06-24,2022-06-23,test,test,4994,test,0.5173434856175974,4,0.04348737441291821,test,0.8095041322314049,4,0.8760704507696829,-0.8325830763567648,True,NONE,2022-06-24,2022-06-27,1.4976480010069209,1.0001066810212598,-0.034714228183128956,0.36647400158377386,0.44112876873395174,5,5,0.6650649246501561,False,False,False,False,False,False,,False,False
2022-06-27,2022-06-24,test,test,4995,test,0.8413705583756346,4,1.0001066810212598,test,0.30940368612199376,4,-0.4975413199856611,1.4976480010069209,True,NONE,2022-06-27,2022-06-28,0.10262773847689635,0.0679135102937674,0.6017769374916321,0.015961388554968627,0.6660519831794642,5,5,-1.3950202625300245,False,False,False,False,False,False,,False,False
2022-06-28,2022-06-27,test,test,4996,test,0.5270727580372251,4,0.0679135102937674,test,0.4861538076582116,4,-0.034714228183128956,0.10262773847689635,False,NONE,2022-06-28,2022-06-29,0.07671169500297781,0.6784886324946099,1.1004817435720302,0.11599677977197516,0.7313685582436329,5,5,-0.025916043473918543,False,False,False,False,True,False,,False,False
2022-06-29,2022-06-28,test,test,4997,test,0.751269035532995,4,0.6784886324946099,test,0.7263386856930424,4,0.6017769374916321,0.07671169500297781,False,NONE,2022-06-29,2022-06-30,-2.3976146865634362,-1.2971329429914058,0.28835630885635155,0.12057068525259362,0.5971699255511792,5,5,2.3209029915604584,False,False,False,False,True,False,,False,False
2022-06-30,2022-06-29,test,test,4998,test,0.09729272419627749,4,-1.2971329429914058,test,0.8644388601332609,4,1.1004817435720302,-2.3976146865634362,False,NONE,2022-06-30,2022-07-01,1.0946378182442866,1.382994127100638,0.24974308193287378,0.37427069083580833,0.655068659469215,5,5,-1.3029768683191496,False,False,False,False,True,False,,False,False
2022-07-01,2022-06-30,test,test,4999,test,0.9166666666666666,4,1.382994127100638,test,0.6134629957962767,4,0.28835630885635155,1.0946378182442866,False,NONE,2022-07-01,2022-07-04,-1.0021994660556401,-0.7524563841227664,1.0899018440444337,0.35611787093070196,0.6039148915799049,5,5,-0.09243835218864649,False,False,False,False,True,False,,False,False
2022-07-04,2022-07-01,test,test,5000,test,0.22588832487309646,4,-0.7524563841227664,test,0.5986069804684149,4,0.24974308193287378,-1.0021994660556401,False,NONE,2022-07-04,2022-07-05,-0.5218113776656337,0.5680904663788,0.9283598128124749,0.7551135669242456,0.6712524067504393,5,5,-0.48038808839000646,False,False,False,False,True,False,,False,False
2022-07-05,2022-07-04,test,test,5001,test,0.715013229523549,4,0.5680904663788,test,0.8621218078869857,4,1.0899018440444337,-0.5218113776656337,False,NONE,2022-07-05,2022-07-06,-0.2270016529147727,0.7013581598977022,0.42948858010976226,0.44868727764500227,0.9228921380661568,5,5,-0.294809724750861,False,False,False,False,True,False,,False,False
2022-07-06,2022-07-05,test,test,5002,test,0.7584602368866328,4,0.7013581598977022,test,0.8233895213782757,4,0.9283598128124749,-0.2270016529147727,False,NONE,2022-07-06,2022-07-07,-0.4581214951850944,-0.028632915075332107,0.5778499784465306,0.39712773545717417,0.6872100063843607,5,5,0.23111984227032167,False,False,False,False,True,False,,False,False
2022-07-07,2022-07-06,test,test,5003,test,0.48857868020304573,4,-0.028632915075332107,test,0.6662161485887501,4,0.42948858010976226,-0.4581214951850944,False,NONE,2022-07-07,2022-07-08,0.7143800491285756,1.2922300275751062,-0.006025757513677264,0.6394152204464432,0.7165856214337468,5,5,0.2562585539434812,False,False,False,False,True,False,,False,False
2022-07-08,2022-07-07,test,test,5004,test,0.9018612521150593,4,1.2922300275751062,test,0.7183172953187109,4,0.5778499784465306,0.7143800491285756,True,NONE,2022-07-08,2022-07-11,1.248547853358629,1.2425220958449517,1.4265894198971065,0.19933588680829917,0.6496688360184177,5,5,0.5341678042300534,False,False,False,False,False,False,,False,False
2022-07-11,2022-07-08,test,test,5005,test,0.8929780033840948,4,1.2425220958449517,test,0.49759608510394926,4,-0.006025757513677264,1.248547853358629,True,NONE,2022-07-11,2022-07-12,-2.390630399914523,-0.9640409800174166,2.186558469391062,-0.13741288658412706,0.476046617322746,5,5,1.1420825465558941,False,False,False,False,False,False,,False,False
2022-07-12,2022-07-11,test,test,5006,test,0.16751269035532995,4,-0.9640409800174166,test,0.9231508621922273,4,1.4265894198971065,-2.390630399914523,False,NONE,2022-07-12,2022-07-13,-1.7429980204325,0.4435604489585619,-0.748922078299218,-0.08030241707956572,0.00920870206008379,5,5,-0.6476323794820231,False,False,False,False,True,False,,False,False
2022-07-13,2022-07-12,test,test,5007,test,0.6713197969543148,4,0.4435604489585619,test,0.985612614029569,4,2.186558469391062,-1.7429980204325,True,NONE,2022-07-13,2022-07-14,1.9317265881702306,1.1828045098710125,0.7247280536934608,-0.5438387706011049,0.6791341294612249,5,5,0.1887285677377306,False,False,False,False,False,False,,False,False
2022-07-14,2022-07-13,test,test,5008,test,0.8815566835871405,4,1.1828045098710125,test,0.22695208613343248,4,-0.748922078299218,1.9317265881702306,True,NONE,2022-07-14,2022-07-15,-1.6328946943090745,-0.9081666406156136,-0.34060968459032237,-0.8331741710332807,0.3760059890555355,5,5,-0.29883189386115605,False,False,False,False,False,False,,False,False
2022-07-15,2022-07-14,test,test,5009,test,0.18189509306260576,4,-0.9081666406156136,test,0.7656905594405594,4,0.7247280536934608,-1.6328946943090745,False,NONE,2022-07-15,2022-07-18,-0.10061208652685716,-0.44122177111717953,0.5584783264187478,-0.2729675568259176,0.6917352517986718,5,5,-1.5322826077822174,False,False,False,False,True,False,,False,False
2022-07-18,2022-07-15,test,test,5010,test,0.32952622673434856,4,-0.44122177111717953,test,0.3666987188652807,4,-0.34060968459032237,-0.10061208652685716,False,NONE,2022-07-18,2022-07-19,-1.2369669589133576,-0.6784886324946098,-0.14763110692224937,-0.28325097260138465,0.6373582386312273,5,5,1.1363548723865005,False,False,False,False,True,False,,False,False
2022-07-19,2022-07-18,test,test,5011,test,0.2487309644670051,4,-0.6784886324946098,test,0.7117410998092817,4,0.5584783264187478,-1.2369669589133576,False,NONE,2022-07-19,2022-07-20,-1.7264902117268843,-1.8741213186491337,2.6007050587064873,-0.418205030590416,0.5415612514621555,5,5,0.4895232528135267,False,False,False,False,True,False,,False,False
2022-07-20,2022-07-19,test,test,5012,test,0.030456852791878174,4,-1.8741213186491337,test,0.44131695215762534,4,-0.14763110692224937,-1.7264902117268843,False,NONE,2022-07-20,2022-07-21,-2.864577550996354,-0.263872492289867,-0.7909126483349858,0.3302225931348374,0.2239129557814273,5,5,1.1380873392694697,False,False,False,False,True,False,,False,False
2022-07-21,2022-07-20,test,test,5013,test,0.3959390862944162,4,-0.263872492289867,test,0.9953483799937087,4,2.6007050587064873,-2.864577550996354,True,NONE,2022-07-21,2022-07-22,2.6837790787561877,1.892866430421202,1.2380366291253586,0.7978148485023078,0.6815863282477947,5,5,-0.18079847224016632,False,False,False,False,False,False,,False,False
2022-07-22,2022-07-21,test,test,5014,test,0.9708121827411167,4,1.892866430421202,test,0.2144974834853728,4,-0.7909126483349858,2.6837790787561877,True,NONE,2022-07-22,2022-07-25,-1.7306754791198733,-0.4926388499945148,0.28659326058152607,0.8416403453875201,0.8893441970433666,5,5,-0.9531035996363144,False,False,False,False,False,False,,False,False
2022-07-25,2022-07-22,test,test,5015,test,0.31113389609468517,4,-0.4926388499945148,test,0.8921487603305785,4,1.2380366291253586,-1.7306754791198733,True,NONE,2022-07-25,2022-07-26,-1.6398521830212927,-1.3532589224397666,-0.626616042767609,0.9172146233555478,1.057713366637924,5,5,-0.09082329609858064,False,False,False,False,False,False,,False,False
2022-07-26,2022-07-25,test,test,5016,test,0.08798646362098139,4,-1.3532589224397666,test,0.612788112328062,4,0.28659326058152607,-1.6398521830212927,False,NONE,2022-07-26,2022-07-27,2.4946328427447426,1.8680167999771338,1.0124635803028466,1.4340924801282053,1.393730887888292,5,5,0.85478065972345,False,False,False,False,True,False,,False,False
2022-07-27,2022-07-26,test,test,5017,test,0.9691201353637902,4,1.8680167999771338,test,0.2654554748491521,4,-0.626616042767609,2.4946328427447426,True,NONE,2022-07-27,2022-07-28,1.061625204244638,2.0740887845474845,1.497454213996851,1.2744355892723784,1.307922154653275,5,5,-1.4330076385001047,False,False,False,False,False,False,,False,False
2022-07-28,2022-07-27,test,test,5018,test,0.9809644670050761,4,2.0740887845474845,test,0.8443417741428122,4,1.0124635803028466,1.061625204244638,True,NONE,2022-07-28,2022-07-29,0.6145397008504132,2.111993914847264,2.2768259731032185,0.7939906226157344,1.013892861870866,5,5,-0.4470855033942247,False,False,False,False,False,False,,False,False
2022-07-29,2022-07-28,test,test,5019,test,0.9826565143824026,4,2.111993914847264,test,0.9328624446487768,4,1.497454213996851,0.6145397008504132,False,NONE,2022-07-29,2022-08-01,-2.391593433257595,-0.1147674601543766,1.1284391085543128,0.7882493026312103,0.518360117594022,5,5,1.7770537324071818,False,False,True,False,False,False,,False,False
2022-08-01,2022-07-29,test,test,5020,test,0.4543147208121827,4,-0.1147674601543766,test,0.9886016900683463,4,2.2768259731032185,-2.391593433257595,False,NONE,2022-08-01,2022-08-02,0.10269125286920788,1.2311303614235207,1.0534715634842322,0.785685732743918,0.213404643940558,5,5,-2.288902180388387,False,False,False,True,False,False,,False,False
2022-08-02,2022-08-01,test,test,5021,test,0.8908629441624365,4,1.2311303614235207,test,0.8704327404272356,4,1.1284391085543128,0.10269125286920788,False,NONE,2022-08-02,2022-08-03,0.016260782213766145,1.0697323456979984,0.5834199141277613,0.1762643153621898,0.3522681133869156,5,5,-0.08643047065544174,False,False,False,False,True,False,,False,False
2022-08-03,2022-08-02,test,test,5022,test,0.8576300987582486,4,1.0697323456979984,test,0.8539375397329942,4,1.0534715634842322,0.016260782213766145,False,NONE,2022-08-03,2022-08-04,-0.9115559628634957,-0.3281360487357345,0.02730775008480507,0.41752910811112975,0.099089723211325,5,5,0.8952951806497296,False,False,False,False,True,False,,False,False
2022-08-04,2022-08-03,test,test,5023,test,0.37140439932318103,4,-0.3281360487357345,test,0.720194672424147,4,0.5834199141277613,-0.9115559628634957,False,NONE,2022-08-04,2022-08-05,2.0559795648398382,2.083287314924643,-0.200837748281001,0.7042455006466719,0.052591683161326765,5,5,1.1444236019763425,False,False,False,False,True,False,,False,False
2022-08-05,2022-08-04,test,test,5024,test,0.9813874788494077,4,2.083287314924643,test,0.5108928622494209,4,0.02730775008480507,2.0559795648398382,True,NONE,2022-08-05,2022-08-08,0.07325243869016304,-0.12758530959083797,-0.3963382597130075,0.27570531577160917,0.0929712307159646,5,5,-1.9827271261496753,False,False,False,False,False,False,,False,False
2022-08-08,2022-08-05,test,test,5025,test,0.449238578680203,4,-0.12758530959083797,test,0.42041272269724617,4,-0.200837748281001,0.07325243869016304,True,NONE,2022-08-08,2022-08-09,-1.4196384657721124,-1.81597672548512,1.7477889107160203,0.5015936963119916,0.35603745094070405,5,5,1.3463860270819494,False,False,False,False,False,False,,False,False
2022-08-09,2022-08-08,test,test,5026,test,0.03468697123519458,4,-1.81597672548512,test,0.345927753042805,4,-0.3963382597130075,-1.4196384657721124,False,NONE,2022-08-09,2022-08-10,0.5282673987266779,2.276056309442698,-0.6824720367501919,0.8120145429510423,0.3025023569470858,5,5,-0.8913710670454345,False,False,False,False,True,False,,False,False
2022-08-10,2022-08-09,test,test,5027,test,0.9885786802030456,4,2.276056309442698,test,0.9597497068832395,4,1.7477889107160203,0.5282673987266779,True,NONE,2022-08-10,2022-08-11,1.7879179506921679,1.1054459139419759,-0.20518245016518613,0.38960805526750575,0.7071679356841766,5,5,1.25965055196549,False,False,False,False,False,False,,False,False
2022-08-11,2022-08-10,test,test,5028,test,0.8655167909286576,4,1.1054459139419759,test,0.24747025937258715,4,-0.6824720367501919,1.7879179506921679,True,NONE,2022-08-11,2022-08-12,0.14576884071451573,-0.0594136094506704,0.0010599894921882733,0.179764329668151,0.8181743563816493,5,5,-1.6421491099776522,False,False,False,False,False,False,,False,False
2022-08-12,2022-08-11,test,test,5029,test,0.4763113367174281,4,-0.0594136094506704,test,0.41871479024278646,4,-0.20518245016518613,0.14576884071451573,False,NONE,2022-08-12,2022-08-15,1.000796603618886,1.0018565931110743,0.9189928414106897,0.31504998776250365,0.9526513800154415,5,5,0.8550277629043703,False,False,False,False,True,False,,False,False
2022-08-15,2022-08-12,test,test,5030,test,0.8417935702199661,4,1.0018565931110743,test,0.5004228745460264,4,0.0010599894921882733,1.000796603618886,True,NONE,2022-08-15,2022-08-16,-1.1828653337005566,-0.26387249228986687,1.4801134407479293,0.1520059161392233,1.0098174997671516,5,5,0.18206873008167057,False,False,False,False,False,False,,False,False
2022-08-16,2022-08-15,test,test,5031,test,0.39593908629441626,4,-0.26387249228986687,test,0.8209503417312476,4,0.9189928414106897,-1.1828653337005566,True,NONE,2022-08-16,2022-08-17,-1.3160895697229136,0.16402387102501564,1.3408558569352618,0.45055463628151193,0.867543355430489,5,5,0.133224236022357,False,False,False,False,False,False,,False,False
2022-08-17,2022-08-16,test,test,5032,test,0.5651438240270727,4,0.16402387102501564,test,0.9305785123966943,4,1.4801134407479293,-1.3160895697229136,False,NONE,2022-08-17,2022-08-18,-1.2846285709900596,0.05622728594520228,0.34984965332217755,0.35413353453334073,0.5971211600996309,5,5,-0.03146099873285402,False,False,False,False,True,False,,False,False
2022-08-18,2022-08-17,test,test,5033,test,0.522419627749577,4,0.05622728594520228,test,0.9100163716434556,4,1.3408558569352618,-1.2846285709900596,False,NONE,2022-08-18,2022-08-19,0.26716502769891526,0.6170146810210928,0.6734451076611493,0.2754678363589711,0.640625142031991,5,5,-1.0174635432911443,False,False,False,False,True,False,,False,False
2022-08-19,2022-08-18,test,test,5034,test,0.7313874788494078,4,0.6170146810210928,test,0.6367742335519153,4,0.34984965332217755,0.26716502769891526,True,NONE,2022-08-19,2022-08-22,-0.48680887266647666,0.18663623499467266,1.2048234401692397,0.30368442061649337,0.6150204505492566,5,5,0.2196438449675614,False,False,False,False,False,False,,False,False
2022-08-22,2022-08-19,test,test,5035,test,0.5740270727580372,4,0.18663623499467266,test,0.7496679201578541,4,0.6734451076611493,-0.48680887266647666,True,NONE,2022-08-22,2022-08-23,0.024047668252336285,1.228871108421576,0.7687427190646161,0.1873708624999121,0.5455679209553363,5,5,-0.46276120441414037,False,False,False,False,False,False,,False,False
2022-08-23,2022-08-22,test,test,5036,test,0.8904399323181049,4,1.228871108421576,test,0.8858642654922932,4,1.2048234401692397,0.024047668252336285,False,NONE,2022-08-23,2022-08-24,-1.086824356780456,-0.31808163771584,-0.011255119719028586,-0.09077833148458843,0.4602068556833184,5,5,1.0627766885281198,False,False,False,False,True,False,,False,False
2022-08-24,2022-08-23,test,test,5037,test,0.3752115059221658,4,-0.31808163771584,test,0.7789769702615723,4,0.7687427190646161,-1.086824356780456,False,NONE,2022-08-24,2022-08-25,-0.32584608520761715,-0.33710120492664575,0.5673695629839788,-0.16179384110924183,0.44388490073789943,5,5,-0.7609782715728389,False,False,False,False,True,False,,False,False
2022-08-25,2022-08-24,test,test,5038,test,0.36802030456852797,4,-0.33710120492664575,test,0.4955099516714805,4,-0.011255119719028586,-0.32584608520761715,False,NONE,2022-08-25,2022-08-26,0.19072803932472493,0.7580976023087037,0.5454216502474764,0.04350725343577118,0.7428594363485568,5,5,-0.13511804588289222,False,False,False,False,True,False,,False,False
2022-08-26,2022-08-25,test,test,5039,test,0.7758037225042301,4,0.7580976023087037,test,0.7147684377591581,4,0.5673695629839788,0.19072803932472493,False,NONE,2022-08-26,2022-08-29,-0.94035320583571,-0.3949315555882336,0.8575607921996389,-0.35479145021199404,0.475992604649852,5,5,0.7496251665109851,False,False,False,False,True,False,,False,False
2022-08-29,2022-08-26,test,test,5040,test,0.3464467005076142,4,-0.3949315555882336,test,0.7072682232834797,4,0.5454216502474764,-0.94035320583571,False,NONE,2022-08-29,2022-08-30,-1.0194356537005653,-0.16187486150092648,0.34193739270452644,-0.4678845993084506,0.4552747981459963,5,5,0.0790824478648553,False,False,False,False,True,False,,False,False
2022-08-30,2022-08-29,test,test,5041,test,0.4357021996615905,4,-0.16187486150092648,test,0.804432483606359,4,0.8575607921996389,-1.0194356537005653,False,NONE,2022-08-30,2022-08-31,-1.0150965785436334,-0.673159185839107,-0.0928648944461236,-0.24967210919937277,0.8087688518491472,5,5,-0.004339075156931882,False,False,False,False,True,False,,False,False
2022-08-31,2022-08-30,test,test,5042,test,0.25042301184433163,4,-0.673159185839107,test,0.6338009957170856,4,0.34193739270452644,-1.0150965785436334,False,NONE,2022-08-31,2022-09-01,0.7822691622445429,0.6894042677984193,2.0622422410372656,0.14098106706787444,1.157933677208989,5,5,-0.23282741629909054,False,False,False,False,True,False,,False,False
2022-09-01,2022-08-31,test,test,5043,test,0.7547155507693821,4,0.6894042677984193,test,0.46300544768223284,4,-0.0928648944461236,0.7822691622445429,False,NONE,2022-09-01,2022-09-02,-3.295638156967388,-1.2333959159301222,-0.7889125082460472,-0.08584592598472666,0.7742855253986679,5,5,2.513368994722845,False,False,False,False,True,False,,False,False
2022-09-02,2022-09-01,test,test,5044,test,0.10871404399323181,4,-1.2333959159301222,test,0.9804076605212968,4,2.0622422410372656,-3.295638156967388,True,NONE,2022-09-02,2022-09-05,-0.17148479282446938,-0.9603973010705166,0.7539717596803602,0.4346988471006757,1.0149212368127098,5,5,-3.124153364142918,False,False,False,False,False,False,,False,False
2022-09-05,2022-09-02,test,test,5045,test,0.16842764796729964,4,-0.9603973010705166,test,0.21508157224970686,4,-0.7889125082460472,-0.17148479282446938,True,NONE,2022-09-05,2022-09-06,0.1752158293641023,0.9291875890444625,2.1094076612202803,0.5866419869148464,1.3016781428996462,5,5,0.003731036539632915,False,False,False,False,False,False,,False,False
2022-09-06,2022-09-05,test,test,5046,test,0.8236040609137056,4,0.9291875890444625,test,0.7745669103623649,4,0.7539717596803602,0.1752158293641023,False,NONE,2022-09-06,2022-09-07,-0.8293009657231512,1.2801066954971292,1.6529592323530864,0.8120447367228522,0.8719754269822853,5,5,0.6540851363590489,False,False,False,False,True,False,,False,False
2022-09-07,2022-09-06,test,test,5047,test,0.899746192893401,4,1.2801066954971292,test,0.9825452956134775,4,2.1094076612202803,-0.8293009657231512,False,NONE,2022-09-07,2022-09-08,-2.0976899298176725,-0.4447306974645864,0.14400148198565943,0.5364822151523057,0.5858868642425847,5,5,1.2683889640945214,False,False,False,True,False,False,,False,False
2022-09-08,2022-09-07,test,test,5048,test,0.32825719120135366,4,-0.4447306974645864,test,0.9508304195804196,4,1.6529592323530864,-2.0976899298176725,True,NONE,2022-09-08,2022-09-09,1.2253264675112305,1.36932794949689,0.41426604882416324,0.40975937377995686,0.5064306556028886,5,5,-0.872363462306442,False,False,False,False,False,False,,False,False
2022-09-09,2022-09-08,test,test,5049,test,0.9145516074450084,4,1.36932794949689,test,0.5572503503102748,4,0.14400148198565943,1.2253264675112305,True,NONE,2022-09-09,2022-09-12,-0.6149476508238271,-0.2006816019996638,2.187756290115042,0.07071400336420967,0.2160216599503725,5,5,-0.6103788166874035,False,False,False,False,False,False,,False,False
2022-09-12,2022-09-09,test,test,5050,test,0.42047377326565144,4,-0.2006816019996638,test,0.6606603623649079,4,0.41426604882416324,-0.6149476508238271,False,NONE,2022-09-12,2022-09-13,-0.13155495203055034,2.0562013380844917,-0.03910591836652511,-0.043611178360576444,-0.007339191358410479,5,5,-0.48339269879327673,False,False,False,False,True,False,,False,False
2022-09-13,2022-09-12,test,test,5051,test,0.9801184433164128,4,2.0562013380844917,test,0.9856563203232753,4,2.187756290115042,-0.13155495203055034,True,NONE,2022-09-13,2022-09-14,-0.058599993989078385,-0.0977059123556035,0.2225164186545844,-0.877250228946928,0.21389749733506536,5,5,-0.07295495804147195,False,False,False,False,False,False,,False,False
2022-09-14,2022-09-13,test,test,5052,test,0.461082910321489,4,-0.0977059123556035,test,0.4844029712030656,4,-0.03910591836652511,-0.058599993989078385,True,NONE,2022-09-14,2022-09-15,-1.3008613229809147,-1.0783449043263302,-0.25327956121282197,-0.594870652475986,0.7109016392851873,5,5,1.2422613289918363,False,False,False,False,False,False,,False,False
2022-09-15,2022-09-14,test,test,5053,test,0.14043993231810492,4,-1.0783449043263302,test,0.5880440533043553,4,0.2225164186545844,-1.3008613229809147,False,NONE,2022-09-15,2022-09-16,-0.07261934136902387,-0.32589890258184584,-1.0377789294384168,0.19289258761663816,1.0571619406693133,5,5,-1.2282419816118908,False,False,False,False,True,False,,False,False
2022-09-16,2022-09-15,test,test,5054,test,0.3722504230118443,4,-0.32589890258184584,test,0.40002609454087906,4,-0.25327956121282197,-0.07261934136902387,False,NONE,2022-09-16,2022-09-19,0.2654714188148224,-0.7723075106235944,1.0709520335711271,0.17908605701536065,1.2544282466561099,5,5,0.19285207744579852,False,False,False,False,True,False,,False,False
2022-09-19,2022-09-16,test,test,5055,test,0.21996615905245348,4,-0.7723075106235944,test,0.1496864943015462,4,-1.0377789294384168,0.2654714188148224,False,NONE,2022-09-19,2022-09-20,-3.182945948418393,-2.111993914847266,1.067077525100854,0.308244282429017,1.2681134751290828,5,5,2.9174745296035702,False,False,False,False,True,False,,False,False
2022-09-20,2022-09-19,test,test,5056,test,0.01734348561759729,4,-2.111993914847266,test,0.8579045011295718,4,1.0709520335711271,-3.182945948418393,True,NONE,2022-09-20,2022-09-21,0.24711444489825207,1.314191969999106,2.7075371284051943,0.37491178162933136,1.0416577055025897,5,5,-2.9358315035201406,False,False,False,False,False,False,,False,False
2022-09-21,2022-09-20,test,test,5057,test,0.905609194953096,4,1.314191969999106,test,0.8570315851182475,4,1.067077525100854,0.24711444489825207,True,NONE,2022-09-21,2022-09-22,0.15293416773159674,2.860471296136791,1.4780219457078076,0.033257379964590474,0.5503919851576096,5,5,-0.09418027716665534,False,False,False,False,False,False,,False,False
2022-09-22,2022-09-21,test,test,5058,test,0.9978849407783418,4,2.860471296136791,test,0.9966107755880483,4,2.7075371284051943,0.15293416773159674,True,NONE,2022-09-22,2022-09-23,-1.8729535012960414,-0.3949315555882338,-0.05144739950443378,-0.8281246537368177,0.2785331336246998,5,5,1.7200193335644447,False,False,False,False,False,False,,False,False
2022-09-23,2022-09-22,test,test,5059,test,0.34644670050761417,4,-0.3949315555882338,test,0.9302990478379751,4,1.4780219457078076,-1.8729535012960414,True,NONE,2022-09-23,2022-09-26,-0.0750689840508785,-0.12651638355531228,1.1393781759359913,-0.9121471893480544,0.28721113528639797,5,5,-1.797884517245163,False,False,False,False,False,False,,False,False
2022-09-26,2022-09-23,test,test,5060,test,0.4496615905245347,4,-0.12651638355531228,test,0.47948450770682605,4,-0.05144739950443378,-0.0750689840508785,False,NONE,2022-09-26,2022-09-27,-2.9180345947816853,-1.778656418845694,-0.06520132303161011,-0.8675158004675341,0.06902255288685735,5,5,2.842965610730807,False,False,False,False,True,False,,False,False
2022-09-27,2022-09-26,test,test,5061,test,0.03764805414551607,4,-1.778656418845694,test,0.8727272727272728,4,1.1393781759359913,-2.9180345947816853,False,NONE,2022-09-27,2022-09-28,-0.3288787152929884,-0.39408003832459854,0.25120852668029253,-0.6359579665982741,0.09458675617084071,5,5,-2.589155879488697,False,False,False,False,True,False,,False,False
2022-09-28,2022-09-27,test,test,5062,test,0.34676097406347567,4,-0.39408003832459854,test,0.47400685387277086,4,-0.06520132303161011,-0.3288787152929884,False,NONE,2022-09-28,2022-09-29,-1.6976473990505418,-1.4464388723702493,0.11872768804325884,-0.39796270868050243,0.16006314278281358,5,5,1.3687686837575535,False,False,False,False,True,False,,False,False
2022-09-29,2022-09-28,test,test,5063,test,0.07402707275803722,4,-1.4464388723702493,test,0.5991735537190083,4,0.25120852668029253,-1.6976473990505418,False,NONE,2022-09-29,2022-09-30,-0.9337719216876765,-0.8150442336444177,-0.008057391195942756,-0.5008125892536135,0.5075187152140163,5,5,-0.7638754773628653,False,False,False,False,True,False,,False,False
2022-09-30,2022-09-29,test,test,5064,test,0.2075234954311826,4,-0.8150442336444177,test,0.5472544500953591,4,0.11872768804325884,-0.9337719216876765,False,NONE,2022-09-30,2022-10-03,0.10469795204323183,0.09664056084728907,0.048435263938288294,-0.7902320392849813,0.39063680210022167,5,5,-0.8290739696444447,False,False,False,False,True,False,,False,False
2022-10-03,2022-09-30,test,test,5065,test,0.5384940778341794,4,0.09664056084728907,test,0.4967856007628735,4,-0.008057391195942756,0.10469795204323183,False,NONE,2022-10-03,2022-10-04,-0.669302513437682,-0.6208672494993936,0.06261969338830667,-1.2173498653979662,0.5732247546379909,5,5,0.5646045613944501,False,False,False,False,True,False,,False,False
2022-10-04,2022-10-03,test,test,5066,test,0.26734348561759724,4,-0.6208672494993936,test,0.5193153221424691,4,0.048435263938288294,-0.669302513437682,False,NONE,2022-10-04,2022-10-05,0.7332765578759529,0.7958962512642596,0.578590459740157,-1.4667797754935141,0.6663198598884907,5,5,0.06397404443827093,False,False,False,False,True,False,,False,False
2022-10-05,2022-10-04,test,test,5067,test,0.7869538298312729,4,0.7958962512642596,test,0.5249653264319827,4,0.06261969338830667,0.7332765578759529,False,NONE,2022-10-05,2022-10-06,-2.5392787349759622,-1.960688275235805,1.856005550199272,-1.812778445991294,1.0904270711815263,5,5,1.8060021771000092,False,False,False,False,True,False,,False,False
2022-10-06,2022-10-05,test,test,5068,test,0.024957698815566837,4,-1.960688275235805,test,0.7185672282263191,4,0.578590459740157,-2.5392787349759622,False,NONE,2022-10-06,2022-10-07,-4.118147034000528,-2.262141483801256,-0.5924669567649158,-1.6165091331043182,0.7518442086501521,5,5,1.578868299024566,False,False,False,False,True,False,,False,False
2022-10-07,2022-10-06,test,test,5069,test,0.011844331641285956,4,-2.262141483801256,test,0.9682736165218864,4,1.856005550199272,-4.118147034000528,True,NONE,2022-10-07,2022-10-10,-1.4464816129527196,-2.0389485697176353,0.9613750266271346,-1.1902394298524865,1.2551604364006888,5,5,-2.6716654210478086,False,False,False,False,False,False,,False,False
2022-10-10,2022-10-07,test,test,5070,test,0.020727580372250424,4,-2.0389485697176353,test,0.2767689706487284,4,-0.5924669567649158,-1.4464816129527196,True,NONE,2022-10-10,2022-10-11,-2.829391826604269,-1.8680167999771344,0.5280952196408059,-1.2130899379266673,1.2192923595385463,5,5,1.3829102136515492,False,False,False,False,False,False,,False,False
2022-10-11,2022-10-10,test,test,5071,test,0.030879864636209814,4,-1.8680167999771344,test,0.8318181818181818,4,0.9613750266271346,-2.829391826604269,False,NONE,2022-10-11,2022-10-12,-1.4621923208654435,-0.9340971012246375,2.6991265162053346,-1.0813098252539504,1.1591205795431543,5,5,-1.3671995057388253,False,False,False,False,True,False,,False,False
2022-10-12,2022-10-11,test,test,5072,test,0.1751269035532995,4,-0.9340971012246375,test,0.701283375715194,4,0.5280952196408059,-1.4621923208654435,False,NONE,2022-10-12,2022-10-13,-3.678468227006263,-0.9793417108009288,0.16309123754240143,-1.4030409201136802,0.6595323341756415,5,5,2.2162759061408197,False,False,False,False,True,False,,False,False
2022-10-13,2022-10-12,test,test,5073,test,0.16370558375634517,4,-0.9793417108009288,test,0.9965239129382728,4,2.6991265162053346,-3.678468227006263,True,NONE,2022-10-13,2022-10-14,-0.2938842050844968,-0.13079296754209538,1.9241141819877672,-1.5425197193315112,0.7220536787877704,5,5,-3.3845840219217664,False,False,False,False,False,False,,False,False
2022-10-14,2022-10-13,test,test,5074,test,0.44796954314720816,4,-0.13079296754209538,test,0.5647767005721551,4,0.16309123754240143,-0.2938842050844968,True,NONE,2022-10-14,2022-10-17,-4.077315292076307,-2.1532011100885393,0.7820346423164221,-0.8489049278834093,0.8312235488390586,5,5,3.78343108699181,False,False,False,False,False,False,,False,False
2022-10-17,2022-10-14,test,test,5075,test,0.015651438240270727,4,-2.1532011100885393,test,0.9728298635934685,4,1.9241141819877672,-4.077315292076307,False,IMPLIED_ONLY,2022-10-17,2022-10-18,-1.9911508789299734,-1.2091162366135513,0.22723631966384733,-0.10671202165101627,0.7779795734528356,5,5,-2.0861644131463333,False,True,False,False,False,False,E21_003,False,True
2022-10-18,2022-10-17,test,test,5076,test,0.11330909609352724,4,-1.2091162366135513,test,0.7829028925619834,4,0.7820346423164221,-1.9911508789299734,False,NONE,2022-10-18,2022-10-19,-2.769988895187133,-2.5427525755232856,0.20118528936776917,0.0878071161409628,0.6281752338204407,5,5,0.7788380162571595,False,False,False,False,True,False,,False,False
2022-10-19,2022-10-18,test,test,5077,test,0.005499153976311337,4,-2.5427525755232856,test,0.5898800063572791,4,0.22723631966384733,-2.769988895187133,False,NONE,2022-10-19,2022-10-20,-1.8779209962578534,-1.676735706890084,0.47569796060304637,0.7293977609307588,0.7629798333924733,5,5,-0.8920678989292796,False,False,False,False,True,False,,False,False
2022-10-20,2022-10-19,test,test,5078,test,0.04679708747841518,4,-1.676735706890084,test,0.5797231531444333,4,0.20118528936776917,-1.8779209962578534,False,NONE,2022-10-20,2022-10-21,2.8615830290953674,3.3372809896984137,2.469963532244208,1.2545374381070773,1.1960542526368516,5,5,0.9836620328375141,False,False,False,False,True,False,,False,False
2022-10-21,2022-10-20,test,test,5079,test,0.9995769881556683,4,3.3372809896984137,test,0.6828552129688493,4,0.47569796060304637,2.8615830290953674,True,NONE,2022-10-21,2022-10-24,-0.9122001111707823,1.557763421073426,0.5158147653853069,0.31434601856228306,0.526543189283297,5,5,-1.9493829179245852,False,False,False,False,False,False,,False,False
2022-10-24,2022-10-21,test,test,5080,test,0.9403553299492386,4,1.557763421073426,test,0.9932436586691069,4,2.469963532244208,-0.9122001111707823,True,NONE,2022-10-24,2022-10-25,-0.7523353130389632,-0.23652054765365632,-0.5217853784981267,-0.2174843785195725,0.4471145360550385,5,5,-0.15986479813181909,False,False,False,False,False,False,,False,False
2022-10-25,2022-10-24,test,test,5081,test,0.4065143824027073,4,-0.23652054765365632,test,0.6970081055308328,4,0.5158147653853069,-0.7523353130389632,False,NONE,2022-10-25,2022-10-26,1.1869860269238217,0.665200648425695,0.8752082872279319,0.030541646705065963,0.6156938321035497,5,5,0.43465071388485854,False,False,False,False,True,False,,False,False
2022-10-26,2022-10-25,test,test,5082,test,0.7470389170896785,4,0.665200648425695,test,0.30090988556897647,4,-0.5217853784981267,1.1869860269238217,False,NONE,2022-10-26,2022-10-27,0.07375439176357601,0.9489626789915079,2.6410700568249372,0.15256344808341799,0.4447401278640991,5,5,-1.1132316351602456,False,False,False,False,True,False,,False,False
2022-10-27,2022-10-26,test,test,5083,test,0.8286802030456852,4,0.9489626789915079,test,0.809269707565162,4,0.8752082872279319,0.07375439176357601,False,NONE,2022-10-27,2022-10-28,-4.004746164850494,-1.363676108025557,-0.8775917845235645,0.04868375044462716,0.10938197625715826,5,5,3.930991773086918,False,False,False,False,True,False,,False,False
2022-10-28,2022-10-27,test,test,5084,test,0.0863347633956163,4,-1.363676108025557,test,0.9958677685950413,4,2.6410700568249372,-4.004746164850494,True,NONE,2022-10-28,2022-10-31,-0.22379677981228763,-1.101388564335852,0.11867149924401436,0.406866914880388,0.37520079310892196,5,5,-3.7809493850382063,False,False,False,False,False,False,,False,False
2022-10-31,2022-10-28,test,test,5085,test,0.1353637901861252,4,-1.101388564335852,test,0.19008264462809915,4,-0.8775917845235645,-0.22379677981228763,True,NONE,2022-10-31,2022-11-01,0.8849380792255217,1.003609578469536,0.3211111017444296,,0.36460933020444075,4,5,0.6611412994132341,False,False,False,False,False,False,,False,False
2022-11-01,2022-10-31,test,test,5086,test,0.8422165820642977,4,1.003609578469536,test,0.5472321913694986,4,0.11867149924401436,0.8849380792255217,False,NONE,2022-11-01,2022-11-02,0.9541985535730256,1.2753096553174552,0.020439766030679107,,,3,4,0.06926047434750393,False,False,False,False,True,False,,False,False
2022-11-02,2022-11-01,test,test,5087,test,0.8989001692047378,4,1.2753096553174552,test,0.6259369012553977,4,0.3211111017444296,0.9541985535730256,True,NONE,2022-11-02,2022-11-03,0.4091244247668746,0.4295641907975537,0.9642792987902328,,,3,3,-0.545074128806151,False,False,False,False,False,False,,False,False
2022-11-03,2022-11-02,test,test,5088,test,0.6662436548223349,4,0.4295641907975537,test,0.5081537191182519,4,0.020439766030679107,0.4091244247668746,True,NONE,2022-11-03,2022-11-04,-0.5370395846369855,0.4272397141532472,0.4515022997352541,,,3,2,0.12791515987011093,False,False,False,False,False,False,,False,False
2022-11-04,2022-11-03,test,test,5089,test,0.6653976311336718,4,0.4272397141532472,test,0.8325470416654751,4,0.9642792987902328,-0.5370395846369855,True,NONE,2022-11-04,2022-11-07,,,0.06571418472160831,,,3,1,,False,False,False,False,False,False,,False,False
2022-11-15,2022-11-14,test,test,5096,test,0.6573468364214283,4,0.4052328952511864,test,0.9739669421487603,3,1.9425866954645155,-1.5373538002133291,True,NONE,2022-11-15,2022-11-16,-0.28913434300150664,0.4329541542813493,0.5557100415355594,-0.11109770762728244,0.03411634949051345,5,5,-1.2482194572118224,False,False,False,False,False,False,,False,False
2022-11-16,2022-11-15,test,test,5097,test,0.6674759617820197,4,0.4329541542813493,test,0.7648799651119563,4,0.722088497282856,-0.28913434300150664,True,NONE,2022-11-16,2022-11-17,-1.541926157087338,-0.9862161155517787,-0.11188993117410972,0.15864566479202383,0.05321484450072028,5,5,1.2527918140858314,False,False,False,False,False,False,,False,False
2022-11-17,2022-11-16,test,test,5098,test,0.1620135363790186,4,-0.9862161155517787,test,0.7107954545454546,4,0.5557100415355594,-1.541926157087338,False,NONE,2022-11-17,2022-11-18,-0.25908003925718287,-0.3709699704312926,-0.8153816746511663,0.47801168529853266,0.3519603939946937,5,5,-1.2828461178301551,False,False,False,False,True,False,,False,False
2022-11-18,2022-11-17,test,test,5099,test,0.35532994923857864,4,-0.3709699704312926,test,0.455455340114431,4,-0.11188993117410972,-0.25908003925718287,True,NONE,2022-11-18,2022-11-21,2.0906913299686214,1.2753096553174552,0.376548270412902,0.6144849952650085,0.7520943341862508,5,5,1.8316112907114386,False,False,False,False,False,False,,False,False
2022-11-21,2022-11-18,test,test,5100,test,0.8989001692047378,4,1.2753096553174552,test,0.20742693528553863,4,-0.8153816746511663,2.0906913299686214,True,NONE,2022-11-21,2022-11-22,-1.2831145321650475,-0.9065662617521454,0.1655950413293819,0.5024197478896124,0.9007263073918843,5,5,-0.8075767978035739,False,False,False,False,False,False,,False,False
2022-11-22,2022-11-21,test,test,5101,test,0.1823181049069374,4,-0.9065662617521454,test,0.646745331579399,4,0.376548270412902,-1.2831145321650475,False,NONE,2022-11-22,2022-11-23,1.6160759750484988,1.7816710163778806,0.6512025165865934,0.6444618279812275,1.0542532576277632,5,5,0.3329614428834513,False,False,False,False,True,False,,False,False
2022-11-23,2022-11-22,test,test,5102,test,0.9625985519895669,4,1.7816710163778806,test,0.5657621750693471,4,0.1655950413293819,1.6160759750484988,False,NONE,2022-11-23,2022-11-24,-0.04058852960582782,0.6106139869807656,1.3818378162957576,0.5768130627626087,1.1052653495423181,5,5,-1.575487445442671,False,False,True,False,False,False,,False,False
2022-11-24,2022-11-23,test,test,5103,test,0.7292724196277496,4,0.6106139869807656,test,0.7425421169739352,4,0.6512025165865934,-0.04058852960582782,False,NONE,2022-11-24,2022-11-25,-1.0704412368946714,0.3113965794010863,1.185288026306619,0.6202503913394232,1.2999489173450312,5,5,1.0298527072888435,False,False,False,False,True,False,,False,False
2022-11-25,2022-11-24,test,test,5104,test,0.6222504230118444,4,0.3113965794010863,test,0.9164892476193199,4,1.3818378162957576,-1.0704412368946714,False,NONE,2022-11-25,2022-11-28,-0.4703046078661445,0.7149834184404745,1.1197081364410693,0.8357670157532404,1.0581760078926816,5,5,-0.6001366290285269,False,False,False,False,True,False,,False,False
2022-11-28,2022-11-25,test,test,5105,test,0.7626903553299492,4,0.7149834184404745,test,0.8820482069833281,4,1.185288026306619,-0.4703046078661445,False,NONE,2022-11-28,2022-11-29,-1.3160639977351387,-0.1963558612940694,0.9332297925087774,0.7437902031238178,0.7108039756947007,5,5,0.8457593898689942,False,False,False,False,True,False,,False,False
2022-11-29,2022-11-28,test,test,5106,test,0.42216582064297803,4,-0.1963558612940694,test,0.8685809216734822,4,1.1197081364410693,-1.3160639977351387,False,NONE,2022-11-29,2022-11-30,0.510197397776009,1.4434271902847864,0.9062629761593676,0.8353968413176082,0.6558339754541944,5,5,-0.8058665999591297,False,False,False,False,True,False,,False,False
2022-11-30,2022-11-29,test,test,5107,test,0.9255499153976312,4,1.4434271902847864,test,0.8246493322657211,4,0.9332297925087774,0.510197397776009,False,NONE,2022-11-30,2022-12-01,-0.07846234629452942,0.8278006298648382,2.3552556553093225,0.6408382766566796,0.4907119427466936,5,5,-0.4317350514814796,False,False,False,False,True,False,,False,False
2022-12-01,2022-11-30,test,test,5108,test,0.7961082910321489,4,0.8278006298648382,test,0.8176016614715891,4,0.9062629761593676,-0.07846234629452942,False,NONE,2022-12-01,2022-12-02,-0.9662759538391503,1.3889797014701721,-0.023576520955127966,0.31707472973607287,0.053197387454457436,5,5,0.8878136075446209,False,False,False,False,True,False,,False,False
2022-12-02,2022-12-01,test,test,5109,test,0.917580538705041,4,1.3889797014701721,test,0.9907450170150705,4,2.3552556553093225,-0.9662759538391503,True,NONE,2022-12-02,2022-12-05,0.2786758762484902,0.25509935529336225,-0.6171520245488352,0.221232659216901,0.034010678299372286,5,5,-0.6876000775906601,False,False,False,False,False,False,,False,False
2022-12-05,2022-12-02,test,test,5110,test,0.6006768189509306,4,0.25509935529336225,test,0.49059520025429115,4,-0.023576520955127966,0.2786758762484902,True,NONE,2022-12-05,2022-12-06,0.8788293542237178,0.2616773296748826,0.6583797913062455,0.06137004551246787,0.7060512923362279,5,5,0.6001534779752276,False,False,False,False,False,False,,False,False
2022-12-06,2022-12-05,test,test,5111,test,0.6032148900169205,4,0.2616773296748826,test,0.2685672282263191,4,-0.6171520245488352,0.8788293542237178,False,NONE,2022-12-06,2022-12-07,-0.18774542432610225,0.4706343669801432,0.08065281262186352,0.33176861615610476,0.38781170037450646,5,5,-0.6910839298976155,False,False,False,False,True,False,,False,False
2022-12-07,2022-12-06,test,test,5112,test,0.6810490693739424,4,0.4706343669801432,test,0.7448529411764706,4,0.6583797913062455,-0.18774542432610225,False,NONE,2022-12-07,2022-12-08,-0.8716699173600593,-0.7910171047381958,0.16768287884814134,0.33339103442178786,0.3660871057777488,5,5,0.683924493033957,False,False,False,False,True,False,,False,False
2022-12-08,2022-12-07,test,test,5113,test,0.21446700507614214,4,-0.7910171047381958,test,0.5321409677142612,4,0.08065281262186352,-0.8716699173600593,True,NONE,2022-12-08,2022-12-09,0.7420864700261713,0.9097693488743127,-0.11951006673055369,0.8135512653469604,0.41662379114688564,5,5,-0.12958344733388794,False,False,False,False,False,False,,False,False
2022-12-09,2022-12-08,test,test,5114,test,0.8185279187817259,4,0.9097693488743127,test,0.5665836169178415,4,0.16768287884814134,0.7420864700261713,True,NONE,2022-12-09,2022-12-12,-0.4247036464982497,-0.5442137132288034,2.7430510456354424,0.6192897639145493,0.5551069960978552,5,5,-0.31738282352792163,False,False,False,False,False,False,,False,False
2022-12-12,2022-12-09,test,test,5115,test,0.2931472081218274,4,-0.5442137132288034,test,0.45243563254926894,4,-0.11951006673055369,-0.4247036464982497,False,NONE,2022-12-12,2022-12-13,-1.1293808627423756,1.6136701828930669,-0.9328181685023613,0.9752660703374694,0.4939827515918559,5,5,0.7046772162441259,False,False,False,False,True,False,,False,False
2022-12-13,2022-12-12,test,test,5116,test,0.9467005076142132,4,1.6136701828930669,test,0.99695643888983,4,2.7430510456354424,-1.1293808627423756,True,NONE,2022-12-13,2022-12-14,1.4115646268109199,0.47874645830855866,-0.02797016036192471,1.2562850851291425,1.0165034965267903,5,5,0.2821837640685443,False,False,False,False,False,False,,False,False
2022-12-14,2022-12-13,test,test,5117,test,0.6839404946452273,4,0.47874645830855866,test,0.17545692943420216,4,-0.9328181685023613,1.4115646268109199,True,NONE,2022-12-14,2022-12-15,1.6377542102495917,1.609784049887667,0.4203663056938254,1.0499675816706602,0.8874670315425682,5,5,0.2261895834386718,False,False,False,False,False,False,,False,False
2022-12-15,2022-12-14,test,test,5118,test,0.9462774957698816,4,1.609784049887667,test,0.4888429752066116,4,-0.02797016036192471,1.6377542102495917,True,NONE,2022-12-15,2022-12-16,-0.4819044639815679,-0.06153815828774251,0.572905958024294,0.42541706196666756,0.7513779433396393,5,5,-1.1558497462680237,False,False,False,False,False,False,,False,False
2022-12-16,2022-12-15,test,test,5119,test,0.4754653130287648,4,-0.06153815828774251,test,0.6628910606537219,4,0.4203663056938254,-0.4819044639815679,False,NONE,2022-12-16,2022-12-19,0.6627618608615023,1.2356678188857964,2.437429823105446,0.18073801857488486,0.5366415936498772,5,5,0.18085739687993446,False,False,False,False,True,False,,False,False
2022-12-19,2022-12-16,test,test,5120,test,0.8917089678510999,4,1.2356678188857964,test,0.7166458148645943,4,0.572905958024294,0.6627618608615023,False,NONE,2022-12-19,2022-12-20,0.5813354337459868,3.0187652568514327,1.6797855561723112,-0.23647902629090614,0.37264197245049946,5,5,-0.08142642711551551,False,False,False,False,True,False,,False,False
2022-12-20,2022-12-19,test,test,5121,test,0.998730964467005,4,3.0187652568514327,test,0.9926039574612239,4,2.437429823105446,0.5813354337459868,True,NONE,2022-12-20,2022-12-21,-2.232626615156164,-0.5528410589838527,-0.6731524852830348,-1.0833211491743282,0.26595813183552075,5,5,1.6512911814101772,False,False,False,False,False,False,,False,False
2022-12-21,2022-12-20,test,test,5122,test,0.2901861252115059,4,-0.5528410589838527,test,0.9535004767959313,4,1.6797855561723112,-2.232626615156164,True,NONE,2022-12-21,2022-12-22,-0.8398160633492604,-1.5129685486322952,-0.26007913532081933,-0.9109186713184929,0.5947627137812306,5,5,-1.3928105518069036,False,False,False,False,False,False,,False,False
2022-12-22,2022-12-21,test,test,5123,test,0.06514382402707276,4,-1.5129685486322952,test,0.2504251430387794,4,-0.6731524852830348,-0.8398160633492604,False,NONE,2022-12-22,2022-12-23,-1.0248542399258367,-1.284933375246656,-0.5007757904245173,-0.5951673417848029,0.6876378243145226,5,5,0.18503817657657629,False,False,False,False,True,False,,False,False
2022-12-23,2022-12-22,test,test,5124,test,0.0994077834179357,4,-1.284933375246656,test,0.39740136593510295,4,-0.26007913532081933,-1.0248542399258367,True,NONE,2022-12-23,2022-12-26,-0.349641615018642,-0.8504174054431592,1.6174317171085577,0.015506397968458919,0.7928076589718913,5,5,-0.6752126249071947,False,False,False,False,False,False,,False,False
2022-12-26,2022-12-23,test,test,5125,test,0.19754653130287647,4,-0.8504174054431592,test,0.3082644628099173,4,-0.5007757904245173,-0.349641615018642,True,NONE,2022-12-26,2022-12-27,-2.8328770746742356,-1.2154453575656778,1.1463663530974175,-0.32852989515616693,0.8954948836576719,5,5,2.4832354596555937,False,False,False,False,False,False,,False,False
2022-12-27,2022-12-26,test,test,5126,test,0.11209813874788493,4,-1.2154453575656778,test,0.947107438016529,4,1.6174317171085577,-2.8328770746742356,False,NONE,2022-12-27,2022-12-28,-0.8371950228020933,0.3091713302953242,0.9708704244455142,0.24125443155386556,0.9748698132332031,5,5,-1.995682051872142,False,False,False,False,True,False,,False,False
2022-12-28,2022-12-27,test,test,5127,test,0.621404399323181,4,0.3091713302953242,test,0.8741782006920416,4,1.1463663530974175,-0.8371950228020933,False,NONE,2022-12-28,2022-12-29,-0.9050823254093597,0.06578809903615447,0.20429641734564088,0.44232891712680267,0.9045424757978004,5,5,0.06788730260726639,False,False,False,False,True,False,,False,False
2022-12-29,2022-12-28,test,test,5128,test,0.5262267343485618,4,0.06578809903615447,test,0.8341935961961913,4,0.9708704244455142,-0.9050823254093597,False,NONE,2022-12-29,2022-12-30,1.564138906174012,1.768435323519653,0.025073382862326396,0.6410853703827728,1.2355344892809248,5,5,0.6590565807646523,False,False,False,False,True,False,,False,False
2022-12-30,2022-12-29,test,test,5129,test,0.9615059221658206,4,1.768435323519653,test,0.5809390652599995,4,0.20429641734564088,1.564138906174012,False,NONE,2022-12-30,2023-01-02,-2.5956722539286146,-2.5705988710662884,2.130867840537461,0.6951880196223692,1.2836065697539807,5,5,1.0315333477546025,False,False,True,False,False,False,,False,False
2023-01-02,2022-12-30,test,test,5130,test,0.005076142131979695,4,-2.5705988710662884,test,0.5100017845476323,4,0.025073382862326396,-2.5956722539286146,False,NONE,2023-01-02,2023-01-03,-0.49739156455297606,1.6334762759844847,1.543241000975073,1.3060486933968734,0.939109914549344,5,5,-2.0982806893756383,False,False,False,False,True,False,,False,False
2023-01-03,2023-01-02,test,test,5131,test,0.9488155668358714,4,1.6334762759844847,test,0.9834499842717835,4,2.130867840537461,-0.49739156455297606,False,NONE,2023-01-03,2023-01-04,-0.22869724281506354,1.3145437581600095,0.6192337372685013,0.9536225619148505,0.5416328622268128,5,5,-0.2686943217379125,False,False,False,True,False,False,,False,False
2023-01-04,2023-01-03,test,test,5132,test,0.9056683587140439,4,1.3145437581600095,test,0.9386138436901256,4,1.543241000975073,-0.22869724281506354,False,NONE,2023-01-04,2023-01-05,0.4403366280475034,1.0595703653160047,1.8592564847612625,0.5779149578897136,0.9460001261381003,5,5,0.21163938523243986,False,False,False,False,True,False,,False,False
2023-01-05,2023-01-04,test,test,5133,test,0.8553299492385786,4,1.0595703653160047,test,0.7321188052274872,4,0.6192337372685013,0.4403366280475034,False,NONE,2023-01-05,2023-01-06,0.1796920849563728,2.0389485697176353,0.2654337852276066,0.6470835023859465,0.7807367515129306,5,5,-0.2606445430911306,False,False,False,False,True,False,,False,False
2023-01-06,2023-01-05,test,test,5134,test,0.9792724196277496,4,2.0389485697176353,test,0.9685046040778975,4,1.8592564847612625,0.1796920849563728,True,NONE,2023-01-06,2023-01-09,0.21827071257862668,0.48370449780623326,0.408384564514277,0.30201846274860666,0.9057393483948999,5,5,0.03857862762225389,False,False,False,False,False,False,,False,False
2023-01-09,2023-01-06,test,test,5135,test,0.6857021996615905,4,0.48370449780623326,test,0.6046623437902141,4,0.2654337852276066,0.21827071257862668,True,NONE,2023-01-09,2023-01-10,-0.5370389459399071,-0.1286543814256301,-0.44414426063758294,0.2143995926040556,1.0040482571457328,5,5,0.3187682333612804,False,False,False,False,False,False,,False,False
2023-01-10,2023-01-09,test,test,5136,test,0.4488155668358714,4,-0.1286543814256301,test,0.6585043181103263,4,0.408384564514277,-0.5370389459399071,False,NONE,2023-01-10,2023-01-11,-0.1198500013280922,-0.5639942619656751,2.6410700568249372,0.15607445827508704,1.6949634366984392,5,5,-0.4171889446118149,False,False,False,False,True,False,,False,False
2023-01-11,2023-01-10,test,test,5137,test,0.28637901861252113,4,-0.5639942619656751,test,0.32846914409905914,4,-0.44414426063758294,-0.1198500013280922,False,NONE,2023-01-11,2023-01-12,-1.2356569690277681,1.4054130877971691,1.0329396116354155,0.4470109582164807,0.7406279625547534,5,5,1.115806967699676,False,False,False,False,True,False,,False,False
2023-01-12,2023-01-11,test,test,5138,test,0.9200507614213198,4,1.4054130877971691,test,0.9958677685950413,4,2.6410700568249372,-1.2356569690277681,True,NONE,2023-01-12,2023-01-13,-0.7193162401044793,0.3136233715309362,0.8904467696374525,-0.19837556785280458,0.31528362188259157,5,5,-0.5163407289232889,False,False,False,False,False,False,,False,False
2023-01-13,2023-01-12,test,test,5139,test,0.6230964467005076,4,0.3136233715309362,test,0.849183920043467,4,1.0329396116354155,-0.7193162401044793,True,NONE,2023-01-13,2023-01-16,-0.8448366225539745,0.045610147083477943,0.8999291082684416,-0.06281971007151421,0.22702381480167405,5,5,0.12552038244949526,False,False,False,False,False,False,,False,False
2023-01-16,2023-01-13,test,test,5140,test,0.5181895093062606,4,0.045610147083477943,test,0.8133869806663925,4,0.8904467696374525,-0.8448366225539745,False,NONE,2023-01-16,2023-01-17,-1.3202091613389146,-0.42028005307047306,3.01043163712595,-0.05069517535099845,0.025577801030432955,5,5,0.4753725387849401,False,False,False,False,True,False,,False,False
2023-01-17,2023-01-16,test,test,5141,test,0.3371404399323181,4,-0.42028005307047306,test,0.8159210108073744,4,0.8999291082684416,-1.3202091613389146,False,NONE,2023-01-17,2023-01-18,-2.1197433993846566,0.8906882377412932,-2.1306073138934924,0.3710032166346688,-0.45020290331882906,5,5,0.799534238045742,False,False,False,False,True,False,,False,False
2023-01-18,2023-01-17,test,test,5142,test,0.8134517766497462,4,0.8906882377412932,test,0.99869561666707,4,3.01043163712595,-2.1197433993846566,True,NONE,2023-01-18,2023-01-19,0.30908777134423526,-1.8215195425492572,-1.0937820917253933,0.10110119781906254,0.011501144980632483,5,5,-1.8106556280404213,False,False,False,False,False,False,,False,False
2023-01-19,2023-01-18,test,test,5143,test,0.03426395939086294,4,-1.8215195425492572,test,0.01656075326058025,4,-2.1306073138934924,0.30908777134423526,True,NONE,2023-01-19,2023-01-20,2.0851847521627813,0.991402660437388,0.4491477342328647,0.5550541279616583,0.23451988516817712,5,5,1.776096980818546,False,False,False,False,False,False,,False,False
2023-01-20,2023-01-19,test,test,5144,test,0.8392554991539762,4,0.991402660437388,test,0.13702528008323855,4,-1.0937820917253933,2.0851847521627813,True,NONE,2023-01-20,2023-01-23,-0.34291491354680786,0.10623282068605681,-0.10730096058776399,0.2902505388517877,0.30551515510866345,5,5,-1.7422698386159734,False,False,False,False,False,False,,False,False
2023-01-23,2023-01-20,test,test,5145,test,0.5423011844331641,4,0.10623282068605681,test,0.6733374560324858,4,0.4491477342328647,-0.34291491354680786,True,NONE,2023-01-23,2023-01-24,1.795512867445627,1.6882119068578632,0.6315281153796395,0.48429404751328436,0.5819434674421659,5,5,1.4525979538988192,False,False,False,False,False,False,,False,False
2023-01-24,2023-01-23,test,test,5146,test,0.9543147208121827,4,1.6882119068578632,test,0.45727511125238396,4,-0.10730096058776399,1.795512867445627,False,NONE,2023-01-24,2023-01-25,-1.0903499717163774,-0.458821856336738,0.1779129276038155,0.1349813789039455,0.5960833942433172,5,5,-0.7051628957292497,False,False,True,False,False,False,,False,False
2023-01-25,2023-01-24,test,test,5147,test,0.32318104906937395,4,-0.458821856336738,test,0.7361523640719142,4,0.6315281153796395,-1.0903499717163774,False,NONE,2023-01-25,2023-01-26,0.2703321805599059,0.4482451081637214,0.021311609212329698,0.36458691906735613,0.769167899537325,5,5,-0.8200177911564714,False,False,False,False,True,False,,False,False
2023-01-26,2023-01-25,test,test,5148,test,0.6730118443316413,4,0.4482451081637214,test,0.570604320970002,4,0.1779129276038155,0.2703321805599059,False,NONE,2023-01-26,2023-01-27,-0.3539268943242942,-0.3326152851119645,0.8041240839352964,0.2573135786920023,1.0523423713907487,5,5,0.08359471376438832,False,False,False,False,True,False,,False,False
2023-01-27,2023-01-26,test,test,5149,test,0.3697123519458545,4,-0.3326152851119645,test,0.5085014584346135,4,0.021311609212329698,-0.3539268943242942,False,NONE,2023-01-27,2023-01-30,0.2723262800582439,1.0764503639935403,1.274840601079748,0.7544768577321032,1.1086102441030583,5,5,-0.08160061426605031,False,False,False,False,True,False,,False,False
2023-01-30,2023-01-27,test,test,5150,test,0.8591370558375635,4,1.0764503639935403,test,0.7893373416454574,4,0.8041240839352964,0.2723262800582439,False,NONE,2023-01-30,2023-01-31,-1.3331920372685797,-0.05835143618883179,0.7022277493853963,0.5886745763503779,0.972684388629437,5,5,1.060865757210336,False,False,False,False,True,False,,False,False
2023-01-31,2023-01-30,test,test,5151,test,0.4767343485617597,4,-0.05835143618883179,test,0.8988171666333038,4,1.274840601079748,-1.3331920372685797,False,NONE,2023-01-31,2023-02-01,-0.01302190490508126,0.6892058444803151,1.043335454073855,0.939764065008724,0.9755354493337434,5,5,-1.3201701323634984,False,False,False,False,True,False,,False,False
2023-02-01,2023-01-31,test,test,5152,test,0.754653130287648,4,0.6892058444803151,test,0.7587314286059961,4,0.7022277493853963,-0.01302190490508126,True,NONE,2023-02-01,2023-02-02,-1.131457047786903,-0.08812159371304795,1.4371839684794474,0.585874231498152,0.7250797476951809,5,5,1.1184351428818218,False,False,False,False,False,False,,False,False
2023-02-02,2023-02-01,test,test,5153,test,0.46489001692047377,4,-0.08812159371304795,test,0.8516035219106153,4,1.043335454073855,-1.131457047786903,True,NONE,2023-02-02,2023-02-03,0.7160171416090928,2.15320111008854,1.0854634474968443,0.6234659401049202,0.510085877907006,5,5,-0.41543990617781024,False,False,False,False,False,False,,False,False
2023-02-03,2023-02-02,test,test,5154,test,0.9843485617597293,4,2.15320111008854,test,0.9246671364967213,4,1.4371839684794474,0.7160171416090928,True,NONE,2023-02-03,2023-02-06,-0.8380244904119306,0.2474389570849137,0.5952113237116421,0.5752859714385529,0.5252955555330556,5,5,0.12200734880283781,False,False,False,False,False,False,,False,False
2023-02-06,2023-02-03,test,test,5155,test,0.5977157360406091,4,0.2474389570849137,test,0.8611417777724006,4,1.0854634474968443,-0.8380244904119306,True,NONE,2023-02-06,2023-02-07,1.101884683391257,1.697096007102899,0.7164830529069283,0.42498446759811903,0.9344673021557146,5,5,0.2638601929793264,False,False,False,False,False,False,,False,False
2023-02-07,2023-02-06,test,test,5156,test,0.9551607445008461,4,1.697096007102899,test,0.7241488890159855,4,0.5952113237116421,1.101884683391257,False,NONE,2023-02-07,2023-02-08,-1.7967263759794738,-1.0802433230725457,-0.2089430541189579,-0.256570475877728,0.5147726303279628,5,5,0.6948416925882168,False,False,True,False,False,False,,False,False
2023-02-08,2023-02-07,test,test,5157,test,0.14001692047377326,4,-1.0802433230725457,test,0.7631534359003689,4,0.7164830529069283,-1.7967263759794738,False,NONE,2023-02-08,2023-02-09,0.30878000343975104,0.09983694932079315,0.3622146195385731,-0.15556542505950782,0.6568631971339878,5,5,-1.4879463725397228,False,False,False,False,True,False,,False,False
2023-02-09,2023-02-08,test,test,5158,test,0.5397631133671743,4,0.09983694932079315,test,0.41724634676427697,4,-0.2089430541189579,0.30878000343975104,False,NONE,2023-02-09,2023-02-10,1.550086647218131,1.912301266756704,1.1615118356270928,-0.29816706467772863,0.4159721432032749,5,5,1.24130664377838,False,False,False,False,True,False,,False,False
2023-02-10,2023-02-09,test,test,5159,test,0.9720812182741116,4,1.912301266756704,test,0.641404172266865,4,0.3622146195385731,1.550086647218131,False,NONE,2023-02-10,2023-02-13,-1.6655803977443477,-0.5040685621172549,2.6410700568249372,-0.7246663617800726,0.0265099104921517,5,5,0.1154937505262168,False,False,True,False,False,False,,False,False
2023-02-13,2023-02-10,test,test,5160,test,0.30710659898477155,4,-0.5040685621172549,test,0.877283093597186,4,1.1615118356270928,-1.6655803977443477,False,NONE,2023-02-13,2023-02-14,-4.351748767101274,-1.7106787102763368,-1.381990306231831,-0.8647371099895214,-0.3615751346681767,5,5,2.686168369356926,False,False,False,False,True,False,,False,False
2023-02-14,2023-02-13,test,test,5161,test,0.04357021996615905,4,-1.7106787102763368,test,0.9958677685950413,4,2.6410700568249372,-4.351748767101274,True,NONE,2023-02-14,2023-02-15,0.8067722372503863,-0.5752180689814448,0.5015097799111661,-0.4434362599104887,-0.022981459969045104,5,5,-3.5449765298508877,False,False,False,False,False,False,,False,False
2023-02-15,2023-02-14,test,test,5162,test,0.2825719120135364,4,-0.5752180689814448,test,0.08348733878578168,4,-1.381990306231831,0.8067722372503863,True,NONE,2023-02-15,2023-02-16,-1.1146810286814768,-0.6131712487703108,-0.84224065011499,-0.3994154350883063,-0.10602086195984599,5,5,0.3079087914310905,False,False,False,False,False,False,,False,False
2023-02-16,2023-02-15,test,test,5163,test,0.26988155668358715,4,-0.6131712487703108,test,0.6919938016528926,4,0.5015097799111661,-1.1146810286814768,False,NONE,2023-02-16,2023-02-17,0.6220454313599743,-0.2201952187550158,-0.7857993279285237,-0.32539481051494595,0.5041965818094201,5,5,-0.4926355973215025,False,False,False,False,True,False,,False,False
2023-02-17,2023-02-16,test,test,5164,test,0.4128595600676819,4,-0.2201952187550158,test,0.1998266321599131,4,-0.84224065011499,0.6220454313599743,False,NONE,2023-02-17,2023-02-20,-0.41862297523597436,-1.204422303164498,0.7006448310232952,-0.23492353891192302,0.7875645307256358,5,5,-0.2034224561239999,False,False,False,False,True,False,,False,False
2023-02-20,2023-02-17,test,test,5165,test,0.11421319796954316,4,-1.204422303164498,test,0.21599253019707565,4,-0.7857993279285237,-0.41862297523597436,False,NONE,2023-02-20,2023-02-21,-0.30481929090446935,0.39582554011882587,0.31097806726382693,-0.24071826146504788,0.6343932139660126,5,5,-0.113803684331505,False,False,False,False,True,False,,False,False
2023-02-21,2023-02-20,test,test,5166,test,0.6538831329364476,4,0.39582554011882587,test,0.7582376533501101,4,0.7006448310232952,-0.30481929090446935,False,NONE,2023-02-21,2023-02-22,-0.6660920121343598,-0.3551139448705328,0.08631276995716163,-0.15929652511051975,0.7094480560238454,5,5,0.3612727212298904,False,False,False,False,True,False,,False,False
2023-02-22,2023-02-21,test,test,5167,test,0.36125211505922167,4,-0.3551139448705328,test,0.6220913523406446,4,0.31097806726382693,-0.6660920121343598,False,NONE,2023-02-22,2023-02-23,-0.3293808958606709,-0.24306812590350926,2.20884656873134,0.05637078026722757,0.7225852333872295,5,5,-0.3367111162736889,False,False,False,False,True,False,,False,False
2023-02-23,2023-02-22,test,test,5168,test,0.4039763113367174,4,-0.24306812590350926,test,0.5343911062985458,4,0.08631276995716163,-0.3293808958606709,False,NONE,2023-02-23,2023-02-24,-1.976685429471241,0.23216113926009901,0.6310404166525551,0.3184553767504036,0.42210214416065756,5,5,1.64730453361057,False,False,False,False,True,False,,False,False
2023-02-24,2023-02-23,test,test,5169,test,0.5917935702199661,4,0.23216113926009901,test,0.9864073426573426,4,2.20884656873134,-1.976685429471241,True,NONE,2023-02-24,2023-02-27,-1.8644363325826774,-1.2333959159301222,-0.06521175277482076,0.3565426813601599,0.38175168895432676,5,5,-0.11224909688856366,False,False,False,False,False,False,,False,False
2023-02-27,2023-02-24,test,test,5170,test,0.10871404399323181,4,-1.2333959159301222,test,0.735992950899368,4,0.6310404166525551,-1.8644363325826774,True,NONE,2023-02-27,2023-02-28,0.8681459746662873,0.8029342218914666,0.6862522775529912,0.5909142328886358,0.5692332395106463,5,5,-0.9962903579163901,False,False,False,False,False,False,,False,False
2023-02-28,2023-02-27,test,test,5171,test,0.788993622616985,4,0.8029342218914666,test,0.47400270184361093,4,-0.06521175277482076,0.8681459746662873,False,NONE,2023-02-28,2023-03-01,0.036970304465212434,0.7232225820182037,0.15199865677408164,0.5013501774844491,0.7671187344021307,5,5,-0.8311756702010749,False,False,False,False,True,False,,False,False
2023-03-01,2023-02-28,test,test,5172,test,0.7652284263959391,4,0.7232225820182037,test,0.7537229815638906,4,0.6862522775529912,0.036970304465212434,False,NONE,2023-03-01,2023-03-02,0.9153561997382893,1.067354856512371,0.7064311225984807,0.3234709334170057,0.7681822285781298,5,5,0.8783858952730769,False,False,False,False,True,False,,False,False
2023-03-02,2023-03-01,test,test,5173,test,0.8570941872599978,4,1.067354856512371,test,0.5604060024593212,4,0.15199865677408164,0.9153561997382893,False,NONE,2023-03-02,2023-03-03,-0.2838334602896004,0.42259766230888035,0.4292881406209008,0.21444233027644538,1.2928236496976842,5,5,-0.6315227394486889,False,False,False,False,True,False,,False,False
2023-03-03,2023-03-02,test,test,5174,test,0.6637055837563453,4,0.42259766230888035,test,0.7600399639680859,4,0.7064311225984807,-0.2838334602896004,False,NONE,2023-03-03,2023-03-06,-0.4908262989086433,-0.06153815828774251,0.8721960000067775,0.21120703270189778,1.0186005326739866,5,5,0.20699283861904294,False,False,False,False,True,False,,False,False
2023-03-06,2023-03-03,test,test,5175,test,0.4754653130287648,4,-0.06153815828774251,test,0.6661432268580743,4,0.4292881406209008,-0.4908262989086433,False,NONE,2023-03-06,2023-03-07,-0.5170820551362446,0.35511394487053294,1.675679752010413,0.626345722965697,1.2794513695870287,5,5,0.02625575622760129,False,False,False,False,True,False,,False,False
2023-03-07,2023-03-06,test,test,5176,test,0.6387478849407784,4,0.35511394487053294,test,0.8084492693528553,4,0.8721960000067775,-0.5170820551362446,False,NONE,2023-03-07,2023-03-08,-1.8418533903294259,-0.16617363831901283,0.1573161276540766,0.3489051469822876,0.7767980269788445,5,5,1.3247713351931814,False,False,False,False,True,False,,False,False
2023-03-08,2023-03-07,test,test,5177,test,0.434010152284264,4,-0.16617363831901283,test,0.9530995310131831,4,1.675679752010413,-1.8418533903294259,False,NONE,2023-03-08,2023-03-09,0.36489571315549224,0.5222118408095688,3.329638228196253,0.611185311995477,0.8655328540268143,5,5,-1.4769576771739337,False,False,False,True,False,False,,False,False
2023-03-09,2023-03-08,test,test,5178,test,0.6992385786802031,4,0.5222118408095688,test,0.5625021447567846,4,0.1573161276540766,0.36489571315549224,True,NONE,2023-03-09,2023-03-10,-2.9232170537601108,0.40642117443614245,-0.9418274444975869,0.5933363647306875,0.19634373752415996,5,5,2.5583213406046186,False,False,False,False,False,False,,False,False
2023-03-10,2023-03-09,test,test,5179,test,0.6577834179357023,4,0.40642117443614245,test,0.9995652055556901,4,3.329638228196253,-2.9232170537601108,True,NONE,2023-03-10,2023-03-13,2.955982737528841,2.014155293031254,2.176450184571987,0.6248509822365941,0.4953928119827271,5,5,0.03276568376873046,False,False,False,False,False,False,,False,False
2023-03-13,2023-03-10,test,test,5180,test,0.9780033840947546,4,2.014155293031254,test,0.1731404958677686,4,-0.9418274444975869,2.955982737528841,True,NONE,2023-03-13,2023-03-14,-3.208539119618502,-1.0320889350465146,-0.837586961030507,0.4502501162103257,0.20728337617786266,5,5,0.2525563820896606,False,False,False,False,False,False,,False,False
2023-03-14,2023-03-13,test,test,5181,test,0.15101522842639595,4,-1.0320889350465146,test,0.9852391926255563,4,2.176450184571987,-3.208539119618502,True,NONE,2023-03-14,2023-03-15,1.9828141477774412,1.1452271867469341,0.6009902628939262,0.6300814728166548,0.3317728307785309,5,5,-1.2257249718410606,False,False,False,False,False,False,,False,False
2023-03-15,2023-03-14,test,test,5182,test,0.873942470389171,4,1.1452271867469341,test,0.20113135920386627,4,-0.837586961030507,1.9828141477774412,True,NONE,2023-03-15,2023-03-16,-0.16802315840830473,0.4329671044856215,-0.016307354317019435,0.7199315561052344,0.3306076300410484,5,5,-1.8147909893691365,False,False,False,False,False,False,,False,False
2023-03-16,2023-03-15,test,test,5183,test,0.6674806659342664,4,0.4329671044856215,test,0.7260767641449459,4,0.6009902628939262,-0.16802315840830473,False,NONE,2023-03-16,2023-03-17,0.5803016162826943,0.5639942619656748,0.5534179277952487,0.6784641876987852,0.34739619717985853,5,5,0.41227845787438955,False,False,False,False,True,False,,False,False
2023-03-17,2023-03-16,test,test,5184,test,0.7136209813874788,4,0.5639942619656748,test,0.49349459521290284,4,-0.016307354317019435,0.5803016162826943,False,NONE,2023-03-17,2023-03-20,0.5877330351046637,1.1411509628999124,0.7359030055476649,0.6911270902205537,0.4426155549712652,5,5,0.007431418821969404,False,False,False,False,True,False,,False,False
2023-03-20,2023-03-17,test,test,5185,test,0.8730964467005076,4,1.1411509628999124,test,0.7100113672109583,4,0.5534179277952487,0.5877330351046637,False,NONE,2023-03-20,2023-03-21,-0.8688351575625336,-0.13293215201486874,-0.21513968802716565,0.48991128663528183,0.40115758368441073,5,5,0.2811021224578699,False,False,False,False,True,False,,False,False
2023-03-21,2023-03-20,test,test,5186,test,0.44712351945854484,4,-0.13293215201486874,test,0.7691051359775802,4,0.7359030055476649,-0.8688351575625336,False,NONE,2023-03-21,2023-03-22,1.8096172912169983,1.5944776031898327,0.5951642592065134,0.614432268553239,0.5528900956029523,5,5,0.9407821336544647,False,False,False,False,True,False,,False,False
2023-03-22,2023-03-21,test,test,5187,test,0.944585448392555,4,1.5944776031898327,test,0.4148292058680546,4,-0.21513968802716565,1.8096172912169983,True,NONE,2023-03-22,2023-03-23,-0.369533996753138,0.22563026245337536,0.06763548137703115,0.36746374012566346,0.46375925814352226,5,5,-1.4400832944638604,False,False,False,False,False,False,,False,False
2023-03-23,2023-03-22,test,test,5188,test,0.5892554991539762,4,0.22563026245337536,test,0.7241331607995654,4,0.5951642592065134,-0.369533996753138,True,NONE,2023-03-23,2023-03-24,0.5596732931974854,0.6273087745745165,1.0295147167522825,0.20478276527042255,0.5206218222701346,5,5,0.19013929644434735,False,False,False,False,False,False,,False,False
2023-03-24,2023-03-23,test,test,5189,test,0.734771573604061,4,0.6273087745745165,test,0.5269620949984272,4,0.06763548137703115,0.5596732931974854,True,NONE,2023-03-24,2023-03-27,-0.8944427717787293,0.13507194497355307,0.5286131491133921,0.23956240175783677,0.4350394747111606,5,5,0.33476947858124395,False,False,False,False,False,False,,False,False
2023-03-27,2023-03-24,test,test,5190,test,0.5537225042301184,4,0.13507194497355307,test,0.8483810660871056,4,1.0295147167522825,-0.8944427717787293,True,NONE,2023-03-27,2023-03-28,-0.038940391538475005,0.4896727575749171,0.5435228715655424,0.36615366697423896,0.32724969455883246,5,5,-0.8555023802402544,False,False,False,False,False,False,,False,False
2023-03-28,2023-03-27,test,test,5191,test,0.6878172588832487,4,0.4896727575749171,test,0.7014630815865481,4,0.5286131491133921,-0.038940391538475005,False,NONE,2023-03-28,2023-03-29,-0.18388791051358694,0.3596349610519554,0.14951007190936313,0.5797717996739407,0.26992303868444184,5,5,0.14494751897511193,False,False,False,False,True,False,,False,False
2023-03-29,2023-03-28,test,test,5192,test,0.6404399323181049,4,0.3596349610519554,test,0.7066150761003702,4,0.5435228715655424,-0.18388791051358694,False,NONE,2023-03-29,2023-03-30,-0.7372846837321924,-0.5877746118228292,0.35194830201009364,0.604543803194938,0.41108401208518525,5,5,0.5533967732186054,False,False,False,False,True,False,,False,False
2023-03-30,2023-03-29,test,test,5193,test,0.27834179357022,4,-0.5877746118228292,test,0.5594244187709114,4,0.14951007190936313,-0.7372846837321924,False,NONE,2023-03-30,2023-03-31,0.44925865500149387,0.8012069570115875,0.6016029789574117,0.4889186975342598,0.7451031461873994,5,5,-0.2880260287306985,False,False,False,False,True,False,,False,False
2023-03-31,2023-03-30,test,test,5194,test,0.7884940778341794,4,0.8012069570115875,test,0.6375614830278247,4,0.35194830201009364,0.44925865500149387,False,NONE,2023-03-31,2023-04-03,0.16642529209815238,0.768028271055564,-0.010335751648248471,0.2111223837673765,0.719418335196771,5,5,-0.2828333629033415,False,False,False,False,True,False,,False,False
2023-04-03,2023-03-31,test,test,5195,test,0.7787648054145515,4,0.768028271055564,test,0.7262807772598587,4,0.6016029789574117,0.16642529209815238,False,NONE,2023-04-03,2023-04-04,1.568099172721674,1.5577634210734255,0.25688959219358926,0.3589421035384177,0.8236817785003714,5,5,1.4016738806235216,False,False,False,False,True,False,,False,False
2023-04-04,2023-04-03,test,test,5196,test,0.9403553299492385,4,1.5577634210734255,test,0.4958767050816437,4,-0.010335751648248471,1.568099172721674,False,NONE,2023-04-04,2023-04-05,0.22660538646335254,0.4834949786569418,0.8553149389130805,-0.04296359346201367,1.190444914227762,5,5,-1.3414937862583214,False,False,False,False,True,False,,False,False
2023-04-05,2023-04-04,test,test,5197,test,0.6856278378703072,4,0.4834949786569418,test,0.6013679973690984,4,0.25688959219358926,0.22660538646335254,False,NONE,2023-04-05,2023-04-06,-2.0212150790393,-1.1659001401262195,2.022043972521164,-0.1233152699086038,0.8049025694324154,5,5,1.7946096925759476,False,False,False,False,True,False,,False,False
2023-04-06,2023-04-05,test,test,5198,test,0.1218274111675127,4,-1.1659001401262195,test,0.803811590265664,4,0.8553149389130805,-2.0212150790393,False,NONE,2023-04-06,2023-04-07,-2.6098185843439934,-0.5877746118228292,0.47317892400426953,0.3944405041873236,0.3368848569833921,5,5,0.5886035053046932,False,False,False,False,True,False,,False,False
2023-04-07,2023-04-06,test,test,5199,test,0.27834179357022,4,-0.5877746118228292,test,0.9784140953415883,4,2.022043972521164,-2.6098185843439934,True,NONE,2023-04-07,2023-04-10,1.0339479459065006,1.50712686991077,0.5109814648697536,0.6745864977562952,0.41486055750606676,5,5,-1.5758706384374928,False,False,False,False,False,False,,False,False
2023-04-10,2023-04-07,test,test,5200,test,0.9341109296997014,4,1.50712686991077,test,0.6819572335497155,4,0.47317892400426953,1.0339479459065006,True,NONE,2023-04-10,2023-04-11,-0.9627465287984851,-0.45176506392873145,2.0907052708305427,0.3570265715482214,0.272306893836339,5,5,-0.07120141710801553,False,False,False,False,False,False,,False,False
2023-04-11,2023-04-10,test,test,5201,test,0.3257191201353638,4,-0.45176506392873145,test,0.6953179821908195,4,0.5109814648697536,-0.9627465287984851,False,NONE,2023-04-11,2023-04-12,-2.008968674406552,0.08173659642399092,-1.0723967850636529,0.333834069816626,-0.12011529563875675,5,5,1.0462221456080667,False,False,False,False,True,False,,False,False
2023-04-12,2023-04-11,test,test,5202,test,0.5325719120135364,4,0.08173659642399092,test,0.9817227538897089,4,2.0907052708305427,-2.008968674406552,True,NONE,2023-04-12,2023-04-13,2.4952755154170707,1.4228787303534178,-0.3180445897239525,0.43293718251895597,0.11211865361829736,5,5,0.4863068410105189,False,False,False,False,False,False,,False,False
2023-04-13,2023-04-12,test,test,5203,test,0.9226143434668009,4,1.4228787303534178,test,0.14177092567702823,4,-1.0723967850636529,2.4952755154170707,True,NONE,2023-04-13,2023-04-14,1.130999945745981,0.8129553560220285,0.8630574266176427,0.25402097746734925,0.11126643017556401,5,5,-1.3642755696710898,False,False,False,False,False,False,,False,False
2023-04-14,2023-04-13,test,test,5204,test,0.7918781725888324,4,0.8129553560220285,test,0.37522555692184506,4,-0.3180445897239525,1.130999945745981,False,NONE,2023-04-14,2023-04-17,-0.9437301877472413,-0.08067276112959854,-0.20178685347888514,0.4024876195768357,0.04748359385281936,5,5,-0.18726975799873968,False,False,False,False,True,False,,False,False
2023-04-17,2023-04-14,test,test,5205,test,0.46785109983079526,4,-0.08067276112959854,test,0.8059470531041779,4,0.8630574266176427,-0.9437301877472413,False,NONE,2023-04-17,2023-04-18,-0.3659407191078239,-0.567727572586709,0.12859432345506402,0.4497086268335262,0.21687308933878297,5,5,-0.5777894686394174,False,False,False,False,True,False,,False,False
2023-04-18,2023-04-17,test,test,5206,test,0.28510998307952623,4,-0.567727572586709,test,0.4200416797735137,4,-0.20178685347888514,-0.3659407191078239,False,NONE,2023-04-18,2023-04-19,0.4486578364805768,0.5772521599356408,0.08877296122161767,0.8376622856217921,0.5278329452579953,5,5,0.08271711737275289,False,False,False,False,True,False,,False,False
2023-04-19,2023-04-18,test,test,5207,test,0.7181154370012695,4,0.5772521599356408,test,0.5511606708799223,4,0.12859432345506402,0.4486578364805768,False,NONE,2023-04-19,2023-04-20,0.4395247438737668,0.5282977050953844,-0.3223057069376193,0.8993753322285437,0.7948099825524524,5,5,-0.00913309260681,False,False,False,False,True,False,,False,False
2023-04-20,2023-04-19,test,test,5208,test,0.7013536379018612,4,0.5282977050953844,test,0.535368826675055,4,0.08877296122161767,0.4395247438737668,False,NONE,2023-04-20,2023-04-21,1.8775942735070799,1.5552885665694607,0.5441432450039195,0.7124315563222383,1.4310466070339536,5,5,1.438069529633313,False,False,False,False,True,False,,False,False
2023-04-21,2023-04-20,test,test,5209,test,0.9400613204338242,4,1.5552885665694607,test,0.37361055506305585,4,-0.3223057069376193,1.8775942735070799,True,NONE,2023-04-21,2023-04-24,-0.3887109698500655,0.15543227515385402,0.6451606239509329,0.49954754273442925,1.0864794096235006,5,5,-1.4888833036570144,False,False,False,False,False,False,,False,False
2023-04-24,2023-04-21,test,test,5210,test,0.5617597292724197,4,0.15543227515385402,test,0.7068285481426406,4,0.5441432450039195,-0.3887109698500655,True,NONE,2023-04-24,2023-04-25,0.7268800974036878,1.3720407213546206,1.6833936030511258,0.41612562176868184,0.8857113433464263,5,5,0.3381691275536223,False,False,False,False,False,False,,False,False
2023-04-25,2023-04-24,test,test,5211,test,0.9149746192893401,4,1.3720407213546206,test,0.7405884497697961,4,0.6451606239509329,0.7268800974036878,False,NONE,2023-04-25,2023-04-26,-0.7975762100817271,0.8858173929693988,1.423658147693903,0.49339661894589637,0.6268861630170047,5,5,0.07069611267803932,False,False,False,False,True,False,,False,False
2023-04-26,2023-04-25,test,test,5212,test,0.8121420321069246,4,0.8858173929693988,test,0.9538505395988095,4,1.6833936030511258,-0.7975762100817271,False,NONE,2023-04-26,2023-04-27,-1.8300793221300453,-0.40642117443614234,2.8588774154698875,0.46225838657981655,0.5829511888764454,5,5,1.0325031120483183,False,False,False,True,False,False,,False,False
2023-04-27,2023-04-26,test,test,5213,test,0.3422165820642978,4,-0.40642117443614234,test,0.9227272727272727,4,1.423658147693903,-1.8300793221300453,False,NONE,2023-04-27,2023-04-28,-2.3680089168394725,0.49086849863041493,-1.1786927420483453,0.753606966513203,0.3863602743369313,5,5,0.5379295947094271,False,False,False,False,True,False,,False,False
2023-04-28,2023-04-27,test,test,5214,test,0.6882402707275803,4,0.49086849863041493,test,0.997874284806103,4,2.8588774154698875,-2.3680089168394725,True,NONE,2023-04-28,2023-05-01,0.9170154123734628,-0.2616773296748825,-0.35867970743443983,0.6137811178267181,0.6154403583999472,5,5,-1.4509935044660096,False,False,False,False,False,False,,False,False
2023-05-01,2023-04-28,test,test,5215,test,0.39678510998307953,4,-0.2616773296748825,test,0.11926027338499814,4,-1.1786927420483453,0.9170154123734628,True,NONE,2023-05-01,2023-05-02,2.117075414675133,1.7583957072406933,0.3892677014040183,0.6122433854695618,0.47514458523223946,5,5,1.2000600023016703,False,False,False,False,False,False,,False,False
2023-05-02,2023-05-01,test,test,5216,test,0.9606598984771574,4,1.7583957072406933,test,0.35991735537190084,4,-0.35867970743443983,2.117075414675133,False,NONE,2023-05-02,2023-05-03,0.34085852973498104,0.7301262311389993,1.203983276991106,0.24846907407184154,0.8141872245472823,5,5,-1.776216884940152,False,False,True,False,False,False,,False,False
2023-05-03,2023-05-02,test,test,5217,test,0.7673434856175972,4,0.7301262311389993,test,0.6514609368297635,4,0.3892677014040183,0.34085852973498104,True,NONE,2023-05-03,2023-05-04,-0.15366155176031615,1.05032172523079,1.8759228427723174,0.2860074710085764,0.4770275290168008,5,5,-0.1871969779746649,False,False,False,False,False,False,,False,False
2023-05-04,2023-05-03,test,test,5218,test,0.8532148900169205,4,1.05032172523079,test,0.8857019788955933,4,1.203983276991106,-0.15366155176031615,True,NONE,2023-05-04,2023-05-05,-2.084183587574327,-0.20826074480200954,-0.03329232173326614,0.26908910465647856,0.05968667997883903,5,5,1.9305220358140107,False,False,False,False,False,False,,False,False
2023-05-05,2023-05-04,test,test,5219,test,0.41751269035532995,4,-0.20826074480200954,test,0.9696670622551402,4,1.8759228427723174,-2.084183587574327,True,NONE,2023-05-05,2023-05-08,-0.23607366972739796,-0.2693659914606641,-1.0601585732729786,0.47540685572895763,0.03608717078413364,5,5,-1.848109917846929,False,False,False,False,False,False,,False,False
2023-05-08,2023-05-05,test,test,5220,test,0.39382402707275804,4,-0.2693659914606641,test,0.486720738368269,4,-0.03329232173326614,-0.23607366972739796,True,NONE,2023-05-08,2023-05-09,0.9996827235250708,-0.06047584974790781,2.0844808979792333,0.3914388851250274,0.34142748568792786,5,5,0.7636090537976729,False,False,False,False,False,False,,False,False
2023-05-09,2023-05-08,test,test,5221,test,0.47588832487309646,4,-0.06047584974790781,test,0.14453623209128086,4,-1.0601585732729786,0.9996827235250708,False,NONE,2023-05-09,2023-05-10,-1.1666626821565602,0.9178182158226732,-0.48181520066130246,0.38122085026967784,-0.06605721180354839,5,5,0.1669799586314894,False,False,False,False,True,False,,False,False
2023-05-10,2023-05-09,test,test,5222,test,0.8206429780033841,4,0.9178182158226732,test,0.9814417770024879,4,2.0844808979792333,-1.1666626821565602,True,NONE,2023-05-10,2023-05-11,1.4475450941316033,0.9657298934703008,-0.21078140241749102,0.12595640284600845,0.21897897425745433,5,5,0.28088241197504304,False,False,False,False,False,False,,False,False
2023-05-11,2023-05-10,test,test,5223,test,0.8329103214890017,4,0.9657298934703008,test,0.31496861505905227,4,-0.48181520066130246,1.4475450941316033,True,NONE,2023-05-11,2023-05-12,1.034109412977877,0.8233280105603858,-0.15128986770679306,0.13958977473927162,0.49995348917648724,5,5,-0.4134356811537263,False,False,False,False,False,False,,False,False
2023-05-12,2023-05-11,test,test,5224,test,0.794839255499154,4,0.8233280105603858,test,0.41652892561983473,4,-0.21078140241749102,1.034109412977877,False,NONE,2023-05-12,2023-05-15,-0.537915976773522,-0.6892058444803151,0.46654300124599235,0.2945780120738476,0.755040983452319,5,5,-0.49619343620435497,False,False,False,False,True,False,,False,False
2023-05-15,2023-05-12,test,test,5225,test,0.24534686971235195,4,-0.6892058444803151,test,0.4398735308416025,4,-0.15128986770679306,-0.537915976773522,False,NONE,2023-05-15,2023-05-16,-0.5781090252706481,-0.11156602402465579,0.04705741052185224,0.35754323658690745,0.7779059722440429,5,5,0.04019304849712613,False,False,False,False,True,False,,False,False
2023-05-16,2023-05-15,test,test,5226,test,0.45558375634517767,4,-0.11156602402465579,test,0.6795865623838256,4,0.46654300124599235,-0.5781090252706481,False,NONE,2023-05-16,2023-05-17,-0.40556143181752574,-0.3585040212956735,0.9433657296437112,0.5101172357767971,0.9096296943366573,5,5,-0.17254759345312237,False,False,False,False,True,False,,False,False
2023-05-17,2023-05-16,test,test,5227,test,0.35998307952622677,4,-0.3585040212956735,test,0.5187662644056164,4,0.04705741052185224,-0.40556143181752574,True,NONE,2023-05-17,2023-05-18,0.0905310232929053,1.0338967529366165,1.1940911721776737,0.6311677083144345,0.7827192636781545,5,5,-0.31503040852462044,False,False,False,False,False,False,,False,False
2023-05-18,2023-05-17,test,test,5228,test,0.8494077834179357,4,1.0338967529366165,test,0.827253067002202,4,0.9433657296437112,0.0905310232929053,True,NONE,2023-05-18,2023-05-19,0.4041780250555922,1.5982691972332659,1.1241476036723652,0.3214015130199918,0.7336462177634278,5,5,0.3136470017626869,False,False,False,False,False,False,,False,False
2023-05-19,2023-05-18,test,test,5229,test,0.9450084602368867,4,1.5982691972332659,test,0.8837788469787526,4,1.1940911721776737,0.4041780250555922,True,NONE,2023-05-19,2023-05-22,-1.4985273255873812,-0.3743797219150159,0.5808679452046122,-0.08626069560439698,0.5305143889646357,5,5,1.094349300531789,False,False,False,False,False,False,,False,False
2023-05-22,2023-05-19,test,test,5230,test,0.3540609137055838,4,-0.3743797219150159,test,0.8695247933884298,4,1.1241476036723652,-1.4985273255873812,True,NONE,2023-05-22,2023-05-23,0.0704360267201809,0.6513039719247931,0.7056760209849241,-0.19462549028957615,0.5585148640708641,5,5,-1.4280912988672003,False,False,False,False,False,False,,False,False
2023-05-23,2023-05-22,test,test,5231,test,0.7425748575365585,4,0.6513039719247931,test,0.7193352711302539,4,0.5808679452046122,0.0704360267201809,False,NONE,2023-05-23,2023-05-24,-0.45892767959241154,0.24674834139251253,0.30881357635119727,-0.0604604925097529,0.5952056139612225,5,5,0.38849165287223064,False,False,False,False,True,False,,False,False
2023-05-24,2023-05-23,test,test,5232,test,0.5974485040072139,4,0.24674834139251253,test,0.7598051818423791,4,0.7056760209849241,-0.45892767959241154,False,NONE,2023-05-24,2023-05-25,-0.8237477998867937,-0.5149342235355964,0.9487259426040402,0.006235778730574015,0.6595875279058081,5,5,0.36482012029438216,False,False,False,False,True,False,,False,False
2023-05-25,2023-05-24,test,test,5233,test,0.3032994923857868,4,-0.5149342235355964,test,0.6212683294214436,4,0.30881357635119727,-0.8237477998867937,False,NONE,2023-05-25,2023-05-26,-1.3887677884927183,-0.44004184588867823,0.10848845967840463,0.13367104587921413,0.7068907617996713,5,5,0.5650199886059246,False,False,False,False,True,False,,False,False
2023-05-26,2023-05-25,test,test,5234,test,0.32995339994412914,4,-0.44004184588867823,test,0.828619991992908,4,0.9487259426040402,-1.3887677884927183,False,NONE,2023-05-26,2023-05-29,-1.0246921550193164,-0.9162036953409118,0.7208703207357542,0.16427924655381493,0.5971668859273852,5,5,-0.3640756334734019,False,False,False,False,True,False,,False,False
2023-05-29,2023-05-26,test,test,5235,test,0.17978003384094754,4,-0.9162036953409118,test,0.5431958828368864,4,0.10848845967840463,-1.0246921550193164,False,NONE,2023-05-29,2023-05-30,0.6012586400881551,1.3221289608239093,0.8891297704367168,0.3381856636423207,0.5501088545684749,5,5,-0.4234335149311613,False,False,False,False,True,False,,False,False
2023-05-30,2023-05-29,test,test,5236,test,0.9069373942470389,4,1.3221289608239093,test,0.7645053475935829,4,0.7208703207357542,0.6012586400881551,False,NONE,2023-05-30,2023-05-31,-0.3089000728425696,0.5802296975941472,0.6307231460741248,-0.031168899206175195,0.4017036866849775,5,5,-0.2923585672455855,False,False,False,False,True,False,,False,False
2023-05-31,2023-05-30,test,test,5237,test,0.7191201353637902,4,0.5802296975941472,test,0.8130333295204324,4,0.8891297704367168,-0.3089000728425696,False,NONE,2023-05-31,2023-06-01,-0.5084810338665207,0.1222421122076042,1.185242112073356,0.2420639358955487,0.29786772940223705,5,5,0.19958096102395106,False,False,False,False,True,False,,False,False
2023-06-01,2023-05-31,test,test,5238,test,0.5486463620981388,4,0.1222421122076042,test,0.7358892189125753,4,0.6307231460741248,-0.5084810338665207,False,NONE,2023-06-01,2023-06-02,-1.4722429545890303,-0.28700084251567426,-0.4401309196830255,0.21061588401008008,0.11691006548030355,5,5,0.9637619207225097,False,False,False,False,True,False,,False,False
2023-06-02,2023-06-01,test,test,5239,test,0.38705583756345174,4,-0.28700084251567426,test,0.8820391330123164,4,1.185242112073356,-1.4722429545890303,True,NONE,2023-06-02,2023-06-05,0.39345930978464294,-0.04667160989838254,0.48558016394120257,0.19017478602956395,0.14230857544926528,5,5,-1.0787836448043873,False,False,False,False,False,False,,False,False
2023-06-05,2023-06-02,test,test,5240,test,0.4813874788494078,4,-0.04667160989838254,test,0.3299211444422202,4,-0.4401309196830255,0.39345930978464294,True,NONE,2023-06-05,2023-06-06,-1.0102240173597732,-0.5246438534185706,0.14710393101922964,0.4369258589938732,0.5058696814789296,5,5,0.6167647075751302,False,False,False,False,False,False,,False,False
2023-06-06,2023-06-05,test,test,5241,test,0.2999153976311337,4,-0.5246438534185706,test,0.6863675684177415,4,0.48558016394120257,-1.0102240173597732,False,NONE,2023-06-06,2023-06-07,1.7992899420835369,1.9463938731027666,0.1115433596604225,0.6650011350279991,0.5087335626785252,5,5,0.7890659247237637,False,False,False,False,True,False,,False,False
2023-06-07,2023-06-06,test,test,5242,test,0.97419627749577,4,1.9463938731027666,test,0.5584750064342703,4,0.14710393101922964,1.7992899420835369,False,NONE,2023-06-07,2023-06-08,-0.14654150688016154,-0.03499814721973903,0.2804537924636885,0.2557549705432872,0.6778258460006136,5,5,-1.6527484352033754,False,False,True,False,False,False,,False,False
2023-06-08,2023-06-07,test,test,5243,test,0.4860406091370558,4,-0.03499814721973903,test,0.5444072579669466,4,0.1115433596604225,-0.14654150688016154,True,NONE,2023-06-08,2023-06-09,-0.6696601248819434,-0.3892063324182548,-0.3131383698382168,0.5621270448370437,1.1935105706018532,5,5,0.5231186180017818,False,False,False,False,False,False,,False,False
2023-06-09,2023-06-08,test,test,5244,test,0.3485617597292724,4,-0.3892063324182548,test,0.6104353141353771,4,0.2804537924636885,-0.6696601248819434,True,NONE,2023-06-09,2023-06-12,1.5002221247613807,1.1870837549231639,2.3033856940895245,0.5304303955037504,1.1184148153945015,5,5,0.8305619998794374,False,False,False,False,False,False,,False,False
2023-06-12,2023-06-09,test,test,5245,test,0.8824027072758037,4,1.1870837549231639,test,0.377087769496939,4,-0.3131383698382168,1.5002221247613807,False,NONE,2023-06-12,2023-06-13,-1.6876531673374655,0.615732526752059,0.16142333701720696,0.02550726001663315,0.7099059411857616,5,5,0.18743104257608478,False,False,False,False,True,False,,False,False
2023-06-13,2023-06-12,test,test,5246,test,0.7309644670050761,4,0.615732526752059,test,0.9893714240305149,4,2.3033856940895245,-1.6876531673374655,True,NONE,2023-06-13,2023-06-14,-0.26126028633800014,-0.09983694932079315,0.9570047762708642,0.02674071242327778,0.6218063215806678,5,5,-1.4263928809994653,False,False,False,False,False,False,,False,False
2023-06-14,2023-06-13,test,test,5247,test,0.4602368866328257,4,-0.09983694932079315,test,0.5641200062912866,4,0.16142333701720696,-0.26126028633800014,True,NONE,2023-06-14,2023-06-15,0.539857447978179,1.4968622242490432,2.8588774154698875,0.13823693147328048,0.4156307595289216,5,5,0.2785971616401789,False,False,False,False,False,False,,False,False
2023-06-15,2023-06-14,test,test,5248,test,0.9327854443397469,4,1.4968622242490432,test,0.8307175778766688,4,0.9570047762708642,0.539857447978179,True,NONE,2023-06-15,2023-06-16,-3.406566994554608,-0.5476895790847207,-0.6886171458749761,-0.07031255098965306,-0.05118668380088727,5,5,2.866709546576429,False,False,False,False,False,False,,False,False
2023-06-16,2023-06-15,test,test,5249,test,0.29195253438011576,4,-0.5476895790847207,test,0.997874284806103,4,2.8588774154698875,-3.406566994554608,True,NONE,2023-06-16,2023-06-19,-0.6489147766374468,-1.337531922512423,0.26084132304582547,0.37084988377901257,0.3383128003642177,5,5,-2.7576522179171614,False,False,False,False,False,False,,False,False
2023-06-19,2023-06-16,test,test,5250,test,0.09052453468697123,4,-1.337531922512423,test,0.24553211415825443,4,-0.6886171458749761,-0.6489147766374468,True,NONE,2023-06-19,2023-06-20,0.36105846573945694,0.6218997887852824,-0.2790747610082619,0.6068404534854517,0.3744902726579749,5,5,-0.28785631089798985,False,False,False,False,False,False,,False,False
2023-06-20,2023-06-19,test,test,5251,test,0.7329961179888229,4,0.6218997887852824,test,0.6028925619834711,4,0.26084132304582547,0.36105846573945694,False,NONE,2023-06-20,2023-06-21,0.7367189069374824,0.4576441459292205,-0.07387303398786689,0.56489770994591,0.6187486337114578,5,5,0.3756604411980255,False,False,False,False,True,False,,False,False
2023-06-21,2023-06-20,test,test,5252,test,0.6763959390862944,4,0.4576441459292205,test,0.39009372587148616,4,-0.2790747610082619,0.7367189069374824,False,NONE,2023-06-21,2023-06-22,0.5279878459222425,0.45411481193437553,0.5247901988208432,0.26153191045142027,0.7179226928292096,5,5,-0.20873106101523997,False,False,False,False,True,False,,False,False
2023-06-22,2023-06-21,test,test,5253,test,0.6751269035532995,4,0.45411481193437553,test,0.4705557064828848,4,-0.07387303398786689,0.5279878459222425,False,NONE,2023-06-22,2023-06-23,1.1333323959377641,1.6581225947586073,1.2588802749505486,0.34947810845829314,0.7435792406169404,5,5,0.6053445500155217,False,False,False,False,True,False,,False,False
2023-06-23,2023-06-22,test,test,5254,test,0.9513536379018612,4,1.6581225947586073,test,0.7001354771368926,4,0.5247901988208432,1.1333323959377641,True,NONE,2023-06-23,2023-06-26,-1.4164593489307762,-0.15757907398022755,0.44172868451461145,-0.12844863769347248,0.565253934916418,5,5,0.28312695299301205,False,False,False,False,False,False,,False,False
2023-06-26,2023-06-23,test,test,5255,test,0.4373942470389171,4,-0.15757907398022755,test,0.8959632102719551,4,1.2588802749505486,-1.4164593489307762,True,NONE,2023-06-26,2023-06-27,-0.029542613427037234,0.4121860710875742,0.942217044259153,-0.09778109220028011,0.42418536462725653,5,5,-1.386916735503739,False,False,False,False,False,False,,False,False
2023-06-27,2023-06-26,test,test,5256,test,0.6598984771573604,4,0.4121860710875742,test,0.6706572249706884,4,0.44172868451461145,-0.029542613427037234,False,NONE,2023-06-27,2023-06-28,-2.001401895802381,-1.0591848515432283,0.4219972616008918,-0.39702868384392276,0.15036007817804356,5,5,1.9718592823753438,False,False,False,False,True,False,,False,False
2023-06-28,2023-06-27,test,test,5257,test,0.14475780129371424,4,-1.0591848515432283,test,0.8269592353227144,4,0.942217044259153,-2.001401895802381,False,NONE,2023-06-28,2023-06-29,0.4718485403678482,0.89384580196874,0.6530729377594972,-0.0366634331763287,0.2554245866656421,5,5,-1.5295533554345329,False,False,False,False,True,False,,False,False
2023-06-29,2023-06-28,test,test,5258,test,0.8142978003384095,4,0.89384580196874,test,0.6634864918818206,4,0.4219972616008918,0.4718485403678482,False,NONE,2023-06-29,2023-06-30,-1.384584073759718,-0.7315111360002208,0.36725374644793624,0.06227412735140168,0.5647665631204888,5,5,0.9127355333918697,False,False,False,False,True,False,,False,False
2023-06-30,2023-06-29,test,test,5259,test,0.23223350253807107,4,-0.7315111360002208,test,0.7431453710649212,4,0.6530729377594972,-1.384584073759718,False,NONE,2023-06-30,2023-07-03,-0.3714950929622019,-0.004241346514265663,-0.2636141669311953,0.32162391916376704,0.6187130574641431,5,5,-1.013088980797516,False,False,False,False,True,False,,False,False
2023-07-03,2023-06-30,test,test,5260,test,0.49830795262267347,4,-0.004241346514265663,test,0.6432851239669422,4,0.36725374644793624,-0.3714950929622019,False,NONE,2023-07-03,2023-07-04,-0.8204377201994437,-1.084051887130639,-0.42690938798691197,0.5962981752753954,0.7333745130513591,5,5,0.4489426272372418,False,False,False,False,True,False,,False,False
2023-07-04,2023-07-03,test,test,5261,test,0.13917089678510997,4,-1.084051887130639,test,0.39603862047043864,4,-0.2636141669311953,-0.8204377201994437,False,NONE,2023-07-04,2023-07-05,1.169550789781654,0.742641401794742,0.9473198040388845,0.9721833665805567,1.2732671478012132,5,5,0.3491130695822102,False,False,False,False,True,False,,False,False
2023-07-05,2023-07-04,test,test,5262,test,0.771150592216582,4,0.742641401794742,test,0.3347226636999364,4,-0.42690938798691197,1.169550789781654,False,NONE,2023-07-05,2023-07-06,0.44121380056850745,1.388533604607392,2.19978282003373,0.861198147502394,1.06461639475183,5,5,-0.7283369892131465,False,False,False,False,True,False,,False,False
2023-07-06,2023-07-05,test,test,5263,test,0.9175126903553299,4,1.388533604607392,test,0.8282620788302606,4,0.9473198040388845,0.44121380056850745,False,NONE,2023-07-06,2023-07-07,-1.6345449969721242,0.565237823061606,0.6369862181662077,0.6556446987764282,0.45114778763837826,5,5,1.1933311964036166,False,False,False,False,True,False,,False,False
2023-07-07,2023-07-06,test,test,5264,test,0.7140439932318106,4,0.565237823061606,test,0.9860888462748325,4,2.19978282003373,-1.6345449969721242,True,NONE,2023-07-07,2023-07-10,0.7321437158776684,1.369129934043876,0.3096931110048855,0.8111446128440972,0.5888475720358114,5,5,-0.9024012810944558,False,False,False,False,False,False,,False,False
2023-07-10,2023-07-07,test,test,5265,test,0.9145206685975402,4,1.369129934043876,test,0.737933089637635,4,0.6369862181662077,0.7321437158776684,True,NONE,2023-07-10,2023-07-11,0.48568095839028247,0.795374069395168,2.2725537857623577,0.6940763581474483,0.652460784588534,5,5,-0.2464627574873859,False,False,False,False,False,False,,False,False
2023-07-11,2023-07-10,test,test,5266,test,0.7868020304568528,4,0.795374069395168,test,0.6216028289891926,4,0.3096931110048855,0.48568095839028247,False,NONE,2023-07-11,2023-07-12,-2.0848384793584294,0.18771530640392844,-0.09593396120803069,0.6548325904157128,0.24819173277212098,5,5,1.5991575209681468,False,False,False,False,True,False,,False,False
2023-07-12,2023-07-11,test,test,5267,test,0.5744500846023689,4,0.18771530640392844,test,0.988473458359822,4,2.2725537857623577,-2.0848384793584294,True,NONE,2023-07-12,2023-07-13,0.45670032218559375,0.3607663609775631,-0.8675602155335287,0.45646280063718214,0.5103355358809389,5,5,-1.6281381571728355,False,False,False,False,False,False,,False,False
2023-07-13,2023-07-12,test,test,5268,test,0.6408629441624365,4,0.3607663609775631,test,0.46178651090966283,4,-0.09593396120803069,0.45670032218559375,True,NONE,2023-07-13,2023-07-14,2.2102976089334794,1.3427373933999505,1.3254851401533732,0.46260850454447616,0.77575102992846,5,5,1.7535972867478855,False,False,False,False,False,False,,False,False
2023-07-14,2023-07-13,test,test,5269,test,0.910321489001692,4,1.3427373933999505,test,0.1928175669879036,4,-0.8675602155335287,2.2102976089334794,False,NONE,2023-07-14,2023-07-17,-0.5416964795927418,0.7837886605606313,0.6277591737684987,0.5906433067423686,0.6197683489774548,5,5,-1.6686011293407375,False,False,False,False,True,False,,False,False
2023-07-17,2023-07-14,test,test,5270,test,0.7834179357021998,4,0.7837886605606313,test,0.907494852583717,4,1.3254851401533732,-0.5416964795927418,False,NONE,2023-07-17,2023-07-18,-0.02860394303200775,0.5991552307364909,0.25120852668029253,0.13842458232294197,0.7219320600847271,5,5,-0.5130925365607341,False,False,False,False,True,False,,False,False
2023-07-18,2023-07-17,test,test,5271,test,0.7254653130287648,4,0.5991552307364909,test,0.7349191426692213,4,0.6277591737684987,-0.02860394303200775,False,NONE,2023-07-18,2023-07-19,-1.0553421691690177,-0.8041336424887251,1.2147850543360592,-0.15922902012235654,0.7650485100913921,5,5,1.02673822613701,False,False,False,False,True,False,,False,False
2023-07-19,2023-07-18,test,test,5272,test,0.21065989847715735,4,-0.8041336424887251,test,0.5991735537190083,4,0.25120852668029253,-1.0553421691690177,False,NONE,2023-07-19,2023-07-20,-0.8232901738220262,0.3914948805140331,0.45951725470407706,0.1753634682551894,0.640748486439317,5,5,-0.2320519953469915,False,False,False,False,True,False,,False,False
2023-07-20,2023-07-19,test,test,5273,test,0.6522842639593909,4,0.3914948805140331,test,0.8877759587062828,4,1.2147850543360592,-0.8232901738220262,False,NONE,2023-07-20,2023-07-21,1.523394149685336,1.9829114043894132,0.5455717353983465,0.6474765045299614,1.2147726811377522,5,5,0.7001039758633099,False,False,False,False,True,False,,False,False
2023-07-21,2023-07-20,test,test,5274,test,0.9763113367174281,4,1.9829114043894132,test,0.677068617918728,4,0.45951725470407706,1.523394149685336,True,NONE,2023-07-21,2023-07-24,-2.0228766969348486,-1.4773049615365021,1.1385777293048602,0.16124520201933454,0.5855173223167858,5,5,0.4994825472495126,False,False,False,False,False,False,,False,False
2023-07-24,2023-07-21,test,test,5275,test,0.06979695431472081,4,-1.4773049615365021,test,0.707319821182278,4,0.5455717353983465,-2.0228766969348486,True,NONE,2023-07-24,2023-07-25,-2.0276905107948617,-0.8891127814900016,0.4667907767136172,0.5433172478109431,-0.037269165829754945,5,5,0.004813813860013116,False,False,False,False,False,False,,False,False
2023-07-25,2023-07-24,test,test,5276,test,0.18697123519458544,4,-0.8891127814900016,test,0.8725603391575396,4,1.1385777293048602,-2.0276905107948617,False,NONE,2023-07-25,2023-07-26,0.4020380226853873,0.8688287993990045,0.5932849360756844,0.6103244265380059,0.07665935672627952,5,5,-1.6256524881094745,False,False,False,False,True,False,,False,False
2023-07-26,2023-07-25,test,test,5277,test,0.8075296108291032,4,0.8688287993990045,test,0.6796752123309217,4,0.4667907767136172,0.4020380226853873,True,NONE,2023-07-26,2023-07-27,2.158775125812209,2.752060061887893,3.329638228196253,0.6686790153033334,0.06796545876748716,5,5,1.7567371031268217,False,False,False,False,False,False,,False,False
2023-07-27,2023-07-26,test,test,5278,test,0.9970389170896785,4,2.752060061887893,test,0.7235047608101242,4,0.5932849360756844,2.158775125812209,True,NONE,2023-07-27,2023-07-28,-3.7778833363599746,-0.4482451081637214,-2.600705058706486,0.38629302668209003,-0.2512930652135455,5,5,1.6191082105477657,False,False,False,False,False,False,,False,False
2023-07-28,2023-07-27,test,test,5279,test,0.3269881556683587,4,-0.4482451081637214,test,0.9995652055556901,4,3.329638228196253,-3.7778833363599746,True,NONE,2023-07-28,2023-07-31,3.0337603261280273,0.4330552674215413,-1.9753547114278436,0.3760903499167421,0.24407345343812842,5,5,-0.7441230102319474,False,False,False,False,False,False,,False,False
2023-07-31,2023-07-28,test,test,5280,test,0.6675126903553299,4,0.4330552674215413,test,0.0046516200062912865,4,-2.600705058706486,3.0337603261280273,True,NONE,2023-07-31,2023-08-01,1.4212778235731554,-0.5540768878546883,1.0364333894937898,0.21049779028421142,0.4754626245912418,5,5,-1.612482502554872,False,False,False,False,False,False,,False,False
2023-08-01,2023-07-31,test,test,5281,test,0.2897631133671743,4,-0.5540768878546883,test,0.024113954227590592,4,-1.9753547114278436,1.4212778235731554,False,NONE,2023-08-01,2023-08-02,0.12416835373185209,1.160601743225642,0.5498154462817224,0.4687261388816145,0.32357515366560474,5,5,-1.2971094698413033,False,False,False,False,True,False,,False,False
2023-08-02,2023-08-01,test,test,5282,test,0.8770980519019973,4,1.160601743225642,test,0.8500000000000001,4,1.0364333894937898,0.12416835373185209,False,NONE,2023-08-02,2023-08-03,0.7903146724999544,1.3401301187816768,1.7333456082910899,0.03376720097258614,0.5702431082012925,5,5,0.6661463187681023,False,False,False,False,True,False,,False,False
2023-08-03,2023-08-02,test,test,5283,test,0.9098984771573604,4,1.3401301187816768,test,0.7087770184361093,4,0.5498154462817224,0.7903146724999544,False,NONE,2023-08-03,2023-08-04,-2.232604100281551,-0.4992584919904609,-0.12387246544811649,-0.4198979575213624,0.002631174142106385,5,5,1.4422894277815965,False,False,False,False,True,False,,False,False
2023-08-04,2023-08-03,test,test,5284,test,0.30879864636209814,4,-0.4992584919904609,test,0.9584828705424805,4,1.7333456082910899,-2.232604100281551,True,NONE,2023-08-04,2023-08-07,-0.2710350652929956,-0.39490753074111207,-0.818408855662277,-0.43734922149914546,0.07628965670975577,5,5,-1.9615690349885553,False,False,False,False,False,False,,False,False
2023-08-07,2023-08-04,test,test,5285,test,0.3464555660253098,4,-0.39490753074111207,test,0.4507081271983757,4,-0.12387246544811649,-0.2710350652929956,True,NONE,2023-08-07,2023-08-08,1.5554737107946037,0.7370648551323268,0.2769960348656049,-0.38688094712494847,0.4748226968630679,5,5,1.2844386455016081,False,False,False,False,False,False,,False,False
2023-08-08,2023-08-07,test,test,5286,test,0.7694585448392555,4,0.7370648551323268,test,0.20656188338242443,4,-0.818408855662277,1.5554737107946037,False,NONE,2023-08-08,2023-08-09,-1.2911889811851047,-1.0141929463194999,1.7831552189601614,-0.5357783986111223,0.5235536168818603,5,5,-0.264284729609499,False,False,False,False,True,False,,False,False
2023-08-09,2023-08-08,test,test,5287,test,0.15524534686971236,4,-1.0141929463194999,test,0.6091084246046499,4,0.2769960348656049,-1.2911889811851047,False,NONE,2023-08-09,2023-08-10,-2.7113508926482273,-0.9281956736880658,-1.104714062004841,-0.6062648528349126,0.28321285656969203,5,5,1.4201619114631225,False,False,False,False,True,False,,False,False
2023-08-10,2023-08-09,test,test,5288,test,0.17665303909946606,4,-0.9281956736880658,test,0.9627194801109554,4,1.7831552189601614,-2.7113508926482273,True,NONE,2023-08-10,2023-08-11,0.5181992501254646,-0.5865148118793764,0.24441994739013037,-0.3182753708490793,0.5825481912041572,5,5,-2.1931516425227624,False,False,False,False,False,False,,False,False
2023-08-11,2023-08-10,test,test,5289,test,0.2787648054145516,4,-0.5865148118793764,test,0.13464175412508222,4,-1.104714062004841,0.5181992501254646,True,NONE,2023-08-11,2023-08-14,-0.3869861062602575,-0.1425661588701271,1.1742563451042838,-0.12152735569576154,0.7043418442753107,5,5,-0.13121314386520716,False,False,False,False,False,False,,False,False
2023-08-14,2023-08-11,test,test,5290,test,0.44331641285956,4,-0.1425661588701271,test,0.5965472027972027,4,0.24441994739013037,-0.3869861062602575,False,NONE,2023-08-14,2023-08-15,-1.181678747402826,-0.007422402298542334,0.5206506349595669,-0.04745289621779289,0.5970767473137543,5,5,0.7946926411425685,False,False,False,False,True,False,,False,False
2023-08-15,2023-08-14,test,test,5291,test,0.4970389170896785,4,-0.007422402298542334,test,0.8798538183270017,4,1.1742563451042838,-1.181678747402826,True,NONE,2023-08-15,2023-08-16,-1.8872758523980182,-1.3666252174384512,0.5814514173993202,-0.21666158667975588,0.5195000679534337,5,5,0.7055971049951921,False,False,False,False,False,False,,False,False
2023-08-16,2023-08-15,test,test,5292,test,0.08587140439932317,4,-1.3666252174384512,test,0.6986949154965827,4,0.5206506349595669,-1.8872758523980182,True,NONE,2023-08-16,2023-08-17,-0.0696996811582199,0.5117517362411003,0.3919626111674847,0.3435932046856275,0.583730952933489,5,5,-1.8175761712397982,False,False,False,False,False,False,,False,False
2023-08-17,2023-08-16,test,test,5293,test,0.6955876137500199,4,0.5117517362411003,test,0.719531873835507,4,0.5814514173993202,-0.0696996811582199,False,NONE,2023-08-17,2023-08-18,0.005262652719727756,0.39722526388721247,0.8533882127458977,0.23318214147711208,0.5562764016523623,5,5,-0.06443702843849214,False,False,False,False,True,False,,False,False
2023-08-18,2023-08-17,test,test,5294,test,0.6543993231810491,4,0.39722526388721247,test,0.6524570801171148,4,0.3919626111674847,0.005262652719727756,True,NONE,2023-08-18,2023-08-21,-0.6255820742261814,0.22780613851971634,0.6379308602965019,0.1940898129017261,0.3618002732139661,5,5,0.6203194215064536,False,False,False,False,False,False,,False,False
2023-08-21,2023-08-18,test,test,5295,test,0.5901015228426396,4,0.22780613851971634,test,0.803277972027972,4,0.8533882127458977,-0.6255820742261814,True,NONE,2023-08-21,2023-08-22,-1.4913967149048593,-0.8534658546083572,0.13276723815796415,-0.01913176522482174,0.2858924968361731,5,5,0.8658146406786779,False,False,False,False,False,False,,False,False
2023-08-22,2023-08-21,test,test,5296,test,0.1967005076142132,4,-0.8534658546083572,test,0.7382406560096084,4,0.6379308602965019,-1.4913967149048593,False,NONE,2023-08-22,2023-08-23,1.3018815012305014,1.4346487393884655,0.9026058422995965,0.5436990607440106,0.5234925926486458,5,5,-0.18951521367435786,False,False,False,False,True,False,,False,False
2023-08-23,2023-08-22,test,test,5297,test,0.9243063908441276,4,1.4346487393884655,test,0.5528112674522709,4,0.13276723815796415,1.3018815012305014,False,NONE,2023-08-23,2023-08-24,-0.9429094221010731,-0.04030357980147654,0.25468985476185096,0.34712232565206397,0.4362688353709663,5,5,-0.3589720791294283,False,False,False,False,True,False,,False,False
2023-08-24,2023-08-23,test,test,5298,test,0.4839255499153976,4,-0.04030357980147654,test,0.8166324376315726,4,0.9026058422995965,-0.9429094221010731,False,NONE,2023-08-24,2023-08-25,-0.05292623375156835,0.2017636210102826,-0.11899242944608314,0.5517376631628628,0.8015820864460617,5,5,-0.8899831883495047,False,False,False,False,True,False,,False,False
2023-08-25,2023-08-24,test,test,5299,test,0.5799492385786802,4,0.2017636210102826,test,0.6005186736824044,4,0.25468985476185096,-0.05292623375156835,False,NONE,2023-08-25,2023-08-28,-0.7193093226669398,-0.8383017521130229,0.2583919784075369,0.7693429743546293,0.7206848646674556,5,5,0.6663830889153715,False,False,False,False,True,False,,False,False
2023-08-28,2023-08-25,test,test,5300,test,0.2009306260575296,4,-0.8383017521130229,test,0.4526406767972512,4,-0.11899242944608314,-0.7193093226669398,False,NONE,2023-08-28,2023-08-29,1.7022962968282682,1.960688275235805,1.3207677172203274,0.5292136108337069,0.8128015569374885,5,5,0.9829869741613284,False,False,False,False,True,False,,False,False
2023-08-29,2023-08-28,test,test,5301,test,0.9750423011844331,4,1.960688275235805,test,0.6019477966198633,4,0.2583919784075369,1.7022962968282682,False,NONE,2023-08-29,2023-08-30,-0.8690026532915958,0.45176506392873156,0.4664870559111993,0.07345962824337783,0.501514699450191,5,5,-0.8332936435366725,False,False,True,False,False,False,,False,False
2023-08-30,2023-08-29,test,test,5302,test,0.6742808798646363,4,0.45176506392873156,test,0.9067105865194887,4,1.3207677172203274,-0.8690026532915958,False,NONE,2023-08-30,2023-08-31,0.5162860518413184,0.9827731077525177,2.0812561101373275,0.22052336644226428,0.36862410241883303,5,5,-0.3527166014502774,False,False,False,False,True,False,,False,False
2023-08-31,2023-08-30,test,test,5303,test,0.8371404399323181,4,0.9827731077525177,test,0.6795665446538363,4,0.4664870559111993,0.5162860518413184,False,NONE,2023-08-31,2023-09-01,-0.7914659331682123,1.2897901769691151,-0.5234785383391126,-0.12428027616953793,0.06116537424338882,5,5,0.27517988132689397,False,False,False,False,True,False,,False,False
2023-09-01,2023-08-31,test,test,5304,test,0.9014382402707276,4,1.2897901769691151,test,0.9812947649236576,4,2.0812561101373275,-0.7914659331682123,True,NONE,2023-09-01,2023-09-04,-1.5154700313785225,-2.0389485697176353,0.7189754397577013,-0.2658681805078512,0.23940692542558403,5,5,0.7240040982103102,False,False,False,False,False,False,,False,False
2023-09-04,2023-09-01,test,test,5305,test,0.020727580372250424,4,-2.0389485697176353,test,0.3003206411392948,4,-0.5234785383391126,-1.5154700313785225,True,NONE,2023-09-04,2023-09-05,-1.0370570774735413,-0.31808163771584,-0.23566657021616,0.4168742590341588,0.42836244468539214,5,5,-0.4784129539049813,False,False,False,False,False,False,,False,False
2023-09-05,2023-09-04,test,test,5306,test,0.3752115059221658,4,-0.31808163771584,test,0.763921973748177,4,0.7189754397577013,-1.0370570774735413,False,NONE,2023-09-05,2023-09-06,1.4227503251393239,1.1870837549231639,-0.19796592924559053,0.17922241565294064,0.8973772909726803,5,5,0.3856932476657826,False,False,False,False,True,False,,False,False
2023-09-06,2023-09-05,test,test,5307,test,0.8824027072758037,4,1.1870837549231639,test,0.4068457061969173,4,-0.23566657021616,1.4227503251393239,False,NONE,2023-09-06,2023-09-07,-0.5432791760609029,-0.7412451053064935,0.5439624692601059,-0.5162795969934247,0.7820763049415895,5,5,-0.8794711490784209,False,False,False,False,True,False,,False,False
2023-09-07,2023-09-06,test,test,5308,test,0.22927241962774958,4,-0.7412451053064935,test,0.42153586033343815,4,-0.19796592924559053,-0.5432791760609029,False,NONE,2023-09-07,2023-09-08,0.037888186017442926,0.5818506552775489,0.36772921757186344,-0.5013354029951742,0.5042964730241511,5,5,-0.50539099004346,False,False,False,False,True,False,,False,False
2023-09-08,2023-09-07,test,test,5309,test,0.719666359811197,4,0.5818506552775489,test,0.7067663501958878,4,0.5439624692601059,0.037888186017442926,True,NONE,2023-09-08,2023-09-11,1.0070344104205513,1.3747636279924147,1.6637530360567419,-0.7426513450905351,0.4448750932245701,5,5,0.9691462244031084,False,False,False,False,False,False,,False,False
2023-09-11,2023-09-08,test,test,5310,test,0.9153976311336718,4,1.3747636279924147,test,0.6434624238611342,4,0.36772921757186344,1.0070344104205513,True,NONE,2023-09-11,2023-09-12,-3.1700938906786726,-1.5063408546219308,2.1094076612202803,-1.3188722416134044,-0.06278282258808583,5,5,2.1630594802581213,False,False,False,False,False,False,,False,False
2023-09-12,2023-09-11,test,test,5311,test,0.06598984771573604,4,-1.5063408546219308,test,0.9519191036236491,4,1.6637530360567419,-3.1700938906786726,False,IMPLIED_ONLY,2023-09-12,2023-09-13,-4.3998339695289435,-2.290426308308663,-0.7744708594010438,-1.2785133345975115,-0.5422165060885793,5,5,1.2297400788502708,False,True,False,False,False,False,E21_004,False,True
2023-09-13,2023-09-12,test,test,5312,test,0.010998307952622674,4,-2.290426308308663,test,0.9825452956134775,4,2.1094076612202803,-4.3998339695289435,True,NONE,2023-09-13,2023-09-14,0.10794672408580286,-0.6665241353152409,-0.8449366903270866,-0.5703022829810906,-0.06451932031286622,5,5,-4.2918872454431405,False,False,False,False,False,False,,False,False
2023-09-14,2023-09-13,test,test,5313,test,0.25253807106598986,4,-0.6665241353152409,test,0.21932619715924212,4,-0.7744708594010438,0.10794672408580286,True,NONE,2023-09-14,2023-09-15,0.22020763512783081,-0.6247290551992558,0.0706223185739585,-0.2232153483314943,0.6906941953678736,5,5,0.11226091104202796,False,False,False,False,False,False,,False,False
2023-09-15,2023-09-14,test,test,5314,test,0.2660744500846024,4,-0.6247290551992558,test,0.19907309386115613,4,-0.8449366903270866,0.22020763512783081,False,NONE,2023-09-15,2023-09-18,-1.5769631731958893,-1.5063408546219308,-0.8745365430065377,-0.5479998063476144,0.599074230223225,5,5,1.3567555380680585,False,False,False,False,True,False,,False,False
2023-09-18,2023-09-15,test,test,5315,test,0.06598984771573604,4,-1.5063408546219308,test,0.528150826446281,4,0.0706223185739585,-1.5769631731958893,False,NONE,2023-09-18,2023-09-19,-0.43000977653592987,-1.3045463195424676,-0.28776075628218706,-0.6341242944650304,0.5141983434171427,5,5,-1.1469533966599594,False,False,False,False,True,False,,False,False
2023-09-19,2023-09-18,test,test,5316,test,0.09602368866328256,4,-1.3045463195424676,test,0.19091306420851875,4,-0.8745365430065377,-0.43000977653592987,False,NONE,2023-09-19,2023-09-20,1.5383897060556293,1.2506289497734422,1.6140150694775217,-0.37957810456003077,0.7012531682227074,5,5,1.1083799295196994,False,False,False,False,True,False,,False,False
2023-09-20,2023-09-19,test,test,5317,test,0.8944650582808278,4,1.2506289497734422,test,0.3867649396058487,4,-0.28776075628218706,1.5383897060556293,True,NONE,2023-09-20,2023-09-21,-0.5451045315447813,1.0689105379327404,2.9311308880766127,-0.8972102790172037,0.38619068361324976,5,5,-0.993285174510848,False,False,False,False,False,False,,False,False
2023-09-21,2023-09-20,test,test,5318,test,0.8574450084602369,4,1.0689105379327404,test,0.9467379211697393,4,1.6140150694775217,-0.5451045315447813,True,NONE,2023-09-21,2023-09-22,-5.179782233356469,-2.248651345279856,-0.38747750714928403,-1.260921334703807,-0.22435136904933076,5,5,4.634677701811688,False,False,False,False,False,False,,False,False
2023-09-22,2023-09-21,test,test,5319,test,0.012267343485617598,4,-2.248651345279856,test,0.9983113477431659,4,2.9311308880766127,-5.179782233356469,True,NONE,2023-09-22,2023-09-25,-1.5494857880597273,-1.9369632952090112,-1.2989159770369505,-0.7342639995304211,-0.05478128294582897,5,5,-3.6302964452967412,False,False,False,False,False,False,,False,False
2023-09-25,2023-09-22,test,test,5320,test,0.02637491514433063,4,-1.9369632952090112,test,0.3492013668150032,4,-0.38747750714928403,-1.5494857880597273,True,NONE,2023-09-25,2023-09-26,1.267100607019481,-0.03181537001746952,0.647513367745637,-0.7375695766012321,0.24240972961470666,5,5,-0.28238518104024624,False,False,False,False,False,False,,False,False
2023-09-26,2023-09-25,test,test,5321,test,0.4873096446700508,4,-0.03181537001746952,test,0.09698638299416845,4,-1.2989159770369505,1.267100607019481,False,NONE,2023-09-26,2023-09-27,-1.9850452902580598,-1.337531922512423,0.03870264643023348,-0.3361275210736331,0.5651728842541373,5,5,0.7179446832385787,False,False,False,False,True,False,,False,False
2023-09-27,2023-09-26,test,test,5322,test,0.09052453468697123,4,-1.337531922512423,test,0.7413501271455817,4,0.647513367745637,-1.9850452902580598,False,NONE,2023-09-27,2023-09-28,-0.7883473869305082,-0.7496447405002747,-0.12157937523628984,-0.3018011645963924,0.2963546356252174,5,5,-1.1966979033275515,False,False,False,False,True,False,,False,False
2023-09-28,2023-09-27,test,test,5323,test,0.22673434856175972,4,-0.7496447405002747,test,0.5154362682771774,4,0.03870264643023348,-0.7883473869305082,False,NONE,2023-09-28,2023-09-29,0.5062147058233624,0.3846353305870725,0.46037292336822505,0.10352697090696532,0.5784045806829857,5,5,-0.28213268110714584,False,False,False,False,True,False,,False,False
2023-09-29,2023-09-28,test,test,5324,test,0.649746192893401,4,0.3846353305870725,test,0.4516160742371815,4,-0.12157937523628984,0.5062147058233624,False,NONE,2023-09-29,2023-10-02,-2.4138641039312914,-1.9534911805630661,0.1870390857657277,-0.004057333697871352,0.18612920808005548,5,5,1.907649398107929,False,False,False,False,True,False,,False,False
2023-10-02,2023-09-29,test,test,5325,test,0.025380710659898477,4,-1.9534911805630661,test,0.6773757168437099,4,0.46037292336822505,-2.4138641039312914,False,NONE,2023-10-02,2023-10-03,1.7883558218547981,1.975394907620526,2.26132914094279,0.4164401292017221,0.0192039780752014,5,5,-0.6255082820764932,False,False,False,False,True,False,,False,False
2023-10-03,2023-10-02,test,test,5326,test,0.9758883248730965,4,1.975394907620526,test,0.5741850061703003,4,0.1870390857657277,1.7883558218547981,False,NONE,2023-10-03,2023-10-04,-3.4272292810690095,-1.1659001401262195,-1.3053885967143655,0.10631159937555709,-0.3100034304029446,5,5,1.6388734592142113,False,False,True,False,False,False,,False,False
2023-10-04,2023-10-03,test,test,5327,test,0.1218274111675127,4,-1.1659001401262195,test,0.9881305584946667,4,2.26132914094279,-3.4272292810690095,False,IMPLIED_ONLY,2023-10-04,2023-10-05,2.5823845337308793,1.2769959370165138,1.2886703500525512,0.21221744241782164,0.26962294595760766,5,5,-0.8448447473381302,False,True,False,False,False,False,E21_005,False,True
2023-10-05,2023-10-04,test,test,5328,test,0.8991981591566685,4,1.2769959370165138,test,0.09588027967628471,4,-1.3053885967143655,2.5823845337308793,False,NONE,2023-10-05,2023-10-06,-1.441956542489662,-0.15328619243711092,-1.501003939646426,-0.12239737483786377,-0.03718573112316746,5,5,-1.1404279912412172,False,False,False,False,True,False,,False,False
2023-10-06,2023-10-05,test,test,5329,test,0.4390862944162437,4,-0.15328619243711092,test,0.9012436427209154,4,1.2886703500525512,-1.441956542489662,True,NONE,2023-10-06,2023-10-09,1.6500000735813274,0.1489961339349013,-0.6475870642585422,-0.44341927779858026,0.43677485381453024,5,5,0.2080435310916653,False,False,False,False,False,False,,False,False
2023-10-09,2023-10-06,test,test,5330,test,0.5592216582064298,4,0.1489961339349013,test,0.06667727129743486,4,-1.501003939646426,1.6500000735813274,True,NONE,2023-10-09,2023-10-10,1.072339322748243,0.4247522584897008,0.6152920985520595,-0.5919690657274541,0.40219669202742575,5,5,-0.5776607508330844,False,False,False,False,False,False,,False,False
2023-10-10,2023-10-09,test,test,5331,test,0.6644913581104651,4,0.4247522584897008,test,0.25862603305785126,4,-0.6475870642585422,1.072339322748243,False,NONE,2023-10-10,2023-10-11,-1.2516630234669561,-0.6363709249148968,1.5927432850883958,-0.7044120741248181,0.27300021280024095,5,5,0.17932370071871317,False,False,False,False,True,False,,False,False
2023-10-11,2023-10-10,test,test,5332,test,0.2622673434856176,4,-0.6363709249148968,test,0.7308190826160312,4,0.6152920985520595,-1.2516630234669561,False,NONE,2023-10-11,2023-10-12,-1.988821434350309,-0.39607814926191326,-0.2453730353513242,-0.9582864433974617,0.041091129106208366,5,5,0.7371584108833529,False,False,False,False,True,False,,False,False
2023-10-12,2023-10-11,test,test,5333,test,0.3460236886632826,4,-0.39607814926191326,test,0.9443911035488576,4,1.5927432850883958,-1.988821434350309,True,NONE,2023-10-12,2023-10-13,-1.5130226718893691,-1.7583957072406933,0.8687989850420622,-1.0921173935637183,0.16612445705614287,5,5,-0.4757987624609399,False,False,False,False,False,False,,False,False
2023-10-13,2023-10-12,test,test,5334,test,0.03934010152284264,4,-1.7583957072406933,test,0.4030838027967628,4,-0.2453730353513242,-1.5130226718893691,True,NONE,2023-10-13,2023-10-16,-1.4625517907515309,-0.5937528057094685,-0.8204778731940644,-1.300870595307768,0.2614345591660939,5,5,-0.050470881137838264,False,False,False,False,False,False,,False,False
2023-10-16,2023-10-13,test,test,5335,test,0.2763387293578181,4,-0.5937528057094685,test,0.8075214558169104,4,0.8687989850420622,-1.4625517907515309,False,NONE,2023-10-16,2023-10-17,0.6830150896969449,-0.13746278349711946,-0.03069029758386463,-1.518883908702693,0.5001004487409814,5,5,-0.779536701054586,False,False,False,False,True,False,,False,False
2023-10-17,2023-10-16,test,test,5336,test,0.4453325039551065,4,-0.13746278349711946,test,0.20597186904005085,4,-0.8204778731940644,0.6830150896969449,False,NONE,2023-10-17,2023-10-18,-1.8750524736942489,-1.9057427712781134,0.4331978666182329,-1.5900149859287633,0.3805446140985054,5,5,1.192037383997304,False,False,False,False,True,False,,False,False
2023-10-18,2023-10-17,test,test,5337,test,0.028341793570219966,4,-1.9057427712781134,test,0.4877582644628099,4,-0.03069029758386463,-1.8750524736942489,False,NONE,2023-10-18,2023-10-19,-1.4984307667114303,-1.0652329000931975,0.37979360439834825,-1.5921877950128256,0.44265601281301026,5,5,-0.3766217069828186,False,False,False,False,True,False,,False,False
2023-10-19,2023-10-18,test,test,5338,test,0.14338527441129345,4,-1.0652329000931975,test,0.6675644856873231,4,0.4331978666182329,-1.4984307667114303,False,NONE,2023-10-19,2023-10-20,-3.1819553203592887,-2.8021617159609407,1.3453494955918177,-1.3551484642722307,0.6798915214597694,5,5,1.6835245536478585,False,False,False,False,True,False,,False,False
2023-10-20,2023-10-19,test,test,5339,test,0.0025380710659898475,4,-2.8021617159609407,test,0.6479506848923332,4,0.37979360439834825,-3.1819553203592887,True,NONE,2023-10-20,2023-10-23,-3.029168868275913,-1.6838193726840949,0.3728515746803725,-0.9385355007464709,0.6039172154392919,5,5,-0.15278645208337593,False,False,False,False,False,False,,False,False
2023-10-23,2023-10-20,test,test,5340,test,0.046108291032148904,4,-1.6838193726840949,test,0.9107438016528926,4,1.3453494955918177,-3.029168868275913,True,NONE,2023-10-23,2023-10-24,-0.8659697443078425,-0.49311816962747,-0.6284694707962442,-0.2782554582988729,1.11557307811854,5,5,-2.16319912396807,False,False,False,False,False,False,,False,False
2023-10-24,2023-10-23,test,test,5341,test,0.31096454661380646,4,-0.49311816962747,test,0.6453705424804828,4,0.3728515746803725,-0.8659697443078425,False,NONE,2023-10-24,2023-10-25,-1.2881373459021799,-1.916606816698424,0.7437548601907568,-0.2688121354410725,1.473152953857586,5,5,0.4221676015943374,False,False,False,False,True,False,,False,False
2023-10-25,2023-10-24,test,test,5342,test,0.02764395067732555,4,-1.916606816698424,test,0.2648482199618563,4,-0.6284694707962442,-1.2881373459021799,False,NONE,2023-10-25,2023-10-26,-0.6237911065809799,0.11996375360977686,1.565971147632144,-0.24435987554477165,0.9789120927266811,5,5,-0.6643462393212,False,False,False,False,True,False,,False,False
2023-10-26,2023-10-25,test,test,5343,test,0.5477440695114484,4,0.11996375360977686,test,0.7714876033057851,4,0.7437548601907568,-0.6237911065809799,False,NONE,2023-10-26,2023-10-27,-2.2850680459642865,-0.7190968983321423,0.9654779654894301,-0.1367898706068807,0.7058050796945823,5,5,1.6612769393833067,False,False,False,False,True,False,,False,False
2023-10-27,2023-10-26,test,test,5344,test,0.23604060913705582,4,-0.7190968983321423,test,0.9413223140495868,4,1.565971147632144,-2.2850680459642865,False,NONE,2023-10-27,2023-10-30,0.652102874064465,1.617580839553895,2.9311308880766127,0.22307817367405686,0.4925164389129094,5,5,-1.6329651718998215,False,False,False,False,True,False,,False,False
2023-10-30,2023-10-27,test,test,5345,test,0.9471235194585448,4,1.617580839553895,test,0.8328472663699937,4,0.9654779654894301,0.652102874064465,False,NONE,2023-10-30,2023-10-31,-3.377032443415081,-0.44590155533846826,1.1594299078989863,,-0.28830851223424236,4,5,2.724929569350616,False,False,False,False,True,False,,False,False
2023-10-31,2023-10-30,test,test,5346,test,0.32783417935702197,4,-0.44590155533846826,test,0.9983113477431659,4,2.9311308880766127,-3.377032443415081,True,NONE,2023-10-31,2023-11-01,-2.9537754251159063,-1.7943455172169198,-1.7274494454637686,,,3,4,-0.4232570182991746,False,False,False,False,False,False,,False,False
2023-11-01,2023-10-31,test,test,5347,test,0.03637901861252115,4,-1.7943455172169198,test,0.8768595041322313,4,1.1594299078989863,-2.9537754251159063,True,NONE,2023-11-01,2023-11-02,2.3852632237630003,0.6578137782992318,0.20043608247165096,,,3,3,-0.568512201352906,False,False,False,False,False,False,,False,False
2023-11-02,2023-11-01,test,test,5348,test,0.7446711001492302,4,0.6578137782992318,test,0.04204348851840201,4,-1.7274494454637686,2.3852632237630003,True,NONE,2023-11-02,2023-11-03,0.8798072406008945,1.0802433230725454,-0.10096523841893501,,,3,2,-1.5054559831621057,False,False,False,False,False,False,,False,False
2023-11-03,2023-11-02,test,test,5349,test,0.8599830795262267,4,1.0802433230725454,test,0.579430228862047,4,0.20043608247165096,0.8798072406008945,True,NONE,2023-11-03,2023-11-06,,,-0.9729938676591455,,,3,1,,False,False,False,False,False,False,,False,False
2023-11-14,2023-11-13,test,test,5356,test,0.8388324873096447,4,0.9896708541340572,test,0.9896694214876033,3,2.3141197011116743,-1.3244488469776172,True,NONE,2023-11-14,2023-11-15,-0.08635995415066422,0.9308216000334494,-0.410319162102005,1.333680026159509,0.7640126377193506,5,5,-1.2380888928269531,False,False,False,False,False,False,,False,False
2023-11-15,2023-11-14,test,test,5357,test,0.8240270727580372,4,0.9308216000334494,test,0.845466465352829,4,1.0171815541841136,-0.08635995415066422,True,NONE,2023-11-15,2023-11-16,1.492895770945524,1.082576608843519,-0.48287026271361216,1.3246128592402258,0.9475693153749131,5,5,1.4065358167948596,False,False,False,False,False,False,,False,False
2023-11-16,2023-11-15,test,test,5358,test,0.8605018027758841,4,1.082576608843519,test,0.3407859186268277,4,-0.410319162102005,1.492895770945524,True,NONE,2023-11-16,2023-11-17,2.4204496125838433,1.937579349870231,1.564839246491396,0.7892020168335554,1.1173227297942445,5,5,0.9275538416383193,False,False,False,False,False,False,,False,False
2023-11-17,2023-11-16,test,test,5359,test,0.9736627180736424,4,1.937579349870231,test,0.31459392879847425,4,-0.48287026271361216,2.4204496125838433,False,NONE,2023-11-17,2023-11-20,0.007356138812015356,1.5721953853034114,1.9828762695287567,0.12060352930007565,0.8212133308300198,5,5,-2.413093473771828,False,False,True,False,False,False,,False,False
2023-11-20,2023-11-17,test,test,5360,test,0.9420473773265652,4,1.5721953853034114,test,0.9411896965884069,4,1.564839246491396,0.007356138812015356,False,NONE,2023-11-20,2023-11-21,-0.8376490827818226,1.1452271867469341,1.1655370973922174,-0.02037888683923652,0.5981334110807338,5,5,0.8302929439698072,False,False,False,False,True,False,,False,False
2023-11-21,2023-11-20,test,test,5361,test,0.873942470389171,4,1.1452271867469341,test,0.9763093740169865,4,1.9828762695287567,-0.8376490827818226,False,NONE,2023-11-21,2023-11-22,-0.2800513319551833,0.8854857654370342,0.5074642261758076,-0.054239962885236984,0.667911678224469,5,5,-0.5575977508266393,False,False,False,True,False,False,,False,False
2023-11-22,2023-11-21,test,test,5362,test,0.8120526532142387,4,0.8854857654370342,test,0.878099173553719,4,1.1655370973922174,-0.2800513319551833,False,NONE,2023-11-22,2023-11-23,-2.1019418293656402,-1.5944776031898327,0.36589680938304475,-0.17172356153264143,0.6742717062877732,5,5,1.821890497410457,False,False,False,False,True,False,,False,False
2023-11-23,2023-11-22,test,test,5363,test,0.055414551607445,4,-1.5944776031898327,test,0.694085434461732,4,0.5074642261758076,-2.1019418293656402,False,NONE,2023-11-23,2023-11-24,-1.771309897180214,-1.4054130877971691,0.08429225167027235,0.35398087704408937,0.7412973943609276,5,5,-0.3306319321854263,False,False,False,False,True,False,,False,False
2023-11-24,2023-11-23,test,test,5364,test,0.07994923857868019,4,-1.4054130877971691,test,0.642778961365781,4,0.36589680938304475,-1.771309897180214,True,NONE,2023-11-24,2023-11-27,0.7829910529365784,0.8672833046068508,0.8674766707823268,0.8858789741492495,1.0082808829003025,5,5,-0.9883188442436355,False,False,False,False,False,False,,False,False
2023-11-27,2023-11-24,test,test,5365,test,0.8071065989847716,4,0.8672833046068508,test,0.5335879636249249,4,0.08429225167027235,0.7829910529365784,True,NONE,2023-11-27,2023-11-28,0.10844513573460512,0.9759218065169319,1.5144284331108935,0.5793821835427405,0.960342184660098,5,5,-0.6745459172019733,False,False,False,False,False,False,,False,False
2023-11-28,2023-11-27,test,test,5366,test,0.8354483925549916,4,0.9759218065169319,test,0.8071595556063942,4,0.8674766707823268,0.10844513573460512,False,NONE,2023-11-28,2023-11-29,-1.216360660910882,0.2980677722000115,0.5392643664923288,0.37550034735677046,0.5614952641785635,5,5,1.107915525176277,False,False,False,False,True,False,,False,False
2023-11-29,2023-11-28,test,test,5367,test,0.6171742808798646,4,0.2980677722000115,test,0.9350413938059424,4,1.5144284331108935,-1.216360660910882,False,NONE,2023-11-29,2023-11-30,0.49478022320149295,1.0340445896938217,0.7010252497488163,0.11760626082929053,0.31338512349428543,5,5,-0.721580437709389,False,False,False,False,True,False,,False,False
2023-11-30,2023-11-29,test,test,5368,test,0.8494423408440552,4,1.0340445896938217,test,0.7051477737424576,4,0.5392643664923288,0.49478022320149295,False,NONE,2023-11-30,2023-12-01,0.5530521479798154,1.2540773977286317,1.4192096943671466,0.4712296860827127,0.6999829761188121,5,5,0.05827192477832244,False,False,False,False,True,False,,False,False
2023-12-01,2023-11-30,test,test,5369,test,0.8950930626057529,4,1.2540773977286317,test,0.758356371137513,4,0.7010252497488163,0.5530521479798154,False,NONE,2023-12-01,2023-12-04,-2.0844103427928418,-0.665200648425695,0.627783179581305,0.3295029463459199,0.4368067748862877,5,5,1.5313581948130264,False,False,False,False,True,False,,False,False
2023-12-04,2023-12-01,test,test,5370,test,0.2529610829103215,4,-0.665200648425695,test,0.9220810547583904,4,1.4192096943671466,-2.0844103427928418,False,NONE,2023-12-04,2023-12-05,-0.671270553994223,-0.04348737441291793,-0.47980616929677855,0.6260210777261456,0.5907618250333455,5,5,-1.4131397887986188,False,False,False,False,True,False,,False,False
2023-12-05,2023-12-04,test,test,5371,test,0.48265651438240276,4,-0.04348737441291793,test,0.7349270067774314,4,0.627783179581305,-0.671270553994223,False,NONE,2023-12-05,2023-12-06,-0.5115964911406095,-0.991402660437388,-0.701286336929062,0.40689456389796963,0.5986978545077697,5,5,-0.15967406285361352,False,False,False,False,True,False,,False,False
2023-12-06,2023-12-05,test,test,5372,test,0.1607445008460237,4,-0.991402660437388,test,0.31568261284170374,4,-0.47980616929677855,-0.5115964911406095,False,NONE,2023-12-06,2023-12-07,3.5034480528899947,2.8021617159609327,2.634014512871449,1.1036436216682879,1.0016385424379182,5,5,2.9918515617493853,False,False,False,False,True,False,,False,False
2023-12-07,2023-12-06,test,test,5373,test,0.9974619289340101,4,2.8021617159609327,test,0.2415621693499957,4,-0.701286336929062,3.5034480528899947,False,REALISED_ONLY,2023-12-07,2023-12-08,-2.088570813826781,0.545443699044668,0.10332868820452516,0.7336702178634145,0.644324387619012,5,5,-1.4148772390632138,True,False,False,False,False,False,E21_006,False,True
2023-12-08,2023-12-07,test,test,5374,test,0.7072758037225042,4,0.545443699044668,test,0.9957809059452658,4,2.634014512871449,-2.088570813826781,True,NONE,2023-12-08,2023-12-11,0.7140613202709081,0.8173900084754332,1.3975584303165933,0.6877518220311721,0.8261902639856847,5,5,-1.3745094935558728,False,False,False,False,False,False,,False,False
2023-12-11,2023-12-08,test,test,5375,test,0.7931472081218274,4,0.8173900084754332,test,0.5411489462094998,4,0.10332868820452516,0.7140613202709081,True,NONE,2023-12-11,2023-12-12,-2.5366783738703917,-1.1391199435537982,-0.44012602192465733,0.14048520744119014,1.0952887870494545,5,5,1.8226170535994837,False,False,False,False,False,False,,False,False
2023-12-12,2023-12-11,test,test,5376,test,0.127326565143824,4,-1.1391199435537982,test,0.9188771455816911,4,1.3975584303165933,-2.5366783738703917,True,NONE,2023-12-12,2023-12-13,2.9324686503388615,2.492342628414204,1.3134171027216806,0.27085252172996255,0.7085549324116128,5,5,0.39579027646846976,False,False,False,False,False,False,,False,False
2023-12-13,2023-12-12,test,test,5377,test,0.9936548223350253,4,2.492342628414204,test,0.3299229179910998,4,-0.44012602192465733,2.9324686503388615,True,NONE,2023-12-13,2023-12-14,-0.36112240578511534,0.9522946969365652,0.8474437387769183,-0.3670751954917188,-0.004660997652119914,5,5,-2.5713462445537463,False,False,False,False,False,False,,False,False
2023-12-14,2023-12-13,test,test,5378,test,0.8295262267343486,4,0.9522946969365652,test,0.9054787812062112,4,1.3134171027216806,-0.36112240578511534,True,NONE,2023-12-14,2023-12-15,-0.5315920188934617,0.31585171988345645,1.0126580700378893,-0.3153304402707766,-0.03741275435866305,5,5,0.1704696131083464,False,False,False,False,False,False,,False,False
2023-12-15,2023-12-14,test,test,5379,test,0.623942470389171,4,0.31585171988345645,test,0.8016260831021762,4,0.8474437387769183,-0.5315920188934617,False,NONE,2023-12-15,2023-12-18,-2.931601134512366,-1.9189430644744765,2.7430510456354424,-0.5250802733065094,-0.292147668157314,5,5,2.400009115618904,False,False,False,False,True,False,,False,False
2023-12-18,2023-12-15,test,test,5380,test,0.027495769881556685,4,-1.9189430644744765,test,0.8443882438731448,4,1.0126580700378893,-2.931601134512366,False,NONE,2023-12-18,2023-12-19,-3.2303344177453783,-0.48728337210993605,-2.373795295113866,,-0.701417156815973,4,5,0.2987332832330125,False,False,False,False,True,False,,False,False
2023-12-19,2023-12-18,test,test,5381,test,0.3130287648054145,4,-0.48728337210993605,test,0.99695643888983,4,2.7430510456354424,-3.2303344177453783,True,NONE,2023-12-19,2023-12-20,1.676499337419663,-0.6972959576942029,-2.2526625475969833,,,3,4,-1.5538350803257153,False,False,False,False,False,False,,False,False
2023-12-20,2023-12-19,test,test,5382,test,0.2428087986463621,4,-0.6972959576942029,test,0.00880315422231119,4,-2.373795295113866,1.676499337419663,True,NONE,2023-12-20,2023-12-21,3.4636810206382593,1.211018473041276,0.6836849552442024,,,3,3,1.7871816832185963,False,False,False,False,False,False,,False,False
2023-12-21,2023-12-20,test,test,5383,test,0.8870558375634519,4,1.211018473041276,test,0.0121402170493866,4,-2.2526625475969833,3.4636810206382593,False,NONE,2023-12-21,2023-12-22,-1.41658240053941,-0.7328974452952077,-0.26101649895536555,,,3,2,-2.0470986200988492,False,False,False,False,True,False,,False,False
2023-12-22,2023-12-21,test,test,5384,test,0.23181049069373943,4,-0.7328974452952077,test,0.7529129371729246,4,0.6836849552442024,-1.41658240053941,True,NONE,2023-12-22,2023-12-25,,,0.6967036023421467,,,3,1,,False,False,False,False,False,False,,False,False
2024-01-09,2024-01-08,test,test,5396,test,0.7516920473773265,4,0.6798240047904544,test,0.8012396694214876,3,0.8460575125710571,-0.16623350778060275,False,NONE,2024-01-09,2024-01-10,-0.6597610928896545,-0.4121860710875742,2.2725537857623577,0.07829131543719843,0.29343577329284953,5,5,0.4935275851090517,False,False,False,False,True,False,,False,False
2024-01-10,2024-01-09,test,test,5397,test,0.3401015228426396,4,-0.4121860710875742,test,0.5977683805656439,4,0.2475750218020803,-0.6597610928896545,False,NONE,2024-01-10,2024-01-11,-1.40835527359262,0.8641985121697378,-1.3175081130366557,0.22189579387020447,-0.02467375489261252,5,5,0.7485941807029655,False,False,False,False,True,False,,False,False
2024-01-11,2024-01-10,test,test,5398,test,0.8062605752961083,4,0.8641985121697378,test,0.988473458359822,4,2.2725537857623577,-1.40835527359262,True,NONE,2024-01-11,2024-01-12,2.3441937218794133,1.0266856088427576,-0.04462378515955519,-0.07640566347864633,0.1665835330167497,5,5,0.9358384482867934,False,False,False,False,False,False,,False,False
2024-01-12,2024-01-11,test,test,5399,test,0.8477157360406091,4,1.0266856088427576,test,0.09383418170379479,4,-1.3175081130366557,2.3441937218794133,True,NONE,2024-01-12,2024-01-15,-1.0001916254229963,-1.0448154105825516,0.07645906966366325,-0.08655842394381148,0.15260791817896763,5,5,-1.344002096456417,False,False,False,False,False,False,,False,False
2024-01-15,2024-01-12,test,test,5400,test,0.14805414551607443,4,-1.0448154105825516,test,0.4822035918626828,4,-0.04462378515955519,-1.0001916254229963,False,NONE,2024-01-15,2024-01-16,-0.1188851318200407,-0.04242606215637744,0.48029790923443766,0.12134431975589303,0.6859263133733234,5,5,-0.8813064936029557,False,False,False,False,True,False,,False,False
2024-01-16,2024-01-15,test,test,5401,test,0.48307952622673433,4,-0.04242606215637744,test,0.5304730618547857,4,0.07645906966366325,-0.1188851318200407,False,NONE,2024-01-16,2024-01-17,-0.1744615881569816,0.30583632107745606,0.6820061448350473,0.2994882350967762,0.3530417573795686,5,5,0.0555764563369409,False,False,False,False,True,False,,False,False
2024-01-17,2024-01-16,test,test,5402,test,0.6201353637901861,4,0.30583632107745606,test,0.6844922123331214,4,0.48029790923443766,-0.1744615881569816,False,NONE,2024-01-17,2024-01-18,-1.3093149194095637,-0.6273087745745163,-0.36122167348984463,0.5084404854136816,0.17448424792906087,5,5,1.1348533312525821,False,False,False,False,True,False,,False,False
2024-01-18,2024-01-17,test,test,5403,test,0.2652284263959391,4,-0.6273087745745163,test,0.7523824673282049,4,0.6820061448350473,-1.3093149194095637,False,NONE,2024-01-18,2024-01-19,1.3371434800067765,0.9759218065169319,-0.11450185934846555,0.6805523552405515,0.10847312142063956,5,5,0.027828560597212837,False,False,False,False,True,False,,False,False
2024-01-19,2024-01-18,test,test,5404,test,0.8354483925549916,4,0.9759218065169319,test,0.3589668706568675,4,-0.36122167348984463,1.3371434800067765,True,NONE,2024-01-19,2024-01-22,0.10920016726443649,-0.0053016920840290626,2.7430510456354424,0.45492531066057723,0.18225480093842011,5,5,-1.22794331274234,False,False,False,False,False,False,,False,False
2024-01-22,2024-01-19,test,test,5405,test,0.4978849407783418,4,-0.0053016920840290626,test,0.45441998627355656,4,-0.11450185934846555,0.10920016726443649,True,NONE,2024-01-22,2024-01-23,-1.894757531087404,0.8482935145480384,-1.1841248707343366,0.32373821802211245,-0.34018041102050023,5,5,1.7855573638229676,False,False,False,False,False,False,,False,False
2024-01-23,2024-01-22,test,test,5406,test,0.8018627357323063,4,0.8482935145480384,test,0.99695643888983,4,2.7430510456354424,-1.894757531087404,True,NONE,2024-01-23,2024-01-24,2.534722443396319,1.3505975726619828,-0.2107814024174912,0.4760363250900381,-0.11165117844252177,5,5,0.6399649123089151,False,False,False,False,False,False,,False,False
2024-01-24,2024-01-23,test,test,5407,test,0.9115878106006985,4,1.3505975726619828,test,0.1181818181818182,4,-1.1841248707343366,2.534722443396319,True,NONE,2024-01-24,2024-01-25,0.4440319769773241,0.23325057455983295,-0.6912773060319514,0.7043853362404837,0.37010729195645486,5,5,-2.090690466418995,False,False,False,False,False,False,,False,False
2024-01-25,2024-01-24,test,test,5408,test,0.5922165820642978,4,0.23325057455983295,test,0.4165289256198347,4,-0.2107814024174912,0.4440319769773241,False,NONE,2024-01-25,2024-01-26,0.5390638896490125,-0.1522134163829389,0.25440653824043724,0.5583924989553257,0.9387434452076224,5,5,0.09503191267168842,False,False,False,False,True,False,,False,False
2024-01-26,2024-01-25,test,test,5409,test,0.43950930626057527,4,-0.1522134163829389,test,0.2446956452638271,4,-0.6912773060319514,0.5390638896490125,False,NONE,2024-01-26,2024-01-29,-0.9156436935167902,-0.661237155276353,0.13087498584084095,0.9425222469358442,0.9876088038068609,5,5,0.3765798038677777,False,False,False,False,True,False,,False,False
2024-01-29,2024-01-26,test,test,5410,test,0.25423011844331644,4,-0.661237155276353,test,0.600409249841068,4,0.25440653824043724,-0.9156436935167902,False,NONE,2024-01-29,2024-01-30,1.478909064046826,1.609784049887667,-0.04147870784444447,1.0211258454354426,0.6311479484884621,5,5,0.5632653705300359,False,False,False,False,True,False,,False,False
2024-01-30,2024-01-29,test,test,5411,test,0.9462774957698816,4,1.609784049887667,test,0.5520628985673024,4,0.13087498584084095,1.478909064046826,False,NONE,2024-01-30,2024-01-31,2.533821336258655,2.4923426284142103,2.198010949577392,0.6836726758319227,0.5585663151968261,5,5,1.0549122722118287,False,False,False,False,True,False,,False,False
2024-01-31,2024-01-30,test,test,5412,test,0.9936548223350254,4,2.4923426284142103,test,0.4834571334610655,4,-0.04147870784444447,2.533821336258655,True,NONE,2024-01-31,2024-02-01,-2.6947245614433486,-0.49671361186595664,2.151903460223887,0.32412299123503746,0.25433422475106865,5,5,0.1609032251846938,False,False,False,False,False,False,,False,False
2024-02-01,2024-01-31,test,test,5413,test,0.30969551108081156,4,-0.49671361186595664,test,0.986025837170065,4,2.198010949577392,-2.6947245614433486,True,NONE,2024-02-01,2024-02-02,-0.38346813670423385,1.768435323519653,0.4987333312366286,0.43280003558790525,-0.24399105861723988,5,5,-2.3112564247391147,False,False,False,False,False,False,,False,False
2024-02-02,2024-02-01,test,test,5414,test,0.9615059221658206,4,1.768435323519653,test,0.984297520661157,4,2.151903460223887,-0.38346813670423385,True,NONE,2024-02-02,2024-02-05,-0.7669524940149888,-0.2682191627783601,-1.6514292907511527,-0.28631080782449675,-0.6438434619888677,5,5,0.3834843573107549,False,False,False,False,False,False,,False,False
2024-02-05,2024-02-02,test,test,5415,test,0.3942653127392785,4,-0.2682191627783601,test,0.6910163699936427,4,0.4987333312366286,-0.7669524940149888,True,NONE,2024-02-05,2024-02-06,1.57394749262122,-0.07748179812993282,-0.4043868743026249,-0.22525954683724914,0.1673039968547685,5,5,0.8069949986062313,False,False,False,False,False,False,,False,False
2024-02-06,2024-02-05,test,test,5416,test,0.46912013536379016,4,-0.07748179812993282,test,0.0493254739912494,4,-1.6514292907511527,1.57394749262122,False,NONE,2024-02-06,2024-02-07,1.0989810797324087,0.6945942054297838,0.6768504973486057,0.12270273822226918,0.4277735885296421,5,5,-0.47496641288881136,False,False,False,False,True,False,,False,False
2024-02-07,2024-02-06,test,test,5417,test,0.7563451776649746,4,0.6945942054297838,test,0.3429641253681832,4,-0.4043868743026249,1.0989810797324087,False,NONE,2024-02-07,2024-02-08,-0.6301788874502232,0.04667160989838254,-0.33972295661765606,-0.40135022455010516,0.06395658198462258,5,5,-0.46880219228218545,False,False,False,False,True,False,,False,False
2024-02-08,2024-02-07,test,test,5418,test,0.5186125211505922,4,0.04667160989838254,test,0.7507495924962109,4,0.6768504973486057,-0.6301788874502232,False,NONE,2024-02-08,2024-02-09,-1.487395936924701,-1.827118893542357,-1.5005286856215103,-0.28418838879699015,-0.06758504403149182,5,5,0.8572170494744777,False,False,False,False,True,False,,False,False
2024-02-09,2024-02-08,test,test,5419,test,0.0338409475465313,4,-1.827118893542357,test,0.3670325860047471,4,-0.33972295661765606,-1.487395936924701,False,NONE,2024-02-09,2024-02-12,1.5375658277793882,0.03703714215787789,2.404308003467028,0.204381895261893,0.1436479316927647,5,5,0.05016989085468726,False,False,False,False,True,False,,False,False
2024-02-12,2024-02-09,test,test,5420,test,0.5147723045569484,4,0.03703714215787789,test,0.06673875432525953,4,-1.5005286856215103,1.5375658277793882,False,NONE,2024-02-12,2024-02-13,-0.7419783762993692,1.6623296271676586,0.8979610840717436,-0.049704716355707036,-0.27901969942642263,5,5,-0.795587451480019,False,False,False,False,True,False,,False,False
2024-02-13,2024-02-12,test,test,5421,test,0.9517766497461929,4,1.6623296271676586,test,0.9918984424666243,4,2.404308003467028,-0.7419783762993692,True,NONE,2024-02-13,2024-02-14,-2.8236316925038314,-1.9256706084320878,-1.1422345353764922,-0.4351870170745104,-0.4755074141863641,5,5,2.081653316204462,False,False,False,False,False,False,,False,False
2024-02-14,2024-02-13,test,test,5422,test,0.02707275803722504,4,-1.9256706084320878,test,0.8153968514970402,4,0.8979610840717436,-2.8236316925038314,True,NONE,2024-02-14,2024-02-15,1.7747153240404494,0.6324807886639572,-0.997431086698228,-0.19084106212863783,-0.04792775392465261,5,5,-1.048916368463382,False,False,False,False,False,False,,False,False
2024-02-15,2024-02-14,test,test,5423,test,0.7364636209813875,4,0.6324807886639572,test,0.12667827218393435,4,-1.1422345353764922,1.7747153240404494,True,NONE,2024-02-15,2024-02-16,1.6131636134502871,0.615732526752059,-0.4443638070002281,-0.3607392640666529,0.21676494184910194,5,5,-0.16155171059016227,False,False,False,False,False,False,,False,False
2024-02-16,2024-02-15,test,test,5424,test,0.7309644670050761,4,0.615732526752059,test,0.1592776541640178,4,-0.997431086698228,1.6131636134502871,True,NONE,2024-02-16,2024-02-19,-0.7890321089298942,-1.2333959159301222,0.29096984787109154,-0.4896123524321312,0.04187401386458065,5,5,-0.824131504520393,False,False,False,False,False,False,,False,False
2024-02-19,2024-02-16,test,test,5425,test,0.10871404399323181,4,-1.2333959159301222,test,0.3283897880980297,4,-0.4443638070002281,-0.7890321089298942,False,NONE,2024-02-19,2024-02-20,-0.5560517242974496,-0.26508187642635817,-0.08447748972796429,-0.4468558975490007,-0.09405385196515104,5,5,-0.23298038463244453,False,False,False,False,True,False,,False,False
2024-02-20,2024-02-19,test,test,5426,test,0.39547319429306727,4,-0.26508187642635817,test,0.6144628099173554,4,0.29096984787109154,-0.5560517242974496,False,NONE,2024-02-20,2024-02-21,-0.6194633439747607,-0.703940833702725,0.9956637659320658,-0.4760459225610352,-0.013321498045939684,5,5,0.06341161967731102,False,False,False,False,True,False,,False,False
2024-02-21,2024-02-20,test,test,5427,test,0.24073481029239563,4,-0.703940833702725,test,0.4663383997254711,4,-0.08447748972796429,-0.6194633439747607,False,NONE,2024-02-21,2024-02-22,-1.2126739869581842,-0.21701022102611828,0.32603239217054486,-0.5702530954874269,0.19520779616353895,5,5,0.5932106429834235,False,False,False,False,True,False,,False,False
2024-02-22,2024-02-21,test,test,5428,test,0.41410018975826446,4,-0.21701022102611828,test,0.840293229497775,4,0.9956637659320658,-1.2126739869581842,False,NONE,2024-02-22,2024-02-23,-0.3546653072458771,-0.02863291507533225,-1.3188184469228346,-0.15079175399337838,0.35853004218094753,5,5,-0.8580086797123071,False,False,False,False,True,False,,False,False
2024-02-23,2024-02-22,test,test,5429,test,0.4885786802030457,4,-0.02863291507533225,test,0.6278000762213565,4,0.32603239217054486,-0.3546653072458771,False,NONE,2024-02-23,2024-02-26,0.2992048054083649,-1.0196136415144696,-0.38866948127756706,0.05812841017123351,0.48044945578689513,5,5,-0.055460501837512166,False,False,False,False,True,False,,False,False
2024-02-26,2024-02-23,test,test,5430,test,0.15395586636733782,4,-1.0196136415144696,test,0.09361490781945328,4,-1.3188184469228346,0.2992048054083649,False,NONE,2024-02-26,2024-02-27,-0.022362520208963343,-0.4110320014865304,0.31918427986809245,0.14715422213858848,0.434318895706142,5,5,-0.27684228519940157,False,False,False,False,True,False,,False,False
2024-02-27,2024-02-26,test,test,5431,test,0.3405245346869712,4,-0.4110320014865304,test,0.3487603305785124,4,-0.38866948127756706,-0.022362520208963343,True,NONE,2024-02-27,2024-02-28,-1.4941609782027763,-1.1749766983346839,2.0383102369794592,0.26087643723194015,0.5947989621846338,5,5,1.4717984579938128,False,False,False,False,False,False,,False,False
2024-02-28,2024-02-27,test,test,5432,test,0.1200020191668874,4,-1.1749766983346839,test,0.6252066115702479,4,0.31918427986809245,-1.4941609782027763,True,NONE,2024-02-28,2024-02-29,-0.15801375053533517,1.880296486444124,1.1426436222575878,0.6732655320752942,0.5177209528419647,5,5,-1.336147227667441,False,False,False,False,False,False,,False,False
2024-02-29,2024-02-28,test,test,5433,test,0.9699661590524535,4,1.880296486444124,test,0.97924054162258,4,2.0383102369794592,-0.15801375053533517,False,NONE,2024-02-29,2024-03-01,-0.1266757165098602,1.0159679057477276,-0.7092213788930968,0.60593599579261,0.746813672670328,5,5,-0.03133803402547497,False,False,True,True,False,True,,False,False
2024-03-01,2024-02-29,test,test,5434,test,0.8451776649746192,4,1.0159679057477276,test,0.8734067069294342,4,1.1426436222575878,-0.1266757165098602,False,NONE,2024-03-01,2024-03-04,0.134736797215402,-0.5744845816776948,-0.6193222816813331,0.5432853746300786,0.8269954201998349,5,5,0.00806108070554179,False,False,False,False,True,False,,False,False
2024-03-04,2024-03-01,test,test,5435,test,0.2828199655800799,4,-0.5744845816776948,test,0.23909355429094342,4,-0.7092213788930968,0.134736797215402,False,NONE,2024-03-04,2024-03-05,0.7769013556615607,0.1575790739802277,1.1215846122605515,0.5826235246324447,1.4069003124180481,5,5,0.6421645584461587,False,False,False,False,True,False,,False,False
2024-03-05,2024-03-04,test,test,5436,test,0.562605752961083,4,0.1575790739802277,test,0.26785203432930704,4,-0.6193222816813331,0.7769013556615607,False,NONE,2024-03-05,2024-03-06,-0.2346158363784655,0.886968775882086,1.6529201902661144,0.5022756308009948,1.075530882931225,5,5,-0.5422855192830952,False,False,False,False,True,False,,False,False
2024-03-06,2024-03-05,test,test,5437,test,0.8124521442973371,4,0.886968775882086,test,0.868980451366815,4,1.1215846122605515,-0.2346158363784655,False,NONE,2024-03-06,2024-03-07,-0.10927138523541102,1.5436488050307033,2.288107221399404,0.19210621048678583,0.6766418098495197,5,5,-0.12534445114305448,False,False,False,False,True,False,,False,False
2024-03-07,2024-03-06,test,test,5438,test,0.938663282571912,4,1.5436488050307033,test,0.9508264462809917,4,1.6529201902661144,-0.10927138523541102,False,NONE,2024-03-07,2024-03-08,-1.5853924214643327,0.7027147999350711,-0.3083126412455625,-0.26431491804963214,0.34483418770905205,5,5,1.4761210362289217,False,False,False,True,False,False,,False,False
2024-03-08,2024-03-07,test,test,5439,test,0.7588832487309645,4,0.7027147999350711,test,0.988934361093452,4,2.288107221399404,-1.5853924214643327,True,NONE,2024-03-08,2024-03-11,-0.06948119042030226,-0.3777938316658648,2.2802021794097334,-0.42057159089278884,0.019541370729643147,5,5,-1.5159112310440304,False,False,False,False,False,False,,False,False
2024-03-11,2024-03-08,test,test,5440,test,0.35279187817258884,4,-0.3777938316658648,test,0.3789222239698018,4,-0.3083126412455625,-0.06948119042030226,True,NONE,2024-03-11,2024-03-12,-2.5243625745867546,-0.24416039517702132,-0.5352625351735651,-0.1950838764595609,0.13527641794167397,5,5,2.4548813841664523,False,False,False,False,False,False,,False,False
2024-03-12,2024-03-11,test,test,5441,test,0.40355329949238583,4,-0.24416039517702132,test,0.9887021499261983,4,2.2802021794097334,-2.5243625745867546,True,NONE,2024-03-12,2024-03-13,-0.1286157905153943,-0.6638783256889594,-0.34152517514241043,-0.2676089095732649,0.08530313354382908,5,5,-2.39574678407136,False,False,False,False,False,False,,False,False
2024-03-13,2024-03-12,test,test,5442,test,0.2533840947546531,4,-0.6638783256889594,test,0.2962341645457405,4,-0.5352625351735651,-0.1286157905153943,True,NONE,2024-03-13,2024-03-14,-0.39693166250897594,-0.7384568376513864,0.6290691106970652,0.1672835471635894,0.34093025044947306,5,5,0.26831587199358164,False,False,False,False,False,False,,False,False
2024-03-14,2024-03-13,test,test,5443,test,0.23011844331641285,4,-0.7384568376513864,test,0.36635412794189137,4,-0.34152517514241043,-0.39693166250897594,False,NONE,2024-03-14,2024-03-15,-0.7076376749777772,-0.07856856428071204,-1.9347767261426072,0.24934770494671973,0.1078247783033589,5,5,0.31070601246880125,False,False,False,False,True,False,,False,False
2024-03-15,2024-03-14,test,test,5444,test,0.46868789614389783,4,-0.07856856428071204,test,0.7353480940261374,4,0.6290691106970652,-0.7076376749777772,False,NONE,2024-03-15,2024-03-18,2.684421466642882,0.7496447405002749,2.8588774154698875,0.2414674032041908,0.5263474969512054,5,5,1.9767837916651048,False,False,False,False,True,False,,False,False
2024-03-18,2024-03-15,test,test,5445,test,0.7732656514382403,4,0.7496447405002749,test,0.026508850146393398,4,-1.9347767261426072,2.684421466642882,False,NONE,2024-03-18,2024-03-19,-3.4656629762154285,-0.6067855607455412,-0.7851289571627896,-0.18954416245529795,-0.2710284364670371,5,5,0.7812415095725465,False,False,False,False,True,False,,False,False
2024-03-19,2024-03-18,test,test,5446,test,0.2719966159052454,4,-0.6067855607455412,test,0.997874284806103,4,2.8588774154698875,-3.4656629762154285,True,NONE,2024-03-19,2024-03-20,2.2957129151581013,1.5105839579953118,0.9366104093858094,-0.28807623727553966,-0.424038727408422,5,5,-1.1699500610573272,False,False,False,False,False,False,,False,False
2024-03-20,2024-03-19,test,test,5447,test,0.9345527581530195,4,1.5105839579953118,test,0.2161889816694787,4,-0.7851289571627896,2.2957129151581013,True,NONE,2024-03-20,2024-03-21,-1.264746458121544,-0.3281360487357345,-0.5364582500335057,-0.33703250458452194,-0.31465139232862943,5,5,-1.0309664570365573,False,False,False,False,False,False,,False,False
2024-03-21,2024-03-20,test,test,5448,test,0.37140439932318103,4,-0.3281360487357345,test,0.8255205022250476,4,0.9366104093858094,-1.264746458121544,True,NONE,2024-03-21,2024-03-22,0.4184881770401488,-0.11797007299335686,0.1578368670966256,-0.6281727819466376,-0.31272191306032865,5,5,-0.8462582810813952,False,False,False,False,False,False,,False,False
2024-03-22,2024-03-21,test,test,5449,test,0.4530456852791878,4,-0.11797007299335686,test,0.2958209414052446,4,-0.5364582500335057,0.4184881770401488,True,NONE,2024-03-22,2024-03-25,-1.5632499548937946,-1.405413087797169,-1.128002251621325,-0.9168469658587121,-0.4404695998870455,5,5,1.1447617778536459,False,False,False,False,False,False,,False,False
2024-03-25,2024-03-22,test,test,5450,test,0.0799492385786802,4,-1.405413087797169,test,0.5627073264891761,4,0.1578368670966256,-1.5632499548937946,True,NONE,2024-03-25,2024-03-26,0.028556316774575263,-1.0994459348467498,-1.5501804118697142,-0.9488678664852813,0.10484379327607204,5,5,-1.5346936381192193,False,False,False,False,False,False,,False,False
2024-03-26,2024-03-25,test,test,5451,test,0.13578680203045684,4,-1.0994459348467498,test,0.1296594841145014,4,-1.128002251621325,0.028556316774575263,False,NONE,2024-03-26,2024-03-27,2.815983033320115,1.2658026214504003,1.4835470847847723,-1.1088317273387442,0.37637663817762285,5,5,2.7874267165455393,False,False,False,False,True,False,,False,False
2024-03-27,2024-03-26,test,test,5452,test,0.8972081218274112,4,1.2658026214504003,test,0.06054910998092816,4,-1.5501804118697142,2.815983033320115,False,NONE,2024-03-27,2024-03-28,-3.2673845203310856,-1.7838374355463131,-0.5268108536920018,-1.6870876957801724,0.151624129463245,5,5,0.4514014870109708,False,False,False,False,True,False,,False,False
2024-03-28,2024-03-27,test,test,5453,test,0.03722504230118444,4,-1.7838374355463131,test,0.9310354418308964,4,1.4835470847847723,-3.2673845203310856,False,NONE,2024-03-28,2024-03-29,-1.034530138861728,-1.5613409925537298,-0.4809015670369585,-1.1715385557742999,0.7112077183167334,5,5,-2.2328543814693576,False,False,False,False,True,False,,False,False
2024-03-29,2024-03-28,test,test,5454,test,0.05922165820642978,4,-1.5613409925537298,test,0.2991624724756213,4,-0.5268108536920018,-1.034530138861728,False,NONE,2024-03-29,2024-04-01,-1.0846160238930556,-1.565517590930014,1.5985647141942625,-0.8832915209843504,0.6760556772753867,5,5,0.05008588503132749,False,False,False,False,True,False,,False,False
2024-04-01,2024-03-29,test,test,5455,test,0.05873079801238712,4,-1.565517590930014,test,0.31529322949777494,4,-0.4809015670369585,-1.0846160238930556,False,NONE,2024-04-01,2024-04-02,-3.4978299533083264,-1.8992652391140639,-0.19251618736196038,-0.9228666624224449,0.4678187649995912,5,5,2.413213929415271,False,False,False,False,True,False,,False,False
2024-04-02,2024-04-01,test,test,5456,test,0.028764805414551606,4,-1.8992652391140639,test,0.9450413223140496,4,1.5985647141942625,-3.4978299533083264,False,NONE,2024-04-02,2024-04-03,-1.4329610333947809,-1.6254772207567412,0.35978454121288317,-0.9780651048167872,0.9455018018586084,5,5,-2.0648689199135455,False,False,False,False,True,False,,False,False
2024-04-03,2024-04-02,test,test,5457,test,0.05203045685279188,4,-1.6254772207567412,test,0.42366894469167193,4,-0.19251618736196038,-1.4329610333947809,False,NONE,2024-04-03,2024-04-04,0.43412372327016635,0.7939082644830495,2.27110709057544,-0.5691452416204144,1.3440964259319945,5,5,-0.9988373101246145,False,False,False,False,True,False,,False,False
2024-04-04,2024-04-03,test,test,5458,test,0.7863755809628025,4,0.7939082644830495,test,0.640495867768595,4,0.35978454121288317,0.43412372327016635,False,NONE,2024-04-04,2024-04-05,-2.3912129091794223,-0.12010581860398244,-0.656661772243692,-0.977813944590453,0.7052446178839622,5,5,1.9570891859092558,False,False,False,False,True,False,,False,False
2024-04-05,2024-04-04,test,test,5459,test,0.4521996615905245,4,-0.12010581860398244,test,0.9884297520661157,4,2.27110709057544,-2.3912129091794223,True,NONE,2024-04-05,2024-04-08,-1.1067315258767938,-1.7633932981204858,0.5573801528152853,-1.0495812357872532,0.9231014130321196,5,5,-1.2844813833026285,False,False,False,False,False,False,,False,False
2024-04-08,2024-04-05,test,test,5460,test,0.038917089678511,4,-1.7633932981204858,test,0.25569920995959056,4,-0.656661772243692,-1.1067315258767938,True,NONE,2024-04-08,2024-04-09,-2.732637603901061,-2.1752574510857756,2.1958989969331264,-0.8040826728326154,1.0608655245262733,5,5,1.6259060780242673,False,False,False,False,False,False,,False,False
2024-04-09,2024-04-08,test,test,5461,test,0.014805414551607445,4,-2.1752574510857756,test,0.7113661385798851,4,0.5573801528152853,-2.732637603901061,False,NONE,2024-04-09,2024-04-10,-1.7767769017080037,0.4191220952251228,2.3527576615798136,-0.7702630410822386,0.887850280085028,5,5,-0.9558607021930574,False,False,False,False,True,False,,False,False
2024-04-10,2024-04-09,test,test,5462,test,0.6624365482233503,4,0.4191220952251228,test,0.9859504132231405,4,2.1958989969331264,-1.7767769017080037,True,NONE,2024-04-10,2024-04-11,-3.6021929119469576,-1.249435250367144,-0.9231519496647217,-1.2447856962398764,0.31674561351852804,5,5,1.8254160102389538,False,False,False,False,False,False,,False,False
2024-04-11,2024-04-10,test,test,5463,test,0.10575296108291032,4,-1.249435250367144,test,0.9906826128417037,4,2.3527576615798136,-3.6021929119469576,True,NONE,2024-04-11,2024-04-12,0.4442096750767382,-0.4789422745879835,0.4326222034970944,-1.3722074859397373,0.2618674360338677,5,5,-3.157983236870219,False,False,False,False,False,False,,False,False
2024-04-12,2024-04-11,test,test,5464,test,0.315989847715736,4,-0.4789422745879835,test,0.17796401263096764,4,-0.9231519496647217,0.4442096750767382,False,NONE,2024-04-12,2024-04-15,-0.968522686844391,-0.5359004833472967,1.2462007102860535,-1.0361398840646774,0.1961341650172132,5,5,0.5243130117676529,False,False,False,False,True,False,,False,False
2024-04-15,2024-04-12,test,test,5465,test,0.2960136652004186,4,-0.5359004833472967,test,0.6673553719008265,4,0.4326222034970944,-0.968522686844391,False,NONE,2024-04-15,2024-04-16,-3.2523600026199455,-2.006159292333892,1.3308227747268997,-1.4274283130780596,-0.15568687911110246,5,5,2.2838373157755543,False,False,False,False,True,False,,False,False
2024-04-16,2024-04-15,test,test,5466,test,0.02241962774957699,4,-2.006159292333892,test,0.8936546408137317,4,1.2462007102860535,-3.2523600026199455,False,NONE,2024-04-16,2024-04-17,-3.284313955289966,-1.9534911805630661,-0.5027656712526859,-1.3677580169530181,-0.2693523792859784,5,5,0.031953952670020325,False,False,False,False,True,False,,False,False
2024-04-17,2024-04-16,test,test,5467,test,0.025380710659898477,4,-1.9534911805630661,test,0.9083763338737387,4,1.3308227747268997,-3.284313955289966,False,NONE,2024-04-17,2024-04-18,-1.383778527613762,-1.886544198866448,-1.197542837088023,-1.3621939025268224,0.3015622019428076,5,5,-1.9005354276762039,False,False,False,False,True,False,,False,False
2024-04-18,2024-04-17,test,test,5468,test,0.029610829103214893,4,-1.886544198866448,test,0.3075645159338931,4,-0.5027656712526859,-1.383778527613762,False,NONE,2024-04-18,2024-04-19,2.3989385718753393,1.201395734787316,0.1039558484138221,-1.49343557785819,1.1272969469757348,5,5,1.0151600442615774,False,False,False,False,True,False,,False,False
2024-04-19,2024-04-18,test,test,5469,test,0.8852011350757514,4,1.201395734787316,test,0.11554752066115702,4,-1.197542837088023,2.3989385718753393,True,NONE,2024-04-19,2024-04-22,-2.5962984768280295,-2.492342628414207,-0.5129045103555252,-1.968576800596989,1.496328514454818,5,5,0.19735990495269018,False,False,False,False,False,False,,False,False
2024-04-22,2024-04-19,test,test,5470,test,0.006345177664974619,4,-2.492342628414207,test,0.5413978067387158,4,0.1039558484138221,-2.5962984768280295,True,NONE,2024-04-22,2024-04-23,-1.1949033013531598,-1.707807811708685,0.7624952738525198,-0.8840068944274118,2.0004586360219765,5,5,-1.4013951754748697,False,False,False,False,False,False,,False,False
2024-04-23,2024-04-22,test,test,5471,test,0.04383600456809369,4,-1.707807811708685,test,0.3040090591226955,4,-0.5129045103555252,-1.1949033013531598,False,NONE,2024-04-23,2024-04-24,-2.6881658822846077,-1.9256706084320878,2.351807234891244,-0.9591027950706039,1.4725728410869094,5,5,1.493262580931448,False,False,False,False,True,False,,False,False
2024-04-24,2024-04-23,test,test,5472,test,0.027072758037225045,4,-1.9256706084320878,test,0.7771177685950412,4,0.7624952738525198,-2.6881658822846077,False,NONE,2024-04-24,2024-04-25,-4.894559810414529,-2.5427525755232856,2.9311308880766127,0.029784377986100185,1.4393496283768261,5,5,2.2063939281299216,False,False,False,False,True,False,,False,False
2024-04-25,2024-04-24,test,test,5473,test,0.005499153976311337,4,-2.5427525755232856,test,0.9906587730451366,4,2.351807234891244,-4.894559810414529,False,IMPLIED_ONLY,2024-04-25,2024-04-26,-4.105441266983292,-1.1743103789066796,1.9491136858092395,0.6200799934479627,0.9952036521124693,5,5,-0.7891185434312371,False,True,False,False,False,False,E21_007,False,True
2024-04-26,2024-04-25,test,test,5474,test,0.12013536379018613,4,-1.1743103789066796,test,0.9983113477431659,4,2.9311308880766127,-4.105441266983292,True,NONE,2024-04-26,2024-04-29,0.9813932166244397,2.930506902433679,2.0077460974802666,0.9322147031217913,0.3889947274930259,5,5,-3.1240480503588524,False,False,False,False,False,False,,False,False
2024-04-29,2024-04-26,test,test,5475,test,0.9983079526226735,4,2.930506902433679,test,0.9743590751808744,4,1.9491136858092395,0.9813932166244397,True,NONE,2024-04-29,2024-04-30,-4.091033412404912,-2.083287314924646,-1.876933700822815,0.3072744480254147,-0.2792631030285014,5,5,3.1096401957804725,False,False,False,False,False,False,,False,False
2024-04-30,2024-04-29,test,test,5476,test,0.018612521150592216,4,-2.083287314924646,test,0.9776648603048415,4,2.0077460974802666,-4.091033412404912,False,IMPLIED_ONLY,2024-04-30,2024-05-01,4.895698957674248,3.0187652568514327,2.1856911713408267,0.8079497775439419,-0.05948322025618278,5,5,0.8046655452693354,False,True,False,False,False,False,E21_008,False,True
2024-05-01,2024-04-30,test,test,5477,test,0.998730964467005,4,3.0187652568514327,test,0.030263590608824963,4,-1.876933700822815,4.895698957674248,True,NONE,2024-05-01,2024-05-02,-1.7769656695547997,0.40872550178602696,0.7104010067548284,-0.042029346111048846,-0.5182585172613103,5,5,-3.118733288119448,False,False,False,False,False,False,,False,False
2024-05-02,2024-05-01,test,test,5478,test,0.6586294416243654,4,0.40872550178602696,test,0.9855808963763509,4,2.1856911713408267,-1.7769656695547997,True,NONE,2024-05-02,2024-05-03,-0.32403783729236585,0.3863631694624626,-1.081930937287977,-0.2787357055583836,-0.7141315693757653,5,5,-1.452927832262434,False,False,False,False,False,False,,False,False
2024-05-03,2024-05-02,test,test,5479,test,0.6503861385278753,4,0.3863631694624626,test,0.7612722504767959,4,0.7104010067548284,-0.32403783729236585,True,NONE,2024-05-03,2024-05-06,0.8877365642397742,-0.1941943730482029,-1.3335430551273697,-0.5276190315113883,-0.7480401375661762,5,5,0.5636987269474083,False,False,False,False,False,False,,False,False
2024-05-06,2024-05-03,test,test,5480,test,0.4230118443316413,4,-0.1941943730482029,test,0.13964160839160839,4,-1.081930937287977,0.8877365642397742,True,NONE,2024-05-06,2024-05-07,1.7536323877953601,0.42008933266799037,-0.7780342869612221,-0.6552381309822273,-0.3383594905466262,5,5,0.8658958235555859,False,False,False,False,False,False,,False,False
2024-05-07,2024-05-06,test,test,5481,test,0.6627899024286452,4,0.42008933266799037,test,0.09117682804769939,4,-1.3335430551273697,1.7536323877953601,False,NONE,2024-05-07,2024-05-08,-0.45309607446229905,-1.2311303614235212,-0.10818531368481106,-0.9519150583018126,0.36585757597270674,5,5,-1.300536313333061,False,False,False,False,True,False,,False,False
2024-05-08,2024-05-07,test,test,5482,test,0.10913705583756345,4,-1.2311303614235212,test,0.21827440018301925,4,-0.7780342869612221,-0.45309607446229905,False,NONE,2024-05-08,2024-05-09,-0.666620981765836,-0.774806295450647,-0.26896425381744626,-0.5386305785096697,0.22342137519087196,5,5,0.2135249073035369,False,False,False,False,True,False,,False,False
2024-05-09,2024-05-08,test,test,5483,test,0.21922706436293476,4,-0.774806295450647,test,0.45692434727901854,4,-0.10818531368481106,-0.666620981765836,False,NONE,2024-05-09,2024-05-10,-0.5890892064851149,-0.8580534603025611,-1.2514737782400318,-0.05857387526819191,0.18028190368861163,5,5,-0.07753177528072108,False,False,False,False,True,False,,False,False
2024-05-10,2024-05-09,test,test,5484,test,0.19543147208121825,4,-0.8580534603025611,test,0.39397859532728985,4,-0.26896425381744626,-0.5890892064851149,False,NONE,2024-05-10,2024-05-13,0.4191839078376347,-0.8322898704023971,0.7148601799703804,0.08880203753635095,0.2787271188315989,5,5,-0.16990529864748016,False,False,False,False,True,False,,False,False
2024-05-13,2024-05-10,test,test,5485,test,0.20262267343485618,4,-0.8322898704023971,test,0.1053808373130487,4,-1.2514737782400318,0.4191839078376347,False,NONE,2024-05-13,2024-05-14,-1.7781554839003173,-1.0632953039299369,2.7430510456354424,0.1826334592693155,0.23087257857190097,5,5,1.3589715760626826,False,False,False,False,True,False,,False,False
2024-05-14,2024-05-13,test,test,5486,test,0.14382402707275804,4,-1.0632953039299369,test,0.7626522777317052,4,0.7148601799703804,-1.7781554839003173,False,NONE,2024-05-14,2024-05-15,-1.9077590080982485,0.8352920375371939,-0.820366317593985,0.20781598904529205,-0.33975146564978725,5,5,0.1296035241979312,False,False,False,False,True,False,,False,False
2024-05-15,2024-05-14,test,test,5487,test,0.7982233502538071,4,0.8352920375371939,test,0.99695643888983,4,2.7430510456354424,-1.9077590080982485,True,NONE,2024-05-15,2024-05-16,2.4458435383507267,1.6254772207567418,-0.4846616113287477,-0.18345205969145323,-0.15123342149133345,5,5,0.5380845302524782,False,False,False,False,False,False,,False,False
2024-05-16,2024-05-15,test,test,5488,test,0.9479695431472082,4,1.6254772207567418,test,0.2060036554354736,4,-0.820366317593985,2.4458435383507267,True,NONE,2024-05-16,2024-05-17,0.36348771504890065,-0.12117389627984705,-0.7592477025250962,-0.4640738144890645,-0.0898337097474391,5,5,-2.082355823301826,False,False,False,False,False,False,,False,False
2024-05-17,2024-05-16,test,test,5489,test,0.4517766497461929,4,-0.12117389627984705,test,0.3139582008900191,4,-0.4846616113287477,0.36348771504890065,True,NONE,2024-05-17,2024-05-20,0.3961149407875219,-0.3631327617375743,0.4755874786718914,-0.9104794304468233,0.13025742075540545,5,5,0.03262722573862126,False,False,False,False,False,False,,False,False
2024-05-20,2024-05-17,test,test,5490,test,0.35825285614412944,4,-0.3631327617375743,test,0.22385219766078526,4,-0.7592477025250962,0.3961149407875219,False,NONE,2024-05-20,2024-05-21,-1.4129701337219451,-0.9373826550500538,-0.11006917547299878,-1.150188303724437,0.1917903670180361,5,5,1.0168551929344232,False,False,False,False,True,False,,False,False
2024-05-21,2024-05-20,test,test,5491,test,0.1742808798646362,4,-0.9373826550500538,test,0.6828158511824759,4,0.4755874786718914,-1.4129701337219451,False,NONE,2024-05-21,2024-05-22,-1.010979030673534,-1.1210482061465328,0.122223903198284,-1.0802896587872235,0.3712859970316342,5,5,-0.4019911030484111,False,False,False,False,True,False,,False,False
2024-05-22,2024-05-21,test,test,5492,test,0.13113367174280882,4,-1.1210482061465328,test,0.4561772569990563,4,-0.11006917547299878,-1.010979030673534,False,NONE,2024-05-22,2024-05-23,0.10014454357040148,0.22236844676868547,-0.17766305260927584,-0.9851771455654303,0.5125233324937895,5,5,-0.9108344871031325,False,False,False,False,True,False,,False,False
2024-05-23,2024-05-22,test,test,5493,test,0.5879864636209813,4,0.22236844676868547,test,0.5486391518201836,4,0.122223903198284,0.10014454357040148,False,NONE,2024-05-23,2024-05-24,-2.1755389234593654,-2.3532019760686413,0.3412079499891265,-0.8296320412542812,0.785738404057103,5,5,2.075394379888964,False,False,False,False,True,False,,False,False
2024-05-24,2024-05-23,test,test,5494,test,0.009306260575296108,4,-2.3532019760686413,test,0.4294938016528926,4,-0.17766305260927584,-2.1755389234593654,True,NONE,2024-05-24,2024-05-27,-1.9028850781147681,-1.5616771281256416,0.7832522099850445,-0.10392971497706208,0.4975270219806765,5,5,-0.27265384534459725,False,False,False,False,False,False,,False,False
2024-05-27,2024-05-24,test,test,5495,test,0.059182034770198545,4,-1.5616771281256416,test,0.6335264805971004,4,0.3412079499891265,-1.9028850781147681,True,NONE,2024-05-27,2024-05-28,-1.3711416403490322,-0.5878894303639876,0.7874089745949917,0.47795144364903114,0.5420668512330453,5,5,-0.531743437765736,False,False,False,False,False,False,,False,False
2024-05-28,2024-05-27,test,test,5496,test,0.2783032557075841,4,-0.5878894303639876,test,0.7832604895104895,4,0.7832522099850445,-1.3711416403490322,False,NONE,2024-05-28,2024-05-29,-1.4328946146325583,-0.6454856400375667,0.8284105805090601,0.9043866462539611,0.7872595364700657,5,5,0.06175297428352611,False,False,False,False,True,False,,False,False
2024-05-29,2024-05-28,test,test,5497,test,0.2593062605752961,4,-0.6454856400375667,test,0.7844787526094541,4,0.7874089745949917,-1.4328946146325583,False,NONE,2024-05-29,2024-05-30,0.1716833878153704,1.0000939683244305,1.1884123052072921,1.2726253935610476,0.7665308016434026,5,5,-1.261211226817188,False,False,False,False,True,False,,False,False
2024-05-30,2024-05-29,test,test,5498,test,0.8413674825837809,4,1.0000939683244305,test,0.7962809917355371,4,0.8284105805090601,0.1716833878153704,False,NONE,2024-05-30,2024-05-31,0.08689735011016309,1.2753096553174552,-1.0998489603930055,1.1416001958240845,0.9260474806153474,5,5,-0.08478603770520732,False,False,False,False,True,False,,False,False
2024-05-31,2024-05-30,test,test,5499,test,0.8989001692047378,4,1.2753096553174552,test,0.8826644945963128,4,1.1884123052072921,0.08689735011016309,False,NONE,2024-05-31,2024-06-03,2.4475776253978294,1.3477286650048241,1.0059513562468885,1.235793820691797,1.0790515278511006,5,5,2.3606802752876663,False,False,False,False,True,False,,False,False
2024-06-03,2024-05-31,test,test,5500,test,0.9111271655383939,4,1.3477286650048241,test,0.13569896798703027,4,-1.0998489603930055,2.4475776253978294,False,NONE,2024-06-03,2024-06-04,0.5383352264137735,1.544286582660662,2.0133724007800935,0.5850995334352097,0.8204656731210586,5,5,-1.909242398984056,False,False,False,False,True,False,,False,False
2024-06-04,2024-06-03,test,test,5501,test,0.9387405392261163,4,1.544286582660662,test,0.8427805149396059,4,1.0059513562468885,0.5383352264137735,False,NONE,2024-06-04,2024-06-05,-0.8176643042822267,1.1957080964978668,0.7247669063757446,0.3320288312254075,0.8806151331873746,5,5,0.2793290778684532,False,False,False,False,True,False,,False,False
2024-06-05,2024-06-04,test,test,5502,test,0.8840947546531303,4,1.1957080964978668,test,0.97796226657897,4,2.0133724007800935,-0.8176643042822267,False,NONE,2024-06-05,2024-06-06,-0.37979892673613014,0.34496797963961445,1.9859957000670152,0.48502486697299513,0.5724609494617595,5,5,-0.43786537754609656,False,False,False,True,False,False,,False,False
2024-06-06,2024-06-05,test,test,5503,test,0.6349407783417935,4,0.34496797963961445,test,0.765702479338843,4,0.7247669063757446,-0.37979892673613014,False,NONE,2024-06-06,2024-06-07,-0.23971792041099604,1.7462777796560192,-0.3348287242142389,0.2499816732603942,0.6510800900928493,5,5,-0.1400810063251341,False,False,False,False,True,False,,False,False
2024-06-07,2024-06-06,test,test,5504,test,0.9596186524702589,4,1.7462777796560192,test,0.9764830993165375,4,1.9859957000670152,-0.23971792041099604,True,NONE,2024-06-07,2024-06-10,-1.5709140470638745,-1.9057427712781134,-0.28697791740332196,-0.13984305792888277,0.48966979387643284,5,5,1.3311961266528785,False,False,False,False,False,False,,False,False
2024-06-10,2024-06-07,test,test,5505,test,0.028341793570219966,4,-1.9057427712781134,test,0.36887714558169105,4,-0.3348287242142389,-1.5709140470638745,True,NONE,2024-06-10,2024-06-11,0.5659109890149722,0.2789330716116502,2.3141197011116743,-0.02160325530526199,0.132667536691575,5,5,-1.0050030580489024,False,False,False,False,False,False,,False,False
2024-06-11,2024-06-10,test,test,5506,test,0.6098519060501187,4,0.2789330716116502,test,0.3870646143727301,4,-0.28697791740332196,0.5659109890149722,True,NONE,2024-06-11,2024-06-12,-0.3534314258758693,1.960688275235805,-0.816004012252331,-0.053430373376102534,-0.5259617579839992,5,5,-0.21247956313910288,False,False,False,False,False,False,,False,False
2024-06-12,2024-06-11,test,test,5507,test,0.9750423011844331,4,1.960688275235805,test,0.9896694214876033,4,2.3141197011116743,-0.3534314258758693,True,NONE,2024-06-12,2024-06-13,-0.014243976671058811,-0.8302479889233898,2.3790914032224637,-0.7895504794092194,-0.3060221692992919,5,5,-0.3391874492048105,False,False,False,False,False,False,,False,False
2024-06-13,2024-06-12,test,test,5508,test,0.20319929394293357,4,-0.8302479889233898,test,0.20724892047241844,4,-0.816004012252331,-0.014243976671058811,True,NONE,2024-06-13,2024-06-14,-2.5819372795128297,-0.20284587629036588,-1.1418802052963208,-0.768973004178748,-0.5897960256432608,5,5,2.567693302841771,False,False,False,False,False,False,,False,False
2024-06-14,2024-06-13,test,test,5509,test,0.4196277495769882,4,-0.20284587629036588,test,0.9913223140495868,4,2.3790914032224637,-2.5819372795128297,True,NONE,2024-06-14,2024-06-17,-0.17266355286368862,-1.3145437581600095,-2.071989203327611,-0.5171686088495538,-0.05758046555031364,5,5,-2.409273726649141,False,False,False,False,False,False,,False,False
2024-06-17,2024-06-14,test,test,5510,test,0.094331641285956,4,-1.3145437581600095,test,0.12675190883353826,4,-1.1418802052963208,-0.17266355286368862,True,NONE,2024-06-17,2024-06-18,2.1917866845850584,0.11979748125744744,-0.9790267722661968,-0.4317677630149362,0.6991646328274026,5,5,2.01912313172137,False,False,False,False,False,False,,False,False
2024-06-18,2024-06-17,test,test,5511,test,0.5476782113799956,4,0.11979748125744744,test,0.019133224042393593,4,-2.071989203327611,2.1917866845850584,False,NONE,2024-06-18,2024-06-19,-0.7408854826635826,-1.7199122549297794,0.2836939311712056,-0.6614239355259224,0.7573559112078556,5,5,-1.450901201921476,False,False,False,False,True,False,,False,False
2024-06-19,2024-06-18,test,test,5512,test,0.04272419627749577,4,-1.7199122549297794,test,0.16378337571519389,4,-0.9790267722661968,-0.7408854826635826,False,NONE,2024-06-19,2024-06-20,-1.0110545439422383,-0.7273606127710326,0.9602221215026189,-0.43123623801009525,1.1450757299842604,5,5,0.2701690612786557,False,False,False,False,True,False,,False,False
2024-06-20,2024-06-19,test,test,5513,test,0.233502538071066,4,-0.7273606127710326,test,0.6116775270184361,4,0.2836939311712056,-1.0110545439422383,False,NONE,2024-06-20,2024-06-21,0.09595397885298607,1.056176100355605,1.5191975951684153,-0.6446332188992727,1.132337291525089,5,5,-0.9151005650892522,False,False,False,False,True,False,,False,False
2024-06-21,2024-06-20,test,test,5514,test,0.8545561161940078,4,1.056176100355605,test,0.8315282821927994,4,0.9602221215026189,0.09595397885298607,True,NONE,2024-06-21,2024-06-24,-2.4067371241553364,-0.887539528986921,1.7117362885609697,-0.7775694628675872,0.9090859102215848,5,5,2.3107831453023504,False,False,False,False,False,False,,False,False
2024-06-24,2024-06-21,test,test,5515,test,0.1873942470389171,4,-0.887539528986921,test,0.9356436167638589,4,1.5191975951684153,-2.4067371241553364,True,NONE,2024-06-24,2024-06-25,-2.7402196698584538,-1.028483381297484,-0.688070380363932,-0.8104944080071304,0.7654036365674024,5,5,0.3334825457031174,False,False,False,False,False,False,,False,False
2024-06-25,2024-06-24,test,test,5516,test,0.15186125211505921,4,-1.028483381297484,test,0.9565273610472572,4,1.7117362885609697,-2.7402196698584538,False,NONE,2024-06-25,2024-06-26,0.11909661301328844,-0.5689737673506435,2.22229302505323,-1.075438126961362,0.8799101039824064,5,5,-2.6211230568451653,False,False,False,True,False,False,,False,False
2024-06-26,2024-06-25,test,test,5517,test,0.2846869712351946,4,-0.5689737673506435,test,0.24570423089021703,4,-0.688070380363932,0.11909661301328844,False,NONE,2024-06-26,2024-06-27,-4.016638542270149,-1.7943455172169198,0.8965299292067633,-1.0106939646561164,0.09155795822482463,5,5,3.8975419292568607,False,False,False,False,True,False,,False,False
2024-06-27,2024-06-26,test,test,5518,test,0.03637901861252115,4,-1.7943455172169198,test,0.9868682453909727,4,2.22229302505323,-4.016638542270149,False,IMPLIED_ONLY,2024-06-27,2024-06-28,-0.5050350486927302,0.3914948805140331,0.4029406886508924,-0.7499985609388156,0.3444869869579965,5,5,-3.511603493577419,False,True,False,False,False,False,E21_009,False,True
2024-06-28,2024-06-27,test,test,5519,test,0.6522842639593909,4,0.3914948805140331,test,0.8150150985378258,4,0.8965299292067633,-0.5050350486927302,False,NONE,2024-06-28,2024-07-01,-1.45510494333553,-1.0521642546846377,0.9933249202900585,-0.7529664755041912,0.11849185207315036,5,5,0.9500698946427999,False,False,False,False,True,False,,False,False
2024-07-01,2024-06-28,test,test,5520,test,0.14636209813874787,4,-1.0521642546846377,test,0.6565040711883272,4,0.4029406886508924,-1.45510494333553,False,NONE,2024-07-01,2024-07-02,-3.3465268963587,-2.3532019760686413,-0.1155380432889121,-0.5195801325363885,-0.09364650344962523,5,5,1.89142195302317,False,False,False,False,True,False,,False,False
2024-07-02,2024-07-01,test,test,5521,test,0.009306260575296108,4,-2.3532019760686413,test,0.8397241815278147,4,0.9933249202900585,-3.3465268963587,False,NONE,2024-07-02,2024-07-03,-0.12971491253550466,-0.24525295582441675,-1.7194677037346788,-0.14235649501758138,-0.10771183654784947,5,5,-3.216811983823195,False,False,False,False,True,False,,False,False
2024-07-03,2024-07-02,test,test,5522,test,0.40313028764805414,4,-0.24525295582441675,test,0.454009334091514,4,-0.1155380432889121,-0.12971491253550466,False,NONE,2024-07-03,2024-07-04,1.2285992051042638,-0.49086849863041504,2.1611750728726227,-0.31126478331862983,0.7029491011967732,5,5,1.0988842925687592,False,False,False,False,True,False,,False,False
2024-07-04,2024-07-03,test,test,5523,test,0.31175972927241963,4,-0.49086849863041504,test,0.042764621741894465,4,-1.7194677037346788,1.2285992051042638,False,NONE,2024-07-04,2024-07-05,-1.7845197651854683,0.37665530768715433,-0.7270349857733384,0.3906619677777397,0.6585894044424682,5,5,0.5559205600812045,False,False,False,False,True,False,,False,False
2024-07-05,2024-07-04,test,test,5524,test,0.6467851099830795,4,0.37665530768715433,test,0.9846590909090909,4,2.1611750728726227,-1.7845197651854683,True,NONE,2024-07-05,2024-07-08,0.8418024459277149,0.1147674601543766,-0.06736685732381947,0.6498353583529093,1.0528444461492927,5,5,-0.9427173192577534,False,False,False,False,False,False,,False,False
2024-07-08,2024-07-05,test,test,5525,test,0.5456852791878173,4,0.1147674601543766,test,0.2336022620034888,4,-0.7270349857733384,0.8418024459277149,True,NONE,2024-07-08,2024-07-09,-0.39971693115078655,-0.467083788474606,-0.18586470878003328,0.3400576768961897,1.2030466589322404,5,5,-0.44208551477692837,False,False,False,False,False,False,,False,False
2024-07-09,2024-07-08,test,test,5526,test,0.32021996615905246,4,-0.467083788474606,test,0.4731448266266605,4,-0.06736685732381947,-0.39971693115078655,False,NONE,2024-07-09,2024-07-10,-0.9039296885496259,-1.089794397329659,2.3338369849884346,0.3100714983868923,0.9540150629247636,5,5,0.5042127573988393,False,False,False,False,True,False,,False,False
2024-07-10,2024-07-09,test,test,5527,test,0.13790186125211507,4,-1.089794397329659,test,0.4262754291163382,4,-0.18586470878003328,-0.9039296885496259,False,NONE,2024-07-10,2024-07-11,0.6849282718629981,3.0187652568514327,1.939376589101097,0.9777606469087956,0.9004169672549104,5,5,-0.21900141668662776,False,False,False,False,True,False,,False,False
2024-07-11,2024-07-10,test,test,5528,test,0.998730964467005,4,3.0187652568514327,test,0.9901978703115066,4,2.3338369849884346,0.6849282718629981,True,NONE,2024-07-11,2024-07-12,-0.2668543285380949,1.6725222605630021,1.2442402227607856,0.3978151711237271,0.45909208576312965,5,5,-0.4180739433249032,False,False,False,False,False,False,,False,False
2024-07-12,2024-07-11,test,test,5529,test,0.9527893089817464,4,1.6725222605630021,test,0.9737722504767959,4,1.939376589101097,-0.2668543285380949,True,NONE,2024-07-12,2024-07-15,-2.6783611698900067,-1.4341209471292213,0.683644206590919,0.10843677150180171,0.12711105571984832,5,5,2.411506841351912,False,False,False,False,False,False,,False,False
2024-07-15,2024-07-12,test,test,5530,test,0.07576887559181854,4,-1.4341209471292213,test,0.8932944179130087,4,1.2442402227607856,-2.6783611698900067,False,NONE,2024-07-15,2024-07-16,-1.3006588876120118,-0.6170146810210928,-1.4310226888174178,0.5960857133574464,0.15605590869698846,5,5,-1.377702282277995,False,False,False,False,True,False,,False,False
2024-07-16,2024-07-15,test,test,5531,test,0.2686125211505922,4,-0.6170146810210928,test,0.7529000686322171,4,0.683644206590919,-1.3006588876120118,False,NONE,2024-07-16,2024-07-17,3.6796740340972756,2.2486513452798578,2.065846506639169,0.8115573587887642,0.6901638102789935,5,5,2.379015146485264,False,False,False,False,True,False,,False,False
2024-07-17,2024-07-16,test,test,5532,test,0.9877326565143825,4,2.2486513452798578,test,0.07621185632549268,4,-1.4310226888174178,3.6796740340972756,False,REALISED_ONLY,2024-07-17,2024-07-18,-1.9468086287130792,0.11903787792608977,-0.26724781835780775,0.6227363536412861,0.5535428258553289,5,5,-1.7328654053841963,True,False,False,False,False,False,E21_010,False,True
2024-07-18,2024-07-17,test,test,5533,test,0.5473773265651438,4,0.11903787792608977,test,0.9805785123966942,4,2.065846506639169,-1.9468086287130792,False,NONE,2024-07-18,2024-07-19,0.4928780808111831,0.22563026245337536,-0.4156649274556207,1.001759836662319,0.8925886929015402,5,5,-1.453930547901896,False,False,False,True,False,False,,False,False
2024-07-19,2024-07-18,test,test,5534,test,0.5892554991539762,4,0.22563026245337536,test,0.3946391804169407,4,-0.26724781835780775,0.4928780808111831,True,NONE,2024-07-19,2024-07-22,1.419788689604623,1.0041237621490022,0.8283684714766197,1.047456746558519,1.10434892931251,5,5,0.9269106087934399,False,False,False,False,False,False,,False,False
2024-07-22,2024-07-19,test,test,5535,test,0.8423405183831032,4,1.0041237621490022,test,0.33882760444965543,4,-0.4156649274556207,1.419788689604623,True,NONE,2024-07-22,2024-07-23,-0.36802492534112363,0.4603435461354961,1.2395168190926076,0.754160230676715,1.115414744690197,5,5,-1.0517637642634994,False,False,False,False,False,False,,False,False
2024-07-23,2024-07-22,test,test,5536,test,0.6773651753780329,4,0.4603435461354961,test,0.7962690718372536,4,0.8283684714766197,-0.36802492534112363,False,NONE,2024-07-23,2024-07-24,0.06502950044985933,1.304546319542467,1.3827415845208457,0.960102491876544,1.4090188065527143,5,5,-0.3029954248912643,False,False,False,False,True,False,,False,False
2024-07-24,2024-07-23,test,test,5537,test,0.9039763113367174,4,1.304546319542467,test,0.8924229179910999,4,1.2395168190926076,0.06502950044985933,False,NONE,2024-07-24,2024-07-25,0.6314137085104083,2.014155293031254,1.427981516873249,0.9725182714557408,1.209205599575569,5,5,0.566384208060549,False,False,False,False,True,False,,False,False
2024-07-25,2024-07-24,test,test,5538,test,0.9780033840947546,4,2.014155293031254,test,0.9166279418913895,4,1.3827415845208457,0.6314137085104083,False,NONE,2024-07-25,2024-07-26,-0.9738667049388738,0.45411481193437525,0.6431362545992272,0.6714652774863314,1.2004599949603532,5,5,0.3424529964284655,False,False,True,False,False,False,,False,False
2024-07-26,2024-07-25,test,test,5539,test,0.6751269035532994,4,0.45411481193437525,test,0.9233514107000267,4,1.427981516873249,-0.9738667049388738,False,NONE,2024-07-26,2024-07-29,-1.1054950718592453,-0.4623588172600181,0.883697548365055,0.8545079049988343,1.3096704749870551,5,5,0.1316283669203715,False,False,False,False,True,False,,False,False
2024-07-29,2024-07-26,test,test,5540,test,0.321912013536379,4,-0.4623588172600181,test,0.7399321541937145,4,0.6431362545992272,-1.1054950718592453,False,NONE,2024-07-29,2024-07-30,0.6063573037695861,1.490054852134641,2.7075371284051943,1.3734086791360973,1.6260630251296295,5,5,-0.49913776808965926,False,False,False,False,True,False,,False,False
2024-07-30,2024-07-29,test,test,5541,test,0.9318950930626058,4,1.490054852134641,test,0.8115702479338843,4,0.883697548365055,0.6063573037695861,False,NONE,2024-07-30,2024-07-31,-1.3409119109667431,1.3666252174384512,0.3836755496351211,1.1283918186981394,1.3034552602586398,5,5,0.734554607197157,False,False,False,False,True,False,,False,False
2024-07-31,2024-07-30,test,test,5542,test,0.9141285956006768,4,1.3666252174384512,test,0.9966107755880483,4,2.7075371284051943,-1.3409119109667431,True,NONE,2024-07-31,2024-08-01,0.12521477354908644,0.5088903231842076,1.3842534937971698,1.1115700353205895,1.254095410670174,5,5,-1.2156971374176566,False,False,False,False,False,False,,False,False
2024-08-01,2024-07-31,test,test,5543,test,0.694585448392555,4,0.5088903231842076,test,0.649390531613715,4,0.3836755496351211,0.12521477354908644,True,NONE,2024-08-01,2024-08-02,-0.014925544300279814,1.36932794949689,1.1891886547327362,0.8919849016212197,0.8293989064011494,5,5,-0.11028922924880663,False,False,False,False,False,False,,False,False
2024-08-02,2024-08-01,test,test,5544,test,0.9145516074450084,4,1.36932794949689,test,0.9168595756241242,4,1.3842534937971698,-0.014925544300279814,True,NONE,2024-08-02,2024-08-05,0.9429563986935605,2.1321450534262967,2.4656602990779257,0.455528240517436,0.5485715322218638,5,5,0.9280308543932807,False,False,False,False,False,False,,False,False
2024-08-05,2024-08-02,test,test,5545,test,0.983502538071066,4,2.1321450534262967,test,0.8828172810203323,4,1.1891886547327362,0.9429563986935605,True,NONE,2024-08-05,2024-08-06,-2.2006897491330744,0.2649705499448512,1.0944983040502465,-0.21488000828373668,0.19015772158703195,5,5,1.2577333504395138,False,False,False,False,False,False,,False,False
2024-08-06,2024-08-05,test,test,5546,test,0.6044839255499154,4,0.2649705499448512,test,0.993161951684679,4,2.4656602990779257,-2.2006897491330744,False,NONE,2024-08-06,2024-08-07,0.1880179965004558,1.2825163005507023,0.13687630169279247,-0.38266760245108883,0.35335571266905585,5,5,-2.0126717526326185,False,False,False,True,False,False,,False,False
2024-08-07,2024-08-06,test,test,5547,test,0.9001692047377327,4,1.2825163005507023,test,0.8631317546090274,4,1.0944983040502465,0.1880179965004558,False,NONE,2024-08-07,2024-08-08,-0.7259116470054339,-0.5890353453126415,-0.7392290275479533,-0.7512246216790855,0.2909399183817608,5,5,0.5378936505049781,False,False,False,False,True,False,,False,False
2024-08-08,2024-08-07,test,test,5548,test,0.27791878172588835,4,-0.5890353453126415,test,0.5544357144899769,4,0.13687630169279247,-0.7259116470054339,False,NONE,2024-08-08,2024-08-09,-0.07372632847407534,-0.8129553560220286,-0.2149482161636926,-0.2598141926211306,0.14578202234127055,5,5,-0.6521853185313585,False,False,False,False,True,False,,False,False
2024-08-09,2024-08-08,test,test,5549,test,0.20812182741116753,4,-0.8129553560220286,test,0.22988396865795419,4,-0.7392290275479533,-0.07372632847407534,False,NONE,2024-08-09,2024-08-12,-1.0049479744158742,-1.2198961905795669,0.6735912459037666,-0.1342127034138932,0.2582031446745975,5,5,0.9312216459417989,False,False,False,False,True,False,,False,False
2024-08-12,2024-08-09,test,test,5550,test,0.11125211505922167,4,-1.2198961905795669,test,0.4149038461538461,4,-0.2149482161636926,-1.0049479744158742,False,NONE,2024-08-12,2024-08-13,-1.2475586667956762,-0.5739674208919094,1.910488259460366,0.48216275664709557,0.4041565542228113,5,5,0.24261069237980193,False,False,False,False,True,False,,False,False
2024-08-13,2024-08-12,test,test,5551,test,0.282994923857868,4,-0.5739674208919094,test,0.7497143898881866,4,0.6735912459037666,-1.2475586667956762,False,NONE,2024-08-13,2024-08-14,-2.470757055049648,-0.5602687955892817,-0.17520266974368265,0.7175494423250529,0.3255983297680644,5,5,1.2231983882539716,False,False,False,False,True,False,,False,False
2024-08-14,2024-08-13,test,test,5552,test,0.2876480541455161,4,-0.5602687955892817,test,0.9719648116903543,4,1.910488259460366,-2.470757055049648,True,NONE,2024-08-14,2024-08-15,2.0432194697208166,1.8680167999771338,-1.4650185077504043,0.7051725041060963,0.5653550732020989,5,5,-0.42753758532883124,False,False,False,False,False,False,,False,False
2024-08-15,2024-08-14,test,test,5553,test,0.9691201353637902,4,1.8680167999771338,test,0.43046019331407814,4,-0.17520266974368265,2.0432194697208166,True,NONE,2024-08-15,2024-08-16,1.2800705977645626,-0.18494790998584174,0.347157395502942,0.31500903926437324,1.0182568024031515,5,5,-0.763148871956254,False,False,False,False,False,False,,False,False
2024-08-16,2024-08-15,test,test,5554,test,0.4266349462062098,4,-0.18494790998584174,test,0.0714579341702651,4,-1.4650185077504043,1.2800705977645626,True,NONE,2024-08-16,2024-08-19,1.5148237142224352,1.8619811097253771,1.4033582936448354,0.630821825504769,0.9254006814906968,5,5,0.23475311645787267,False,False,False,False,False,False,,False,False
2024-08-19,2024-08-16,test,test,5555,test,0.9686971235194586,4,1.8619811097253771,test,0.6357634619234178,4,0.347157395502942,1.5148237142224352,False,NONE,2024-08-19,2024-08-20,-0.8003922861469582,0.6029660074978772,1.5176971371866315,0.2478172969206327,0.7380444165154941,5,5,-0.714431428075477,False,False,True,False,False,False,,False,False
2024-08-20,2024-08-19,test,test,5556,test,0.7267343485617597,4,0.6029660074978772,test,0.9197449884183133,4,1.4033582936448354,-0.8003922861469582,False,NONE,2024-08-20,2024-08-21,-2.139850623870696,-0.6221534866840646,1.02358104742649,-0.03243332822414526,0.5263482983273557,5,5,1.339458337723738,False,False,False,False,True,False,,False,False
2024-08-21,2024-08-20,test,test,5557,test,0.26692047377326567,4,-0.6221534866840646,test,0.9354546169464383,4,1.5176971371866315,-2.139850623870696,False,NONE,2024-08-21,2024-08-22,-1.106381571657972,-0.08280052423148203,0.7994901382548584,0.06605264904833544,0.49487902017123897,5,5,-1.0334690522127241,False,False,False,False,True,False,,False,False
2024-08-22,2024-08-21,test,test,5558,test,0.46700507614213194,4,-0.08280052423148203,test,0.8469833995824874,4,1.02358104742649,-1.106381571657972,False,NONE,2024-08-22,2024-08-23,0.5946258829612786,1.394116021216137,-0.11712320905933193,0.21777705584342452,0.3908160675307558,5,5,-0.5117556886966933,False,False,False,False,True,False,,False,False
2024-08-23,2024-08-22,test,test,5559,test,0.9183587140439933,4,1.394116021216137,test,0.7879968686550944,4,0.7994901382548584,0.5946258829612786,True,NONE,2024-08-23,2024-08-26,0.06408167586402787,-0.053041533195304066,0.466576968768823,-0.23918379594806152,0.22030600088587088,5,5,-0.5305442070972507,False,False,False,False,False,False,,False,False
2024-08-26,2024-08-23,test,test,5560,test,0.4788494077834179,4,-0.053041533195304066,test,0.4533812090708914,4,-0.11712320905933193,0.06408167586402787,True,NONE,2024-08-26,2024-08-27,-1.2648640869948358,-0.7982871182260127,0.45921654624593955,-0.18562215494281936,0.13251382643747958,5,5,1.2007824111308079,False,False,False,False,False,False,,False,False
2024-08-27,2024-08-26,test,test,5561,test,0.21235194585448391,4,-0.7982871182260127,test,0.679598716005605,4,0.466576968768823,-1.2648640869948358,False,NONE,2024-08-27,2024-08-28,-0.5889401465676005,-0.12972360032166103,0.8662346566459063,0.2855879529170683,0.3230050183098093,5,5,-0.6759239404272352,False,False,False,False,True,False,,False,False
2024-08-28,2024-08-27,test,test,5562,test,0.44839255499153974,4,-0.12972360032166103,test,0.6769606651605709,4,0.45921654624593955,-0.5889401465676005,False,NONE,2024-08-28,2024-08-29,-0.19041314690194278,0.6758215097439635,0.2791753750524423,0.48040149021032735,0.44979202833143567,5,5,-0.39852699966565774,False,False,False,False,True,False,,False,False
2024-08-29,2024-08-28,test,test,5563,test,0.7504230118443316,4,0.6758215097439635,test,0.8068192541965742,4,0.8662346566459063,-0.19041314690194278,False,NONE,2024-08-29,2024-08-30,-1.1698636127937356,-0.8906882377412932,-0.9696735422837566,0.5865602272283482,0.9277216706002195,5,5,0.9794504658917929,False,False,False,False,True,False,,False,False
2024-08-30,2024-08-29,test,test,5564,test,0.18654822335025378,4,-0.8906882377412932,test,0.6099448797506363,4,0.2791753750524423,-1.1698636127937356,False,NONE,2024-08-30,2024-09-02,1.1844402141146633,0.21476667183090664,0.02761609652686636,0.7862975754674786,1.4159798166123898,5,5,0.01457660132092764,False,False,False,False,True,False,,False,False
2024-09-02,2024-08-30,test,test,5565,test,0.5850253807106599,4,0.21476667183090664,test,0.16610462123595185,4,-0.9696735422837566,1.1844402141146633,False,NONE,2024-09-02,2024-09-03,1.530147324546559,1.5577634210734255,1.4116725056075883,0.594256571363305,1.0833835079395264,5,5,0.34570711043189584,False,False,False,False,True,False,,False,False
2024-09-03,2024-09-02,test,test,5566,test,0.9403553299492385,4,1.5577634210734255,test,0.5110158283050702,4,0.02761609652686636,1.530147324546559,False,NONE,2024-09-03,2024-09-04,-0.5673284194629541,0.8443440861446342,1.500169706754038,0.38860733160480665,1.1519467642288388,5,5,-0.962818905083605,False,False,False,False,True,False,,False,False
2024-09-04,2024-09-03,test,test,5567,test,0.8007614213197969,4,0.8443440861446342,test,0.9209767937315908,4,1.4116725056075883,-0.5673284194629541,False,NONE,2024-09-04,2024-09-05,-0.2935545119199703,1.2066151948340678,2.668823586396361,0.3880023302909253,0.788998334290353,5,5,-0.2737739075429838,False,False,False,False,True,False,,False,False
2024-09-05,2024-09-04,test,test,5568,test,0.8862098138747885,4,1.2066151948340678,test,0.9332147759444079,4,1.500169706754038,-0.2935545119199703,False,NONE,2024-09-05,2024-09-06,-2.560825082942002,0.10799850345435909,1.471617187777095,0.27708511049789986,0.1702672526300776,5,5,2.2672705710220318,False,False,False,False,True,False,,False,False
2024-09-06,2024-09-05,test,test,5569,test,0.5430015603311145,4,0.10799850345435909,test,0.9961941290857617,4,2.668823586396361,-2.560825082942002,True,NONE,2024-09-06,2024-09-09,-2.217055536467056,-0.7454383486899612,-1.6353654468374512,0.3570221653381516,0.09450020535934059,5,5,-0.3437695464749462,False,False,False,False,False,False,,False,False
2024-09-09,2024-09-06,test,test,5570,test,0.22800338409475465,4,-0.7454383486899612,test,0.9294378592467614,4,1.471617187777095,-2.217055536467056,True,NONE,2024-09-09,2024-09-10,2.1648826691183847,0.5295172222809336,1.754488787054151,0.6611434769370546,0.7312893927801647,5,5,-0.052172867348671215,False,False,False,False,False,False,,False,False
2024-09-10,2024-09-09,test,test,5571,test,0.7017766497461928,4,0.5295172222809336,test,0.05098623066144299,4,-1.6353654468374512,2.1648826691183847,True,NONE,2024-09-10,2024-09-11,-0.9131697074789237,0.8413190795752273,-0.31457244293838993,0.6137459982420677,0.5038565545135135,5,5,-1.2517129616394609,False,False,False,False,False,False,,False,False
2024-09-11,2024-09-10,test,test,5572,test,0.7999153976311336,4,0.8413190795752273,test,0.9603266052129689,4,1.754488787054151,-0.9131697074789237,True,NONE,2024-09-11,2024-09-12,0.9666015388073305,0.6520290958689405,-0.4248318219050167,0.8678809652964755,0.8258461344882975,5,5,0.05343183132840679,False,False,False,False,False,False,,False,False
2024-09-12,2024-09-11,test,test,5573,test,0.7428087986463621,4,0.6520290958689405,test,0.3765431525065057,4,-0.31457244293838993,0.9666015388073305,True,NONE,2024-09-12,2024-09-13,0.9325155995606345,0.5076837776556178,1.0927819514234098,1.0746624317908604,1.33939739548214,5,5,-0.034085939246696006,False,False,False,False,False,False,,False,False
2024-09-13,2024-09-12,test,test,5574,test,0.6941624365482233,4,0.5076837776556178,test,0.3354796391089251,4,-0.4248318219050167,0.9325155995606345,False,NONE,2024-09-13,2024-09-16,-0.3176137421188565,0.7751682093045533,1.5485804902666693,1.106165805944876,1.0570522323735898,5,5,-0.6149018574417779,False,False,False,False,True,False,,False,False
2024-09-16,2024-09-13,test,test,5575,test,0.7808798646362098,4,0.7751682093045533,test,0.8627552260573651,4,1.0927819514234098,-0.3176137421188565,False,NONE,2024-09-16,2024-09-17,-1.25605066146067,0.2925298288059993,0.617324595720895,0.8527191756958615,0.7026105515290932,5,5,0.9384369193418134,False,False,False,False,True,False,,False,False
2024-09-17,2024-09-16,test,test,5576,test,0.6150592216582065,4,0.2925298288059993,test,0.9392587005633561,4,1.5485804902666693,-1.25605066146067,False,NONE,2024-09-17,2024-09-18,1.4946693191263722,2.1119939148472673,1.2953754569355294,0.8197302718528292,0.7236355569328861,5,5,0.23861865766570234,False,False,False,False,True,False,,False,False
2024-09-18,2024-09-17,test,test,5577,test,0.9826565143824028,4,2.1119939148472673,test,0.7314896765706769,4,0.617324595720895,1.4946693191263722,True,NONE,2024-09-18,2024-09-19,0.39056097140533597,1.6859364283408653,2.142924483064197,0.335719632829818,0.55756666399938,5,5,-1.1041083477210363,False,False,False,False,False,False,,False,False
2024-09-19,2024-09-18,test,test,5578,test,0.9540959777327145,4,1.6859364283408653,test,0.902404629814979,4,1.2953754569355294,0.39056097140533597,True,NONE,2024-09-19,2024-09-20,-1.477723834638502,0.665200648425695,-0.3189438641193417,0.08912027222737054,0.6071122459753056,5,5,1.087162863233166,False,False,False,False,False,False,,False,False
2024-09-20,2024-09-19,test,test,5579,test,0.7470389170896785,4,0.665200648425695,test,0.9839404186565244,4,2.142924483064197,-1.477723834638502,True,NONE,2024-09-20,2024-09-23,-0.1731210778211777,-0.4920649419405194,-0.22362791395581344,0.48953307705830423,0.7896127063121501,5,5,-1.3046027568173244,False,False,False,False,False,False,,False,False
2024-09-23,2024-09-20,test,test,5580,test,0.311336717428088,4,-0.4920649419405194,test,0.3748845405930967,4,-0.3189438641193417,-0.1731210778211777,True,NONE,2024-09-23,2024-09-24,0.35121322354665113,0.1275853095908377,0.7224496227398588,0.6557734210277998,0.9396564043441055,5,5,0.17809214572547344,False,False,False,False,False,False,,False,False
2024-09-24,2024-09-23,test,test,5581,test,0.5507614213197969,4,0.1275853095908377,test,0.41152342074408765,4,-0.22362791395581344,0.35121322354665113,False,NONE,2024-09-24,2024-09-25,-1.0305089030076473,-0.3080592802677885,0.465030992268,0.6415018162986726,0.9442459752392385,5,5,0.6792956794609961,False,False,False,False,True,False,,False,False
2024-09-25,2024-09-24,test,test,5582,test,0.3790186125211506,4,-0.3080592802677885,test,0.7649909562755584,4,0.7224496227398588,-1.0305089030076473,False,NONE,2024-09-25,2024-09-26,-0.012091366939372128,0.45293962532862786,2.390652392943824,0.926926223603916,0.9633171295153262,5,5,-1.0184175360682752,False,False,False,False,True,False,,False,False
2024-09-26,2024-09-25,test,test,5583,test,0.6747038917089678,4,0.45293962532862786,test,0.6790453687551832,4,0.465030992268,-0.012091366939372128,False,NONE,2024-09-26,2024-09-27,0.27661227963653934,2.6672646725803633,0.5935584375648809,0.7297021958750062,0.8572373773551479,5,5,0.2645209126971672,False,False,False,False,True,False,,False,False
2024-09-27,2024-09-26,test,test,5584,test,0.996176428868152,4,2.6672646725803633,test,0.9915907661071235,4,2.390652392943824,0.27661227963653934,False,NONE,2024-09-27,2024-09-30,-0.25442165965792285,0.33913677790695806,0.526590576203964,0.6040389753024604,0.7477448778903527,5,5,-0.022190619978616488,False,False,True,True,False,True,,False,False
2024-09-30,2024-09-27,test,test,5585,test,0.6327466531766055,4,0.33913677790695806,test,0.723596256684492,4,0.5935584375648809,-0.25442165965792285,False,NONE,2024-09-30,2024-10-01,-0.4703632902587617,0.05622728594520228,0.7453974772155241,0.38628267162101393,0.48377043200242803,5,5,0.21594163060083887,False,False,False,False,True,False,,False,False
2024-10-01,2024-09-30,test,test,5586,test,0.522419627749577,4,0.05622728594520228,test,0.700761031199062,4,0.526590576203964,-0.4703632902587617,False,NONE,2024-10-01,2024-10-02,0.37366527904290403,1.119062756258428,0.5603867636484392,0.5272226690237488,0.2448776436496664,5,5,-0.0966980112158577,False,False,False,False,True,False,,False,False
2024-10-02,2024-10-01,test,test,5587,test,0.8684433164128595,4,1.119062756258428,test,0.7719842657342657,4,0.7453974772155241,0.37366527904290403,False,NONE,2024-10-02,2024-10-03,-1.0935672769643605,-0.5331805133159213,1.8602536321429317,0.10127960200175408,0.4253456600366601,5,5,0.7199019979214565,False,False,False,False,True,False,,False,False
2024-10-03,2024-10-02,test,test,5588,test,0.2969543147208122,4,-0.5331805133159213,test,0.7123921709778112,4,0.5603867636484392,-1.0935672769643605,False,NONE,2024-10-03,2024-10-04,0.17869493757470356,2.0389485697176353,0.046095940240904805,0.09262178117903005,-0.16992113594398747,5,5,-0.914872339389657,False,False,False,False,True,False,,False,False
2024-10-04,2024-10-03,test,test,5589,test,0.9792724196277496,4,2.0389485697176353,test,0.9685751748251747,4,1.8602536321429317,0.17869493757470356,True,NONE,2024-10-04,2024-10-07,-0.7957406807411795,-0.7496447405002747,-0.7932816532356598,-0.4050514942883515,-0.29244082877957067,5,5,0.617045743166476,False,False,False,False,False,False,,False,False
2024-10-07,2024-10-04,test,test,5590,test,0.22673434856175972,4,-0.7496447405002747,test,0.5183831091054274,4,0.046095940240904805,-0.7957406807411795,True,NONE,2024-10-07,2024-10-08,1.5542089261945367,0.7609272729588767,-0.44906646454828403,-0.49383128303236906,-0.19281643424476486,5,5,0.7584682454533571,False,False,False,False,False,False,,False,False
2024-10-08,2024-10-07,test,test,5591,test,0.7766497461928934,4,0.7609272729588767,test,0.21380687180073782,4,-0.7932816532356598,1.5542089261945367,False,NONE,2024-10-08,2024-10-09,-0.5615861143032614,-1.0106525788515455,1.4627268455834077,-0.4744060455636321,-0.047799430560089715,5,5,-0.9926228118912752,False,False,False,False,True,False,,False,False
2024-10-09,2024-10-08,test,test,5592,test,0.15609137055837563,4,-1.0106525788515455,test,0.32669185564357,4,-0.44906646454828403,-0.5615861143032614,False,NONE,2024-10-09,2024-10-10,-2.0391964630129493,-0.5764696174295416,-1.116080347760306,-0.17529617671451087,-0.2948125954253845,5,5,1.4776103487096879,False,False,False,False,True,False,,False,False
2024-10-10,2024-10-09,test,test,5593,test,0.28214890016920474,4,-0.5764696174295416,test,0.928228931339186,4,1.4627268455834077,-2.0391964630129493,True,NONE,2024-10-10,2024-10-11,0.6666625401410338,-0.44941780761927225,-0.5665025239370112,-0.08594697329293478,-0.06686743984143509,5,5,-1.3725339228719156,False,False,False,False,False,False,,False,False
2024-10-11,2024-10-10,test,test,5594,test,0.32656514382402707,4,-0.44941780761927225,test,0.13219387171494754,4,-1.116080347760306,0.6666625401410338,True,NONE,2024-10-11,2024-10-14,-0.6270411602833512,-1.1935436842203624,-0.29515968056163083,-0.14125938944088484,0.11069439511002062,5,5,-0.03962137985768255,False,False,False,False,False,False,,False,False
2024-10-14,2024-10-11,test,test,5595,test,0.11632825719120135,4,-1.1935436842203624,test,0.2855261088392576,4,-0.5665025239370112,-0.6270411602833512,False,NONE,2024-10-14,2024-10-15,1.153213140864192,0.8580534603025611,0.2760185538750917,0.2654112394257579,0.30294605695016125,5,5,0.5261719805808407,False,False,False,False,True,False,,False,False
2024-10-15,2024-10-14,test,test,5596,test,0.8045685279187818,4,0.8580534603025611,test,0.38393595041322315,4,-0.29515968056163083,1.153213140864192,False,NONE,2024-10-15,2024-10-16,0.20887821151896896,0.4848967653940607,0.22766102125693374,-0.19015777431464204,0.44081889274538116,5,5,-0.944334929345223,False,False,False,False,True,False,,False,False
2024-10-16,2024-10-15,test,test,5597,test,0.6861252115059222,4,0.4848967653940607,test,0.6087330921673482,4,0.2760185538750917,0.20887821151896896,False,NONE,2024-10-16,2024-10-17,-0.35738462157859474,-0.12972360032166103,0.023645430159441098,-0.10268725301366896,0.7714163419495053,5,5,0.14850641005962578,False,False,False,False,True,False,,False,False
2024-10-17,2024-10-16,test,test,5598,test,0.44839255499153974,4,-0.12972360032166103,test,0.590045111384369,4,0.22766102125693374,-0.35738462157859474,False,NONE,2024-10-17,2024-10-18,-0.7496253185184637,-0.7259798883590226,0.3213066508202674,-0.0935154421038726,0.9593578928709479,5,5,0.39224069693986896,False,False,False,False,True,False,,False,False
2024-10-18,2024-10-17,test,test,5599,test,0.23392554991539763,4,-0.7259798883590226,test,0.5094322828791216,4,0.023645430159441098,-0.7496253185184637,True,NONE,2024-10-18,2024-10-21,0.5185028092925841,0.8398094601128514,0.6660986286390723,-0.24762379742885005,1.4288612799861664,5,5,-0.23112250922587962,False,False,False,False,False,False,,False,False
2024-10-21,2024-10-18,test,test,5600,test,0.799492385786802,4,0.8398094601128514,test,0.6260109916035521,4,0.3213066508202674,0.5185028092925841,True,NONE,2024-10-21,2024-10-22,-2.085890237038511,-1.4197916083994386,0.9653827328511914,-0.41127789914753005,1.3304701696881533,5,5,1.567387427745927,False,False,False,False,False,False,,False,False
2024-10-22,2024-10-21,test,test,5601,test,0.077834179357022,4,-1.4197916083994386,test,0.7473259694850604,4,0.6660986286390723,-2.085890237038511,False,NONE,2024-10-22,2024-10-23,-0.04313336095226539,0.922249371898926,1.8806482672775537,-0.2961883946965692,1.149889074784609,5,5,-2.0427568760862456,False,False,False,False,True,False,,False,False
2024-10-23,2024-10-22,test,test,5602,test,0.821800742242853,4,0.922249371898926,test,0.8328234265734266,4,0.9653827328511914,-0.04313336095226539,False,NONE,2024-10-23,2024-10-24,-1.964512813050233,-0.08386454577267922,0.963353184766654,-0.364341293034466,1.1881767234111436,5,5,1.9213794520979675,False,False,False,False,True,False,,False,False
2024-10-24,2024-10-23,test,test,5603,test,0.46658206429780036,4,-0.08386454577267922,test,0.9699901093715972,4,1.8806482672775537,-1.964512813050233,False,NONE,2024-10-24,2024-10-25,-2.459874849750564,-1.4965216649839097,2.668823586396361,-0.2672045895448326,1.2887248339714126,5,5,0.49536203670033085,False,False,False,True,False,False,,False,False
2024-10-25,2024-10-24,test,test,5604,test,0.06725888324873097,4,-1.4965216649839097,test,0.8323148442466624,4,0.963353184766654,-2.459874849750564,False,NONE,2024-10-25,2024-10-28,-2.6472846348769097,0.021538951519451226,0.17414307714900612,-0.0037180052990853476,0.8258975979165857,5,5,0.18740978512634587,False,False,False,False,True,False,,False,False
2024-10-28,2024-10-25,test,test,5605,test,0.508592134078471,4,0.021538951519451226,test,0.9961941290857617,4,2.668823586396361,-2.6472846348769097,False,NONE,2024-10-28,2024-10-29,-1.0184871632936403,-0.8443440861446343,0.06247725833346945,,0.73603242566609,4,5,-1.6287974715832694,False,False,False,True,False,False,,False,False
2024-10-29,2024-10-28,test,test,5606,test,0.19923857868020306,4,-0.8443440861446343,test,0.5691234901462174,4,0.17414307714900612,-1.0184871632936403,False,NONE,2024-10-29,2024-10-30,0.5190076218759723,0.5814848802094417,2.0720865104102275,,,3,4,-0.49947954141766804,False,False,False,False,True,False,,False,False
2024-10-30,2024-10-29,test,test,5607,test,0.7195431472081218,4,0.5814848802094417,test,0.5249086141131596,4,0.06247725833346945,0.5190076218759723,False,NONE,2024-10-30,2024-10-31,-1.6702675387347394,0.401818971675488,1.4660937375679983,,,3,3,1.1512599168587672,False,False,False,False,True,False,,False,False
2024-10-31,2024-10-30,test,test,5608,test,0.6560913705583756,4,0.401818971675488,test,0.9808713129431123,4,2.0720865104102275,-1.6702675387347394,True,NONE,2024-10-31,2024-11-01,-1.6451824813231717,-0.1790887437551733,0.3546874061222278,,,3,2,-0.025085057411567746,False,False,False,False,False,False,,False,False
2024-11-01,2024-10-31,test,test,5609,test,0.4289340101522843,4,-0.1790887437551733,test,0.9286886242100145,4,1.4660937375679983,-1.6451824813231717,True,NONE,2024-11-01,2024-11-04,,,-0.2751827841034739,,,3,1,,False,False,False,False,False,False,,False,False
2024-11-12,2024-11-11,test,test,5616,test,0.6952116434281546,4,0.5106777644190775,test,0.19593425605536333,3,-0.8562337242532716,1.3669114886723492,False,NONE,2024-11-12,2024-11-13,-1.3864890997874681,0.440053337332328,0.5745707216269728,0.7329863215673332,0.6472513860522915,5,5,0.01957761111511891,False,False,False,False,True,False,,False,False
2024-11-13,2024-11-12,test,test,5617,test,0.6700507614213198,4,0.440053337332328,test,0.9661157024793389,4,1.8265424371197962,-1.3864890997874681,True,NONE,2024-11-13,2024-11-14,-0.645672927153221,-0.07110220552624821,0.2885094972387137,0.44039805665894016,0.6099592505718412,5,5,-0.7408161726342471,False,False,False,False,False,False,,False,False
2024-11-14,2024-11-13,test,test,5618,test,0.47165820642978007,4,-0.07110220552624821,test,0.7172091709800109,4,0.5745707216269728,-0.645672927153221,True,NONE,2024-11-14,2024-11-15,1.3696130975198937,1.6581225947586073,2.1753857931866327,0.6029056043202973,0.7792925178412203,5,5,0.7239401703666727,False,False,False,False,False,False,,False,False
2024-11-15,2024-11-14,test,test,5619,test,0.9513536379018612,4,1.6581225947586073,test,0.6135216191483885,4,0.2885094972387137,1.3696130975198937,True,NONE,2024-11-15,2024-11-18,-2.2837515241379855,-0.10836573095135288,-0.330533312515843,0.3757234535304895,0.4427322639567296,5,5,0.9141384266180919,False,False,False,False,False,False,,False,False
2024-11-18,2024-11-15,test,test,5620,test,0.4568527918781726,4,-0.10836573095135288,test,0.9851993908890732,4,2.1753857931866327,-2.2837515241379855,True,NONE,2024-11-18,2024-11-19,2.0767569247391746,1.7462236122233317,0.5283242307249809,0.5949850019066686,0.5448250347904572,5,5,-0.20699459939881093,False,False,False,False,False,False,,False,False
2024-11-19,2024-11-18,test,test,5621,test,0.9596139483180123,4,1.7462236122233317,test,0.37049851296862935,4,-0.330533312515843,2.0767569247391746,False,NONE,2024-11-19,2024-11-20,-1.5512122179346182,-1.0228879872096373,0.3881100442247218,0.39679507722083557,0.6416786363364358,5,5,-0.5255447068045564,False,False,True,False,False,False,,False,False
2024-11-20,2024-11-19,test,test,5622,test,0.153180404962374,4,-1.0228879872096373,test,0.7013628417037507,4,0.5283242307249809,-1.5512122179346182,False,NONE,2024-11-20,2024-11-21,0.3533254885558154,0.7414355327805372,1.1351758335856093,0.699785663050867,0.6695106312638055,5,5,-1.1978867293788027,False,False,False,False,True,False,,False,False
2024-11-21,2024-11-20,test,test,5623,test,0.7707852967017379,4,0.7414355327805372,test,0.6510327003917755,4,0.3881100442247218,0.3533254885558154,False,NONE,2024-11-21,2024-11-22,-0.6129639927760407,0.5222118408095685,0.4925845237641791,0.484527075953472,0.4168559769781709,5,5,0.25963850422022533,False,False,False,False,True,False,,False,False
2024-11-22,2024-11-21,test,test,5624,test,0.699238578680203,4,0.5222118408095685,test,0.871849173553719,4,1.1351758335856093,-0.6129639927760407,True,NONE,2024-11-22,2024-11-25,0.49535748716536315,0.9879420109295423,0.17993054165279462,0.7986178221975236,0.6005057312847277,5,5,-0.11760650561067759,False,False,False,False,False,False,,False,False
2024-11-25,2024-11-22,test,test,5625,test,0.8384094754653131,4,0.9879420109295423,test,0.6888469072607166,4,0.4925845237641791,0.49535748716536315,True,NONE,2024-11-25,2024-11-26,0.5753434471413724,0.7552739887941671,1.0125922384548742,0.7279611650788567,0.7841627695996157,5,5,0.07998595997600927,False,False,False,False,False,False,,False,False
2024-11-26,2024-11-25,test,test,5626,test,0.7749576988155669,4,0.7552739887941671,test,0.5713964511424405,4,0.17993054165279462,0.5753434471413724,False,NONE,2024-11-26,2024-11-27,-0.5205272965143548,0.4920649419405194,0.5272700188615704,0.8113463758666934,0.8056632811950759,5,5,-0.05481615062701761,False,False,False,False,True,False,,False,False
2024-11-27,2024-11-26,test,test,5627,test,0.688663282571912,4,0.4920649419405194,test,0.8443725156567246,4,1.0125922384548742,-0.5205272965143548,False,NONE,2024-11-27,2024-11-28,-0.8621274215680075,-0.3348574027064371,-0.12809743784256442,0.7072068044635232,0.8644234479402562,5,5,0.34160012505365267,False,False,False,False,True,False,,False,False
2024-11-28,2024-11-27,test,test,5628,test,0.36886632825719123,4,-0.3348574027064371,test,0.7009969544453659,4,0.5272700188615704,-0.8621274215680075,False,NONE,2024-11-28,2024-11-29,2.2207630098723907,2.0926655720298264,1.4108332952969638,0.818434625429779,1.2232152585384632,5,5,1.3586355883043832,False,False,False,False,True,False,,False,False
2024-11-29,2024-11-28,test,test,5629,test,0.9818104906937395,4,2.0926655720298264,test,0.449035931825331,4,-0.12809743784256442,2.2207630098723907,False,NONE,2024-11-29,2024-12-02,-0.7761745699607563,0.6346587253362075,1.0982157332272344,0.36408376227277894,0.7895645806325429,5,5,-1.4445884399116344,False,False,True,False,False,False,,False,False
2024-12-02,2024-11-29,test,test,5630,test,0.7371744907574265,4,0.6346587253362075,test,0.9208531127570134,4,1.4108332952969638,-0.7761745699607563,False,NONE,2024-12-02,2024-12-03,0.07398430950611723,1.1722000427333517,1.1200947964321757,-0.03349976728241586,0.4685836487893315,5,5,-0.7021902604546391,False,False,False,False,True,False,,False,False
2024-12-03,2024-12-02,test,test,5631,test,0.8794416243654822,4,1.1722000427333517,test,0.8639448511538792,4,1.0982157332272344,0.07398430950611723,False,NONE,2024-12-03,2024-12-04,-1.1487277115075079,-0.02863291507533225,0.8210708525874714,-0.2600982839755051,0.6152555948582992,5,5,1.0747434020013906,False,False,False,False,True,False,,False,False
2024-12-04,2024-12-03,test,test,5632,test,0.4885786802030457,4,-0.02863291507533225,test,0.8686633160799566,4,1.1200947964321757,-1.1487277115075079,False,NONE,2024-12-04,2024-12-05,-0.59978915046263,0.22128170212484127,1.6658616151484718,-0.014796075994458757,0.4420407535345417,5,5,-0.5489385610448778,False,False,False,False,True,False,,False,False
2024-12-05,2024-12-04,test,test,5633,test,0.5875634517766497,4,0.22128170212484127,test,0.7941970443051758,4,0.8210708525874714,-0.59978915046263,False,NONE,2024-12-05,2024-12-06,-1.8449503589036451,-0.1790887437551733,-0.7574200942326397,-0.060616991117244556,0.11785977329244379,5,5,1.245161208441015,False,False,False,False,True,False,,False,False
2024-12-06,2024-12-05,test,test,5634,test,0.4289340101522843,4,-0.1790887437551733,test,0.9521295097635929,4,1.6658616151484718,-1.8449503589036451,True,NONE,2024-12-06,2024-12-09,-0.595838828207127,-1.3532589224397666,-0.5066889259888216,-0.04924766480773072,0.303324261838665,5,5,-1.2491115306965181,False,False,False,False,False,False,,False,False
2024-12-09,2024-12-06,test,test,5635,test,0.08798646362098139,4,-1.3532589224397666,test,0.22439911064085333,4,-0.7574200942326397,-0.595838828207127,True,NONE,2024-12-09,2024-12-10,0.545896385256727,0.03920745926790541,1.8534545267770137,0.15443263913893518,0.5385724228843598,5,5,-0.04994244295039996,False,False,False,False,False,False,,False,False
2024-12-10,2024-12-09,test,test,5636,test,0.5156375067124633,4,0.03920745926790541,test,0.3061865509451228,4,-0.5066889259888216,0.545896385256727,True,NONE,2024-12-10,2024-12-11,-0.6555764019471144,1.1978781248298993,-0.045003354031315806,,0.2789211739803704,4,5,0.1096800166903874,False,False,False,False,False,False,,False,False
2024-12-11,2024-12-10,test,test,5637,test,0.8845177664974619,4,1.1978781248298993,test,0.9680913809374017,4,1.8534545267770137,-0.6555764019471144,True,NONE,2024-12-11,2024-12-12,0.037180480542228264,-0.007822873489087546,0.04495671393798245,,,3,4,-0.6183959214048862,False,False,False,False,False,False,,False,False
2024-12-12,2024-12-11,test,test,5638,test,0.4968791568422256,4,-0.007822873489087546,test,0.48205231776716523,4,-0.045003354031315806,0.037180480542228264,True,NONE,2024-12-12,2024-12-13,-0.16719882614558665,-0.1222421122076042,0.16990234849846608,,,3,3,0.1300183456033584,False,False,False,False,False,False,,False,False
2024-12-13,2024-12-12,test,test,5639,test,0.4513536379018612,4,-0.1222421122076042,test,0.5179290943407018,4,0.04495671393798245,-0.16719882614558665,False,NONE,2024-12-13,2024-12-16,-0.5047597512049031,-0.3348574027064371,0.6695518792396526,,,3,2,0.33756092505931645,False,False,False,False,True,False,,False,False
2024-12-16,2024-12-13,test,test,5640,test,0.36886632825719123,4,-0.3348574027064371,test,0.5674565329291659,4,0.16990234849846608,-0.5047597512049031,False,NONE,2024-12-16,2024-12-17,,,0.5551982822570667,,,3,1,,False,False,False,False,True,False,,False,False
2025-01-09,2025-01-08,test,test,5658,test,0.12859560067681894,4,-1.13305489475239,test,0.8222318339100346,3,0.9239039387932103,-2.0569588335456004,False,NONE,2025-01-09,2025-01-10,-0.8212314940699545,1.2895849455325885,1.105624535688058,0.5033012568356806,0.7616897101169997,5,5,-1.2357273394756458,False,False,False,False,True,False,,False,False
2025-01-10,2025-01-09,test,test,5659,test,0.9014025972710127,4,1.2895849455325885,test,0.9826059537348465,4,2.110816439602543,-0.8212314940699545,True,NONE,2025-01-10,2025-01-13,-0.38515377246941584,0.7204707632186422,1.8637489966722443,0.13084073374654684,0.535832131872662,5,5,-0.4360777216005387,False,False,False,False,False,False,,False,False
2025-01-13,2025-01-10,test,test,5660,test,0.7643824027072759,4,0.7204707632186422,test,0.8655554672600128,4,1.105624535688058,-0.38515377246941584,True,NONE,2025-01-13,2025-01-14,-3.3041775404689595,-1.440428543796715,1.1553823552329274,0.22416333208745115,0.25332596043995315,5,5,2.9190237679995437,False,False,False,False,False,False,,False,False
2025-01-14,2025-01-13,test,test,5661,test,0.07487309644670051,4,-1.440428543796715,test,0.9688215193897012,4,1.8637489966722443,-3.3041775404689595,False,IMPLIED_ONLY,2025-01-14,2025-01-15,-0.4862077361645707,0.6691746190683567,0.16432479427941216,0.8553044813436692,0.14780612530962864,5,5,-2.817969804304389,False,True,False,False,False,False,E21_011,False,True
2025-01-15,2025-01-14,test,test,5662,test,0.7483079526226735,4,0.6691746190683567,test,0.8760330578512396,4,1.1553823552329274,-0.4862077361645707,True,NONE,2025-01-15,2025-01-16,1.113379705876119,1.2777045001555312,-0.48063213128764365,0.7983966236474125,0.26695906516144985,5,5,0.6271719697115483,False,False,False,False,False,False,,False,False
2025-01-16,2025-01-15,test,test,5663,test,0.8993231810490694,4,1.2777045001555312,test,0.5652622680088077,4,0.16432479427941216,1.113379705876119,True,NONE,2025-01-16,2025-01-17,-0.09208553862543728,-0.5727176699130809,-0.023663355533629638,0.37908136340669807,0.8570781978678201,5,5,-1.0212941672506817,False,False,False,False,False,False,,False,False
2025-01-17,2025-01-16,test,test,5664,test,0.28341793570219964,4,-0.5727176699130809,test,0.3153889873888301,4,-0.48063213128764365,-0.09208553862543728,False,NONE,2025-01-17,2025-01-20,1.2107471104567935,1.1870837549231639,0.4512181395086994,0.6034526219556542,0.7911784550684061,5,5,1.1186615718313562,False,False,False,False,True,False,,False,False
2025-01-20,2025-01-17,test,test,5665,test,0.8824027072758037,4,1.1870837549231639,test,0.4905605679315965,4,-0.023663355533629638,1.2107471104567935,False,NONE,2025-01-20,2025-01-21,1.264059062975676,1.7152772024843754,0.627783179581305,0.6993491287342298,0.816152624717667,5,5,0.053311952518882544,False,False,False,False,True,False,,False,False
2025-01-21,2025-01-20,test,test,5666,test,0.9568527918781726,4,1.7152772024843754,test,0.67408383139352,4,0.4512181395086994,1.264059062975676,False,NONE,2025-01-21,2025-01-22,-0.24314784899423253,0.3846353305870725,0.760089493538518,0.44923768943455294,0.7626899940842581,5,5,-1.0209112139814436,False,False,True,False,False,False,,False,False
2025-01-22,2025-01-21,test,test,5667,test,0.649746192893401,4,0.3846353305870725,test,0.7349270067774314,4,0.627783179581305,-0.24314784899423253,False,NONE,2025-01-22,2025-01-23,-1.5789612945865588,-0.8188718010480407,2.469963532244208,0.29902455788716437,0.751170083203116,5,5,1.3358134455923263,False,False,False,False,True,False,,False,False
2025-01-23,2025-01-22,test,test,5668,test,0.20642978003384094,4,-0.8188718010480407,test,0.7763994538019389,4,0.760089493538518,-1.5789612945865588,False,NONE,2025-01-23,2025-01-24,-1.9208249094125085,0.5491386228316998,-0.3531620695307005,0.5911432337137452,0.43650049498194027,5,5,0.34186361482594974,False,False,False,False,True,False,,False,False
2025-01-24,2025-01-23,test,test,5669,test,0.7085448392554992,4,0.5491386228316998,test,0.9932436586691069,4,2.469963532244208,-1.9208249094125085,True,NONE,2025-01-24,2025-01-27,2.0197283583467422,1.6665662888160415,0.5760889877550043,0.4465747205922866,0.5412672898764146,5,5,0.09890344893423375,False,False,False,False,False,False,,False,False
2025-01-27,2025-01-24,test,test,5670,test,0.9521996615905245,4,1.6665662888160415,test,0.36198347107438017,4,-0.3531620695307005,2.0197283583467422,True,NONE,2025-01-27,2025-01-28,-0.11136898176901255,0.4647200059859917,0.36047002641426057,0.2954661414305316,0.5178947928883731,5,5,-1.9083593765777298,False,False,False,False,False,False,,False,False
2025-01-28,2025-01-27,test,test,5671,test,0.6789340101522843,4,0.4647200059859917,test,0.7177224827704538,4,0.5760889877550043,-0.11136898176901255,False,NONE,2025-01-28,2025-01-29,-0.726900353564131,-0.36643032714987045,0.7024899391328072,0.20400662069304176,0.5610118156193191,5,5,0.6155313717951184,False,False,False,False,True,False,,False,False
2025-01-29,2025-01-28,test,test,5672,test,0.3570219966159052,4,-0.36643032714987045,test,0.6407521662043524,4,0.36047002641426057,-0.726900353564131,True,NONE,2025-01-29,2025-01-30,-0.06076836104794381,0.6417215780848634,0.8966155911383298,0.5303556291325584,0.6548888267861706,5,5,-0.6661319925161872,False,False,False,False,False,False,,False,False
2025-01-30,2025-01-29,test,test,5673,test,0.7394730119167032,4,0.6417215780848634,test,0.7588131630873058,4,0.7024899391328072,-0.06076836104794381,True,NONE,2025-01-30,2025-01-31,-1.0703195339139229,-0.1737039427755932,0.17067190494167078,0.5878488313244782,0.8179832322704834,5,5,1.009551172865979,False,False,False,False,False,False,,False,False
2025-01-31,2025-01-30,test,test,5674,test,0.4310490693739425,4,-0.1737039427755932,test,0.8150379621950871,4,0.8966155911383298,-1.0703195339139229,False,NONE,2025-01-31,2025-02-03,0.7403514880655959,0.9110233930072666,0.4592265028147975,0.6327732196899039,1.121622807067695,5,5,-0.32996804584832695,False,False,False,False,True,False,,False,False
2025-02-03,2025-01-31,test,test,5675,test,0.8188584759415181,4,0.9110233930072666,test,0.5677591223655237,4,0.17067190494167078,0.7403514880655959,False,NONE,2025-02-03,2025-02-04,-0.45180410051625514,0.007422402298542334,0.5760551400689898,0.3070236632073352,0.8623293281094024,5,5,-0.2885473875493408,False,False,False,False,True,False,,False,False
2025-02-04,2025-02-03,test,test,5676,test,0.5029610829103215,4,0.007422402298542334,test,0.6769642397552118,4,0.4592265028147975,-0.45180410051625514,False,NONE,2025-02-04,2025-02-05,0.689259574978723,1.2653147150477129,1.171874994967065,-0.004594316728811698,0.9365669533769214,5,5,0.2374554744624679,False,False,False,False,True,False,,False,False
2025-02-05,2025-02-04,test,test,5677,test,0.8971207331529834,4,1.2653147150477129,test,0.7177110440676027,4,0.5760551400689898,0.689259574978723,False,NONE,2025-02-05,2025-02-06,-0.24268740592260252,0.9291875890444625,1.712087618559894,-0.01424530850558261,0.7255985525938201,5,5,-0.4465721690561205,False,False,False,False,True,False,,False,False
2025-02-06,2025-02-05,test,test,5678,test,0.8236040609137056,4,0.9291875890444625,test,0.8793763762189368,4,1.171874994967065,-0.24268740592260252,False,NONE,2025-02-06,2025-02-07,-1.6611696195083592,0.05091799905153493,1.6888697789277283,-0.10310347323566298,0.41402099597361913,5,5,1.4184822135857567,False,False,False,False,True,False,,False,False
2025-02-07,2025-02-06,test,test,5679,test,0.5203045685279187,4,0.05091799905153493,test,0.9565597386256399,4,1.712087618559894,-1.6611696195083592,True,NONE,2025-02-07,2025-02-10,-2.4065941683333048,-0.7177243894055765,-0.8372408919766646,0.011616515128598848,0.33971707906301307,5,5,0.7454245488249456,False,False,False,False,False,False,,False,False
2025-02-10,2025-02-07,test,test,5680,test,0.23646362098138746,4,-0.7177243894055765,test,0.9543778060567931,4,1.6888697789277283,-2.4065941683333048,True,NONE,2025-02-10,2025-02-11,-0.7134266054055277,-1.5506674973821923,0.9472432664065844,-0.06279748645621767,0.22051838444730798,5,5,-1.6931675629277771,False,False,False,False,False,False,,False,False
2025-02-11,2025-02-10,test,test,5681,test,0.0604906937394247,4,-1.5506674973821923,test,0.2012285881781006,4,-0.8372408919766646,-0.7134266054055277,False,NONE,2025-02-11,2025-02-12,0.2698164897572739,1.2170597561638583,0.11703299105155847,0.15815570195252718,0.04713017759521574,5,5,-0.4436101156482538,False,False,False,False,True,False,,False,False
2025-02-12,2025-02-11,test,test,5682,test,0.8882092595085391,4,1.2170597561638583,test,0.8282425835410264,4,0.9472432664065844,0.2698164897572739,True,NONE,2025-02-12,2025-02-13,0.3678637743425022,0.4848967653940607,0.15419983545888918,-0.020300060968854304,0.16445927769319638,5,5,0.09804728458522832,False,False,False,False,False,False,,False,False
2025-02-13,2025-02-12,test,test,5683,test,0.6861252115059222,4,0.4848967653940607,test,0.5465830449826989,4,0.11703299105155847,0.3678637743425022,True,NONE,2025-02-13,2025-02-14,0.4703181054139549,0.6245179408728441,1.317350194374698,0.1643736953716432,0.4285962825908503,5,5,0.10245433107145269,False,False,False,False,False,False,,False,False
2025-02-14,2025-02-13,test,test,5684,test,0.7338562541342261,4,0.6245179408728441,test,0.5612739140381481,4,0.15419983545888918,0.4703181054139549,False,NONE,2025-02-14,2025-02-17,-2.4071445917043572,-1.089794397329659,-1.4332343650551902,0.28569617948177856,0.5731753263720053,5,5,1.9368264862904023,False,False,False,False,True,False,,False,False
2025-02-17,2025-02-14,test,test,5685,test,0.13790186125211507,4,-1.089794397329659,test,0.9061393662958621,4,1.317350194374698,-2.4071445917043572,True,NONE,2025-02-17,2025-02-18,0.987332809716722,-0.44590155533846826,0.08030223214612343,0.5087452089681559,0.9482360493067704,5,5,-1.4198117819876352,False,False,False,False,False,False,,False,False
2025-02-18,2025-02-17,test,test,5686,test,0.32783417935702197,4,-0.44590155533846826,test,0.07589543595756242,4,-1.4332343650551902,0.987332809716722,True,NONE,2025-02-18,2025-02-19,0.24447870941082778,0.3247809415569512,0.7036784915414616,0.6660195394836479,1.055894826617791,5,5,-0.7428541003058942,False,False,False,False,False,False,,False,False
2025-02-19,2025-02-18,test,test,5687,test,0.627326565143824,4,0.3247809415569512,test,0.5320015585232635,4,0.08030223214612343,0.24447870941082778,False,NONE,2025-02-19,2025-02-20,0.7045870555550866,1.4082655470965482,1.4748848599471587,0.5940637217283099,1.0624661526346775,5,5,0.46010834614425883,False,False,False,False,True,False,,False,False
2025-02-20,2025-02-19,test,test,5688,test,0.9204737732656514,4,1.4082655470965482,test,0.7591834910921101,4,0.7036784915414616,0.7045870555550866,False,NONE,2025-02-20,2025-02-21,-0.24375449852363795,1.2311303614235207,2.040245413280473,0.3872865566920035,0.6980219834838651,5,5,-0.46083255703144865,False,False,False,False,True,False,,False,False
2025-02-21,2025-02-20,test,test,5689,test,0.8908629441624365,4,1.2311303614235207,test,0.9298782493065287,4,1.4748848599471587,-0.24375449852363795,True,NONE,2025-02-21,2025-02-24,-2.0147946631782454,0.025450750102227516,0.44206924961863536,0.4592022432180391,0.41174194361112065,5,5,1.7710401646546075,False,False,False,False,False,False,,False,False
2025-02-24,2025-02-21,test,test,5690,test,0.5101522842639594,4,0.025450750102227516,test,0.9793370556778862,4,2.040245413280473,-2.0147946631782454,True,NONE,2025-02-24,2025-02-25,-0.1015991523796434,0.34047009723899196,0.6185961187012258,0.7980945441835494,0.5792238525688906,5,5,-1.913195510798602,False,False,False,False,False,False,,False,False
2025-02-25,2025-02-24,test,test,5691,test,0.633248730964467,4,0.34047009723899196,test,0.6707804522467152,4,0.44206924961863536,-0.1015991523796434,False,NONE,2025-02-25,2025-02-26,-0.6535942659209648,-0.03499814721973903,0.736535121625894,0.9947111269593527,0.8116902228774737,5,5,0.5519951135413215,False,False,False,False,True,False,,False,False
2025-02-26,2025-02-25,test,test,5692,test,0.4860406091370558,4,-0.03499814721973903,test,0.7319087702954485,4,0.6185961187012258,-0.6535942659209648,False,NONE,2025-02-26,2025-02-27,-0.3621553997108777,0.3743797219150163,-0.34733598580690284,1.0745434244101337,0.8393183830497462,5,5,-0.29143886621008713,False,False,False,False,True,False,,False,False
2025-02-27,2025-02-26,test,test,5693,test,0.6459390862944163,4,0.3743797219150163,test,0.7692974491692641,4,0.736535121625894,-0.3621553997108777,False,NONE,2025-02-27,2025-02-28,1.938044779860602,1.590708794053699,0.608845213916751,1.1676293720497009,1.3326033415714478,5,5,1.5758893801497242,False,False,False,False,True,False,,False,False
2025-02-28,2025-02-27,test,test,5694,test,0.9441624365482233,4,1.590708794053699,test,0.36416945943330026,4,-0.34733598580690284,1.938044779860602,False,NONE,2025-02-28,2025-03-03,1.111067041013028,1.7199122549297787,1.2794787944074852,0.8773582926322376,1.4327057862907018,5,5,-0.8269777388475741,False,False,False,False,True,False,,False,False
2025-03-03,2025-02-28,test,test,5695,test,0.9572758037225042,4,1.7199122549297787,test,0.72868647945323,4,0.608845213916751,1.111067041013028,False,NONE,2025-03-03,2025-03-04,0.044074216710523695,1.323553011118009,1.7809279702441416,0.5112760147822667,1.2183850993534995,5,5,-1.0669928243025042,False,False,True,False,False,False,,False,False
2025-03-04,2025-03-03,test,test,5696,test,0.9071742302197635,4,1.323553011118009,test,0.8996357488060853,4,1.2794787944074852,0.044074216710523695,False,NONE,2025-03-04,2025-03-05,-1.416764630209976,0.36416334003416584,0.874675922487256,0.40418956988850707,1.1723526410287466,5,5,1.3726904134994522,False,False,False,False,True,False,,False,False
2025-03-05,2025-03-04,test,test,5697,test,0.6421319796954315,4,0.36416334003416584,test,0.9625378907031943,4,1.7809279702441416,-1.416764630209976,False,NONE,2025-03-05,2025-03-06,-0.034866462374404605,0.8398094601128514,2.1190888068016047,0.2794602164232196,0.765186842705029,5,5,-1.3818981678355713,False,False,False,True,False,False,,False,False
2025-03-06,2025-03-05,test,test,5698,test,0.799492385786802,4,0.8398094601128514,test,0.8091248677399983,4,0.874675922487256,-0.034866462374404605,False,NONE,2025-03-06,2025-03-07,-1.9797354098352213,0.1393533969663834,1.109357437513022,-0.017337729158110604,0.15588058625041573,5,5,1.9448689474608167,False,False,False,False,True,False,,False,False
2025-03-07,2025-03-06,test,test,5699,test,0.555414551607445,4,0.1393533969663834,test,0.9829585187539733,4,2.1190888068016047,-1.9797354098352213,True,NONE,2025-03-07,2025-03-10,-1.219856571833099,-0.11049913432007692,0.20787535972147228,-0.005937236292573422,-0.06137725382425874,5,5,-0.7598788380021224,False,False,False,False,False,False,,False,False
2025-03-10,2025-03-07,test,test,5700,test,0.45600676818950936,4,-0.11049913432007692,test,0.8663619920501016,4,1.109357437513022,-1.219856571833099,True,NONE,2025-03-10,2025-03-11,0.5802454269277394,0.7881207866492117,1.5507656786203774,0.15589233931144353,-0.09006746036244395,5,5,-0.6396111449053595,False,False,False,False,False,False,,False,False
2025-03-11,2025-03-10,test,test,5701,test,0.7846869712351945,4,0.7881207866492117,test,0.5823368555005862,4,0.20787535972147228,0.5802454269277394,True,NONE,2025-03-11,2025-03-12,-1.8102491059126486,-0.25948342729227136,-1.1611530691313314,-0.08834287150270712,0.08142290545071207,5,5,1.2300036789849091,False,False,False,False,False,False,,False,False
2025-03-12,2025-03-11,test,test,5702,test,0.3976311336717428,4,-0.25948342729227136,test,0.9395210758100032,4,1.5507656786203774,-1.8102491059126486,True,NONE,2025-03-12,2025-03-13,0.5169728013375315,-0.6441802677937999,-0.9274424754714614,0.21658525289744052,0.37683675918346476,5,5,-1.2932763045751172,False,False,False,False,False,False,,False,False
2025-03-13,2025-03-12,test,test,5703,test,0.25972927241962773,4,-0.6441802677937999,test,0.12278982813348967,4,-1.1611530691313314,0.5169728013375315,True,NONE,2025-03-13,2025-03-14,1.1237983367655309,0.1963558612940694,0.02306823713964958,0.19150763270144894,0.35595778955812507,5,5,0.6068255354279993,False,False,False,False,False,False,,False,False
2025-03-14,2025-03-13,test,test,5704,test,0.577834179357022,4,0.1963558612940694,test,0.1768484228888444,4,-0.9274424754714614,1.1237983367655309,False,NONE,2025-03-14,2025-03-17,0.6755805065603582,0.6986487437000077,0.06442432703054612,0.36714839634005836,0.46924978442399806,5,5,-0.4482178302051727,False,False,False,False,True,False,,False,False
2025-03-17,2025-03-14,test,test,5705,test,0.7576142131979695,4,0.6986487437000077,test,0.5092020789842432,4,0.02306823713964958,0.6755805065603582,False,NONE,2025-03-17,2025-03-18,-0.49747959445208767,-0.43305526742154155,2.4082175076861576,0.220206817569733,0.4190426350068572,5,5,-0.1781009121082705,False,False,False,False,True,False,,False,False
2025-03-18,2025-03-17,test,test,5706,test,0.33248730964467005,4,-0.43305526742154155,test,0.525683819954817,4,0.06442432703054612,-0.49747959445208767,False,NONE,2025-03-18,2025-03-19,-1.1430603129776906,1.265157194708467,0.31591619953243205,0.3304118856527128,0.06328591383540114,5,5,0.645580718525603,False,False,False,False,True,False,,False,False
2025-03-19,2025-03-18,test,test,5707,test,0.8970925082395036,4,1.265157194708467,test,0.9919846864365581,4,2.4082175076861576,-1.1430603129776906,True,NONE,2025-03-19,2025-03-20,-1.08548456830619,-0.7695683687737579,-1.0318373235981597,0.07292667814549408,0.12026782532575583,5,5,-0.05757574467150062,False,False,False,False,False,False,,False,False
2025-03-20,2025-03-19,test,test,5708,test,0.2207779871728624,4,-0.7695683687737579,test,0.6239669421487604,4,0.31591619953243205,-1.08548456830619,True,NONE,2025-03-20,2025-03-21,2.1063970030852763,1.0745596794871166,0.5895282114690145,0.34540498810872916,0.38792911712862954,5,5,1.0209124347790863,False,False,False,False,False,False,,False,False
2025-03-21,2025-03-20,test,test,5709,test,0.8587140439932318,4,1.0745596794871166,test,0.1510741656896108,4,-1.0318373235981597,2.1063970030852763,True,NONE,2025-03-21,2025-03-24,-0.6255873616206334,-0.036059150151618986,-0.1866114200551582,0.2858132401263581,0.5203236752722147,5,5,-1.480809641464643,False,False,False,False,False,False,,False,False
2025-03-24,2025-03-21,test,test,5710,test,0.4856175972927242,4,-0.036059150151618986,test,0.7222465034965035,4,0.5895282114690145,-0.6255873616206334,True,NONE,2025-03-24,2025-03-25,0.30458149304851523,0.117970072993357,0.6294339018288772,0.43086623905274496,0.9689932124323889,5,5,-0.3210058685721182,False,False,False,False,False,False,,False,False
2025-03-25,2025-03-24,test,test,5711,test,0.5469543147208122,4,0.117970072993357,test,0.425982656066802,4,-0.1866114200551582,0.30458149304851523,False,NONE,2025-03-25,2025-03-26,-0.6517027446565035,-0.022268842827626326,0.6008257569842055,0.3454379583950087,1.1301397235584485,5,5,0.34712125160798823,False,False,False,False,True,False,,False,False
2025-03-26,2025-03-25,test,test,5712,test,0.49111675126903553,4,-0.022268842827626326,test,0.7354674854871457,4,0.6294339018288772,-0.6517027446565035,False,NONE,2025-03-26,2025-03-27,-0.008002575941788215,0.5928231810424173,0.3064691354162085,0.5227314293944816,1.3674697424776041,5,5,-0.6437001687147152,False,False,False,False,True,False,,False,False
2025-03-27,2025-03-26,test,test,5713,test,0.7233502538071066,4,0.5928231810424173,test,0.7260219766078526,4,0.6008257569842055,-0.008002575941788215,False,NONE,2025-03-27,2025-03-28,0.47013180415905326,0.7766009395752618,1.2515010021869402,0.7827400792702388,1.7796967160301513,5,5,0.46212922821726504,False,False,False,False,True,False,,False,False
2025-03-28,2025-03-27,test,test,5714,test,0.7813028764805414,4,0.7766009395752618,test,0.6203762618319083,4,0.3064691354162085,0.47013180415905326,False,NONE,2025-03-28,2025-03-31,-0.5622951577066251,0.6892058444803151,2.056736265745713,0.9260759818566923,1.8338578197295448,5,5,0.09216335354757182,False,False,False,False,True,False,,False,False
2025-03-31,2025-03-28,test,test,5715,test,0.754653130287648,4,0.6892058444803151,test,0.8946241258741259,4,1.2515010021869402,-0.5622951577066251,False,NONE,2025-03-31,2025-04-01,-2.365907596041037,-0.3091713302953242,1.4351664574591751,0.8445309361447381,1.6575114631629024,5,5,1.8036124383344119,False,False,False,False,True,False,,False,False
2025-04-01,2025-03-31,test,test,5716,test,0.37859560067681897,4,-0.3091713302953242,test,0.9801441991478166,4,2.056736265745713,-2.365907596041037,False,NONE,2025-04-01,2025-04-02,-0.5709679452894374,0.8641985121697378,1.7874758515799831,0.7671763128920019,1.4200479226994323,5,5,-1.7949396507515996,False,False,False,True,False,False,,False,False
2025-04-02,2025-04-01,test,test,5717,test,0.8062605752961083,4,0.8641985121697378,test,0.9243801652892562,4,1.4351664574591751,-0.5709679452894374,False,NONE,2025-04-02,2025-04-03,0.10539057884122083,1.892866430421204,2.367604003178946,1.0649770056717822,1.063220045795677,5,5,-0.46557736644821657,False,False,False,False,True,False,,False,False
2025-04-03,2025-04-02,test,test,5718,test,0.9708121827411168,4,1.892866430421204,test,0.9630696941466839,4,1.7874758515799831,0.10539057884122083,False,NONE,2025-04-03,2025-04-04,-0.8743235506714175,1.4932804525075285,1.5223065206839053,0.8074869322115911,0.8373640407420891,5,5,0.7689329718301967,False,False,True,True,False,True,,False,False
2025-04-04,2025-04-03,test,test,5719,test,0.9323181049069373,4,1.4932804525075285,test,0.9910481563890654,4,2.367604003178946,-0.8743235506714175,True,NONE,2025-04-04,2025-04-07,-1.2408259047633612,0.28148061592054413,1.175004482912503,0.8156468594574442,0.9470019536436414,5,5,0.36650235409194365,False,False,False,False,False,False,,False,False
2025-04-07,2025-04-04,test,test,5720,test,0.61082910321489,4,0.28148061592054413,test,0.9360338525111253,4,1.5223065206839053,-1.2408259047633612,True,NONE,2025-04-07,2025-04-08,-1.870948929471508,-0.6959444465590051,0.24784875514182336,0.7019505677702005,0.6931379340161731,5,5,0.6301230247081469,False,False,False,False,False,False,,False,False
2025-04-08,2025-04-07,test,test,5721,test,0.24323181049069373,4,-0.6959444465590051,test,0.8800035388486946,4,1.175004482912503,-1.870948929471508,False,NONE,2025-04-08,2025-04-09,2.1053532209268164,2.3532019760686396,0.00333646706120779,0.6092102222986153,0.7093530128437926,5,5,0.2344042914553084,False,False,False,False,True,False,,False,False
2025-04-09,2025-04-08,test,test,5722,test,0.9906937394247038,4,2.3532019760686396,test,0.5978742848061029,4,0.24784875514182336,2.1053532209268164,False,NONE,2025-04-09,2025-04-10,0.60207959605904,0.6054160631202479,1.2383239779110065,0.165584216079598,0.9937569297029272,5,5,-1.5032736248677763,False,False,True,False,False,False,,False,False
2025-04-10,2025-04-09,test,test,5723,test,0.7275487096872245,4,0.6054160631202479,test,0.501331055308328,4,0.00333646706120779,0.60207959605904,True,NONE,2025-04-10,2025-04-11,0.2957561108257878,1.5340800887367942,2.070496085191666,-0.10180122374449571,0.5455553825784232,5,5,-0.30632348523325226,False,False,False,False,False,False,,False,False
2025-04-11,2025-04-10,test,test,5724,test,0.9374950244543545,4,1.5340800887367942,test,0.8922020217907289,4,1.2383239779110065,0.2957561108257878,True,NONE,2025-04-11,2025-04-14,-2.35749692770734,-0.2870008425156741,-0.09431561522483839,-1.0760734394315434,0.09264156109235025,5,5,2.061740816881552,False,False,False,False,False,False,,False,False
2025-04-14,2025-04-11,test,test,5725,test,0.3870558375634518,4,-0.2870008425156741,test,0.9807970438652257,4,2.070496085191666,-2.35749692770734,False,NONE,2025-04-14,2025-04-15,-1.0653305586920927,-1.159646173916931,0.32892414927992103,-0.9924243805626748,0.43730138701480337,5,5,-1.2921663690152474,False,False,False,True,False,False,,False,False
2025-04-15,2025-04-14,test,test,5726,test,0.12309644670050762,4,-1.159646173916931,test,0.46242922302610884,4,-0.09431561522483839,-1.0653305586920927,False,NONE,2025-04-15,2025-04-16,-0.19385220430636796,0.13507194497355307,1.4253560513568813,-0.6452012222933805,0.5520558842189033,5,5,-0.8714783543857247,False,False,False,False,True,False,,False,False
2025-04-16,2025-04-15,test,test,5727,test,0.5537225042301184,4,0.13507194497355307,test,0.6288934897282648,4,0.32892414927992103,-0.19385220430636796,False,NONE,2025-04-16,2025-04-17,-2.156867187357102,-0.7315111360002208,-1.0026837577115137,-0.31228066533514115,0.3390721773508347,5,5,1.963014983050734,False,False,False,False,True,False,,False,False
2025-04-17,2025-04-16,test,test,5728,test,0.23223350253807107,4,-0.7315111360002208,test,0.9229728473791072,4,1.4253560513568813,-2.156867187357102,False,NONE,2025-04-17,2025-04-18,-2.3345972319869315,-3.337280989698445,-0.19407302223869885,-0.5001450535636721,0.5595008398331858,5,5,0.17773004462982955,False,False,False,False,True,False,,False,False
2025-04-18,2025-04-17,test,test,5729,test,0.00042301184433164127,4,-3.337280989698445,test,0.1580067345363036,4,-1.0026837577115137,-2.3345972319869315,True,NONE,2025-04-18,2025-04-21,0.3253174740673681,0.13124445182866923,1.6289835143874272,0.3266770940935707,0.7942559432403596,5,5,-2.0092797579195634,False,False,False,False,False,False,,False,False
2025-04-21,2025-04-18,test,test,5730,test,0.5522090337092312,4,0.13124445182866923,test,0.4230593525694186,4,-0.19407302223869885,0.3253174740673681,True,NONE,2025-04-21,2025-04-22,-1.0525138969578858,0.5764696174295414,0.9026966353004204,0.3065791072261994,0.5520253679657926,5,5,0.7271964228905177,False,False,False,False,False,False,,False,False
2025-04-22,2025-04-21,test,test,5731,test,0.7178510998307952,4,0.5764696174295414,test,0.948341745546055,4,1.6289835143874272,-1.0525138969578858,False,NONE,2025-04-22,2025-04-23,0.8969780944643289,1.7996747297647493,0.3604375170165386,0.05850951860249924,0.39281453206450767,5,5,-0.15553580249355692,False,False,False,False,True,False,,False,False
2025-04-23,2025-04-22,test,test,5732,test,0.9640439932318106,4,1.7996747297647493,test,0.8166565386485172,4,0.9026966353004204,0.8969780944643289,False,NONE,2025-04-23,2025-04-24,-2.031270594159414,-1.6708330771428752,0.09945955470024162,-0.6067108309172861,0.6941930542772722,5,5,1.134292499695085,False,False,True,False,False,False,,False,False
2025-04-24,2025-04-23,test,test,5733,test,0.047377326565143825,4,-1.6708330771428752,test,0.6407400125825731,4,0.3604375170165386,-2.031270594159414,False,NONE,2025-04-24,2025-04-25,0.6973701938875271,0.7968297485877687,0.9797024947971705,-0.036194776627835525,0.9513491043796257,5,5,-1.3339004002718866,False,False,False,False,True,False,,False,False
2025-04-25,2025-04-24,test,test,5734,test,0.7872250423011844,4,0.7968297485877687,test,0.53961330035174,4,0.09945955470024162,0.6973701938875271,False,NONE,2025-04-25,2025-04-28,-0.9489479773053576,0.030754517491812957,0.41783063801459175,-0.07570634375688626,0.9351054402739287,5,5,0.25157778341783055,False,False,False,False,True,False,,False,False
2025-04-28,2025-04-25,test,test,5735,test,0.5122673434856175,4,0.030754517491812957,test,0.8363835028607756,4,0.9797024947971705,-0.9489479773053576,False,NONE,2025-04-28,2025-04-29,-1.081708963703551,-0.6638783256889594,0.10664245579399596,-0.31841814922945133,0.849621983987296,5,5,0.13276098639819345,False,False,False,False,True,False,,False,False
2025-04-29,2025-04-28,test,test,5736,test,0.2533840947546531,4,-0.6638783256889594,test,0.6619645257227831,4,0.41783063801459175,-1.081708963703551,False,NONE,2025-04-29,2025-04-30,-1.633069473628173,-1.526427017834177,1.867330128080361,-0.1754588842813524,1.0243989518864873,5,5,0.5513605099246219,False,False,False,False,True,False,,False,False
2025-04-30,2025-04-29,test,test,5737,test,0.06345177664974619,4,-1.526427017834177,test,0.5424636821184478,4,0.10664245579399596,-1.633069473628173,False,NONE,2025-04-30,2025-05-01,-0.6855829337759838,1.1817471943043771,1.385239805212009,0.25374292701791096,0.7895144417437459,5,5,-0.9474865398521892,False,False,False,False,True,False,,False,False
2025-05-01,2025-04-30,test,test,5738,test,0.8813469869543002,4,1.1817471943043771,test,0.9690722497068832,4,1.867330128080361,-0.6855829337759838,True,NONE,2025-05-01,2025-05-02,-0.7859678922694937,0.5992719129425153,0.8984841742686864,0.15043361784217457,0.3442114272642455,5,5,0.10038495849350992,False,False,False,False,False,False,,False,False
2025-05-02,2025-05-01,test,test,5739,test,0.7255042127492658,4,0.5992719129425153,test,0.917010423517973,4,1.385239805212009,-0.7859678922694937,True,NONE,2025-05-02,2025-05-05,-2.081288684139699,-1.1828045098710125,-0.009586643418572426,-0.24492011789847296,0.3294611068561338,5,5,1.2953207918702052,False,False,False,False,False,False,,False,False
2025-05-05,2025-05-02,test,test,5740,test,0.11844331641285957,4,-1.1828045098710125,test,0.815536260688038,4,0.8984841742686864,-2.081288684139699,True,NONE,2025-05-05,2025-05-06,0.06050464247010763,0.050917999051535205,0.9805272952899529,0.48115436198184647,0.4355390066831446,5,5,-2.0207840416695912,False,False,False,False,False,False,,False,False
2025-05-06,2025-05-05,test,test,5741,test,0.5203045685279188,4,0.050917999051535205,test,0.4961755411936286,4,-0.009586643418572426,0.06050464247010763,False,NONE,2025-05-06,2025-05-07,-0.36094525662781296,0.6195820386621399,0.6929075773666538,0.18759227775399082,-0.0010954949474712538,5,5,0.30044061415770534,False,False,False,False,True,False,,False,False
2025-05-07,2025-05-06,test,test,5742,test,0.7322335025380711,4,0.6195820386621399,test,0.8365870485286968,4,0.9805272952899529,-0.36094525662781296,True,NONE,2025-05-07,2025-05-08,-0.02770692894095872,0.665200648425695,-0.8412752671854938,0.3703281137249381,0.11823080291600921,5,5,-0.33323832768685424,False,False,False,False,False,False,,False,False
2025-05-08,2025-05-07,test,test,5743,test,0.7470389170896785,4,0.665200648425695,test,0.7558162229403185,4,0.6929075773666538,-0.02770692894095872,True,NONE,2025-05-08,2025-05-09,-0.5362214985752286,-1.3774967657607224,0.8247325722281287,0.2519336644511708,0.41256669102997706,5,5,0.5085145696342699,False,False,False,False,False,False,,False,False
2025-05-09,2025-05-08,test,test,5744,test,0.08417935702199661,4,-1.3774967657607224,test,0.20009687151477024,4,-0.8412752671854938,-0.5362214985752286,False,NONE,2025-05-09,2025-05-12,1.622835317302456,2.4475678895305846,0.5208028557164813,0.6241739171645619,0.3562041204502681,5,5,1.0866138187272272,False,False,False,False,True,False,,False,False
2025-05-12,2025-05-09,test,test,5745,test,0.9928087986463621,4,2.4475678895305846,test,0.7952382824787669,4,0.8247325722281287,1.622835317302456,False,NONE,2025-05-12,2025-05-13,-1.9376952778042242,-1.4168924220877428,-1.2026452128631262,-0.014707462866250331,0.324385065188172,5,5,0.31485996050176834,False,False,True,False,False,False,,False,False
2025-05-13,2025-05-12,test,test,5746,test,0.07825719120135363,4,-1.4168924220877428,test,0.6987479432332373,4,0.5208028557164813,-1.9376952778042242,True,NONE,2025-05-13,2025-05-14,2.7359064313800023,1.5332612185168761,1.289539066684056,0.48856020852064813,0.6424229012277554,5,5,0.7982111535757781,False,False,False,False,False,False,,False,False
2025-05-14,2025-05-13,test,test,5747,test,0.937394247038917,4,1.5332612185168761,test,0.11455682175641282,4,-1.2026452128631262,2.7359064313800023,True,NONE,2025-05-14,2025-05-15,-1.2163106646271975,0.0732284020568586,0.6304041733843457,0.13460385528654167,0.6557720420991034,5,5,-1.5195957667528048,False,False,False,False,False,False,,False,False
2025-05-15,2025-05-14,test,test,5748,test,0.5291878172588833,4,0.0732284020568586,test,0.9013946280991736,4,1.289539066684056,-1.2163106646271975,False,NONE,2025-05-15,2025-05-16,-0.14669967557811248,0.48370449780623326,0.5429197193295839,0.2900416559638018,0.6018674489364266,5,5,-1.069610989049085,False,False,False,False,True,False,,False,False
2025-05-16,2025-05-15,test,test,5749,test,0.6857021996615905,4,0.48370449780623326,test,0.7357849094912636,4,0.6304041733843457,-0.14669967557811248,True,NONE,2025-05-16,2025-05-19,-1.2897587299530606,-0.7468390106234768,0.36170757940600046,0.306846270919897,0.6386853671711453,5,5,1.1430590543749481,False,False,False,False,False,False,,False,False
2025-05-19,2025-05-16,test,test,5750,test,0.227580372250423,4,-0.7468390106234768,test,0.7064074608939346,4,0.5429197193295839,-1.2897587299530606,True,NONE,2025-05-19,2025-05-20,0.7377383554407491,1.0994459348467496,0.3875439673347904,0.26708584032752636,0.6336295308239832,5,5,-0.5520203745123116,False,False,False,False,False,False,,False,False
2025-05-20,2025-05-19,test,test,5751,test,0.8642131979695431,4,1.0994459348467496,test,0.6412147187508936,4,0.36170757940600046,0.7377383554407491,False,NONE,2025-05-20,2025-05-21,-0.6240645149884467,-0.23652054765365632,1.3562847710407966,0.1990989888489543,0.7766666483085277,5,5,-0.11367384045230233,False,False,False,False,True,False,,False,False
2025-05-21,2025-05-20,test,test,5752,test,0.4065143824027073,4,-0.23652054765365632,test,0.6508232291458149,4,0.3875439673347904,-0.6240645149884467,False,NONE,2025-05-21,2025-05-22,-0.5058673655976373,0.8504174054431592,0.36088120757096176,0.27427377777296225,0.4768675814308339,5,5,-0.11819714939080939,False,False,False,False,True,False,,False,False
2025-05-22,2025-05-21,test,test,5753,test,0.8024534686971235,4,0.8504174054431592,test,0.9124957104864309,4,1.3562847710407966,-0.5058673655976373,False,NONE,2025-05-22,2025-05-23,0.20684636501574738,0.5677275725867091,0.7270093105031771,0.45992158045346915,0.5471317651363653,5,5,-0.29902100058188996,False,False,False,False,True,False,,False,False
2025-05-23,2025-05-22,test,test,5754,test,0.7148900169204738,4,0.5677275725867091,test,0.640905873773914,4,0.36088120757096176,0.20684636501574738,True,NONE,2025-05-23,2025-05-26,-1.672650474088507,-0.94564116358533,0.33642839767019017,0.17415168162475084,0.4707907300714814,5,5,1.4658041090727596,False,False,False,False,False,False,,False,False
2025-05-26,2025-05-23,test,test,5755,test,0.172165820642978,4,-0.94564116358533,test,0.766389873888301,4,0.7270093105031771,-1.672650474088507,True,NONE,2025-05-26,2025-05-27,0.4230832797836991,0.7595116774538893,1.102729554757513,0.25786411972174916,0.6098658016486372,5,5,-1.2495671943048081,False,False,False,False,False,False,,False,False
2025-05-27,2025-05-26,test,test,5756,test,0.7762267343485618,4,0.7595116774538893,test,0.6317260810124132,4,0.33642839767019017,0.4230832797836991,False,NONE,2025-05-27,2025-05-28,-0.9633761577911297,0.1393533969663834,-0.1427105633476731,0.1561058204055759,0.47466179257792857,5,5,0.5402928780074306,False,False,False,False,True,False,,False,False
2025-05-28,2025-05-27,test,test,5757,test,0.555414551607445,4,0.1393533969663834,test,0.8649276859504131,4,1.102729554757513,-0.9633761577911297,False,NONE,2025-05-28,2025-05-29,1.921366982193367,1.778656418845694,0.7122021260986191,0.4187355232581183,0.6420489081080076,5,5,0.9579908244022373,False,False,False,False,True,False,,False,False
2025-05-29,2025-05-28,test,test,5758,test,0.9623519458544839,4,1.778656418845694,test,0.4432593868855272,4,-0.1427105633476731,1.921366982193367,False,NONE,2025-05-29,2025-05-30,-1.5733240476555017,-0.8611219215568825,0.3453041351787582,0.18283528563627768,0.9346856415256102,5,5,-0.3480429345378653,False,False,True,False,False,False,,False,False
2025-05-30,2025-05-29,test,test,5759,test,0.19458544839255498,4,-0.8611219215568825,test,0.7618301897064873,4,0.7122021260986191,-1.5733240476555017,False,NONE,2025-05-30,2025-06-02,-0.872383108279096,-0.5270789731003379,1.031803755555969,0.13901100533314512,0.8290779738323163,5,5,-0.7009409393764057,False,False,False,False,True,False,,False,False
2025-06-02,2025-05-30,test,test,5760,test,0.2990693739424704,4,-0.5270789731003379,test,0.6350671308873574,4,0.3453041351787582,-0.872383108279096,False,NONE,2025-06-02,2025-06-03,-0.7810835746829465,0.25072018087302245,0.42670950940396957,0.20623603240647165,0.4372287276268302,5,5,-0.0912995335961495,False,False,False,False,True,False,,False,False
2025-06-03,2025-06-02,test,test,5761,test,0.5989847715736041,4,0.25072018087302245,test,0.8489179702021791,4,1.031803755555969,-0.7810835746829465,False,NONE,2025-06-03,2025-06-04,1.025792401825126,1.4525019112290956,0.6942250143027221,0.28310662531449476,0.6032020450072688,5,5,0.24470882714217956,False,False,False,False,True,False,,False,False
2025-06-04,2025-06-03,test,test,5762,test,0.926818950930626,4,1.4525019112290956,test,0.6652045383053562,4,0.42670950940396957,1.025792401825126,False,NONE,2025-06-04,2025-06-05,-0.09506978356623119,0.5991552307364909,2.1753857931866327,0.07758975180468113,0.3041815859647207,5,5,-0.9307226182588949,False,False,False,False,True,False,,False,False
2025-06-05,2025-06-04,test,test,5763,test,0.7254653130287648,4,0.5991552307364909,test,0.7562294460808144,4,0.6942250143027221,-0.09506978356623119,False,NONE,2025-06-05,2025-06-06,-3.255629116259178,-1.0802433230725454,-0.1827342032877123,0.02630234000722016,0.030001554970401488,5,5,3.160559332692947,False,False,False,False,True,False,,False,False
2025-06-06,2025-06-05,test,test,5764,test,0.1400169204737733,4,-1.0802433230725454,test,0.9851993908890732,4,2.1753857931866327,-3.255629116259178,True,NONE,2025-06-06,2025-06-09,-0.00821963444599308,-0.1909538377337054,-0.9274424754714614,0.39745876494439053,0.38832514100218585,5,5,-3.247409481813185,False,False,False,False,False,False,,False,False
2025-06-09,2025-06-06,test,test,5765,test,0.42428087986463625,4,-0.1909538377337054,test,0.42750328862706966,4,-0.1827342032877123,-0.00821963444599308,True,NONE,2025-06-09,2025-06-10,1.5625156208845996,0.6350731454131383,1.2565760963061632,0.464162764265157,0.981042770603838,5,5,1.5542959864386066,False,False,False,False,False,False,,False,False
2025-06-10,2025-06-09,test,test,5766,test,0.7373096446700507,4,0.6350731454131383,test,0.1768484228888444,4,-0.9274424754714614,1.5625156208845996,True,NONE,2025-06-10,2025-06-11,-0.8316585526261359,0.4249175436800273,-0.8008772809100181,0.3656613669565547,0.596129588853818,5,5,-0.7308570682584637,False,False,False,False,False,False,,False,False
2025-06-11,2025-06-10,test,test,5767,test,0.6645516074450084,4,0.4249175436800273,test,0.8955464125368183,4,1.2565760963061632,-0.8316585526261359,True,NONE,2025-06-11,2025-06-12,1.1435954526592043,0.34271817174918606,0.8044856382150362,0.016252066055767365,0.6408505968227157,5,5,0.3119369000330684,False,False,False,False,False,False,,False,False
2025-06-12,2025-06-11,test,test,5768,test,0.6340947546531303,4,0.34271817174918606,test,0.21160134690726073,4,-0.8008772809100181,1.1435954526592043,True,NONE,2025-06-12,2025-06-13,-0.028946836601729586,0.7755388016133066,1.6088837268712095,-0.012155247894137,0.36267291869523854,5,5,-1.1146486160574747,False,False,False,False,False,False,,False,False
2025-06-13,2025-06-12,test,test,5769,test,0.7809893266404102,4,0.7755388016133066,test,0.7894417198089736,4,0.8044856382150362,-0.028946836601729586,False,NONE,2025-06-13,2025-06-16,-1.4663175680010827,0.14256615887012683,2.0361456725367995,-0.23805997374519347,0.050319433881146666,5,5,1.4373707313993531,False,False,False,False,True,False,,False,False
2025-06-16,2025-06-13,test,test,5770,test,0.5566835871404399,4,0.14256615887012683,test,0.9461791157882696,4,1.6088837268712095,-1.4663175680010827,False,NONE,2025-06-16,2025-06-17,-1.8935795136666727,0.14256615887012683,-0.6679898124439372,0.12702447183299492,-0.027296083080842325,5,5,0.42726194566558995,False,False,False,False,True,False,,False,False
2025-06-17,2025-06-16,test,test,5771,test,0.5566835871404399,4,0.14256615887012683,test,0.9791321351658722,4,2.0361456725367995,-1.8935795136666727,True,NONE,2025-06-17,2025-06-18,-0.6541391483799721,-1.3221289608239093,-0.577272241065529,0.08747817874864333,0.34053094614822843,5,5,-1.2394403652867005,False,False,False,False,False,False,,False,False
2025-06-18,2025-06-17,test,test,5772,test,0.09306260575296108,4,-1.3221289608239093,test,0.25207004775658437,4,-0.6679898124439372,-0.6541391483799721,True,NONE,2025-06-18,2025-06-19,0.777953843065193,0.200681601999664,-0.5864027524223498,0.27680051656666144,0.5874240541859854,5,5,0.12381469468522088,False,False,False,False,False,False,,False,False
2025-06-19,2025-06-18,test,test,5773,test,0.5795262267343486,4,0.200681601999664,test,0.2818777813095995,4,-0.577272241065529,0.777953843065193,True,NONE,2025-06-19,2025-06-20,0.23241792478037415,-0.3539848276419757,0.04711630280074992,0.28997111403708986,0.9590448678161498,5,5,-0.5455359182848188,False,False,False,False,False,False,,False,False
2025-06-20,2025-06-19,test,test,5774,test,0.3616751269035533,4,-0.3539848276419757,test,0.27880244755244754,4,-0.5864027524223498,0.23241792478037415,True,NONE,2025-06-20,2025-06-23,1.9208720839603188,1.9679883867610688,1.6480680877268543,0.31824867298808734,1.0092860472471012,5,5,1.6884541591799447,False,False,False,False,False,False,,False,False
2025-06-23,2025-06-20,test,test,5775,test,0.9754653130287648,4,1.9679883867610688,test,0.5187897329942784,4,0.04711630280074992,1.9208720839603188,True,NONE,2025-06-23,2025-06-24,-1.7032333942784854,-0.055165306551631155,1.1711453337014168,-0.09020732913930815,0.6945489037561271,5,5,-0.21763868968183342,False,False,False,False,False,False,,False,False
2025-06-24,2025-06-23,test,test,5776,test,0.4780033840947546,4,-0.055165306551631155,test,0.9503306500042895,4,1.6480680877268543,-1.7032333942784854,False,NONE,2025-06-24,2025-06-25,-1.5466626054352357,-0.3755172717338189,0.6571932991232557,0.2295554931771587,0.6670789596788712,5,5,-0.1565707888432497,False,False,False,True,False,False,,False,False
2025-06-25,2025-06-24,test,test,5777,test,0.3536379018612521,4,-0.3755172717338189,test,0.8792298178386571,4,1.1711453337014168,-1.5466626054352357,False,NONE,2025-06-25,2025-06-26,-0.39065870977144945,0.2665345893518063,1.2717013157284727,0.2606199037729194,0.9436118531597322,5,5,-1.1560038956637864,False,False,False,False,True,False,,False,False
2025-06-26,2025-06-25,test,test,5778,test,0.6050862379664167,4,0.2665345893518063,test,0.7444716831611295,4,0.6571932991232557,-0.39065870977144945,False,NONE,2025-06-26,2025-06-27,-1.484298348615461,-0.21259703288698834,0.2983221999555074,0.4667395745008392,0.500909172641479,5,5,1.0936396388440115,False,False,False,False,True,False,,False,False
2025-06-27,2025-06-26,test,test,5779,test,0.41582064297800336,4,-0.21259703288698834,test,0.8982603685242093,4,1.2717013157284727,-1.484298348615461,False,NONE,2025-06-27,2025-06-30,-0.37261382383141617,-0.07429162387590874,0.07438237027198276,0.19172166493473056,0.49084529497115315,5,5,-1.111684524784045,False,False,False,False,True,False,,False,False
2025-06-30,2025-06-27,test,test,5780,test,0.4703891708967851,4,-0.07429162387590874,test,0.6172713689267637,4,0.2983221999555074,-0.37261382383141617,False,NONE,2025-06-30,2025-07-01,1.4692664347587205,1.5436488050307033,1.0337956133151374,0.2324441261638941,0.6885382027175024,5,5,1.0966526109273045,False,False,False,False,True,False,,False,False
2025-07-01,2025-06-30,test,test,5781,test,0.938663282571912,4,1.5436488050307033,test,0.5296469317879353,4,0.07438237027198276,1.4692664347587205,False,NONE,2025-07-01,2025-07-02,-1.2539908320701532,-0.2201952187550158,2.03985776652756,-0.17136118036877734,0.5412977714355549,5,5,-0.21527560268856738,False,False,False,False,True,False,,False,False
2025-07-02,2025-07-01,test,test,5782,test,0.4128595600676819,4,-0.2201952187550158,test,0.849384138588684,4,1.0337956133151374,-1.2539908320701532,False,NONE,2025-07-02,2025-07-03,-0.7427248235361548,1.2971329429914054,-0.9418120868627927,-0.20906723697497961,0.07349163556298623,5,5,-0.5112660085339984,False,False,False,False,True,False,,False,False
2025-07-03,2025-07-02,test,test,5783,test,0.9027072758037225,4,1.2971329429914054,test,0.9793177528668249,4,2.03985776652756,-0.7427248235361548,True,NONE,2025-07-03,2025-07-04,-0.6458744938547384,-1.587686580717531,0.248002811603878,-0.4233677730825856,-0.04777172601859969,5,5,-0.09685032968141638,False,False,False,False,False,False,,False,False
2025-07-04,2025-07-03,test,test,5784,test,0.05617861448965738,4,-1.587686580717531,test,0.17314442792187365,4,-0.9418120868627927,-0.6458744938547384,True,NONE,2025-07-04,2025-07-07,-0.11868212933396913,0.12932068226990887,1.0628469090037296,0.1350540036938203,0.07452406309540076,5,5,-0.5271923645207692,False,False,False,False,False,False,,False,False
2025-07-07,2025-07-04,test,test,5785,test,0.5514480466188725,4,0.12932068226990887,test,0.5979338842975206,4,0.248002811603878,-0.11868212933396913,False,NONE,2025-07-07,2025-07-08,-1.5382246366363836,-0.47537772763265407,0.2975934569053997,0.2349099073187702,0.3036844057030199,5,5,1.4195425073024146,False,False,False,False,True,False,,False,False
2025-07-08,2025-07-07,test,test,5786,test,0.31725888324873097,4,-0.47537772763265407,test,0.8560743086733964,4,1.0628469090037296,-1.5382246366363836,False,NONE,2025-07-08,2025-07-09,-0.7063189586914268,-0.4087255017860271,-0.2991729128352835,0.4475403752098669,0.4669610199986015,5,5,-0.8319056779449568,False,False,False,False,True,False,,False,False
2025-07-09,2025-07-08,test,test,5787,test,0.3413705583756345,4,-0.4087255017860271,test,0.6169932654636965,4,0.2975934569053997,-0.7063189586914268,False,NONE,2025-07-09,2025-07-10,0.5248031752886588,0.22563026245337536,-1.5481288947707221,0.6452707771504658,0.6448383853127281,5,5,-0.18151578340276797,False,False,False,False,True,False,,False,False
2025-07-10,2025-07-09,test,test,5788,test,0.5892554991539762,4,0.22563026245337536,test,0.38240405787983645,4,-0.2991729128352835,0.5248031752886588,False,NONE,2025-07-10,2025-07-11,2.7525511979352206,1.2044223031644985,0.8594817571738802,0.5193209240326226,0.9691359884749176,5,5,2.227748022646562,False,False,False,False,True,False,,False,False
2025-07-11,2025-07-10,test,test,5789,test,0.8857868020304569,4,1.2044223031644985,test,0.0607956332751866,4,-1.5481288947707221,2.7525511979352206,False,NONE,2025-07-11,2025-07-14,-0.23088155677922184,0.6286002003946584,2.2086486220418253,0.23483185735780832,1.3310043543194139,5,5,-2.5216696411559987,False,False,False,False,True,False,,False,False
2025-07-14,2025-07-11,test,test,5790,test,0.7351945854483926,4,0.6286002003946584,test,0.8049626097400555,4,0.8594817571738802,-0.23088155677922184,False,NONE,2025-07-14,2025-07-15,-1.620874010218996,0.5877746118228294,1.1139765283833076,-0.033064582953786316,0.7150785685975396,5,5,1.389992453439774,False,False,False,False,True,False,,False,False
2025-07-15,2025-07-14,test,test,5791,test,0.7216582064297801,4,0.5877746118228294,test,0.9864004546884384,4,2.2086486220418253,-1.620874010218996,True,NONE,2025-07-15,2025-07-16,-0.5340500204663399,0.5799265079169678,0.590213913735349,-0.08476845786584296,0.4223182855707329,5,5,-1.0868239897526561,False,False,False,False,False,False,,False,False
2025-07-16,2025-07-15,test,test,5792,test,0.7190179105168922,4,0.5799265079169678,test,0.8673553719008265,4,1.1139765283833076,-0.5340500204663399,True,NONE,2025-07-16,2025-07-17,-0.9943329168711896,-0.40411900313584054,0.07335912104022613,-0.019440507098807423,0.30254450539372885,5,5,0.46028289640484976,False,False,False,False,False,False,,False,False
2025-07-17,2025-07-16,test,test,5793,test,0.3430626057529611,4,-0.40411900313584054,test,0.7224763774287996,4,0.590213913735349,-0.9943329168711896,False,NONE,2025-07-17,2025-07-18,-0.2913821512497995,-0.21802303020957337,2.668823586396361,0.2459185332958392,0.06809585566696437,5,5,-0.7029507656213901,False,False,False,False,True,False,,False,False
2025-07-18,2025-07-17,test,test,5794,test,0.4137055837563452,4,-0.21802303020957337,test,0.5292398267036518,4,0.07335912104022613,-0.2913821512497995,True,NONE,2025-07-18,2025-07-21,-3.379705587559676,-0.7108820011633149,-0.8709803065675462,0.503305246924302,-0.34882890416288037,5,5,3.0883234363098766,False,False,False,False,False,False,,False,False
2025-07-21,2025-07-18,test,test,5795,test,0.23857868020304568,4,-0.7108820011633149,test,0.9961941290857617,4,2.668823586396361,-3.379705587559676,True,NONE,2025-07-21,2025-07-22,1.2002355438300925,0.3292552372625462,-0.34982488675072515,0.7472597117938066,-0.13175344673178319,5,5,-2.1794700437295838,False,False,False,False,False,False,,False,False
2025-07-22,2025-07-21,test,test,5796,test,0.6290186125211505,4,0.3292552372625462,test,0.19188245302982643,4,-0.8709803065675462,1.2002355438300925,False,NONE,2025-07-22,2025-07-23,1.2563911485028707,0.9065662617521455,-0.00865498714967149,0.6782275298651161,0.07669691944134485,5,5,0.05615560467277825,False,False,False,False,True,False,,False,False
2025-07-23,2025-07-22,test,test,5797,test,0.8176818950930627,4,0.9065662617521455,test,0.3632350603941513,4,-0.34982488675072515,1.2563911485028707,False,NONE,2025-07-23,2025-07-24,0.931331185987064,0.9226761988373925,-1.098884127593596,0.847602607888742,0.5519487175070683,5,5,-0.3250599625158067,False,False,False,False,True,False,,False,False
2025-07-24,2025-07-23,test,test,5798,test,0.821912013536379,4,0.9226761988373925,test,0.49654720279720277,4,-0.00865498714967149,0.931331185987064,False,NONE,2025-07-24,2025-07-25,2.167794665526337,1.0689105379327408,0.5841997872471371,0.7569574048547325,1.0579406543474916,5,5,1.2364634795392728,False,False,False,False,True,False,,False,False
2025-07-25,2025-07-24,test,test,5799,test,0.857445008460237,4,1.0689105379327408,test,0.13590930538476936,4,-1.098884127593596,2.167794665526337,False,NONE,2025-07-25,2025-07-28,-0.07530946406292915,0.5088903231842079,0.2143969805879399,1.0073096398340462,1.1694687878278636,5,5,-2.0924852014634077,False,False,False,False,True,False,,False,False
2025-07-28,2025-07-25,test,test,5800,test,0.6945854483925551,4,0.5088903231842079,test,0.7204570476707941,4,0.5841997872471371,-0.07530946406292915,False,NONE,2025-07-28,2025-07-29,-0.23030265296884542,-0.015905672380905508,0.6924269441149149,0.6681148242125718,0.951401340151094,5,5,0.15499318890591626,False,False,False,False,True,False,,False,False
2025-07-29,2025-07-28,test,test,5801,test,0.49365482233502544,4,-0.015905672380905508,test,0.5848812519660271,4,0.2143969805879399,-0.23030265296884542,False,NONE,2025-07-29,2025-07-30,1.0610147077553596,1.7534416518702745,2.367604003178946,0.5285729694947533,0.8358625016515597,5,5,0.8307120547865141,False,False,False,False,True,False,,False,False
2025-07-30,2025-07-29,test,test,5802,test,0.9602368866328257,4,1.7534416518702745,test,0.7556653750464697,4,0.6924269441149149,1.0610147077553596,True,NONE,2025-07-30,2025-07-31,-1.8981538195116008,0.4694501836673452,1.4310755566085214,0.17237020656212693,0.3650551059603837,5,5,0.8371391117562412,False,False,False,False,False,False,,False,False
2025-07-31,2025-07-30,test,test,5803,test,0.6806260575296108,4,0.4694501836673452,test,0.9910481563890654,4,2.367604003178946,-1.8981538195116008,True,NONE,2025-07-31,2025-08-01,0.8895961562207879,2.3206717128293093,1.1418404546489964,0.38174166327374254,0.263683950014185,5,5,-1.0085576632908129,False,False,False,False,False,False,,False,False
2025-08-01,2025-07-31,test,test,5804,test,0.9898477157360406,4,2.3206717128293093,test,0.923795719065458,4,1.4310755566085214,0.8895961562207879,True,NONE,2025-08-01,2025-08-04,-2.3289242095721603,-1.1870837549231639,-0.8759402577959087,-0.11262084238707812,-0.1185876546171298,5,5,1.4393280533513724,False,False,False,False,False,False,,False,False
2025-08-04,2025-08-01,test,test,5805,test,0.11759729272419628,4,-1.1870837549231639,test,0.8732398283534647,4,1.1418404546489964,-2.3289242095721603,True,NONE,2025-08-04,2025-08-05,0.1623253118259098,-0.7136149459699989,0.1147327516172444,0.05625227424771746,0.42728865268909305,5,5,-2.1665988977462503,False,False,False,False,False,False,,False,False
2025-08-05,2025-08-04,test,test,5806,test,0.2377326565143824,4,-0.7136149459699989,test,0.19053125625554063,4,-0.8759402577959087,0.1623253118259098,False,NONE,2025-08-05,2025-08-06,-0.14230491441010126,-0.02757216279285685,0.013567024723064832,0.2425366785522823,0.2921352140081089,5,5,-0.02002039741580855,False,False,False,False,True,False,,False,False
2025-08-06,2025-08-05,test,test,5807,test,0.4890016920473773,4,-0.02757216279285685,test,0.5456715233492522,4,0.1147327516172444,-0.14230491441010126,False,NONE,2025-08-06,2025-08-07,1.502740442502358,1.5163074672254229,0.924219776877528,0.3211104308956572,0.3132516010262356,5,5,1.3604355280922569,False,False,False,False,True,False,,False,False
2025-08-07,2025-08-06,test,test,5808,test,0.9352791878172588,4,1.5163074672254229,test,0.5054122937458893,4,0.013567024723064832,1.502740442502358,False,NONE,2025-08-07,2025-08-08,-1.0753605923523217,-0.15114081547479377,-0.7695175685075776,0.34616518465595364,0.2720250342602296,5,5,-0.4273798501500363,False,False,False,False,True,False,,False,False
2025-08-08,2025-08-07,test,test,5809,test,0.43993231810490696,4,-0.15114081547479377,test,0.8223140495867769,4,0.924219776877528,-1.0753605923523217,False,NONE,2025-08-08,2025-08-11,0.4267993967583915,-0.34271817174918606,1.8534412787352055,0.2506733076719807,0.4032601322496583,5,5,-0.6485611955939302,False,False,False,False,True,False,,False,False
2025-08-11,2025-08-08,test,test,5810,test,0.36590524534686975,4,-0.34271817174918606,test,0.2207930595670451,4,-0.7695175685075776,0.4267993967583915,False,NONE,2025-08-11,2025-08-12,-1.63563420318238,0.21780707555282536,-0.5610344417876764,0.229635209959012,-0.051095947674185016,5,5,1.2088348064239884,False,False,False,False,True,False,,False,False
2025-08-12,2025-08-11,test,test,5811,test,0.5862102842900132,4,0.21780707555282536,test,0.9680904322949777,4,1.8534412787352055,-1.63563420318238,True,NONE,2025-08-12,2025-08-13,0.926331040711694,0.36529659892401767,0.11914895981369872,0.05250403670213795,0.07137395313883763,5,5,-0.709303162470686,False,False,False,False,False,False,,False,False
2025-08-13,2025-08-12,test,test,5812,test,0.642554991539763,4,0.36529659892401767,test,0.2873870290609045,4,-0.5610344417876764,0.926331040711694,True,NONE,2025-08-13,2025-08-14,1.5224322762132063,1.641581236026905,0.718086943047498,0.21282191373337483,0.22276702257433062,5,5,0.5961012355015123,False,False,False,False,False,False,,False,False
2025-08-14,2025-08-13,test,test,5813,test,0.9496615905245347,4,1.641581236026905,test,0.5474213286713288,4,0.11914895981369872,1.5224322762132063,False,NONE,2025-08-14,2025-08-15,-1.3466871434421563,-0.6286002003946584,-0.11334207856043457,-0.07579068000974612,0.24337356616413106,5,5,-0.17574513277104997,False,False,False,False,True,False,,False,False
2025-08-15,2025-08-14,test,test,5814,test,0.26480541455160744,4,-0.6286002003946584,test,0.7636481597986788,4,0.718086943047498,-1.3466871434421563,True,NONE,2025-08-15,2025-08-18,-0.3345665817535951,-0.44790866031402965,-0.4183391208840109,0.653682411439472,0.6403873020819292,5,5,-1.0121205616885613,False,False,False,False,False,False,,False,False
2025-08-18,2025-08-15,test,test,5815,test,0.32710955898210825,4,-0.44790866031402965,test,0.45487967914438504,4,-0.11334207856043457,-0.3345665817535951,True,NONE,2025-08-18,2025-08-19,-0.24950966984753437,-0.6678487907315452,0.05131506227743685,0.5447778540157764,0.6823507645799417,5,5,-0.08505691190606074,False,False,False,False,False,False,,False,False
2025-08-19,2025-08-18,test,test,5816,test,0.2521150592216582,4,-0.6678487907315452,test,0.33784959535588666,4,-0.4183391208840109,-0.24950966984753437,False,NONE,2025-08-19,2025-08-20,1.1155709218027656,1.1668859840802024,0.8761143069911635,1.005850674146958,0.7540605849847938,5,5,0.8660612519552313,False,False,False,False,True,False,,False,False
2025-08-20,2025-08-19,test,test,5817,test,0.8783717915872389,4,1.1668859840802024,test,0.5204627670222197,4,0.05131506227743685,1.1155709218027656,False,NONE,2025-08-20,2025-08-21,-0.6775960396798633,0.19851826731130026,0.8211196609965004,0.7971355708593756,0.6930440897078858,5,5,-0.43797488212290236,False,False,False,False,True,False,,False,False
2025-08-21,2025-08-20,test,test,5818,test,0.5786802030456852,4,0.19851826731130026,test,0.8095160521296885,4,0.8761143069911635,-0.6775960396798633,False,NONE,2025-08-21,2025-08-22,2.197645595854932,3.0187652568514327,1.8717266010285558,0.652016122777048,0.7323366812530813,5,5,1.5200495561750689,False,False,False,False,True,False,,False,False
2025-08-22,2025-08-21,test,test,5819,test,0.998730964467005,4,3.0187652568514327,test,0.7942109439789529,4,0.8211196609965004,2.197645595854932,True,NONE,2025-08-22,2025-08-25,-2.8641580484610643,-0.9924314474325084,-0.2085218083939485,0.09346439870868713,0.3317859984319103,5,5,0.6665124526061321,False,False,False,False,False,False,,False,False
2025-08-25,2025-08-22,test,test,5820,test,0.16049355241655922,4,-0.9924314474325084,test,0.9693777813095995,4,1.8717266010285558,-2.8641580484610643,True,NONE,2025-08-25,2025-08-26,1.8460371183183106,1.6375153099243622,0.4098641643016978,0.3006481630777725,0.5632915407706798,5,5,-1.0181209301427536,False,False,False,False,False,False,,False,False
2025-08-26,2025-08-25,test,test,5821,test,0.9492385786802031,4,1.6375153099243622,test,0.41741077811776145,4,-0.2085218083939485,1.8460371183183106,False,NONE,2025-08-26,2025-08-27,-0.2865536966594064,0.12331046764229142,0.5710318306066231,0.3467484610883268,0.6958047652409551,5,5,-1.5594834216589042,False,False,False,False,True,False,,False,False
2025-08-27,2025-08-26,test,test,5822,test,0.5490693739424704,4,0.12331046764229142,test,0.6590472027972027,4,0.4098641643016978,-0.2865536966594064,False,NONE,2025-08-27,2025-08-28,-1.0981108037069611,-0.5270789731003381,1.0175826187224775,0.4173994149028304,0.7877578499941331,5,5,0.8115571070475547,False,False,False,False,True,False,,False,False
2025-08-28,2025-08-27,test,test,5823,test,0.29906937394247035,4,-0.5270789731003381,test,0.7160109668563585,4,0.5710318306066231,-1.0981108037069611,False,NONE,2025-08-28,2025-08-29,-0.7915759822128489,0.22600663650962863,-0.13102681307729816,0.3459352904968917,1.0820875531986183,5,5,-0.30653482149411226,False,False,False,False,True,False,,False,False
2025-08-29,2025-08-28,test,test,5824,test,0.5894018706604196,4,0.22600663650962863,test,0.8455618245390972,4,1.0175826187224775,-0.7915759822128489,False,NONE,2025-08-29,2025-09-01,0.17451418749021635,0.04348737441291821,0.9490059032998989,0.4686958552175363,1.3478014832316825,5,5,-0.6170617947226325,False,False,False,False,True,False,,False,False
2025-09-01,2025-08-29,test,test,5825,test,0.5173434856175974,4,0.04348737441291821,test,0.4478770482427293,4,-0.13102681307729816,0.17451418749021635,False,NONE,2025-09-01,2025-09-02,0.9190108966772349,1.8680167999771338,1.0724302866530744,0.40326084674589185,0.814462524384281,5,5,0.7444967091870185,False,False,False,False,True,False,,False,False
2025-09-02,2025-09-01,test,test,5826,test,0.9691201353637902,4,1.8680167999771338,test,0.8286911951684679,4,0.9490059032998989,0.9190108966772349,False,NONE,2025-09-02,2025-09-03,-0.595865049938265,0.47656523671480944,1.0307972543725132,0.3095081209903192,0.5297573204298892,5,5,-0.32314584673896996,False,False,True,False,False,False,,False,False
2025-09-03,2025-09-02,test,test,5827,test,0.6831641285956007,4,0.47656523671480944,test,0.8582365947201587,4,1.0724302866530744,-0.595865049938265,False,NONE,2025-09-03,2025-09-04,-1.9151968495025447,-0.8843995951300314,2.489231134744903,-0.1468160362955254,0.356878218284851,5,5,1.3193317995642797,False,False,False,False,True,False,,False,False
2025-09-04,2025-09-03,test,test,5828,test,0.18824027072758037,4,-0.8843995951300314,test,0.8486820469558752,4,1.0307972543725132,-1.9151968495025447,False,NONE,2025-09-04,2025-09-05,-1.6494216746320516,0.8398094601128514,1.197542837088023,0.1394157422397107,-0.3385534109871364,5,5,-0.26577517487049307,False,False,False,False,True,False,,False,False
2025-09-05,2025-09-04,test,test,5829,test,0.799492385786802,4,0.8398094601128514,test,0.9935990146217419,4,2.489231134744903,-1.6494216746320516,True,NONE,2025-09-05,2025-09-08,-1.481230505033327,-0.2836876679453039,-1.7176888909371089,0.13821185313715123,-0.7549098181197577,5,5,-0.1681911695987246,False,False,False,False,False,False,,False,False
2025-09-08,2025-09-05,test,test,5830,test,0.3883248730964467,4,-0.2836876679453039,test,0.884452479338843,4,1.197542837088023,-1.481230505033327,True,NONE,2025-09-08,2025-09-09,3.1169420621363795,1.3992531711992706,-0.35109573311888465,0.0034868579855265704,-0.25222980713298904,5,5,1.6357115571030525,False,False,False,False,False,False,,False,False
2025-09-09,2025-09-08,test,test,5831,test,0.9191314615149686,4,1.3992531711992706,test,0.04292668836353958,4,-1.7176888909371089,3.1169420621363795,True,NONE,2025-09-09,2025-09-10,-1.453959816595529,-1.8050555497144136,0.16640174364732288,-0.11663087319689824,0.12387741510009014,5,5,-1.6629822455408505,False,False,False,False,False,False,,False,False
2025-09-10,2025-09-09,test,test,5832,test,0.035532994923857864,4,-1.8050555497144136,test,0.3627582644628099,4,-0.35109573311888465,-1.453959816595529,False,NONE,2025-09-10,2025-09-11,0.3803575538988263,0.5467592975461492,-0.9879270116150344,0.31880145137444516,0.23801489949005158,5,5,-1.0736022626967028,False,False,False,False,True,False,,False,False
2025-09-11,2025-09-10,test,test,5833,test,0.7077279451249785,4,0.5467592975461492,test,0.5660795990734651,4,0.16640174364732288,0.3803575538988263,True,NONE,2025-09-11,2025-09-12,1.8217170262150884,0.833790014600054,-0.8842391985750836,0.4380869319614885,0.8684959507082013,5,5,1.441359472316262,False,False,False,False,False,False,,False,False
2025-09-12,2025-09-11,test,test,5834,test,0.7978003384094754,4,0.833790014600054,test,0.16159419771797878,4,-0.9879270116150344,1.8217170262150884,True,NONE,2025-09-12,2025-09-15,-0.07307344512834368,-0.9573126437034273,0.7957111639967342,0.206596251779869,0.8545792671840908,5,5,-1.7486435810867447,False,False,False,False,False,False,,False,False
2025-09-15,2025-09-12,test,test,5835,test,0.1692047377326565,4,-0.9573126437034273,test,0.1882835511453001,4,-0.8842391985750836,-0.07307344512834368,False,NONE,2025-09-15,2025-09-16,0.0029533512904124093,0.7986645152871467,1.5294403780465116,0.19343878404751974,0.5286603888832081,5,5,-0.07012009383793127,False,False,False,False,True,False,,False,False
2025-09-16,2025-09-15,test,test,5836,test,0.7877575161497166,4,0.7986645152871467,test,0.7869000317863954,4,0.7957111639967342,0.0029533512904124093,False,NONE,2025-09-16,2025-09-17,-1.1573343049042084,0.3721060731423032,0.7370891655971302,-0.10548300832171062,0.0793506855787657,5,5,1.1543809536137961,False,False,False,False,True,False,,False,False
2025-09-17,2025-09-16,test,test,5837,test,0.6450930626057529,4,0.3721060731423032,test,0.9369223455060196,4,1.5294403780465116,-1.1573343049042084,True,NONE,2025-09-17,2025-09-18,0.40609753488423583,1.143186700481366,2.1644782444757134,-0.19646432779646764,-0.09334598622177126,5,5,-0.7512367700199726,False,False,False,False,False,False,,False,False
2025-09-18,2025-09-17,test,test,5838,test,0.8735194585448393,4,1.143186700481366,test,0.7694659363128221,4,0.7370891655971302,0.40609753488423583,True,NONE,2025-09-18,2025-09-19,-2.488141630783757,-0.32366338630804364,-0.9538226161956347,-0.15965600218732917,-0.2561311014844219,5,5,2.082044095899521,False,False,False,False,False,False,,False,False
2025-09-19,2025-09-18,test,test,5839,test,0.3730964467005076,4,-0.32366338630804364,test,0.9847861677485773,4,2.1644782444757134,-2.488141630783757,True,NONE,2025-09-19,2025-09-22,-0.06927736616953895,-1.0230999823651736,-0.8338832275076802,-0.12172371928564103,0.023582144444748952,5,5,-2.4188642646142178,False,False,False,False,False,False,,False,False
2025-09-22,2025-09-19,test,test,5840,test,0.15313028764805414,4,-1.0230999823651736,test,0.17008671966598987,4,-0.9538226161956347,-0.06927736616953895,True,NONE,2025-09-22,2025-09-23,0.13793878094867507,-0.6959444465590051,-0.7171081384757003,0.05695155712306149,0.31209979347913547,5,5,0.06866141477913612,False,False,False,False,False,False,,False,False
2025-09-23,2025-09-22,test,test,5841,test,0.24323181049069376,4,-0.6959444465590051,test,0.20217339478703114,4,-0.8338832275076802,0.13793878094867507,False,NONE,2025-09-23,2025-09-24,0.6343076142442184,-0.08280052423148189,-0.12639419340555444,0.36928842215414676,0.7572601607194054,5,5,0.4963688332955434,False,False,False,False,True,False,,False,False
2025-09-24,2025-09-23,test,test,5842,test,0.467005076142132,4,-0.08280052423148189,test,0.23665368722186902,4,-0.7171081384757003,0.6343076142442184,False,NONE,2025-09-24,2025-09-25,1.4536225219326127,1.3272283285270583,1.35055266816246,0.5313206495546497,0.9197869341415694,5,5,0.8193149076883942,False,False,False,False,True,False,,False,False
2025-09-25,2025-09-24,test,test,5843,test,0.9077834179357023,4,1.3272283285270583,test,0.4497099491417673,4,-0.12639419340555444,1.4536225219326127,False,NONE,2025-09-25,2025-09-26,-1.4845546399620628,-0.13400197179960283,0.4447436134502196,0.38494561087584706,0.6839576206162056,5,5,0.030932118029450173,False,False,False,False,True,False,,False,False
2025-09-26,2025-09-25,test,test,5844,test,0.4467005076142132,4,-0.13400197179960283,test,0.9115806142583431,4,1.35055266816246,-1.4845546399620628,False,NONE,2025-09-26,2025-09-29,-0.5744672137718807,-0.12972360032166103,0.6087050176642523,0.36879267086958634,1.0617762949238485,5,5,-0.9100874261901821,False,False,False,False,True,False,,False,False
2025-09-29,2025-09-26,test,test,5845,test,0.44839255499153974,4,-0.12972360032166103,test,0.6717474763361835,4,0.4447436134502196,-0.5744672137718807,False,NONE,2025-09-29,2025-09-30,0.2570348609321691,0.8657398785964214,1.5086936977256495,0.6128344623677691,0.9197527431580287,5,5,-0.3174323528397116,False,False,False,False,True,False,,False,False
2025-09-30,2025-09-29,test,test,5846,test,0.80668358714044,4,0.8657398785964214,test,0.7286400097228973,4,0.6087050176642523,0.2570348609321691,False,NONE,2025-09-30,2025-10-01,-0.781333084954617,0.7273606127710326,0.6862396737052653,0.43205023084926275,0.8193827589651128,5,5,0.5242982240224479,False,False,False,False,True,False,,False,False
2025-10-01,2025-09-30,test,test,5847,test,0.766497461928934,4,0.7273606127710326,test,0.9343114615802568,4,1.5086936977256495,-0.781333084954617,False,NONE,2025-10-01,2025-10-02,-0.09088653857222007,0.5953531351330452,0.17140610053564093,0.39591301041457505,0.874741506735613,5,5,-0.6904465463823969,False,False,False,False,True,False,,False,False
2025-10-02,2025-10-01,test,test,5848,test,0.7241962774957699,4,0.5953531351330452,test,0.7537190082644628,4,0.6862396737052653,-0.09088653857222007,False,NONE,2025-10-02,2025-10-03,-0.38617277236654757,-0.21476667183090664,2.3338369849884346,0.302573259673092,0.8912923811788852,5,5,0.2952862337943275,False,False,False,False,True,False,,False,False
2025-10-03,2025-10-02,test,test,5849,test,0.4149746192893401,4,-0.21476667183090664,test,0.5680477708827818,4,0.17140610053564093,-0.38617277236654757,False,NONE,2025-10-03,2025-10-06,-1.243351627819182,1.0904853571692525,-0.10141274116484647,0.5968083218209088,0.6947560109013711,5,5,0.8571788554526345,False,False,False,False,True,False,,False,False
2025-10-06,2025-10-03,test,test,5850,test,0.8622502999801702,4,1.0904853571692525,test,0.9901978703115066,4,2.3338369849884346,-1.243351627819182,False,NONE,2025-10-06,2025-10-07,0.06323146216873665,-0.038181278996109826,1.00684377676107,0.1872487216463728,0.9149588743519729,5,5,-1.1801201656504454,False,False,False,True,False,False,,False,False
2025-10-07,2025-10-06,test,test,5851,test,0.48477157360406087,4,-0.038181278996109826,test,0.45961141131595673,4,-0.10141274116484647,0.06323146216873665,False,NONE,2025-10-07,2025-10-08,-0.4601692661634761,0.546674510597594,0.9630334125577658,0.060519015009936436,0.7888601464874042,5,5,0.39693780399473944,False,False,False,False,True,False,,False,False
2025-10-08,2025-10-07,test,test,5852,test,0.7076988155668359,4,0.546674510597594,test,0.8429950731087095,4,1.00684377676107,-0.4601692661634761,False,NONE,2025-10-08,2025-10-09,-0.8343790311321356,0.1286543814256301,0.25416047275200265,-0.05517896111307628,0.5742883418592657,5,5,0.37420976496865954,False,False,False,False,True,False,,False,False
2025-10-09,2025-10-08,test,test,5853,test,0.5511844331641286,4,0.1286543814256301,test,0.8322346220938546,4,0.9630334125577658,-0.8343790311321356,False,NONE,2025-10-09,2025-10-10,1.0022481661561744,1.256408638908177,1.3511551336008631,-0.005351071065029333,0.5910721120033962,5,5,0.16786913502403877,False,False,False,False,True,False,,False,False
2025-10-10,2025-10-09,test,test,5854,test,0.8955160744500846,4,1.256408638908177,test,0.6003142068689411,4,0.25416047275200265,1.0022481661561744,False,NONE,2025-10-10,2025-10-13,-2.3084677773042905,-0.9573126437034273,0.9996015760881622,-0.25451209220807847,0.4231511390576319,5,5,1.3062196111481161,False,False,False,False,True,False,,False,False
2025-10-13,2025-10-10,test,test,5855,test,0.1692047377326565,4,-0.9573126437034273,test,0.9116771283136492,4,1.3511551336008631,-2.3084677773042905,False,NONE,2025-10-13,2025-10-14,-1.6714313882664538,-0.6718298121782916,0.376350137438227,-0.13362079577350117,0.13678253204199436,5,5,-0.6370363890378368,False,False,False,False,True,False,,False,False
2025-10-14,2025-10-13,test,test,5856,test,0.25084602368866327,4,-0.6718298121782916,test,0.8412483199405187,4,0.9996015760881622,-1.6714313882664538,False,NONE,2025-10-14,2025-10-15,-0.4081655074556965,-0.03181537001746952,-0.10982561058292628,0.3438006071590322,0.1492864362998283,5,5,-1.2632658808107573,False,False,False,False,True,False,,False,False
2025-10-15,2025-10-14,test,test,5857,test,0.4873096446700508,4,-0.03181537001746952,test,0.646671694929795,4,0.376350137438227,-0.4081655074556965,False,NONE,2025-10-15,2025-10-16,0.48761944224879106,0.3777938316658648,0.3380793234726547,0.2495906901356088,0.1537999162315655,5,5,0.07945393479309454,False,False,False,False,True,False,,False,False
2025-10-16,2025-10-15,test,test,5858,test,0.6472081218274112,4,0.3777938316658648,test,0.45627383979656705,4,-0.10982561058292628,0.48761944224879106,False,NONE,2025-10-16,2025-10-17,-0.32747579027972307,0.010603533192931591,0.5115502688720418,0.2217723104884557,0.29997053332383267,5,5,-0.160143651969068,False,False,False,False,True,False,,False,False
2025-10-17,2025-10-16,test,test,5859,test,0.5042301184433164,4,0.010603533192931591,test,0.6323482942034373,4,0.3380793234726547,-0.32747579027972307,False,NONE,2025-10-17,2025-10-20,-0.8644064304025829,-0.3528561615305411,-0.4322414589900254,0.039931817623126586,0.2793794684586952,5,5,0.5369306401228598,False,False,False,False,True,False,,False,False
2025-10-20,2025-10-17,test,test,5860,test,0.36209813874788493,4,-0.3528561615305411,test,0.6955171008607623,4,0.5115502688720418,-0.8644064304025829,False,NONE,2025-10-20,2025-10-21,2.147518661474401,1.7152772024843754,0.4388696587273967,0.21397445950919067,0.24345250876057137,5,5,1.283112231071818,False,False,False,False,True,False,,False,False
2025-10-21,2025-10-20,test,test,5861,test,0.9568527918781726,4,1.7152772024843754,test,0.332782964911779,4,-0.4322414589900254,2.147518661474401,False,NONE,2025-10-21,2025-10-22,-0.9417346138619835,-0.5028649551345868,-0.08725821092424028,0.06271715048074537,0.30487380843271933,5,5,-1.2057840476124173,False,False,True,False,False,False,,False,False
2025-10-22,2025-10-21,test,test,5862,test,0.30752961082910324,4,-0.5028649551345868,test,0.6696220086142232,4,0.4388696587273967,-0.9417346138619835,False,NONE,2025-10-22,2025-10-23,0.3259601443543396,0.23870193343009932,1.0689324089339907,0.5072725924936184,0.8709356597446559,5,5,-0.6157744695076439,False,False,False,False,True,False,,False,False
2025-10-23,2025-10-22,test,test,5863,test,0.5943316412859561,4,0.23870193343009932,test,0.46523313506248387,4,-0.08725821092424028,0.3259601443543396,False,NONE,2025-10-23,2025-10-24,-1.9675313400677048,-0.898598931133714,0.4085949445463543,0.40014031432589253,0.42705186341595824,5,5,1.6415711957133652,False,False,False,False,True,False,,False,False
2025-10-24,2025-10-23,test,test,5864,test,0.1844331641285956,4,-0.898598931133714,test,0.8574499364272092,4,1.0689324089339907,-1.9675313400677048,True,NONE,2025-10-24,2025-10-27,0.10876210335342523,0.5173570478997795,-0.6118762574806446,0.43996717647615197,0.15469568606990441,5,5,-1.8587692367142796,False,False,False,False,False,False,,False,False
2025-10-27,2025-10-24,test,test,5865,test,0.6975465313028765,4,0.5173570478997795,test,0.6585815293545711,4,0.4085949445463543,0.10876210335342523,True,NONE,2025-10-27,2025-10-28,1.5708669148227936,0.9589906573421489,0.7459761570881367,,0.18981316066895287,4,5,1.4621048114693684,False,False,False,False,False,False,,False,False
2025-10-28,2025-10-27,test,test,5866,test,0.8312182741116751,4,0.9589906573421489,test,0.27030981561690903,4,-0.6118762574806446,1.5708669148227936,False,NONE,2025-10-28,2025-10-29,0.973936097841642,1.7199122549297787,2.7430510456354424,,,3,4,-0.5969308169811516,False,False,False,False,True,False,,False,False
2025-10-29,2025-10-28,test,test,5867,test,0.9572758037225042,4,1.7199122549297787,test,0.772159090909091,4,0.7459761570881367,0.973936097841642,True,NONE,2025-10-29,2025-10-30,-3.040010503043973,-0.29695945740853036,-1.1504865727094977,,,3,3,2.0660744052023308,False,False,False,False,False,False,,False,False
2025-10-30,2025-10-29,test,test,5868,test,0.383248730964467,4,-0.29695945740853036,test,0.99695643888983,4,2.7430510456354424,-3.040010503043973,True,NONE,2025-10-30,2025-10-31,0.4510219523270811,-0.6994646203824166,-0.9531859421839147,,,3,2,-2.5889885507168917,False,False,False,False,False,False,,False,False
2025-10-31,2025-10-30,test,test,5869,test,0.24213085793604958,4,-0.6994646203824166,test,0.12497176070233636,4,-1.1504865727094977,0.4510219523270811,True,NONE,2025-10-31,2025-11-03,,,-0.43628888448540276,,,3,1,,False,False,False,False,False,False,,False,False
2025-11-11,2025-11-10,test,test,5876,test,0.7638665743205395,4,0.7187956288111859,test,0.5765570934256056,3,0.19309341057192456,0.5257022182392613,False,NONE,2025-11-11,2025-11-12,-0.20603021325857862,0.17801137304831594,1.2335909368801548,0.1151756239044247,0.7900813162772613,5,5,-0.3196720049806827,False,False,False,False,True,False,,False,False
2025-11-12,2025-11-11,test,test,5877,test,0.5706429780033841,4,0.17801137304831594,test,0.6495261874803397,4,0.38404158630689456,-0.20603021325857862,False,NONE,2025-11-12,2025-11-13,-0.6432939211398991,0.5902970157402556,1.0533571622715936,0.26936588509306303,1.0352379036255435,5,5,0.4372637078813205,False,False,False,False,True,False,,False,False
2025-11-13,2025-11-12,test,test,5878,test,0.7225042301184432,4,0.5902970157402556,test,0.8913223140495867,4,1.2335909368801548,-0.6432939211398991,False,NONE,2025-11-13,2025-11-14,0.626101926221867,1.6794590884934606,0.7139947087101179,0.036512997766630084,0.8812679316391326,5,5,-0.01719199491803214,False,False,False,False,True,False,,False,False
2025-11-14,2025-11-13,test,test,5879,test,0.9534686971235194,4,1.6794590884934606,test,0.8539113352045877,4,1.0533571622715936,0.626101926221867,False,NONE,2025-11-14,2025-11-17,-2.575975818435494,-1.8619811097253762,0.4815292382315575,-0.3977098120536128,0.6656522922171154,5,5,1.9498738922136272,False,False,True,False,False,False,,False,False
2025-11-17,2025-11-14,test,test,5880,test,0.031302876480541454,4,-1.8619811097253762,test,0.7623847743165926,4,0.7139947087101179,-2.575975818435494,True,NONE,2025-11-17,2025-11-18,-0.4914374862660902,-0.00990824803453266,0.46793453529288226,-0.17524253820859248,0.6539870410520778,5,5,-2.084538332169404,False,False,False,False,False,False,,False,False
2025-11-18,2025-11-17,test,test,5881,test,0.4960472456103022,4,-0.00990824803453266,test,0.6849297977109396,4,0.4815292382315575,-0.4914374862660902,True,NONE,2025-11-18,2025-11-19,0.4810281436986256,0.9489626789915079,2.459373873621567,-0.10268965629557773,0.4688631872337984,5,5,-0.010409342567464563,False,False,False,False,False,False,,False,False
2025-11-19,2025-11-18,test,test,5882,test,0.8286802030456852,4,0.9489626789915079,test,0.6800842971906986,4,0.46793453529288226,0.4810281436986256,False,NONE,2025-11-19,2025-11-20,-3.033341294513476,-0.5739674208919092,0.2835073023395383,-0.35878116284186323,-0.33068250642579156,5,5,2.55231315081485,False,False,False,False,True,False,,False,False
2025-11-20,2025-11-19,test,test,5883,test,0.28299492385786806,4,-0.5739674208919092,test,0.9930410203982869,4,2.459373873621567,-3.033341294513476,True,NONE,2025-11-20,2025-11-21,-0.775162262947292,-0.49165496060775365,-0.36408348839996785,-0.30249364442468124,-0.25114324289585455,5,5,-2.258179031566184,False,False,False,False,False,False,,False,False
2025-11-21,2025-11-20,test,test,5884,test,0.3114816415030707,4,-0.49165496060775365,test,0.6116060076287348,4,0.2835073023395383,-0.775162262947292,True,NONE,2025-11-21,2025-11-24,-0.3855612521003069,-0.7496447405002747,0.42320298240636994,-0.28154661649529866,0.21178160882811875,5,5,-0.38960101084698506,False,False,False,False,False,False,,False,False
2025-11-24,2025-11-21,test,test,5885,test,0.22673434856175972,4,-0.7496447405002747,test,0.35789783313572243,4,-0.36408348839996785,-0.3855612521003069,True,NONE,2025-11-24,2025-11-25,-0.07034682087582894,0.352856161530541,-0.45768473379851504,,0.29545106719996966,4,5,-0.31521443122447795,False,False,False,False,False,False,,False,False
2025-11-25,2025-11-24,test,test,5886,test,0.637901861252115,4,0.352856161530541,test,0.6639264144945962,4,0.42320298240636994,-0.07034682087582894,False,NONE,2025-11-25,2025-11-26,0.1261898800585955,-0.33149485373991955,-1.5383545946763832,,,3,4,0.05584305918276655,False,False,False,False,True,False,,False,False
2025-11-26,2025-11-25,test,test,5887,test,0.3701353637901861,4,-0.33149485373991955,test,0.32358947870311505,4,-0.45768473379851504,0.1261898800585955,False,NONE,2025-11-26,2025-11-27,1.245824765870384,-0.2925298288059992,0.6812036199892235,,,3,3,1.1196348858117886,False,False,False,False,True,False,,False,False
2025-11-27,2025-11-26,test,test,5888,test,0.3849407783417936,4,-0.2925298288059992,test,0.06198096885813149,4,-1.5383545946763832,1.245824765870384,False,NONE,2025-11-27,2025-11-28,-1.0681234409500644,-0.3869198209608409,1.9505407702198987,,,3,2,-0.17770132492031965,False,False,False,False,True,False,,False,False
2025-11-28,2025-11-27,test,test,5889,test,0.34940778341793566,4,-0.3869198209608409,test,0.7521286711086963,4,0.6812036199892235,-1.0681234409500644,False,NONE,2025-11-28,2025-12-01,,,0.8415502742656246,,,3,1,,False,False,False,False,True,False,,False,False
2025-12-09,2025-12-08,test,test,5896,test,0.8248730964467006,4,0.934097101224638,test,0.8822314049586777,3,1.1862155418623093,-0.2521184406376713,True,NONE,2025-12-09,2025-12-10,-1.722945247617667,-0.5639942619656751,1.9276321246554766,-0.4467550319281711,0.6779778220746636,5,5,1.4708268069799957,False,False,False,False,False,False,,False,False
2025-12-10,2025-12-09,test,test,5897,test,0.28637901861252113,4,-0.5639942619656751,test,0.876761917698533,4,1.158950985651992,-1.722945247617667,True,NONE,2025-12-10,2025-12-11,-1.4829014271908902,0.4447306974645864,-0.13377694864360945,-0.2623554762336747,0.5030014519688332,5,5,-0.24004382042677674,False,False,False,False,False,False,,False,False
2025-12-11,2025-12-10,test,test,5898,test,0.6717428087986463,4,0.4447306974645864,test,0.9730495499310379,4,1.9276321246554766,-1.4829014271908902,True,NONE,2025-12-11,2025-12-12,-1.327920899942784,-1.4616978485863936,-0.0053925036927886145,-0.5647086266630136,0.9481998969796261,5,5,-0.15498052724810618,False,False,False,False,False,False,,False,False
2025-12-12,2025-12-11,test,test,5899,test,0.07191201353637902,4,-1.4616978485863936,test,0.4467894778232149,4,-0.13377694864360945,-1.327920899942784,False,NONE,2025-12-12,2025-12-15,1.0632574674157522,1.0578649637229636,2.469963532244208,-0.19075143768718927,0.5730770089809074,5,5,-0.26466343252703184,False,False,False,False,True,False,,False,False
2025-12-15,2025-12-12,test,test,5900,test,0.8549414948203665,4,1.0578649637229636,test,0.49784871270597914,4,-0.0053925036927886145,1.0632574674157522,False,NONE,2025-12-15,2025-12-16,-4.180642242520545,-1.7106787102763368,-0.8685370941899683,-0.4572979567941761,0.07203942768171737,5,5,3.1173847751047923,False,False,False,False,True,False,,False,False
2025-12-16,2025-12-15,test,test,5901,test,0.04357021996615905,4,-1.7106787102763368,test,0.9932436586691069,4,2.469963532244208,-4.180642242520545,True,NONE,2025-12-16,2025-12-17,1.2265406106967751,0.35800351650680684,1.052750274126324,-0.058618138891991176,0.46141342975703914,5,5,-2.95410163182377,False,False,False,False,False,False,,False,False
2025-12-17,2025-12-16,test,test,5902,test,0.6398296590285708,4,0.35800351650680684,test,0.1925501873087592,4,-0.8685370941899683,1.2265406106967751,True,NONE,2025-12-17,2025-12-18,-2.1197853288084314,-1.0670350546821075,2.092215276410355,-0.12555295180457454,0.3008900145923864,5,5,0.8932447181116563,False,False,False,False,False,False,,False,False
2025-12-18,2025-12-17,test,test,5903,test,0.14297800338409475,4,-1.0670350546821075,test,0.8537722697246133,4,1.052750274126324,-2.1197853288084314,True,NONE,2025-12-18,2025-12-19,-1.6841271801176276,0.4080880962927274,-1.8810069436863817,,0.0969578478888038,4,5,-0.43565814869080377,False,False,False,False,False,False,,False,False
2025-12-19,2025-12-18,test,test,5904,test,0.6583955005145619,4,0.4080880962927274,test,0.981790368722187,4,2.092215276410355,-1.6841271801176276,True,NONE,2025-12-19,2025-12-22,1.6061393118744112,-0.27486763181197055,-0.03522437425174222,,,3,4,-0.07798786824321646,False,False,False,False,False,False,,False,False
2025-12-22,2025-12-19,test,test,5905,test,0.3917089678510998,4,-0.27486763181197055,test,0.02998548714575767,4,-1.8810069436863817,1.6061393118744112,True,NONE,2025-12-22,2025-12-23,0.3179447534863301,0.28272037923458787,1.0783329161866404,,,3,3,-1.288194558388081,False,False,False,False,False,False,,False,False
2025-12-23,2025-12-22,test,test,5906,test,0.6113044035207322,4,0.28272037923458787,test,0.4859504132231405,4,-0.03522437425174222,0.3179447534863301,False,NONE,2025-12-23,2025-12-24,-1.0550034642427502,0.023329451943890172,0.25013319830306063,,,3,2,0.73705871075642,False,False,False,False,True,False,,False,False
2025-12-24,2025-12-23,test,test,5907,test,0.509306260575296,4,0.023329451943890172,test,0.8595573936915554,4,1.0783329161866404,-1.0550034642427502,False,NONE,2025-12-24,2025-12-25,,,1.0725544428924418,,,3,1,,False,False,False,False,True,False,,False,False
2026-01-09,2026-01-08,test,test,5919,test,0.6425417837276861,4,0.3652612077895357,test,0.9838842975206612,3,2.1415289686118113,-1.7762677608222757,True,NONE,2026-01-09,2026-01-12,0.8682382829190015,1.1722000427333517,1.5051289175365414,0.28693081754736427,0.6184264359876848,5,5,-0.9080294779032742,False,False,False,False,False,False,,False,False
2026-01-12,2026-01-09,test,test,5920,test,0.8794416243654822,4,1.1722000427333517,test,0.6194214876033057,4,0.30396175981435014,0.8682382829190015,True,NONE,2026-01-12,2026-01-13,-1.9486893664951033,-0.4435604489585619,1.3586938687774945,0.1601060223592599,0.5259131165271541,5,5,1.0804510835761016,False,False,False,False,False,False,,False,False
2026-01-13,2026-01-12,test,test,5921,test,0.32868020304568524,4,-0.4435604489585619,test,0.9338545321460546,4,1.5051289175365414,-1.9486893664951033,True,NONE,2026-01-13,2026-01-14,-0.9626157195155813,0.39607814926191326,0.4292519016119051,0.4853790141251747,0.5149523890165109,5,5,-0.9860736469795219,False,False,False,False,False,False,,False,False
2026-01-14,2026-01-13,test,test,5922,test,0.6539763113367174,4,0.39607814926191326,test,0.9128781921130145,4,1.3586938687774945,-0.9626157195155813,True,NONE,2026-01-14,2026-01-15,-0.30487293777182894,0.12437896384007613,-0.28131316132573386,0.32648880398307945,0.434423046505664,5,5,-0.6577427817437524,False,False,False,False,False,False,,False,False
2026-01-15,2026-01-14,test,test,5923,test,0.549492385786802,4,0.12437896384007613,test,0.6661300421032255,4,0.4292519016119051,-0.30487293777182894,False,NONE,2026-01-15,2026-01-16,0.46687054218577595,0.18555738086004206,0.08037065333821732,0.2632062528740737,1.0089164053836943,5,5,0.161997604413947,False,False,False,False,True,False,,False,False
2026-01-16,2026-01-15,test,test,5924,test,0.5736040609137056,4,0.18555738086004206,test,0.38923510823872576,4,-0.28131316132573386,0.46687054218577595,False,NONE,2026-01-16,2026-01-19,0.4577054134546125,0.5380760667928298,1.0425623202338876,0.6112288983884829,1.4374421867677316,5,5,-0.00916512873116343,False,False,False,False,True,False,,False,False
2026-01-19,2026-01-16,test,test,5925,test,0.7047377326565143,4,0.5380760667928298,test,0.5320287666878576,4,0.08037065333821732,0.4577054134546125,False,NONE,2026-01-19,2026-01-20,0.14024218963712487,1.1828045098710125,1.3038902312242784,0.5956137257249766,1.3647720501772658,5,5,-0.31746322381748765,False,False,False,False,True,False,,False,False
2026-01-20,2026-01-19,test,test,5926,test,0.8815566835871405,4,1.1828045098710125,test,0.8514244759644256,4,1.0425623202338876,0.14024218963712487,False,NONE,2026-01-20,2026-01-21,-1.7022631326728415,-0.3983729014485631,0.02660518905767023,0.5375060053197092,1.3947453205620872,5,5,1.5620209430357166,False,False,False,False,True,False,,False,False
2026-01-21,2026-01-20,test,test,5927,test,0.3451776649746193,4,-0.3983729014485631,test,0.9038644942663502,4,1.3038902312242784,-1.7022631326728415,False,NONE,2026-01-21,2026-01-22,-0.21863898076262317,-0.19203379170495294,2.591153633064417,0.555568729555864,1.2282122643154945,5,5,-1.4836241519102182,False,False,False,False,True,False,,False,False
2026-01-22,2026-01-21,test,test,5928,test,0.42385786802030456,4,-0.19203379170495294,test,0.5106126827717736,4,0.02660518905767023,-0.21863898076262317,False,NONE,2026-01-22,2026-01-23,-0.6654830246323284,1.9256706084320887,2.2229995602584047,0.4786815644109462,0.5862907718371155,5,5,0.4468440438697053,False,False,False,False,True,False,,False,False
2026-01-23,2026-01-22,test,test,5929,test,0.972927241962775,4,1.9256706084320887,test,0.9952172611125898,4,2.591153633064417,-0.6654830246323284,True,NONE,2026-01-23,2026-01-26,-1.7629993567831068,0.46000020347529785,0.6792116372815581,0.20461015543100788,0.12018393686088187,5,5,1.0975163321507784,False,False,False,False,False,False,,False,False
2026-01-26,2026-01-23,test,test,5930,test,0.6772419627749577,4,0.46000020347529785,test,0.9868920851875398,4,2.2229995602584047,-1.7629993567831068,True,NONE,2026-01-26,2026-01-27,0.2130542705631171,0.8922659078446752,1.453756583148386,0.20721105813802043,-0.16951757275487495,5,5,-1.5499450862199897,False,False,False,False,False,False,,False,False
2026-01-27,2026-01-26,test,test,5931,test,0.8138747884940778,4,0.8922659078446752,test,0.7514981126140295,4,0.6792116372815581,0.2130542705631171,False,NONE,2026-01-27,2026-01-28,-1.7618158634161745,-0.3080592802677885,-0.8060600921752927,-0.24510771333029258,-0.518365837480226,5,5,1.5487615928530574,False,False,False,False,True,False,,False,False
2026-01-28,2026-01-27,test,test,5932,test,0.3790186125211506,4,-0.3080592802677885,test,0.9269930977327171,4,1.453756583148386,-1.7618158634161745,True,NONE,2026-01-28,2026-01-29,0.22959047474575112,-0.5764696174295416,-0.6184538293274789,-0.26114177199688837,-0.2714741867054961,5,5,-1.5322253886704233,False,False,False,False,False,False,,False,False
2026-01-29,2026-01-28,test,test,5933,test,0.28214890016920474,4,-0.5764696174295416,test,0.21010410044500955,4,-0.8060600921752927,0.22959047474575112,True,NONE,2026-01-29,2026-01-30,1.1737673928598755,0.5553135635323966,-0.107534614622763,-0.03478513580450071,-0.0045369029764946054,5,5,0.9441769181141244,False,False,False,False,False,False,,False,False
2026-01-30,2026-01-29,test,test,5934,test,0.7106598984771574,4,0.5553135635323966,test,0.2681381118881119,4,-0.6184538293274789,1.1737673928598755,False,NONE,2026-01-30,2026-02-02,0.5805393316331235,0.4730047170103605,-0.769295910797226,-0.3271611008614091,0.5257889923147959,5,5,-0.593228061226752,False,False,False,False,True,False,,False,False
2026-02-02,2026-01-30,test,test,5935,test,0.6818950930626058,4,0.4730047170103605,test,0.45718243301209643,4,-0.107534614622763,0.5805393316331235,False,NONE,2026-02-02,2026-02-03,-0.6000320386996639,-1.36932794949689,-0.2904847404783701,-0.427290541349695,0.6484476395758937,5,5,0.019492707066540382,False,False,False,False,True,False,,False,False
2026-02-03,2026-02-02,test,test,5936,test,0.08544839255499154,4,-1.36932794949689,test,0.2208588321084389,4,-0.769295910797226,-0.6000320386996639,False,NONE,2026-02-03,2026-02-04,-0.09774483312239718,-0.38822957360076726,0.4283981616983576,-0.011205222946275174,0.9973840512593807,5,5,-0.5022872055772667,False,False,False,False,True,False,,False,False
2026-02-04,2026-02-03,test,test,5937,test,0.34892307480760015,4,-0.38822957360076726,test,0.3857227115445109,4,-0.2904847404783701,-0.09774483312239718,False,NONE,2026-02-04,2026-02-05,0.126915401834039,0.5553135635323966,0.7162325893175285,0.2934550796166244,1.112676760291461,5,5,0.02917056871164181,False,False,False,False,True,False,,False,False
2026-02-05,2026-02-04,test,test,5938,test,0.7106598984771574,4,0.5553135635323966,test,0.6658193685836027,4,0.4283981616983576,0.126915401834039,False,NONE,2026-02-05,2026-02-06,-1.6227988510696738,-0.9065662617521454,2.5440948618336896,0.3295272267698442,1.0899802729689074,5,5,1.4958834492356348,False,False,False,False,True,False,,False,False
2026-02-06,2026-02-05,test,test,5939,test,0.1823181049069374,4,-0.9065662617521454,test,0.7630761284170375,4,0.7162325893175285,-1.6227988510696738,False,NONE,2026-02-06,2026-02-09,-2.5717373472647584,-0.02764248543106878,-0.15600267449173766,0.45564668839709394,0.49441896930800483,5,5,0.9489384961950846,False,False,False,False,True,False,,False,False
2026-02-09,2026-02-06,test,test,5940,test,0.4889736480628301,4,-0.02764248543106878,test,0.9945219337127169,4,2.5440948618336896,-2.5717373472647584,False,NONE,2026-02-09,2026-02-10,0.8671013170119466,0.7110986425202089,1.4541973179390646,0.22246644863923515,0.3109508777555402,5,5,-1.7046360302528119,False,False,False,True,False,False,,False,False
2026-02-10,2026-02-09,test,test,5941,test,0.7614884444309351,4,0.7110986425202089,test,0.4380154565472275,4,-0.15600267449173766,0.8671013170119466,False,NONE,2026-02-10,2026-02-11,-0.31912537872533386,1.1350719392137307,1.0048617068587593,0.3033746754898053,0.13133467648817174,5,5,-0.5479759382866127,False,False,False,False,True,False,,False,False
2026-02-11,2026-02-10,test,test,5942,test,0.8718274111675127,4,1.1350719392137307,test,0.9270541958041958,4,1.4541973179390646,-0.31912537872533386,True,NONE,2026-02-11,2026-02-12,-0.2691874075602638,0.7356742992984955,0.6027501527047614,0.12803767663471827,-0.135938544585195,5,5,-0.04993797116507004,False,False,False,False,False,False,,False,False
2026-02-12,2026-02-11,test,test,5943,test,0.7690355329949239,4,0.7356742992984955,test,0.842518277177368,4,1.0048617068587593,-0.2691874075602638,True,NONE,2026-02-12,2026-02-13,-0.8787191063206582,-0.2759689536158968,-0.4337116564708233,0.07243164596086323,-0.15858342549459098,5,5,0.6095316987603944,False,False,False,False,False,False,,False,False
2026-02-13,2026-02-12,test,test,5944,test,0.3912859560067682,4,-0.2759689536158968,test,0.7266625439675141,4,0.6027501527047614,-0.8787191063206582,True,NONE,2026-02-13,2026-02-16,-0.7598320277495391,-1.1935436842203624,-1.0733431322540612,0.2961086396271484,0.11212264734472761,5,5,-0.11888707857111913,False,False,False,False,False,False,,False,False
2026-02-16,2026-02-13,test,test,5945,test,0.11632825719120135,4,-1.1935436842203624,test,0.3322489204724184,4,-0.4337116564708233,-0.7598320277495391,True,NONE,2026-02-16,2026-02-17,2.1889829090271204,1.1156397767730595,0.5561163116022224,0.7036861937001476,0.5093001138397186,5,5,1.4291508812775815,False,False,False,False,False,False,,False,False
2026-02-17,2026-02-16,test,test,5946,test,0.8677118207385085,4,1.1156397767730595,test,0.14155859475535473,4,-1.0733431322540612,2.1889829090271204,True,NONE,2026-02-17,2026-02-18,-0.29772936666392696,0.25838694493829545,-0.3315043985080744,0.8459820170540071,0.48007351595674147,5,5,-1.8912535423631935,False,False,False,False,False,False,,False,False
2026-02-18,2026-02-17,test,test,5947,test,0.6019458544839256,4,0.25838694493829545,test,0.7109343275472562,4,0.5561163116022224,-0.29772936666392696,False,NONE,2026-02-18,2026-02-19,0.7891485444372949,0.4576441459292205,0.48952574815778177,0.9490520417603066,0.5540456527084319,5,5,0.4914191777733679,False,False,False,False,True,False,,False,False
2026-02-19,2026-02-18,test,test,5948,test,0.6763959390862944,4,0.4576441459292205,test,0.37013175955846606,4,-0.3315043985080744,0.7891485444372949,False,NONE,2026-02-19,2026-02-20,0.3528902665577472,0.842416014715529,0.9198187077257695,0.8390471647265025,0.34718174922509676,5,5,-0.4362582778795477,False,False,False,False,True,False,,False,False
2026-02-20,2026-02-19,test,test,5949,test,0.8002224340296926,4,0.842416014715529,test,0.6877652349223597,4,0.48952574815778177,0.3528902665577472,True,NONE,2026-02-20,2026-02-23,-0.07547462158113527,0.8443440861446342,0.9125442002208937,0.7903950079306948,0.3097265917242566,5,5,-0.2774156449766119,False,False,False,False,False,False,,False,False
2026-02-23,2026-02-20,test,test,5950,test,0.8007614213197969,4,0.8443440861446342,test,0.8211662472475622,4,0.9198187077257695,-0.07547462158113527,True,NONE,2026-02-23,2026-02-24,0.9145746933214629,1.8271188935423566,0.40998332218733674,0.9316596901782065,0.4800724432450423,5,5,0.8391000717403276,False,False,False,False,False,False,,False,False
2026-02-24,2026-02-23,test,test,5951,test,0.9661590524534687,4,1.8271188935423566,test,0.8192588435471417,4,0.9125442002208937,0.9145746933214629,False,NONE,2026-02-24,2026-02-25,0.3637537462824551,0.7737370684697918,0.03835628525037765,0.43451579357434866,0.6970932706991999,5,5,-0.5508209470390077,False,False,True,False,False,False,,False,False
2026-02-25,2026-02-24,test,test,5952,test,0.7804568527918782,4,0.7737370684697918,test,0.6590909090909091,4,0.40998332218733674,0.3637537462824551,False,NONE,2026-02-25,2026-02-26,-0.13073652449017645,-0.0923802392397988,-0.5447937692588939,0.1639732941891447,0.7559083229553821,5,5,-0.23301722179227866,False,False,False,False,True,False,,False,False
2026-02-26,2026-02-25,test,test,5953,test,0.4631979695431472,4,-0.0923802392397988,test,0.5152981926849496,4,0.03835628525037765,-0.13073652449017645,False,NONE,2026-02-26,2026-02-27,1.1439489999953847,0.5991552307364909,0.7325429202215689,0.30126687859067547,1.2027273938405805,5,5,1.0132124755052083,False,False,False,False,True,False,,False,False
2026-02-27,2026-02-26,test,test,5954,test,0.7254653130287648,4,0.5991552307364909,test,0.2929476822328348,4,-0.5447937692588939,1.1439489999953847,False,NONE,2026-02-27,2026-03-02,0.8181245771606235,1.5506674973821923,1.7642734578248223,-0.09682804618438223,1.088819057803999,5,5,-0.3258244228347612,False,False,False,False,True,False,,False,False
2026-03-02,2026-02-27,test,test,5955,test,0.9395093062605753,4,1.5506674973821923,test,0.768081372072407,4,0.7325429202215689,0.8181245771606235,False,NONE,2026-03-02,2026-03-03,-2.422874047301755,-0.6586005894769328,1.4950874594581247,-0.14455512700432874,0.8218795953461017,5,5,1.6047494701411318,False,False,False,False,True,False,,False,False
2026-03-03,2026-03-02,test,test,5956,test,0.2550761421319797,4,-0.6586005894769328,test,0.9611570247933885,4,1.7642734578248223,-2.422874047301755,False,NONE,2026-03-03,2026-03-04,-2.074062887914353,-0.5789754284562282,0.3324315465312887,-0.0024390617441919712,0.49773449556736704,5,5,-0.34881115938740237,False,False,False,True,False,False,,False,False
2026-03-04,2026-03-03,test,test,5957,test,0.2813028764805414,4,-0.5789754284562282,test,0.932554190854757,4,1.4950874594581247,-2.074062887914353,False,NONE,2026-03-04,2026-03-05,0.2616561362365667,0.5940876827678554,1.689301585167098,0.018280478420522828,0.5098011999191352,5,5,-1.812406751677786,False,False,False,False,True,False,,False,False
2026-03-05,2026-03-04,test,test,5958,test,0.7237732656514382,4,0.5940876827678554,test,0.6302182894959711,4,0.3324315465312887,0.2616561362365667,False,NONE,2026-03-05,2026-03-06,-3.080620978305896,-1.391319393138798,0.16300124003866023,-0.23543500817226456,0.2603233689971274,5,5,2.818964842069329,False,False,False,False,True,False,,False,False
2026-03-06,2026-03-05,test,test,5959,test,0.08206429780033841,4,-1.391319393138798,test,0.954419175115542,4,1.689301585167098,-3.080620978305896,True,NONE,2026-03-06,2026-03-09,1.1490308532437996,1.3120320932824598,0.4295761455353366,-0.04401515582059688,0.460732348388046,5,5,-1.9315901250620964,False,False,False,False,False,False,,False,False
2026-03-09,2026-03-06,test,test,5960,test,0.9052453468697124,4,1.3120320932824598,test,0.5647412708398868,4,0.16300124003866023,1.1490308532437996,True,NONE,2026-03-09,2026-03-10,-0.3775964087115857,0.051979736823750906,-0.12563803943554855,-0.3627176976611977,0.4471576712128889,5,5,-0.7714344445322139,False,False,False,False,False,False,,False,False
2026-03-10,2026-03-09,test,test,5961,test,0.5207275803722504,4,0.051979736823750906,test,0.6662480037263774,4,0.4295761455353366,-0.3775964087115857,True,NONE,2026-03-10,2026-03-11,-0.34973968819710555,-0.47537772763265407,0.39276506829012936,-0.6469792349253258,0.48188298471576,5,5,-0.027856720514480127,False,False,False,False,False,False,,False,False
2026-03-11,2026-03-10,test,test,5962,test,0.31725888324873097,4,-0.47537772763265407,test,0.4500092252038619,4,-0.12563803943554855,-0.34973968819710555,True,NONE,2026-03-11,2026-03-12,-1.067254818486211,-0.6744897501960817,0.44191243055705925,-0.4358577498799656,0.8952047457820477,5,5,0.7175151302891054,False,False,False,False,False,False,,False,False
2026-03-12,2026-03-11,test,test,5963,test,0.25,4,-0.6744897501960817,test,0.6527534965034965,4,0.39276506829012936,-1.067254818486211,True,NONE,2026-03-12,2026-03-13,-0.8761325619375187,-0.4342201313804594,1.1650461369932534,-0.31390490092934625,0.9012139895139256,5,5,-0.1911222565486923,False,False,False,False,False,False,,False,False
2026-03-13,2026-03-12,test,test,5964,test,0.3320642978003384,4,-0.4342201313804594,test,0.6707237124310104,4,0.44191243055705925,-0.8761325619375187,False,NONE,2026-03-13,2026-03-16,-1.4465267529137975,-0.28148061592054413,0.3617027596595512,-0.30719482532216086,0.8025830242544709,5,5,0.5703941909762789,False,False,False,False,True,False,,False,False
2026-03-16,2026-03-13,test,test,5965,test,0.38917089678510997,4,-0.28148061592054413,test,0.8779998410680229,4,1.1650461369932534,-1.4465267529137975,False,NONE,2026-03-16,2026-03-17,-1.7310307091564412,-1.36932794949689,0.047988528078807186,,0.867044573593289,4,5,0.2845039562426437,False,False,False,False,True,False,,False,False
2026-03-17,2026-03-16,test,test,5966,test,0.08544839255499154,4,-1.36932794949689,test,0.6412129177051322,4,0.3617027596595512,-1.7310307091564412,False,NONE,2026-03-17,2026-03-18,0.5322411695153401,0.5802296975941472,2.459373873621567,,,3,4,-1.1987895396411012,False,False,False,False,True,False,,False,False
2026-03-18,2026-03-17,test,test,5967,test,0.7191201353637902,4,0.5802296975941472,test,0.5191373073293488,4,0.047988528078807186,0.5322411695153401,True,NONE,2026-03-18,2026-03-19,-2.524099379064552,-0.06472550544298496,0.4719586492164494,,,3,3,1.9918582095492119,False,False,False,False,False,False,,False,False
2026-03-19,2026-03-18,test,test,5968,test,0.47419627749576987,4,-0.06472550544298496,test,0.9930410203982869,4,2.459373873621567,-2.524099379064552,True,NONE,2026-03-19,2026-03-20,-0.8726284025609818,-0.4006697533445324,0.6718913106959793,,,3,2,-1.65147097650357,False,False,False,False,False,False,,False,False
2026-03-20,2026-03-19,test,test,5969,test,0.344331641285956,4,-0.4006697533445324,test,0.6815218479224456,4,0.4719586492164494,-0.8726284025609818,True,NONE,2026-03-20,2026-03-23,,,0.6840105063536431,,,3,1,,False,False,False,False,False,False,,False,False
2026-03-31,2026-03-30,test,test,5976,test,0.20177664974619292,4,-0.8352920375371939,test,0.7063148788927336,3,0.5426508188865667,-1.3779428564237608,False,NONE,2026-03-31,2026-04-01,1.3182798711802524,1.143186700481366,-0.10850308858778274,-0.3134698162814152,0.37155433122159937,5,5,-0.05966298524350844,False,False,False,False,True,False,,False,False
2026-04-01,2026-03-31,test,test,5977,test,0.8735194585448393,4,1.143186700481366,test,0.4305032121857381,4,-0.17509317069888636,1.3182798711802524,False,NONE,2026-04-01,2026-04-02,0.8497481938942761,0.7412451053064935,0.2625831343860697,-0.25872867196013977,0.40892146096295673,5,5,-0.4685316772859762,False,False,False,False,True,False,,False,False
2026-04-02,2026-04-01,test,test,5978,test,0.7707275803722504,4,0.7412451053064935,test,0.4567983153210426,4,-0.10850308858778274,0.8497481938942761,False,NONE,2026-04-02,2026-04-03,-2.863176815844991,-2.6005936814589212,0.31693451962798797,-0.3927572519161888,0.3993836220076134,5,5,2.0134286219507147,False,False,False,False,True,False,,False,False
2026-04-03,2026-04-02,test,test,5979,test,0.004653130287648055,4,-2.6005936814589212,test,0.6035640495867769,4,0.2625831343860697,-2.863176815844991,True,NONE,2026-04-03,2026-04-06,-1.3418256681395953,-1.0248911485116072,0.22851617217405873,-0.23919374018562137,0.28598728088894665,5,5,-1.5213511477053956,False,False,False,False,False,False,,False,False
2026-04-06,2026-04-03,test,test,5980,test,0.1527072758037225,4,-1.0248911485116072,test,0.624353355829449,4,0.31693451962798797,-1.3418256681395953,True,NONE,2026-04-06,2026-04-07,-0.05481222939846553,0.1737039427755932,1.1582409185076632,0.010732010858785435,0.22156348054761205,5,5,-1.2870134387411296,False,False,False,False,False,False,,False,False
2026-04-07,2026-04-06,test,test,5981,test,0.5689509306260575,4,0.1737039427755932,test,0.5903775074406562,4,0.22851617217405873,-0.05481222939846553,False,NONE,2026-04-07,2026-04-08,0.2586515035800796,1.4168924220877428,0.0783325601190042,-0.08384406834585943,0.1347300602311326,5,5,0.20383927418161407,False,False,False,False,True,False,,False,False
2026-04-08,2026-04-07,test,test,5982,test,0.9217428087986463,4,1.4168924220877428,test,0.8766171328671328,4,1.1582409185076632,0.2586515035800796,False,NONE,2026-04-08,2026-04-09,-0.0072303545927559915,0.07110220552624821,0.21489393960935305,-0.474837766121974,0.14908453732464472,5,5,-0.2514211489873236,False,False,False,False,True,False,,False,False
2026-04-09,2026-04-08,test,test,5983,test,0.5283417935702199,4,0.07110220552624821,test,0.5312182411014591,4,0.0783325601190042,-0.0072303545927559915,False,NONE,2026-04-09,2026-04-10,-2.047670062415437,-1.832776122806084,-0.25004718596534575,-0.47356184760123704,0.2324020672623245,5,5,2.040439707822681,False,False,False,False,True,False,,False,False
2026-04-10,2026-04-09,test,test,5984,test,0.03341793570219966,4,-1.832776122806084,test,0.5850749949955676,4,0.21489393960935305,-2.047670062415437,True,NONE,2026-04-10,2026-04-13,0.4747847926757725,0.22473760671042675,-0.09360282953261437,0.2942252354267582,0.6840401022790459,5,5,-1.5728852697396645,False,False,False,False,False,False,,False,False
2026-04-13,2026-04-10,test,test,5985,test,0.5889082965323884,4,0.22473760671042675,test,0.4012754291163382,4,-0.25004718596534575,0.4747847926757725,True,NONE,2026-04-13,2026-04-14,-0.20557362371501667,-0.29917645324763104,0.724073816925266,0.05168931189876454,0.7512937869991607,5,5,-0.2692111689607558,False,False,False,False,False,False,,False,False
2026-04-14,2026-04-13,test,test,5986,test,0.3824027072758037,4,-0.29917645324763104,test,0.46271233092167346,4,-0.09360282953261437,-0.20557362371501667,False,NONE,2026-04-14,2026-04-15,-1.262149883718096,-0.5380760667928302,0.1501049455865648,0.23522183963418639,0.6826951210231048,5,5,1.0565762600030792,False,False,False,False,True,False,,False,False
2026-04-15,2026-04-14,test,test,5987,test,0.2952622673434856,4,-0.5380760667928302,test,0.7654897909577054,4,0.724073816925266,-1.262149883718096,False,NONE,2026-04-15,2026-04-16,-0.07262314745663197,0.07748179812993282,0.6314815892977518,0.23448581160133714,0.6517917098393415,5,5,-1.189526736261464,False,False,False,False,True,False,,False,False
2026-04-16,2026-04-15,test,test,5988,test,0.5308798646362098,4,0.07748179812993282,test,0.5596590909090909,4,0.1501049455865648,-0.07262314745663197,False,NONE,2026-04-16,2026-04-17,1.374677703036141,2.006159292333893,2.0081429891182614,0.10143452961078465,0.6966264442829728,5,5,1.302054555579509,False,False,False,False,True,False,,False,False
2026-04-17,2026-04-16,test,test,5989,test,0.977580372250423,4,2.006159292333893,test,0.7361371582962493,4,0.6314815892977518,1.374677703036141,False,NONE,2026-04-17,2026-04-20,-2.9960850000478034,-0.9879420109295419,0.24266559406795918,-0.48859419131077625,0.5285593515432038,5,5,1.6214072970116624,False,False,True,False,False,False,,False,False
2026-04-20,2026-04-17,test,test,5990,test,0.16159052453468697,4,-0.9879420109295419,test,0.9776859504132231,4,2.0081429891182614,-2.9960850000478034,False,IMPLIED_ONLY,2026-04-20,2026-04-21,0.37582059136151913,0.6184861854294783,0.3810804870449871,-0.5903101221216498,0.9998000259978654,5,5,-2.6202644086862845,False,True,False,False,False,False,E21_012,False,True
2026-04-21,2026-04-20,test,test,5991,test,0.7318725493176085,4,0.6184861854294783,test,0.5958677685950413,4,0.24266559406795918,0.37582059136151913,False,NONE,2026-04-21,2026-04-22,-0.9228366940020636,-0.5417562069570765,-0.004412110332251691,-0.8542789911870861,0.5459324405019782,5,5,0.5470161026405445,False,False,False,False,True,False,,False,False
2026-04-22,2026-04-21,test,test,5992,test,0.2939932318104907,4,-0.5417562069570765,test,0.6484282369879255,4,0.3810804870449871,-0.9228366940020636,False,NONE,2026-04-22,2026-04-23,-0.5833625014905778,-0.5877746118228294,0.8556552615159082,-0.925965314663846,0.8174178047039,5,5,-0.3394741925114858,False,False,False,False,True,False,,False,False
2026-04-23,2026-04-22,test,test,5993,test,0.27834179357021993,4,-0.5877746118228294,test,0.4982398283534647,4,-0.004412110332251691,-0.5833625014905778,False,NONE,2026-04-23,2026-04-24,-1.79963957378982,-0.9439843122739118,1.1678075254194162,-0.20465734092899357,1.0808140369465027,5,5,1.2162770722992424,False,False,False,False,True,False,,False,False
2026-04-24,2026-04-23,test,test,5994,test,0.17258883248730966,4,-0.9439843122739118,test,0.8039057533375715,4,0.8556552615159082,-1.79963957378982,True,NONE,2026-04-24,2026-04-27,-2.664329190403326,-1.4965216649839097,2.598868966341268,0.30714630790979164,1.1136414440935742,5,5,0.8646896166135059,False,False,False,False,False,False,,False,False
2026-04-27,2026-04-24,test,test,5995,test,0.06725888324873097,4,-1.4965216649839097,test,0.8785577940461552,4,1.1678075254194162,-2.664329190403326,True,NONE,2026-04-27,2026-04-28,-3.3002271262389704,-0.7013581598977026,-1.8882574404344494,0.8057738433828808,0.7381974942078517,5,5,0.6358979358356445,False,False,False,False,False,False,,False,False
2026-04-28,2026-04-27,test,test,5996,test,0.24153976311336717,4,-0.7013581598977026,test,0.9953234265734265,4,2.598868966341268,-3.3002271262389704,True,NONE,2026-04-28,2026-04-29,0.9880696160935728,-0.9001878243408766,1.353014710677357,0.43192570114916357,0.7516174413737419,5,5,-2.3121575101453975,False,False,False,False,False,False,,False,False
2026-04-29,2026-04-28,test,test,5997,test,0.18401015228426396,4,-0.9001878243408766,test,0.02949569893774046,4,-1.8882574404344494,0.9880696160935728,True,NONE,2026-04-29,2026-04-30,1.6657505461740758,3.0187652568514327,2.172636422728922,1.1623752783949175,0.7776580777111631,5,5,0.677680930080503,False,False,False,False,False,False,,False,False
2026-04-30,2026-04-29,test,test,5998,test,0.998730964467005,4,3.0187652568514327,test,0.9119745345877777,4,1.353014710677357,1.6657505461740758,True,NONE,2026-04-30,2026-05-01,-0.5576024908089074,1.6150339319200144,1.3319445611547733,0.20989008937728754,0.6591177576031277,5,5,-1.1081480553651684,False,False,False,False,False,False,,False,False
2026-05-01,2026-04-30,test,test,5999,test,0.9468483265521169,4,1.6150339319200144,test,0.9850961538461538,4,2.172636422728922,-0.5576024908089074,False,NONE,2026-05-01,2026-05-04,-0.33532854877323726,0.9966160123815361,0.7216492169126557,-0.6069840345662703,0.12488050906510453,5,5,-0.2222739420356702,False,False,False,True,False,False,,False,False
2026-05-04,2026-05-01,test,test,6000,test,0.8405245346869712,4,0.9966160123815361,test,0.9085607967056536,4,1.3319445611547733,-0.33532854877323726,False,NONE,2026-05-04,2026-05-05,-3.292248087978944,-2.5705988710662884,-1.8211577046049985,-1.111592640609413,0.11944934057706542,5,5,2.956919539205707,False,False,False,False,True,False,,False,False
2026-05-05,2026-05-04,test,test,6001,test,0.005076142131979695,4,-2.5705988710662884,test,0.7647449141767324,4,0.7216492169126557,-3.292248087978944,False,NONE,2026-05-05,2026-05-06,4.573217766492892,2.752060061887893,1.483217892364463,-0.8686554332106304,0.48279113268944823,5,5,1.280969678513948,False,False,False,False,True,False,,False,False
2026-05-06,2026-05-05,test,test,6002,test,0.9970389170896785,4,2.752060061887893,test,0.034291443850267375,4,-1.8211577046049985,4.573217766492892,False,REALISED_ONLY,2026-05-06,2026-05-07,-3.2268785806011806,-1.7436606882367178,1.579934822188745,-1.9085810234943263,0.1020904427951446,5,5,-1.3463391858917113,True,False,False,False,False,False,E21_013,False,True
2026-05-07,2026-05-06,test,test,6003,test,0.04060913705583756,4,-1.7436606882367178,test,0.9309917355371901,4,1.483217892364463,-3.2268785806011806,False,NONE,2026-05-07,2026-05-08,-4.04927150998652,-2.469336687797775,-1.3392416815353427,-1.810664365392709,-0.22909951679760407,5,5,0.8223929293853391,False,False,False,False,True,False,,False,False
2026-05-08,2026-05-07,test,test,6004,test,0.006768189509306261,4,-2.469336687797775,test,0.9429391032056965,4,1.579934822188745,-4.04927150998652,True,NONE,2026-05-08,2026-05-11,-0.18718533629883427,-1.526427017834177,0.6944933744724603,-1.5164689930537958,0.13678927145361416,5,5,-3.8620861736876853,False,False,False,False,False,False,,False,False
2026-05-11,2026-05-08,test,test,6005,test,0.06345177664974619,4,-1.526427017834177,test,0.0902460036031914,4,-1.3392416815353427,-0.18718533629883427,True,NONE,2026-05-11,2026-05-12,-2.050406208544836,-1.3559128340723756,-0.004448744043084659,-1.3588749570172376,-0.06316795605080655,5,5,1.8632208722460015,False,False,False,False,False,False,,False,False
2026-05-12,2026-05-11,test,test,6006,test,0.08756345177664974,4,-1.3559128340723756,test,0.7563135727908455,4,0.6944933744724603,-2.050406208544836,True,NONE,2026-05-12,2026-05-13,-2.443119145487502,-2.4475678895305863,-0.42028555710705484,-1.2170508128257278,-0.008403705336901768,5,5,0.39271293694266607,False,False,False,False,False,False,,False,False
2026-05-13,2026-05-12,test,test,6007,test,0.0071912013536379014,4,-2.4475678895305863,test,0.49822521376075957,4,-0.004448744043084659,-2.443119145487502,True,NONE,2026-05-13,2026-05-14,-0.8337918406215769,-1.2540773977286317,-0.07601497577499834,-0.9420718006021526,0.13328445436669464,5,5,-1.609327304865925,False,False,False,False,False,False,,False,False
2026-05-14,2026-05-13,test,test,6008,test,0.10490693739424704,4,-1.2540773977286317,test,0.3371384297520661,4,-0.42028555710705484,-0.8337918406215769,False,NONE,2026-05-14,2026-05-15,-0.9223448503282095,-0.9983598261032078,0.4902022597207485,-0.7723669071885407,0.25336069555231966,5,5,0.0885530097066326,False,False,False,False,True,False,,False,False
2026-05-15,2026-05-14,test,test,6009,test,0.15905245346869712,4,-0.9983598261032078,test,0.4697035918626828,4,-0.07601497577499834,-0.9223448503282095,False,NONE,2026-05-15,2026-05-18,-1.2286590973721347,-0.7384568376513864,-0.3052927630496434,-1.0711634676507404,0.11631770890386146,5,5,0.3063142470439253,False,False,False,False,True,False,,False,False
2026-05-18,2026-05-15,test,test,6010,test,0.23011844331641285,4,-0.7384568376513864,test,0.6880046090273364,4,0.4902022597207485,-1.2286590973721347,False,NONE,2026-05-18,2026-05-19,-0.3414993500651832,-0.6467921131148267,0.26937250952643926,-1.421389604588624,0.3587550783196917,5,5,-0.8871597473069515,False,False,False,False,True,False,,False,False
2026-05-19,2026-05-18,test,test,6011,test,0.25888324873096447,4,-0.6467921131148267,test,0.3800715936312822,4,-0.3052927630496434,-0.3414993500651832,True,NONE,2026-05-19,2026-05-20,-1.3420453379391493,-1.07267282841271,0.28815524141092724,-1.7310973424798022,0.22092513916090248,5,5,1.000545987873966,False,False,False,False,False,False,,False,False
2026-05-20,2026-05-19,test,test,6012,test,0.14170896785109982,4,-1.07267282841271,test,0.6061784806102988,4,0.26937250952643926,-1.3420453379391493,True,NONE,2026-05-20,2026-05-21,-0.6937081720714999,-0.4055529306605727,0.5243662301531268,-1.9068248281447961,0.1630869314801346,5,5,-0.6483371658676493,False,False,False,False,False,False,,False,False
2026-05-21,2026-05-20,test,test,6013,test,0.3425355597724059,4,-0.4055529306605727,test,0.6133860457724094,4,0.28815524141092724,-0.6937081720714999,False,NONE,2026-05-21,2026-05-22,-3.016708858567334,-2.492342628414207,-0.1950126735215426,-1.9657148039055148,0.14224251171683872,5,5,2.323000686495834,False,False,False,False,True,False,,False,False
2026-05-22,2026-05-21,test,test,6014,test,0.006345177664974619,4,-2.492342628414207,test,0.6999880801017164,4,0.5243662301531268,-3.016708858567334,True,NONE,2026-05-22,2026-05-25,-2.2945748488192614,-2.489587522340804,0.906894084029508,-1.8680117154423796,0.18103788702256476,5,5,-0.7221340097480726,False,False,False,False,False,False,,False,False
2026-05-25,2026-05-22,test,test,6015,test,0.0063945712635642415,4,-2.489587522340804,test,0.42269151303242214,4,-0.1950126735215426,-2.2945748488192614,True,NONE,2026-05-25,2026-05-26,-3.102224886600225,-2.1953308025707168,-0.41977718626750704,-1.5117250821024917,-0.054440606708161754,5,5,0.8076500377809634,False,False,False,False,False,False,,False,False
2026-05-26,2026-05-25,test,test,6016,test,0.014069938440739983,4,-2.1953308025707168,test,0.8177685950413223,4,0.906894084029508,-3.102224886600225,False,NONE,2026-05-26,2026-05-27,-1.5315330704701726,-1.9513102567376797,-0.0010357969929122202,-1.5992845921580003,0.38443166762410574,5,5,-1.5706918161300523,False,False,False,False,True,False,,False,False
2026-05-27,2026-05-26,test,test,6017,test,0.025510074846680823,4,-1.9513102567376797,test,0.33732411619522346,4,-0.41977718626750704,-1.5315330704701726,False,NONE,2026-05-27,2026-05-28,-0.6989670124712549,-0.7000028094641672,0.42014413133664735,-1.438496825940047,0.5767594200080361,5,5,-0.8325660579989177,False,False,False,False,True,False,,False,False
2026-05-28,2026-05-27,test,test,6018,test,0.2419627749576988,4,-0.7000028094641672,test,0.49958677685950414,4,-0.0010357969929122202,-0.6989670124712549,False,NONE,2026-05-28,2026-05-29,-2.423971317435179,-2.0038271860985315,-0.0010357969929122202,-1.6745555613360383,0.6704762058991668,5,5,1.725004304963924,False,False,False,False,True,False,,False,False
2026-05-29,2026-05-28,test,test,6019,test,0.0225442877841127,4,-2.0038271860985315,test,0.6628099173553719,4,0.42014413133664735,-2.423971317435179,False,NONE,2026-05-29,2026-06-01,-0.7071185586484513,-0.7081543556413635,-0.2704983846241246,-1.2916273445680109,0.8317355864565604,5,5,-1.7168527587867275,False,False,False,False,True,False,,False,False
2026-06-01,2026-05-29,test,test,6020,test,0.23942470389170897,4,-0.7081543556413635,test,0.49958677685950414,4,-0.0010357969929122202,-0.7071185586484513,False,NONE,2026-06-01,2026-06-02,-2.3626299682241356,-2.63312835284826,1.7745841853938304,-1.4958554352946216,0.929575367371435,5,5,1.6555114095756842,False,False,False,False,True,False,,False,False
2026-06-02,2026-06-01,test,test,6021,test,0.004230118443316413,4,-2.63312835284826,test,0.3933884297520661,4,-0.2704983846241246,-2.3626299682241356,False,NONE,2026-06-02,2026-06-03,-2.921955611041744,-1.1473714256479135,0.9606029649267401,-1.3375232561796846,0.7520110932537009,5,5,0.5593256428176083,False,False,False,False,True,False,,False,False
2026-06-03,2026-06-02,test,test,6022,test,0.12561407279711786,4,-1.1473714256479135,test,0.9620167148045411,4,1.7745841853938304,-2.921955611041744,False,NONE,2026-06-03,2026-06-04,-2.8408994513708636,-1.8802964864441236,0.8887280607923006,-1.634674641619754,0.5450670372007033,5,5,-0.08105615967088031,False,False,False,True,False,False,,False,False
2026-06-04,2026-06-03,test,test,6023,test,0.03003384094754653,4,-1.8802964864441236,test,0.8316240813291773,4,0.9606029649267401,-2.8408994513708636,False,NONE,2026-06-04,2026-06-05,-0.9779141630506943,-0.0891861022583937,0.8052611057940557,-1.1158923551369295,0.33170989123837824,5,5,-1.8629852883201692,False,False,False,False,True,False,,False,False
2026-06-05,2026-06-04,test,test,6024,test,0.46446700507614214,4,-0.0891861022583937,test,0.8129253767622752,4,0.8887280607923006,-0.9779141630506943,True,NONE,2026-06-05,2026-06-08,-2.5345559150684736,-1.7292948092744176,0.21870051995024845,-1.3231697638791893,0.2712827718829457,5,5,1.556641752017779,False,False,False,False,False,False,,False,False
2026-06-08,2026-06-05,test,test,6025,test,0.04187817258883249,4,-1.7292948092744176,test,0.7896654894334982,4,0.8052611057940557,-2.5345559150684736,True,NONE,2026-06-08,2026-06-09,-2.0601679772238235,-1.8414674572735752,0.8867628148051595,-0.9469061990883721,0.7289796236569149,5,5,-0.47438793784465005,False,False,False,False,False,False,,False,False
2026-06-09,2026-06-08,test,test,6026,test,0.03277654263626482,4,-1.8414674572735752,test,0.5865583280356008,4,0.21870051995024845,-2.0601679772238235,True,NONE,2026-06-09,2026-06-10,-3.5198911676534195,-2.63312835284826,-0.074117315338248,-1.150706966861016,0.34056462848995817,5,5,1.459723190429596,False,False,False,False,False,False,,False,False
2026-06-10,2026-06-09,test,test,6027,test,0.004230118443316413,4,-2.63312835284826,test,0.812396694214876,4,0.8867628148051595,-3.5198911676534195,True,NONE,2026-06-10,2026-06-11,0.7877322613082465,0.7136149459699985,-0.17805766901932463,-0.5966482558542296,0.6697128922483216,5,5,-2.732158906345173,False,False,False,False,False,False,,False,False
2026-06-11,2026-06-10,test,test,6028,test,0.7622673434856175,4,0.7136149459699985,test,0.47045851875397326,4,-0.074117315338248,0.7877322613082465,True,NONE,2026-06-11,2026-06-12,-0.9475154769503683,-1.125573145969693,0.5031255090168932,-0.6255764915781006,1.0730782849164568,5,5,0.15978321564212183,False,False,False,False,False,False,,False,False
2026-06-12,2026-06-11,test,test,6029,test,0.13017312003983333,4,-1.125573145969693,test,0.42933884297520664,4,-0.17805766901932463,-0.9475154769503683,False,NONE,2026-06-12,2026-06-15,-0.3511024943372248,0.15202301467966844,2.5071847788200943,-0.7625596914316503,1.0531210888970448,5,5,-0.5964129826131435,False,False,False,False,True,False,,False,False
2026-06-15,2026-06-12,test,test,6030,test,0.5604156082324112,4,0.15202301467966844,test,0.6925619834710743,4,0.5031255090168932,-0.3511024943372248,False,NONE,2026-06-15,2026-06-16,-5.367656074956887,-2.8604712961367933,-1.0553121610296239,-0.7035496894031901,0.8578715191195283,5,5,5.016553580619663,False,False,False,False,True,False,,False,False
2026-06-16,2026-06-15,test,test,6031,test,0.0021150592216582064,4,-2.8604712961367933,test,0.9939151462724127,4,2.5071847788200943,-5.367656074956887,True,NONE,2026-06-16,2026-06-17,1.1924773632152945,0.13716520218567071,1.5716240034535691,-0.6455752043890893,1.0401246640134054,5,5,-4.175178711741593,False,False,False,False,False,False,,False,False
2026-06-17,2026-06-16,test,test,6032,test,0.5545498922387277,4,0.13716520218567071,test,0.14564129052765418,4,-1.0553121610296239,1.1924773632152945,True,NONE,2026-06-17,2026-06-18,-1.0026502361029253,0.5689737673506439,1.8387692943213518,-1.1815587599308806,0.5388560720659005,5,5,-0.18982712711236926,False,False,False,False,False,False,,False,False
2026-06-18,2026-06-17,test,test,6033,test,0.7153130287648055,4,0.5689737673506439,test,0.9419811118419171,4,1.5716240034535691,-1.0026502361029253,True,NONE,2026-06-18,2026-06-19,-3.6492584395587926,-1.8104891452374408,0.4033395289198328,-1.7594878559668714,0.15285287285107135,5,5,2.6466082034558673,False,False,False,False,False,False,,False,False
2026-06-19,2026-06-18,test,test,6034,test,0.03510998307952623,4,-1.8104891452374408,test,0.9670254368154652,4,1.8387692943213518,-3.6492584395587926,True,NONE,2026-06-19,2026-06-22,0.04373349590213549,0.4470730248219683,1.530936929932512,-1.6715893111741642,0.04580541549686144,5,5,-3.605524943656657,False,False,False,False,False,False,,False,False
2026-06-22,2026-06-19,test,test,6035,test,0.6725888324873096,4,0.4470730248219683,test,0.6566507670530162,4,0.4033395289198328,0.04373349590213549,True,NONE,2026-06-22,2026-06-23,-4.1015358009988,-2.5705988710662884,-0.14404643656023788,-2.311415928516136,-0.22031101253301183,5,5,4.057802305096664,False,False,False,False,False,False,,False,False
2026-06-23,2026-06-22,test,test,6036,test,0.005076142131979695,4,-2.5705988710662884,test,0.9371075095084218,4,1.530936929932512,-4.1015358009988,False,NONE,2026-06-23,2026-06-24,-2.3987061389630475,-2.5427525755232856,-0.934718956283956,-2.0088732738225565,0.2808771640960305,5,5,-1.7028296620357524,False,False,False,False,True,False,,False,False
2026-06-24,2026-06-23,test,test,6037,test,0.005499153976311337,4,-2.5427525755232856,test,0.44273190045248867,4,-0.14404643656023788,-2.3987061389630475,False,NONE,2026-06-24,2026-06-25,-1.3859527565453547,-2.3206717128293106,-0.09124670175279406,-1.92471511509975,0.9617058523228955,5,5,-1.0127533824176929,False,False,False,False,True,False,,False,False
2026-06-25,2026-06-24,test,test,6038,test,0.01015228426395939,4,-2.3206717128293106,test,0.17496657754010697,4,-0.934718956283956,-1.3859527565453547,False,NONE,2026-06-25,2026-06-26,-1.2797497195211105,-1.3709964212739045,-0.1318977578512169,,,4,4,-0.10620303702424416,False,False,False,False,True,False,,False,False
2026-06-26,2026-06-25,test,test,6039,test,0.08518803582103379,4,-1.3709964212739045,test,0.46364828353464715,4,-0.09124670175279406,-1.2797497195211105,False,NONE,2026-06-26,2026-06-29,-2.6201623040366764,-2.752060061887893,0.2003547897831454,,,3,3,1.3404125845155659,False,False,False,False,True,False,,False,False
2026-06-29,2026-06-26,test,test,6040,test,0.0029610829103214886,4,-2.752060061887893,test,0.44753258105530835,4,-0.1318977578512169,-2.6201623040366764,False,NONE,2026-06-29,2026-06-30,-1.2582403873815349,-1.0578855975983894,2.361894446584974,,,2,2,-1.3619219166551415,False,False,False,False,True,False,,False,False
2026-06-30,2026-06-29,test,test,6041,test,0.14505380102738685,4,-1.0578855975983894,test,0.5793984424666243,4,0.2003547897831454,-1.2582403873815349,False,NONE,2026-06-30,2026-07-01,-4.4838562284942265,-2.1219617819092527,2.4694244848503697,,,1,1,3.225615841112692,False,False,False,False,True,False,,False,False
2026-07-01,2026-06-30,test,test,6042,test,0.01692047377326565,4,-2.1219617819092527,test,0.990909090909091,4,2.361894446584974,-4.4838562284942265,False,IMPLIED_ONLY,2026-07-01,2026-07-02,,,,,,0,0,,False,True,False,False,False,False,E21_014,False,True
