model_day,split,contract_class,maturity_years,actual_entry_timestamp,actual_expiry_timestamp,calendar_duration_hours,path_hourly_observations,max_interior_gap_hours,saturday_rows_x,sunday_rows_x,unchanged_mid_consecutive,unchanged_bidask_consecutive,weekend_hedge_rows,weekend_hedge_turnover,long_pnl_bidask,short_pnl_bidask,long_hedge_turnover,short_hedge_turnover,saturday_rows_y,sunday_rows_y,nonzero_weekend_hedge_trades,weekend_abs_turnover,weekend_bidask_cost
2012-08-08,DEVELOPMENT,REGULAR,0.0027397260273972,2012-08-08 21:00:00+00:00,2012-08-09 21:00:00+00:00,24.0,25,1.0,0,0,0,0,0,0.0,-0.1383706061467506,0.1078025242746889,3.7752660412895054,3.7752660412895054,0.0,0.0,0.0,0.0,0.0
2012-08-09,DEVELOPMENT,REGULAR,0.0027397260273972,2012-08-09 21:00:00+00:00,2012-08-10 21:00:00+00:00,24.0,25,1.0,0,0,0,0,0,0.0,-0.0744509402254465,0.0002791454016204,2.895278055823512,2.895278055823512,0.0,0.0,0.0,0.0,0.0
2012-08-10,DEVELOPMENT,EXTENDED_WEEKEND,0.0082191780821917,2012-08-10 21:00:00+00:00,2012-08-13 21:00:00+00:00,72.0,71,2.0,23,24,47,47,47,0.11251535731030274,-0.1216751718444015,0.0713542577553312,5.013922154658139,5.013922154658139,23.0,24.0,47.0,0.11251535731030274,0.0007806816104911707
2012-08-13,DEVELOPMENT,REGULAR,0.0027397260273972,2012-08-13 21:00:00+00:00,2012-08-14 21:00:00+00:00,24.0,25,1.0,0,0,0,0,0,0.0,-0.0304415669599649,0.0065671659746868,2.3119071625470275,2.3119071625470275,0.0,0.0,0.0,0.0,0.0
2012-08-14,DEVELOPMENT,REGULAR,0.0027397260273972,2012-08-14 21:00:00+00:00,2012-08-15 21:00:00+00:00,24.0,25,1.0,0,0,0,0,0,0.0,0.0843059956245184,-0.1296753329883415,4.711308908065414,4.711308908065414,0.0,0.0,0.0,0.0,0.0
2012-08-15,DEVELOPMENT,REGULAR,0.0027397260273972,2012-08-15 21:00:00+00:00,2012-08-16 21:00:00+00:00,24.0,25,1.0,0,0,0,0,0,0.0,-0.0751365535031283,0.0504301952623365,2.7964943566838505,2.7964943566838505,0.0,0.0,0.0,0.0,0.0
2012-08-16,DEVELOPMENT,REGULAR,0.0027397260273972,2012-08-16 21:00:00+00:00,2012-08-17 21:00:00+00:00,24.0,25,1.0,0,0,0,0,0,0.0,-0.1640067145100658,0.1093452587083305,3.210143377327159,3.210143377327159,0.0,0.0,0.0,0.0,0.0
2012-08-17,DEVELOPMENT,EXTENDED_WEEKEND,0.0082191780821917,2012-08-17 21:00:00+00:00,2012-08-20 21:00:00+00:00,72.0,73,1.0,24,24,47,47,48,0.33377012374953013,-0.1303073648672352,0.0964527366257215,4.063270036873195,4.063270036873195,24.0,24.0,48.0,0.33377012374953013,0.0013894954844248441
2012-08-20,DEVELOPMENT,REGULAR,0.0027397260273972,2012-08-20 21:00:00+00:00,2012-08-21 21:00:00+00:00,24.0,24,2.0,0,0,0,0,0,0.0,-0.0287466428435152,-0.0173725204187604,4.843808074924483,4.843808074924483,0.0,0.0,0.0,0.0,0.0
2012-08-21,DEVELOPMENT,REGULAR,0.0027397260273972,2012-08-21 21:00:00+00:00,2012-08-22 21:00:00+00:00,24.0,25,1.0,0,0,1,1,0,0.0,0.0985020666120419,-0.1347192515231938,3.690380945139573,3.690380945139573,0.0,0.0,0.0,0.0,0.0
2012-08-22,DEVELOPMENT,REGULAR,0.0027397260273972,2012-08-22 21:00:00+00:00,2012-08-23 21:00:00+00:00,24.0,25,1.0,0,0,0,0,0,0.0,-0.0053222007578028,-0.0355830998521327,4.676181350999467,4.676181350999467,0.0,0.0,0.0,0.0,0.0
2012-08-23,DEVELOPMENT,REGULAR,0.0027397260273972,2012-08-23 21:00:00+00:00,2012-08-24 21:00:00+00:00,24.0,25,1.0,0,0,0,0,0,0.0,-0.0389620233494412,-0.0233999618607896,4.158329943699652,4.158329943699652,0.0,0.0,0.0,0.0,0.0
2012-08-24,DEVELOPMENT,EXTENDED_WEEKEND,0.0082191780821917,2012-08-24 21:00:00+00:00,2012-08-27 21:00:00+00:00,72.0,73,1.0,24,24,48,48,48,0.08712663395307217,-0.1239290060832871,0.0761779522865282,5.210087815875557,5.210087815875557,24.0,24.0,48.0,0.08712663395307217,0.0006498910675659687
2012-08-27,DEVELOPMENT,REGULAR,0.0027397260273972,2012-08-27 21:00:00+00:00,2012-08-28 21:00:00+00:00,24.0,25,1.0,0,0,0,0,0,0.0,-0.0186604821490732,-0.0010281623788301,2.9683499693043203,2.9683499693043203,0.0,0.0,0.0,0.0,0.0
2012-08-28,DEVELOPMENT,REGULAR,0.0027397260273972,2012-08-28 21:00:00+00:00,2012-08-29 21:00:00+00:00,24.0,25,1.0,0,0,0,0,0,0.0,-0.0664053225813603,0.0396075276389638,3.072864368321337,3.072864368321337,0.0,0.0,0.0,0.0,0.0
2012-08-29,DEVELOPMENT,REGULAR,0.0027397260273972,2012-08-29 21:00:00+00:00,2012-08-30 21:00:00+00:00,24.0,25,1.0,0,0,0,0,0,0.0,-0.1161960164357793,0.0865501706518117,2.4655283693784105,2.4655283693784105,0.0,0.0,0.0,0.0,0.0
2012-08-30,DEVELOPMENT,REGULAR,0.0027397260273972,2012-08-30 21:00:00+00:00,2012-08-31 21:00:00+00:00,24.0,25,1.0,0,0,1,0,0,0.0,-0.0358450449473366,0.003289913218353,3.247784300320255,3.247784300320255,0.0,0.0,0.0,0.0,0.0
2012-08-31,DEVELOPMENT,EXTENDED_WEEKEND,0.0082191780821917,2012-08-31 21:00:00+00:00,2012-09-03 21:00:00+00:00,72.0,73,1.0,24,24,48,47,48,0.25965038883369573,-0.1815458976519863,0.1446945574046481,4.035207688682091,4.035207688682091,24.0,24.0,48.0,0.25965038883369573,0.001534506496154167
2012-09-03,DEVELOPMENT,REGULAR,0.0027397260273972,2012-09-03 21:00:00+00:00,2012-09-04 21:00:00+00:00,24.0,25,1.0,0,0,0,0,0,0.0,-0.0882550007839313,0.0566942707433639,2.9683850110323737,2.9683850110323737,0.0,0.0,0.0,0.0,0.0
2012-09-04,DEVELOPMENT,REGULAR,0.0027397260273972,2012-09-04 21:00:00+00:00,2012-09-05 21:00:00+00:00,24.0,25,1.0,0,0,0,0,0,0.0,-0.1021954956869137,0.0728652103070999,3.9553768810243737,3.9553768810243737,0.0,0.0,0.0,0.0,0.0
2012-09-05,DEVELOPMENT,REGULAR,0.0027397260273972,2012-09-05 21:00:00+00:00,2012-09-06 21:00:00+00:00,24.0,25,1.0,0,0,0,0,0,0.0,0.0884792779981893,-0.1147319405723408,2.811179760620385,2.811179760620385,0.0,0.0,0.0,0.0,0.0
2012-09-06,DEVELOPMENT,REGULAR,0.0027397260273972,2012-09-06 21:00:00+00:00,2012-09-07 21:00:00+00:00,24.0,25,1.0,0,0,0,0,0,0.0,0.2795646640215778,-0.3925986400774519,2.797918042936095,2.797918042936095,0.0,0.0,0.0,0.0,0.0
2012-09-07,DEVELOPMENT,EXTENDED_WEEKEND,0.0082191780821917,2012-09-07 21:00:00+00:00,2012-09-10 21:00:00+00:00,72.0,73,1.0,24,24,48,48,48,0.19010225057182872,-0.1795163741187977,0.1487548438920569,3.435668790921737,3.435668790921737,24.0,24.0,48.0,0.19010225057182872,0.00121776921598823
2012-09-10,DEVELOPMENT,REGULAR,0.0027397260273972,2012-09-10 21:00:00+00:00,2012-09-11 21:00:00+00:00,24.0,25,1.0,0,0,0,0,0,0.0,-0.0358727764818525,0.0154607136596354,2.3614969057381425,2.3614969057381425,0.0,0.0,0.0,0.0,0.0
2012-09-11,DEVELOPMENT,REGULAR,0.0027397260273972,2012-09-11 21:00:00+00:00,2012-09-12 21:00:00+00:00,24.0,25,1.0,0,0,0,0,0,0.0,-0.1549965242143756,0.1230854485055843,3.078088077207616,3.078088077207616,0.0,0.0,0.0,0.0,0.0
2012-09-12,DEVELOPMENT,REGULAR,0.0027397260273972,2012-09-12 21:00:00+00:00,2012-09-13 21:00:00+00:00,24.0,25,1.0,0,0,0,0,0,0.0,-0.0628027397959698,0.0220268354202914,2.658304112622488,2.658304112622488,0.0,0.0,0.0,0.0,0.0
2012-09-13,DEVELOPMENT,REGULAR,0.0027397260273972,2012-09-13 21:00:00+00:00,2012-09-14 21:00:00+00:00,24.0,25,1.0,0,0,0,0,0,0.0,0.0215366720374845,-0.0538896115353111,2.752678288266338,2.752678288266338,0.0,0.0,0.0,0.0,0.0
2012-09-14,DEVELOPMENT,EXTENDED_WEEKEND,0.0082191780821917,2012-09-14 21:00:00+00:00,2012-09-17 21:00:00+00:00,72.0,73,1.0,24,24,48,48,48,0.13525665401102827,-0.1262141268823029,0.0919427096123826,3.3441183091720417,3.3441183091720417,24.0,24.0,48.0,0.13525665401102827,0.00124062221243302
2012-09-17,DEVELOPMENT,REGULAR,0.0027397260273972,2012-09-17 21:00:00+00:00,2012-09-18 21:00:00+00:00,24.0,25,1.0,0,0,0,0,0,0.0,-0.128159185754896,0.094120310299175,3.638942874863772,3.638942874863772,0.0,0.0,0.0,0.0,0.0
2012-09-18,DEVELOPMENT,REGULAR,0.0027397260273972,2012-09-18 21:00:00+00:00,2012-09-19 21:00:00+00:00,24.0,25,1.0,0,0,0,0,0,0.0,-0.0047956354039513,-0.0317992645309885,4.002676832816091,4.002676832816091,0.0,0.0,0.0,0.0,0.0
2012-09-19,DEVELOPMENT,REGULAR,0.0027397260273972,2012-09-19 21:00:00+00:00,2012-09-20 21:00:00+00:00,24.0,25,1.0,0,0,1,1,0,0.0,-0.1144764426481828,0.0830840132287846,3.5929086284016005,3.5929086284016005,0.0,0.0,0.0,0.0,0.0
2012-09-20,DEVELOPMENT,REGULAR,0.0027397260273972,2012-09-20 21:00:00+00:00,2012-09-21 21:00:00+00:00,24.0,25,1.0,0,0,0,0,0,0.0,-0.1775827984524625,0.0882526336824724,3.3780390010755825,3.3780390010755825,0.0,0.0,0.0,0.0,0.0
2012-09-21,DEVELOPMENT,EXTENDED_WEEKEND,0.0082191780821917,2012-09-21 21:00:00+00:00,2012-09-24 21:00:00+00:00,72.0,73,1.0,24,24,48,48,48,0.1192201826687219,-0.1092384943128621,0.0790301790552945,3.310959528287789,3.310959528287789,24.0,24.0,48.0,0.1192201826687219,0.0005864337132567616
2012-09-24,DEVELOPMENT,REGULAR,0.0027397260273972,2012-09-24 21:00:00+00:00,2012-09-25 21:00:00+00:00,24.0,25,1.0,0,0,0,0,0,0.0,-0.1168428319927628,0.0820350276456238,3.763347649400699,3.763347649400699,0.0,0.0,0.0,0.0,0.0
2012-09-25,DEVELOPMENT,REGULAR,0.0027397260273972,2012-09-25 21:00:00+00:00,2012-09-26 21:00:00+00:00,24.0,25,1.0,0,0,0,0,0,0.0,-0.1151865407107237,0.0836691744010664,3.904453397188894,3.904453397188894,0.0,0.0,0.0,0.0,0.0
2012-09-26,DEVELOPMENT,REGULAR,0.0027397260273972,2012-09-26 21:00:00+00:00,2012-09-27 21:00:00+00:00,24.0,25,1.0,0,0,0,0,0,0.0,-0.15195235626922,0.1180043838822797,2.87229592458495,2.87229592458495,0.0,0.0,0.0,0.0,0.0
2012-09-27,DEVELOPMENT,REGULAR,0.0027397260273972,2012-09-27 21:00:00+00:00,2012-09-28 21:00:00+00:00,24.0,25,1.0,0,0,0,0,0,0.0,-0.0535991899920844,-0.010800249926774,3.5605739302839385,3.5605739302839385,0.0,0.0,0.0,0.0,0.0
2012-09-28,DEVELOPMENT,EXTENDED_WEEKEND,0.0082191780821917,2012-09-28 21:00:00+00:00,2012-10-01 21:00:00+00:00,72.0,73,1.0,24,24,47,47,48,0.0686530028188019,-0.1171354942716647,0.0584687281379388,4.998436117931149,4.998436117931149,24.0,24.0,48.0,0.0686530028188019,0.0012645125516880205
2012-10-01,DEVELOPMENT,REGULAR,0.0027397260273972,2012-10-01 21:00:00+00:00,2012-10-02 21:00:00+00:00,24.0,25,1.0,0,0,0,0,0,0.0,-0.1533278374201927,0.1235767765503226,3.1019283770063684,3.1019283770063684,0.0,0.0,0.0,0.0,0.0
2012-10-02,DEVELOPMENT,REGULAR,0.0027397260273972,2012-10-02 21:00:00+00:00,2012-10-03 21:00:00+00:00,24.0,25,1.0,0,0,0,0,0,0.0,-0.0407230910730191,0.0057485934166692,2.942836468570502,2.942836468570502,0.0,0.0,0.0,0.0,0.0
2012-10-03,DEVELOPMENT,REGULAR,0.0027397260273972,2012-10-03 21:00:00+00:00,2012-10-04 21:00:00+00:00,24.0,25,1.0,0,0,1,0,0,0.0,-0.0018095232272159,-0.0398179171514385,5.303669204144198,5.303669204144198,0.0,0.0,0.0,0.0,0.0
2012-10-04,DEVELOPMENT,REGULAR,0.0027397260273972,2012-10-04 21:00:00+00:00,2012-10-05 21:00:00+00:00,24.0,25,1.0,0,0,0,0,0,0.0,-0.1130976966930603,0.0589298037896526,3.189062192155868,3.189062192155868,0.0,0.0,0.0,0.0,0.0
2012-10-05,DEVELOPMENT,EXTENDED_WEEKEND,0.0082191780821917,2012-10-05 21:00:00+00:00,2012-10-08 21:00:00+00:00,72.0,73,1.0,24,24,49,48,48,0.301588928036077,-0.0559230802135459,0.0329077336024283,2.8406982281389093,2.8406982281389093,24.0,24.0,48.0,0.301588928036077,0.0021903548971096234
2012-10-08,DEVELOPMENT,REGULAR,0.0027397260273972,2012-10-08 21:00:00+00:00,2012-10-09 21:00:00+00:00,24.0,25,1.0,0,0,0,0,0,0.0,-0.079142352188299,0.0500300426148356,3.8116614822719663,3.8116614822719663,0.0,0.0,0.0,0.0,0.0
2012-10-09,DEVELOPMENT,REGULAR,0.0027397260273972,2012-10-09 21:00:00+00:00,2012-10-10 21:00:00+00:00,24.0,25,1.0,0,0,0,0,0,0.0,-0.0885933458014136,0.0562933891875019,3.91112609926694,3.91112609926694,0.0,0.0,0.0,0.0,0.0
2012-10-10,DEVELOPMENT,REGULAR,0.0027397260273972,2012-10-10 21:00:00+00:00,2012-10-11 21:00:00+00:00,24.0,25,1.0,0,0,0,0,0,0.0,0.0479825541424361,-0.0824415448376072,3.9259293069498407,3.9259293069498407,0.0,0.0,0.0,0.0,0.0
2012-10-11,DEVELOPMENT,REGULAR,0.0027397260273972,2012-10-11 21:00:00+00:00,2012-10-12 21:00:00+00:00,24.0,25,1.0,0,0,0,0,0,0.0,-0.0793796938625277,0.0363622294091001,4.662326570852139,4.662326570852139,0.0,0.0,0.0,0.0,0.0
2012-10-12,DEVELOPMENT,EXTENDED_WEEKEND,0.0082191780821917,2012-10-12 21:00:00+00:00,2012-10-15 21:00:00+00:00,72.0,73,1.0,24,24,48,48,48,0.18874301153134723,-0.0700725506649604,0.040652624657028,3.251055060206592,3.251055060206592,24.0,24.0,48.0,0.18874301153134723,0.0016185486701623024
2012-10-15,DEVELOPMENT,REGULAR,0.0027397260273972,2012-10-15 21:00:00+00:00,2012-10-16 21:00:00+00:00,24.0,25,1.0,0,0,0,0,0,0.0,-0.066579641486328,0.0450357835101726,2.6250146238475778,2.6250146238475778,0.0,0.0,0.0,0.0,0.0
2012-10-16,DEVELOPMENT,REGULAR,0.0027397260273972,2012-10-16 21:00:00+00:00,2012-10-17 21:00:00+00:00,24.0,25,1.0,0,0,0,0,0,0.0,-0.0631300036529438,0.0326081279949619,4.173590236874544,4.173590236874544,0.0,0.0,0.0,0.0,0.0
2012-10-17,DEVELOPMENT,REGULAR,0.0027397260273972,2012-10-17 21:00:00+00:00,2012-10-18 21:00:00+00:00,24.0,25,1.0,0,0,0,0,0,0.0,-0.0144006629269597,-0.0095079562765505,2.79699247970258,2.79699247970258,0.0,0.0,0.0,0.0,0.0
2012-10-18,DEVELOPMENT,REGULAR,0.0027397260273972,2012-10-18 21:00:00+00:00,2012-10-19 21:00:00+00:00,24.0,25,1.0,0,0,0,0,0,0.0,-0.1397586567817086,0.0739057194122665,4.193414815201155,4.193414815201155,0.0,0.0,0.0,0.0,0.0
2012-10-19,DEVELOPMENT,EXTENDED_WEEKEND,0.0082191780821917,2012-10-19 21:00:00+00:00,2012-10-22 21:00:00+00:00,72.0,73,1.0,24,24,48,48,48,0.21725658766942146,-0.0438534924044944,0.0157663820640436,2.6275059852731424,2.6275059852731424,24.0,24.0,48.0,0.21725658766942146,0.0016985522230663183
2012-10-22,DEVELOPMENT,REGULAR,0.0027397260273972,2012-10-22 21:00:00+00:00,2012-10-23 21:00:00+00:00,24.0,25,1.0,0,0,0,0,0,0.0,-0.0969951746070734,0.0615421504829072,4.232107905236398,4.232107905236398,0.0,0.0,0.0,0.0,0.0
2012-10-23,DEVELOPMENT,REGULAR,0.0027397260273972,2012-10-23 21:00:00+00:00,2012-10-24 21:00:00+00:00,24.0,25,1.0,0,0,0,0,0,0.0,-0.2028951854991376,0.185201569339469,2.083232455504695,2.083232455504695,0.0,0.0,0.0,0.0,0.0
2012-10-24,DEVELOPMENT,REGULAR,0.0027397260273972,2012-10-24 21:00:00+00:00,2012-10-25 21:00:00+00:00,24.0,25,1.0,0,0,0,0,0,0.0,-0.0336712188620396,0.0149698867727749,2.3479807761967377,2.3479807761967377,0.0,0.0,0.0,0.0,0.0
2012-10-25,DEVELOPMENT,REGULAR,0.0027397260273972,2012-10-25 21:00:00+00:00,2012-10-26 21:00:00+00:00,24.0,25,1.0,0,0,0,0,0,0.0,-0.0039192860588741,-0.0513476098507652,2.759096553597232,2.759096553597232,0.0,0.0,0.0,0.0,0.0
2012-10-26,DEVELOPMENT,EXTENDED_WEEKEND,0.0082191780821917,2012-10-26 21:00:00+00:00,2012-10-29 21:00:00+00:00,72.0,70,3.0,22,23,45,45,45,0.3059450500471094,-0.1155540667918444,0.0649811235150394,5.202795190577459,5.202795190577459,22.0,23.0,45.0,0.3059450500471094,0.002824351563038025
2012-10-29,DEVELOPMENT,REGULAR,0.0027397260273972,2012-10-29 21:00:00+00:00,2012-10-30 21:00:00+00:00,24.0,25,1.0,0,0,1,0,0,0.0,-0.0549013060283556,0.0204714823042593,3.1815492949001865,3.1815492949001865,0.0,0.0,0.0,0.0,0.0
2012-10-30,DEVELOPMENT,REGULAR,0.0027397260273972,2012-10-30 21:00:00+00:00,2012-10-31 21:00:00+00:00,24.0,25,1.0,0,0,0,0,0,0.0,-0.0101209926300924,-0.0230532340968636,3.9109569425169664,3.9109569425169664,0.0,0.0,0.0,0.0,0.0
2012-10-31,DEVELOPMENT,REGULAR,0.0027397260273972,2012-10-31 21:00:00+00:00,2012-11-01 21:00:00+00:00,24.0,25,1.0,0,0,0,0,0,0.0,-0.0534071435439784,0.0310557194348319,2.3633318103272343,2.3633318103272343,0.0,0.0,0.0,0.0,0.0
2012-11-01,DEVELOPMENT,REGULAR,0.0027397260273972,2012-11-01 21:00:00+00:00,2012-11-02 21:00:00+00:00,24.0,25,1.0,0,0,0,0,0,0.0,-0.0300189409952196,-0.0592978136137389,2.6600854875574576,2.6600854875574576,0.0,0.0,0.0,0.0,0.0
2012-11-02,DEVELOPMENT,EXTENDED_WEEKEND,0.0083333333333333,2012-11-02 21:00:00+00:00,2012-11-05 22:00:00+00:00,73.0,74,1.0,24,24,47,47,48,0.35549485819188276,-0.0953178654141879,0.0566505628846272,3.9569530665610535,3.9569530665610535,24.0,24.0,48.0,0.35549485819188276,0.00316018327583772
2012-11-05,DEVELOPMENT,REGULAR,0.0027397260273972,2012-11-05 22:00:00+00:00,2012-11-06 22:00:00+00:00,24.0,25,1.0,0,0,0,0,0,0.0,-0.0794790107182734,0.0520024111129799,4.008563150386525,4.008563150386525,0.0,0.0,0.0,0.0,0.0
2012-11-06,DEVELOPMENT,REGULAR,0.0027397260273972,2012-11-06 22:00:00+00:00,2012-11-07 22:00:00+00:00,24.0,25,1.0,0,0,0,0,0,0.0,0.0166568098605353,-0.0487177284311428,3.724832150384504,3.724832150384504,0.0,0.0,0.0,0.0,0.0
2012-11-07,DEVELOPMENT,REGULAR,0.0027397260273972,2012-11-07 22:00:00+00:00,2012-11-08 22:00:00+00:00,24.0,25,1.0,0,0,0,0,0,0.0,-0.0990880091093941,0.0713399703814445,3.129498185857506,3.129498185857506,0.0,0.0,0.0,0.0,0.0
2012-11-08,DEVELOPMENT,REGULAR,0.0027397260273972,2012-11-08 22:00:00+00:00,2012-11-09 22:00:00+00:00,24.0,25,1.0,0,0,1,1,0,0.0,-0.1105742362171158,0.0816395977748847,3.521698441423819,3.521698441423819,0.0,0.0,0.0,0.0,0.0
2012-11-09,DEVELOPMENT,EXTENDED_WEEKEND,0.0082191780821917,2012-11-09 22:00:00+00:00,2012-11-12 22:00:00+00:00,72.0,73,1.0,24,24,48,48,48,0.18987749621851835,-0.2264097387436834,0.1999966272562545,2.9920517940068674,2.9920517940068674,24.0,24.0,48.0,0.18987749621851835,0.001933654105020833
2012-11-12,DEVELOPMENT,REGULAR,0.0027397260273972,2012-11-12 22:00:00+00:00,2012-11-13 22:00:00+00:00,24.0,25,1.0,0,0,0,0,0,0.0,-0.0536886358269868,0.0151984316956372,4.479422418206818,4.479422418206818,0.0,0.0,0.0,0.0,0.0
2012-11-13,DEVELOPMENT,REGULAR,0.0027397260273972,2012-11-13 22:00:00+00:00,2012-11-14 22:00:00+00:00,24.0,25,1.0,0,0,0,0,0,0.0,0.0215380667285103,-0.0409236147945364,2.271648671337921,2.271648671337921,0.0,0.0,0.0,0.0,0.0
2012-11-14,DEVELOPMENT,REGULAR,0.0027397260273972,2012-11-14 22:00:00+00:00,2012-11-15 22:00:00+00:00,24.0,25,1.0,0,0,0,0,0,0.0,0.2506838111581402,-0.2709735502821218,2.695422357838707,2.695422357838707,0.0,0.0,0.0,0.0,0.0
2012-11-15,DEVELOPMENT,REGULAR,0.0027397260273972,2012-11-15 22:00:00+00:00,2012-11-16 22:00:00+00:00,24.0,25,1.0,0,0,0,0,0,0.0,-0.178265186523717,0.1496562709654796,3.697691764537821,3.697691764537821,0.0,0.0,0.0,0.0,0.0
2012-11-16,DEVELOPMENT,EXTENDED_WEEKEND,0.0082191780821917,2012-11-16 22:00:00+00:00,2012-11-19 22:00:00+00:00,72.0,73,1.0,24,24,48,48,48,0.3871122857151236,-0.0029852279692619,-0.0525890610298489,6.7052172141571,6.7052172141571,24.0,24.0,48.0,0.3871122857151236,0.0027089147617520683
2012-11-19,DEVELOPMENT,REGULAR,0.0027397260273972,2012-11-19 22:00:00+00:00,2012-11-20 22:00:00+00:00,24.0,25,1.0,0,0,0,0,0,0.0,-0.1185803768250934,0.0870741738130078,3.2423027445747112,3.2423027445747112,0.0,0.0,0.0,0.0,0.0
2012-11-20,DEVELOPMENT,REGULAR,0.0027397260273972,2012-11-20 22:00:00+00:00,2012-11-21 22:00:00+00:00,24.0,25,1.0,0,0,0,0,0,0.0,-0.0177194862693852,-0.0084695884140586,2.5031448113028603,2.5031448113028603,0.0,0.0,0.0,0.0,0.0
2012-11-21,DEVELOPMENT,REGULAR,0.0027397260273972,2012-11-21 22:00:00+00:00,2012-11-22 22:00:00+00:00,24.0,25,1.0,0,0,0,0,0,0.0,-0.0281404587526878,-0.0275877287625547,5.199172419610858,5.199172419610858,0.0,0.0,0.0,0.0,0.0
2012-11-22,DEVELOPMENT,REGULAR,0.0027397260273972,2012-11-22 22:00:00+00:00,2012-11-23 22:00:00+00:00,24.0,25,1.0,0,0,0,0,0,0.0,-0.1687402733962599,0.1315953175901683,3.494208848141203,3.494208848141203,0.0,0.0,0.0,0.0,0.0
2012-11-23,DEVELOPMENT,EXTENDED_WEEKEND,0.0082191780821917,2012-11-23 22:00:00+00:00,2012-11-26 22:00:00+00:00,72.0,73,1.0,24,24,47,47,48,0.042587071103917615,-0.025874210168908,-0.0084177792677166,3.9456110550587127,3.9456110550587127,24.0,24.0,48.0,0.042587071103917615,0.00032882587383681436
2012-11-26,DEVELOPMENT,REGULAR,0.0027397260273972,2012-11-26 22:00:00+00:00,2012-11-27 22:00:00+00:00,24.0,25,1.0,0,0,0,0,0,0.0,-0.1346601508032492,0.1000408532190419,4.160032692697325,4.160032692697325,0.0,0.0,0.0,0.0,0.0
2012-11-27,DEVELOPMENT,REGULAR,0.0027397260273972,2012-11-27 22:00:00+00:00,2012-11-28 22:00:00+00:00,24.0,25,1.0,0,0,1,0,0,0.0,-0.0256592630670837,0.0049607997682556,2.460498726904511,2.460498726904511,0.0,0.0,0.0,0.0,0.0
2012-11-28,DEVELOPMENT,REGULAR,0.0027397260273972,2012-11-28 22:00:00+00:00,2012-11-29 22:00:00+00:00,24.0,25,1.0,0,0,0,0,0,0.0,-0.1173799397770629,0.0850700704434395,4.01540399085943,4.01540399085943,0.0,0.0,0.0,0.0,0.0
2012-11-29,DEVELOPMENT,REGULAR,0.0027397260273972,2012-11-29 22:00:00+00:00,2012-11-30 22:00:00+00:00,24.0,25,1.0,0,0,0,0,0,0.0,0.0194737969345482,-0.0434221981030731,2.472884382884161,2.472884382884161,0.0,0.0,0.0,0.0,0.0
2012-12-03,DEVELOPMENT,REGULAR,0.0027397260273972,2012-12-03 22:00:00+00:00,2012-12-04 22:00:00+00:00,24.0,25,1.0,0,0,0,0,0,0.0,-0.0890763602441921,0.0717074072489936,2.7110445758895287,2.7110445758895287,0.0,0.0,0.0,0.0,0.0
2012-12-04,DEVELOPMENT,REGULAR,0.0027397260273972,2012-12-04 22:00:00+00:00,2012-12-05 22:00:00+00:00,24.0,24,2.0,0,0,0,0,0,0.0,0.0432188873524452,-0.0638068999994168,2.925933200545732,2.925933200545732,0.0,0.0,0.0,0.0,0.0
2012-12-05,DEVELOPMENT,REGULAR,0.0027397260273972,2012-12-05 22:00:00+00:00,2012-12-06 22:00:00+00:00,24.0,25,1.0,0,0,0,0,0,0.0,-0.1199828891554801,0.0878047216372692,3.640991186383427,3.640991186383427,0.0,0.0,0.0,0.0,0.0
2012-12-06,DEVELOPMENT,REGULAR,0.0027397260273972,2012-12-06 22:00:00+00:00,2012-12-07 22:00:00+00:00,24.0,23,2.0,0,0,0,0,0,0.0,0.0184600831882881,-0.0415879827319081,2.9334326471016747,2.9334326471016747,0.0,0.0,0.0,0.0,0.0
2012-12-07,DEVELOPMENT,EXTENDED_WEEKEND,0.0082191780821917,2012-12-07 22:00:00+00:00,2012-12-10 22:00:00+00:00,72.0,73,1.0,24,24,47,47,48,0.23426631331718129,-0.1550215378504162,0.1205643531695841,3.468942770590038,3.468942770590038,24.0,24.0,48.0,0.23426631331718129,0.0024727773523029305
2012-12-10,DEVELOPMENT,REGULAR,0.0027397260273972,2012-12-10 22:00:00+00:00,2012-12-11 22:00:00+00:00,24.0,24,2.0,0,0,1,1,0,0.0,-0.1400535572883612,0.1136546221854217,3.4658610603555284,3.4658610603555284,0.0,0.0,0.0,0.0,0.0
2012-12-11,DEVELOPMENT,REGULAR,0.0027397260273972,2012-12-11 22:00:00+00:00,2012-12-12 22:00:00+00:00,24.0,24,2.0,0,0,0,0,0,0.0,-0.0367028178675354,0.0129217473293152,2.622692954705577,2.622692954705577,0.0,0.0,0.0,0.0,0.0
2012-12-12,DEVELOPMENT,REGULAR,0.0027397260273972,2012-12-12 22:00:00+00:00,2012-12-13 22:00:00+00:00,24.0,24,2.0,0,0,0,0,0,0.0,-0.0482568077314375,0.0214830639616359,3.649407946234136,3.649407946234136,0.0,0.0,0.0,0.0,0.0
2012-12-13,DEVELOPMENT,REGULAR,0.0027397260273972,2012-12-13 22:00:00+00:00,2012-12-14 22:00:00+00:00,24.0,25,1.0,0,0,0,0,0,0.0,-0.0519332361048867,0.0129840538109533,4.564830810603718,4.564830810603718,0.0,0.0,0.0,0.0,0.0
2012-12-14,DEVELOPMENT,EXTENDED_WEEKEND,0.0082191780821917,2012-12-14 22:00:00+00:00,2012-12-17 22:00:00+00:00,72.0,72,2.0,24,23,46,46,47,0.8131496454791447,-0.0721954438869545,0.0458881782904612,3.777711648505188,3.777711648505188,24.0,23.0,47.0,0.8131496454791447,0.0028474047554990205
2012-12-17,DEVELOPMENT,REGULAR,0.0027397260273972,2012-12-17 22:00:00+00:00,2012-12-18 22:00:00+00:00,24.0,25,1.0,0,0,0,0,0,0.0,-0.1535613277369094,0.1318939952341224,3.3297668791112898,3.3297668791112898,0.0,0.0,0.0,0.0,0.0
2012-12-18,DEVELOPMENT,REGULAR,0.0027397260273972,2012-12-18 22:00:00+00:00,2012-12-19 22:00:00+00:00,24.0,25,1.0,0,0,0,0,0,0.0,-0.0218104110978458,-0.0096500584217693,4.1861880893745065,4.1861880893745065,0.0,0.0,0.0,0.0,0.0
2012-12-19,DEVELOPMENT,REGULAR,0.0027397260273972,2012-12-19 22:00:00+00:00,2012-12-20 22:00:00+00:00,24.0,25,1.0,0,0,0,0,0,0.0,-0.1509326338263648,0.1234302798802939,2.9565362790813365,2.9565362790813365,0.0,0.0,0.0,0.0,0.0
2012-12-20,DEVELOPMENT,REGULAR,0.0027397260273972,2012-12-20 22:00:00+00:00,2012-12-21 22:00:00+00:00,24.0,25,1.0,0,0,0,0,0,0.0,-0.0127476210438288,-0.0189835829475839,3.274656778559642,3.274656778559642,0.0,0.0,0.0,0.0,0.0
2012-12-21,DEVELOPMENT,EXTENDED_WEEKEND,0.0082191780821917,2012-12-21 22:00:00+00:00,2012-12-24 22:00:00+00:00,72.0,73,1.0,24,24,47,46,48,0.40651754863536094,-0.1961215984917146,0.1614579491412087,2.669777412701765,2.669777412701765,24.0,24.0,48.0,0.40651754863536094,0.0048367827565587475
2012-12-24,DEVELOPMENT,REGULAR,0.0027397260273972,2012-12-24 22:00:00+00:00,2012-12-25 22:00:00+00:00,24.0,25,1.0,0,0,13,13,0,0.0,-0.1826848754664922,0.1166000470510084,2.547867376143364,2.547867376143364,0.0,0.0,0.0,0.0,0.0
2012-12-25,DEVELOPMENT,REGULAR,0.0027397260273972,2012-12-25 22:00:00+00:00,2012-12-26 22:00:00+00:00,24.0,25,1.0,0,0,0,0,0,0.0,0.0487514263537605,-0.0814319704886372,2.2383961453759587,2.2383961453759587,0.0,0.0,0.0,0.0,0.0
2012-12-26,DEVELOPMENT,REGULAR,0.0027397260273972,2012-12-26 22:00:00+00:00,2012-12-27 22:00:00+00:00,24.0,25,1.0,0,0,1,0,0,0.0,-0.0397416721444017,0.0068709694599817,3.67381773118202,3.67381773118202,0.0,0.0,0.0,0.0,0.0
2012-12-27,DEVELOPMENT,REGULAR,0.0027397260273972,2012-12-27 22:00:00+00:00,2012-12-28 22:00:00+00:00,24.0,25,1.0,0,0,1,0,0,0.0,0.1585323896601771,-0.1998438237577726,4.607061498278626,4.607061498278626,0.0,0.0,0.0,0.0,0.0
2012-12-28,DEVELOPMENT,EXTENDED_WEEKEND,0.0082191780821917,2012-12-28 22:00:00+00:00,2012-12-31 22:00:00+00:00,72.0,73,1.0,24,24,47,47,48,0.2338844062751563,-0.1977232082962245,0.0587042816652569,3.703869520735947,3.703869520735947,24.0,24.0,48.0,0.2338844062751563,0.0026934397545836253
2012-12-31,DEVELOPMENT,REGULAR,0.0027397260273972,2012-12-31 22:00:00+00:00,2013-01-01 22:00:00+00:00,24.0,25,1.0,0,0,24,24,0,0.0,-0.3450212128483932,0.34456808482986,0.0039748071801155,0.0039748071801155,0.0,0.0,0.0,0.0,0.0
2013-01-01,DEVELOPMENT,REGULAR,0.0027397260273972,2013-01-01 22:00:00+00:00,2013-01-02 22:00:00+00:00,24.0,25,1.0,0,0,0,0,0,0.0,0.0401761089006527,-0.0782895732068595,3.419002968173269,3.419002968173269,0.0,0.0,0.0,0.0,0.0
2013-01-02,DEVELOPMENT,REGULAR,0.0027397260273972,2013-01-02 22:00:00+00:00,2013-01-03 22:00:00+00:00,24.0,25,1.0,0,0,0,0,0,0.0,-0.0970219176944127,0.0794729334660999,2.49169181849818,2.49169181849818,0.0,0.0,0.0,0.0,0.0
2013-01-03,DEVELOPMENT,REGULAR,0.0027397260273972,2013-01-03 22:00:00+00:00,2013-01-04 22:00:00+00:00,24.0,25,1.0,0,0,0,0,0,0.0,0.0522518374472298,-0.0811379642835845,2.375913095339454,2.375913095339454,0.0,0.0,0.0,0.0,0.0
2013-01-04,DEVELOPMENT,EXTENDED_WEEKEND,0.0082191780821917,2013-01-04 22:00:00+00:00,2013-01-07 22:00:00+00:00,72.0,73,1.0,24,24,47,47,48,0.40716376860718256,-0.1556066888648359,0.1233519855189797,3.339094927710156,3.339094927710156,24.0,24.0,48.0,0.40716376860718256,0.004053658692547873
2013-01-07,DEVELOPMENT,REGULAR,0.0027397260273972,2013-01-07 22:00:00+00:00,2013-01-08 22:00:00+00:00,24.0,25,1.0,0,0,0,0,0,0.0,0.0852280184917049,-0.1145854651916948,3.611159444214509,3.611159444214509,0.0,0.0,0.0,0.0,0.0
2013-01-08,DEVELOPMENT,REGULAR,0.0027397260273972,2013-01-08 22:00:00+00:00,2013-01-09 22:00:00+00:00,24.0,25,1.0,0,0,0,0,0,0.0,0.0421006681812912,-0.0669333138180121,2.904954544497324,2.904954544497324,0.0,0.0,0.0,0.0,0.0
2013-01-09,DEVELOPMENT,REGULAR,0.0027397260273972,2013-01-09 22:00:00+00:00,2013-01-10 22:00:00+00:00,24.0,25,1.0,0,0,0,0,0,0.0,-0.1544413553258863,0.1333560953540598,2.9757046749711527,2.9757046749711527,0.0,0.0,0.0,0.0,0.0
2013-01-10,DEVELOPMENT,REGULAR,0.0027397260273972,2013-01-10 22:00:00+00:00,2013-01-11 22:00:00+00:00,24.0,25,1.0,0,0,0,0,0,0.0,0.0989520798802487,-0.1433138138742862,4.90523709955882,4.90523709955882,0.0,0.0,0.0,0.0,0.0
2013-01-11,DEVELOPMENT,EXTENDED_WEEKEND,0.0082191780821917,2013-01-11 22:00:00+00:00,2013-01-14 22:00:00+00:00,72.0,73,1.0,24,24,48,48,48,0.5992849788749433,-0.2022615701054064,0.1516241897441972,4.515676804822144,4.515676804822144,24.0,24.0,48.0,0.5992849788749433,0.009874934411142622
2013-01-14,DEVELOPMENT,REGULAR,0.0027397260273972,2013-01-14 22:00:00+00:00,2013-01-15 22:00:00+00:00,24.0,25,1.0,0,0,0,0,0,0.0,0.140539243834354,-0.1622156610053622,2.6456149712435497,2.6456149712435497,0.0,0.0,0.0,0.0,0.0
2013-01-15,DEVELOPMENT,REGULAR,0.0027397260273972,2013-01-15 22:00:00+00:00,2013-01-16 22:00:00+00:00,24.0,25,1.0,0,0,0,0,0,0.0,-0.0264403273896931,-0.0012504626033802,3.861277762417431,3.861277762417431,0.0,0.0,0.0,0.0,0.0
2013-01-16,DEVELOPMENT,REGULAR,0.0027397260273972,2013-01-16 22:00:00+00:00,2013-01-17 22:00:00+00:00,24.0,25,1.0,0,0,0,0,0,0.0,0.1467001841755717,-0.192477278294163,3.4913400310710982,3.4913400310710982,0.0,0.0,0.0,0.0,0.0
2013-01-17,DEVELOPMENT,REGULAR,0.0027397260273972,2013-01-17 22:00:00+00:00,2013-01-18 22:00:00+00:00,24.0,25,1.0,0,0,0,0,0,0.0,-0.4263268517870031,0.3988491879513489,2.76369116302362,2.76369116302362,0.0,0.0,0.0,0.0,0.0
2013-01-18,DEVELOPMENT,EXTENDED_WEEKEND,0.0082191780821917,2013-01-18 22:00:00+00:00,2013-01-21 22:00:00+00:00,72.0,73,1.0,24,24,47,47,48,0.10949065220508247,-0.1837392935733959,0.1486095604690263,3.2080943199793057,3.2080943199793057,24.0,24.0,48.0,0.10949065220508247,0.0010756790664917261
2013-01-21,DEVELOPMENT,REGULAR,0.0027397260273972,2013-01-21 22:00:00+00:00,2013-01-22 22:00:00+00:00,24.0,25,1.0,0,0,0,0,0,0.0,0.2109735859887536,-0.2474540154475448,3.8495829533921366,3.8495829533921366,0.0,0.0,0.0,0.0,0.0
2013-01-22,DEVELOPMENT,REGULAR,0.0027397260273972,2013-01-22 22:00:00+00:00,2013-01-23 22:00:00+00:00,24.0,25,1.0,0,0,0,0,0,0.0,-0.2376808995696375,0.2119056108198034,2.941014355280614,2.941014355280614,0.0,0.0,0.0,0.0,0.0
2013-01-23,DEVELOPMENT,REGULAR,0.0027397260273972,2013-01-23 22:00:00+00:00,2013-01-24 22:00:00+00:00,24.0,25,1.0,0,0,0,0,0,0.0,0.0968595541092014,-0.1244741406724614,2.582906473295969,2.582906473295969,0.0,0.0,0.0,0.0,0.0
2013-01-24,DEVELOPMENT,REGULAR,0.0027397260273972,2013-01-24 22:00:00+00:00,2013-01-25 22:00:00+00:00,24.0,25,1.0,0,0,0,0,0,0.0,-0.0927026673518724,0.0285963622376073,2.891554866398162,2.891554866398162,0.0,0.0,0.0,0.0,0.0
2013-01-28,DEVELOPMENT,REGULAR,0.0027397260273972,2013-01-28 22:00:00+00:00,2013-01-29 22:00:00+00:00,24.0,25,1.0,0,0,0,0,0,0.0,-0.1776369404673232,0.1444435520964688,3.720816780054311,3.720816780054311,0.0,0.0,0.0,0.0,0.0
2013-01-29,DEVELOPMENT,REGULAR,0.0027397260273972,2013-01-29 22:00:00+00:00,2013-01-30 22:00:00+00:00,24.0,25,1.0,0,0,0,0,0,0.0,-0.0723216183823183,0.0549337075543832,2.665958733547781,2.665958733547781,0.0,0.0,0.0,0.0,0.0
2013-01-30,DEVELOPMENT,REGULAR,0.0027397260273972,2013-01-30 22:00:00+00:00,2013-01-31 22:00:00+00:00,24.0,25,1.0,0,0,0,0,0,0.0,-0.2349466693450637,0.2035163211392046,3.3443259926337,3.3443259926337,0.0,0.0,0.0,0.0,0.0
2013-01-31,DEVELOPMENT,REGULAR,0.0027397260273972,2013-01-31 22:00:00+00:00,2013-02-01 22:00:00+00:00,24.0,24,2.0,0,0,0,0,0,0.0,-0.0025377326097384,-0.0356069941140972,2.635571539231072,2.635571539231072,0.0,0.0,0.0,0.0,0.0
2013-02-01,DEVELOPMENT,EXTENDED_WEEKEND,0.0082191780821917,2013-02-01 22:00:00+00:00,2013-02-04 22:00:00+00:00,72.0,73,1.0,24,24,48,48,48,0.015558155808779962,-0.1432256484496861,0.0975269734228874,5.341305839623718,5.341305839623718,24.0,24.0,48.0,0.015558155808779962,0.00012401856796468618
2013-02-04,DEVELOPMENT,REGULAR,0.0027397260273972,2013-02-04 22:00:00+00:00,2013-02-05 22:00:00+00:00,24.0,25,1.0,0,0,0,0,0,0.0,0.1846207556130537,-0.2257251980943522,3.834171239049409,3.834171239049409,0.0,0.0,0.0,0.0,0.0
2013-02-05,DEVELOPMENT,REGULAR,0.0027397260273972,2013-02-05 22:00:00+00:00,2013-02-06 22:00:00+00:00,24.0,25,1.0,0,0,0,0,0,0.0,-0.2776296740726707,0.2420875040346857,3.733180223529842,3.733180223529842,0.0,0.0,0.0,0.0,0.0
2013-02-06,DEVELOPMENT,REGULAR,0.0027397260273972,2013-02-06 22:00:00+00:00,2013-02-07 22:00:00+00:00,24.0,25,1.0,0,0,0,0,0,0.0,-0.1656268259649813,0.129818205028787,4.116030868756924,4.116030868756924,0.0,0.0,0.0,0.0,0.0
2013-02-07,DEVELOPMENT,REGULAR,0.0027397260273972,2013-02-07 22:00:00+00:00,2013-02-08 22:00:00+00:00,24.0,25,1.0,0,0,0,0,0,0.0,0.0649372393750837,-0.1455603510484735,2.730379694424613,2.730379694424613,0.0,0.0,0.0,0.0,0.0
2013-02-08,DEVELOPMENT,EXTENDED_WEEKEND,0.0082191780821917,2013-02-08 22:00:00+00:00,2013-02-11 22:00:00+00:00,72.0,73,1.0,24,24,47,47,48,0.21124541126991603,-0.117463927063838,0.0906884003293129,3.234970620466472,3.234970620466472,24.0,24.0,48.0,0.21124541126991603,0.002134064026522527
2013-02-11,DEVELOPMENT,REGULAR,0.0027397260273972,2013-02-11 22:00:00+00:00,2013-02-12 22:00:00+00:00,24.0,25,1.0,0,0,0,0,0,0.0,0.146588673644203,-0.203540038557108,3.9854854365393377,3.9854854365393377,0.0,0.0,0.0,0.0,0.0
2013-02-12,DEVELOPMENT,REGULAR,0.0027397260273972,2013-02-12 22:00:00+00:00,2013-02-13 22:00:00+00:00,24.0,25,1.0,0,0,0,0,0,0.0,-0.320199968420769,0.2891788210615296,3.3419206196696907,3.3419206196696907,0.0,0.0,0.0,0.0,0.0
2013-02-13,DEVELOPMENT,REGULAR,0.0027397260273972,2013-02-13 22:00:00+00:00,2013-02-14 22:00:00+00:00,24.0,25,1.0,0,0,0,0,0,0.0,-0.2086331127218983,0.170458485303385,3.889561634478614,3.889561634478614,0.0,0.0,0.0,0.0,0.0
2013-02-14,DEVELOPMENT,REGULAR,0.0027397260273972,2013-02-14 22:00:00+00:00,2013-02-15 22:00:00+00:00,24.0,25,1.0,0,0,0,0,0,0.0,0.4655479577190391,-0.5285891020216269,4.800326109725621,4.800326109725621,0.0,0.0,0.0,0.0,0.0
2013-02-15,DEVELOPMENT,EXTENDED_WEEKEND,0.0082191780821917,2013-02-15 22:00:00+00:00,2013-02-18 22:00:00+00:00,72.0,72,2.0,24,23,47,47,47,0.4877503008848927,-0.3057094680968504,0.2850202961747357,2.7911064861200523,2.7911064861200523,24.0,23.0,47.0,0.4877503008848927,0.001728100505516205
2013-02-18,DEVELOPMENT,REGULAR,0.0027397260273972,2013-02-18 22:00:00+00:00,2013-02-19 22:00:00+00:00,24.0,25,1.0,0,0,0,0,0,0.0,0.0019568187872067,-0.0323358082528102,2.9739442742984523,2.9739442742984523,0.0,0.0,0.0,0.0,0.0
2013-02-19,DEVELOPMENT,REGULAR,0.0027397260273972,2013-02-19 22:00:00+00:00,2013-02-20 22:00:00+00:00,24.0,25,1.0,0,0,0,0,0,0.0,-0.0688025739443176,0.0301221007214742,4.831249279773991,4.831249279773991,0.0,0.0,0.0,0.0,0.0
2013-02-20,DEVELOPMENT,REGULAR,0.0027397260273972,2013-02-20 22:00:00+00:00,2013-02-21 22:00:00+00:00,24.0,25,1.0,0,0,0,0,0,0.0,0.0352286265972878,-0.0730628520362728,3.494533168008433,3.494533168008433,0.0,0.0,0.0,0.0,0.0
2013-02-21,DEVELOPMENT,REGULAR,0.0027397260273972,2013-02-21 22:00:00+00:00,2013-02-22 22:00:00+00:00,24.0,25,1.0,0,0,0,0,0,0.0,-0.2998196329359217,0.2514709182368335,3.5503744052329425,3.5503744052329425,0.0,0.0,0.0,0.0,0.0
2013-02-25,DEVELOPMENT,REGULAR,0.0027397260273972,2013-02-25 22:00:00+00:00,2013-02-26 22:00:00+00:00,24.0,19,3.0,0,0,0,0,0,0.0,0.0810875206711045,-0.1221659716530254,4.881951083437726,4.881951083437726,0.0,0.0,0.0,0.0,0.0
2013-02-26,DEVELOPMENT,REGULAR,0.0027397260273972,2013-02-26 22:00:00+00:00,2013-02-27 22:00:00+00:00,24.0,22,2.0,0,0,0,0,0,0.0,-0.1344222221263038,0.0983442392858506,4.020450280134312,4.020450280134312,0.0,0.0,0.0,0.0,0.0
2013-02-27,DEVELOPMENT,REGULAR,0.0027397260273972,2013-02-27 22:00:00+00:00,2013-02-28 22:00:00+00:00,24.0,24,2.0,0,0,1,0,0,0.0,-0.1784793522705854,0.1437258148347506,3.632365861270576,3.632365861270576,0.0,0.0,0.0,0.0,0.0
2013-02-28,DEVELOPMENT,REGULAR,0.0027397260273972,2013-02-28 22:00:00+00:00,2013-03-01 22:00:00+00:00,24.0,25,1.0,0,0,0,0,0,0.0,0.0469119247945712,-0.1186968036411855,3.0385609712704404,3.0385609712704404,0.0,0.0,0.0,0.0,0.0
2013-03-01,DEVELOPMENT,EXTENDED_WEEKEND,0.0082191780821917,2013-03-01 22:00:00+00:00,2013-03-04 22:00:00+00:00,72.0,73,1.0,24,24,47,47,48,0.23542774134673453,-0.3506525118176853,0.3001187606747351,4.155321158916991,4.155321158916991,24.0,24.0,48.0,0.23542774134673453,0.0036518027916389653
2013-03-04,DEVELOPMENT,REGULAR,0.0027397260273972,2013-03-04 22:00:00+00:00,2013-03-05 22:00:00+00:00,24.0,25,1.0,0,0,0,0,0,0.0,-0.197250435679166,0.1593456504158865,3.428412708204167,3.428412708204167,0.0,0.0,0.0,0.0,0.0
2013-03-05,DEVELOPMENT,REGULAR,0.0027397260273972,2013-03-05 22:00:00+00:00,2013-03-06 22:00:00+00:00,24.0,25,1.0,0,0,0,0,0,0.0,-0.1052510115254534,0.0725293174199777,2.990462145632666,2.990462145632666,0.0,0.0,0.0,0.0,0.0
2013-03-06,DEVELOPMENT,REGULAR,0.0027397260273972,2013-03-06 22:00:00+00:00,2013-03-07 22:00:00+00:00,24.0,25,1.0,0,0,0,0,0,0.0,-0.0307485908925855,0.0007363751951885,3.3078328530665417,3.3078328530665417,0.0,0.0,0.0,0.0,0.0
2013-03-07,DEVELOPMENT,REGULAR,0.0027397260273972,2013-03-07 22:00:00+00:00,2013-03-08 22:00:00+00:00,24.0,25,1.0,0,0,0,0,0,0.0,-0.1173248033949789,0.0793698794146564,2.1292798309988554,2.1292798309988554,0.0,0.0,0.0,0.0,0.0
2013-03-08,DEVELOPMENT,EXTENDED_WEEKEND,0.0081050228310502,2013-03-08 22:00:00+00:00,2013-03-11 21:00:00+00:00,71.0,71,2.0,23,24,45,45,47,0.44609252499337537,-0.3331881802264576,0.2993415701390063,3.487598467171445,3.487598467171445,23.0,24.0,47.0,0.44609252499337537,0.0018955795724677157
2013-03-11,DEVELOPMENT,REGULAR,0.0027397260273972,2013-03-11 21:00:00+00:00,2013-03-12 21:00:00+00:00,24.0,25,1.0,0,0,0,0,0,0.0,-0.0150804887366433,-0.0192205837389281,3.8505184391208576,3.8505184391208576,0.0,0.0,0.0,0.0,0.0
2013-03-12,DEVELOPMENT,REGULAR,0.0027397260273972,2013-03-12 21:00:00+00:00,2013-03-13 21:00:00+00:00,24.0,25,1.0,0,0,0,0,0,0.0,-0.0626402150639648,0.0229712794234941,4.670595392093228,4.670595392093228,0.0,0.0,0.0,0.0,0.0
2013-03-13,DEVELOPMENT,REGULAR,0.0027397260273972,2013-03-13 21:00:00+00:00,2013-03-14 21:00:00+00:00,24.0,25,1.0,0,0,0,0,0,0.0,-0.162452999762058,0.1315899958257897,4.0093952463018265,4.0093952463018265,0.0,0.0,0.0,0.0,0.0
2013-03-14,DEVELOPMENT,REGULAR,0.0027397260273972,2013-03-14 21:00:00+00:00,2013-03-15 21:00:00+00:00,24.0,25,1.0,0,0,1,0,0,0.0,-0.0955080826936551,0.0022776291177422,3.6595384348663984,3.6595384348663984,0.0,0.0,0.0,0.0,0.0
2013-03-15,DEVELOPMENT,EXTENDED_WEEKEND,0.0082191780821917,2013-03-15 21:00:00+00:00,2013-03-18 21:00:00+00:00,72.0,73,1.0,24,24,47,47,48,1.0936013669517497,0.2845317038032249,-0.3525923390811201,6.331789026925688,6.331789026925688,24.0,24.0,48.0,1.0936013669517497,0.00931625967181471
2013-03-18,DEVELOPMENT,REGULAR,0.0027397260273972,2013-03-18 21:00:00+00:00,2013-03-19 21:00:00+00:00,24.0,25,1.0,0,0,0,0,0,0.0,-0.271041838757867,0.2354245612939962,3.993044002585986,3.993044002585986,0.0,0.0,0.0,0.0,0.0
2013-03-19,DEVELOPMENT,REGULAR,0.0027397260273972,2013-03-19 21:00:00+00:00,2013-03-20 21:00:00+00:00,24.0,25,1.0,0,0,0,0,0,0.0,-0.2535540377296144,0.214870721559734,2.8146696001817317,2.8146696001817317,0.0,0.0,0.0,0.0,0.0
2013-03-20,DEVELOPMENT,REGULAR,0.0027397260273972,2013-03-20 21:00:00+00:00,2013-03-21 21:00:00+00:00,24.0,25,1.0,0,0,0,0,0,0.0,-0.1097410749330833,0.0786459910083863,2.762889255229595,2.762889255229595,0.0,0.0,0.0,0.0,0.0
2013-03-21,DEVELOPMENT,REGULAR,0.0027397260273972,2013-03-21 21:00:00+00:00,2013-03-22 21:00:00+00:00,24.0,25,1.0,0,0,0,0,0,0.0,-0.0596704662093401,-0.0701760063270597,4.52176058728402,4.52176058728402,0.0,0.0,0.0,0.0,0.0
2013-03-22,DEVELOPMENT,EXTENDED_WEEKEND,0.0082191780821917,2013-03-22 21:00:00+00:00,2013-03-25 21:00:00+00:00,72.0,73,1.0,24,24,47,47,48,0.24087627474295203,-0.1509932827188436,0.1010445991457373,4.5376080210074745,4.5376080210074745,24.0,24.0,48.0,0.24087627474295203,0.0025053169909904065
2013-03-25,DEVELOPMENT,REGULAR,0.0027397260273972,2013-03-25 21:00:00+00:00,2013-03-26 21:00:00+00:00,24.0,25,1.0,0,0,0,0,0,0.0,-0.128185195558828,0.0884725534810257,4.212270797104871,4.212270797104871,0.0,0.0,0.0,0.0,0.0
2013-03-26,DEVELOPMENT,REGULAR,0.0027397260273972,2013-03-26 21:00:00+00:00,2013-03-27 21:00:00+00:00,24.0,25,1.0,0,0,1,0,0,0.0,-0.3680157663238894,0.3492231661102103,2.8547984250797644,2.8547984250797644,0.0,0.0,0.0,0.0,0.0
2013-03-27,DEVELOPMENT,REGULAR,0.0027397260273972,2013-03-27 21:00:00+00:00,2013-03-28 21:00:00+00:00,24.0,25,1.0,0,0,0,0,0,0.0,-0.1801333557208266,0.1514908072835652,3.3783944905066923,3.3783944905066923,0.0,0.0,0.0,0.0,0.0
2013-03-28,DEVELOPMENT,REGULAR,0.0027397260273972,2013-03-28 21:00:00+00:00,2013-03-29 21:00:00+00:00,24.0,25,1.0,0,0,0,0,0,0.0,-0.4204887260902126,0.3721545765343244,1.8952516251143068,1.8952516251143068,0.0,0.0,0.0,0.0,0.0
2013-03-29,DEVELOPMENT,EXTENDED_WEEKEND,0.0082191780821917,2013-03-29 21:00:00+00:00,2013-04-01 21:00:00+00:00,72.0,71,3.0,24,22,46,46,46,0.263019351378031,-0.0667402087467792,0.0313466513472064,3.1241239213446583,3.1241239213446583,24.0,22.0,46.0,0.263019351378031,0.0028964283611932463
2013-04-01,DEVELOPMENT,REGULAR,0.0027397260273972,2013-04-01 21:00:00+00:00,2013-04-02 21:00:00+00:00,24.0,25,1.0,0,0,0,0,0,0.0,-0.1429271648944166,0.1039801799333588,4.144754302584337,4.144754302584337,0.0,0.0,0.0,0.0,0.0
2013-04-02,DEVELOPMENT,REGULAR,0.0027397260273972,2013-04-02 21:00:00+00:00,2013-04-03 21:00:00+00:00,24.0,25,1.0,0,0,0,0,0,0.0,-0.0967716565300662,0.0684617189452723,3.346905168390516,3.346905168390516,0.0,0.0,0.0,0.0,0.0
2013-04-03,DEVELOPMENT,REGULAR,0.0027397260273972,2013-04-03 21:00:00+00:00,2013-04-04 21:00:00+00:00,24.0,25,1.0,0,0,0,0,0,0.0,0.46133498683254,-0.4791887325210382,2.492238507592287,2.492238507592287,0.0,0.0,0.0,0.0,0.0
2013-04-04,DEVELOPMENT,REGULAR,0.0027397260273972,2013-04-04 21:00:00+00:00,2013-04-05 21:00:00+00:00,24.0,25,1.0,0,0,0,0,0,0.0,0.0528606777169926,-0.1526758808778794,4.110113246825437,4.110113246825437,0.0,0.0,0.0,0.0,0.0
2013-04-05,DEVELOPMENT,EXTENDED_WEEKEND,0.0082191780821917,2013-04-05 21:00:00+00:00,2013-04-08 21:00:00+00:00,72.0,72,2.0,24,24,46,46,48,0.8346678707770783,-0.1124696698148568,0.0542877145836939,2.194125797774261,2.194125797774261,24.0,24.0,48.0,0.8346678707770783,0.022272444271952973
2013-04-08,DEVELOPMENT,REGULAR,0.0027397260273972,2013-04-08 21:00:00+00:00,2013-04-09 21:00:00+00:00,24.0,25,1.0,0,0,0,0,0,0.0,-0.2328550330318961,0.201394354163213,3.585842683731043,3.585842683731043,0.0,0.0,0.0,0.0,0.0
2013-04-09,DEVELOPMENT,REGULAR,0.0027397260273972,2013-04-09 21:00:00+00:00,2013-04-10 21:00:00+00:00,24.0,25,1.0,0,0,0,0,0,0.0,-0.064931198344496,0.0243455743620444,3.465303921086382,3.465303921086382,0.0,0.0,0.0,0.0,0.0
2013-04-10,DEVELOPMENT,REGULAR,0.0027397260273972,2013-04-10 21:00:00+00:00,2013-04-11 21:00:00+00:00,24.0,25,1.0,0,0,0,0,0,0.0,-0.172151736411898,0.1451030406676707,3.595683436065292,3.595683436065292,0.0,0.0,0.0,0.0,0.0
2013-04-11,DEVELOPMENT,REGULAR,0.0027397260273972,2013-04-11 21:00:00+00:00,2013-04-12 21:00:00+00:00,24.0,25,1.0,0,0,0,0,0,0.0,-0.2164421438739339,0.1393834096006827,2.5938392836516013,2.5938392836516013,0.0,0.0,0.0,0.0,0.0
2013-04-12,DEVELOPMENT,EXTENDED_WEEKEND,0.0082191780821917,2013-04-12 21:00:00+00:00,2013-04-15 21:00:00+00:00,72.0,73,1.0,24,24,48,48,48,0.10733480972876894,0.0009279026663051,-0.0656210542908297,4.236188069134658,4.236188069134658,24.0,24.0,48.0,0.10733480972876894,0.0009998534597701362
2013-04-15,DEVELOPMENT,REGULAR,0.0027397260273972,2013-04-15 21:00:00+00:00,2013-04-16 21:00:00+00:00,24.0,25,1.0,0,0,0,0,0,0.0,0.0887654167459572,-0.1291514037776266,3.167803799691632,3.167803799691632,0.0,0.0,0.0,0.0,0.0
2013-04-16,DEVELOPMENT,REGULAR,0.0027397260273972,2013-04-16 21:00:00+00:00,2013-04-17 21:00:00+00:00,24.0,25,1.0,0,0,0,0,0,0.0,0.2892756918673598,-0.336664916234227,6.252051550865481,6.252051550865481,0.0,0.0,0.0,0.0,0.0
2013-04-17,DEVELOPMENT,REGULAR,0.0027397260273972,2013-04-17 21:00:00+00:00,2013-04-18 21:00:00+00:00,24.0,25,1.0,0,0,0,0,0,0.0,-0.2945796511016709,0.2526827437269006,4.430391455224502,4.430391455224502,0.0,0.0,0.0,0.0,0.0
2013-04-18,DEVELOPMENT,REGULAR,0.0027397260273972,2013-04-18 21:00:00+00:00,2013-04-19 21:00:00+00:00,24.0,25,1.0,0,0,0,0,0,0.0,-0.0221429489214273,-0.0614335751624111,2.601328436021628,2.601328436021628,0.0,0.0,0.0,0.0,0.0
2013-04-19,DEVELOPMENT,EXTENDED_WEEKEND,0.0082191780821917,2013-04-19 21:00:00+00:00,2013-04-22 21:00:00+00:00,72.0,73,1.0,24,24,48,48,48,0.5485621393748628,-0.2825004811440976,0.2485538085283849,4.595570993897947,4.595570993897947,24.0,24.0,48.0,0.5485621393748628,0.0033835522230283707
2013-04-22,DEVELOPMENT,REGULAR,0.0027397260273972,2013-04-22 21:00:00+00:00,2013-04-23 21:00:00+00:00,24.0,24,2.0,0,0,0,0,0,0.0,-0.0344478077134198,0.0036508972087005,4.523414470644179,4.523414470644179,0.0,0.0,0.0,0.0,0.0
2013-04-23,DEVELOPMENT,REGULAR,0.0027397260273972,2013-04-23 21:00:00+00:00,2013-04-24 21:00:00+00:00,24.0,24,2.0,0,0,0,0,0,0.0,-0.4699871274654015,0.4470548080636902,2.715631349663429,2.715631349663429,0.0,0.0,0.0,0.0,0.0
2013-04-24,DEVELOPMENT,REGULAR,0.0027397260273972,2013-04-24 21:00:00+00:00,2013-04-25 21:00:00+00:00,24.0,25,1.0,0,0,0,0,0,0.0,-0.3452732944003713,0.3284134396333868,2.714622137963969,2.714622137963969,0.0,0.0,0.0,0.0,0.0
2013-04-25,DEVELOPMENT,REGULAR,0.0027397260273972,2013-04-25 21:00:00+00:00,2013-04-26 21:00:00+00:00,24.0,24,2.0,0,0,0,0,0,0.0,-0.1370027887821692,0.0448530267804159,2.870448586085359,2.870448586085359,0.0,0.0,0.0,0.0,0.0
2013-04-26,DEVELOPMENT,EXTENDED_WEEKEND,0.0082191780821917,2013-04-26 21:00:00+00:00,2013-04-29 21:00:00+00:00,72.0,73,1.0,24,24,48,48,48,0.14891812851717523,-0.1989585454084448,0.1341434113353585,5.487897660649476,5.487897660649476,24.0,24.0,48.0,0.14891812851717523,0.0009352197258240633
2013-04-29,DEVELOPMENT,REGULAR,0.0027397260273972,2013-04-29 21:00:00+00:00,2013-04-30 21:00:00+00:00,24.0,25,1.0,0,0,0,0,0,0.0,-0.1416841262263801,0.0990881563374017,4.233727548143164,4.233727548143164,0.0,0.0,0.0,0.0,0.0
2013-04-30,DEVELOPMENT,REGULAR,0.0027397260273972,2013-04-30 21:00:00+00:00,2013-05-01 21:00:00+00:00,24.0,25,1.0,0,0,0,0,0,0.0,-0.2079940333163605,0.1624173843265097,4.579088631179071,4.579088631179071,0.0,0.0,0.0,0.0,0.0
2013-05-01,DEVELOPMENT,REGULAR,0.0027397260273972,2013-05-01 21:00:00+00:00,2013-05-02 21:00:00+00:00,24.0,25,1.0,0,0,0,0,0,0.0,0.1260491717795986,-0.1592969021747023,3.429545701628042,3.429545701628042,0.0,0.0,0.0,0.0,0.0
2013-05-02,DEVELOPMENT,REGULAR,0.0027397260273972,2013-05-02 21:00:00+00:00,2013-05-03 21:00:00+00:00,24.0,25,1.0,0,0,0,0,0,0.0,0.2096606605139612,-0.2985661552807812,2.526860302979062,2.526860302979062,0.0,0.0,0.0,0.0,0.0
2013-05-03,DEVELOPMENT,EXTENDED_WEEKEND,0.0082191780821917,2013-05-03 21:00:00+00:00,2013-05-06 21:00:00+00:00,72.0,72,2.0,23,24,47,47,47,0.2888506093118509,-0.2867874124990379,0.2446966208395196,3.1444661274603862,3.1444661274603862,23.0,24.0,47.0,0.2888506093118509,0.001359976815531409
2013-05-06,DEVELOPMENT,REGULAR,0.0027397260273972,2013-05-06 21:00:00+00:00,2013-05-07 21:00:00+00:00,24.0,25,1.0,0,0,0,0,0,0.0,-0.2441164993002189,0.2157264011042912,3.1732278110315764,3.1732278110315764,0.0,0.0,0.0,0.0,0.0
2013-05-07,DEVELOPMENT,REGULAR,0.0027397260273972,2013-05-07 21:00:00+00:00,2013-05-08 21:00:00+00:00,24.0,25,1.0,0,0,0,0,0,0.0,-0.3310868120106356,0.3085460664957793,3.203328643149658,3.203328643149658,0.0,0.0,0.0,0.0,0.0
2013-05-08,DEVELOPMENT,REGULAR,0.0027397260273972,2013-05-08 21:00:00+00:00,2013-05-09 21:00:00+00:00,24.0,25,1.0,0,0,0,0,0,0.0,0.1648054429457488,-0.2098710530792829,3.446443949529983,3.446443949529983,0.0,0.0,0.0,0.0,0.0
2013-05-09,DEVELOPMENT,REGULAR,0.0027397260273972,2013-05-09 21:00:00+00:00,2013-05-10 21:00:00+00:00,24.0,25,1.0,0,0,0,0,0,0.0,-0.1104255537306073,0.066466283133181,2.507297357589522,2.507297357589522,0.0,0.0,0.0,0.0,0.0
2013-05-13,DEVELOPMENT,REGULAR,0.0027397260273972,2013-05-13 21:00:00+00:00,2013-05-14 21:00:00+00:00,24.0,25,1.0,0,0,0,0,0,0.0,-0.0067515441636913,-0.0215577340984509,4.245569871573792,4.245569871573792,0.0,0.0,0.0,0.0,0.0
2013-05-14,DEVELOPMENT,REGULAR,0.0027397260273972,2013-05-14 21:00:00+00:00,2013-05-15 21:00:00+00:00,24.0,25,1.0,0,0,0,0,0,0.0,0.1076048341235136,-0.1624517550473569,5.283943897926642,5.283943897926642,0.0,0.0,0.0,0.0,0.0
2013-05-15,DEVELOPMENT,REGULAR,0.0027397260273972,2013-05-15 21:00:00+00:00,2013-05-16 21:00:00+00:00,24.0,25,1.0,0,0,0,0,0,0.0,-0.065233423424786,0.0211478218186655,5.178417605129823,5.178417605129823,0.0,0.0,0.0,0.0,0.0
2013-05-16,DEVELOPMENT,REGULAR,0.0027397260273972,2013-05-16 21:00:00+00:00,2013-05-17 21:00:00+00:00,24.0,25,1.0,0,0,0,0,0,0.0,-0.1532380811033249,0.0620096640550684,3.068821019454726,3.068821019454726,0.0,0.0,0.0,0.0,0.0
2013-05-20,DEVELOPMENT,REGULAR,0.0027397260273972,2013-05-20 21:00:00+00:00,2013-05-21 21:00:00+00:00,24.0,25,1.0,0,0,0,0,0,0.0,-0.0371292113912602,0.0118208570523847,3.973276490151471,3.973276490151471,0.0,0.0,0.0,0.0,0.0
2013-05-21,DEVELOPMENT,REGULAR,0.0027397260273972,2013-05-21 21:00:00+00:00,2013-05-22 21:00:00+00:00,24.0,25,1.0,0,0,0,0,0,0.0,-0.2050214986775955,0.1775459679298165,2.577910118884937,2.577910118884937,0.0,0.0,0.0,0.0,0.0
2013-05-22,DEVELOPMENT,REGULAR,0.0027397260273972,2013-05-22 21:00:00+00:00,2013-05-23 21:00:00+00:00,24.0,25,1.0,0,0,0,0,0,0.0,0.2027854680055867,-0.2305155028458045,2.8248103459581837,2.8248103459581837,0.0,0.0,0.0,0.0,0.0
2013-05-23,DEVELOPMENT,REGULAR,0.0027397260273972,2013-05-23 21:00:00+00:00,2013-05-24 21:00:00+00:00,24.0,25,1.0,0,0,0,0,0,0.0,0.0565918293462885,-0.2139396467612613,3.8729100286809537,3.8729100286809537,0.0,0.0,0.0,0.0,0.0
2013-05-24,DEVELOPMENT,EXTENDED_WEEKEND,0.0082191780821917,2013-05-24 21:00:00+00:00,2013-05-27 21:00:00+00:00,72.0,73,1.0,24,24,48,48,48,0.07044479018163934,-0.5462061628117851,0.520613997777545,2.860276088020792,2.860276088020792,24.0,24.0,48.0,0.07044479018163934,0.0009817890538829253
2013-05-27,DEVELOPMENT,REGULAR,0.0027397260273972,2013-05-27 21:00:00+00:00,2013-05-28 21:00:00+00:00,24.0,25,1.0,0,0,0,0,0,0.0,-0.0014774089145674,-0.0211144196830304,2.1478556019538897,2.1478556019538897,0.0,0.0,0.0,0.0,0.0
2013-05-28,DEVELOPMENT,REGULAR,0.0027397260273972,2013-05-28 21:00:00+00:00,2013-05-29 21:00:00+00:00,24.0,25,1.0,0,0,0,0,0,0.0,0.0628246305243891,-0.1068607876261609,3.137912196323429,3.137912196323429,0.0,0.0,0.0,0.0,0.0
2013-05-29,DEVELOPMENT,REGULAR,0.0027397260273972,2013-05-29 21:00:00+00:00,2013-05-30 21:00:00+00:00,24.0,25,1.0,0,0,0,0,0,0.0,0.1013067686377127,-0.1341913001256358,5.690114895177545,5.690114895177545,0.0,0.0,0.0,0.0,0.0
2013-05-30,DEVELOPMENT,REGULAR,0.0027397260273972,2013-05-30 21:00:00+00:00,2013-05-31 21:00:00+00:00,24.0,25,1.0,0,0,0,0,0,0.0,-0.2499982296661755,0.1474666720800144,4.7276142553555385,4.7276142553555385,0.0,0.0,0.0,0.0,0.0
2013-05-31,DEVELOPMENT,EXTENDED_WEEKEND,0.0082191780821917,2013-05-31 21:00:00+00:00,2013-06-03 21:00:00+00:00,72.0,69,2.0,24,24,48,48,48,0.12327337745371966,-0.1531181816797016,0.0989964170510546,3.858557249016904,3.858557249016904,24.0,24.0,48.0,0.12327337745371966,0.0006814209367786489
2013-06-03,DEVELOPMENT,REGULAR,0.0027397260273972,2013-06-03 21:00:00+00:00,2013-06-04 21:00:00+00:00,24.0,25,1.0,0,0,0,0,0,0.0,-0.0952310324915401,0.0703873529284777,3.3356133393229106,3.3356133393229106,0.0,0.0,0.0,0.0,0.0
2013-06-04,DEVELOPMENT,REGULAR,0.0027397260273972,2013-06-04 21:00:00+00:00,2013-06-05 21:00:00+00:00,24.0,25,1.0,0,0,0,0,0,0.0,-0.0864675341398992,0.0469088284020102,3.401939423766657,3.401939423766657,0.0,0.0,0.0,0.0,0.0
2013-06-05,DEVELOPMENT,REGULAR,0.0027397260273972,2013-06-05 21:00:00+00:00,2013-06-06 21:00:00+00:00,24.0,25,1.0,0,0,0,0,0,0.0,0.2929763774539111,-0.3195025193893031,3.9087068132527194,3.9087068132527194,0.0,0.0,0.0,0.0,0.0
2013-06-06,DEVELOPMENT,REGULAR,0.0027397260273972,2013-06-06 21:00:00+00:00,2013-06-07 21:00:00+00:00,24.0,25,1.0,0,0,0,0,0,0.0,0.1177738838759978,-0.1938589614593127,4.990463221150762,4.990463221150762,0.0,0.0,0.0,0.0,0.0
2013-06-07,DEVELOPMENT,EXTENDED_WEEKEND,0.0082191780821917,2013-06-07 21:00:00+00:00,2013-06-10 21:00:00+00:00,72.0,73,1.0,24,24,47,47,48,0.6767529196562634,-0.2759625142455491,0.255487658120515,2.8712482724288777,2.8712482724288777,24.0,24.0,48.0,0.6767529196562634,0.0022589723492981557
2013-06-10,DEVELOPMENT,REGULAR,0.0027397260273972,2013-06-10 21:00:00+00:00,2013-06-11 21:00:00+00:00,24.0,25,1.0,0,0,0,0,0,0.0,0.0015187329805144,-0.0378517617757978,2.8953328731858337,2.8953328731858337,0.0,0.0,0.0,0.0,0.0
2013-06-11,DEVELOPMENT,REGULAR,0.0027397260273972,2013-06-11 21:00:00+00:00,2013-06-12 21:00:00+00:00,24.0,23,3.0,0,0,0,0,0,0.0,-0.1015951990114594,0.0739407848755302,4.532464572012709,4.532464572012709,0.0,0.0,0.0,0.0,0.0
2013-06-12,DEVELOPMENT,REGULAR,0.0027397260273972,2013-06-12 21:00:00+00:00,2013-06-13 21:00:00+00:00,24.0,25,1.0,0,0,0,0,0,0.0,0.085954236469135,-0.1123316588783325,2.262727444287534,2.262727444287534,0.0,0.0,0.0,0.0,0.0
2013-06-13,DEVELOPMENT,REGULAR,0.0027397260273972,2013-06-13 21:00:00+00:00,2013-06-14 21:00:00+00:00,24.0,25,1.0,0,0,0,0,0,0.0,0.2155165915853985,-0.3689003494695271,4.29213485366071,4.29213485366071,0.0,0.0,0.0,0.0,0.0
2013-06-14,DEVELOPMENT,EXTENDED_WEEKEND,0.0082191780821917,2013-06-14 21:00:00+00:00,2013-06-17 21:00:00+00:00,72.0,73,1.0,24,24,47,47,48,0.16428114362667307,-0.3446827620591648,0.2902161288673426,2.5551261383816737,2.5551261383816737,24.0,24.0,48.0,0.16428114362667307,0.0013887960401712729
2013-06-17,DEVELOPMENT,REGULAR,0.0027397260273972,2013-06-17 21:00:00+00:00,2013-06-18 21:00:00+00:00,24.0,25,1.0,0,0,0,0,0,0.0,-0.0902590032141148,0.0615713490074938,2.4707496243945326,2.4707496243945326,0.0,0.0,0.0,0.0,0.0
2013-06-18,DEVELOPMENT,REGULAR,0.0027397260273972,2013-06-18 21:00:00+00:00,2013-06-19 21:00:00+00:00,24.0,25,1.0,0,0,0,0,0,0.0,0.476196289093707,-0.5704105174415446,4.68230291859325,4.68230291859325,0.0,0.0,0.0,0.0,0.0
2013-06-19,DEVELOPMENT,REGULAR,0.0027397260273972,2013-06-19 21:00:00+00:00,2013-06-20 21:00:00+00:00,24.0,25,1.0,0,0,0,0,0,0.0,0.0803021579982754,-0.130747361298674,2.9429908951037698,2.9429908951037698,0.0,0.0,0.0,0.0,0.0
2013-06-20,DEVELOPMENT,REGULAR,0.0027397260273972,2013-06-20 21:00:00+00:00,2013-06-21 21:00:00+00:00,24.0,25,1.0,0,0,0,0,0,0.0,-0.30568234683399,0.2469833048211995,3.886908005337797,3.886908005337797,0.0,0.0,0.0,0.0,0.0
2013-06-21,DEVELOPMENT,EXTENDED_WEEKEND,0.0082191780821917,2013-06-21 21:00:00+00:00,2013-06-24 21:00:00+00:00,72.0,73,1.0,24,24,48,48,48,0.6502505863951257,0.3164202892798045,-0.364668385370237,6.14687177194992,6.14687177194992,24.0,24.0,48.0,0.6502505863951257,0.003308200416355659
2013-06-24,DEVELOPMENT,REGULAR,0.0027397260273972,2013-06-24 21:00:00+00:00,2013-06-25 21:00:00+00:00,24.0,25,1.0,0,0,0,0,0,0.0,-0.2780541393913722,0.2569583674450015,3.8011886527013754,3.8011886527013754,0.0,0.0,0.0,0.0,0.0
2013-06-25,DEVELOPMENT,REGULAR,0.0027397260273972,2013-06-25 21:00:00+00:00,2013-06-26 21:00:00+00:00,24.0,25,1.0,0,0,0,0,0,0.0,-0.2960925054571214,0.2812017990357521,3.426876740552652,3.426876740552652,0.0,0.0,0.0,0.0,0.0
2013-06-26,DEVELOPMENT,REGULAR,0.0027397260273972,2013-06-26 21:00:00+00:00,2013-06-27 21:00:00+00:00,24.0,25,1.0,0,0,0,0,0,0.0,-0.2489643272706274,0.2177322555350116,2.762403210919171,2.762403210919171,0.0,0.0,0.0,0.0,0.0
2013-06-27,DEVELOPMENT,REGULAR,0.0027397260273972,2013-06-27 21:00:00+00:00,2013-06-28 21:00:00+00:00,24.0,25,1.0,0,0,0,0,0,0.0,-0.1896335248599285,0.1587100857920234,2.1663371254000747,2.1663371254000747,0.0,0.0,0.0,0.0,0.0
2013-06-28,DEVELOPMENT,EXTENDED_WEEKEND,0.0082191780821917,2013-06-28 21:00:00+00:00,2013-07-01 21:00:00+00:00,72.0,72,2.0,23,24,46,46,47,0.6054825185950443,-0.2790958378643324,0.2311527595704916,2.6700257769854705,2.6700257769854705,23.0,24.0,47.0,0.6054825185950443,0.0038599041675345565
2013-07-01,DEVELOPMENT,REGULAR,0.0027397260273972,2013-07-01 21:00:00+00:00,2013-07-02 21:00:00+00:00,24.0,25,1.0,0,0,0,0,0,0.0,0.0113434665634457,-0.0438114709908177,3.12772175953788,3.12772175953788,0.0,0.0,0.0,0.0,0.0
2013-07-02,DEVELOPMENT,REGULAR,0.0027397260273972,2013-07-02 21:00:00+00:00,2013-07-03 21:00:00+00:00,24.0,25,1.0,0,0,0,0,0,0.0,0.2157864618439617,-0.2772016224556779,3.285910607287238,3.285910607287238,0.0,0.0,0.0,0.0,0.0
2013-07-03,DEVELOPMENT,REGULAR,0.0027397260273972,2013-07-03 21:00:00+00:00,2013-07-04 21:00:00+00:00,24.0,25,1.0,0,0,0,0,0,0.0,-0.3485567875159816,0.3196171877237752,2.9179803870094863,2.9179803870094863,0.0,0.0,0.0,0.0,0.0
2013-07-04,DEVELOPMENT,REGULAR,0.0027397260273972,2013-07-04 21:00:00+00:00,2013-07-05 21:00:00+00:00,24.0,24,2.0,0,0,0,0,0,0.0,0.0870197462292985,-0.1290641963731795,2.769887297356518,2.769887297356518,0.0,0.0,0.0,0.0,0.0
2013-07-05,DEVELOPMENT,EXTENDED_WEEKEND,0.0082191780821917,2013-07-05 21:00:00+00:00,2013-07-08 21:00:00+00:00,72.0,73,1.0,24,24,48,48,48,0.3726162539677583,-0.1657484755705809,0.1267005812522086,5.246040693155173,5.246040693155173,24.0,24.0,48.0,0.3726162539677583,0.002691356410389588
2013-07-08,DEVELOPMENT,REGULAR,0.0027397260273972,2013-07-08 21:00:00+00:00,2013-07-09 21:00:00+00:00,24.0,25,1.0,0,0,0,0,0,0.0,-0.2117459071040812,0.189879261662341,3.503982675143324,3.503982675143324,0.0,0.0,0.0,0.0,0.0
2013-07-09,DEVELOPMENT,REGULAR,0.0027397260273972,2013-07-09 21:00:00+00:00,2013-07-10 21:00:00+00:00,24.0,25,1.0,0,0,0,0,0,0.0,0.0396073163635435,-0.0732323058989976,2.5175822055041737,2.5175822055041737,0.0,0.0,0.0,0.0,0.0
2013-07-10,DEVELOPMENT,REGULAR,0.0027397260273972,2013-07-10 21:00:00+00:00,2013-07-11 21:00:00+00:00,24.0,25,1.0,0,0,0,0,0,0.0,0.5159793895026468,-0.5592965936845076,4.841262433409783,4.841262433409783,0.0,0.0,0.0,0.0,0.0
2013-07-11,DEVELOPMENT,REGULAR,0.0027397260273972,2013-07-11 21:00:00+00:00,2013-07-12 21:00:00+00:00,24.0,25,1.0,0,0,0,0,0,0.0,-0.0890910259540049,-0.0181216591096529,4.112278283821633,4.112278283821633,0.0,0.0,0.0,0.0,0.0
2013-07-12,DEVELOPMENT,EXTENDED_WEEKEND,0.0082191780821917,2013-07-12 21:00:00+00:00,2013-07-15 21:00:00+00:00,72.0,73,1.0,24,24,48,48,48,0.373489704842601,-0.2629706133362788,0.2310468649118036,2.745639882465496,2.745639882465496,24.0,24.0,48.0,0.373489704842601,0.003793822251982839
2013-07-15,DEVELOPMENT,REGULAR,0.0027397260273972,2013-07-15 21:00:00+00:00,2013-07-16 21:00:00+00:00,24.0,25,1.0,0,0,1,0,0,0.0,-0.0058338055879829,-0.013025156811679,3.057200882104903,3.057200882104903,0.0,0.0,0.0,0.0,0.0
2013-07-16,DEVELOPMENT,REGULAR,0.0027397260273972,2013-07-16 21:00:00+00:00,2013-07-17 21:00:00+00:00,24.0,25,1.0,0,0,0,0,0,0.0,-0.1629487472303168,0.1293850726353014,3.4953812841628533,3.4953812841628533,0.0,0.0,0.0,0.0,0.0
2013-07-17,DEVELOPMENT,REGULAR,0.0027397260273972,2013-07-17 21:00:00+00:00,2013-07-18 21:00:00+00:00,24.0,25,1.0,0,0,0,0,0,0.0,-0.0569328204699957,0.0248667946186458,2.64088006966815,2.64088006966815,0.0,0.0,0.0,0.0,0.0
2013-07-18,DEVELOPMENT,REGULAR,0.0027397260273972,2013-07-18 21:00:00+00:00,2013-07-19 21:00:00+00:00,24.0,25,1.0,0,0,0,0,0,0.0,0.0230007632341369,-0.0838268351154951,4.698475932119197,4.698475932119197,0.0,0.0,0.0,0.0,0.0
2013-07-19,DEVELOPMENT,EXTENDED_WEEKEND,0.0082191780821917,2013-07-19 21:00:00+00:00,2013-07-22 21:00:00+00:00,72.0,73,1.0,24,24,48,48,48,0.30097766954405913,-0.3823219001638165,0.3558811594434559,2.329393845449462,2.329393845449462,24.0,24.0,48.0,0.30097766954405913,0.005386798931423642
2013-07-22,DEVELOPMENT,REGULAR,0.0027397260273972,2013-07-22 21:00:00+00:00,2013-07-23 21:00:00+00:00,24.0,25,1.0,0,0,1,1,0,0.0,0.0088626013966646,-0.0496974706630126,4.900703315385275,4.900703315385275,0.0,0.0,0.0,0.0,0.0
2013-07-23,DEVELOPMENT,REGULAR,0.0027397260273972,2013-07-23 21:00:00+00:00,2013-07-24 21:00:00+00:00,24.0,25,1.0,0,0,0,0,0,0.0,-0.0684440813725189,0.0289703508271372,2.3109271045915536,2.3109271045915536,0.0,0.0,0.0,0.0,0.0
2013-07-24,DEVELOPMENT,REGULAR,0.0027397260273972,2013-07-24 21:00:00+00:00,2013-07-25 21:00:00+00:00,24.0,25,1.0,0,0,0,0,0,0.0,-0.0463234167877146,0.0227284270079763,3.11983421085136,3.11983421085136,0.0,0.0,0.0,0.0,0.0
2013-07-25,DEVELOPMENT,REGULAR,0.0027397260273972,2013-07-25 21:00:00+00:00,2013-07-26 21:00:00+00:00,24.0,25,1.0,0,0,0,0,0,0.0,-0.044329773388398,-0.0349704719269112,2.5139523209902723,2.5139523209902723,0.0,0.0,0.0,0.0,0.0
2013-07-26,DEVELOPMENT,EXTENDED_WEEKEND,0.0082191780821917,2013-07-26 21:00:00+00:00,2013-07-29 21:00:00+00:00,72.0,73,1.0,24,24,48,48,48,0.6239497199833897,-0.2000660841050319,0.1780330819770199,3.818036173130064,3.818036173130064,24.0,24.0,48.0,0.6239497199833897,0.0038171843368266303
2013-07-29,DEVELOPMENT,REGULAR,0.0027397260273972,2013-07-29 21:00:00+00:00,2013-07-30 21:00:00+00:00,24.0,25,1.0,0,0,0,0,0,0.0,-0.2670655133676298,0.2491916379215339,3.328144773375534,3.328144773375534,0.0,0.0,0.0,0.0,0.0
2013-07-30,DEVELOPMENT,REGULAR,0.0027397260273972,2013-07-30 21:00:00+00:00,2013-07-31 21:00:00+00:00,24.0,25,1.0,0,0,0,0,0,0.0,0.3215345981379869,-0.3694381283196506,5.215127645023332,5.215127645023332,0.0,0.0,0.0,0.0,0.0
2013-07-31,DEVELOPMENT,REGULAR,0.0027397260273972,2013-07-31 21:00:00+00:00,2013-08-01 21:00:00+00:00,24.0,25,1.0,0,0,0,0,0,0.0,-0.0150461896649929,-0.0096981158254934,2.3663595299701,2.3663595299701,0.0,0.0,0.0,0.0,0.0
2013-08-01,DEVELOPMENT,REGULAR,0.0027397260273972,2013-08-01 21:00:00+00:00,2013-08-02 21:00:00+00:00,24.0,25,1.0,0,0,1,0,0,0.0,-0.0001159728048634,-0.0836215922042242,4.0363797213203645,4.0363797213203645,0.0,0.0,0.0,0.0,0.0
2013-08-02,DEVELOPMENT,EXTENDED_WEEKEND,0.0082191780821917,2013-08-02 21:00:00+00:00,2013-08-05 21:00:00+00:00,72.0,73,1.0,24,24,47,47,48,0.27874082468091793,-0.1407893995563682,0.1006321624073649,3.349920883949783,3.349920883949783,24.0,24.0,48.0,0.27874082468091793,0.0027343637758560323
2013-08-05,DEVELOPMENT,REGULAR,0.0027397260273972,2013-08-05 21:00:00+00:00,2013-08-06 21:00:00+00:00,24.0,25,1.0,0,0,0,0,0,0.0,0.3517476847621879,-0.3925748258042318,4.945954551259943,4.945954551259943,0.0,0.0,0.0,0.0,0.0
2013-08-06,DEVELOPMENT,REGULAR,0.0027397260273972,2013-08-06 21:00:00+00:00,2013-08-07 21:00:00+00:00,24.0,25,1.0,0,0,0,0,0,0.0,0.0960674863021324,-0.1230910945656944,2.7696436593773224,2.7696436593773224,0.0,0.0,0.0,0.0,0.0
2013-08-07,DEVELOPMENT,REGULAR,0.0027397260273972,2013-08-07 21:00:00+00:00,2013-08-08 21:00:00+00:00,24.0,25,1.0,0,0,0,0,0,0.0,-0.1295157265899149,0.0899997694560426,4.866108239098633,4.866108239098633,0.0,0.0,0.0,0.0,0.0
2013-08-08,DEVELOPMENT,REGULAR,0.0027397260273972,2013-08-08 21:00:00+00:00,2013-08-09 21:00:00+00:00,24.0,25,1.0,0,0,0,0,0,0.0,-0.1554583440301087,0.0549956007490948,3.611500157968029,3.611500157968029,0.0,0.0,0.0,0.0,0.0
2013-08-09,DEVELOPMENT,EXTENDED_WEEKEND,0.0082191780821917,2013-08-09 21:00:00+00:00,2013-08-12 21:00:00+00:00,72.0,71,2.0,24,24,48,48,48,0.23010565188852025,-0.0765936764802859,0.0456669020852729,3.856069899447847,3.856069899447847,24.0,24.0,48.0,0.23010565188852025,0.0033570540759258623
2013-08-12,DEVELOPMENT,REGULAR,0.0027397260273972,2013-08-12 21:00:00+00:00,2013-08-13 21:00:00+00:00,24.0,25,1.0,0,0,0,0,0,0.0,0.0088895987890538,-0.0202953552485212,2.209152417088005,2.209152417088005,0.0,0.0,0.0,0.0,0.0
2013-08-13,DEVELOPMENT,REGULAR,0.0027397260273972,2013-08-13 21:00:00+00:00,2013-08-14 21:00:00+00:00,24.0,25,1.0,0,0,0,0,0,0.0,-0.1909501175790922,0.148810801201435,4.640692653633569,4.640692653633569,0.0,0.0,0.0,0.0,0.0
2013-08-14,DEVELOPMENT,REGULAR,0.0027397260273972,2013-08-14 21:00:00+00:00,2013-08-15 21:00:00+00:00,24.0,25,1.0,0,0,0,0,0,0.0,0.5212375457521716,-0.5786783178632504,6.051009060483974,6.051009060483974,0.0,0.0,0.0,0.0,0.0
2013-08-15,DEVELOPMENT,REGULAR,0.0027397260273972,2013-08-15 21:00:00+00:00,2013-08-16 21:00:00+00:00,24.0,25,1.0,0,0,0,0,0,0.0,-0.0689902540502913,0.0293023683734929,4.584980777831627,4.584980777831627,0.0,0.0,0.0,0.0,0.0
2013-08-16,DEVELOPMENT,EXTENDED_WEEKEND,0.0082191780821917,2013-08-16 21:00:00+00:00,2013-08-19 21:00:00+00:00,72.0,72,2.0,24,23,47,47,47,0.4617863106962077,-0.14357942986436,0.1179560665140471,4.943870234408722,4.943870234408722,24.0,23.0,47.0,0.4617863106962077,0.0016090053172858102
2013-08-19,DEVELOPMENT,REGULAR,0.0027397260273972,2013-08-19 21:00:00+00:00,2013-08-20 21:00:00+00:00,24.0,25,1.0,0,0,0,0,0,0.0,0.1571479758104175,-0.1830548946810353,5.182261755710238,5.182261755710238,0.0,0.0,0.0,0.0,0.0
2013-08-20,DEVELOPMENT,REGULAR,0.0027397260273972,2013-08-20 21:00:00+00:00,2013-08-21 21:00:00+00:00,24.0,25,1.0,0,0,0,0,0,0.0,-0.0458044078209383,0.0151261957909838,3.551974387469429,3.551974387469429,0.0,0.0,0.0,0.0,0.0
2013-08-21,DEVELOPMENT,REGULAR,0.0027397260273972,2013-08-21 21:00:00+00:00,2013-08-22 21:00:00+00:00,24.0,25,1.0,0,0,0,0,0,0.0,0.0251844822259386,-0.0569125098681269,2.343815307630284,2.343815307630284,0.0,0.0,0.0,0.0,0.0
2013-08-22,DEVELOPMENT,REGULAR,0.0027397260273972,2013-08-22 21:00:00+00:00,2013-08-23 21:00:00+00:00,24.0,25,1.0,0,0,0,0,0,0.0,0.0279065699549221,-0.0775358181084726,4.671654877555506,4.671654877555506,0.0,0.0,0.0,0.0,0.0
2013-08-23,DEVELOPMENT,EXTENDED_WEEKEND,0.0082191780821917,2013-08-23 21:00:00+00:00,2013-08-26 21:00:00+00:00,72.0,73,1.0,24,24,49,49,48,0.6272428845518065,-0.1328803734993044,0.0879776620766676,5.044415449128581,5.044415449128581,24.0,24.0,48.0,0.6272428845518065,0.0046527450012097925
2013-08-26,DEVELOPMENT,REGULAR,0.0027397260273972,2013-08-26 21:00:00+00:00,2013-08-27 21:00:00+00:00,24.0,25,1.0,0,0,0,0,0,0.0,0.0352718948530963,-0.0551103030460637,2.8667299231841192,2.8667299231841192,0.0,0.0,0.0,0.0,0.0
2013-08-27,DEVELOPMENT,REGULAR,0.0027397260273972,2013-08-27 21:00:00+00:00,2013-08-28 21:00:00+00:00,24.0,24,2.0,0,0,0,0,0,0.0,-0.0394119578206471,0.0091924865048298,3.1463384495038085,3.1463384495038085,0.0,0.0,0.0,0.0,0.0
2013-08-28,DEVELOPMENT,REGULAR,0.0027397260273972,2013-08-28 21:00:00+00:00,2013-08-29 21:00:00+00:00,24.0,25,1.0,0,0,0,0,0,0.0,0.0363883889413187,-0.0572296533393767,3.298426004746918,3.298426004746918,0.0,0.0,0.0,0.0,0.0
2013-08-29,DEVELOPMENT,REGULAR,0.0027397260273972,2013-08-29 21:00:00+00:00,2013-08-30 21:00:00+00:00,24.0,25,1.0,0,0,0,0,0,0.0,-0.3375516642407774,0.2440807969786647,3.319488275245432,3.319488275245432,0.0,0.0,0.0,0.0,0.0
2013-08-30,DEVELOPMENT,EXTENDED_WEEKEND,0.0082191780821917,2013-08-30 21:00:00+00:00,2013-09-02 21:00:00+00:00,72.0,72,2.0,23,24,47,47,47,0.36448426002678214,-0.1861993267469301,0.1592484480388236,2.12714125909907,2.12714125909907,23.0,24.0,47.0,0.36448426002678214,0.004397157225509703
2013-09-02,DEVELOPMENT,REGULAR,0.0027397260273972,2013-09-02 21:00:00+00:00,2013-09-03 21:00:00+00:00,24.0,25,1.0,0,0,0,0,0,0.0,0.1690071493048179,-0.2004513748795204,6.466209560633516,6.466209560633516,0.0,0.0,0.0,0.0,0.0
2013-09-03,DEVELOPMENT,REGULAR,0.0027397260273972,2013-09-03 21:00:00+00:00,2013-09-04 21:00:00+00:00,24.0,25,1.0,0,0,0,0,0,0.0,-0.3292310251441606,0.3134842295163373,2.809750008665428,2.809750008665428,0.0,0.0,0.0,0.0,0.0
2013-09-04,DEVELOPMENT,REGULAR,0.0027397260273972,2013-09-04 21:00:00+00:00,2013-09-05 21:00:00+00:00,24.0,25,1.0,0,0,0,0,0,0.0,-0.1499547909003951,0.1281402196259904,3.7789502197158784,3.7789502197158784,0.0,0.0,0.0,0.0,0.0
2013-09-05,DEVELOPMENT,REGULAR,0.0027397260273972,2013-09-05 21:00:00+00:00,2013-09-06 21:00:00+00:00,24.0,25,1.0,0,0,0,0,0,0.0,-0.1770355603344455,0.1189325851554912,2.478210045431495,2.478210045431495,0.0,0.0,0.0,0.0,0.0
2013-09-06,DEVELOPMENT,EXTENDED_WEEKEND,0.0082191780821917,2013-09-06 21:00:00+00:00,2013-09-09 21:00:00+00:00,72.0,72,2.0,24,23,46,46,47,0.9296041858691836,0.0467658543060842,-0.0984651212429721,3.368825988513114,3.368825988513114,24.0,23.0,47.0,0.9296041858691836,0.013314270044708771
2013-09-09,DEVELOPMENT,REGULAR,0.0027397260273972,2013-09-09 21:00:00+00:00,2013-09-10 21:00:00+00:00,24.0,25,1.0,0,0,0,0,0,0.0,-0.031507317063685,0.0114860177081794,2.6695733515823945,2.6695733515823945,0.0,0.0,0.0,0.0,0.0
2013-09-10,DEVELOPMENT,REGULAR,0.0027397260273972,2013-09-10 21:00:00+00:00,2013-09-11 21:00:00+00:00,24.0,25,1.0,0,0,0,0,0,0.0,-0.1056219494564345,0.0657435529085859,3.456741414944028,3.456741414944028,0.0,0.0,0.0,0.0,0.0
2013-09-11,DEVELOPMENT,REGULAR,0.0027397260273972,2013-09-11 21:00:00+00:00,2013-09-12 21:00:00+00:00,24.0,25,1.0,0,0,0,0,0,0.0,-0.0406794958776828,0.0089678138597975,2.980468093021563,2.980468093021563,0.0,0.0,0.0,0.0,0.0
2013-09-12,DEVELOPMENT,REGULAR,0.0027397260273972,2013-09-12 21:00:00+00:00,2013-09-13 21:00:00+00:00,24.0,25,1.0,0,0,0,0,0,0.0,-0.1497311765224651,0.1047327074208226,4.045912845314707,4.045912845314707,0.0,0.0,0.0,0.0,0.0
2013-09-13,DEVELOPMENT,EXTENDED_WEEKEND,0.0082191780821917,2013-09-13 21:00:00+00:00,2013-09-16 21:00:00+00:00,72.0,73,1.0,24,24,48,48,48,0.9428694229584098,0.0267623824466909,-0.0738731080784589,2.714788477957239,2.714788477957239,24.0,24.0,48.0,0.9428694229584098,0.019956787437609487
2013-09-16,DEVELOPMENT,REGULAR,0.0027397260273972,2013-09-16 21:00:00+00:00,2013-09-17 21:00:00+00:00,24.0,25,1.0,0,0,0,0,0,0.0,-0.2617969399884998,0.2487656586476916,3.2639302717123004,3.2639302717123004,0.0,0.0,0.0,0.0,0.0
2013-09-17,DEVELOPMENT,REGULAR,0.0027397260273972,2013-09-17 21:00:00+00:00,2013-09-18 21:00:00+00:00,24.0,25,1.0,0,0,0,0,0,0.0,0.0004132531420992,-0.0305833965576312,3.834827110637204,3.834827110637204,0.0,0.0,0.0,0.0,0.0
2013-09-18,DEVELOPMENT,REGULAR,0.0027397260273972,2013-09-18 21:00:00+00:00,2013-09-19 21:00:00+00:00,24.0,25,1.0,0,0,0,0,0,0.0,0.0054072280202035,-0.0171157830379655,2.3147104223515766,2.3147104223515766,0.0,0.0,0.0,0.0,0.0
2013-09-19,DEVELOPMENT,REGULAR,0.0027397260273972,2013-09-19 21:00:00+00:00,2013-09-20 21:00:00+00:00,24.0,25,1.0,0,0,0,0,0,0.0,-0.2319773003029155,0.1556870036556574,4.1369047704896325,4.1369047704896325,0.0,0.0,0.0,0.0,0.0
2013-09-20,DEVELOPMENT,EXTENDED_WEEKEND,0.0082191780821917,2013-09-20 21:00:00+00:00,2013-09-23 21:00:00+00:00,72.0,73,1.0,24,24,49,49,48,0.3651087021258233,-0.2233032919917974,0.1957318651219424,2.384459868849333,2.384459868849333,24.0,24.0,48.0,0.3651087021258233,0.0015479201023782115
2013-09-23,DEVELOPMENT,REGULAR,0.0027397260273972,2013-09-23 21:00:00+00:00,2013-09-24 21:00:00+00:00,24.0,25,1.0,0,0,0,0,0,0.0,0.0065483094155212,-0.0377584267631903,5.748148162820702,5.748148162820702,0.0,0.0,0.0,0.0,0.0
2013-09-24,DEVELOPMENT,REGULAR,0.0027397260273972,2013-09-24 21:00:00+00:00,2013-09-25 21:00:00+00:00,24.0,25,1.0,0,0,0,0,0,0.0,-0.1679542792346922,0.1481530011442657,3.746064993635653,3.746064993635653,0.0,0.0,0.0,0.0,0.0
2013-09-25,DEVELOPMENT,REGULAR,0.0027397260273972,2013-09-25 21:00:00+00:00,2013-09-26 21:00:00+00:00,24.0,25,1.0,0,0,0,0,0,0.0,0.086386823874605,-0.1102694559336185,3.489786079654648,3.489786079654648,0.0,0.0,0.0,0.0,0.0
2013-09-26,DEVELOPMENT,REGULAR,0.0027397260273972,2013-09-26 21:00:00+00:00,2013-09-27 21:00:00+00:00,24.0,25,1.0,0,0,0,0,0,0.0,-0.0701780166515391,0.0004289081534096,2.7448320120211824,2.7448320120211824,0.0,0.0,0.0,0.0,0.0
2013-09-27,DEVELOPMENT,EXTENDED_WEEKEND,0.0082191780821917,2013-09-27 21:00:00+00:00,2013-09-30 21:00:00+00:00,72.0,72,2.0,24,23,46,46,47,0.8932479774946005,0.0793767383306516,-0.1323998971395461,5.561660616361875,5.561660616361875,24.0,23.0,47.0,0.8932479774946005,0.010030877707818422
2013-09-30,DEVELOPMENT,REGULAR,0.0027397260273972,2013-09-30 21:00:00+00:00,2013-10-01 21:00:00+00:00,24.0,25,1.0,0,0,0,0,0,0.0,-0.1283118584533724,0.0924235791009948,3.9937492331112265,3.9937492331112265,0.0,0.0,0.0,0.0,0.0
2013-10-01,DEVELOPMENT,REGULAR,0.0027397260273972,2013-10-01 21:00:00+00:00,2013-10-02 21:00:00+00:00,24.0,25,1.0,0,0,0,0,0,0.0,-0.0558605910196945,0.0396919167586133,2.8705087667576974,2.8705087667576974,0.0,0.0,0.0,0.0,0.0
2013-10-02,DEVELOPMENT,REGULAR,0.0027397260273972,2013-10-02 21:00:00+00:00,2013-10-03 21:00:00+00:00,24.0,25,1.0,0,0,0,0,0,0.0,-0.0714146950854512,0.0427044957578033,3.9984172862154312,3.9984172862154312,0.0,0.0,0.0,0.0,0.0
2013-10-03,DEVELOPMENT,REGULAR,0.0027397260273972,2013-10-03 21:00:00+00:00,2013-10-04 21:00:00+00:00,24.0,25,1.0,0,0,0,0,0,0.0,-0.2389821062750599,0.2037303462117847,3.706444703243899,3.706444703243899,0.0,0.0,0.0,0.0,0.0
2013-10-04,DEVELOPMENT,EXTENDED_WEEKEND,0.0082191780821917,2013-10-04 21:00:00+00:00,2013-10-07 21:00:00+00:00,72.0,73,1.0,24,24,48,48,48,0.6056637754845484,-0.1535294657793855,0.1162720535381964,2.6329085676159685,2.6329085676159685,24.0,24.0,48.0,0.6056637754845484,0.006796327469199021
2013-10-07,DEVELOPMENT,REGULAR,0.0027397260273972,2013-10-07 21:00:00+00:00,2013-10-08 21:00:00+00:00,24.0,25,1.0,0,0,0,0,0,0.0,-0.0978043325822568,0.068824855385813,2.756619493688375,2.756619493688375,0.0,0.0,0.0,0.0,0.0
2013-10-08,DEVELOPMENT,REGULAR,0.0027397260273972,2013-10-08 21:00:00+00:00,2013-10-09 21:00:00+00:00,24.0,25,1.0,0,0,0,0,0,0.0,-0.0521677657559394,0.0281763031598671,2.414995729407323,2.414995729407323,0.0,0.0,0.0,0.0,0.0
2013-10-09,DEVELOPMENT,REGULAR,0.0027397260273972,2013-10-09 21:00:00+00:00,2013-10-10 21:00:00+00:00,24.0,25,1.0,0,0,0,0,0,0.0,-0.0329077379882392,0.013725605620948,2.4277740792787745,2.4277740792787745,0.0,0.0,0.0,0.0,0.0
2013-10-10,DEVELOPMENT,REGULAR,0.0027397260273972,2013-10-10 21:00:00+00:00,2013-10-11 21:00:00+00:00,24.0,25,1.0,0,0,0,0,0,0.0,-0.0926479231106469,-0.0021569604235622,4.135489724239669,4.135489724239669,0.0,0.0,0.0,0.0,0.0
2013-10-11,DEVELOPMENT,EXTENDED_WEEKEND,0.0082191780821917,2013-10-11 21:00:00+00:00,2013-10-14 21:00:00+00:00,72.0,73,1.0,24,24,48,48,48,0.9645160981403929,-0.0423471056891031,0.0155497435831328,2.565331844543183,2.565331844543183,24.0,24.0,48.0,0.9645160981403929,0.007081114374074774
2013-10-14,DEVELOPMENT,REGULAR,0.0027397260273972,2013-10-14 21:00:00+00:00,2013-10-15 21:00:00+00:00,24.0,25,1.0,0,0,0,0,0,0.0,-0.0813118012689528,0.0586322487852015,4.361665800386215,4.361665800386215,0.0,0.0,0.0,0.0,0.0
2013-10-15,DEVELOPMENT,REGULAR,0.0027397260273972,2013-10-15 21:00:00+00:00,2013-10-16 21:00:00+00:00,24.0,25,1.0,0,0,0,0,0,0.0,0.0641642544275953,-0.0823754389555944,3.0325927297727246,3.0325927297727246,0.0,0.0,0.0,0.0,0.0
2013-10-16,DEVELOPMENT,REGULAR,0.0027397260273972,2013-10-16 21:00:00+00:00,2013-10-17 21:00:00+00:00,24.0,25,1.0,0,0,0,0,0,0.0,0.0535199337668217,-0.0760965878324952,2.582463655111177,2.582463655111177,0.0,0.0,0.0,0.0,0.0
2013-10-17,DEVELOPMENT,REGULAR,0.0027397260273972,2013-10-17 21:00:00+00:00,2013-10-18 21:00:00+00:00,24.0,25,1.0,0,0,0,0,0,0.0,-0.2098007542982003,0.1796386963489951,3.065149632436935,3.065149632436935,0.0,0.0,0.0,0.0,0.0
2013-10-18,DEVELOPMENT,EXTENDED_WEEKEND,0.0082191780821917,2013-10-18 21:00:00+00:00,2013-10-21 21:00:00+00:00,72.0,72,2.0,24,23,47,46,47,0.6005684879792258,-0.1750087989870508,0.1585119199925202,2.5466691535536814,2.5466691535536814,24.0,23.0,47.0,0.6005684879792258,0.003508075719493247
2013-10-21,DEVELOPMENT,REGULAR,0.0027397260273972,2013-10-21 21:00:00+00:00,2013-10-22 21:00:00+00:00,24.0,25,1.0,0,0,0,0,0,0.0,-0.3140574030254726,0.2950368248378652,2.7506390803287357,2.7506390803287357,0.0,0.0,0.0,0.0,0.0
2013-10-22,DEVELOPMENT,REGULAR,0.0027397260273972,2013-10-22 21:00:00+00:00,2013-10-23 21:00:00+00:00,24.0,25,1.0,0,0,0,0,0,0.0,0.0541436821970222,-0.0683428072557603,2.2570916389569065,2.2570916389569065,0.0,0.0,0.0,0.0,0.0
2013-10-23,DEVELOPMENT,REGULAR,0.0027397260273972,2013-10-23 21:00:00+00:00,2013-10-24 21:00:00+00:00,24.0,25,1.0,0,0,0,0,0,0.0,-0.1858197241426822,0.1652208624851496,3.771578952527351,3.771578952527351,0.0,0.0,0.0,0.0,0.0
2013-10-24,DEVELOPMENT,REGULAR,0.0027397260273972,2013-10-24 21:00:00+00:00,2013-10-25 21:00:00+00:00,24.0,25,1.0,0,0,0,0,0,0.0,-0.1181591612551926,0.0725825368844539,4.147953391022783,4.147953391022783,0.0,0.0,0.0,0.0,0.0
2013-10-25,DEVELOPMENT,EXTENDED_WEEKEND,0.0082191780821917,2013-10-25 21:00:00+00:00,2013-10-28 21:00:00+00:00,72.0,73,1.0,24,24,48,48,48,0.838909241412094,-0.1289146095909359,0.1031789015829929,3.39494839395206,3.39494839395206,24.0,24.0,48.0,0.838909241412094,0.0035418060563907235
2013-10-28,DEVELOPMENT,REGULAR,0.0027397260273972,2013-10-28 21:00:00+00:00,2013-10-29 21:00:00+00:00,24.0,25,1.0,0,0,0,0,0,0.0,0.0425311531661805,-0.0669617115655825,4.090914815058911,4.090914815058911,0.0,0.0,0.0,0.0,0.0
2013-10-29,DEVELOPMENT,REGULAR,0.0027397260273972,2013-10-29 21:00:00+00:00,2013-10-30 21:00:00+00:00,24.0,25,1.0,0,0,0,0,0,0.0,0.1696648405950753,-0.1991862605150203,4.719282731747394,4.719282731747394,0.0,0.0,0.0,0.0,0.0
2013-10-30,DEVELOPMENT,REGULAR,0.0027397260273972,2013-10-30 21:00:00+00:00,2013-10-31 21:00:00+00:00,24.0,25,1.0,0,0,0,0,0,0.0,-0.1980155173966267,0.1806162898755303,3.359085599145527,3.359085599145527,0.0,0.0,0.0,0.0,0.0
2013-10-31,DEVELOPMENT,REGULAR,0.0027397260273972,2013-10-31 21:00:00+00:00,2013-11-01 21:00:00+00:00,24.0,25,1.0,0,0,1,1,0,0.0,0.0331660732559555,-0.1043481516853148,3.838421016421509,3.838421016421509,0.0,0.0,0.0,0.0,0.0
2013-11-01,DEVELOPMENT,EXTENDED_WEEKEND,0.0083333333333333,2013-11-01 21:00:00+00:00,2013-11-04 22:00:00+00:00,73.0,70,3.0,23,21,44,43,44,0.686342557262698,-0.2413882164206739,0.2192533969051595,4.128004642464913,4.128004642464913,23.0,21.0,44.0,0.686342557262698,0.0026233933964098545
2013-11-04,DEVELOPMENT,REGULAR,0.0027397260273972,2013-11-04 22:00:00+00:00,2013-11-05 22:00:00+00:00,24.0,25,1.0,0,0,0,0,0,0.0,-0.0467323604053717,0.0295922333706641,3.797267442254174,3.797267442254174,0.0,0.0,0.0,0.0,0.0
2013-11-05,DEVELOPMENT,REGULAR,0.0027397260273972,2013-11-05 22:00:00+00:00,2013-11-06 22:00:00+00:00,24.0,25,1.0,0,0,0,0,0,0.0,-0.1483698630597416,0.1313440171513207,3.305746307896096,3.305746307896096,0.0,0.0,0.0,0.0,0.0
2013-11-06,DEVELOPMENT,REGULAR,0.0027397260273972,2013-11-06 22:00:00+00:00,2013-11-07 22:00:00+00:00,24.0,25,1.0,0,0,0,0,0,0.0,0.6451375125243857,-0.6706467393710085,4.73504720518949,4.73504720518949,0.0,0.0,0.0,0.0,0.0
2013-11-07,DEVELOPMENT,REGULAR,0.0027397260273972,2013-11-07 22:00:00+00:00,2013-11-08 22:00:00+00:00,24.0,25,1.0,0,0,0,0,0,0.0,-0.1376469782009053,0.1239800337930177,2.438303080364262,2.438303080364262,0.0,0.0,0.0,0.0,0.0
2013-11-08,DEVELOPMENT,EXTENDED_WEEKEND,0.0082191780821917,2013-11-08 22:00:00+00:00,2013-11-11 22:00:00+00:00,72.0,73,1.0,24,24,48,48,48,0.2409611035842105,-0.2895838889953097,0.2696364557966859,3.477683764029143,3.477683764029143,24.0,24.0,48.0,0.2409611035842105,0.0013237818880801953
2013-11-11,DEVELOPMENT,REGULAR,0.0027397260273972,2013-11-11 22:00:00+00:00,2013-11-12 22:00:00+00:00,24.0,25,1.0,0,0,0,0,0,0.0,-0.0231033950643819,0.0060979312801521,2.166842831530215,2.166842831530215,0.0,0.0,0.0,0.0,0.0
2013-11-12,DEVELOPMENT,REGULAR,0.0027397260273972,2013-11-12 22:00:00+00:00,2013-11-13 22:00:00+00:00,24.0,25,1.0,0,0,0,0,0,0.0,-0.1737875745799044,0.1549285112430141,3.6235557666432703,3.6235557666432703,0.0,0.0,0.0,0.0,0.0
2013-11-13,DEVELOPMENT,REGULAR,0.0027397260273972,2013-11-13 22:00:00+00:00,2013-11-14 22:00:00+00:00,24.0,25,1.0,0,0,0,0,0,0.0,-0.0150097806005078,0.0008177476905046,2.213771688277017,2.213771688277017,0.0,0.0,0.0,0.0,0.0
2013-11-14,DEVELOPMENT,REGULAR,0.0027397260273972,2013-11-14 22:00:00+00:00,2013-11-15 22:00:00+00:00,24.0,25,1.0,0,0,0,0,0,0.0,-0.1229745714854999,0.0835397734256702,3.500982041372141,3.500982041372141,0.0,0.0,0.0,0.0,0.0
2013-11-15,DEVELOPMENT,EXTENDED_WEEKEND,0.0082191780821917,2013-11-15 22:00:00+00:00,2013-11-18 22:00:00+00:00,72.0,73,1.0,24,24,47,47,48,0.21148140062546453,-0.1491241589380507,0.1196520170704218,5.156362588801295,5.156362588801295,24.0,24.0,48.0,0.21148140062546453,0.0007970124360957829
2013-11-18,DEVELOPMENT,REGULAR,0.0027397260273972,2013-11-18 22:00:00+00:00,2013-11-19 22:00:00+00:00,24.0,25,1.0,0,0,0,0,0,0.0,-0.0192918856363348,-0.0063622008362926,4.548334402230305,4.548334402230305,0.0,0.0,0.0,0.0,0.0
2013-11-19,DEVELOPMENT,REGULAR,0.0027397260273972,2013-11-19 22:00:00+00:00,2013-11-20 22:00:00+00:00,24.0,25,1.0,0,0,0,0,0,0.0,-0.2972711307760818,0.2804588611599286,3.4739739532776404,3.4739739532776404,0.0,0.0,0.0,0.0,0.0
2013-11-20,DEVELOPMENT,REGULAR,0.0027397260273972,2013-11-20 22:00:00+00:00,2013-11-21 22:00:00+00:00,24.0,25,1.0,0,0,0,0,0,0.0,-0.0381712964946956,0.0241600766786262,2.1426171037350263,2.1426171037350263,0.0,0.0,0.0,0.0,0.0
2013-11-21,DEVELOPMENT,REGULAR,0.0027397260273972,2013-11-21 22:00:00+00:00,2013-11-22 22:00:00+00:00,24.0,25,1.0,0,0,1,0,0,0.0,-0.2350841017342446,0.2038419194366696,3.952702434480607,3.952702434480607,0.0,0.0,0.0,0.0,0.0
2013-11-22,DEVELOPMENT,EXTENDED_WEEKEND,0.0082191780821917,2013-11-22 22:00:00+00:00,2013-11-25 22:00:00+00:00,72.0,73,1.0,24,24,47,47,48,0.11993165713150299,-0.0918398783159091,0.0770384878483128,2.512543310518856,2.512543310518856,24.0,24.0,48.0,0.11993165713150299,0.00081444314741555
2013-11-25,DEVELOPMENT,REGULAR,0.0027397260273972,2013-11-25 22:00:00+00:00,2013-11-26 22:00:00+00:00,24.0,25,1.0,0,0,0,0,0,0.0,-0.0413148505282379,0.015097150724344,3.9518573038655984,3.9518573038655984,0.0,0.0,0.0,0.0,0.0
2013-11-26,DEVELOPMENT,REGULAR,0.0027397260273972,2013-11-26 22:00:00+00:00,2013-11-27 22:00:00+00:00,24.0,25,1.0,0,0,0,0,0,0.0,-0.0532252609359176,0.0431324930585219,2.580817179000835,2.580817179000835,0.0,0.0,0.0,0.0,0.0
2013-11-27,DEVELOPMENT,REGULAR,0.0027397260273972,2013-11-27 22:00:00+00:00,2013-11-28 22:00:00+00:00,24.0,25,1.0,0,0,0,0,0,0.0,-0.2099934823905442,0.1805505923106949,3.521806105366592,3.521806105366592,0.0,0.0,0.0,0.0,0.0
2013-11-28,DEVELOPMENT,REGULAR,0.0027397260273972,2013-11-28 22:00:00+00:00,2013-11-29 22:00:00+00:00,24.0,25,1.0,0,0,1,0,0,0.0,-0.2302497943798442,0.1775443608036582,3.0835981454857424,3.0835981454857424,0.0,0.0,0.0,0.0,0.0
2013-11-29,DEVELOPMENT,EXTENDED_WEEKEND,0.0082191780821917,2013-11-29 22:00:00+00:00,2013-12-02 22:00:00+00:00,72.0,72,2.0,23,24,47,47,47,0.10845809167527817,-0.1775281159158339,0.1607909170467749,3.018190095618223,3.018190095618223,23.0,24.0,47.0,0.10845809167527817,0.000491702730558429
2013-12-02,DEVELOPMENT,REGULAR,0.0027397260273972,2013-12-02 22:00:00+00:00,2013-12-03 22:00:00+00:00,24.0,25,1.0,0,0,0,0,0,0.0,0.0859246678464273,-0.109406016209121,3.923008593864924,3.923008593864924,0.0,0.0,0.0,0.0,0.0
2013-12-03,DEVELOPMENT,REGULAR,0.0027397260273972,2013-12-03 22:00:00+00:00,2013-12-04 22:00:00+00:00,24.0,25,1.0,0,0,0,0,0,0.0,0.3006015803467647,-0.3277370017226531,6.40965716147368,6.40965716147368,0.0,0.0,0.0,0.0,0.0
2013-12-04,DEVELOPMENT,REGULAR,0.0027397260273972,2013-12-04 22:00:00+00:00,2013-12-05 22:00:00+00:00,24.0,25,1.0,0,0,0,0,0,0.0,-0.1200348686359831,0.1108756017119816,3.029572948054064,3.029572948054064,0.0,0.0,0.0,0.0,0.0
2013-12-05,DEVELOPMENT,REGULAR,0.0027397260273972,2013-12-05 22:00:00+00:00,2013-12-06 22:00:00+00:00,24.0,25,1.0,0,0,0,0,0,0.0,-0.309472406989812,0.27491847226608,2.297637913903855,2.297637913903855,0.0,0.0,0.0,0.0,0.0
2013-12-06,DEVELOPMENT,EXTENDED_WEEKEND,0.0082191780821917,2013-12-06 22:00:00+00:00,2013-12-09 22:00:00+00:00,72.0,73,1.0,24,24,47,47,48,0.49923808777270756,-0.2296990008042883,0.2102619747824974,3.422027768522828,3.422027768522828,24.0,24.0,48.0,0.49923808777270756,0.0017686117574882646
2013-12-09,DEVELOPMENT,REGULAR,0.0027397260273972,2013-12-09 22:00:00+00:00,2013-12-10 22:00:00+00:00,24.0,25,1.0,0,0,0,0,0,0.0,-0.0216357248277176,0.0088145077099284,3.491326318540774,3.491326318540774,0.0,0.0,0.0,0.0,0.0
2013-12-10,DEVELOPMENT,REGULAR,0.0027397260273972,2013-12-10 22:00:00+00:00,2013-12-11 22:00:00+00:00,24.0,25,1.0,0,0,0,0,0,0.0,0.0145038773179351,-0.0328799649511637,4.125905446165082,4.125905446165082,0.0,0.0,0.0,0.0,0.0
2013-12-11,DEVELOPMENT,REGULAR,0.0027397260273972,2013-12-11 22:00:00+00:00,2013-12-12 22:00:00+00:00,24.0,25,1.0,0,0,0,0,0,0.0,-0.0398488858350134,0.0209269012973294,3.0737659584068564,3.0737659584068564,0.0,0.0,0.0,0.0,0.0
2013-12-12,DEVELOPMENT,REGULAR,0.0027397260273972,2013-12-12 22:00:00+00:00,2013-12-13 22:00:00+00:00,24.0,25,1.0,0,0,0,0,0,0.0,-0.2287680167966499,0.1353413660795155,3.6640560900491295,3.6640560900491295,0.0,0.0,0.0,0.0,0.0
2013-12-13,DEVELOPMENT,EXTENDED_WEEKEND,0.0082191780821917,2013-12-13 22:00:00+00:00,2013-12-16 22:00:00+00:00,72.0,72,2.0,23,24,48,47,47,0.14852046985312614,-0.2488509999601795,0.2208919637753474,4.622089994215333,4.622089994215333,23.0,24.0,47.0,0.14852046985312614,0.0006670552157406482
2013-12-16,DEVELOPMENT,REGULAR,0.0027397260273972,2013-12-16 22:00:00+00:00,2013-12-17 22:00:00+00:00,24.0,25,1.0,0,0,0,0,0,0.0,-0.1548153091653432,0.1381383175442749,2.639728885957194,2.639728885957194,0.0,0.0,0.0,0.0,0.0
2013-12-17,DEVELOPMENT,REGULAR,0.0027397260273972,2013-12-17 22:00:00+00:00,2013-12-18 22:00:00+00:00,24.0,25,1.0,0,0,0,0,0,0.0,0.1556243006834847,-0.2006794481692253,3.494919468284669,3.494919468284669,0.0,0.0,0.0,0.0,0.0
2013-12-18,DEVELOPMENT,REGULAR,0.0027397260273972,2013-12-18 22:00:00+00:00,2013-12-19 22:00:00+00:00,24.0,25,1.0,0,0,0,0,0,0.0,-0.4256655595098522,0.4151194766166348,2.385239917918563,2.385239917918563,0.0,0.0,0.0,0.0,0.0
2013-12-19,DEVELOPMENT,REGULAR,0.0027397260273972,2013-12-19 22:00:00+00:00,2013-12-20 22:00:00+00:00,24.0,25,1.0,0,0,0,0,0,0.0,-0.3332579467700611,0.2214407093896397,3.0564557671540165,3.0564557671540165,0.0,0.0,0.0,0.0,0.0
2013-12-20,DEVELOPMENT,EXTENDED_WEEKEND,0.0082191780821917,2013-12-20 22:00:00+00:00,2013-12-23 22:00:00+00:00,72.0,73,1.0,24,24,48,48,48,0.09789779189110628,-0.4267135737772278,0.4123206831471329,2.8408533964658544,2.8408533964658544,24.0,24.0,48.0,0.09789779189110628,0.0006010181108774416
2013-12-23,DEVELOPMENT,REGULAR,0.0027397260273972,2013-12-23 22:00:00+00:00,2013-12-24 22:00:00+00:00,24.0,25,1.0,0,0,0,0,0,0.0,-0.1956213918428915,0.101301694096179,3.318220537945844,3.318220537945844,0.0,0.0,0.0,0.0,0.0
2013-12-24,DEVELOPMENT,REGULAR,0.0027397260273972,2013-12-24 22:00:00+00:00,2013-12-25 22:00:00+00:00,24.0,25,1.0,0,0,13,13,0,0.0,-0.1755822135295801,0.1185486841363285,2.321998472285706,2.321998472285706,0.0,0.0,0.0,0.0,0.0
2013-12-25,DEVELOPMENT,REGULAR,0.0027397260273972,2013-12-25 22:00:00+00:00,2013-12-26 22:00:00+00:00,24.0,25,1.0,0,0,0,0,0,0.0,-0.0155400425553864,-0.0109968531853894,2.310915228507404,2.310915228507404,0.0,0.0,0.0,0.0,0.0
2013-12-26,DEVELOPMENT,REGULAR,0.0027397260273972,2013-12-26 22:00:00+00:00,2013-12-27 22:00:00+00:00,24.0,25,1.0,0,0,0,0,0,0.0,-0.1882113406128098,0.1171754711962904,3.3037516926723764,3.3037516926723764,0.0,0.0,0.0,0.0,0.0
2013-12-27,DEVELOPMENT,EXTENDED_WEEKEND,0.0082191780821917,2013-12-27 22:00:00+00:00,2013-12-30 22:00:00+00:00,72.0,73,1.0,24,24,47,47,48,0.3309444063499689,-0.3348458181273486,0.3183904644524062,3.9138620263784176,3.9138620263784176,24.0,24.0,48.0,0.3309444063499689,0.001173146177850382
2013-12-30,DEVELOPMENT,REGULAR,0.0027397260273972,2013-12-30 22:00:00+00:00,2013-12-31 22:00:00+00:00,24.0,25,1.0,0,0,0,0,0,0.0,-0.0828914798226065,-0.0291906146734817,4.468079867696379,4.468079867696379,0.0,0.0,0.0,0.0,0.0
2013-12-31,DEVELOPMENT,REGULAR,0.0027397260273972,2013-12-31 22:00:00+00:00,2014-01-01 22:00:00+00:00,24.0,25,1.0,0,0,24,24,0,0.0,-0.2719329280126727,0.2716696697040264,0.0025809638102587,0.0025809638102587,0.0,0.0,0.0,0.0,0.0
2014-01-01,DEVELOPMENT,REGULAR,0.0027397260273972,2014-01-01 22:00:00+00:00,2014-01-02 22:00:00+00:00,24.0,25,1.0,0,0,0,0,0,0.0,0.0857717035321599,-0.1263909874042497,3.427909969218052,3.427909969218052,0.0,0.0,0.0,0.0,0.0
2014-01-02,DEVELOPMENT,REGULAR,0.0027397260273972,2014-01-02 22:00:00+00:00,2014-01-03 22:00:00+00:00,24.0,25,1.0,0,0,0,0,0,0.0,0.0005944961750721,-0.0148385376572885,2.502025645544454,2.502025645544454,0.0,0.0,0.0,0.0,0.0
2014-01-03,DEVELOPMENT,EXTENDED_WEEKEND,0.0082191780821917,2014-01-03 22:00:00+00:00,2014-01-06 22:00:00+00:00,72.0,70,3.0,24,21,45,45,45,0.005130146015094579,0.053778441973094,-0.0807423670857332,4.307828525177964,4.307828525177964,24.0,21.0,45.0,0.005130146015094579,2.78983561405907e-05
2014-01-06,DEVELOPMENT,REGULAR,0.0027397260273972,2014-01-06 22:00:00+00:00,2014-01-07 22:00:00+00:00,24.0,25,1.0,0,0,0,0,0,0.0,-0.0967168817028607,0.0640461947771768,3.366621208995085,3.366621208995085,0.0,0.0,0.0,0.0,0.0
2014-01-07,DEVELOPMENT,REGULAR,0.0027397260273972,2014-01-07 22:00:00+00:00,2014-01-08 22:00:00+00:00,24.0,25,1.0,0,0,0,0,0,0.0,-0.1087939582871797,0.0724897490015905,2.9954008283284974,2.9954008283284974,0.0,0.0,0.0,0.0,0.0
2014-01-08,DEVELOPMENT,REGULAR,0.0027397260273972,2014-01-08 22:00:00+00:00,2014-01-09 22:00:00+00:00,24.0,25,1.0,0,0,0,0,0,0.0,-0.2266705118796608,0.2118698947629482,3.36595834093879,3.36595834093879,0.0,0.0,0.0,0.0,0.0
2014-01-09,DEVELOPMENT,REGULAR,0.0027397260273972,2014-01-09 22:00:00+00:00,2014-01-10 22:00:00+00:00,24.0,25,1.0,0,0,0,0,0,0.0,-0.0054955137307217,-0.0174888682000329,2.8588927776444875,2.8588927776444875,0.0,0.0,0.0,0.0,0.0
2014-01-10,DEVELOPMENT,EXTENDED_WEEKEND,0.0082191780821917,2014-01-10 22:00:00+00:00,2014-01-13 22:00:00+00:00,72.0,73,1.0,24,24,48,48,48,0.2205471273785496,-0.0117726404591422,-0.0054906194153403,2.2599941076119885,2.2599941076119885,24.0,24.0,48.0,0.2205471273785496,0.001213436175017585
2014-01-13,DEVELOPMENT,REGULAR,0.0027397260273972,2014-01-13 22:00:00+00:00,2014-01-14 22:00:00+00:00,24.0,25,1.0,0,0,1,1,0,0.0,-0.034591466831074,0.0176545489202055,2.436906235512773,2.436906235512773,0.0,0.0,0.0,0.0,0.0
2014-01-14,DEVELOPMENT,REGULAR,0.0027397260273972,2014-01-14 22:00:00+00:00,2014-01-15 22:00:00+00:00,24.0,25,1.0,0,0,0,0,0,0.0,-0.0478573413524827,0.0277669911625224,3.975176985287191,3.975176985287191,0.0,0.0,0.0,0.0,0.0
2014-01-15,DEVELOPMENT,REGULAR,0.0027397260273972,2014-01-15 22:00:00+00:00,2014-01-16 22:00:00+00:00,24.0,25,1.0,0,0,0,0,0,0.0,-0.1171704075779302,0.0973240834014603,3.511816881771183,3.511816881771183,0.0,0.0,0.0,0.0,0.0
2014-01-16,DEVELOPMENT,REGULAR,0.0027397260273972,2014-01-16 22:00:00+00:00,2014-01-17 22:00:00+00:00,24.0,25,1.0,0,0,0,0,0,0.0,-0.3326703676782614,0.259112614052249,2.701193191099277,2.701193191099277,0.0,0.0,0.0,0.0,0.0
2014-01-17,DEVELOPMENT,EXTENDED_WEEKEND,0.0082191780821917,2014-01-17 22:00:00+00:00,2014-01-20 22:00:00+00:00,72.0,72,2.0,24,23,46,46,47,0.06272021161374279,-0.076947282426083,0.0442257411521609,4.263777481057021,4.263777481057021,24.0,23.0,47.0,0.06272021161374279,0.0016930780639066688
2014-01-20,DEVELOPMENT,REGULAR,0.0027397260273972,2014-01-20 22:00:00+00:00,2014-01-21 22:00:00+00:00,24.0,25,1.0,0,0,0,0,0,0.0,-0.0239530322065775,0.0010292561106126,4.182271700313693,4.182271700313693,0.0,0.0,0.0,0.0,0.0
2014-01-21,DEVELOPMENT,REGULAR,0.0027397260273972,2014-01-21 22:00:00+00:00,2014-01-22 22:00:00+00:00,24.0,25,1.0,0,0,0,0,0,0.0,-0.0106383376413248,-0.0157311333344551,5.140425623256984,5.140425623256984,0.0,0.0,0.0,0.0,0.0
2014-01-22,DEVELOPMENT,REGULAR,0.0027397260273972,2014-01-22 22:00:00+00:00,2014-01-23 22:00:00+00:00,24.0,25,1.0,0,0,0,0,0,0.0,0.0228150990280937,-0.0378296021298751,3.366534966818036,3.366534966818036,0.0,0.0,0.0,0.0,0.0
2014-01-23,DEVELOPMENT,REGULAR,0.0027397260273972,2014-01-23 22:00:00+00:00,2014-01-24 22:00:00+00:00,24.0,25,1.0,0,0,0,0,0,0.0,0.0217839377778403,-0.1610812373994292,3.232922725297517,3.232922725297517,0.0,0.0,0.0,0.0,0.0
2014-01-24,DEVELOPMENT,EXTENDED_WEEKEND,0.0082191780821917,2014-01-24 22:00:00+00:00,2014-01-27 22:00:00+00:00,72.0,72,2.0,23,24,46,46,47,0.6063441960705908,0.1087249053365866,-0.1566637101421975,7.165088372577578,7.165088372577578,23.0,24.0,47.0,0.6063441960705908,0.003537883752595126
2014-01-27,DEVELOPMENT,REGULAR,0.0027397260273972,2014-01-27 22:00:00+00:00,2014-01-28 22:00:00+00:00,24.0,25,1.0,0,0,0,0,0,0.0,-0.111417483053529,0.0933776452488359,3.079755658108324,3.079755658108324,0.0,0.0,0.0,0.0,0.0
2014-01-28,DEVELOPMENT,REGULAR,0.0027397260273972,2014-01-28 22:00:00+00:00,2014-01-29 22:00:00+00:00,24.0,25,1.0,0,0,0,0,0,0.0,0.1960478663536662,-0.2208362694516381,4.165007604906362,4.165007604906362,0.0,0.0,0.0,0.0,0.0
2014-01-29,DEVELOPMENT,REGULAR,0.0027397260273972,2014-01-29 22:00:00+00:00,2014-01-30 22:00:00+00:00,24.0,25,1.0,0,0,0,0,0,0.0,-0.0941418635773772,0.0640047165428683,3.606684126521836,3.606684126521836,0.0,0.0,0.0,0.0,0.0
2014-01-30,DEVELOPMENT,REGULAR,0.0027397260273972,2014-01-30 22:00:00+00:00,2014-01-31 22:00:00+00:00,24.0,25,1.0,0,0,0,0,0,0.0,-0.0377939188744989,-0.0921997186959799,3.6322609907035615,3.6322609907035615,0.0,0.0,0.0,0.0,0.0
2014-02-03,DEVELOPMENT,REGULAR,0.0027397260273972,2014-02-03 22:00:00+00:00,2014-02-04 22:00:00+00:00,24.0,25,1.0,0,0,0,0,0,0.0,0.0005468304836426,-0.0213105073977715,3.648426906480106,3.648426906480106,0.0,0.0,0.0,0.0,0.0
2014-02-04,DEVELOPMENT,REGULAR,0.0027397260273972,2014-02-04 22:00:00+00:00,2014-02-05 22:00:00+00:00,24.0,25,1.0,0,0,0,0,0,0.0,-0.082735466544932,0.0528309068555898,3.585724922595208,3.585724922595208,0.0,0.0,0.0,0.0,0.0
2014-02-05,DEVELOPMENT,REGULAR,0.0027397260273972,2014-02-05 22:00:00+00:00,2014-02-06 22:00:00+00:00,24.0,25,1.0,0,0,0,0,0,0.0,0.049441206062454,-0.0715706292141362,4.076551419852242,4.076551419852242,0.0,0.0,0.0,0.0,0.0
2014-02-06,DEVELOPMENT,REGULAR,0.0027397260273972,2014-02-06 22:00:00+00:00,2014-02-07 22:00:00+00:00,24.0,25,1.0,0,0,0,0,0,0.0,-0.4648958123449773,0.4098367479346265,3.057913414536381,3.057913414536381,0.0,0.0,0.0,0.0,0.0
2014-02-07,DEVELOPMENT,EXTENDED_WEEKEND,0.0082191780821917,2014-02-07 22:00:00+00:00,2014-02-10 22:00:00+00:00,72.0,73,1.0,24,24,48,48,48,0.5074855787347332,-0.2595948522427562,0.2364445769111682,4.221329272910272,4.221329272910272,24.0,24.0,48.0,0.5074855787347332,0.0020723750741846233
2014-02-10,DEVELOPMENT,REGULAR,0.0027397260273972,2014-02-10 22:00:00+00:00,2014-02-11 22:00:00+00:00,24.0,25,1.0,0,0,0,0,0,0.0,-0.1209549116437642,0.0899615801023117,3.439597779474658,3.439597779474658,0.0,0.0,0.0,0.0,0.0
2014-02-11,DEVELOPMENT,REGULAR,0.0027397260273972,2014-02-11 22:00:00+00:00,2014-02-12 22:00:00+00:00,24.0,25,1.0,0,0,0,0,0,0.0,-0.2333237628369033,0.2149976274630205,2.973520845695175,2.973520845695175,0.0,0.0,0.0,0.0,0.0
2014-02-12,DEVELOPMENT,REGULAR,0.0027397260273972,2014-02-12 22:00:00+00:00,2014-02-13 22:00:00+00:00,24.0,25,1.0,0,0,0,0,0,0.0,-0.0379995091349201,0.0189766752150717,2.7317595864549817,2.7317595864549817,0.0,0.0,0.0,0.0,0.0
2014-02-13,DEVELOPMENT,REGULAR,0.0027397260273972,2014-02-13 22:00:00+00:00,2014-02-14 22:00:00+00:00,24.0,25,1.0,0,0,0,0,0,0.0,-0.1149360733127338,0.0693599422213822,3.094926967688567,3.094926967688567,0.0,0.0,0.0,0.0,0.0
2014-02-14,DEVELOPMENT,EXTENDED_WEEKEND,0.0082191780821917,2014-02-14 22:00:00+00:00,2014-02-17 22:00:00+00:00,72.0,73,1.0,24,24,48,48,48,0.23255815093295434,-0.1429705751654779,0.1036851448951097,4.559932764828341,4.559932764828341,24.0,24.0,48.0,0.23255815093295434,0.0011725160780944922
2014-02-17,DEVELOPMENT,REGULAR,0.0027397260273972,2014-02-17 22:00:00+00:00,2014-02-18 22:00:00+00:00,24.0,25,1.0,0,0,0,0,0,0.0,0.1346569508349375,-0.1557883067566194,3.0732506460285784,3.0732506460285784,0.0,0.0,0.0,0.0,0.0
2014-02-18,DEVELOPMENT,REGULAR,0.0027397260273972,2014-02-18 22:00:00+00:00,2014-02-19 22:00:00+00:00,24.0,25,1.0,0,0,0,0,0,0.0,-0.2132296979253283,0.1963248620295701,3.774400066431538,3.774400066431538,0.0,0.0,0.0,0.0,0.0
2014-02-19,DEVELOPMENT,REGULAR,0.0027397260273972,2014-02-19 22:00:00+00:00,2014-02-20 22:00:00+00:00,24.0,25,1.0,0,0,0,0,0,0.0,-0.2226962597102968,0.2133133216851219,2.477742574072568,2.477742574072568,0.0,0.0,0.0,0.0,0.0
2014-02-20,DEVELOPMENT,REGULAR,0.0027397260273972,2014-02-20 22:00:00+00:00,2014-02-21 22:00:00+00:00,24.0,25,1.0,0,0,0,0,0,0.0,-0.1505395036056995,0.0738263992252541,2.989742095705703,2.989742095705703,0.0,0.0,0.0,0.0,0.0
2014-02-21,DEVELOPMENT,EXTENDED_WEEKEND,0.0082191780821917,2014-02-21 22:00:00+00:00,2014-02-24 22:00:00+00:00,72.0,72,2.0,23,24,47,47,47,0.1647936360264159,-0.239728931098611,0.216739848367041,4.753270050831508,4.753270050831508,23.0,24.0,47.0,0.1647936360264159,0.0006026788341149004
2014-02-24,DEVELOPMENT,REGULAR,0.0027397260273972,2014-02-24 22:00:00+00:00,2014-02-25 22:00:00+00:00,24.0,25,1.0,0,0,0,0,0,0.0,-0.1090078633276334,0.0938371982160219,2.588776982990723,2.588776982990723,0.0,0.0,0.0,0.0,0.0
2014-02-25,DEVELOPMENT,REGULAR,0.0027397260273972,2014-02-25 22:00:00+00:00,2014-02-26 22:00:00+00:00,24.0,25,1.0,0,0,0,0,0,0.0,0.0502075881462218,-0.0893959040457161,4.635405877887648,4.635405877887648,0.0,0.0,0.0,0.0,0.0
2014-02-26,DEVELOPMENT,REGULAR,0.0027397260273972,2014-02-26 22:00:00+00:00,2014-02-27 22:00:00+00:00,24.0,25,1.0,0,0,0,0,0,0.0,0.0596079843117109,-0.0750059741870643,3.5385774990185395,3.5385774990185395,0.0,0.0,0.0,0.0,0.0
2014-02-27,DEVELOPMENT,REGULAR,0.0027397260273972,2014-02-27 22:00:00+00:00,2014-02-28 22:00:00+00:00,24.0,25,1.0,0,0,0,0,0,0.0,0.0774975966835995,-0.2051545851068112,5.111361977962796,5.111361977962796,0.0,0.0,0.0,0.0,0.0
2014-02-28,DEVELOPMENT,EXTENDED_WEEKEND,0.0082191780821917,2014-02-28 22:00:00+00:00,2014-03-03 22:00:00+00:00,72.0,67,4.0,22,20,41,41,42,0.7116468806540855,-0.0725373252310959,0.0561093383637967,2.3886321765010683,2.3886321765010683,22.0,20.0,42.0,0.7116468806540855,0.00294799843103387
2014-03-03,DEVELOPMENT,REGULAR,0.0027397260273972,2014-03-03 22:00:00+00:00,2014-03-04 22:00:00+00:00,24.0,25,1.0,0,0,0,0,0,0.0,-0.059897606994312,0.0479124740913334,2.480198224330671,2.480198224330671,0.0,0.0,0.0,0.0,0.0
2014-03-04,DEVELOPMENT,REGULAR,0.0027397260273972,2014-03-04 22:00:00+00:00,2014-03-05 22:00:00+00:00,24.0,25,1.0,0,0,0,0,0,0.0,-0.1949355126044736,0.1783005899095116,2.8900716603966323,2.8900716603966323,0.0,0.0,0.0,0.0,0.0
2014-03-05,DEVELOPMENT,REGULAR,0.0027397260273972,2014-03-05 22:00:00+00:00,2014-03-06 22:00:00+00:00,24.0,25,1.0,0,0,0,0,0,0.0,-0.0179617865434096,0.0057572044611475,2.2338609863506327,2.2338609863506327,0.0,0.0,0.0,0.0,0.0
2014-03-06,DEVELOPMENT,REGULAR,0.0027397260273972,2014-03-06 22:00:00+00:00,2014-03-07 22:00:00+00:00,24.0,25,1.0,0,0,0,0,0,0.0,0.1139822332893061,-0.1543113641862845,3.5667189601097364,3.5667189601097364,0.0,0.0,0.0,0.0,0.0
2014-03-07,DEVELOPMENT,EXTENDED_WEEKEND,0.0081050228310502,2014-03-07 22:00:00+00:00,2014-03-10 21:00:00+00:00,71.0,72,1.0,24,24,47,47,48,0.3480198460101712,-0.3236712214429857,0.3071187631132801,3.995894685284021,3.995894685284021,24.0,24.0,48.0,0.3480198460101712,0.0021227012365731485
2014-03-10,DEVELOPMENT,REGULAR,0.0027397260273972,2014-03-10 21:00:00+00:00,2014-03-11 21:00:00+00:00,24.0,25,1.0,0,0,0,0,0,0.0,-0.162962097700003,0.1507114256873478,3.832104270125201,3.832104270125201,0.0,0.0,0.0,0.0,0.0
2014-03-11,DEVELOPMENT,REGULAR,0.0027397260273972,2014-03-11 21:00:00+00:00,2014-03-12 21:00:00+00:00,24.0,25,1.0,0,0,0,0,0,0.0,-0.0675607402436213,0.0524832961989432,3.3912316985021813,3.3912316985021813,0.0,0.0,0.0,0.0,0.0
2014-03-12,DEVELOPMENT,REGULAR,0.0027397260273972,2014-03-12 21:00:00+00:00,2014-03-13 21:00:00+00:00,24.0,25,1.0,0,0,0,0,0,0.0,0.0514691718465485,-0.0694289272946662,3.794016918951536,3.794016918951536,0.0,0.0,0.0,0.0,0.0
2014-03-13,DEVELOPMENT,REGULAR,0.0027397260273972,2014-03-13 21:00:00+00:00,2014-03-14 21:00:00+00:00,24.0,25,1.0,0,0,0,0,0,0.0,-0.0724210869579451,0.0178703686806187,3.1247775967031277,3.1247775967031277,0.0,0.0,0.0,0.0,0.0
2014-03-14,DEVELOPMENT,EXTENDED_WEEKEND,0.0082191780821917,2014-03-14 21:00:00+00:00,2014-03-17 21:00:00+00:00,72.0,73,1.0,24,24,48,47,48,0.14358957263904934,-0.3019469336557989,0.2894710786290346,3.1611848604938224,3.1611848604938224,24.0,24.0,48.0,0.14358957263904934,0.0006387751152888517
2014-03-17,DEVELOPMENT,REGULAR,0.0027397260273972,2014-03-17 21:00:00+00:00,2014-03-18 21:00:00+00:00,24.0,25,1.0,0,0,0,0,0,0.0,0.0806395567026214,-0.0996785777047932,4.307619989530185,4.307619989530185,0.0,0.0,0.0,0.0,0.0
2014-03-18,DEVELOPMENT,REGULAR,0.0027397260273972,2014-03-18 21:00:00+00:00,2014-03-19 21:00:00+00:00,24.0,25,1.0,0,0,0,0,0,0.0,-0.0022481186343981,-0.0194939300793919,3.528149303232478,3.528149303232478,0.0,0.0,0.0,0.0,0.0
2014-03-19,DEVELOPMENT,REGULAR,0.0027397260273972,2014-03-19 21:00:00+00:00,2014-03-20 21:00:00+00:00,24.0,25,1.0,0,0,0,0,0,0.0,-0.2186813106926166,0.2073477861175092,3.347569406970716,3.347569406970716,0.0,0.0,0.0,0.0,0.0
2014-03-20,DEVELOPMENT,REGULAR,0.0027397260273972,2014-03-20 21:00:00+00:00,2014-03-21 21:00:00+00:00,24.0,25,1.0,0,0,1,0,0,0.0,-0.0704979524941507,0.0246486550026929,4.2807622719427,4.2807622719427,0.0,0.0,0.0,0.0,0.0
2014-03-21,DEVELOPMENT,EXTENDED_WEEKEND,0.0082191780821917,2014-03-21 21:00:00+00:00,2014-03-24 21:00:00+00:00,72.0,73,1.0,24,24,47,47,48,0.15977463029647887,-0.0741670723812149,0.0505279337595538,6.047652055937545,6.047652055937545,24.0,24.0,48.0,0.15977463029647887,0.0018661812514483463
2014-03-24,DEVELOPMENT,REGULAR,0.0027397260273972,2014-03-24 21:00:00+00:00,2014-03-25 21:00:00+00:00,24.0,25,1.0,0,0,0,0,0,0.0,-0.1778850191663359,0.1695139417582893,3.0059043129648675,3.0059043129648675,0.0,0.0,0.0,0.0,0.0
2014-03-25,DEVELOPMENT,REGULAR,0.0027397260273972,2014-03-25 21:00:00+00:00,2014-03-26 21:00:00+00:00,24.0,25,1.0,0,0,0,0,0,0.0,0.0052326959169306,-0.0461972372142014,4.006241182663221,4.006241182663221,0.0,0.0,0.0,0.0,0.0
2014-03-26,DEVELOPMENT,REGULAR,0.0027397260273972,2014-03-26 21:00:00+00:00,2014-03-27 21:00:00+00:00,24.0,25,1.0,0,0,0,0,0,0.0,-0.072726636985152,0.0577580965566539,4.101649070175299,4.101649070175299,0.0,0.0,0.0,0.0,0.0
2014-03-27,DEVELOPMENT,REGULAR,0.0027397260273972,2014-03-27 21:00:00+00:00,2014-03-28 21:00:00+00:00,24.0,25,1.0,0,0,0,0,0,0.0,-0.0091604555663593,-0.0171154975425764,3.1179701200167136,3.1179701200167136,0.0,0.0,0.0,0.0,0.0
2014-03-28,DEVELOPMENT,EXTENDED_WEEKEND,0.0082191780821917,2014-03-28 21:00:00+00:00,2014-03-31 21:00:00+00:00,72.0,73,1.0,24,24,48,48,48,0.1869309305664787,-0.1446053098333237,0.1320657680868038,3.430103546459856,3.430103546459856,24.0,24.0,48.0,0.1869309305664787,0.0008648487001169693
2014-03-31,DEVELOPMENT,REGULAR,0.0027397260273972,2014-03-31 21:00:00+00:00,2014-04-01 21:00:00+00:00,24.0,25,1.0,0,0,0,0,0,0.0,-0.1617600431874066,0.1521820550632711,2.4723995455152763,2.4723995455152763,0.0,0.0,0.0,0.0,0.0
2014-04-01,DEVELOPMENT,REGULAR,0.0027397260273972,2014-04-01 21:00:00+00:00,2014-04-02 21:00:00+00:00,24.0,25,1.0,0,0,0,0,0,0.0,-0.1539765164069422,0.1414234624784711,3.5391760775617995,3.5391760775617995,0.0,0.0,0.0,0.0,0.0
2014-04-02,DEVELOPMENT,REGULAR,0.0027397260273972,2014-04-02 21:00:00+00:00,2014-04-03 21:00:00+00:00,24.0,25,1.0,0,0,0,0,0,0.0,-0.2425127200159664,0.2321462405525203,2.3510001505088978,2.3510001505088978,0.0,0.0,0.0,0.0,0.0
2014-04-03,DEVELOPMENT,REGULAR,0.0027397260273972,2014-04-03 21:00:00+00:00,2014-04-04 21:00:00+00:00,24.0,25,1.0,0,0,0,0,0,0.0,-0.3531094461778963,0.229815515505436,2.372436329346568,2.372436329346568,0.0,0.0,0.0,0.0,0.0
2014-04-04,DEVELOPMENT,EXTENDED_WEEKEND,0.0082191780821917,2014-04-04 21:00:00+00:00,2014-04-07 21:00:00+00:00,72.0,73,1.0,24,24,48,48,48,0.16288894988934327,-0.1482236965682091,0.1308411820264154,4.223288909215324,4.223288909215324,24.0,24.0,48.0,0.16288894988934327,0.0004472305229627344
2014-04-07,DEVELOPMENT,REGULAR,0.0027397260273972,2014-04-07 21:00:00+00:00,2014-04-08 21:00:00+00:00,24.0,25,1.0,0,0,0,0,0,0.0,-0.0314948262245167,0.0228460457990564,2.414377595728092,2.414377595728092,0.0,0.0,0.0,0.0,0.0
2014-04-08,DEVELOPMENT,REGULAR,0.0027397260273972,2014-04-08 21:00:00+00:00,2014-04-09 21:00:00+00:00,24.0,25,1.0,0,0,0,0,0,0.0,0.0352705200380114,-0.0512359430648103,5.365114128418,5.365114128418,0.0,0.0,0.0,0.0,0.0
2014-04-09,DEVELOPMENT,REGULAR,0.0027397260273972,2014-04-09 21:00:00+00:00,2014-04-10 21:00:00+00:00,24.0,25,1.0,0,0,0,0,0,0.0,0.0299360242289878,-0.0437546676004814,3.8227977426372015,3.8227977426372015,0.0,0.0,0.0,0.0,0.0
2014-04-10,DEVELOPMENT,REGULAR,0.0027397260273972,2014-04-10 21:00:00+00:00,2014-04-11 21:00:00+00:00,24.0,25,1.0,0,0,0,0,0,0.0,-0.1647131703611961,0.1359191191986468,4.395362599464119,4.395362599464119,0.0,0.0,0.0,0.0,0.0
2014-04-11,DEVELOPMENT,EXTENDED_WEEKEND,0.0082191780821917,2014-04-11 21:00:00+00:00,2014-04-14 21:00:00+00:00,72.0,73,1.0,24,24,48,48,48,0.3737966148494185,-0.1515641634750721,0.1360529967616202,4.656926787357357,4.656926787357357,24.0,24.0,48.0,0.3737966148494185,0.0012067562717290716
2014-04-14,DEVELOPMENT,REGULAR,0.0027397260273972,2014-04-14 21:00:00+00:00,2014-04-15 21:00:00+00:00,24.0,25,1.0,0,0,0,0,0,0.0,-0.000845542792109,-0.0088286396917216,3.611526628536014,3.611526628536014,0.0,0.0,0.0,0.0,0.0
2014-04-15,DEVELOPMENT,REGULAR,0.0027397260273972,2014-04-15 21:00:00+00:00,2014-04-16 21:00:00+00:00,24.0,25,1.0,0,0,0,0,0,0.0,-0.0498989382242456,0.0397335681235091,2.5306073192495333,2.5306073192495333,0.0,0.0,0.0,0.0,0.0
2014-04-16,DEVELOPMENT,REGULAR,0.0027397260273972,2014-04-16 21:00:00+00:00,2014-04-17 21:00:00+00:00,24.0,25,1.0,0,0,1,0,0,0.0,-0.0649824603090678,0.0429350919143871,3.9365166128027966,3.9365166128027966,0.0,0.0,0.0,0.0,0.0
2014-04-17,DEVELOPMENT,REGULAR,0.0027397260273972,2014-04-17 21:00:00+00:00,2014-04-18 21:00:00+00:00,24.0,25,1.0,0,0,1,0,0,0.0,-0.2130038417269801,0.1536593773353303,2.39871957967064,2.39871957967064,0.0,0.0,0.0,0.0,0.0
2014-04-18,DEVELOPMENT,EXTENDED_WEEKEND,0.0082191780821917,2014-04-18 21:00:00+00:00,2014-04-21 21:00:00+00:00,72.0,73,1.0,24,24,48,48,48,0.044995130818761386,-0.1325902493117752,0.1142157941117858,2.8314086455545757,2.8314086455545757,24.0,24.0,48.0,0.044995130818761386,0.00033133572807559687
2014-04-21,DEVELOPMENT,REGULAR,0.0027397260273972,2014-04-21 21:00:00+00:00,2014-04-22 21:00:00+00:00,24.0,25,1.0,0,0,0,0,0,0.0,-0.2507613674212336,0.241642529959341,2.2687604533241688,2.2687604533241688,0.0,0.0,0.0,0.0,0.0
2014-04-22,DEVELOPMENT,REGULAR,0.0027397260273972,2014-04-22 21:00:00+00:00,2014-04-23 21:00:00+00:00,24.0,25,1.0,0,0,0,0,0,0.0,-0.0265582752854669,0.0139082932148539,2.927867990831744,2.927867990831744,0.0,0.0,0.0,0.0,0.0
2014-04-23,DEVELOPMENT,REGULAR,0.0027397260273972,2014-04-23 21:00:00+00:00,2014-04-24 21:00:00+00:00,24.0,25,1.0,0,0,0,0,0,0.0,0.1656218060116145,-0.1766721006978571,4.391439001051615,4.391439001051615,0.0,0.0,0.0,0.0,0.0
2014-04-24,DEVELOPMENT,REGULAR,0.0027397260273972,2014-04-24 21:00:00+00:00,2014-04-25 21:00:00+00:00,24.0,25,1.0,0,0,0,0,0,0.0,-0.0749204171438293,0.0341211802844583,3.670367082648897,3.670367082648897,0.0,0.0,0.0,0.0,0.0
2014-04-25,DEVELOPMENT,EXTENDED_WEEKEND,0.0082191780821917,2014-04-25 21:00:00+00:00,2014-04-28 21:00:00+00:00,72.0,71,3.0,24,22,46,46,46,0.18973011022888125,-0.1244976298550426,0.1049679789328337,4.422187871326807,4.422187871326807,24.0,22.0,46.0,0.18973011022888125,0.000836425245793004
2014-04-28,DEVELOPMENT,REGULAR,0.0027397260273972,2014-04-28 21:00:00+00:00,2014-04-29 21:00:00+00:00,24.0,25,1.0,0,0,2,0,0,0.0,-0.1178244243081536,0.1079176235981975,2.90989962857075,2.90989962857075,0.0,0.0,0.0,0.0,0.0
2014-04-29,DEVELOPMENT,REGULAR,0.0027397260273972,2014-04-29 21:00:00+00:00,2014-04-30 21:00:00+00:00,24.0,25,1.0,0,0,0,0,0,0.0,-0.0648942198264208,0.0484536631864855,3.049807921525693,3.049807921525693,0.0,0.0,0.0,0.0,0.0
2014-04-30,DEVELOPMENT,REGULAR,0.0027397260273972,2014-04-30 21:00:00+00:00,2014-05-01 21:00:00+00:00,24.0,25,1.0,0,0,0,0,0,0.0,-0.202754165337808,0.1936255814003118,3.0051687706351364,3.0051687706351364,0.0,0.0,0.0,0.0,0.0
2014-05-01,DEVELOPMENT,REGULAR,0.0027397260273972,2014-05-01 21:00:00+00:00,2014-05-02 21:00:00+00:00,24.0,25,1.0,0,0,0,0,0,0.0,-0.0022677549531664,-0.0197262398732291,3.668654108212179,3.668654108212179,0.0,0.0,0.0,0.0,0.0
2014-05-02,DEVELOPMENT,EXTENDED_WEEKEND,0.0082191780821917,2014-05-02 21:00:00+00:00,2014-05-05 21:00:00+00:00,72.0,70,4.0,24,21,45,45,45,0.31425226985850724,-0.0759631324659722,0.0593325901730139,4.060000064301814,4.060000064301814,24.0,21.0,45.0,0.31425226985850724,0.0017715685838380364
2014-05-05,DEVELOPMENT,REGULAR,0.0027397260273972,2014-05-05 21:00:00+00:00,2014-05-06 21:00:00+00:00,24.0,25,1.0,0,0,0,0,0,0.0,-0.0536280584761357,0.0421187252704413,2.122356014513935,2.122356014513935,0.0,0.0,0.0,0.0,0.0
2014-05-06,DEVELOPMENT,REGULAR,0.0027397260273972,2014-05-06 21:00:00+00:00,2014-05-07 21:00:00+00:00,24.0,25,1.0,0,0,0,0,0,0.0,0.0468504506330447,-0.0672130423009207,5.802444806128159,5.802444806128159,0.0,0.0,0.0,0.0,0.0
2014-05-07,DEVELOPMENT,REGULAR,0.0027397260273972,2014-05-07 21:00:00+00:00,2014-05-08 21:00:00+00:00,24.0,25,1.0,0,0,0,0,0,0.0,-0.0537511322007446,0.043025465132402,2.95493900863345,2.95493900863345,0.0,0.0,0.0,0.0,0.0
2014-05-08,DEVELOPMENT,REGULAR,0.0027397260273972,2014-05-08 21:00:00+00:00,2014-05-09 21:00:00+00:00,24.0,25,1.0,0,0,0,0,0,0.0,-0.0943573550972303,0.0639993084452896,3.7190035694685535,3.7190035694685535,0.0,0.0,0.0,0.0,0.0
2014-05-12,DEVELOPMENT,REGULAR,0.0027397260273972,2014-05-12 21:00:00+00:00,2014-05-13 21:00:00+00:00,24.0,25,1.0,0,0,0,0,0,0.0,-0.0213140479046956,0.0064340496040244,4.110912804699161,4.110912804699161,0.0,0.0,0.0,0.0,0.0
2014-05-13,DEVELOPMENT,REGULAR,0.0027397260273972,2014-05-13 21:00:00+00:00,2014-05-14 21:00:00+00:00,24.0,25,1.0,0,0,1,0,0,0.0,0.0128288692121856,-0.0217884840560884,2.1226877212009407,2.1226877212009407,0.0,0.0,0.0,0.0,0.0
2014-05-14,DEVELOPMENT,REGULAR,0.0027397260273972,2014-05-14 21:00:00+00:00,2014-05-15 21:00:00+00:00,24.0,25,1.0,0,0,0,0,0,0.0,0.1180554547166536,-0.1437578583401944,4.916321808212785,4.916321808212785,0.0,0.0,0.0,0.0,0.0
2014-05-15,DEVELOPMENT,REGULAR,0.0027397260273972,2014-05-15 21:00:00+00:00,2014-05-16 21:00:00+00:00,24.0,25,1.0,0,0,0,0,0,0.0,-0.1198431956465526,0.0858133851745464,3.55506956928207,3.55506956928207,0.0,0.0,0.0,0.0,0.0
2014-05-19,DEVELOPMENT,REGULAR,0.0027397260273972,2014-05-19 21:00:00+00:00,2014-05-20 21:00:00+00:00,24.0,25,1.0,0,0,0,0,0,0.0,-0.002394784021348,-0.0115280392292902,3.7273058535710737,3.7273058535710737,0.0,0.0,0.0,0.0,0.0
2014-05-20,DEVELOPMENT,REGULAR,0.0027397260273972,2014-05-20 21:00:00+00:00,2014-05-21 21:00:00+00:00,24.0,25,1.0,0,0,0,0,0,0.0,-0.0192220689184949,0.0040024623679357,3.832042072054074,3.832042072054074,0.0,0.0,0.0,0.0,0.0
2014-05-21,DEVELOPMENT,REGULAR,0.0027397260273972,2014-05-21 21:00:00+00:00,2014-05-22 21:00:00+00:00,24.0,25,1.0,0,0,0,0,0,0.0,-0.0489448622332986,0.0384523659140398,2.6887089404804,2.6887089404804,0.0,0.0,0.0,0.0,0.0
2014-05-22,DEVELOPMENT,REGULAR,0.0027397260273972,2014-05-22 21:00:00+00:00,2014-05-23 21:00:00+00:00,24.0,25,1.0,0,0,0,0,0,0.0,-0.0420838822867892,-0.0120787517150375,3.991249887372236,3.991249887372236,0.0,0.0,0.0,0.0,0.0
2014-05-26,DEVELOPMENT,REGULAR,0.0027397260273972,2014-05-26 21:00:00+00:00,2014-05-27 21:00:00+00:00,24.0,25,1.0,0,0,0,0,0,0.0,-0.081938102100409,0.0652571983159475,4.0492090476850935,4.0492090476850935,0.0,0.0,0.0,0.0,0.0
2014-05-27,DEVELOPMENT,REGULAR,0.0027397260273972,2014-05-27 21:00:00+00:00,2014-05-28 21:00:00+00:00,24.0,25,1.0,0,0,0,0,0,0.0,0.0307620410276712,-0.049929229835584,3.615256485825743,3.615256485825743,0.0,0.0,0.0,0.0,0.0
2014-05-28,DEVELOPMENT,REGULAR,0.0027397260273972,2014-05-28 21:00:00+00:00,2014-05-29 21:00:00+00:00,24.0,25,1.0,0,0,0,0,0,0.0,-0.0287800290832507,0.0171866757493575,3.0283685844016897,3.0283685844016897,0.0,0.0,0.0,0.0,0.0
2014-05-29,DEVELOPMENT,REGULAR,0.0027397260273972,2014-05-29 21:00:00+00:00,2014-05-30 21:00:00+00:00,24.0,25,1.0,0,0,0,0,0,0.0,-0.0909792681360492,0.0760255568495029,3.92710358997096,3.92710358997096,0.0,0.0,0.0,0.0,0.0
2014-06-02,DEVELOPMENT,REGULAR,0.0027397260273972,2014-06-02 21:00:00+00:00,2014-06-03 21:00:00+00:00,24.0,25,1.0,0,0,0,0,0,0.0,-0.0989011733041422,0.0870929256681734,3.786431534962349,3.786431534962349,0.0,0.0,0.0,0.0,0.0
2014-06-03,DEVELOPMENT,REGULAR,0.0027397260273972,2014-06-03 21:00:00+00:00,2014-06-04 21:00:00+00:00,24.0,25,1.0,0,0,0,0,0,0.0,-0.029650459875242,0.0135473887318795,4.121112503782157,4.121112503782157,0.0,0.0,0.0,0.0,0.0
2014-06-04,DEVELOPMENT,REGULAR,0.0027397260273972,2014-06-04 21:00:00+00:00,2014-06-05 21:00:00+00:00,24.0,25,1.0,0,0,0,0,0,0.0,-0.0717214550433311,0.0612615031740091,2.545991938103273,2.545991938103273,0.0,0.0,0.0,0.0,0.0
2014-06-05,DEVELOPMENT,REGULAR,0.0027397260273972,2014-06-05 21:00:00+00:00,2014-06-06 21:00:00+00:00,24.0,25,1.0,0,0,0,0,0,0.0,-0.3260880316316701,0.3010331091691967,2.6344204903341475,2.6344204903341475,0.0,0.0,0.0,0.0,0.0
2014-06-09,DEVELOPMENT,REGULAR,0.0027397260273972,2014-06-09 21:00:00+00:00,2014-06-10 21:00:00+00:00,24.0,25,1.0,0,0,0,0,0,0.0,-0.0193919404966322,0.0039757421092616,3.4336732602799778,3.4336732602799778,0.0,0.0,0.0,0.0,0.0
2014-06-10,DEVELOPMENT,REGULAR,0.0027397260273972,2014-06-10 21:00:00+00:00,2014-06-11 21:00:00+00:00,24.0,25,1.0,0,0,0,0,0,0.0,-0.0036599501228806,-0.0060537934806461,2.5545756697478845,2.5545756697478845,0.0,0.0,0.0,0.0,0.0
2014-06-11,DEVELOPMENT,REGULAR,0.0027397260273972,2014-06-11 21:00:00+00:00,2014-06-12 21:00:00+00:00,24.0,25,1.0,0,0,0,0,0,0.0,-0.0386554409205786,0.0251219072783186,3.195967374982912,3.195967374982912,0.0,0.0,0.0,0.0,0.0
2014-06-12,DEVELOPMENT,REGULAR,0.0027397260273972,2014-06-12 21:00:00+00:00,2014-06-13 21:00:00+00:00,24.0,25,1.0,0,0,0,0,0,0.0,-0.0769309663875503,0.0245302693167133,2.913497904998238,2.913497904998238,0.0,0.0,0.0,0.0,0.0
2014-06-16,DEVELOPMENT,REGULAR,0.0027397260273972,2014-06-16 21:00:00+00:00,2014-06-17 21:00:00+00:00,24.0,25,1.0,0,0,0,0,0,0.0,0.0165851934044383,-0.0266630435093304,2.928984027984554,2.928984027984554,0.0,0.0,0.0,0.0,0.0
2014-06-17,DEVELOPMENT,REGULAR,0.0027397260273972,2014-06-17 21:00:00+00:00,2014-06-18 21:00:00+00:00,24.0,25,1.0,0,0,0,0,0,0.0,-0.0282109243053696,0.0092752580505219,4.419480793933936,4.419480793933936,0.0,0.0,0.0,0.0,0.0
2014-06-18,DEVELOPMENT,REGULAR,0.0027397260273972,2014-06-18 21:00:00+00:00,2014-06-19 21:00:00+00:00,24.0,25,1.0,0,0,0,0,0,0.0,-0.2399583701818528,0.2313562483622391,2.648550902160664,2.648550902160664,0.0,0.0,0.0,0.0,0.0
2014-06-19,DEVELOPMENT,REGULAR,0.0027397260273972,2014-06-19 21:00:00+00:00,2014-06-20 21:00:00+00:00,24.0,25,1.0,0,0,0,0,0,0.0,-0.0519919554344596,0.0201683172453641,3.084913988115015,3.084913988115015,0.0,0.0,0.0,0.0,0.0
2014-06-23,DEVELOPMENT,REGULAR,0.0027397260273972,2014-06-23 21:00:00+00:00,2014-06-24 21:00:00+00:00,24.0,25,1.0,0,0,0,0,0,0.0,0.0456698189447717,-0.0548201480268861,3.554130765027386,3.554130765027386,0.0,0.0,0.0,0.0,0.0
2014-06-24,DEVELOPMENT,REGULAR,0.0027397260273972,2014-06-24 21:00:00+00:00,2014-06-25 21:00:00+00:00,24.0,25,1.0,0,0,0,0,0,0.0,0.0005177774593221,-0.0109309910153001,2.9736416176507303,2.9736416176507303,0.0,0.0,0.0,0.0,0.0
2014-06-25,DEVELOPMENT,REGULAR,0.0027397260273972,2014-06-25 21:00:00+00:00,2014-06-26 21:00:00+00:00,24.0,25,1.0,0,0,0,0,0,0.0,-0.0030142174811231,-0.011065388702363,3.4200194043320016,3.4200194043320016,0.0,0.0,0.0,0.0,0.0
2014-06-26,DEVELOPMENT,REGULAR,0.0027397260273972,2014-06-26 21:00:00+00:00,2014-06-27 21:00:00+00:00,24.0,25,1.0,0,0,0,0,0,0.0,-0.0190314036572942,-0.0776477886141719,2.446425977334457,2.446425977334457,0.0,0.0,0.0,0.0,0.0
2014-06-30,DEVELOPMENT,REGULAR,0.0027397260273972,2014-06-30 21:00:00+00:00,2014-07-01 21:00:00+00:00,24.0,25,1.0,0,0,1,1,0,0.0,-0.0475953200454597,0.0380848083894704,2.7640441269573537,2.7640441269573537,0.0,0.0,0.0,0.0,0.0
2014-07-01,DEVELOPMENT,REGULAR,0.0027397260273972,2014-07-01 21:00:00+00:00,2014-07-02 21:00:00+00:00,24.0,25,1.0,0,0,0,0,0,0.0,0.0433773045238723,-0.061958737849892,3.339125373036828,3.339125373036828,0.0,0.0,0.0,0.0,0.0
2014-07-02,DEVELOPMENT,REGULAR,0.0027397260273972,2014-07-02 21:00:00+00:00,2014-07-03 21:00:00+00:00,24.0,25,1.0,0,0,0,0,0,0.0,-0.0715016978973608,0.0588418272950832,2.451703126603528,2.451703126603528,0.0,0.0,0.0,0.0,0.0
2014-07-03,DEVELOPMENT,REGULAR,0.0027397260273972,2014-07-03 21:00:00+00:00,2014-07-04 21:00:00+00:00,24.0,25,1.0,0,0,1,0,0,0.0,-0.1555934372181582,0.0329795540935577,2.6944215225020463,2.6944215225020463,0.0,0.0,0.0,0.0,0.0
2014-07-07,DEVELOPMENT,REGULAR,0.0027397260273972,2014-07-07 21:00:00+00:00,2014-07-08 21:00:00+00:00,24.0,25,1.0,0,0,0,0,0,0.0,-0.0225962342777847,0.0095224424805451,2.982500088498387,2.982500088498387,0.0,0.0,0.0,0.0,0.0
2014-07-08,DEVELOPMENT,REGULAR,0.0027397260273972,2014-07-08 21:00:00+00:00,2014-07-09 21:00:00+00:00,24.0,25,1.0,0,0,0,0,0,0.0,0.01325573538805,-0.029741331203553,4.928045907709766,4.928045907709766,0.0,0.0,0.0,0.0,0.0
2014-07-09,DEVELOPMENT,REGULAR,0.0027397260273972,2014-07-09 21:00:00+00:00,2014-07-10 21:00:00+00:00,24.0,25,1.0,0,0,0,0,0,0.0,-0.0128825326873567,0.0002766531674751,2.2975311412520925,2.2975311412520925,0.0,0.0,0.0,0.0,0.0
2014-07-10,DEVELOPMENT,REGULAR,0.0027397260273972,2014-07-10 21:00:00+00:00,2014-07-11 21:00:00+00:00,24.0,25,1.0,0,0,0,0,0,0.0,-0.1292028361329897,0.1129598609332056,2.6949781713064485,2.6949781713064485,0.0,0.0,0.0,0.0,0.0
2014-07-14,DEVELOPMENT,REGULAR,0.0027397260273972,2014-07-14 21:00:00+00:00,2014-07-15 21:00:00+00:00,24.0,25,1.0,0,0,0,0,0,0.0,-0.054759485190118,0.0417002518333475,3.9403235382335473,3.9403235382335473,0.0,0.0,0.0,0.0,0.0
2014-07-15,DEVELOPMENT,REGULAR,0.0027397260273972,2014-07-15 21:00:00+00:00,2014-07-16 21:00:00+00:00,24.0,25,1.0,0,0,0,0,0,0.0,-0.1189716569372478,0.1064354693419247,3.413882232925586,3.413882232925586,0.0,0.0,0.0,0.0,0.0
2014-07-16,DEVELOPMENT,REGULAR,0.0027397260273972,2014-07-16 21:00:00+00:00,2014-07-17 21:00:00+00:00,24.0,25,1.0,0,0,0,0,0,0.0,0.0161692479851467,-0.029448240086694,2.533201197472674,2.533201197472674,0.0,0.0,0.0,0.0,0.0
2014-07-17,DEVELOPMENT,REGULAR,0.0027397260273972,2014-07-17 21:00:00+00:00,2014-07-18 21:00:00+00:00,24.0,25,1.0,0,0,0,0,0,0.0,-0.0760307399253008,0.0324526147444714,2.9482137791197864,2.9482137791197864,0.0,0.0,0.0,0.0,0.0
2014-07-21,DEVELOPMENT,REGULAR,0.0027397260273972,2014-07-21 21:00:00+00:00,2014-07-22 21:00:00+00:00,24.0,25,1.0,0,0,0,0,0,0.0,-0.0024258527923137,-0.0100475237134247,4.090369326160317,4.090369326160317,0.0,0.0,0.0,0.0,0.0
2014-07-22,DEVELOPMENT,REGULAR,0.0027397260273972,2014-07-22 21:00:00+00:00,2014-07-23 21:00:00+00:00,24.0,25,1.0,0,0,0,0,0,0.0,-0.0856418840193384,0.0724169625026291,3.6869943734158,3.6869943734158,0.0,0.0,0.0,0.0,0.0
2014-07-23,DEVELOPMENT,REGULAR,0.0027397260273972,2014-07-23 21:00:00+00:00,2014-07-24 21:00:00+00:00,24.0,25,1.0,0,0,0,0,0,0.0,-0.0029061384035173,-0.0071008839852453,3.186372616748192,3.186372616748192,0.0,0.0,0.0,0.0,0.0
2014-07-24,DEVELOPMENT,REGULAR,0.0027397260273972,2014-07-24 21:00:00+00:00,2014-07-25 21:00:00+00:00,24.0,25,1.0,0,0,0,0,0,0.0,-0.1132352729071861,0.0914809151973088,3.892820714251633,3.892820714251633,0.0,0.0,0.0,0.0,0.0
2014-07-28,DEVELOPMENT,REGULAR,0.0027397260273972,2014-07-28 21:00:00+00:00,2014-07-29 21:00:00+00:00,24.0,25,1.0,0,0,0,0,0,0.0,-0.0172759285398171,0.0003983039053991,3.0106215509358334,3.0106215509358334,0.0,0.0,0.0,0.0,0.0
2014-07-29,DEVELOPMENT,REGULAR,0.0027397260273972,2014-07-29 21:00:00+00:00,2014-07-30 21:00:00+00:00,24.0,24,2.0,0,0,0,0,0,0.0,0.0322282686939381,-0.0413512330333034,2.486463693414813,2.486463693414813,0.0,0.0,0.0,0.0,0.0
2014-07-30,DEVELOPMENT,REGULAR,0.0027397260273972,2014-07-30 21:00:00+00:00,2014-07-31 21:00:00+00:00,24.0,25,1.0,0,0,0,0,0,0.0,-0.2314103321127518,0.2209128539387066,3.422656238584074,3.422656238584074,0.0,0.0,0.0,0.0,0.0
2014-07-31,DEVELOPMENT,REGULAR,0.0027397260273972,2014-07-31 21:00:00+00:00,2014-08-01 21:00:00+00:00,24.0,25,1.0,0,0,0,0,0,0.0,-0.2254825884516407,0.187568011709672,2.648163207381253,2.648163207381253,0.0,0.0,0.0,0.0,0.0
2014-08-04,DEVELOPMENT,REGULAR,0.0027397260273972,2014-08-04 21:00:00+00:00,2014-08-05 21:00:00+00:00,24.0,25,1.0,0,0,0,0,0,0.0,-0.0244681566331657,0.0137601308605859,3.8934412990667417,3.8934412990667417,0.0,0.0,0.0,0.0,0.0
2014-08-05,DEVELOPMENT,REGULAR,0.0027397260273972,2014-08-05 21:00:00+00:00,2014-08-06 21:00:00+00:00,24.0,25,1.0,0,0,0,0,0,0.0,-0.0279220759452414,0.0162428696288401,3.1219739325843787,3.1219739325843787,0.0,0.0,0.0,0.0,0.0
2014-08-06,DEVELOPMENT,REGULAR,0.0027397260273972,2014-08-06 21:00:00+00:00,2014-08-07 21:00:00+00:00,24.0,25,1.0,0,0,0,0,0,0.0,-0.0573510215153731,0.0456384376278151,4.4914445030330254,4.4914445030330254,0.0,0.0,0.0,0.0,0.0
2014-08-07,DEVELOPMENT,REGULAR,0.0027397260273972,2014-08-07 21:00:00+00:00,2014-08-08 21:00:00+00:00,24.0,25,1.0,0,0,0,0,0,0.0,-0.0467024769344579,0.0295291003574966,3.0863332595063,3.0863332595063,0.0,0.0,0.0,0.0,0.0
2014-08-11,DEVELOPMENT,REGULAR,0.0027397260273972,2014-08-11 21:00:00+00:00,2014-08-12 21:00:00+00:00,24.0,25,1.0,0,0,0,0,0,0.0,-0.0998089453531534,0.0883053250708769,3.29455658658794,3.29455658658794,0.0,0.0,0.0,0.0,0.0
2014-08-12,DEVELOPMENT,REGULAR,0.0027397260273972,2014-08-12 21:00:00+00:00,2014-08-13 21:00:00+00:00,24.0,25,1.0,0,0,0,0,0,0.0,0.0633544053150814,-0.0794475104572143,4.455271763336456,4.455271763336456,0.0,0.0,0.0,0.0,0.0
2014-08-13,DEVELOPMENT,REGULAR,0.0027397260273972,2014-08-13 21:00:00+00:00,2014-08-14 21:00:00+00:00,24.0,25,1.0,0,0,0,0,0,0.0,-0.0775745353104753,0.0700886158945195,3.3747217510003957,3.3747217510003957,0.0,0.0,0.0,0.0,0.0
2014-08-14,DEVELOPMENT,REGULAR,0.0027397260273972,2014-08-14 21:00:00+00:00,2014-08-15 21:00:00+00:00,24.0,25,1.0,0,0,0,0,0,0.0,0.1208195069198438,-0.170193878515235,4.392962290106146,4.392962290106146,0.0,0.0,0.0,0.0,0.0
2014-08-18,DEVELOPMENT,REGULAR,0.0027397260273972,2014-08-18 21:00:00+00:00,2014-08-19 21:00:00+00:00,24.0,25,1.0,0,0,0,0,0,0.0,-0.0593507162309947,0.0450255049567545,2.651724395726287,2.651724395726287,0.0,0.0,0.0,0.0,0.0
2014-08-19,DEVELOPMENT,REGULAR,0.0027397260273972,2014-08-19 21:00:00+00:00,2014-08-20 21:00:00+00:00,24.0,25,1.0,0,0,0,0,0,0.0,0.0856533038112559,-0.0946255312073702,2.7396154647203823,2.7396154647203823,0.0,0.0,0.0,0.0,0.0
2014-08-20,DEVELOPMENT,REGULAR,0.0027397260273972,2014-08-20 21:00:00+00:00,2014-08-21 21:00:00+00:00,24.0,25,1.0,0,0,0,0,0,0.0,-0.1597539252336304,0.1440994649395293,4.013593862011549,4.013593862011549,0.0,0.0,0.0,0.0,0.0
2014-08-21,DEVELOPMENT,REGULAR,0.0027397260273972,2014-08-21 21:00:00+00:00,2014-08-22 21:00:00+00:00,24.0,25,1.0,0,0,0,0,0,0.0,0.0307441561489838,-0.1530641920875695,4.541240758775687,4.541240758775687,0.0,0.0,0.0,0.0,0.0
2014-08-25,DEVELOPMENT,REGULAR,0.0027397260273972,2014-08-25 21:00:00+00:00,2014-08-26 21:00:00+00:00,24.0,25,1.0,0,0,0,0,0,0.0,-0.0570890246401232,0.0455839252043928,3.989773064529367,3.989773064529367,0.0,0.0,0.0,0.0,0.0
2014-08-26,DEVELOPMENT,REGULAR,0.0027397260273972,2014-08-26 21:00:00+00:00,2014-08-27 21:00:00+00:00,24.0,25,1.0,0,0,0,0,0,0.0,-0.04213153279494,0.0275711561771316,3.9006871695041134,3.9006871695041134,0.0,0.0,0.0,0.0,0.0
2014-08-27,DEVELOPMENT,REGULAR,0.0027397260273972,2014-08-27 21:00:00+00:00,2014-08-28 21:00:00+00:00,24.0,25,1.0,0,0,0,0,0,0.0,-0.1072630800545795,0.0890420839856318,3.2530879874286205,3.2530879874286205,0.0,0.0,0.0,0.0,0.0
2014-08-28,DEVELOPMENT,REGULAR,0.0027397260273972,2014-08-28 21:00:00+00:00,2014-08-29 21:00:00+00:00,24.0,25,1.0,0,0,0,0,0,0.0,-0.0900573402883537,0.0665689328893961,2.860691204435589,2.860691204435589,0.0,0.0,0.0,0.0,0.0
2014-09-01,DEVELOPMENT,REGULAR,0.0027397260273972,2014-09-01 21:00:00+00:00,2014-09-02 21:00:00+00:00,24.0,25,1.0,0,0,1,0,0,0.0,0.0822951581045288,-0.0883346873596622,2.163080558058323,2.163080558058323,0.0,0.0,0.0,0.0,0.0
2014-09-02,DEVELOPMENT,REGULAR,0.0027397260273972,2014-09-02 21:00:00+00:00,2014-09-03 21:00:00+00:00,24.0,25,1.0,0,0,0,0,0,0.0,-0.0309181563844589,0.0178700431385294,4.117977444912407,4.117977444912407,0.0,0.0,0.0,0.0,0.0
2014-09-03,DEVELOPMENT,REGULAR,0.0027397260273972,2014-09-03 21:00:00+00:00,2014-09-04 21:00:00+00:00,24.0,25,1.0,0,0,0,0,0,0.0,-0.0961275299955559,0.0806117278711013,3.2592513755470742,3.2592513755470742,0.0,0.0,0.0,0.0,0.0
2014-09-04,DEVELOPMENT,REGULAR,0.0027397260273972,2014-09-04 21:00:00+00:00,2014-09-05 21:00:00+00:00,24.0,25,1.0,0,0,0,0,0,0.0,-0.2087140515574503,0.1879892310850692,3.1867067053385942,3.1867067053385942,0.0,0.0,0.0,0.0,0.0
2014-09-08,DEVELOPMENT,REGULAR,0.0027397260273972,2014-09-08 21:00:00+00:00,2014-09-09 21:00:00+00:00,24.0,25,1.0,0,0,1,1,0,0.0,0.0521574171042118,-0.0659568379532871,3.39637964839085,3.39637964839085,0.0,0.0,0.0,0.0,0.0
2014-09-09,DEVELOPMENT,REGULAR,0.0027397260273972,2014-09-09 21:00:00+00:00,2014-09-10 21:00:00+00:00,24.0,25,1.0,0,0,0,0,0,0.0,-0.0721291161931247,0.0565337139530868,2.677801225683809,2.677801225683809,0.0,0.0,0.0,0.0,0.0
2014-09-10,DEVELOPMENT,REGULAR,0.0027397260273972,2014-09-10 21:00:00+00:00,2014-09-11 21:00:00+00:00,24.0,25,1.0,0,0,0,0,0,0.0,0.1069458029245993,-0.1309122799692659,5.826438315950715,5.826438315950715,0.0,0.0,0.0,0.0,0.0
2014-09-11,DEVELOPMENT,REGULAR,0.0027397260273972,2014-09-11 21:00:00+00:00,2014-09-12 21:00:00+00:00,24.0,25,1.0,0,0,0,0,0,0.0,-0.1840014881923934,0.1431628535388256,4.148092233346089,4.148092233346089,0.0,0.0,0.0,0.0,0.0
2014-09-15,DEVELOPMENT,REGULAR,0.0027397260273972,2014-09-15 21:00:00+00:00,2014-09-16 21:00:00+00:00,24.0,25,1.0,0,0,0,0,0,0.0,-0.1121593449380711,0.0992850910487739,3.861677576658993,3.861677576658993,0.0,0.0,0.0,0.0,0.0
2014-09-16,DEVELOPMENT,REGULAR,0.0027397260273972,2014-09-16 21:00:00+00:00,2014-09-17 21:00:00+00:00,24.0,25,1.0,0,0,0,0,0,0.0,-0.0888411617756759,0.0707655966472913,2.823329325691196,2.823329325691196,0.0,0.0,0.0,0.0,0.0
2014-09-17,DEVELOPMENT,REGULAR,0.0027397260273972,2014-09-17 21:00:00+00:00,2014-09-18 21:00:00+00:00,24.0,25,1.0,0,0,0,0,0,0.0,-0.2008851340164739,0.1733611871738247,3.155816834459522,3.155816834459522,0.0,0.0,0.0,0.0,0.0
2014-09-18,DEVELOPMENT,REGULAR,0.0027397260273972,2014-09-18 21:00:00+00:00,2014-09-19 21:00:00+00:00,24.0,25,1.0,0,0,0,0,0,0.0,0.0059358906660094,-0.0841398587699728,4.194743080379727,4.194743080379727,0.0,0.0,0.0,0.0,0.0
2014-09-22,DEVELOPMENT,REGULAR,0.0027397260273972,2014-09-22 21:00:00+00:00,2014-09-23 21:00:00+00:00,24.0,25,1.0,0,0,0,0,0,0.0,-0.1055817068320195,0.0912259734172522,3.7070271369260825,3.7070271369260825,0.0,0.0,0.0,0.0,0.0
2014-09-23,DEVELOPMENT,REGULAR,0.0027397260273972,2014-09-23 21:00:00+00:00,2014-09-24 21:00:00+00:00,24.0,25,1.0,0,0,1,0,0,0.0,-0.1076080569384885,0.0861789555693803,4.468244512231729,4.468244512231729,0.0,0.0,0.0,0.0,0.0
2014-09-24,DEVELOPMENT,REGULAR,0.0027397260273972,2014-09-24 21:00:00+00:00,2014-09-25 21:00:00+00:00,24.0,25,1.0,0,0,0,0,0,0.0,-0.0162281284933527,-0.0041734306567491,3.977445735460908,3.977445735460908,0.0,0.0,0.0,0.0,0.0
2014-09-25,DEVELOPMENT,REGULAR,0.0027397260273972,2014-09-25 21:00:00+00:00,2014-09-26 21:00:00+00:00,24.0,25,1.0,0,0,0,0,0,0.0,-0.0545504061054771,0.0192506073413198,3.1092677156270865,3.1092677156270865,0.0,0.0,0.0,0.0,0.0
2014-09-29,DEVELOPMENT,REGULAR,0.0027397260273972,2014-09-29 21:00:00+00:00,2014-09-30 21:00:00+00:00,24.0,25,1.0,0,0,0,0,0,0.0,-0.2487525652245921,0.2328596760619206,3.204356428266181,3.204356428266181,0.0,0.0,0.0,0.0,0.0
2014-09-30,DEVELOPMENT,REGULAR,0.0027397260273972,2014-09-30 21:00:00+00:00,2014-10-01 21:00:00+00:00,24.0,25,1.0,0,0,0,0,0,0.0,0.0179536177743102,-0.0400598768600275,4.2147863200220375,4.2147863200220375,0.0,0.0,0.0,0.0,0.0
2014-10-01,DEVELOPMENT,REGULAR,0.0027397260273972,2014-10-01 21:00:00+00:00,2014-10-02 21:00:00+00:00,24.0,25,1.0,0,0,0,0,0,0.0,0.2388798672728853,-0.2603036108110217,4.905798960968204,4.905798960968204,0.0,0.0,0.0,0.0,0.0
2014-10-02,DEVELOPMENT,REGULAR,0.0027397260273972,2014-10-02 21:00:00+00:00,2014-10-03 21:00:00+00:00,24.0,25,1.0,0,0,0,0,0,0.0,-0.1529014605600878,0.1301368694728211,2.423665811423464,2.423665811423464,0.0,0.0,0.0,0.0,0.0
2014-10-06,DEVELOPMENT,REGULAR,0.0027397260273972,2014-10-06 21:00:00+00:00,2014-10-07 21:00:00+00:00,24.0,25,1.0,0,0,0,0,0,0.0,0.0839914957254137,-0.1077485329380891,4.16104726706083,4.16104726706083,0.0,0.0,0.0,0.0,0.0
2014-10-07,DEVELOPMENT,REGULAR,0.0027397260273972,2014-10-07 21:00:00+00:00,2014-10-08 21:00:00+00:00,24.0,25,1.0,0,0,0,0,0,0.0,-0.044774512978293,0.021182741451696,4.297592199921475,4.297592199921475,0.0,0.0,0.0,0.0,0.0
2014-10-08,DEVELOPMENT,REGULAR,0.0027397260273972,2014-10-08 21:00:00+00:00,2014-10-09 21:00:00+00:00,24.0,25,1.0,0,0,0,0,0,0.0,0.0015646377821383,-0.0210638309830528,4.517736907584471,4.517736907584471,0.0,0.0,0.0,0.0,0.0
2014-10-09,DEVELOPMENT,REGULAR,0.0027397260273972,2014-10-09 21:00:00+00:00,2014-10-10 21:00:00+00:00,24.0,25,1.0,0,0,0,0,0,0.0,-0.1547183414462836,0.1312876619064411,4.443306210052496,4.443306210052496,0.0,0.0,0.0,0.0,0.0
2014-10-13,DEVELOPMENT,REGULAR,0.0027397260273972,2014-10-13 21:00:00+00:00,2014-10-14 21:00:00+00:00,24.0,25,1.0,0,0,0,0,0,0.0,-0.0467903337000876,0.028797905446467,4.36126900305839,4.36126900305839,0.0,0.0,0.0,0.0,0.0
2014-10-14,DEVELOPMENT,REGULAR,0.0027397260273972,2014-10-14 21:00:00+00:00,2014-10-15 21:00:00+00:00,24.0,25,1.0,0,0,0,0,0,0.0,0.3602818355078199,-0.3896655233784543,4.603598338194603,4.603598338194603,0.0,0.0,0.0,0.0,0.0
2014-10-15,DEVELOPMENT,REGULAR,0.0027397260273972,2014-10-15 21:00:00+00:00,2014-10-16 21:00:00+00:00,24.0,25,1.0,0,0,1,1,0,0.0,-0.0300259430316884,-0.0111225904689717,4.932280681753468,4.932280681753468,0.0,0.0,0.0,0.0,0.0
2014-10-16,DEVELOPMENT,REGULAR,0.0027397260273972,2014-10-16 21:00:00+00:00,2014-10-17 21:00:00+00:00,24.0,25,1.0,0,0,0,0,0,0.0,-0.2557743312512315,0.195774597475264,3.279927135676066,3.279927135676066,0.0,0.0,0.0,0.0,0.0
2014-10-20,DEVELOPMENT,REGULAR,0.0027397260273972,2014-10-20 21:00:00+00:00,2014-10-21 21:00:00+00:00,24.0,25,1.0,0,0,0,0,0,0.0,-0.0670408979040644,0.055391331784655,3.2854603148004915,3.2854603148004915,0.0,0.0,0.0,0.0,0.0
2014-10-21,DEVELOPMENT,REGULAR,0.0027397260273972,2014-10-21 21:00:00+00:00,2014-10-22 21:00:00+00:00,24.0,25,1.0,0,0,0,0,0,0.0,-0.0819178184871702,0.0646786670838963,3.6920634839139166,3.6920634839139166,0.0,0.0,0.0,0.0,0.0
2014-10-22,DEVELOPMENT,REGULAR,0.0027397260273972,2014-10-22 21:00:00+00:00,2014-10-23 21:00:00+00:00,24.0,25,1.0,0,0,0,0,0,0.0,0.0156251535704115,-0.0350363894443574,2.83806261274129,2.83806261274129,0.0,0.0,0.0,0.0,0.0
2014-10-23,DEVELOPMENT,REGULAR,0.0027397260273972,2014-10-23 21:00:00+00:00,2014-10-24 21:00:00+00:00,24.0,25,1.0,0,0,0,0,0,0.0,-0.0535565089373051,0.0156160390658754,4.15988810887904,4.15988810887904,0.0,0.0,0.0,0.0,0.0
2014-10-27,DEVELOPMENT,REGULAR,0.0027397260273972,2014-10-27 21:00:00+00:00,2014-10-28 21:00:00+00:00,24.0,25,1.0,0,0,0,0,0,0.0,0.0123638963835759,-0.0440189731884572,4.34030520152907,4.34030520152907,0.0,0.0,0.0,0.0,0.0
2014-10-28,DEVELOPMENT,REGULAR,0.0027397260273972,2014-10-28 21:00:00+00:00,2014-10-29 21:00:00+00:00,24.0,25,1.0,0,0,0,0,0,0.0,0.4103989474547092,-0.4323291483215712,4.003579825646389,4.003579825646389,0.0,0.0,0.0,0.0,0.0
2014-10-29,DEVELOPMENT,REGULAR,0.0027397260273972,2014-10-29 21:00:00+00:00,2014-10-30 21:00:00+00:00,24.0,25,1.0,0,0,0,0,0,0.0,-0.0544817239837556,0.038920383387861,3.251284560684456,3.251284560684456,0.0,0.0,0.0,0.0,0.0
2014-10-30,DEVELOPMENT,REGULAR,0.0027397260273972,2014-10-30 21:00:00+00:00,2014-10-31 21:00:00+00:00,24.0,25,1.0,0,0,0,0,0,0.0,0.2550801925319916,-0.3110130893069822,2.2832815415929835,2.2832815415929835,0.0,0.0,0.0,0.0,0.0
2014-11-03,DEVELOPMENT,REGULAR,0.0027397260273972,2014-11-03 22:00:00+00:00,2014-11-04 22:00:00+00:00,24.0,25,1.0,0,0,0,0,0,0.0,-0.0361995388808651,0.0113948677487201,3.003724228727886,3.003724228727886,0.0,0.0,0.0,0.0,0.0
2014-11-04,DEVELOPMENT,REGULAR,0.0027397260273972,2014-11-04 22:00:00+00:00,2014-11-05 22:00:00+00:00,24.0,25,1.0,0,0,0,0,0,0.0,0.02836154758279,-0.0419781541574906,2.648588458526985,2.648588458526985,0.0,0.0,0.0,0.0,0.0
2014-11-05,DEVELOPMENT,REGULAR,0.0027397260273972,2014-11-05 22:00:00+00:00,2014-11-06 22:00:00+00:00,24.0,25,1.0,0,0,0,0,0,0.0,0.3336356938099953,-0.3624530847332465,5.825447894332295,5.825447894332295,0.0,0.0,0.0,0.0,0.0
2014-11-06,DEVELOPMENT,REGULAR,0.0027397260273972,2014-11-06 22:00:00+00:00,2014-11-07 22:00:00+00:00,24.0,25,1.0,0,0,0,0,0,0.0,-0.2925081760104291,0.2484381715979537,3.422125891294834,3.422125891294834,0.0,0.0,0.0,0.0,0.0
2014-11-10,DEVELOPMENT,REGULAR,0.0027397260273972,2014-11-10 22:00:00+00:00,2014-11-11 22:00:00+00:00,24.0,25,1.0,0,0,0,0,0,0.0,0.0743147428793804,-0.1020671756347724,2.615950459904427,2.615950459904427,0.0,0.0,0.0,0.0,0.0
2014-11-11,DEVELOPMENT,REGULAR,0.0027397260273972,2014-11-11 22:00:00+00:00,2014-11-12 22:00:00+00:00,24.0,25,1.0,0,0,0,0,0,0.0,-0.0985688247278773,0.084134393572242,3.753805763414472,3.753805763414472,0.0,0.0,0.0,0.0,0.0
2014-11-12,DEVELOPMENT,REGULAR,0.0027397260273972,2014-11-12 22:00:00+00:00,2014-11-13 22:00:00+00:00,24.0,25,1.0,0,0,0,0,0,0.0,-0.4060966416195839,0.3835977815900122,3.344997290605084,3.344997290605084,0.0,0.0,0.0,0.0,0.0
2014-11-13,DEVELOPMENT,REGULAR,0.0027397260273972,2014-11-13 22:00:00+00:00,2014-11-14 22:00:00+00:00,24.0,25,1.0,0,0,2,0,0,0.0,-0.1181005072005376,-0.0160434095178487,3.040068165305512,3.040068165305512,0.0,0.0,0.0,0.0,0.0
2014-11-17,DEVELOPMENT,REGULAR,0.0027397260273972,2014-11-17 22:00:00+00:00,2014-11-18 22:00:00+00:00,24.0,25,1.0,0,0,0,0,0,0.0,-0.3237304173831319,0.3055939967087369,3.635063438925009,3.635063438925009,0.0,0.0,0.0,0.0,0.0
2014-11-18,DEVELOPMENT,REGULAR,0.0027397260273972,2014-11-18 22:00:00+00:00,2014-11-19 22:00:00+00:00,24.0,25,1.0,0,0,0,0,0,0.0,-0.1596513659946694,0.1502919389228267,2.1526289740246995,2.1526289740246995,0.0,0.0,0.0,0.0,0.0
2014-11-19,DEVELOPMENT,REGULAR,0.0027397260273972,2014-11-19 22:00:00+00:00,2014-11-20 22:00:00+00:00,24.0,25,1.0,0,0,0,0,0,0.0,-0.1111959324315918,0.0935470624727443,3.240095362270061,3.240095362270061,0.0,0.0,0.0,0.0,0.0
2014-11-20,DEVELOPMENT,REGULAR,0.0027397260273972,2014-11-20 22:00:00+00:00,2014-11-21 22:00:00+00:00,24.0,25,1.0,0,0,0,0,0,0.0,0.1616182199641969,-0.2100704138743339,4.284120813548848,4.284120813548848,0.0,0.0,0.0,0.0,0.0
2014-11-24,DEVELOPMENT,REGULAR,0.0027397260273972,2014-11-24 22:00:00+00:00,2014-11-25 22:00:00+00:00,24.0,25,1.0,0,0,0,0,0,0.0,-0.0864750876083348,0.0653419674063116,4.092840107838865,4.092840107838865,0.0,0.0,0.0,0.0,0.0
2014-11-25,DEVELOPMENT,REGULAR,0.0027397260273972,2014-11-25 22:00:00+00:00,2014-11-26 22:00:00+00:00,24.0,25,1.0,0,0,0,0,0,0.0,-0.1818674991872484,0.1562212414103356,3.0708765595236374,3.0708765595236374,0.0,0.0,0.0,0.0,0.0
2014-11-26,DEVELOPMENT,REGULAR,0.0027397260273972,2014-11-26 22:00:00+00:00,2014-11-27 22:00:00+00:00,24.0,25,1.0,0,0,0,0,0,0.0,-0.1704619833497602,0.1487118847215462,3.654913832295757,3.654913832295757,0.0,0.0,0.0,0.0,0.0
2014-11-27,DEVELOPMENT,REGULAR,0.0027397260273972,2014-11-27 22:00:00+00:00,2014-11-28 22:00:00+00:00,24.0,25,1.0,0,0,0,0,0,0.0,-0.0275676912345943,-0.1011201042484231,2.52153010077022,2.52153010077022,0.0,0.0,0.0,0.0,0.0
2014-12-01,DEVELOPMENT,REGULAR,0.0027397260273972,2014-12-01 22:00:00+00:00,2014-12-02 22:00:00+00:00,24.0,25,1.0,0,0,0,0,0,0.0,-0.0368284433600649,0.024035453004231,2.698107979445969,2.698107979445969,0.0,0.0,0.0,0.0,0.0
2014-12-02,DEVELOPMENT,REGULAR,0.0027397260273972,2014-12-02 22:00:00+00:00,2014-12-03 22:00:00+00:00,24.0,25,1.0,0,0,0,0,0,0.0,-0.0622515601436362,0.0393883551531928,3.173858817987328,3.173858817987328,0.0,0.0,0.0,0.0,0.0
2014-12-03,DEVELOPMENT,REGULAR,0.0027397260273972,2014-12-03 22:00:00+00:00,2014-12-04 22:00:00+00:00,24.0,25,1.0,0,0,0,0,0,0.0,-0.521866206377493,0.5149710054888819,1.6923711721734755,1.6923711721734755,0.0,0.0,0.0,0.0,0.0
2014-12-04,DEVELOPMENT,REGULAR,0.0027397260273972,2014-12-04 22:00:00+00:00,2014-12-05 22:00:00+00:00,24.0,25,1.0,0,0,0,0,0,0.0,-0.1815839697063808,0.0551320289353753,2.2957339696751364,2.2957339696751364,0.0,0.0,0.0,0.0,0.0
2014-12-08,DEVELOPMENT,REGULAR,0.0027397260273972,2014-12-08 22:00:00+00:00,2014-12-09 22:00:00+00:00,24.0,25,1.0,0,0,0,0,0,0.0,0.113593763607426,-0.1357534116363865,3.269986147854788,3.269986147854788,0.0,0.0,0.0,0.0,0.0
2014-12-09,DEVELOPMENT,REGULAR,0.0027397260273972,2014-12-09 22:00:00+00:00,2014-12-10 22:00:00+00:00,24.0,25,1.0,0,0,0,0,0,0.0,-0.008886178168197,-0.010769302769475,3.437507767990726,3.437507767990726,0.0,0.0,0.0,0.0,0.0
2014-12-10,DEVELOPMENT,REGULAR,0.0027397260273972,2014-12-10 22:00:00+00:00,2014-12-11 22:00:00+00:00,24.0,25,1.0,0,0,0,0,0,0.0,0.1299709058531561,-0.1636161725674725,3.5973149995061924,3.5973149995061924,0.0,0.0,0.0,0.0,0.0
2014-12-11,DEVELOPMENT,REGULAR,0.0027397260273972,2014-12-11 22:00:00+00:00,2014-12-12 22:00:00+00:00,24.0,25,1.0,0,0,0,0,0,0.0,0.044742752473152,-0.0775970969746442,5.016234227566548,5.016234227566548,0.0,0.0,0.0,0.0,0.0
2014-12-15,DEVELOPMENT,REGULAR,0.0027397260273972,2014-12-15 22:00:00+00:00,2014-12-16 22:00:00+00:00,24.0,25,1.0,0,0,0,0,0,0.0,0.1737437148743907,-0.2044911523450281,3.1014495294616937,3.1014495294616937,0.0,0.0,0.0,0.0,0.0
2014-12-16,DEVELOPMENT,REGULAR,0.0027397260273972,2014-12-16 22:00:00+00:00,2014-12-17 22:00:00+00:00,24.0,25,1.0,0,0,0,0,0,0.0,-0.1811506904764144,0.1453690962359957,2.870517972459609,2.870517972459609,0.0,0.0,0.0,0.0,0.0
2014-12-17,DEVELOPMENT,REGULAR,0.0027397260273972,2014-12-17 22:00:00+00:00,2014-12-18 22:00:00+00:00,24.0,25,1.0,0,0,1,1,0,0.0,-0.2502343631249744,0.2260131557123941,3.702670685426783,3.702670685426783,0.0,0.0,0.0,0.0,0.0
2014-12-18,DEVELOPMENT,REGULAR,0.0027397260273972,2014-12-18 22:00:00+00:00,2014-12-19 22:00:00+00:00,24.0,25,1.0,0,0,0,0,0,0.0,-0.2350837137232559,0.2209591381554787,3.3030594181814408,3.3030594181814408,0.0,0.0,0.0,0.0,0.0
2014-12-22,DEVELOPMENT,REGULAR,0.0027397260273972,2014-12-22 22:00:00+00:00,2014-12-23 22:00:00+00:00,24.0,25,1.0,0,0,0,0,0,0.0,-0.0971629073813886,0.0700331229139266,2.4590199297951627,2.4590199297951627,0.0,0.0,0.0,0.0,0.0
2014-12-23,DEVELOPMENT,REGULAR,0.0027397260273972,2014-12-23 22:00:00+00:00,2014-12-24 22:00:00+00:00,24.0,25,1.0,0,0,1,1,0,0.0,-0.2756071391985699,0.2260730229222645,2.5113587496035064,2.5113587496035064,0.0,0.0,0.0,0.0,0.0
2014-12-25,DEVELOPMENT,REGULAR,0.0026255707762557,2014-12-25 23:00:00+00:00,2014-12-26 22:00:00+00:00,23.0,24,1.0,0,0,1,0,0,0.0,-0.3466206642754343,0.3040905030888297,2.7675698311445887,2.7675698311445887,0.0,0.0,0.0,0.0,0.0
2014-12-29,DEVELOPMENT,REGULAR,0.0027397260273972,2014-12-29 22:00:00+00:00,2014-12-30 22:00:00+00:00,24.0,25,1.0,0,0,0,0,0,0.0,0.046705963602605,-0.0665898245106575,2.0959871250687856,2.0959871250687856,0.0,0.0,0.0,0.0,0.0
2014-12-30,DEVELOPMENT,REGULAR,0.0027397260273972,2014-12-30 22:00:00+00:00,2014-12-31 22:00:00+00:00,24.0,25,1.0,0,0,0,0,0,0.0,-0.0561916817122494,-0.0800769851939122,4.328994587230738,4.328994587230738,0.0,0.0,0.0,0.0,0.0
2015-01-01,DEVELOPMENT,REGULAR,0.0026255707762557,2015-01-01 23:00:00+00:00,2015-01-02 22:00:00+00:00,23.0,24,1.0,0,0,0,0,0,0.0,-0.0765119059540921,-0.0237539120721805,2.6640324698080056,2.6640324698080056,0.0,0.0,0.0,0.0,0.0
2015-01-05,DEVELOPMENT,REGULAR,0.0027397260273972,2015-01-05 22:00:00+00:00,2015-01-06 22:00:00+00:00,24.0,25,1.0,0,0,0,0,0,0.0,0.2469956856631796,-0.2854420894174296,4.124550269245438,4.124550269245438,0.0,0.0,0.0,0.0,0.0
2015-01-06,DEVELOPMENT,REGULAR,0.0027397260273972,2015-01-06 22:00:00+00:00,2015-01-07 22:00:00+00:00,24.0,25,1.0,0,0,0,0,0,0.0,-0.0140043051359413,0.0015604444511723,2.714037106732141,2.714037106732141,0.0,0.0,0.0,0.0,0.0
2015-01-07,DEVELOPMENT,REGULAR,0.0027397260273972,2015-01-07 22:00:00+00:00,2015-01-08 22:00:00+00:00,24.0,25,1.0,0,0,0,0,0,0.0,-0.1165570499573931,0.0932978764055292,3.484195372363968,3.484195372363968,0.0,0.0,0.0,0.0,0.0
2015-01-08,DEVELOPMENT,REGULAR,0.0027397260273972,2015-01-08 22:00:00+00:00,2015-01-09 22:00:00+00:00,24.0,25,1.0,0,0,0,0,0,0.0,0.0694402912263285,-0.1715797246130961,3.813488334846536,3.813488334846536,0.0,0.0,0.0,0.0,0.0
2015-01-12,DEVELOPMENT,REGULAR,0.0027397260273972,2015-01-12 22:00:00+00:00,2015-01-13 22:00:00+00:00,24.0,25,1.0,0,0,0,0,0,0.0,0.4486643668747234,-0.4762066092543762,6.243482482981805,6.243482482981805,0.0,0.0,0.0,0.0,0.0
2015-01-13,DEVELOPMENT,REGULAR,0.0027397260273972,2015-01-13 22:00:00+00:00,2015-01-14 22:00:00+00:00,24.0,25,1.0,0,0,0,0,0,0.0,0.0017816341629526,-0.0183738868118581,2.318957493275407,2.318957493275407,0.0,0.0,0.0,0.0,0.0
2015-01-14,DEVELOPMENT,REGULAR,0.0027397260273972,2015-01-14 22:00:00+00:00,2015-01-15 22:00:00+00:00,24.0,25,1.0,0,0,0,0,0,0.0,0.0966386818053308,-0.1466507420003751,3.860268277421509,3.860268277421509,0.0,0.0,0.0,0.0,0.0
2015-01-15,DEVELOPMENT,REGULAR,0.0027397260273972,2015-01-15 22:00:00+00:00,2015-01-16 22:00:00+00:00,24.0,25,1.0,0,0,0,0,0,0.0,-0.2277959951431398,0.1273268830492355,3.0610387501002725,3.0610387501002725,0.0,0.0,0.0,0.0,0.0
2015-01-19,DEVELOPMENT,REGULAR,0.0027397260273972,2015-01-19 22:00:00+00:00,2015-01-20 22:00:00+00:00,24.0,25,1.0,0,0,0,0,0,0.0,-0.0886163498572187,0.0537841362636726,2.560603992840153,2.560603992840153,0.0,0.0,0.0,0.0,0.0
2015-01-20,DEVELOPMENT,REGULAR,0.0027397260273972,2015-01-20 22:00:00+00:00,2015-01-21 22:00:00+00:00,24.0,25,1.0,0,0,0,0,0,0.0,-0.0877108395580705,0.0618164036418562,2.518317745466483,2.518317745466483,0.0,0.0,0.0,0.0,0.0
2015-01-21,DEVELOPMENT,REGULAR,0.0027397260273972,2015-01-21 22:00:00+00:00,2015-01-22 22:00:00+00:00,24.0,25,1.0,0,0,1,1,0,0.0,-0.0140123507324148,-0.0161298139723555,4.809464233702852,4.809464233702852,0.0,0.0,0.0,0.0,0.0
2015-01-22,DEVELOPMENT,REGULAR,0.0027397260273972,2015-01-22 22:00:00+00:00,2015-01-23 22:00:00+00:00,24.0,25,1.0,0,0,0,0,0,0.0,-0.0700391721224633,-0.0155006978535539,3.864192508200733,3.864192508200733,0.0,0.0,0.0,0.0,0.0
2015-01-26,DEVELOPMENT,REGULAR,0.0027397260273972,2015-01-26 22:00:00+00:00,2015-01-27 22:00:00+00:00,24.0,25,1.0,0,0,0,0,0,0.0,-0.0475623949577226,0.0271459348854534,2.945282365355432,2.945282365355432,0.0,0.0,0.0,0.0,0.0
2015-01-27,DEVELOPMENT,REGULAR,0.0027397260273972,2015-01-27 22:00:00+00:00,2015-01-28 22:00:00+00:00,24.0,25,1.0,0,0,0,0,0,0.0,-0.0940587354849498,0.0402585205474395,4.660443807389086,4.660443807389086,0.0,0.0,0.0,0.0,0.0
2015-01-28,DEVELOPMENT,REGULAR,0.0027397260273972,2015-01-28 22:00:00+00:00,2015-01-29 22:00:00+00:00,24.0,25,1.0,0,0,0,0,0,0.0,-0.0824012918356089,0.0419756449494173,3.241962662134616,3.241962662134616,0.0,0.0,0.0,0.0,0.0
2015-01-29,DEVELOPMENT,REGULAR,0.0027397260273972,2015-01-29 22:00:00+00:00,2015-01-30 22:00:00+00:00,24.0,25,1.0,0,0,0,0,0,0.0,-0.0773554098675646,0.0164687805169307,2.694681145806928,2.694681145806928,0.0,0.0,0.0,0.0,0.0
2015-02-02,DEVELOPMENT,REGULAR,0.0027397260273972,2015-02-02 22:00:00+00:00,2015-02-03 22:00:00+00:00,24.0,25,1.0,0,0,0,0,0,0.0,-0.2049013601846638,0.1780108827967836,4.511374268761477,4.511374268761477,0.0,0.0,0.0,0.0,0.0
2015-02-03,DEVELOPMENT,REGULAR,0.0027397260273972,2015-02-03 22:00:00+00:00,2015-02-04 22:00:00+00:00,24.0,25,1.0,0,0,0,0,0,0.0,-0.225846675832642,0.1644670594473183,4.6039939273214525,4.6039939273214525,0.0,0.0,0.0,0.0,0.0
2015-02-04,DEVELOPMENT,REGULAR,0.0027397260273972,2015-02-04 22:00:00+00:00,2015-02-05 22:00:00+00:00,24.0,25,1.0,0,0,0,0,0,0.0,-0.1701761476499541,0.144995728305048,4.00286930163303,4.00286930163303,0.0,0.0,0.0,0.0,0.0
2015-02-05,DEVELOPMENT,REGULAR,0.0027397260273972,2015-02-05 22:00:00+00:00,2015-02-06 22:00:00+00:00,24.0,25,1.0,0,0,0,0,0,0.0,0.8029641098573705,-0.866097745132862,3.239291664270487,3.239291664270487,0.0,0.0,0.0,0.0,0.0
2015-02-09,DEVELOPMENT,REGULAR,0.0027397260273972,2015-02-09 22:00:00+00:00,2015-02-10 22:00:00+00:00,24.0,25,1.0,0,0,0,0,0,0.0,-0.0744019116643812,0.0518876278318458,2.7339046634595228,2.7339046634595228,0.0,0.0,0.0,0.0,0.0
2015-02-10,DEVELOPMENT,REGULAR,0.0027397260273972,2015-02-10 22:00:00+00:00,2015-02-11 22:00:00+00:00,24.0,25,1.0,0,0,0,0,0,0.0,-0.0540828936193236,0.0331020410847031,2.3964439226945107,2.3964439226945107,0.0,0.0,0.0,0.0,0.0
2015-02-11,DEVELOPMENT,REGULAR,0.0027397260273972,2015-02-11 22:00:00+00:00,2015-02-12 22:00:00+00:00,24.0,25,1.0,0,0,0,0,0,0.0,0.1145546458674431,-0.1329891371896394,2.6988047043887717,2.6988047043887717,0.0,0.0,0.0,0.0,0.0
2015-02-12,DEVELOPMENT,REGULAR,0.0027397260273972,2015-02-12 22:00:00+00:00,2015-02-13 22:00:00+00:00,24.0,25,1.0,0,0,0,0,0,0.0,-0.0894155317583482,-0.0380995894494589,3.6797962527798576,3.6797962527798576,0.0,0.0,0.0,0.0,0.0
2015-02-16,DEVELOPMENT,REGULAR,0.0027397260273972,2015-02-16 22:00:00+00:00,2015-02-17 22:00:00+00:00,24.0,24,2.0,0,0,0,0,0,0.0,-0.0714174246644105,0.0314987697867508,3.2319168959303823,3.2319168959303823,0.0,0.0,0.0,0.0,0.0
2015-02-17,DEVELOPMENT,REGULAR,0.0027397260273972,2015-02-17 22:00:00+00:00,2015-02-18 22:00:00+00:00,24.0,25,1.0,0,0,0,0,0,0.0,-0.0181921450096353,0.0014766135321337,3.938857670261341,3.938857670261341,0.0,0.0,0.0,0.0,0.0
2015-02-18,DEVELOPMENT,REGULAR,0.0027397260273972,2015-02-18 22:00:00+00:00,2015-02-19 22:00:00+00:00,24.0,25,1.0,0,0,0,0,0,0.0,-0.2149956726610327,0.1948972789311795,3.680555375522764,3.680555375522764,0.0,0.0,0.0,0.0,0.0
2015-02-19,DEVELOPMENT,REGULAR,0.0027397260273972,2015-02-19 22:00:00+00:00,2015-02-20 22:00:00+00:00,24.0,25,1.0,0,0,0,0,0,0.0,-0.0527001530972057,-0.0454775373675175,4.65120169174665,4.65120169174665,0.0,0.0,0.0,0.0,0.0
2015-02-23,DEVELOPMENT,REGULAR,0.0027397260273972,2015-02-23 22:00:00+00:00,2015-02-24 22:00:00+00:00,24.0,25,1.0,0,0,0,0,0,0.0,-0.0954027154471504,0.0751798198911899,2.683584482659187,2.683584482659187,0.0,0.0,0.0,0.0,0.0
2015-02-24,DEVELOPMENT,REGULAR,0.0027397260273972,2015-02-24 22:00:00+00:00,2015-02-25 22:00:00+00:00,24.0,25,1.0,0,0,0,0,0,0.0,-0.2369853197306639,0.2200004640974384,3.17248227037931,3.17248227037931,0.0,0.0,0.0,0.0,0.0
2015-02-25,DEVELOPMENT,REGULAR,0.0027397260273972,2015-02-25 22:00:00+00:00,2015-02-26 22:00:00+00:00,24.0,25,1.0,0,0,0,0,0,0.0,0.0190030658258848,-0.0347685278247382,3.685475874494899,3.685475874494899,0.0,0.0,0.0,0.0,0.0
2015-02-26,DEVELOPMENT,REGULAR,0.0027397260273972,2015-02-26 22:00:00+00:00,2015-02-27 22:00:00+00:00,24.0,25,1.0,0,0,0,0,0,0.0,-0.2381301594572278,0.1239622610438004,3.179516458181506,3.179516458181506,0.0,0.0,0.0,0.0,0.0
2015-03-02,DEVELOPMENT,REGULAR,0.0027397260273972,2015-03-02 22:00:00+00:00,2015-03-03 22:00:00+00:00,24.0,25,1.0,0,0,1,1,0,0.0,0.0040709108315866,-0.0320578978609091,3.090254234395407,3.090254234395407,0.0,0.0,0.0,0.0,0.0
2015-03-03,DEVELOPMENT,REGULAR,0.0027397260273972,2015-03-03 22:00:00+00:00,2015-03-04 22:00:00+00:00,24.0,25,1.0,0,0,0,0,0,0.0,-0.2253191242121062,0.2012268257766241,3.3898092352025126,3.3898092352025126,0.0,0.0,0.0,0.0,0.0
2015-03-04,DEVELOPMENT,REGULAR,0.0027397260273972,2015-03-04 22:00:00+00:00,2015-03-05 22:00:00+00:00,24.0,25,1.0,0,0,0,0,0,0.0,-0.0793239695865821,0.0510576043828905,2.6995329744580454,2.6995329744580454,0.0,0.0,0.0,0.0,0.0
2015-03-05,DEVELOPMENT,REGULAR,0.0027397260273972,2015-03-05 22:00:00+00:00,2015-03-06 22:00:00+00:00,24.0,25,1.0,0,0,0,0,0,0.0,0.0966746171752674,-0.1306144024632516,2.9198032620713192,2.9198032620713192,0.0,0.0,0.0,0.0,0.0
2015-03-09,DEVELOPMENT,REGULAR,0.0027397260273972,2015-03-09 21:00:00+00:00,2015-03-10 21:00:00+00:00,24.0,25,1.0,0,0,0,0,0,0.0,-0.0575918858825477,0.0409923068317927,3.989460780952993,3.989460780952993,0.0,0.0,0.0,0.0,0.0
2015-03-10,DEVELOPMENT,REGULAR,0.0027397260273972,2015-03-10 21:00:00+00:00,2015-03-11 21:00:00+00:00,24.0,25,1.0,0,0,0,0,0,0.0,-0.1060198720630722,0.0636904486489839,3.676289054131116,3.676289054131116,0.0,0.0,0.0,0.0,0.0
2015-03-11,DEVELOPMENT,REGULAR,0.0027397260273972,2015-03-11 21:00:00+00:00,2015-03-12 21:00:00+00:00,24.0,25,1.0,0,0,0,0,0,0.0,-0.2299774593984906,0.208803160651378,3.064186101625079,3.064186101625079,0.0,0.0,0.0,0.0,0.0
2015-03-12,DEVELOPMENT,REGULAR,0.0027397260273972,2015-03-12 21:00:00+00:00,2015-03-13 21:00:00+00:00,24.0,25,1.0,0,0,0,0,0,0.0,-0.2480692605387986,0.1942177547956731,4.128416622138375,4.128416622138375,0.0,0.0,0.0,0.0,0.0
2015-03-16,DEVELOPMENT,REGULAR,0.0027397260273972,2015-03-16 21:00:00+00:00,2015-03-17 21:00:00+00:00,24.0,25,1.0,0,0,0,0,0,0.0,-0.4297871696243307,0.4218892003630863,1.7723715982336803,1.7723715982336803,0.0,0.0,0.0,0.0,0.0
2015-03-17,DEVELOPMENT,REGULAR,0.0027397260273972,2015-03-17 21:00:00+00:00,2015-03-18 21:00:00+00:00,24.0,25,1.0,0,0,0,0,0,0.0,-0.1631277860833364,0.1449548010723447,2.405565620467039,2.405565620467039,0.0,0.0,0.0,0.0,0.0
2015-03-18,DEVELOPMENT,REGULAR,0.0027397260273972,2015-03-18 21:00:00+00:00,2015-03-19 21:00:00+00:00,24.0,25,1.0,0,0,0,0,0,0.0,0.0368402361787332,-0.0689841237124255,3.628511304374192,3.628511304374192,0.0,0.0,0.0,0.0,0.0
2015-03-19,DEVELOPMENT,REGULAR,0.0027397260273972,2015-03-19 21:00:00+00:00,2015-03-20 21:00:00+00:00,24.0,25,1.0,0,0,0,0,0,0.0,-0.0217330492911287,-0.0171177709929963,3.810381643223417,3.810381643223417,0.0,0.0,0.0,0.0,0.0
2015-03-23,DEVELOPMENT,REGULAR,0.0027397260273972,2015-03-23 21:00:00+00:00,2015-03-24 21:00:00+00:00,24.0,25,1.0,0,0,0,0,0,0.0,-0.2202939929562681,0.204496327990082,3.560137279624132,3.560137279624132,0.0,0.0,0.0,0.0,0.0
2015-03-24,DEVELOPMENT,REGULAR,0.0027397260273972,2015-03-24 21:00:00+00:00,2015-03-25 21:00:00+00:00,24.0,25,1.0,0,0,0,0,0,0.0,-0.0525290251567582,0.0263818155669923,3.8883414560044094,3.8883414560044094,0.0,0.0,0.0,0.0,0.0
2015-03-25,DEVELOPMENT,REGULAR,0.0027397260273972,2015-03-25 21:00:00+00:00,2015-03-26 21:00:00+00:00,24.0,25,1.0,0,0,0,0,0,0.0,0.1054852708996634,-0.1384027915555634,3.689327905680376,3.689327905680376,0.0,0.0,0.0,0.0,0.0
2015-03-26,DEVELOPMENT,REGULAR,0.0027397260273972,2015-03-26 21:00:00+00:00,2015-03-27 21:00:00+00:00,24.0,25,1.0,0,0,0,0,0,0.0,-0.2835167011967243,0.265536456518852,3.0659705925635814,3.0659705925635814,0.0,0.0,0.0,0.0,0.0
2015-03-30,DEVELOPMENT,REGULAR,0.0027397260273972,2015-03-30 21:00:00+00:00,2015-03-31 21:00:00+00:00,24.0,25,1.0,0,0,0,0,0,0.0,-0.1693199920398456,0.134636996663616,3.947789935684,3.947789935684,0.0,0.0,0.0,0.0,0.0
2015-03-31,DEVELOPMENT,REGULAR,0.0027397260273972,2015-03-31 21:00:00+00:00,2015-04-01 21:00:00+00:00,24.0,25,1.0,0,0,0,0,0,0.0,0.0927922003538128,-0.1232744898995719,4.060981674108881,4.060981674108881,0.0,0.0,0.0,0.0,0.0
2015-04-01,DEVELOPMENT,REGULAR,0.0027397260273972,2015-04-01 21:00:00+00:00,2015-04-02 21:00:00+00:00,24.0,25,1.0,0,0,0,0,0,0.0,-0.3748667928854612,0.3625566456751237,2.366570131540965,2.366570131540965,0.0,0.0,0.0,0.0,0.0
2015-04-02,DEVELOPMENT,REGULAR,0.0027397260273972,2015-04-02 21:00:00+00:00,2015-04-03 21:00:00+00:00,24.0,25,1.0,0,0,0,0,0,0.0,-0.1366743941257482,0.0276040501324814,2.398329073869348,2.398329073869348,0.0,0.0,0.0,0.0,0.0
2015-04-06,DEVELOPMENT,REGULAR,0.0027397260273972,2015-04-06 21:00:00+00:00,2015-04-07 21:00:00+00:00,24.0,25,1.0,0,0,0,0,0,0.0,-0.0270190293660022,-0.0073285578709914,2.8908757542116,2.8908757542116,0.0,0.0,0.0,0.0,0.0
2015-04-07,DEVELOPMENT,REGULAR,0.0027397260273972,2015-04-07 21:00:00+00:00,2015-04-08 21:00:00+00:00,24.0,25,1.0,0,0,0,0,0,0.0,-0.1305737239650284,0.1035587390138204,2.8468754546561463,2.8468754546561463,0.0,0.0,0.0,0.0,0.0
2015-04-08,DEVELOPMENT,REGULAR,0.0027397260273972,2015-04-08 21:00:00+00:00,2015-04-09 21:00:00+00:00,24.0,25,1.0,0,0,0,0,0,0.0,-0.0487544094754639,0.0240599657296343,4.276047847819115,4.276047847819115,0.0,0.0,0.0,0.0,0.0
2015-04-09,DEVELOPMENT,REGULAR,0.0027397260273972,2015-04-09 21:00:00+00:00,2015-04-10 21:00:00+00:00,24.0,25,1.0,0,0,0,0,0,0.0,-0.069827071542079,0.019991993920172,3.226938028647355,3.226938028647355,0.0,0.0,0.0,0.0,0.0
2015-04-13,DEVELOPMENT,REGULAR,0.0027397260273972,2015-04-13 21:00:00+00:00,2015-04-14 21:00:00+00:00,24.0,25,1.0,0,0,0,0,0,0.0,0.0542641605272962,-0.0707455334904949,3.1468126125403346,3.1468126125403346,0.0,0.0,0.0,0.0,0.0
2015-04-14,DEVELOPMENT,REGULAR,0.0027397260273972,2015-04-14 21:00:00+00:00,2015-04-15 21:00:00+00:00,24.0,25,1.0,0,0,0,0,0,0.0,-0.0898054320634429,0.0679718131823108,4.106357888248861,4.106357888248861,0.0,0.0,0.0,0.0,0.0
2015-04-15,DEVELOPMENT,REGULAR,0.0027397260273972,2015-04-15 21:00:00+00:00,2015-04-16 21:00:00+00:00,24.0,25,1.0,0,0,0,0,0,0.0,0.1674206468423165,-0.2132233369328418,5.885133729366144,5.885133729366144,0.0,0.0,0.0,0.0,0.0
2015-04-16,DEVELOPMENT,REGULAR,0.0027397260273972,2015-04-16 21:00:00+00:00,2015-04-17 21:00:00+00:00,24.0,25,1.0,0,0,0,0,0,0.0,0.0226317535398834,-0.1430136832223212,5.001825426571315,5.001825426571315,0.0,0.0,0.0,0.0,0.0
2015-04-20,DEVELOPMENT,REGULAR,0.0027397260273972,2015-04-20 21:00:00+00:00,2015-04-21 21:00:00+00:00,24.0,25,1.0,0,0,0,0,0,0.0,0.0173256447106382,-0.0571467530603513,3.4876737209596023,3.4876737209596023,0.0,0.0,0.0,0.0,0.0
2015-04-21,DEVELOPMENT,REGULAR,0.0027397260273972,2015-04-21 21:00:00+00:00,2015-04-22 21:00:00+00:00,24.0,25,1.0,0,0,0,0,0,0.0,-0.1406598175643125,0.1046915306684326,3.8104063691572954,3.8104063691572954,0.0,0.0,0.0,0.0,0.0
2015-04-22,DEVELOPMENT,REGULAR,0.0027397260273972,2015-04-22 21:00:00+00:00,2015-04-23 21:00:00+00:00,24.0,25,1.0,0,0,0,0,0,0.0,0.0031742247129926,-0.0265461037817971,4.214463884672678,4.214463884672678,0.0,0.0,0.0,0.0,0.0
2015-04-23,DEVELOPMENT,REGULAR,0.0027397260273972,2015-04-23 21:00:00+00:00,2015-04-24 21:00:00+00:00,24.0,25,1.0,0,0,0,0,0,0.0,0.0262272032292969,-0.0720374529939533,3.691438135183109,3.691438135183109,0.0,0.0,0.0,0.0,0.0
2015-04-27,DEVELOPMENT,REGULAR,0.0027397260273972,2015-04-27 21:00:00+00:00,2015-04-28 21:00:00+00:00,24.0,25,1.0,0,0,0,0,0,0.0,-0.1757447607497511,0.1604379671443609,3.677730919979561,3.677730919979561,0.0,0.0,0.0,0.0,0.0
2015-04-28,DEVELOPMENT,REGULAR,0.0027397260273972,2015-04-28 21:00:00+00:00,2015-04-29 21:00:00+00:00,24.0,25,1.0,0,0,0,0,0,0.0,0.1728510278208119,-0.2284507877303525,5.851295843875251,5.851295843875251,0.0,0.0,0.0,0.0,0.0
2015-04-29,DEVELOPMENT,REGULAR,0.0027397260273972,2015-04-29 21:00:00+00:00,2015-04-30 21:00:00+00:00,24.0,25,1.0,0,0,0,0,0,0.0,0.0252259145947419,-0.0525794767204104,3.9877876334080886,3.9877876334080886,0.0,0.0,0.0,0.0,0.0
2015-04-30,DEVELOPMENT,REGULAR,0.0027397260273972,2015-04-30 21:00:00+00:00,2015-05-01 21:00:00+00:00,24.0,25,1.0,0,0,0,0,0,0.0,-0.0945364207420169,0.0304350215248803,2.2641021617048125,2.2641021617048125,0.0,0.0,0.0,0.0,0.0
2015-05-04,DEVELOPMENT,REGULAR,0.0027397260273972,2015-05-04 21:00:00+00:00,2015-05-05 21:00:00+00:00,24.0,25,1.0,0,0,0,0,0,0.0,-0.0057161280904551,-0.0395000447746269,4.472998166980971,4.472998166980971,0.0,0.0,0.0,0.0,0.0
2015-05-05,DEVELOPMENT,REGULAR,0.0027397260273972,2015-05-05 21:00:00+00:00,2015-05-06 21:00:00+00:00,24.0,25,1.0,0,0,0,0,0,0.0,-0.0194422679568475,-0.0492195835285826,3.5352172202923304,3.5352172202923304,0.0,0.0,0.0,0.0,0.0
2015-05-06,DEVELOPMENT,REGULAR,0.0027397260273972,2015-05-06 21:00:00+00:00,2015-05-07 21:00:00+00:00,24.0,25,1.0,0,0,1,1,0,0.0,0.0034408683984139,-0.021158646193129,4.298424191206497,4.298424191206497,0.0,0.0,0.0,0.0,0.0
2015-05-07,DEVELOPMENT,REGULAR,0.0027397260273972,2015-05-07 21:00:00+00:00,2015-05-08 21:00:00+00:00,24.0,25,1.0,0,0,0,0,0,0.0,-0.5444764275164511,0.5330612054010437,2.183479420684333,2.183479420684333,0.0,0.0,0.0,0.0,0.0
2015-05-11,DEVELOPMENT,REGULAR,0.0027397260273972,2015-05-11 21:00:00+00:00,2015-05-12 21:00:00+00:00,24.0,25,1.0,0,0,0,0,0,0.0,-0.0771432765442909,0.0589470824717324,4.021975890274496,4.021975890274496,0.0,0.0,0.0,0.0,0.0
2015-05-12,DEVELOPMENT,REGULAR,0.0027397260273972,2015-05-12 21:00:00+00:00,2015-05-13 21:00:00+00:00,24.0,25,1.0,0,0,0,0,0,0.0,0.0188880294587363,-0.0560652799723584,2.9905698697414,2.9905698697414,0.0,0.0,0.0,0.0,0.0
2015-05-13,DEVELOPMENT,REGULAR,0.0027397260273972,2015-05-13 21:00:00+00:00,2015-05-14 21:00:00+00:00,24.0,25,1.0,0,0,0,0,0,0.0,-0.0310698868902186,0.0093941396357166,4.970409127563182,4.970409127563182,0.0,0.0,0.0,0.0,0.0
2015-05-14,DEVELOPMENT,REGULAR,0.0027397260273972,2015-05-14 21:00:00+00:00,2015-05-15 21:00:00+00:00,24.0,25,1.0,0,0,0,0,0,0.0,-0.0152859988471618,-0.0045012276259797,3.9460320876654262,3.9460320876654262,0.0,0.0,0.0,0.0,0.0
2015-05-18,DEVELOPMENT,REGULAR,0.0027397260273972,2015-05-18 21:00:00+00:00,2015-05-19 21:00:00+00:00,24.0,25,1.0,0,0,0,0,0,0.0,0.0068875418977398,-0.0174212754586591,2.840892233782677,2.840892233782677,0.0,0.0,0.0,0.0,0.0
2015-05-19,DEVELOPMENT,REGULAR,0.0027397260273972,2015-05-19 21:00:00+00:00,2015-05-20 21:00:00+00:00,24.0,25,1.0,0,0,0,0,0,0.0,-0.0247058556726642,-0.0352870646497791,3.25115401568734,3.25115401568734,0.0,0.0,0.0,0.0,0.0
2015-05-20,DEVELOPMENT,REGULAR,0.0027397260273972,2015-05-20 21:00:00+00:00,2015-05-21 21:00:00+00:00,24.0,25,1.0,0,0,0,0,0,0.0,-0.1172863648811244,0.0724477271320722,3.762198903237184,3.762198903237184,0.0,0.0,0.0,0.0,0.0
2015-05-21,DEVELOPMENT,REGULAR,0.0027397260273972,2015-05-21 21:00:00+00:00,2015-05-22 21:00:00+00:00,24.0,25,1.0,0,0,0,0,0,0.0,0.0895824341726267,-0.1390952586147591,3.260663106849768,3.260663106849768,0.0,0.0,0.0,0.0,0.0
2015-05-25,DEVELOPMENT,REGULAR,0.0027397260273972,2015-05-25 21:00:00+00:00,2015-05-26 21:00:00+00:00,24.0,25,1.0,0,0,0,0,0,0.0,0.1094899026652029,-0.1482226698241646,2.1012708779205296,2.1012708779205296,0.0,0.0,0.0,0.0,0.0
2015-05-26,DEVELOPMENT,REGULAR,0.0027397260273972,2015-05-26 21:00:00+00:00,2015-05-27 21:00:00+00:00,24.0,25,1.0,0,0,0,0,0,0.0,-0.0364930202658229,-0.0040127456952063,3.2330894068503806,3.2330894068503806,0.0,0.0,0.0,0.0,0.0
2015-05-27,DEVELOPMENT,REGULAR,0.0027397260273972,2015-05-27 21:00:00+00:00,2015-05-28 21:00:00+00:00,24.0,25,1.0,0,0,0,0,0,0.0,0.0766368239171697,-0.0991082134744942,4.915391456143109,4.915391456143109,0.0,0.0,0.0,0.0,0.0
2015-05-28,DEVELOPMENT,REGULAR,0.0027397260273972,2015-05-28 21:00:00+00:00,2015-05-29 21:00:00+00:00,24.0,25,1.0,0,0,0,0,0,0.0,-0.1736242445674065,0.1268826699513283,4.714951805908401,4.714951805908401,0.0,0.0,0.0,0.0,0.0
2015-06-01,DEVELOPMENT,REGULAR,0.0027397260273972,2015-06-01 21:00:00+00:00,2015-06-02 21:00:00+00:00,24.0,25,1.0,0,0,0,0,0,0.0,0.1382753780583812,-0.2001239463949673,3.703360198981453,3.703360198981453,0.0,0.0,0.0,0.0,0.0
2015-06-02,DEVELOPMENT,REGULAR,0.0027397260273972,2015-06-02 21:00:00+00:00,2015-06-03 21:00:00+00:00,24.0,25,1.0,0,0,0,0,0,0.0,0.0182279578051094,-0.0400716191737586,4.8187444251312135,4.8187444251312135,0.0,0.0,0.0,0.0,0.0
2015-06-03,DEVELOPMENT,REGULAR,0.0027397260273972,2015-06-03 21:00:00+00:00,2015-06-04 21:00:00+00:00,24.0,25,1.0,0,0,0,0,0,0.0,-0.2325844607505516,0.2087458103843147,3.505583494544736,3.505583494544736,0.0,0.0,0.0,0.0,0.0
2015-06-04,DEVELOPMENT,REGULAR,0.0027397260273972,2015-06-04 21:00:00+00:00,2015-06-05 21:00:00+00:00,24.0,25,1.0,0,0,0,0,0,0.0,-0.0778569732121212,-0.0117210938253009,2.3504382206991044,2.3504382206991044,0.0,0.0,0.0,0.0,0.0
2015-06-08,DEVELOPMENT,REGULAR,0.0027397260273972,2015-06-08 21:00:00+00:00,2015-06-09 21:00:00+00:00,24.0,25,1.0,0,0,0,0,0,0.0,-0.0334946486423604,-0.0066279329353307,4.891126823800538,4.891126823800538,0.0,0.0,0.0,0.0,0.0
2015-06-09,DEVELOPMENT,REGULAR,0.0027397260273972,2015-06-09 21:00:00+00:00,2015-06-10 21:00:00+00:00,24.0,25,1.0,0,0,0,0,0,0.0,1.1713049511807585,-1.225772499486098,2.776731383352078,2.776731383352078,0.0,0.0,0.0,0.0,0.0
2015-06-10,DEVELOPMENT,REGULAR,0.0027397260273972,2015-06-10 21:00:00+00:00,2015-06-11 21:00:00+00:00,24.0,25,1.0,0,0,0,0,0,0.0,-0.1122209715063604,0.0716462738113961,2.2854979676912315,2.2854979676912315,0.0,0.0,0.0,0.0,0.0
2015-06-11,DEVELOPMENT,REGULAR,0.0027397260273972,2015-06-11 21:00:00+00:00,2015-06-12 21:00:00+00:00,24.0,25,1.0,0,0,0,0,0,0.0,-0.4078011123411649,0.3797496557996851,3.313683873322017,3.313683873322017,0.0,0.0,0.0,0.0,0.0
2015-06-15,DEVELOPMENT,REGULAR,0.0027397260273972,2015-06-15 21:00:00+00:00,2015-06-16 21:00:00+00:00,24.0,25,1.0,0,0,0,0,0,0.0,-0.3972502057964711,0.38658546357345,1.7309775465517865,1.7309775465517865,0.0,0.0,0.0,0.0,0.0
2015-06-16,DEVELOPMENT,REGULAR,0.0027397260273972,2015-06-16 21:00:00+00:00,2015-06-17 21:00:00+00:00,24.0,25,1.0,0,0,0,0,0,0.0,-0.0523242670144625,0.0385286422758177,2.6671285285356747,2.6671285285356747,0.0,0.0,0.0,0.0,0.0
2015-06-17,DEVELOPMENT,REGULAR,0.0027397260273972,2015-06-17 21:00:00+00:00,2015-06-18 21:00:00+00:00,24.0,25,1.0,0,0,0,0,0,0.0,-0.0602053319032194,0.0307718166181842,3.2541957437463296,3.2541957437463296,0.0,0.0,0.0,0.0,0.0
2015-06-18,DEVELOPMENT,REGULAR,0.0027397260273972,2015-06-18 21:00:00+00:00,2015-06-19 21:00:00+00:00,24.0,25,1.0,0,0,0,0,0,0.0,-0.1496625653641103,0.0864601858386606,3.645213152259943,3.645213152259943,0.0,0.0,0.0,0.0,0.0
2015-06-22,DEVELOPMENT,REGULAR,0.0027397260273972,2015-06-22 21:00:00+00:00,2015-06-23 21:00:00+00:00,24.0,25,1.0,0,0,0,0,0,0.0,-0.0202530292162208,0.0085176610212727,2.803580707040413,2.803580707040413,0.0,0.0,0.0,0.0,0.0
2015-06-23,DEVELOPMENT,REGULAR,0.0027397260273972,2015-06-23 21:00:00+00:00,2015-06-24 21:00:00+00:00,24.0,25,1.0,0,0,0,0,0,0.0,-0.0891435322415361,0.0730812745767721,4.21776885511518,4.21776885511518,0.0,0.0,0.0,0.0,0.0
2015-06-24,DEVELOPMENT,REGULAR,0.0027397260273972,2015-06-24 21:00:00+00:00,2015-06-25 21:00:00+00:00,24.0,25,1.0,0,0,0,0,0,0.0,-0.0889410921917885,0.0653285488011761,3.675995658287332,3.675995658287332,0.0,0.0,0.0,0.0,0.0
2015-06-25,DEVELOPMENT,REGULAR,0.0027397260273972,2015-06-25 21:00:00+00:00,2015-06-26 21:00:00+00:00,24.0,25,1.0,0,0,0,0,0,0.0,-0.0880475205303525,0.0403563169969345,3.7710422924682776,3.7710422924682776,0.0,0.0,0.0,0.0,0.0
2015-06-29,DEVELOPMENT,REGULAR,0.0027397260273972,2015-06-29 21:00:00+00:00,2015-06-30 21:00:00+00:00,24.0,25,1.0,0,0,0,0,0,0.0,-0.0211225005469515,-0.008291013296457,4.462463491233848,4.462463491233848,0.0,0.0,0.0,0.0,0.0
2015-06-30,DEVELOPMENT,REGULAR,0.0027397260273972,2015-06-30 21:00:00+00:00,2015-07-01 21:00:00+00:00,24.0,25,1.0,0,0,0,0,0,0.0,-0.1379026629836204,0.1193921457773541,2.80042194918467,2.80042194918467,0.0,0.0,0.0,0.0,0.0
2015-07-01,DEVELOPMENT,REGULAR,0.0027397260273972,2015-07-01 21:00:00+00:00,2015-07-02 21:00:00+00:00,24.0,25,1.0,0,0,0,0,0,0.0,-0.3975117689553258,0.3720956186361377,2.800798124568444,2.800798124568444,0.0,0.0,0.0,0.0,0.0
2015-07-02,DEVELOPMENT,REGULAR,0.0027397260273972,2015-07-02 21:00:00+00:00,2015-07-03 21:00:00+00:00,24.0,25,1.0,0,0,1,0,0,0.0,-0.2882661864188804,0.1307458673766035,3.254451297234936,3.254451297234936,0.0,0.0,0.0,0.0,0.0
2015-07-06,DEVELOPMENT,REGULAR,0.0027397260273972,2015-07-06 21:00:00+00:00,2015-07-07 21:00:00+00:00,24.0,25,1.0,0,0,0,0,0,0.0,-0.1894757973735501,0.1675817590779011,3.481589781951299,3.481589781951299,0.0,0.0,0.0,0.0,0.0
2015-07-07,DEVELOPMENT,REGULAR,0.0027397260273972,2015-07-07 21:00:00+00:00,2015-07-08 21:00:00+00:00,24.0,25,1.0,0,0,0,0,0,0.0,-0.0077433389915739,-0.0082165991850331,2.2539917135619323,2.2539917135619323,0.0,0.0,0.0,0.0,0.0
2015-07-08,DEVELOPMENT,REGULAR,0.0027397260273972,2015-07-08 21:00:00+00:00,2015-07-09 21:00:00+00:00,24.0,25,1.0,0,0,0,0,0,0.0,-0.1422153707631821,0.119007249189849,3.0823495286921108,3.0823495286921108,0.0,0.0,0.0,0.0,0.0
2015-07-09,DEVELOPMENT,REGULAR,0.0027397260273972,2015-07-09 21:00:00+00:00,2015-07-10 21:00:00+00:00,24.0,25,1.0,0,0,0,0,0,0.0,-0.0233619756395313,-0.0827769303042345,2.520896615231273,2.520896615231273,0.0,0.0,0.0,0.0,0.0
2015-07-13,DEVELOPMENT,REGULAR,0.0027397260273972,2015-07-13 21:00:00+00:00,2015-07-14 21:00:00+00:00,24.0,25,1.0,0,0,0,0,0,0.0,-0.2571962235405252,0.2389618396687254,3.4047428519221,3.4047428519221,0.0,0.0,0.0,0.0,0.0
2015-07-14,DEVELOPMENT,REGULAR,0.0027397260273972,2015-07-14 21:00:00+00:00,2015-07-15 21:00:00+00:00,24.0,25,1.0,0,0,0,0,0,0.0,-0.2002257131206306,0.1838210308499128,2.5192122613978336,2.5192122613978336,0.0,0.0,0.0,0.0,0.0
2015-07-15,DEVELOPMENT,REGULAR,0.0027397260273972,2015-07-15 21:00:00+00:00,2015-07-16 21:00:00+00:00,24.0,25,1.0,0,0,0,0,0,0.0,-0.1418099099772121,0.119567430298332,3.07471097997174,3.07471097997174,0.0,0.0,0.0,0.0,0.0
2015-07-16,DEVELOPMENT,REGULAR,0.0027397260273972,2015-07-16 21:00:00+00:00,2015-07-17 21:00:00+00:00,24.0,25,1.0,0,0,0,0,0,0.0,-0.3343328874564548,0.2943364162392896,2.344598710854673,2.344598710854673,0.0,0.0,0.0,0.0,0.0
2015-07-20,DEVELOPMENT,REGULAR,0.0027397260273972,2015-07-20 21:00:00+00:00,2015-07-21 21:00:00+00:00,24.0,25,1.0,0,0,0,0,0,0.0,0.0611911676734564,-0.0784138345254206,3.308864770075997,3.308864770075997,0.0,0.0,0.0,0.0,0.0
2015-07-21,DEVELOPMENT,REGULAR,0.0027397260273972,2015-07-21 21:00:00+00:00,2015-07-22 21:00:00+00:00,24.0,25,1.0,0,0,0,0,0,0.0,-0.1380039723603516,0.0939602511146233,3.347925039829508,3.347925039829508,0.0,0.0,0.0,0.0,0.0
2015-07-22,DEVELOPMENT,REGULAR,0.0027397260273972,2015-07-22 21:00:00+00:00,2015-07-23 21:00:00+00:00,24.0,25,1.0,0,0,0,0,0,0.0,0.0385788512172666,-0.065055577060761,5.211363407217887,5.211363407217887,0.0,0.0,0.0,0.0,0.0
2015-07-23,DEVELOPMENT,REGULAR,0.0027397260273972,2015-07-23 21:00:00+00:00,2015-07-24 21:00:00+00:00,24.0,25,1.0,0,0,0,0,0,0.0,-0.0605214691452715,0.0050131421157146,3.875498137369599,3.875498137369599,0.0,0.0,0.0,0.0,0.0
2015-07-27,DEVELOPMENT,REGULAR,0.0027397260273972,2015-07-27 21:00:00+00:00,2015-07-28 21:00:00+00:00,24.0,25,1.0,0,0,0,0,0,0.0,0.05058970165895,-0.0638127401991113,2.909360504448185,2.909360504448185,0.0,0.0,0.0,0.0,0.0
2015-07-28,DEVELOPMENT,REGULAR,0.0027397260273972,2015-07-28 21:00:00+00:00,2015-07-29 21:00:00+00:00,24.0,25,1.0,0,0,0,0,0,0.0,-0.0952319896085782,0.0483422088968552,3.890380345791075,3.890380345791075,0.0,0.0,0.0,0.0,0.0
2015-07-29,DEVELOPMENT,REGULAR,0.0027397260273972,2015-07-29 21:00:00+00:00,2015-07-30 21:00:00+00:00,24.0,25,1.0,0,0,0,0,0,0.0,-0.116271847119421,0.1018560468492353,2.510866599992001,2.510866599992001,0.0,0.0,0.0,0.0,0.0
2015-07-30,DEVELOPMENT,REGULAR,0.0027397260273972,2015-07-30 21:00:00+00:00,2015-07-31 21:00:00+00:00,24.0,25,1.0,0,0,0,0,0,0.0,0.189499363389558,-0.2683819883467606,5.037741330211839,5.037741330211839,0.0,0.0,0.0,0.0,0.0
2015-08-03,DEVELOPMENT,REGULAR,0.0027397260273972,2015-08-03 21:00:00+00:00,2015-08-04 21:00:00+00:00,24.0,25,1.0,0,0,0,0,0,0.0,-0.0469424367553301,0.0291337113540066,4.765133349738954,4.765133349738954,0.0,0.0,0.0,0.0,0.0
2015-08-04,DEVELOPMENT,REGULAR,0.0027397260273972,2015-08-04 21:00:00+00:00,2015-08-05 21:00:00+00:00,24.0,25,1.0,0,0,0,0,0,0.0,0.114682666296531,-0.1532698408100543,3.802746683770176,3.802746683770176,0.0,0.0,0.0,0.0,0.0
2015-08-05,DEVELOPMENT,REGULAR,0.0027397260273972,2015-08-05 21:00:00+00:00,2015-08-06 21:00:00+00:00,24.0,25,1.0,0,0,0,0,0,0.0,-0.2497104652080395,0.2344815127706709,3.3255503207558403,3.3255503207558403,0.0,0.0,0.0,0.0,0.0
2015-08-06,DEVELOPMENT,REGULAR,0.0027397260273972,2015-08-06 21:00:00+00:00,2015-08-07 21:00:00+00:00,24.0,25,1.0,0,0,0,0,0,0.0,-0.0874347721707522,0.0430967302839633,3.309962800769116,3.309962800769116,0.0,0.0,0.0,0.0,0.0
2015-08-10,DEVELOPMENT,REGULAR,0.0027397260273972,2015-08-10 21:00:00+00:00,2015-08-11 21:00:00+00:00,24.0,25,1.0,0,0,0,0,0,0.0,-0.0160763342811947,-0.019026291595054,3.6802686188217946,3.6802686188217946,0.0,0.0,0.0,0.0,0.0
2015-08-11,DEVELOPMENT,REGULAR,0.0027397260273972,2015-08-11 21:00:00+00:00,2015-08-12 21:00:00+00:00,24.0,25,1.0,0,0,0,0,0,0.0,0.0931571338827268,-0.109282186652976,2.743774524157689,2.743774524157689,0.0,0.0,0.0,0.0,0.0
2015-08-12,DEVELOPMENT,REGULAR,0.0027397260273972,2015-08-12 21:00:00+00:00,2015-08-13 21:00:00+00:00,24.0,25,1.0,0,0,0,0,0,0.0,-0.2519429404659377,0.2216291219043711,3.29489963707803,3.29489963707803,0.0,0.0,0.0,0.0,0.0
2015-08-13,DEVELOPMENT,REGULAR,0.0027397260273972,2015-08-13 21:00:00+00:00,2015-08-14 21:00:00+00:00,24.0,25,1.0,0,0,1,0,0,0.0,-0.3279200893037171,0.2861409081087487,2.614014036877429,2.614014036877429,0.0,0.0,0.0,0.0,0.0
2015-08-17,DEVELOPMENT,REGULAR,0.0027397260273972,2015-08-17 21:00:00+00:00,2015-08-18 21:00:00+00:00,24.0,25,1.0,0,0,0,0,0,0.0,-0.225288660891465,0.2123511615273763,2.7241426258432035,2.7241426258432035,0.0,0.0,0.0,0.0,0.0
2015-08-18,DEVELOPMENT,REGULAR,0.0027397260273972,2015-08-18 21:00:00+00:00,2015-08-19 21:00:00+00:00,24.0,25,1.0,0,0,0,0,0,0.0,-0.1175623969003538,0.0993758096538073,2.9926131942970584,2.9926131942970584,0.0,0.0,0.0,0.0,0.0
2015-08-19,DEVELOPMENT,REGULAR,0.0027397260273972,2015-08-19 21:00:00+00:00,2015-08-20 21:00:00+00:00,24.0,25,1.0,0,0,0,0,0,0.0,-0.0833790412704189,0.0434289817928572,3.775515348808408,3.775515348808408,0.0,0.0,0.0,0.0,0.0
2015-08-20,DEVELOPMENT,REGULAR,0.0027397260273972,2015-08-20 21:00:00+00:00,2015-08-21 21:00:00+00:00,24.0,25,1.0,0,0,0,0,0,0.0,0.0108356998728993,-0.1359294625414975,2.420933337554686,2.420933337554686,0.0,0.0,0.0,0.0,0.0
2015-08-24,DEVELOPMENT,REGULAR,0.0027397260273972,2015-08-24 21:00:00+00:00,2015-08-25 21:00:00+00:00,24.0,25,1.0,0,0,0,0,0,0.0,0.4305140812850112,-0.4924450288848874,3.4688567012474323,3.4688567012474323,0.0,0.0,0.0,0.0,0.0
2015-08-25,DEVELOPMENT,REGULAR,0.0027397260273972,2015-08-25 21:00:00+00:00,2015-08-26 21:00:00+00:00,24.0,25,1.0,0,0,0,0,0,0.0,0.0616635925301807,-0.1388307862083735,4.209826390083043,4.209826390083043,0.0,0.0,0.0,0.0,0.0
2015-08-26,DEVELOPMENT,REGULAR,0.0027397260273972,2015-08-26 21:00:00+00:00,2015-08-27 21:00:00+00:00,24.0,25,1.0,0,0,0,0,0,0.0,-0.2254531454642006,0.1842092172121425,3.2179830936567413,3.2179830936567413,0.0,0.0,0.0,0.0,0.0
2015-08-27,DEVELOPMENT,REGULAR,0.0027397260273972,2015-08-27 21:00:00+00:00,2015-08-28 21:00:00+00:00,24.0,25,1.0,0,0,0,0,0,0.0,-0.3789929844613056,0.3446761124886706,3.4913146272226383,3.4913146272226383,0.0,0.0,0.0,0.0,0.0
2015-08-31,DEVELOPMENT,REGULAR,0.0027397260273972,2015-08-31 21:00:00+00:00,2015-09-01 21:00:00+00:00,24.0,25,1.0,0,0,0,0,0,0.0,-0.0043870639950256,-0.0190064430902481,2.217595444998899,2.217595444998899,0.0,0.0,0.0,0.0,0.0
2015-09-01,DEVELOPMENT,REGULAR,0.0027397260273972,2015-09-01 21:00:00+00:00,2015-09-02 21:00:00+00:00,24.0,25,1.0,0,0,0,0,0,0.0,0.0236620173241846,-0.0461961321498023,3.302103034129532,3.302103034129532,0.0,0.0,0.0,0.0,0.0
2015-09-02,DEVELOPMENT,REGULAR,0.0027397260273972,2015-09-02 21:00:00+00:00,2015-09-03 21:00:00+00:00,24.0,25,1.0,0,0,0,0,0,0.0,-0.1529265374304316,0.1039072487460401,4.319465785639037,4.319465785639037,0.0,0.0,0.0,0.0,0.0
2015-09-03,DEVELOPMENT,REGULAR,0.0027397260273972,2015-09-03 21:00:00+00:00,2015-09-04 21:00:00+00:00,24.0,25,1.0,0,0,0,0,0,0.0,-0.173029019631997,0.1242834823591465,2.6996245420403917,2.6996245420403917,0.0,0.0,0.0,0.0,0.0
2015-09-07,DEVELOPMENT,REGULAR,0.0027397260273972,2015-09-07 21:00:00+00:00,2015-09-08 21:00:00+00:00,24.0,25,1.0,0,0,0,0,0,0.0,0.1768820102681019,-0.202751313092051,3.622715390249735,3.622715390249735,0.0,0.0,0.0,0.0,0.0
2015-09-08,DEVELOPMENT,REGULAR,0.0027397260273972,2015-09-08 21:00:00+00:00,2015-09-09 21:00:00+00:00,24.0,25,1.0,0,0,0,0,0,0.0,-0.079128158929052,0.0158482732018114,2.445736915191726,2.445736915191726,0.0,0.0,0.0,0.0,0.0
2015-09-09,DEVELOPMENT,REGULAR,0.0027397260273972,2015-09-09 21:00:00+00:00,2015-09-10 21:00:00+00:00,24.0,25,1.0,0,0,0,0,0,0.0,-0.4082291717229438,0.3882949898708148,3.1137982451427817,3.1137982451427817,0.0,0.0,0.0,0.0,0.0
2015-09-10,DEVELOPMENT,REGULAR,0.0027397260273972,2015-09-10 21:00:00+00:00,2015-09-11 21:00:00+00:00,24.0,25,1.0,0,0,0,0,0,0.0,-0.5909525541515173,0.5682540181463693,2.41544189270558,2.41544189270558,0.0,0.0,0.0,0.0,0.0
2015-09-14,DEVELOPMENT,REGULAR,0.0027397260273972,2015-09-14 21:00:00+00:00,2015-09-15 21:00:00+00:00,24.0,25,1.0,0,0,0,0,0,0.0,-0.4432961489422524,0.424108225250194,3.2167404825830768,3.2167404825830768,0.0,0.0,0.0,0.0,0.0
2015-09-15,DEVELOPMENT,REGULAR,0.0027397260273972,2015-09-15 21:00:00+00:00,2015-09-16 21:00:00+00:00,24.0,25,1.0,0,0,0,0,0,0.0,-0.3844431602244924,0.3682654048542559,2.854145956220848,2.854145956220848,0.0,0.0,0.0,0.0,0.0
2015-09-16,DEVELOPMENT,REGULAR,0.0027397260273972,2015-09-16 21:00:00+00:00,2015-09-17 21:00:00+00:00,24.0,25,1.0,0,0,0,0,0,0.0,0.2086260975089118,-0.2549014572666692,4.308619645593783,4.308619645593783,0.0,0.0,0.0,0.0,0.0
2015-09-17,DEVELOPMENT,REGULAR,0.0027397260273972,2015-09-17 21:00:00+00:00,2015-09-18 21:00:00+00:00,24.0,25,1.0,0,0,0,0,0,0.0,-0.1227009622191097,0.0893630133348715,3.8946888710260814,3.8946888710260814,0.0,0.0,0.0,0.0,0.0
2015-09-21,DEVELOPMENT,REGULAR,0.0027397260273972,2015-09-21 21:00:00+00:00,2015-09-22 21:00:00+00:00,24.0,25,1.0,0,0,0,0,0,0.0,-0.1655475074955035,0.1313943228199434,2.609382658116682,2.609382658116682,0.0,0.0,0.0,0.0,0.0
2015-09-22,DEVELOPMENT,REGULAR,0.0027397260273972,2015-09-22 21:00:00+00:00,2015-09-23 21:00:00+00:00,24.0,25,1.0,0,0,0,0,0,0.0,-0.0373605637473417,0.000747100916989,5.377978980162975,5.377978980162975,0.0,0.0,0.0,0.0,0.0
2015-09-23,DEVELOPMENT,REGULAR,0.0027397260273972,2015-09-23 21:00:00+00:00,2015-09-24 21:00:00+00:00,24.0,25,1.0,0,0,0,0,0,0.0,-0.1070785241676333,0.0744362528042046,3.283901572310666,3.283901572310666,0.0,0.0,0.0,0.0,0.0
2015-09-24,DEVELOPMENT,REGULAR,0.0027397260273972,2015-09-24 21:00:00+00:00,2015-09-25 21:00:00+00:00,24.0,25,1.0,0,0,0,0,0,0.0,-0.1411750032370093,0.065152705344019,2.802544105467464,2.802544105467464,0.0,0.0,0.0,0.0,0.0
2015-09-28,DEVELOPMENT,REGULAR,0.0027397260273972,2015-09-28 21:00:00+00:00,2015-09-29 21:00:00+00:00,24.0,25,1.0,0,0,0,0,0,0.0,-0.0897641154441402,0.05998036428646,4.847079250133927,4.847079250133927,0.0,0.0,0.0,0.0,0.0
2015-09-29,DEVELOPMENT,REGULAR,0.0027397260273972,2015-09-29 21:00:00+00:00,2015-09-30 21:00:00+00:00,24.0,25,1.0,0,0,0,0,0,0.0,-0.2168125521856723,0.1977855734450742,4.017366380539217,4.017366380539217,0.0,0.0,0.0,0.0,0.0
2015-09-30,DEVELOPMENT,REGULAR,0.0027397260273972,2015-09-30 21:00:00+00:00,2015-10-01 21:00:00+00:00,24.0,25,1.0,0,0,0,0,0,0.0,-0.295241345127021,0.2762945298006123,3.1270352066325824,3.1270352066325824,0.0,0.0,0.0,0.0,0.0
2015-10-01,DEVELOPMENT,REGULAR,0.0027397260273972,2015-10-01 21:00:00+00:00,2015-10-02 21:00:00+00:00,24.0,25,1.0,0,0,0,0,0,0.0,0.2072499855340623,-0.2695593395454096,4.092593798847631,4.092593798847631,0.0,0.0,0.0,0.0,0.0
2015-10-05,DEVELOPMENT,REGULAR,0.0027397260273972,2015-10-05 21:00:00+00:00,2015-10-06 21:00:00+00:00,24.0,25,1.0,0,0,0,0,0,0.0,-0.2139638663126675,0.1818425905090634,3.7745227003274646,3.7745227003274646,0.0,0.0,0.0,0.0,0.0
2015-10-06,DEVELOPMENT,REGULAR,0.0027397260273972,2015-10-06 21:00:00+00:00,2015-10-07 21:00:00+00:00,24.0,25,1.0,0,0,0,0,0,0.0,-0.7050646774556526,0.6905214363273728,2.054936597034345,2.054936597034345,0.0,0.0,0.0,0.0,0.0
2015-10-07,DEVELOPMENT,REGULAR,0.0027397260273972,2015-10-07 21:00:00+00:00,2015-10-08 21:00:00+00:00,24.0,25,1.0,0,0,0,0,0,0.0,-0.2448684049266489,0.2288099549941193,3.3280396203458658,3.3280396203458658,0.0,0.0,0.0,0.0,0.0
2015-10-08,DEVELOPMENT,REGULAR,0.0027397260273972,2015-10-08 21:00:00+00:00,2015-10-09 21:00:00+00:00,24.0,25,1.0,0,0,0,0,0,0.0,-0.190077544430224,0.1396080638858166,2.4289653276853413,2.4289653276853413,0.0,0.0,0.0,0.0,0.0
2015-10-12,DEVELOPMENT,REGULAR,0.0027397260273972,2015-10-12 21:00:00+00:00,2015-10-13 21:00:00+00:00,24.0,25,1.0,0,0,0,0,0,0.0,-0.0813063166232552,0.0518376676823209,3.19422725061297,3.19422725061297,0.0,0.0,0.0,0.0,0.0
2015-10-13,DEVELOPMENT,REGULAR,0.0027397260273972,2015-10-13 21:00:00+00:00,2015-10-14 21:00:00+00:00,24.0,25,1.0,0,0,0,0,0,0.0,0.0372518098849496,-0.0530838890034743,3.264415514057247,3.264415514057247,0.0,0.0,0.0,0.0,0.0
2015-10-14,DEVELOPMENT,REGULAR,0.0027397260273972,2015-10-14 21:00:00+00:00,2015-10-15 21:00:00+00:00,24.0,25,1.0,0,0,0,0,0,0.0,0.1578989473336349,-0.1872201517842739,5.116086413383647,5.116086413383647,0.0,0.0,0.0,0.0,0.0
2015-10-15,DEVELOPMENT,REGULAR,0.0027397260273972,2015-10-15 21:00:00+00:00,2015-10-16 21:00:00+00:00,24.0,25,1.0,0,0,0,0,0,0.0,-0.1346943762158474,0.0507493781941406,3.111098406140724,3.111098406140724,0.0,0.0,0.0,0.0,0.0
2015-10-19,DEVELOPMENT,REGULAR,0.0027397260273972,2015-10-19 21:00:00+00:00,2015-10-20 21:00:00+00:00,24.0,25,1.0,0,0,0,0,0,0.0,-0.1135592461819783,0.0984531954785836,3.3710285936025013,3.3710285936025013,0.0,0.0,0.0,0.0,0.0
2015-10-20,DEVELOPMENT,REGULAR,0.0027397260273972,2015-10-20 21:00:00+00:00,2015-10-21 21:00:00+00:00,24.0,25,1.0,0,0,0,0,0,0.0,-0.1876477196329347,0.1577293410671387,3.5198617124812537,3.5198617124812537,0.0,0.0,0.0,0.0,0.0
2015-10-21,DEVELOPMENT,REGULAR,0.0027397260273972,2015-10-21 21:00:00+00:00,2015-10-22 21:00:00+00:00,24.0,25,1.0,0,0,0,0,0,0.0,0.1119835919664637,-0.1512921794877826,3.399451046950264,3.399451046950264,0.0,0.0,0.0,0.0,0.0
2015-10-22,DEVELOPMENT,REGULAR,0.0027397260273972,2015-10-22 21:00:00+00:00,2015-10-23 21:00:00+00:00,24.0,25,1.0,0,0,0,0,0,0.0,0.1843322854106617,-0.2294469343609364,4.404403951809067,4.404403951809067,0.0,0.0,0.0,0.0,0.0
2015-10-26,DEVELOPMENT,REGULAR,0.0027397260273972,2015-10-26 21:00:00+00:00,2015-10-27 21:00:00+00:00,24.0,25,1.0,0,0,0,0,0,0.0,-0.0189981379551085,0.0045441834922002,2.414527615855407,2.414527615855407,0.0,0.0,0.0,0.0,0.0
2015-10-27,DEVELOPMENT,REGULAR,0.0027397260273972,2015-10-27 21:00:00+00:00,2015-10-28 21:00:00+00:00,24.0,25,1.0,0,0,0,0,0,0.0,0.2720623881061215,-0.2976602294669561,4.280799824577042,4.280799824577042,0.0,0.0,0.0,0.0,0.0
2015-10-28,DEVELOPMENT,REGULAR,0.0027397260273972,2015-10-28 21:00:00+00:00,2015-10-29 21:00:00+00:00,24.0,25,1.0,0,0,0,0,0,0.0,-0.4765807236287838,0.4665805100122426,1.907409486323934,1.907409486323934,0.0,0.0,0.0,0.0,0.0
2015-10-29,DEVELOPMENT,REGULAR,0.0027397260273972,2015-10-29 21:00:00+00:00,2015-10-30 21:00:00+00:00,24.0,25,1.0,0,0,0,0,0,0.0,-0.628477833579538,0.5877485938243296,3.0748517880906734,3.0748517880906734,0.0,0.0,0.0,0.0,0.0
2015-11-02,DEVELOPMENT,REGULAR,0.0027397260273972,2015-11-02 22:00:00+00:00,2015-11-03 22:00:00+00:00,24.0,25,1.0,0,0,0,0,0,0.0,-0.0414685037126076,0.0148411603561697,3.21475598316065,3.21475598316065,0.0,0.0,0.0,0.0,0.0
2015-11-03,DEVELOPMENT,REGULAR,0.0027397260273972,2015-11-03 22:00:00+00:00,2015-11-04 22:00:00+00:00,24.0,25,1.0,0,0,0,0,0,0.0,0.0865589965777218,-0.117145108023962,4.061643614457839,4.061643614457839,0.0,0.0,0.0,0.0,0.0
2015-11-04,DEVELOPMENT,REGULAR,0.0027397260273972,2015-11-04 22:00:00+00:00,2015-11-05 22:00:00+00:00,24.0,25,1.0,0,0,0,0,0,0.0,0.0533018218917931,-0.0734066551486307,5.353165417760383,5.353165417760383,0.0,0.0,0.0,0.0,0.0
2015-11-05,DEVELOPMENT,REGULAR,0.0027397260273972,2015-11-05 22:00:00+00:00,2015-11-06 22:00:00+00:00,24.0,25,1.0,0,0,0,0,0,0.0,0.0209518482017898,-0.1539058442070739,2.267129147536785,2.267129147536785,0.0,0.0,0.0,0.0,0.0
2015-11-09,DEVELOPMENT,REGULAR,0.0027397260273972,2015-11-09 22:00:00+00:00,2015-11-10 22:00:00+00:00,24.0,25,1.0,0,0,0,0,0,0.0,-0.2087692406948562,0.1880832883218985,3.978267279366783,3.978267279366783,0.0,0.0,0.0,0.0,0.0
2015-11-10,DEVELOPMENT,REGULAR,0.0027397260273972,2015-11-10 22:00:00+00:00,2015-11-11 22:00:00+00:00,24.0,25,1.0,0,0,1,0,0,0.0,-0.0529434957157661,0.0302510366777397,4.248871283127857,4.248871283127857,0.0,0.0,0.0,0.0,0.0
2015-11-11,DEVELOPMENT,REGULAR,0.0027397260273972,2015-11-11 22:00:00+00:00,2015-11-12 22:00:00+00:00,24.0,25,1.0,0,0,1,0,0,0.0,-0.0695163413583515,0.0269313615322488,4.6012006365385405,4.6012006365385405,0.0,0.0,0.0,0.0,0.0
2015-11-12,DEVELOPMENT,REGULAR,0.0027397260273972,2015-11-12 22:00:00+00:00,2015-11-13 22:00:00+00:00,24.0,25,1.0,0,0,0,0,0,0.0,-0.2429141007257982,0.2202589139764867,3.266401692915635,3.266401692915635,0.0,0.0,0.0,0.0,0.0
2015-11-16,DEVELOPMENT,REGULAR,0.0027397260273972,2015-11-16 22:00:00+00:00,2015-11-17 22:00:00+00:00,24.0,25,1.0,0,0,0,0,0,0.0,-0.1168077428499003,0.0997153740753304,3.271498813104269,3.271498813104269,0.0,0.0,0.0,0.0,0.0
2015-11-17,DEVELOPMENT,REGULAR,0.0027397260273972,2015-11-17 22:00:00+00:00,2015-11-18 22:00:00+00:00,24.0,25,1.0,0,0,0,0,0,0.0,-0.2134955899722683,0.1911062053776788,3.0509875786964,3.0509875786964,0.0,0.0,0.0,0.0,0.0
2015-11-18,DEVELOPMENT,REGULAR,0.0027397260273972,2015-11-18 22:00:00+00:00,2015-11-19 22:00:00+00:00,24.0,25,1.0,0,0,0,0,0,0.0,-0.1854762281825799,0.1602542901687371,2.472417473941198,2.472417473941198,0.0,0.0,0.0,0.0,0.0
2015-11-19,DEVELOPMENT,REGULAR,0.0027397260273972,2015-11-19 22:00:00+00:00,2015-11-20 22:00:00+00:00,24.0,25,1.0,0,0,0,0,0,0.0,-0.1584501990888114,0.1465878385804799,2.963216293809881,2.963216293809881,0.0,0.0,0.0,0.0,0.0
2015-11-23,DEVELOPMENT,REGULAR,0.0027397260273972,2015-11-23 22:00:00+00:00,2015-11-24 22:00:00+00:00,24.0,25,1.0,0,0,1,1,0,0.0,-0.0004228920039963,-0.0282778819219089,3.460620675812803,3.460620675812803,0.0,0.0,0.0,0.0,0.0
2015-11-24,DEVELOPMENT,REGULAR,0.0027397260273972,2015-11-24 22:00:00+00:00,2015-11-25 22:00:00+00:00,24.0,25,1.0,0,0,0,0,0,0.0,-0.0867919144407096,0.0704690839512949,3.899509040314676,3.899509040314676,0.0,0.0,0.0,0.0,0.0
2015-11-25,DEVELOPMENT,REGULAR,0.0027397260273972,2015-11-25 22:00:00+00:00,2015-11-26 22:00:00+00:00,24.0,25,1.0,0,0,0,0,0,0.0,-0.1905187805718071,0.1674786286686895,2.9738255969468126,2.9738255969468126,0.0,0.0,0.0,0.0,0.0
2015-11-26,DEVELOPMENT,REGULAR,0.0027397260273972,2015-11-26 22:00:00+00:00,2015-11-27 22:00:00+00:00,24.0,25,1.0,0,0,0,0,0,0.0,-0.1209664473393132,-0.0162052545797024,3.546661881129797,3.546661881129797,0.0,0.0,0.0,0.0,0.0
2015-11-30,DEVELOPMENT,REGULAR,0.0027397260273972,2015-11-30 22:00:00+00:00,2015-12-01 22:00:00+00:00,24.0,25,1.0,0,0,0,0,0,0.0,0.0620311548062204,-0.0971045537638559,4.359699277183585,4.359699277183585,0.0,0.0,0.0,0.0,0.0
2015-12-01,DEVELOPMENT,REGULAR,0.0027397260273972,2015-12-01 22:00:00+00:00,2015-12-02 22:00:00+00:00,24.0,25,1.0,0,0,0,0,0,0.0,-0.0669788508258051,0.0623699727458415,2.403952466458482,2.403952466458482,0.0,0.0,0.0,0.0,0.0
2015-12-02,DEVELOPMENT,REGULAR,0.0027397260273972,2015-12-02 22:00:00+00:00,2015-12-03 22:00:00+00:00,24.0,25,1.0,0,0,1,0,0,0.0,-0.0054643706366874,-0.038477417760518,4.306681255177574,4.306681255177574,0.0,0.0,0.0,0.0,0.0
2015-12-03,DEVELOPMENT,REGULAR,0.0027397260273972,2015-12-03 22:00:00+00:00,2015-12-04 22:00:00+00:00,24.0,25,1.0,0,0,0,0,0,0.0,-0.3575900810796071,0.3097287358986023,2.528423379610388,2.528423379610388,0.0,0.0,0.0,0.0,0.0
2015-12-07,DEVELOPMENT,REGULAR,0.0027397260273972,2015-12-07 22:00:00+00:00,2015-12-08 22:00:00+00:00,24.0,25,1.0,0,0,0,0,0,0.0,-0.0366927848147327,0.0171135659783772,2.6830243974433725,2.6830243974433725,0.0,0.0,0.0,0.0,0.0
2015-12-08,DEVELOPMENT,REGULAR,0.0027397260273972,2015-12-08 22:00:00+00:00,2015-12-09 22:00:00+00:00,24.0,25,1.0,0,0,0,0,0,0.0,-0.0301598597843479,0.001426749935959,2.6892007985968243,2.6892007985968243,0.0,0.0,0.0,0.0,0.0
2015-12-09,DEVELOPMENT,REGULAR,0.0027397260273972,2015-12-09 22:00:00+00:00,2015-12-10 22:00:00+00:00,24.0,25,1.0,0,0,0,0,0,0.0,-0.2238515901912023,0.1911167545821968,3.7834251249796207,3.7834251249796207,0.0,0.0,0.0,0.0,0.0
2015-12-10,DEVELOPMENT,REGULAR,0.0027397260273972,2015-12-10 22:00:00+00:00,2015-12-11 22:00:00+00:00,24.0,25,1.0,0,0,0,0,0,0.0,0.160078026696766,-0.1835832169259106,3.794482083138536,3.794482083138536,0.0,0.0,0.0,0.0,0.0
2015-12-14,DEVELOPMENT,REGULAR,0.0027397260273972,2015-12-14 22:00:00+00:00,2015-12-15 22:00:00+00:00,24.0,25,1.0,0,0,0,0,0,0.0,-0.0538729777701405,0.0009760982757143,3.9871004132766,3.9871004132766,0.0,0.0,0.0,0.0,0.0
2015-12-15,DEVELOPMENT,REGULAR,0.0027397260273972,2015-12-15 22:00:00+00:00,2015-12-16 22:00:00+00:00,24.0,25,1.0,0,0,0,0,0,0.0,-0.2221626948011703,0.2011580758778706,3.08770436605432,3.08770436605432,0.0,0.0,0.0,0.0,0.0
2015-12-16,DEVELOPMENT,REGULAR,0.0027397260273972,2015-12-16 22:00:00+00:00,2015-12-17 22:00:00+00:00,24.0,25,1.0,0,0,0,0,0,0.0,-0.1251501584508929,0.1076560906803081,3.02449159943035,3.02449159943035,0.0,0.0,0.0,0.0,0.0
2015-12-17,DEVELOPMENT,REGULAR,0.0027397260273972,2015-12-17 22:00:00+00:00,2015-12-18 22:00:00+00:00,24.0,25,1.0,0,0,0,0,0,0.0,0.270932238606079,-0.324568152780472,3.196274833188637,3.196274833188637,0.0,0.0,0.0,0.0,0.0
2015-12-21,DEVELOPMENT,REGULAR,0.0027397260273972,2015-12-21 22:00:00+00:00,2015-12-22 22:00:00+00:00,24.0,25,1.0,0,0,0,0,0,0.0,-0.1676965902541809,0.1409000742347927,3.3433106459805964,3.3433106459805964,0.0,0.0,0.0,0.0,0.0
2015-12-22,DEVELOPMENT,REGULAR,0.0027397260273972,2015-12-22 22:00:00+00:00,2015-12-23 22:00:00+00:00,24.0,25,1.0,0,0,0,0,0,0.0,-0.1827550465508238,0.1616827083242924,2.9762622575858613,2.9762622575858613,0.0,0.0,0.0,0.0,0.0
2015-12-23,DEVELOPMENT,REGULAR,0.0027397260273972,2015-12-23 22:00:00+00:00,2015-12-24 22:00:00+00:00,24.0,25,1.0,0,0,0,0,0,0.0,-0.0789420933420785,-0.0453030475560041,2.3938629346854885,2.3938629346854885,0.0,0.0,0.0,0.0,0.0
2015-12-28,DEVELOPMENT,REGULAR,0.0027397260273972,2015-12-28 22:00:00+00:00,2015-12-29 22:00:00+00:00,24.0,25,1.0,0,0,0,0,0,0.0,-0.2858698805317914,0.2701681024626197,2.66048286373161,2.66048286373161,0.0,0.0,0.0,0.0,0.0
2015-12-29,DEVELOPMENT,REGULAR,0.0027397260273972,2015-12-29 22:00:00+00:00,2015-12-30 22:00:00+00:00,24.0,25,1.0,0,0,0,0,0,0.0,-0.2512046655778377,0.2386460917459061,2.448514471926622,2.448514471926622,0.0,0.0,0.0,0.0,0.0
2015-12-30,DEVELOPMENT,REGULAR,0.0027397260273972,2015-12-30 22:00:00+00:00,2015-12-31 22:00:00+00:00,24.0,25,1.0,0,0,1,1,0,0.0,-0.1431401943777643,0.0635167287784668,2.409472429742112,2.409472429742112,0.0,0.0,0.0,0.0,0.0
2016-01-04,DEVELOPMENT,REGULAR,0.0027397260273972,2016-01-04 22:00:00+00:00,2016-01-05 22:00:00+00:00,24.0,25,1.0,0,0,0,0,0,0.0,-0.0391792993212192,0.0257401083316608,4.030345643145749,4.030345643145749,0.0,0.0,0.0,0.0,0.0
2016-01-05,DEVELOPMENT,REGULAR,0.0027397260273972,2016-01-05 22:00:00+00:00,2016-01-06 22:00:00+00:00,24.0,25,1.0,0,0,0,0,0,0.0,0.078608417620515,-0.1083468787573735,3.404659529919708,3.404659529919708,0.0,0.0,0.0,0.0,0.0
2016-01-06,DEVELOPMENT,REGULAR,0.0027397260273972,2016-01-06 22:00:00+00:00,2016-01-07 22:00:00+00:00,24.0,25,1.0,0,0,1,0,0,0.0,0.3212836158560606,-0.3394947434541961,3.641771063743544,3.641771063743544,0.0,0.0,0.0,0.0,0.0
2016-01-07,DEVELOPMENT,REGULAR,0.0027397260273972,2016-01-07 22:00:00+00:00,2016-01-08 22:00:00+00:00,24.0,25,1.0,0,0,0,0,0,0.0,-0.3046363548353241,0.2702307242770061,3.3311747708428,3.3311747708428,0.0,0.0,0.0,0.0,0.0
2016-01-11,DEVELOPMENT,REGULAR,0.0027397260273972,2016-01-11 22:00:00+00:00,2016-01-12 22:00:00+00:00,24.0,25,1.0,0,0,0,0,0,0.0,-0.2486257336970787,0.2295863887221187,3.976357133804049,3.976357133804049,0.0,0.0,0.0,0.0,0.0
2016-01-12,DEVELOPMENT,REGULAR,0.0027397260273972,2016-01-12 22:00:00+00:00,2016-01-13 22:00:00+00:00,24.0,25,1.0,0,0,0,0,0,0.0,-0.2347083800934051,0.2229887452827927,2.472486305155126,2.472486305155126,0.0,0.0,0.0,0.0,0.0
2016-01-13,DEVELOPMENT,REGULAR,0.0027397260273972,2016-01-13 22:00:00+00:00,2016-01-14 22:00:00+00:00,24.0,25,1.0,0,0,0,0,0,0.0,0.5466341069359686,-0.5713328219411125,6.584100336908517,6.584100336908517,0.0,0.0,0.0,0.0,0.0
2016-01-14,DEVELOPMENT,REGULAR,0.0027397260273972,2016-01-14 22:00:00+00:00,2016-01-15 22:00:00+00:00,24.0,25,1.0,0,0,0,0,0,0.0,-0.0881518264402245,-0.0092053907967226,2.686909237822161,2.686909237822161,0.0,0.0,0.0,0.0,0.0
2016-01-18,DEVELOPMENT,REGULAR,0.0027397260273972,2016-01-18 22:00:00+00:00,2016-01-19 22:00:00+00:00,24.0,25,1.0,0,0,0,0,0,0.0,-0.0554837625353314,0.0199380111707228,4.367971400275396,4.367971400275396,0.0,0.0,0.0,0.0,0.0
2016-01-19,DEVELOPMENT,REGULAR,0.0027397260273972,2016-01-19 22:00:00+00:00,2016-01-20 22:00:00+00:00,24.0,25,1.0,0,0,0,0,0,0.0,0.0456024994929862,-0.0799472251151058,2.275662921358256,2.275662921358256,0.0,0.0,0.0,0.0,0.0
2016-01-20,DEVELOPMENT,REGULAR,0.0027397260273972,2016-01-20 22:00:00+00:00,2016-01-21 22:00:00+00:00,24.0,25,1.0,0,0,0,0,0,0.0,-0.088296584742892,0.0490721823472455,3.895362034434388,3.895362034434388,0.0,0.0,0.0,0.0,0.0
2016-01-21,DEVELOPMENT,REGULAR,0.0027397260273972,2016-01-21 22:00:00+00:00,2016-01-22 22:00:00+00:00,24.0,25,1.0,0,0,0,0,0,0.0,-0.0701647407008181,0.0176948559346215,3.3216503935157213,3.3216503935157213,0.0,0.0,0.0,0.0,0.0
2016-01-25,DEVELOPMENT,REGULAR,0.0027397260273972,2016-01-25 22:00:00+00:00,2016-01-26 22:00:00+00:00,24.0,25,1.0,0,0,0,0,0,0.0,-0.2218891275981178,0.1911531253341962,3.97532581955737,3.97532581955737,0.0,0.0,0.0,0.0,0.0
2016-01-26,DEVELOPMENT,REGULAR,0.0027397260273972,2016-01-26 22:00:00+00:00,2016-01-27 22:00:00+00:00,24.0,25,1.0,0,0,0,0,0,0.0,-0.1774751755102954,0.127530857505846,3.5405878521964365,3.5405878521964365,0.0,0.0,0.0,0.0,0.0
2016-01-27,DEVELOPMENT,REGULAR,0.0027397260273972,2016-01-27 22:00:00+00:00,2016-01-28 22:00:00+00:00,24.0,25,1.0,0,0,0,0,0,0.0,-0.1977505935029313,0.1656196144805761,4.5806464647966285,4.5806464647966285,0.0,0.0,0.0,0.0,0.0
2016-01-28,DEVELOPMENT,REGULAR,0.0027397260273972,2016-01-28 22:00:00+00:00,2016-01-29 22:00:00+00:00,24.0,25,1.0,0,0,0,0,0,0.0,0.4080282331266858,-0.4330078982069381,2.565896766088583,2.565896766088583,0.0,0.0,0.0,0.0,0.0
2016-02-01,DEVELOPMENT,REGULAR,0.0027397260273972,2016-02-01 22:00:00+00:00,2016-02-02 22:00:00+00:00,24.0,25,1.0,0,0,0,0,0,0.0,-0.0169067046985276,-0.0122033696670058,3.124961912789382,3.124961912789382,0.0,0.0,0.0,0.0,0.0
2016-02-02,DEVELOPMENT,REGULAR,0.0027397260273972,2016-02-02 22:00:00+00:00,2016-02-03 22:00:00+00:00,24.0,25,1.0,0,0,0,0,0,0.0,0.1730590982022875,-0.2198025386737185,3.646934905297875,3.646934905297875,0.0,0.0,0.0,0.0,0.0
2016-02-03,DEVELOPMENT,REGULAR,0.0027397260273972,2016-02-03 22:00:00+00:00,2016-02-04 22:00:00+00:00,24.0,25,1.0,0,0,0,0,0,0.0,0.0782978887722265,-0.1021196281439813,3.925918511687741,3.925918511687741,0.0,0.0,0.0,0.0,0.0
2016-02-04,DEVELOPMENT,REGULAR,0.0027397260273972,2016-02-04 22:00:00+00:00,2016-02-05 22:00:00+00:00,24.0,25,1.0,0,0,0,0,0,0.0,-0.8098120410667207,0.7766102630952076,2.237436417451846,2.237436417451846,0.0,0.0,0.0,0.0,0.0
2016-02-08,DEVELOPMENT,REGULAR,0.0027397260273972,2016-02-08 22:00:00+00:00,2016-02-09 22:00:00+00:00,24.0,25,1.0,0,0,0,0,0,0.0,0.0525266289684225,-0.0833874489558894,3.419052158460028,3.419052158460028,0.0,0.0,0.0,0.0,0.0
2016-02-09,DEVELOPMENT,REGULAR,0.0027397260273972,2016-02-09 22:00:00+00:00,2016-02-10 22:00:00+00:00,24.0,25,1.0,0,0,0,0,0,0.0,-0.2336772860931972,0.1726718589466145,3.163446599510776,3.163446599510776,0.0,0.0,0.0,0.0,0.0
2016-02-10,DEVELOPMENT,REGULAR,0.0027397260273972,2016-02-10 22:00:00+00:00,2016-02-11 22:00:00+00:00,24.0,25,1.0,0,0,0,0,0,0.0,0.3413089441599197,-0.3690768705062766,3.1300557404973905,3.1300557404973905,0.0,0.0,0.0,0.0,0.0
2016-02-11,DEVELOPMENT,REGULAR,0.0027397260273972,2016-02-11 22:00:00+00:00,2016-02-12 22:00:00+00:00,24.0,25,1.0,0,0,0,0,0,0.0,-0.6394367404439549,0.5590378358917434,3.613663245367368,3.613663245367368,0.0,0.0,0.0,0.0,0.0
2016-02-15,DEVELOPMENT,REGULAR,0.0027397260273972,2016-02-15 22:00:00+00:00,2016-02-16 22:00:00+00:00,24.0,25,1.0,0,0,0,0,0,0.0,-0.0526644910141413,-0.020738426671599,3.672111319481156,3.672111319481156,0.0,0.0,0.0,0.0,0.0
2016-02-16,DEVELOPMENT,REGULAR,0.0027397260273972,2016-02-16 22:00:00+00:00,2016-02-17 22:00:00+00:00,24.0,25,1.0,0,0,0,0,0,0.0,-0.2056838150330264,0.1448974923653736,4.573177825025925,4.573177825025925,0.0,0.0,0.0,0.0,0.0
2016-02-17,DEVELOPMENT,REGULAR,0.0027397260273972,2016-02-17 22:00:00+00:00,2016-02-18 22:00:00+00:00,24.0,25,1.0,0,0,1,0,0,0.0,-0.2078021483876,0.1616865283694579,3.2535372805164804,3.2535372805164804,0.0,0.0,0.0,0.0,0.0
2016-02-18,DEVELOPMENT,REGULAR,0.0027397260273972,2016-02-18 22:00:00+00:00,2016-02-19 22:00:00+00:00,24.0,25,1.0,0,0,0,0,0,0.0,-0.0452063387077856,-0.0082546477291742,3.596129049564788,3.596129049564788,0.0,0.0,0.0,0.0,0.0
2016-02-22,DEVELOPMENT,REGULAR,0.0027397260273972,2016-02-22 22:00:00+00:00,2016-02-23 22:00:00+00:00,24.0,25,1.0,0,0,1,0,0,0.0,0.1320032062127012,-0.1585093575303773,2.8800003350762786,2.8800003350762786,0.0,0.0,0.0,0.0,0.0
2016-02-23,DEVELOPMENT,REGULAR,0.0027397260273972,2016-02-23 22:00:00+00:00,2016-02-24 22:00:00+00:00,24.0,25,1.0,0,0,0,0,0,0.0,-0.0153625523903571,-0.0062127927760116,3.3502992486720022,3.3502992486720022,0.0,0.0,0.0,0.0,0.0
2016-02-24,DEVELOPMENT,REGULAR,0.0027397260273972,2016-02-24 22:00:00+00:00,2016-02-25 22:00:00+00:00,24.0,25,1.0,0,0,0,0,0,0.0,-0.1267111526829296,0.0947037866016415,3.669606698875488,3.669606698875488,0.0,0.0,0.0,0.0,0.0
2016-02-25,DEVELOPMENT,REGULAR,0.0027397260273972,2016-02-25 22:00:00+00:00,2016-02-26 22:00:00+00:00,24.0,25,1.0,0,0,0,0,0,0.0,0.1316005978052459,-0.1600486684074837,4.354871283243922,4.354871283243922,0.0,0.0,0.0,0.0,0.0
2016-02-29,DEVELOPMENT,REGULAR,0.0027397260273972,2016-02-29 22:00:00+00:00,2016-03-01 22:00:00+00:00,24.0,25,1.0,0,0,0,0,0,0.0,0.0260719349291775,-0.1024518649439159,3.595386289135616,3.595386289135616,0.0,0.0,0.0,0.0,0.0
2016-03-01,DEVELOPMENT,REGULAR,0.0027397260273972,2016-03-01 22:00:00+00:00,2016-03-02 22:00:00+00:00,24.0,25,1.0,0,0,0,0,0,0.0,0.0990330815666169,-0.1488122044269317,4.3409707447489465,4.3409707447489465,0.0,0.0,0.0,0.0,0.0
2016-03-02,DEVELOPMENT,REGULAR,0.0027397260273972,2016-03-02 22:00:00+00:00,2016-03-03 22:00:00+00:00,24.0,25,1.0,0,0,0,0,0,0.0,-0.2125189621689571,0.1723736815969943,3.487657434161885,3.487657434161885,0.0,0.0,0.0,0.0,0.0
2016-03-03,DEVELOPMENT,REGULAR,0.0027397260273972,2016-03-03 22:00:00+00:00,2016-03-04 22:00:00+00:00,24.0,25,1.0,0,0,0,0,0,0.0,-0.2972399550066171,0.223555722546223,3.809730183256537,3.809730183256537,0.0,0.0,0.0,0.0,0.0
2016-03-07,DEVELOPMENT,REGULAR,0.0027397260273972,2016-03-07 22:00:00+00:00,2016-03-08 22:00:00+00:00,24.0,25,1.0,0,0,0,0,0,0.0,0.06192294024288,-0.0813662375197736,3.0569008670416324,3.0569008670416324,0.0,0.0,0.0,0.0,0.0
2016-03-08,DEVELOPMENT,REGULAR,0.0027397260273972,2016-03-08 22:00:00+00:00,2016-03-09 22:00:00+00:00,24.0,25,1.0,0,0,0,0,0,0.0,-0.0928118906072938,0.0292915700332088,3.80853111672182,3.80853111672182,0.0,0.0,0.0,0.0,0.0
2016-03-09,DEVELOPMENT,REGULAR,0.0027397260273972,2016-03-09 22:00:00+00:00,2016-03-10 22:00:00+00:00,24.0,25,1.0,0,0,0,0,0,0.0,0.2431252262633023,-0.303339031306777,4.771366624996388,4.771366624996388,0.0,0.0,0.0,0.0,0.0
2016-03-10,DEVELOPMENT,REGULAR,0.0027397260273972,2016-03-10 22:00:00+00:00,2016-03-11 22:00:00+00:00,24.0,25,1.0,0,0,0,0,0,0.0,-0.0456166154092869,0.0160821285795123,3.835446348979987,3.835446348979987,0.0,0.0,0.0,0.0,0.0
2016-03-14,DEVELOPMENT,REGULAR,0.0027397260273972,2016-03-14 21:00:00+00:00,2016-03-15 21:00:00+00:00,24.0,25,1.0,0,0,0,0,0,0.0,-0.3763272889939344,0.3458985158311236,2.589739845617915,2.589739845617915,0.0,0.0,0.0,0.0,0.0
2016-03-15,DEVELOPMENT,REGULAR,0.0027397260273972,2016-03-15 21:00:00+00:00,2016-03-16 21:00:00+00:00,24.0,25,1.0,0,0,0,0,0,0.0,0.6576384970308737,-0.7349286865737241,4.691951876556378,4.691951876556378,0.0,0.0,0.0,0.0,0.0
2016-03-16,DEVELOPMENT,REGULAR,0.0027397260273972,2016-03-16 21:00:00+00:00,2016-03-17 21:00:00+00:00,24.0,25,1.0,0,0,0,0,0,0.0,0.1067697479149245,-0.1270005047327629,2.933327026361247,2.933327026361247,0.0,0.0,0.0,0.0,0.0
2016-03-17,DEVELOPMENT,REGULAR,0.0027397260273972,2016-03-17 21:00:00+00:00,2016-03-18 21:00:00+00:00,24.0,25,1.0,0,0,0,0,0,0.0,-0.2169643049125795,0.1682317689190995,4.342277513626437,4.342277513626437,0.0,0.0,0.0,0.0,0.0
2016-03-21,DEVELOPMENT,REGULAR,0.0027397260273972,2016-03-21 21:00:00+00:00,2016-03-22 21:00:00+00:00,24.0,24,2.0,0,0,0,0,0,0.0,0.1977971967188097,-0.247044663626724,5.42708157242162,5.42708157242162,0.0,0.0,0.0,0.0,0.0
2016-03-22,DEVELOPMENT,REGULAR,0.0027397260273972,2016-03-22 21:00:00+00:00,2016-03-23 21:00:00+00:00,24.0,25,1.0,0,0,0,0,0,0.0,-0.2387944534521295,0.2163833033577518,3.3724656988145325,3.3724656988145325,0.0,0.0,0.0,0.0,0.0
2016-03-23,DEVELOPMENT,REGULAR,0.0027397260273972,2016-03-23 21:00:00+00:00,2016-03-24 21:00:00+00:00,24.0,25,1.0,0,0,0,0,0,0.0,-0.1327288818657379,0.1156763582289599,3.599313145767176,3.599313145767176,0.0,0.0,0.0,0.0,0.0
2016-03-24,DEVELOPMENT,REGULAR,0.0027397260273972,2016-03-24 21:00:00+00:00,2016-03-25 21:00:00+00:00,24.0,25,1.0,0,0,0,0,0,0.0,-0.1637519829342579,0.077987718837349,3.5339760161133458,3.5339760161133458,0.0,0.0,0.0,0.0,0.0
2016-03-28,DEVELOPMENT,REGULAR,0.0027397260273972,2016-03-28 21:00:00+00:00,2016-03-29 21:00:00+00:00,24.0,25,1.0,0,0,0,0,0,0.0,-0.0951388042052912,0.043581340960543,3.791332461538108,3.791332461538108,0.0,0.0,0.0,0.0,0.0
2016-03-29,DEVELOPMENT,REGULAR,0.0027397260273972,2016-03-29 21:00:00+00:00,2016-03-30 21:00:00+00:00,24.0,25,1.0,0,0,0,0,0,0.0,-0.1495180251927337,0.1049557520421586,4.095616850115818,4.095616850115818,0.0,0.0,0.0,0.0,0.0
2016-03-30,DEVELOPMENT,REGULAR,0.0027397260273972,2016-03-30 21:00:00+00:00,2016-03-31 21:00:00+00:00,24.0,25,1.0,0,0,0,0,0,0.0,-0.1571907723377421,0.1322651470320721,4.334405504108978,4.334405504108978,0.0,0.0,0.0,0.0,0.0
2016-03-31,DEVELOPMENT,REGULAR,0.0027397260273972,2016-03-31 21:00:00+00:00,2016-04-01 21:00:00+00:00,24.0,25,1.0,0,0,0,0,0,0.0,-0.0421838513282182,0.0237852060672594,3.656453205847026,3.656453205847026,0.0,0.0,0.0,0.0,0.0
2016-04-04,DEVELOPMENT,REGULAR,0.0027397260273972,2016-04-04 21:00:00+00:00,2016-04-05 21:00:00+00:00,24.0,25,1.0,0,0,0,0,0,0.0,0.0154378715665757,-0.0478511420962775,2.1440449272252584,2.1440449272252584,0.0,0.0,0.0,0.0,0.0
2016-04-05,DEVELOPMENT,REGULAR,0.0027397260273972,2016-04-05 21:00:00+00:00,2016-04-06 21:00:00+00:00,24.0,25,1.0,0,0,0,0,0,0.0,-0.1957237260178317,0.177228727481264,3.0659958121046373,3.0659958121046373,0.0,0.0,0.0,0.0,0.0
2016-04-06,DEVELOPMENT,REGULAR,0.0027397260273972,2016-04-06 21:00:00+00:00,2016-04-07 21:00:00+00:00,24.0,25,1.0,0,0,0,0,0,0.0,-0.0692176700551954,0.0085971896778431,2.0363844773486743,2.0363844773486743,0.0,0.0,0.0,0.0,0.0
2016-04-07,DEVELOPMENT,REGULAR,0.0027397260273972,2016-04-07 21:00:00+00:00,2016-04-08 21:00:00+00:00,24.0,25,1.0,0,0,0,0,0,0.0,-0.4420590853379575,0.4184460538400767,2.664744329328028,2.664744329328028,0.0,0.0,0.0,0.0,0.0
2016-04-11,DEVELOPMENT,REGULAR,0.0027397260273972,2016-04-11 21:00:00+00:00,2016-04-12 21:00:00+00:00,24.0,25,1.0,0,0,0,0,0,0.0,-0.1799056774956824,0.1687711564435687,2.466689024129539,2.466689024129539,0.0,0.0,0.0,0.0,0.0
2016-04-12,DEVELOPMENT,REGULAR,0.0027397260273972,2016-04-12 21:00:00+00:00,2016-04-13 21:00:00+00:00,24.0,25,1.0,0,0,0,0,0,0.0,-0.0994519481660631,0.084215940019618,2.5042670158122142,2.5042670158122142,0.0,0.0,0.0,0.0,0.0
2016-04-13,DEVELOPMENT,REGULAR,0.0027397260273972,2016-04-13 21:00:00+00:00,2016-04-14 21:00:00+00:00,24.0,25,1.0,0,0,0,0,0,0.0,-0.0897647770077441,0.05468876567177,4.733013979452207,4.733013979452207,0.0,0.0,0.0,0.0,0.0
2016-04-14,DEVELOPMENT,REGULAR,0.0027397260273972,2016-04-14 21:00:00+00:00,2016-04-15 21:00:00+00:00,24.0,25,1.0,0,0,0,0,0,0.0,0.0221260065266051,-0.082744184817102,3.5543834231927804,3.5543834231927804,0.0,0.0,0.0,0.0,0.0
2016-04-18,DEVELOPMENT,REGULAR,0.0027397260273972,2016-04-18 21:00:00+00:00,2016-04-19 21:00:00+00:00,24.0,25,1.0,0,0,0,0,0,0.0,-0.0504859442380052,0.0154272968312909,3.336678376818403,3.336678376818403,0.0,0.0,0.0,0.0,0.0
2016-04-19,DEVELOPMENT,REGULAR,0.0027397260273972,2016-04-19 21:00:00+00:00,2016-04-20 21:00:00+00:00,24.0,25,1.0,0,0,0,0,0,0.0,0.0171759959913799,-0.0510136917454246,4.174557783880427,4.174557783880427,0.0,0.0,0.0,0.0,0.0
2016-04-20,DEVELOPMENT,REGULAR,0.0027397260273972,2016-04-20 21:00:00+00:00,2016-04-21 21:00:00+00:00,24.0,25,1.0,0,0,0,0,0,0.0,-0.1141111274887691,0.0854304939835373,3.306308111534987,3.306308111534987,0.0,0.0,0.0,0.0,0.0
2016-04-21,DEVELOPMENT,REGULAR,0.0027397260273972,2016-04-21 21:00:00+00:00,2016-04-22 21:00:00+00:00,24.0,25,1.0,0,0,0,0,0,0.0,0.3062093949443749,-0.3585516291197592,2.8095001128958224,2.8095001128958224,0.0,0.0,0.0,0.0,0.0
2016-04-25,DEVELOPMENT,REGULAR,0.0027397260273972,2016-04-25 21:00:00+00:00,2016-04-26 21:00:00+00:00,24.0,25,1.0,0,0,0,0,0,0.0,-0.180227505979829,0.1592507237359797,4.0225267114913255,4.0225267114913255,0.0,0.0,0.0,0.0,0.0
2016-04-26,DEVELOPMENT,REGULAR,0.0027397260273972,2016-04-26 21:00:00+00:00,2016-04-27 21:00:00+00:00,24.0,25,1.0,0,0,0,0,0,0.0,-0.1158778965284739,0.04945168139092,4.7890136012483,4.7890136012483,0.0,0.0,0.0,0.0,0.0
2016-04-27,DEVELOPMENT,REGULAR,0.0027397260273972,2016-04-27 21:00:00+00:00,2016-04-28 21:00:00+00:00,24.0,25,1.0,0,0,0,0,0,0.0,0.8123535170511786,-0.8469555503167356,2.290353969555504,2.290353969555504,0.0,0.0,0.0,0.0,0.0
2016-04-28,DEVELOPMENT,REGULAR,0.0027397260273972,2016-04-28 21:00:00+00:00,2016-04-29 21:00:00+00:00,24.0,25,1.0,0,0,0,0,0,0.0,0.0539525339629847,-0.1021484129586838,2.226487307751635,2.226487307751635,0.0,0.0,0.0,0.0,0.0
2016-05-02,DEVELOPMENT,REGULAR,0.0027397260273972,2016-05-02 21:00:00+00:00,2016-05-03 21:00:00+00:00,24.0,25,1.0,0,0,0,0,0,0.0,-0.250783551007256,0.2332399158870295,2.8441285726734256,2.8441285726734256,0.0,0.0,0.0,0.0,0.0
2016-05-03,DEVELOPMENT,REGULAR,0.0027397260273972,2016-05-03 21:00:00+00:00,2016-05-04 21:00:00+00:00,24.0,25,1.0,0,0,0,0,0,0.0,0.0733107871099179,-0.1545031717453895,4.459468443074128,4.459468443074128,0.0,0.0,0.0,0.0,0.0
2016-05-04,DEVELOPMENT,REGULAR,0.0027397260273972,2016-05-04 21:00:00+00:00,2016-05-05 21:00:00+00:00,24.0,25,1.0,0,0,1,0,0,0.0,-0.0354270315130378,0.015679154083557,3.9420433423344856,3.9420433423344856,0.0,0.0,0.0,0.0,0.0
2016-05-05,DEVELOPMENT,REGULAR,0.0027397260273972,2016-05-05 21:00:00+00:00,2016-05-06 21:00:00+00:00,24.0,25,1.0,0,0,0,0,0,0.0,-0.3535593196112927,0.3117829821188564,2.5886698553753185,2.5886698553753185,0.0,0.0,0.0,0.0,0.0
2016-05-09,DEVELOPMENT,REGULAR,0.0027397260273972,2016-05-09 21:00:00+00:00,2016-05-10 21:00:00+00:00,24.0,25,1.0,0,0,0,0,0,0.0,0.0068779109624728,-0.0305758563558242,2.7727843001571277,2.7727843001571277,0.0,0.0,0.0,0.0,0.0
2016-05-10,DEVELOPMENT,REGULAR,0.0027397260273972,2016-05-10 21:00:00+00:00,2016-05-11 21:00:00+00:00,24.0,25,1.0,0,0,0,0,0,0.0,0.0032515115690188,-0.0356831635462668,2.574898490223008,2.574898490223008,0.0,0.0,0.0,0.0,0.0
2016-05-11,DEVELOPMENT,REGULAR,0.0027397260273972,2016-05-11 21:00:00+00:00,2016-05-12 21:00:00+00:00,24.0,25,1.0,0,0,0,0,0,0.0,-0.0514193591910867,-0.01462348000112,2.940811333555848,2.940811333555848,0.0,0.0,0.0,0.0,0.0
2016-05-12,DEVELOPMENT,REGULAR,0.0027397260273972,2016-05-12 21:00:00+00:00,2016-05-13 21:00:00+00:00,24.0,25,1.0,0,0,0,0,0,0.0,0.0800446645739185,-0.154925132726305,5.60543456047738,5.60543456047738,0.0,0.0,0.0,0.0,0.0
2016-05-16,DEVELOPMENT,REGULAR,0.0027397260273972,2016-05-16 21:00:00+00:00,2016-05-17 21:00:00+00:00,24.0,25,1.0,0,0,0,0,0,0.0,-0.0601933563292504,0.0349980686805011,3.9763087177491614,3.9763087177491614,0.0,0.0,0.0,0.0,0.0
2016-05-17,DEVELOPMENT,REGULAR,0.0027397260273972,2016-05-17 21:00:00+00:00,2016-05-18 21:00:00+00:00,24.0,25,1.0,0,0,0,0,0,0.0,0.115428683862305,-0.1283138102163832,4.481029526425463,4.481029526425463,0.0,0.0,0.0,0.0,0.0
2016-05-18,DEVELOPMENT,REGULAR,0.0027397260273972,2016-05-18 21:00:00+00:00,2016-05-19 21:00:00+00:00,24.0,25,1.0,0,0,1,0,0,0.0,0.0714525436400208,-0.0948452135793473,4.40945353620441,4.40945353620441,0.0,0.0,0.0,0.0,0.0
2016-05-19,DEVELOPMENT,REGULAR,0.0027397260273972,2016-05-19 21:00:00+00:00,2016-05-20 21:00:00+00:00,24.0,25,1.0,0,0,0,0,0,0.0,-0.1885530187670951,0.0713588255049444,2.769963556444419,2.769963556444419,0.0,0.0,0.0,0.0,0.0
2016-05-23,DEVELOPMENT,REGULAR,0.0027397260273972,2016-05-23 21:00:00+00:00,2016-05-24 21:00:00+00:00,24.0,25,1.0,0,0,0,0,0,0.0,-0.0638925587608838,0.0444757067545253,2.912531106967054,2.912531106967054,0.0,0.0,0.0,0.0,0.0
2016-05-24,DEVELOPMENT,REGULAR,0.0027397260273972,2016-05-24 21:00:00+00:00,2016-05-25 21:00:00+00:00,24.0,25,1.0,0,0,0,0,0,0.0,-0.1096405590808586,0.0522897241056057,4.174980600764778,4.174980600764778,0.0,0.0,0.0,0.0,0.0
2016-05-25,DEVELOPMENT,REGULAR,0.0027397260273972,2016-05-25 21:00:00+00:00,2016-05-26 21:00:00+00:00,24.0,25,1.0,0,0,0,0,0,0.0,0.2613201310871602,-0.2825292492479576,4.049490378984293,4.049490378984293,0.0,0.0,0.0,0.0,0.0
2016-05-26,DEVELOPMENT,REGULAR,0.0027397260273972,2016-05-26 21:00:00+00:00,2016-05-27 21:00:00+00:00,24.0,25,1.0,0,0,0,0,0,0.0,-0.1330189759725044,0.031751751143787,3.9766787832213897,3.9766787832213897,0.0,0.0,0.0,0.0,0.0
2016-05-30,DEVELOPMENT,REGULAR,0.0027397260273972,2016-05-30 21:00:00+00:00,2016-05-31 21:00:00+00:00,24.0,25,1.0,0,0,0,0,0,0.0,-0.038868143890383,-0.0180378409989003,4.6216120511743854,4.6216120511743854,0.0,0.0,0.0,0.0,0.0
2016-05-31,DEVELOPMENT,REGULAR,0.0027397260273972,2016-05-31 21:00:00+00:00,2016-06-01 21:00:00+00:00,24.0,25,1.0,0,0,0,0,0,0.0,0.1049725714065914,-0.1235366193375853,2.57856365511476,2.57856365511476,0.0,0.0,0.0,0.0,0.0
2016-06-01,DEVELOPMENT,REGULAR,0.0027397260273972,2016-06-01 21:00:00+00:00,2016-06-02 21:00:00+00:00,24.0,25,1.0,0,0,0,0,0,0.0,0.0183537473274668,-0.0323017047498979,2.9161549490524203,2.9161549490524203,0.0,0.0,0.0,0.0,0.0
2016-06-02,DEVELOPMENT,REGULAR,0.0027397260273972,2016-06-02 21:00:00+00:00,2016-06-03 21:00:00+00:00,24.0,25,1.0,0,0,0,0,0,0.0,0.7266232114604207,-0.7665505781347974,3.42852695056428,3.42852695056428,0.0,0.0,0.0,0.0,0.0
2016-06-06,DEVELOPMENT,REGULAR,0.0027397260273972,2016-06-06 21:00:00+00:00,2016-06-07 21:00:00+00:00,24.0,25,1.0,0,0,0,0,0,0.0,-0.1486431124139358,0.0955889540548611,4.3415914782717735,4.3415914782717735,0.0,0.0,0.0,0.0,0.0
2016-06-07,DEVELOPMENT,REGULAR,0.0027397260273972,2016-06-07 21:00:00+00:00,2016-06-08 21:00:00+00:00,24.0,25,1.0,0,0,0,0,0,0.0,0.0761889105061897,-0.0929731491407892,3.609968605766829,3.609968605766829,0.0,0.0,0.0,0.0,0.0
2016-06-08,DEVELOPMENT,REGULAR,0.0027397260273972,2016-06-08 21:00:00+00:00,2016-06-09 21:00:00+00:00,24.0,25,1.0,0,0,0,0,0,0.0,0.0933783303613182,-0.130045056794394,4.065987223326415,4.065987223326415,0.0,0.0,0.0,0.0,0.0
2016-06-09,DEVELOPMENT,REGULAR,0.0027397260273972,2016-06-09 21:00:00+00:00,2016-06-10 21:00:00+00:00,24.0,25,1.0,0,0,0,0,0,0.0,0.0574836796245108,-0.0750457776551769,5.192726267657435,5.192726267657435,0.0,0.0,0.0,0.0,0.0
2016-06-13,DEVELOPMENT,REGULAR,0.0027397260273972,2016-06-13 21:00:00+00:00,2016-06-14 21:00:00+00:00,24.0,25,1.0,0,0,0,0,0,0.0,-0.1777545382667114,0.1460138786047764,3.482042521711333,3.482042521711333,0.0,0.0,0.0,0.0,0.0
2016-06-14,DEVELOPMENT,REGULAR,0.0027397260273972,2016-06-14 21:00:00+00:00,2016-06-15 21:00:00+00:00,24.0,25,1.0,0,0,0,0,0,0.0,-0.1294772501179295,0.0862077185381622,3.977242465795612,3.977242465795612,0.0,0.0,0.0,0.0,0.0
2016-06-15,DEVELOPMENT,REGULAR,0.0027397260273972,2016-06-15 21:00:00+00:00,2016-06-16 21:00:00+00:00,24.0,25,1.0,0,0,0,0,0,0.0,0.0511065531253791,-0.0757116087567624,2.1927084225498854,2.1927084225498854,0.0,0.0,0.0,0.0,0.0
2016-06-16,DEVELOPMENT,REGULAR,0.0027397260273972,2016-06-16 21:00:00+00:00,2016-06-17 21:00:00+00:00,24.0,25,1.0,0,0,0,0,0,0.0,-0.3556738633133598,0.3346935439430112,2.3481241199795857,2.3481241199795857,0.0,0.0,0.0,0.0,0.0
2016-06-20,DEVELOPMENT,REGULAR,0.0027397260273972,2016-06-20 21:00:00+00:00,2016-06-21 21:00:00+00:00,24.0,25,1.0,0,0,0,0,0,0.0,-0.0087547102338305,-0.0220480678130599,3.02791120726709,3.02791120726709,0.0,0.0,0.0,0.0,0.0
2016-06-21,DEVELOPMENT,REGULAR,0.0027397260273972,2016-06-21 21:00:00+00:00,2016-06-22 21:00:00+00:00,24.0,25,1.0,0,0,0,0,0,0.0,-0.2129508772655128,0.1655681100882873,3.264093377105246,3.264093377105246,0.0,0.0,0.0,0.0,0.0
2016-06-22,DEVELOPMENT,REGULAR,0.0027397260273972,2016-06-22 21:00:00+00:00,2016-06-23 21:00:00+00:00,24.0,25,1.0,0,0,1,1,0,0.0,0.268074165787084,-0.3224395888340297,3.237300836951289,3.237300836951289,0.0,0.0,0.0,0.0,0.0
2016-06-23,DEVELOPMENT,REGULAR,0.0027397260273972,2016-06-23 21:00:00+00:00,2016-06-24 21:00:00+00:00,24.0,25,1.0,0,0,0,0,0,0.0,1.061203054804608,-1.2316723368714264,2.607089745546996,2.607089745546996,0.0,0.0,0.0,0.0,0.0
2016-06-27,DEVELOPMENT,REGULAR,0.0027397260273972,2016-06-27 21:00:00+00:00,2016-06-28 21:00:00+00:00,24.0,25,1.0,0,0,0,0,0,0.0,-0.2894972058048353,0.2629593506518404,3.1572649608308856,3.1572649608308856,0.0,0.0,0.0,0.0,0.0
2016-06-28,DEVELOPMENT,REGULAR,0.0027397260273972,2016-06-28 21:00:00+00:00,2016-06-29 21:00:00+00:00,24.0,25,1.0,0,0,0,0,0,0.0,-0.1643528901777671,0.1429257259186656,4.406482329961806,4.406482329961806,0.0,0.0,0.0,0.0,0.0
2016-06-29,DEVELOPMENT,REGULAR,0.0027397260273972,2016-06-29 21:00:00+00:00,2016-06-30 21:00:00+00:00,24.0,25,1.0,0,0,1,0,0,0.0,0.0639635989695506,-0.0897153358213671,4.704844433440811,4.704844433440811,0.0,0.0,0.0,0.0,0.0
2016-06-30,DEVELOPMENT,REGULAR,0.0027397260273972,2016-06-30 21:00:00+00:00,2016-07-01 21:00:00+00:00,24.0,25,1.0,0,0,0,0,0,0.0,-0.1203644429549086,0.0116764633984303,2.571248650868654,2.571248650868654,0.0,0.0,0.0,0.0,0.0
2016-07-04,DEVELOPMENT,REGULAR,0.0027397260273972,2016-07-04 21:00:00+00:00,2016-07-05 21:00:00+00:00,24.0,25,1.0,0,0,0,0,0,0.0,-0.0128077856228827,-0.0516151182128084,2.314317475356427,2.314317475356427,0.0,0.0,0.0,0.0,0.0
2016-07-05,DEVELOPMENT,REGULAR,0.0027397260273972,2016-07-05 21:00:00+00:00,2016-07-06 21:00:00+00:00,24.0,25,1.0,0,0,0,0,0,0.0,0.1466224284832975,-0.172211031717012,2.9837741659688994,2.9837741659688994,0.0,0.0,0.0,0.0,0.0
2016-07-06,DEVELOPMENT,REGULAR,0.0027397260273972,2016-07-06 21:00:00+00:00,2016-07-07 21:00:00+00:00,24.0,25,1.0,0,0,0,0,0,0.0,-0.020135125418264,-0.0172608018876871,3.8264058697216807,3.8264058697216807,0.0,0.0,0.0,0.0,0.0
2016-07-07,DEVELOPMENT,REGULAR,0.0027397260273972,2016-07-07 21:00:00+00:00,2016-07-08 21:00:00+00:00,24.0,25,1.0,0,0,0,0,0,0.0,-0.3604045446965926,0.3147107739403196,3.867447370524838,3.867447370524838,0.0,0.0,0.0,0.0,0.0
2016-07-11,DEVELOPMENT,REGULAR,0.0027397260273972,2016-07-11 21:00:00+00:00,2016-07-12 21:00:00+00:00,24.0,25,1.0,0,0,0,0,0,0.0,0.1727676694250703,-0.2313098239313831,3.574748827512846,3.574748827512846,0.0,0.0,0.0,0.0,0.0
2016-07-12,DEVELOPMENT,REGULAR,0.0027397260273972,2016-07-12 21:00:00+00:00,2016-07-13 21:00:00+00:00,24.0,25,1.0,0,0,0,0,0,0.0,-0.1117922522064702,0.0667534944239776,4.222685726894433,4.222685726894433,0.0,0.0,0.0,0.0,0.0
2016-07-13,DEVELOPMENT,REGULAR,0.0027397260273972,2016-07-13 21:00:00+00:00,2016-07-14 21:00:00+00:00,24.0,25,1.0,0,0,0,0,0,0.0,0.1782741596755954,-0.1999545543608434,3.078812651744469,3.078812651744469,0.0,0.0,0.0,0.0,0.0
2016-07-14,DEVELOPMENT,REGULAR,0.0027397260273972,2016-07-14 21:00:00+00:00,2016-07-15 21:00:00+00:00,24.0,25,1.0,0,0,0,0,0,0.0,0.3849933236172518,-0.4255018045006267,3.746820853014054,3.746820853014054,0.0,0.0,0.0,0.0,0.0
2016-07-18,DEVELOPMENT,REGULAR,0.0027397260273972,2016-07-18 21:00:00+00:00,2016-07-19 21:00:00+00:00,24.0,25,1.0,0,0,0,0,0,0.0,-0.204690679226589,0.1814870015023402,4.3531023447022905,4.3531023447022905,0.0,0.0,0.0,0.0,0.0
2016-07-19,DEVELOPMENT,REGULAR,0.0027397260273972,2016-07-19 21:00:00+00:00,2016-07-20 21:00:00+00:00,24.0,25,1.0,0,0,0,0,0,0.0,-0.0407797440165751,0.0075932652292038,3.4228743084526307,3.4228743084526307,0.0,0.0,0.0,0.0,0.0
2016-07-20,DEVELOPMENT,REGULAR,0.0027397260273972,2016-07-20 21:00:00+00:00,2016-07-21 21:00:00+00:00,24.0,25,1.0,0,0,1,0,0,0.0,0.5165134176691595,-0.5558437797162838,4.165109304793673,4.165109304793673,0.0,0.0,0.0,0.0,0.0
2016-07-21,DEVELOPMENT,REGULAR,0.0027397260273972,2016-07-21 21:00:00+00:00,2016-07-22 21:00:00+00:00,24.0,25,1.0,0,0,0,0,0,0.0,-0.0494008532088798,-0.0772556039809444,4.635664022373303,4.635664022373303,0.0,0.0,0.0,0.0,0.0
2016-07-25,DEVELOPMENT,REGULAR,0.0027397260273972,2016-07-25 21:00:00+00:00,2016-07-26 21:00:00+00:00,24.0,25,1.0,0,0,0,0,0,0.0,0.1956937127397395,-0.2743593659255197,2.0849143089342466,2.0849143089342466,0.0,0.0,0.0,0.0,0.0
2016-07-26,DEVELOPMENT,REGULAR,0.0027397260273972,2016-07-26 21:00:00+00:00,2016-07-27 21:00:00+00:00,24.0,25,1.0,0,0,0,0,0,0.0,0.143474287661121,-0.1686384624328951,2.865474024916842,2.865474024916842,0.0,0.0,0.0,0.0,0.0
2016-07-27,DEVELOPMENT,REGULAR,0.0027397260273972,2016-07-27 21:00:00+00:00,2016-07-28 21:00:00+00:00,24.0,25,1.0,0,0,0,0,0,0.0,0.0409984644992214,-0.0633913734160742,3.703376764546796,3.703376764546796,0.0,0.0,0.0,0.0,0.0
2016-07-28,DEVELOPMENT,REGULAR,0.0027397260273972,2016-07-28 21:00:00+00:00,2016-07-29 21:00:00+00:00,24.0,25,1.0,0,0,0,0,0,0.0,-0.405402166225727,0.3600601388260998,2.6535792818499595,2.6535792818499595,0.0,0.0,0.0,0.0,0.0
2016-08-01,DEVELOPMENT,REGULAR,0.0027397260273972,2016-08-01 21:00:00+00:00,2016-08-02 21:00:00+00:00,24.0,25,1.0,0,0,0,0,0,0.0,0.1084177278847136,-0.130825005096554,2.9904228211418125,2.9904228211418125,0.0,0.0,0.0,0.0,0.0
2016-08-02,DEVELOPMENT,REGULAR,0.0027397260273972,2016-08-02 21:00:00+00:00,2016-08-03 21:00:00+00:00,24.0,25,1.0,0,0,0,0,0,0.0,-0.2007136015241144,0.1811788658774986,3.652422661332262,3.652422661332262,0.0,0.0,0.0,0.0,0.0
2016-08-03,DEVELOPMENT,REGULAR,0.0027397260273972,2016-08-03 21:00:00+00:00,2016-08-04 21:00:00+00:00,24.0,25,1.0,0,0,0,0,0,0.0,-0.2502905872594425,0.2269881783085168,3.645116948874299,3.645116948874299,0.0,0.0,0.0,0.0,0.0
2016-08-04,DEVELOPMENT,REGULAR,0.0027397260273972,2016-08-04 21:00:00+00:00,2016-08-05 21:00:00+00:00,24.0,25,1.0,0,0,0,0,0,0.0,-0.009318465105494,-0.0592373144476994,3.251429274944972,3.251429274944972,0.0,0.0,0.0,0.0,0.0
2016-08-08,DEVELOPMENT,REGULAR,0.0027397260273972,2016-08-08 21:00:00+00:00,2016-08-09 21:00:00+00:00,24.0,25,1.0,0,0,0,0,0,0.0,-0.0442239315304817,0.0115225810198751,3.4639070750810226,3.4639070750810226,0.0,0.0,0.0,0.0,0.0
2016-08-09,DEVELOPMENT,REGULAR,0.0027397260273972,2016-08-09 21:00:00+00:00,2016-08-10 21:00:00+00:00,24.0,25,1.0,0,0,0,0,0,0.0,0.1113407167837721,-0.1573294483813754,2.6457425677690285,2.6457425677690285,0.0,0.0,0.0,0.0,0.0
2016-08-10,DEVELOPMENT,REGULAR,0.0027397260273972,2016-08-10 21:00:00+00:00,2016-08-11 21:00:00+00:00,24.0,25,1.0,0,0,1,0,0,0.0,-0.0296431577862392,0.0107856321981785,4.085003868912267,4.085003868912267,0.0,0.0,0.0,0.0,0.0
2016-08-11,DEVELOPMENT,REGULAR,0.0027397260273972,2016-08-11 21:00:00+00:00,2016-08-12 21:00:00+00:00,24.0,25,1.0,0,0,0,0,0,0.0,0.8280497786246173,-0.88493345026491,3.860434376292329,3.860434376292329,0.0,0.0,0.0,0.0,0.0
2016-08-15,DEVELOPMENT,REGULAR,0.0027397260273972,2016-08-15 21:00:00+00:00,2016-08-16 21:00:00+00:00,24.0,25,1.0,0,0,0,0,0,0.0,0.0578868378879775,-0.0741986387150888,2.2754269461846373,2.2754269461846373,0.0,0.0,0.0,0.0,0.0
2016-08-16,DEVELOPMENT,REGULAR,0.0027397260273972,2016-08-16 21:00:00+00:00,2016-08-17 21:00:00+00:00,24.0,25,1.0,0,0,0,0,0,0.0,-0.1061925933243088,0.0821434981413702,3.799687807187216,3.799687807187216,0.0,0.0,0.0,0.0,0.0
2016-08-17,DEVELOPMENT,REGULAR,0.0027397260273972,2016-08-17 21:00:00+00:00,2016-08-18 21:00:00+00:00,24.0,25,1.0,0,0,0,0,0,0.0,0.0937236265875469,-0.1228081180880309,5.544043687080845,5.544043687080845,0.0,0.0,0.0,0.0,0.0
2016-08-18,DEVELOPMENT,REGULAR,0.0027397260273972,2016-08-18 21:00:00+00:00,2016-08-19 21:00:00+00:00,24.0,25,1.0,0,0,0,0,0,0.0,-0.1622283945471849,0.1093530048230775,3.3188712215566643,3.3188712215566643,0.0,0.0,0.0,0.0,0.0
2016-08-22,DEVELOPMENT,REGULAR,0.0027397260273972,2016-08-22 21:00:00+00:00,2016-08-23 21:00:00+00:00,24.0,25,1.0,0,0,0,0,0,0.0,-0.1794549616717091,0.1648183764826569,3.439463839099784,3.439463839099784,0.0,0.0,0.0,0.0,0.0
2016-08-23,DEVELOPMENT,REGULAR,0.0027397260273972,2016-08-23 21:00:00+00:00,2016-08-24 21:00:00+00:00,24.0,25,1.0,0,0,0,0,0,0.0,-0.1200566613979816,0.1100819328543565,3.6239417438725976,3.6239417438725976,0.0,0.0,0.0,0.0,0.0
2016-08-24,DEVELOPMENT,REGULAR,0.0027397260273972,2016-08-24 21:00:00+00:00,2016-08-25 21:00:00+00:00,24.0,25,1.0,0,0,0,0,0,0.0,-0.1713718288369818,0.1416095435123452,3.7756096884101495,3.7756096884101495,0.0,0.0,0.0,0.0,0.0
2016-08-25,DEVELOPMENT,REGULAR,0.0027397260273972,2016-08-25 21:00:00+00:00,2016-08-26 21:00:00+00:00,24.0,25,1.0,0,0,0,0,0,0.0,0.5020823843909596,-0.5653963355875646,4.595074122576423,4.595074122576423,0.0,0.0,0.0,0.0,0.0
2016-08-29,DEVELOPMENT,REGULAR,0.0027397260273972,2016-08-29 21:00:00+00:00,2016-08-30 21:00:00+00:00,24.0,25,1.0,0,0,0,0,0,0.0,-0.0268946871386219,0.0171465963803427,2.95028084036693,2.95028084036693,0.0,0.0,0.0,0.0,0.0
2016-08-30,DEVELOPMENT,REGULAR,0.0027397260273972,2016-08-30 21:00:00+00:00,2016-08-31 21:00:00+00:00,24.0,25,1.0,0,0,0,0,0,0.0,-0.0466395389027525,0.0306284323385028,3.6912202720014062,3.6912202720014062,0.0,0.0,0.0,0.0,0.0
2016-08-31,DEVELOPMENT,REGULAR,0.0027397260273972,2016-08-31 21:00:00+00:00,2016-09-01 21:00:00+00:00,24.0,25,1.0,0,0,0,0,0,0.0,0.3219913170944437,-0.342602008986745,5.7656430492884905,5.7656430492884905,0.0,0.0,0.0,0.0,0.0
2016-09-01,DEVELOPMENT,REGULAR,0.0027397260273972,2016-09-01 21:00:00+00:00,2016-09-02 21:00:00+00:00,24.0,25,1.0,0,0,0,0,0,0.0,-0.2270450629754208,0.1442209218052852,2.7231819627548486,2.7231819627548486,0.0,0.0,0.0,0.0,0.0
2016-09-05,DEVELOPMENT,REGULAR,0.0027397260273972,2016-09-05 21:00:00+00:00,2016-09-06 21:00:00+00:00,24.0,25,1.0,0,0,0,0,0,0.0,0.4362141327369642,-0.4612697557465282,4.513937642758906,4.513937642758906,0.0,0.0,0.0,0.0,0.0
2016-09-06,DEVELOPMENT,REGULAR,0.0027397260273972,2016-09-06 21:00:00+00:00,2016-09-07 21:00:00+00:00,24.0,25,1.0,0,0,0,0,0,0.0,0.0191582590382068,-0.0372278422028671,3.4231435826174845,3.4231435826174845,0.0,0.0,0.0,0.0,0.0
2016-09-07,DEVELOPMENT,REGULAR,0.0027397260273972,2016-09-07 21:00:00+00:00,2016-09-08 21:00:00+00:00,24.0,25,1.0,0,0,0,0,0,0.0,0.2738558438224032,-0.2927581926980593,4.029113227448476,4.029113227448476,0.0,0.0,0.0,0.0,0.0
2016-09-08,DEVELOPMENT,REGULAR,0.0027397260273972,2016-09-08 21:00:00+00:00,2016-09-09 21:00:00+00:00,24.0,25,1.0,0,0,0,0,0,0.0,0.0924647046656303,-0.1435294529173347,4.511883887085546,4.511883887085546,0.0,0.0,0.0,0.0,0.0
2016-09-12,DEVELOPMENT,REGULAR,0.0027397260273972,2016-09-12 21:00:00+00:00,2016-09-13 21:00:00+00:00,24.0,25,1.0,0,0,0,0,0,0.0,0.0170817528664173,-0.0501998583088862,3.904968681015236,3.904968681015236,0.0,0.0,0.0,0.0,0.0
2016-09-13,DEVELOPMENT,REGULAR,0.0027397260273972,2016-09-13 21:00:00+00:00,2016-09-14 21:00:00+00:00,24.0,25,1.0,0,0,0,0,0,0.0,-0.0441194933674466,0.0137999052434238,4.314229770711097,4.314229770711097,0.0,0.0,0.0,0.0,0.0
2016-09-14,DEVELOPMENT,REGULAR,0.0027397260273972,2016-09-14 21:00:00+00:00,2016-09-15 21:00:00+00:00,24.0,25,1.0,0,0,0,0,0,0.0,-0.0966184328409553,0.0432008646437225,5.011462084365746,5.011462084365746,0.0,0.0,0.0,0.0,0.0
2016-09-15,DEVELOPMENT,REGULAR,0.0027397260273972,2016-09-15 21:00:00+00:00,2016-09-16 21:00:00+00:00,24.0,25,1.0,0,0,0,0,0,0.0,-0.153321637071258,0.0826002199325444,4.27965091160655,4.27965091160655,0.0,0.0,0.0,0.0,0.0
2016-09-19,DEVELOPMENT,REGULAR,0.0027397260273972,2016-09-19 21:00:00+00:00,2016-09-20 21:00:00+00:00,24.0,25,1.0,0,0,0,0,0,0.0,-0.034558049760804,0.0191688102022311,4.657346465762657,4.657346465762657,0.0,0.0,0.0,0.0,0.0
2016-09-20,DEVELOPMENT,REGULAR,0.0027397260273972,2016-09-20 21:00:00+00:00,2016-09-21 21:00:00+00:00,24.0,25,1.0,0,0,0,0,0,0.0,-0.2411404956698817,0.2196646400853268,3.36008119725498,3.36008119725498,0.0,0.0,0.0,0.0,0.0
2016-09-21,DEVELOPMENT,REGULAR,0.0027397260273972,2016-09-21 21:00:00+00:00,2016-09-22 21:00:00+00:00,24.0,25,1.0,0,0,0,0,0,0.0,0.0131681099913691,-0.0480215639354071,3.886965143156608,3.886965143156608,0.0,0.0,0.0,0.0,0.0
2016-09-22,DEVELOPMENT,REGULAR,0.0027397260273972,2016-09-22 21:00:00+00:00,2016-09-23 21:00:00+00:00,24.0,25,1.0,0,0,0,0,0,0.0,-0.065993760873269,-0.074798735191095,4.417523147173647,4.417523147173647,0.0,0.0,0.0,0.0,0.0
2016-09-26,DEVELOPMENT,REGULAR,0.0027397260273972,2016-09-26 21:00:00+00:00,2016-09-27 21:00:00+00:00,24.0,25,1.0,0,0,0,0,0,0.0,-0.1714057550369219,0.1558115983424191,3.4075628516299594,3.4075628516299594,0.0,0.0,0.0,0.0,0.0
2016-09-27,DEVELOPMENT,REGULAR,0.0027397260273972,2016-09-27 21:00:00+00:00,2016-09-28 21:00:00+00:00,24.0,25,1.0,0,0,0,0,0,0.0,-0.0725251217151736,0.0495539703139655,3.961279484001986,3.961279484001986,0.0,0.0,0.0,0.0,0.0
2016-09-28,DEVELOPMENT,REGULAR,0.0027397260273972,2016-09-28 21:00:00+00:00,2016-09-29 21:00:00+00:00,24.0,25,1.0,0,0,0,0,0,0.0,0.0417691520516285,-0.0828916728602138,2.4061734524667084,2.4061734524667084,0.0,0.0,0.0,0.0,0.0
2016-09-29,DEVELOPMENT,REGULAR,0.0027397260273972,2016-09-29 21:00:00+00:00,2016-09-30 21:00:00+00:00,24.0,25,1.0,0,0,0,0,0,0.0,0.0071421260207102,-0.0456748524558889,4.6152126927878,4.6152126927878,0.0,0.0,0.0,0.0,0.0
2016-10-03,DEVELOPMENT,REGULAR,0.0027397260273972,2016-10-03 21:00:00+00:00,2016-10-04 21:00:00+00:00,24.0,25,1.0,0,0,0,0,0,0.0,0.0021838159528755,-0.0314123667367738,2.259936994209468,2.259936994209468,0.0,0.0,0.0,0.0,0.0
2016-10-04,DEVELOPMENT,REGULAR,0.0027397260273972,2016-10-04 21:00:00+00:00,2016-10-05 21:00:00+00:00,24.0,25,1.0,0,0,0,0,0,0.0,0.0310169550035794,-0.0509254059683428,3.7926917447678834,3.7926917447678834,0.0,0.0,0.0,0.0,0.0
2016-10-05,DEVELOPMENT,REGULAR,0.0027397260273972,2016-10-05 21:00:00+00:00,2016-10-06 21:00:00+00:00,24.0,25,1.0,0,0,0,0,0,0.0,-0.0944106120693675,0.0748572005882266,2.972280750234205,2.972280750234205,0.0,0.0,0.0,0.0,0.0
2016-10-06,DEVELOPMENT,REGULAR,0.0027397260273972,2016-10-06 21:00:00+00:00,2016-10-07 21:00:00+00:00,24.0,25,1.0,0,0,0,0,0,0.0,-0.0812545248673046,-0.0368669416310751,3.139850355581896,3.139850355581896,0.0,0.0,0.0,0.0,0.0
2016-10-10,DEVELOPMENT,REGULAR,0.0027397260273972,2016-10-10 21:00:00+00:00,2016-10-11 21:00:00+00:00,24.0,25,1.0,0,0,0,0,0,0.0,0.113409344870945,-0.1546197614802196,5.009760078835254,5.009760078835254,0.0,0.0,0.0,0.0,0.0
2016-10-11,DEVELOPMENT,REGULAR,0.0027397260273972,2016-10-11 21:00:00+00:00,2016-10-12 21:00:00+00:00,24.0,25,1.0,0,0,0,0,0,0.0,-0.0114471902250699,-0.0122152797959387,3.445396301543971,3.445396301543971,0.0,0.0,0.0,0.0,0.0
2016-10-12,DEVELOPMENT,REGULAR,0.0027397260273972,2016-10-12 21:00:00+00:00,2016-10-13 21:00:00+00:00,24.0,25,1.0,0,0,0,0,0,0.0,0.3362434556187565,-0.3658582483130459,4.402973870230063,4.402973870230063,0.0,0.0,0.0,0.0,0.0
2016-10-13,DEVELOPMENT,REGULAR,0.0027397260273972,2016-10-13 21:00:00+00:00,2016-10-14 21:00:00+00:00,24.0,25,1.0,0,0,0,0,0,0.0,-0.1176130860826845,-0.0043053812450892,2.928377909875459,2.928377909875459,0.0,0.0,0.0,0.0,0.0
2016-10-17,DEVELOPMENT,REGULAR,0.0027397260273972,2016-10-17 21:00:00+00:00,2016-10-18 21:00:00+00:00,24.0,25,1.0,0,0,0,0,0,0.0,-0.3003099285752206,0.2896431632601874,3.1548369746935805,3.1548369746935805,0.0,0.0,0.0,0.0,0.0
2016-10-18,DEVELOPMENT,REGULAR,0.0027397260273972,2016-10-18 21:00:00+00:00,2016-10-19 21:00:00+00:00,24.0,25,1.0,0,0,1,1,0,0.0,-0.0480533683846715,0.0285846478017646,2.6385184037063936,2.6385184037063936,0.0,0.0,0.0,0.0,0.0
2016-10-19,DEVELOPMENT,REGULAR,0.0027397260273972,2016-10-19 21:00:00+00:00,2016-10-20 21:00:00+00:00,24.0,25,1.0,0,0,0,0,0,0.0,-0.0448381903992327,0.0259383091565297,3.0958276385992383,3.0958276385992383,0.0,0.0,0.0,0.0,0.0
2016-10-20,DEVELOPMENT,REGULAR,0.0027397260273972,2016-10-20 21:00:00+00:00,2016-10-21 21:00:00+00:00,24.0,25,1.0,0,0,0,0,0,0.0,-0.0441519480388734,-0.0137535215906012,4.994281222313655,4.994281222313655,0.0,0.0,0.0,0.0,0.0
2016-10-24,DEVELOPMENT,REGULAR,0.0027397260273972,2016-10-24 21:00:00+00:00,2016-10-25 21:00:00+00:00,24.0,25,1.0,0,0,0,0,0,0.0,-0.0544118594456435,0.0410074603174877,2.9428615509591225,2.9428615509591225,0.0,0.0,0.0,0.0,0.0
2016-10-25,DEVELOPMENT,REGULAR,0.0027397260273972,2016-10-25 21:00:00+00:00,2016-10-26 21:00:00+00:00,24.0,25,1.0,0,0,0,0,0,0.0,-0.0268041569036796,0.0069987865996381,4.03996581012805,4.03996581012805,0.0,0.0,0.0,0.0,0.0
2016-10-26,DEVELOPMENT,REGULAR,0.0027397260273972,2016-10-26 21:00:00+00:00,2016-10-27 21:00:00+00:00,24.0,25,1.0,0,0,0,0,0,0.0,-0.0773491750302071,0.0592963434489348,2.906089157824982,2.906089157824982,0.0,0.0,0.0,0.0,0.0
2016-10-27,DEVELOPMENT,REGULAR,0.0027397260273972,2016-10-27 21:00:00+00:00,2016-10-28 21:00:00+00:00,24.0,25,1.0,0,0,0,0,0,0.0,0.6474905675008102,-0.669962146814683,4.959244996829078,4.959244996829078,0.0,0.0,0.0,0.0,0.0
2016-10-31,DEVELOPMENT,REGULAR,0.0027397260273972,2016-10-31 21:00:00+00:00,2016-11-01 21:00:00+00:00,24.0,25,1.0,0,0,0,0,0,0.0,-0.1100274511180998,0.0814988070632836,3.6918502434372416,3.6918502434372416,0.0,0.0,0.0,0.0,0.0
2016-11-01,DEVELOPMENT,REGULAR,0.0027397260273972,2016-11-01 21:00:00+00:00,2016-11-02 21:00:00+00:00,24.0,25,1.0,0,0,0,0,0,0.0,0.0149311539726397,-0.03243073949983,2.7924365171049024,2.7924365171049024,0.0,0.0,0.0,0.0,0.0
2016-11-02,DEVELOPMENT,REGULAR,0.0027397260273972,2016-11-02 21:00:00+00:00,2016-11-03 21:00:00+00:00,24.0,25,1.0,0,0,0,0,0,0.0,-0.0261583620739855,0.0055714517135356,4.366274367910353,4.366274367910353,0.0,0.0,0.0,0.0,0.0
2016-11-03,DEVELOPMENT,REGULAR,0.0027397260273972,2016-11-03 21:00:00+00:00,2016-11-04 21:00:00+00:00,24.0,25,1.0,0,0,0,0,0,0.0,-0.2778538480276058,0.2638653138617575,3.3632395069003698,3.3632395069003698,0.0,0.0,0.0,0.0,0.0
2016-11-07,DEVELOPMENT,REGULAR,0.0027397260273972,2016-11-07 22:00:00+00:00,2016-11-08 22:00:00+00:00,24.0,25,1.0,0,0,0,0,0,0.0,-0.1826406903584683,0.1350116675631056,2.9564980819155187,2.9564980819155187,0.0,0.0,0.0,0.0,0.0
2016-11-08,DEVELOPMENT,REGULAR,0.0027397260273972,2016-11-08 22:00:00+00:00,2016-11-09 22:00:00+00:00,24.0,25,1.0,0,0,0,0,0,0.0,0.59600304521841,-0.6394524852768342,4.685871864750667,4.685871864750667,0.0,0.0,0.0,0.0,0.0
2016-11-09,DEVELOPMENT,REGULAR,0.0027397260273972,2016-11-09 22:00:00+00:00,2016-11-10 22:00:00+00:00,24.0,25,1.0,0,0,0,0,0,0.0,0.1506006039630278,-0.2169748236487834,3.878863800832225,3.878863800832225,0.0,0.0,0.0,0.0,0.0
2016-11-10,DEVELOPMENT,REGULAR,0.0027397260273972,2016-11-10 22:00:00+00:00,2016-11-11 22:00:00+00:00,24.0,25,1.0,0,0,0,0,0,0.0,-0.2694915906644155,0.2252571814537489,3.64636352432757,3.64636352432757,0.0,0.0,0.0,0.0,0.0
2016-11-14,DEVELOPMENT,REGULAR,0.0027397260273972,2016-11-14 22:00:00+00:00,2016-11-15 22:00:00+00:00,24.0,25,1.0,0,0,0,0,0,0.0,-0.0055491611806814,-0.0500544781685761,4.209100014726655,4.209100014726655,0.0,0.0,0.0,0.0,0.0
2016-11-15,DEVELOPMENT,REGULAR,0.0027397260273972,2016-11-15 22:00:00+00:00,2016-11-16 22:00:00+00:00,24.0,25,1.0,0,0,0,0,0,0.0,0.0647830112111833,-0.0937975805013167,5.670144023862757,5.670144023862757,0.0,0.0,0.0,0.0,0.0
2016-11-16,DEVELOPMENT,REGULAR,0.0027397260273972,2016-11-16 22:00:00+00:00,2016-11-17 22:00:00+00:00,24.0,25,1.0,0,0,0,0,0,0.0,0.0943347627487867,-0.1197737274854944,4.846685064237405,4.846685064237405,0.0,0.0,0.0,0.0,0.0
2016-11-17,DEVELOPMENT,REGULAR,0.0027397260273972,2016-11-17 22:00:00+00:00,2016-11-18 22:00:00+00:00,24.0,25,1.0,0,0,0,0,0,0.0,-0.0464092261780706,-0.0285447332405652,4.33484998635504,4.33484998635504,0.0,0.0,0.0,0.0,0.0
2016-11-21,DEVELOPMENT,REGULAR,0.0027397260273972,2016-11-21 22:00:00+00:00,2016-11-22 22:00:00+00:00,24.0,24,2.0,0,0,0,0,0,0.0,-0.1430576516951234,0.1208514218438523,4.271210784119712,4.271210784119712,0.0,0.0,0.0,0.0,0.0
2016-11-22,DEVELOPMENT,REGULAR,0.0027397260273972,2016-11-22 22:00:00+00:00,2016-11-23 22:00:00+00:00,24.0,25,1.0,0,0,0,0,0,0.0,0.2389985200095736,-0.2814198618463024,3.239252967196331,3.239252967196331,0.0,0.0,0.0,0.0,0.0
2016-11-23,DEVELOPMENT,REGULAR,0.0027397260273972,2016-11-23 22:00:00+00:00,2016-11-24 22:00:00+00:00,24.0,25,1.0,0,0,0,0,0,0.0,0.0025536546029485,-0.1200384168660519,3.3020174556511077,3.3020174556511077,0.0,0.0,0.0,0.0,0.0
2016-11-24,DEVELOPMENT,REGULAR,0.0027397260273972,2016-11-24 22:00:00+00:00,2016-11-25 22:00:00+00:00,24.0,25,1.0,0,0,0,0,0,0.0,-0.1635199844755703,0.035564758606398,4.343403091460213,4.343403091460213,0.0,0.0,0.0,0.0,0.0
2016-11-28,DEVELOPMENT,REGULAR,0.0027397260273972,2016-11-28 22:00:00+00:00,2016-11-29 22:00:00+00:00,24.0,25,1.0,0,0,0,0,0,0.0,-0.1362577292883884,0.1136032103511865,3.2386535082044303,3.2386535082044303,0.0,0.0,0.0,0.0,0.0
2016-11-29,DEVELOPMENT,REGULAR,0.0027397260273972,2016-11-29 22:00:00+00:00,2016-11-30 22:00:00+00:00,24.0,25,1.0,0,0,0,0,0,0.0,-0.0774601344931937,0.0557823502305581,2.61532365921597,2.61532365921597,0.0,0.0,0.0,0.0,0.0
2016-11-30,DEVELOPMENT,REGULAR,0.0027397260273972,2016-11-30 22:00:00+00:00,2016-12-01 22:00:00+00:00,24.0,25,1.0,0,0,0,0,0,0.0,-0.0339239397606547,-0.0474793156970463,5.771768549668051,5.771768549668051,0.0,0.0,0.0,0.0,0.0
2016-12-01,DEVELOPMENT,REGULAR,0.0027397260273972,2016-12-01 22:00:00+00:00,2016-12-02 22:00:00+00:00,24.0,25,1.0,0,0,0,0,0,0.0,-0.3882085019240548,0.3027899591279919,3.54330069725864,3.54330069725864,0.0,0.0,0.0,0.0,0.0
2016-12-05,DEVELOPMENT,REGULAR,0.0027397260273972,2016-12-05 22:00:00+00:00,2016-12-06 22:00:00+00:00,24.0,25,1.0,0,0,1,0,0,0.0,-0.332305770645064,0.296653812954176,3.557057440637616,3.557057440637616,0.0,0.0,0.0,0.0,0.0
2016-12-06,DEVELOPMENT,REGULAR,0.0027397260273972,2016-12-06 22:00:00+00:00,2016-12-07 22:00:00+00:00,24.0,25,1.0,0,0,0,0,0,0.0,0.0537614894661402,-0.0839988455852847,4.797896234198613,4.797896234198613,0.0,0.0,0.0,0.0,0.0
2016-12-07,DEVELOPMENT,REGULAR,0.0027397260273972,2016-12-07 22:00:00+00:00,2016-12-08 22:00:00+00:00,24.0,25,1.0,0,0,0,0,0,0.0,-0.0440208327114532,0.0311933428437924,3.860745104265201,3.860745104265201,0.0,0.0,0.0,0.0,0.0
2016-12-08,DEVELOPMENT,REGULAR,0.0027397260273972,2016-12-08 22:00:00+00:00,2016-12-09 22:00:00+00:00,24.0,25,1.0,0,0,0,0,0,0.0,-0.0816587219286617,-0.0129977166842394,2.498338552948797,2.498338552948797,0.0,0.0,0.0,0.0,0.0
2016-12-12,DEVELOPMENT,REGULAR,0.0027397260273972,2016-12-12 22:00:00+00:00,2016-12-13 22:00:00+00:00,24.0,25,1.0,0,0,0,0,0,0.0,-0.2608029635135267,0.2444975624377434,3.687283508076611,3.687283508076611,0.0,0.0,0.0,0.0,0.0
2016-12-13,DEVELOPMENT,REGULAR,0.0027397260273972,2016-12-13 22:00:00+00:00,2016-12-14 22:00:00+00:00,24.0,25,1.0,0,0,0,0,0,0.0,0.18988152001738,-0.2619584221408217,4.1346310782397335,4.1346310782397335,0.0,0.0,0.0,0.0,0.0
2016-12-14,DEVELOPMENT,REGULAR,0.0027397260273972,2016-12-14 22:00:00+00:00,2016-12-15 22:00:00+00:00,24.0,25,1.0,0,0,0,0,0,0.0,0.1069289318511437,-0.1427836731314897,3.174903580312133,3.174903580312133,0.0,0.0,0.0,0.0,0.0
2016-12-15,DEVELOPMENT,REGULAR,0.0027397260273972,2016-12-15 22:00:00+00:00,2016-12-16 22:00:00+00:00,24.0,25,1.0,0,0,0,0,0,0.0,-0.0912375296300922,-0.0070943492709716,4.2484768494694,4.2484768494694,0.0,0.0,0.0,0.0,0.0
2016-12-19,DEVELOPMENT,REGULAR,0.0027397260273972,2016-12-19 22:00:00+00:00,2016-12-20 22:00:00+00:00,24.0,25,1.0,0,0,1,1,0,0.0,-0.259840366206518,0.2426738138426145,2.549161010084145,2.549161010084145,0.0,0.0,0.0,0.0,0.0
2016-12-20,DEVELOPMENT,REGULAR,0.0027397260273972,2016-12-20 22:00:00+00:00,2016-12-21 22:00:00+00:00,24.0,25,1.0,0,0,0,0,0,0.0,-0.1205379652446083,0.1026012098387099,4.334584495661739,4.334584495661739,0.0,0.0,0.0,0.0,0.0
2016-12-21,DEVELOPMENT,REGULAR,0.0027397260273972,2016-12-21 22:00:00+00:00,2016-12-22 22:00:00+00:00,24.0,25,1.0,0,0,0,0,0,0.0,-0.397457938010584,0.3803826232266498,2.9933216610287925,2.9933216610287925,0.0,0.0,0.0,0.0,0.0
2016-12-22,DEVELOPMENT,REGULAR,0.0027397260273972,2016-12-22 22:00:00+00:00,2016-12-23 22:00:00+00:00,24.0,25,1.0,0,0,0,0,0,0.0,-0.2372403906935289,0.16054284255938,2.513563376792063,2.513563376792063,0.0,0.0,0.0,0.0,0.0
2016-12-26,DEVELOPMENT,REGULAR,0.0027397260273972,2016-12-26 22:00:00+00:00,2016-12-27 22:00:00+00:00,24.0,25,1.0,0,0,0,0,0,0.0,-0.0910367425180709,0.0635417935874187,2.843848935008954,2.843848935008954,0.0,0.0,0.0,0.0,0.0
2016-12-27,DEVELOPMENT,REGULAR,0.0027397260273972,2016-12-27 22:00:00+00:00,2016-12-28 22:00:00+00:00,24.0,25,1.0,0,0,0,0,0,0.0,-0.0417080260164652,0.0101075887592685,4.376581141113559,4.376581141113559,0.0,0.0,0.0,0.0,0.0
2016-12-28,DEVELOPMENT,REGULAR,0.0027397260273972,2016-12-28 22:00:00+00:00,2016-12-29 22:00:00+00:00,24.0,25,1.0,0,0,0,0,0,0.0,0.0451468516035618,-0.0762828019056485,2.714763384263895,2.714763384263895,0.0,0.0,0.0,0.0,0.0
2016-12-29,DEVELOPMENT,REGULAR,0.0027397260273972,2016-12-29 22:00:00+00:00,2016-12-30 22:00:00+00:00,24.0,25,1.0,0,0,0,0,0,0.0,-0.1846902920249391,0.0399333558826526,4.706162087295389,4.706162087295389,0.0,0.0,0.0,0.0,0.0
2017-01-02,DEVELOPMENT,REGULAR,0.0027397260273972,2017-01-02 22:00:00+00:00,2017-01-03 22:00:00+00:00,24.0,25,1.0,0,0,0,0,0,0.0,-0.1038230646948648,0.0768659204914996,4.50802015340453,4.50802015340453,0.0,0.0,0.0,0.0,0.0
2017-01-03,DEVELOPMENT,REGULAR,0.0027397260273972,2017-01-03 22:00:00+00:00,2017-01-04 22:00:00+00:00,24.0,25,1.0,0,0,0,0,0,0.0,-0.1737078946307235,0.1213585595879038,4.050854818899577,4.050854818899577,0.0,0.0,0.0,0.0,0.0
2017-01-04,DEVELOPMENT,REGULAR,0.0027397260273972,2017-01-04 22:00:00+00:00,2017-01-05 22:00:00+00:00,24.0,25,1.0,0,0,0,0,0,0.0,0.3262799296846026,-0.3587921387347137,3.055142963657816,3.055142963657816,0.0,0.0,0.0,0.0,0.0
2017-01-05,DEVELOPMENT,REGULAR,0.0027397260273972,2017-01-05 22:00:00+00:00,2017-01-06 22:00:00+00:00,24.0,25,1.0,0,0,0,0,0,0.0,-0.1827724076524504,0.1061651072441236,2.8298619562737937,2.8298619562737937,0.0,0.0,0.0,0.0,0.0
2017-01-09,DEVELOPMENT,REGULAR,0.0027397260273972,2017-01-09 22:00:00+00:00,2017-01-10 22:00:00+00:00,24.0,25,1.0,0,0,0,0,0,0.0,0.1561071178533808,-0.1775193017256953,5.7346575519108125,5.7346575519108125,0.0,0.0,0.0,0.0,0.0
2017-01-10,DEVELOPMENT,REGULAR,0.0027397260273972,2017-01-10 22:00:00+00:00,2017-01-11 22:00:00+00:00,24.0,25,1.0,0,0,0,0,0,0.0,0.616610797361858,-0.6453916804575357,5.120924309639839,5.120924309639839,0.0,0.0,0.0,0.0,0.0
2017-01-11,DEVELOPMENT,REGULAR,0.0027397260273972,2017-01-11 22:00:00+00:00,2017-01-12 22:00:00+00:00,24.0,25,1.0,0,0,0,0,0,0.0,-0.0213633817905218,-5.4077270419838896e-05,2.4770903757871885,2.4770903757871885,0.0,0.0,0.0,0.0,0.0
2017-01-12,DEVELOPMENT,REGULAR,0.0027397260273972,2017-01-12 22:00:00+00:00,2017-01-13 22:00:00+00:00,24.0,25,1.0,0,0,0,0,0,0.0,-0.1541678161589672,0.0782908864417208,4.596332606992118,4.596332606992118,0.0,0.0,0.0,0.0,0.0
2017-01-16,DEVELOPMENT,REGULAR,0.0027397260273972,2017-01-16 22:00:00+00:00,2017-01-17 22:00:00+00:00,24.0,25,1.0,0,0,0,0,0,0.0,0.0978723263811502,-0.1120835531946937,2.78059664625655,2.78059664625655,0.0,0.0,0.0,0.0,0.0
2017-01-17,DEVELOPMENT,REGULAR,0.0027397260273972,2017-01-17 22:00:00+00:00,2017-01-18 22:00:00+00:00,24.0,25,1.0,0,0,0,0,0,0.0,-0.1484557980613772,0.107490772607548,2.5674359806696683,2.5674359806696683,0.0,0.0,0.0,0.0,0.0
2017-01-18,DEVELOPMENT,REGULAR,0.0027397260273972,2017-01-18 22:00:00+00:00,2017-01-19 22:00:00+00:00,24.0,25,1.0,0,0,1,1,0,0.0,0.0083585588652965,-0.024086872432889,4.048888577391164,4.048888577391164,0.0,0.0,0.0,0.0,0.0
2017-01-19,DEVELOPMENT,REGULAR,0.0027397260273972,2017-01-19 22:00:00+00:00,2017-01-20 22:00:00+00:00,24.0,25,1.0,0,0,0,0,0,0.0,-0.0139215563966246,-0.0557014121232555,5.308488588674351,5.308488588674351,0.0,0.0,0.0,0.0,0.0
2017-01-23,DEVELOPMENT,REGULAR,0.0027397260273972,2017-01-23 22:00:00+00:00,2017-01-24 22:00:00+00:00,24.0,25,1.0,0,0,0,0,0,0.0,0.0183623753229511,-0.0533326286422237,3.7197408584941862,3.7197408584941862,0.0,0.0,0.0,0.0,0.0
2017-01-24,DEVELOPMENT,REGULAR,0.0027397260273972,2017-01-24 22:00:00+00:00,2017-01-25 22:00:00+00:00,24.0,25,1.0,0,0,0,0,0,0.0,-0.1293315156819972,0.0912431568200702,4.609158019753801,4.609158019753801,0.0,0.0,0.0,0.0,0.0
2017-01-25,DEVELOPMENT,REGULAR,0.0027397260273972,2017-01-25 22:00:00+00:00,2017-01-26 22:00:00+00:00,24.0,25,1.0,0,0,0,0,0,0.0,0.0187293229718363,-0.0515695144857346,2.7857196691041635,2.7857196691041635,0.0,0.0,0.0,0.0,0.0
2017-01-26,DEVELOPMENT,REGULAR,0.0027397260273972,2017-01-26 22:00:00+00:00,2017-01-27 22:00:00+00:00,24.0,25,1.0,0,0,0,0,0,0.0,-0.0980156567587329,0.0810558681858424,2.806757848555957,2.806757848555957,0.0,0.0,0.0,0.0,0.0
2017-01-30,DEVELOPMENT,REGULAR,0.0027397260273972,2017-01-30 22:00:00+00:00,2017-01-31 22:00:00+00:00,24.0,25,1.0,0,0,0,0,0,0.0,0.1617432320103375,-0.1739033461026906,3.390513542852984,3.390513542852984,0.0,0.0,0.0,0.0,0.0
2017-01-31,DEVELOPMENT,REGULAR,0.0027397260273972,2017-01-31 22:00:00+00:00,2017-02-01 22:00:00+00:00,24.0,25,1.0,0,0,0,0,0,0.0,-0.0755504492357488,0.0357086801860191,3.736776126765971,3.736776126765971,0.0,0.0,0.0,0.0,0.0
2017-02-01,DEVELOPMENT,REGULAR,0.0027397260273972,2017-02-01 22:00:00+00:00,2017-02-02 22:00:00+00:00,24.0,25,1.0,0,0,0,0,0,0.0,-0.0338231299645457,0.0147194827586076,3.1164532743520144,3.1164532743520144,0.0,0.0,0.0,0.0,0.0
2017-02-02,DEVELOPMENT,REGULAR,0.0027397260273972,2017-02-02 22:00:00+00:00,2017-02-03 22:00:00+00:00,24.0,25,1.0,0,0,0,0,0,0.0,-0.1746930153509751,0.1500981687555906,4.244071714564798,4.244071714564798,0.0,0.0,0.0,0.0,0.0
2017-02-06,DEVELOPMENT,REGULAR,0.0027397260273972,2017-02-06 22:00:00+00:00,2017-02-07 22:00:00+00:00,24.0,25,1.0,0,0,0,0,0,0.0,-0.1046694282578215,0.0794129481742373,3.8328994081911354,3.8328994081911354,0.0,0.0,0.0,0.0,0.0
2017-02-07,DEVELOPMENT,REGULAR,0.0027397260273972,2017-02-07 22:00:00+00:00,2017-02-08 22:00:00+00:00,24.0,25,1.0,0,0,0,0,0,0.0,-0.059828140207415,0.0401511700144112,4.249776239192759,4.249776239192759,0.0,0.0,0.0,0.0,0.0
2017-02-08,DEVELOPMENT,REGULAR,0.0027397260273972,2017-02-08 22:00:00+00:00,2017-02-09 22:00:00+00:00,24.0,25,1.0,0,0,0,0,0,0.0,-0.0956850844747236,0.0651630691590128,2.6648183848256344,2.6648183848256344,0.0,0.0,0.0,0.0,0.0
2017-02-09,DEVELOPMENT,REGULAR,0.0027397260273972,2017-02-09 22:00:00+00:00,2017-02-10 22:00:00+00:00,24.0,25,1.0,0,0,0,0,0,0.0,-0.2094170881653667,0.1715023961365958,3.349205670793848,3.349205670793848,0.0,0.0,0.0,0.0,0.0
2017-02-13,DEVELOPMENT,REGULAR,0.0027397260273972,2017-02-13 22:00:00+00:00,2017-02-14 22:00:00+00:00,24.0,25,1.0,0,0,0,0,0,0.0,0.2044516835487684,-0.2266732617986377,3.7424660077580345,3.7424660077580345,0.0,0.0,0.0,0.0,0.0
2017-02-14,DEVELOPMENT,REGULAR,0.0027397260273972,2017-02-14 22:00:00+00:00,2017-02-15 22:00:00+00:00,24.0,25,1.0,0,0,0,0,0,0.0,-0.0627880843359776,0.0490037530991145,4.472352311995877,4.472352311995877,0.0,0.0,0.0,0.0,0.0
2017-02-15,DEVELOPMENT,REGULAR,0.0027397260273972,2017-02-15 22:00:00+00:00,2017-02-16 22:00:00+00:00,24.0,25,1.0,0,0,0,0,0,0.0,0.0209971683233476,-0.0407858325958017,3.368228694188494,3.368228694188494,0.0,0.0,0.0,0.0,0.0
2017-02-16,DEVELOPMENT,REGULAR,0.0027397260273972,2017-02-16 22:00:00+00:00,2017-02-17 22:00:00+00:00,24.0,25,1.0,0,0,0,0,0,0.0,-0.1536110029923065,0.118469616700537,3.018974676896564,3.018974676896564,0.0,0.0,0.0,0.0,0.0
2017-02-20,DEVELOPMENT,REGULAR,0.0027397260273972,2017-02-20 22:00:00+00:00,2017-02-21 22:00:00+00:00,24.0,25,1.0,0,0,0,0,0,0.0,-0.0431457698169737,0.0280651055481087,2.925378696634948,2.925378696634948,0.0,0.0,0.0,0.0,0.0
2017-02-21,DEVELOPMENT,REGULAR,0.0027397260273972,2017-02-21 22:00:00+00:00,2017-02-22 22:00:00+00:00,24.0,25,1.0,0,0,1,0,0,0.0,0.0795932771053173,-0.1089708730023062,3.6880758857973768,3.6880758857973768,0.0,0.0,0.0,0.0,0.0
2017-02-22,DEVELOPMENT,REGULAR,0.0027397260273972,2017-02-22 22:00:00+00:00,2017-02-23 22:00:00+00:00,24.0,25,1.0,0,0,0,0,0,0.0,-0.0915203484517235,0.0643200140548003,3.0244575518849945,3.0244575518849945,0.0,0.0,0.0,0.0,0.0
2017-02-23,DEVELOPMENT,REGULAR,0.0027397260273972,2017-02-23 22:00:00+00:00,2017-02-24 22:00:00+00:00,24.0,25,1.0,0,0,0,0,0,0.0,-0.1472162342697913,0.0160371046104614,3.8502944924229294,3.8502944924229294,0.0,0.0,0.0,0.0,0.0
2017-02-27,DEVELOPMENT,REGULAR,0.0027397260273972,2017-02-27 22:00:00+00:00,2017-02-28 22:00:00+00:00,24.0,25,1.0,0,0,0,0,0,0.0,0.0762797712112046,-0.0860435142139977,2.68316309788574,2.68316309788574,0.0,0.0,0.0,0.0,0.0
2017-02-28,DEVELOPMENT,REGULAR,0.0027397260273972,2017-02-28 22:00:00+00:00,2017-03-01 22:00:00+00:00,24.0,25,1.0,0,0,0,0,0,0.0,-0.0079053182605548,-0.0083512311900761,2.4895035846969997,2.4895035846969997,0.0,0.0,0.0,0.0,0.0
2017-03-01,DEVELOPMENT,REGULAR,0.0027397260273972,2017-03-01 22:00:00+00:00,2017-03-02 22:00:00+00:00,24.0,25,1.0,0,0,0,0,0,0.0,-0.0895759124337018,0.0628425733788589,2.4777368441545398,2.4777368441545398,0.0,0.0,0.0,0.0,0.0
2017-03-02,DEVELOPMENT,REGULAR,0.0027397260273972,2017-03-02 22:00:00+00:00,2017-03-03 22:00:00+00:00,24.0,25,1.0,0,0,0,0,0,0.0,-0.1117069902742429,0.0554463804649998,4.949489105752204,4.949489105752204,0.0,0.0,0.0,0.0,0.0
2017-03-06,DEVELOPMENT,REGULAR,0.0027397260273972,2017-03-06 22:00:00+00:00,2017-03-07 22:00:00+00:00,24.0,25,1.0,0,0,0,0,0,0.0,-0.2180088164352014,0.2068659231616578,3.1372045348518967,3.1372045348518967,0.0,0.0,0.0,0.0,0.0
2017-03-07,DEVELOPMENT,REGULAR,0.0027397260273972,2017-03-07 22:00:00+00:00,2017-03-08 22:00:00+00:00,24.0,25,1.0,0,0,0,0,0,0.0,0.0446235162404633,-0.0981600141720804,3.644289795173496,3.644289795173496,0.0,0.0,0.0,0.0,0.0
2017-03-08,DEVELOPMENT,REGULAR,0.0027397260273972,2017-03-08 22:00:00+00:00,2017-03-09 22:00:00+00:00,24.0,25,1.0,0,0,0,0,0,0.0,0.0409971494493106,-0.0603526762992032,3.5028578975741405,3.5028578975741405,0.0,0.0,0.0,0.0,0.0
2017-03-09,DEVELOPMENT,REGULAR,0.0027397260273972,2017-03-09 22:00:00+00:00,2017-03-10 22:00:00+00:00,24.0,25,1.0,0,0,0,0,0,0.0,-0.3423729680304745,0.2385370987631887,3.453254925735748,3.453254925735748,0.0,0.0,0.0,0.0,0.0
2017-03-13,DEVELOPMENT,REGULAR,0.0027397260273972,2017-03-13 21:00:00+00:00,2017-03-14 21:00:00+00:00,24.0,25,1.0,0,0,0,0,0,0.0,-0.0994774618651916,0.072708242189293,4.249267180611059,4.249267180611059,0.0,0.0,0.0,0.0,0.0
2017-03-14,DEVELOPMENT,REGULAR,0.0027397260273972,2017-03-14 21:00:00+00:00,2017-03-15 21:00:00+00:00,24.0,25,1.0,0,0,0,0,0,0.0,0.2157520509383772,-0.2338175593721132,3.4860182168739247,3.4860182168739247,0.0,0.0,0.0,0.0,0.0
2017-03-15,DEVELOPMENT,REGULAR,0.0027397260273972,2017-03-15 21:00:00+00:00,2017-03-16 21:00:00+00:00,24.0,25,1.0,0,0,0,0,0,0.0,-0.1834541125709847,0.1693085875394757,4.593213236647819,4.593213236647819,0.0,0.0,0.0,0.0,0.0
2017-03-16,DEVELOPMENT,REGULAR,0.0027397260273972,2017-03-16 21:00:00+00:00,2017-03-17 21:00:00+00:00,24.0,25,1.0,0,0,0,0,0,0.0,-0.0049986953459324,-0.0520205407450191,3.6909565763493872,3.6909565763493872,0.0,0.0,0.0,0.0,0.0
2017-03-20,DEVELOPMENT,REGULAR,0.0027397260273972,2017-03-20 21:00:00+00:00,2017-03-21 21:00:00+00:00,24.0,25,1.0,0,0,0,0,0,0.0,0.1350712095519384,-0.1616449091295777,4.729160611265229,4.729160611265229,0.0,0.0,0.0,0.0,0.0
2017-03-21,DEVELOPMENT,REGULAR,0.0027397260273972,2017-03-21 21:00:00+00:00,2017-03-22 21:00:00+00:00,24.0,25,1.0,0,0,0,0,0,0.0,-0.0282949698473089,0.0140012910063518,3.036075367893376,3.036075367893376,0.0,0.0,0.0,0.0,0.0
2017-03-22,DEVELOPMENT,REGULAR,0.0027397260273972,2017-03-22 21:00:00+00:00,2017-03-23 21:00:00+00:00,24.0,25,1.0,0,0,0,0,0,0.0,-0.267807880333919,0.2429824393875748,3.802124614293869,3.802124614293869,0.0,0.0,0.0,0.0,0.0
2017-03-23,DEVELOPMENT,REGULAR,0.0027397260273972,2017-03-23 21:00:00+00:00,2017-03-24 21:00:00+00:00,24.0,25,1.0,0,0,0,0,0,0.0,0.0419482236455479,-0.1078220026644345,5.262811464246675,5.262811464246675,0.0,0.0,0.0,0.0,0.0
2017-03-27,DEVELOPMENT,REGULAR,0.0027397260273972,2017-03-27 21:00:00+00:00,2017-03-28 21:00:00+00:00,24.0,25,1.0,0,0,0,0,0,0.0,0.0766677253153602,-0.1064873221004205,4.842309673100834,4.842309673100834,0.0,0.0,0.0,0.0,0.0
2017-03-28,VALIDATION,REGULAR,0.0027397260273972,2017-03-28 21:00:00+00:00,2017-03-29 21:00:00+00:00,24.0,25,1.0,0,0,0,0,0,0.0,-0.1712678050462699,0.1551681467335015,4.146007589566691,4.146007589566691,0.0,0.0,0.0,0.0,0.0
2017-03-29,VALIDATION,REGULAR,0.0027397260273972,2017-03-29 21:00:00+00:00,2017-03-30 21:00:00+00:00,24.0,25,1.0,0,0,0,0,0,0.0,-0.0581480092166515,0.0483444110453206,3.807806015659735,3.807806015659735,0.0,0.0,0.0,0.0,0.0
2017-03-30,VALIDATION,REGULAR,0.0027397260273972,2017-03-30 21:00:00+00:00,2017-03-31 21:00:00+00:00,24.0,25,1.0,0,0,0,0,0,0.0,0.0967652126329596,-0.1257330088932207,4.423900069954481,4.423900069954481,0.0,0.0,0.0,0.0,0.0
2017-04-03,VALIDATION,REGULAR,0.0027397260273972,2017-04-03 21:00:00+00:00,2017-04-04 21:00:00+00:00,24.0,25,1.0,0,0,0,0,0,0.0,-0.0446955023095227,0.0196423654791288,3.5365183820091226,3.5365183820091226,0.0,0.0,0.0,0.0,0.0
2017-04-04,VALIDATION,REGULAR,0.0027397260273972,2017-04-04 21:00:00+00:00,2017-04-05 21:00:00+00:00,24.0,25,1.0,0,0,0,0,0,0.0,0.0714713448262145,-0.0854034720872789,4.900653916628277,4.900653916628277,0.0,0.0,0.0,0.0,0.0
2017-04-05,VALIDATION,REGULAR,0.0027397260273972,2017-04-05 21:00:00+00:00,2017-04-06 21:00:00+00:00,24.0,25,1.0,0,0,0,0,0,0.0,-0.1202926872603882,0.101209798725975,4.589834423699029,4.589834423699029,0.0,0.0,0.0,0.0,0.0
2017-04-06,VALIDATION,REGULAR,0.0027397260273972,2017-04-06 21:00:00+00:00,2017-04-07 21:00:00+00:00,24.0,25,1.0,0,0,0,0,0,0.0,0.1213808008889998,-0.1551947772115198,4.044714619035548,4.044714619035548,0.0,0.0,0.0,0.0,0.0
2017-04-10,VALIDATION,REGULAR,0.0027397260273972,2017-04-10 21:00:00+00:00,2017-04-11 21:00:00+00:00,24.0,25,1.0,0,0,0,0,0,0.0,-0.0720477681009583,0.0598018499143222,2.6156449746935384,2.6156449746935384,0.0,0.0,0.0,0.0,0.0
2017-04-11,VALIDATION,REGULAR,0.0027397260273972,2017-04-11 21:00:00+00:00,2017-04-12 21:00:00+00:00,24.0,25,1.0,0,0,0,0,0,0.0,0.3904493078617861,-0.4173367575215678,5.7978844421301385,5.7978844421301385,0.0,0.0,0.0,0.0,0.0
2017-04-12,VALIDATION,REGULAR,0.0027397260273972,2017-04-12 21:00:00+00:00,2017-04-13 21:00:00+00:00,24.0,25,1.0,0,0,0,0,0,0.0,-0.1751076246363201,0.1598410180650393,4.188284157360066,4.188284157360066,0.0,0.0,0.0,0.0,0.0
2017-04-13,VALIDATION,REGULAR,0.0027397260273972,2017-04-13 21:00:00+00:00,2017-04-14 21:00:00+00:00,24.0,25,1.0,0,0,0,0,0,0.0,-0.0827584737186981,-0.0378298207684082,2.940331784978407,2.940331784978407,0.0,0.0,0.0,0.0,0.0
2017-04-17,VALIDATION,REGULAR,0.0027397260273972,2017-04-17 21:00:00+00:00,2017-04-18 21:00:00+00:00,24.0,25,1.0,0,0,0,0,0,0.0,0.0539047427062229,-0.0958170323364413,4.525223400143358,4.525223400143358,0.0,0.0,0.0,0.0,0.0
2017-04-18,VALIDATION,REGULAR,0.0027397260273972,2017-04-18 21:00:00+00:00,2017-04-19 21:00:00+00:00,24.0,25,1.0,0,0,0,0,0,0.0,-0.0315280284250434,0.0183074019648614,2.700466308458058,2.700466308458058,0.0,0.0,0.0,0.0,0.0
2017-04-19,VALIDATION,REGULAR,0.0027397260273972,2017-04-19 21:00:00+00:00,2017-04-20 21:00:00+00:00,24.0,25,1.0,0,0,0,0,0,0.0,-0.0370101709653027,0.0233142961520513,3.5078305884223573,3.5078305884223573,0.0,0.0,0.0,0.0,0.0
2017-04-20,VALIDATION,REGULAR,0.0027397260273972,2017-04-20 21:00:00+00:00,2017-04-21 21:00:00+00:00,24.0,25,1.0,0,0,1,0,0,0.0,-0.1574267573150791,0.0734192930301418,3.884544176306416,3.884544176306416,0.0,0.0,0.0,0.0,0.0
2017-04-24,VALIDATION,REGULAR,0.0027397260273972,2017-04-24 21:00:00+00:00,2017-04-25 21:00:00+00:00,24.0,25,1.0,0,0,1,1,0,0.0,0.0208197872916713,-0.0618850329535263,2.8001596878028456,2.8001596878028456,0.0,0.0,0.0,0.0,0.0
2017-04-25,VALIDATION,REGULAR,0.0027397260273972,2017-04-25 21:00:00+00:00,2017-04-26 21:00:00+00:00,24.0,25,1.0,0,0,0,0,0,0.0,0.0549546779734413,-0.0709800253855021,4.723892631143711,4.723892631143711,0.0,0.0,0.0,0.0,0.0
2017-04-26,VALIDATION,REGULAR,0.0027397260273972,2017-04-26 21:00:00+00:00,2017-04-27 21:00:00+00:00,24.0,25,1.0,0,0,0,0,0,0.0,-0.2556829890064875,0.2356106178258414,3.3850673539000224,3.3850673539000224,0.0,0.0,0.0,0.0,0.0
2017-04-27,VALIDATION,REGULAR,0.0027397260273972,2017-04-27 21:00:00+00:00,2017-04-28 21:00:00+00:00,24.0,25,1.0,0,0,0,0,0,0.0,-0.1568692405037524,0.1117493574165848,3.399668361319222,3.399668361319222,0.0,0.0,0.0,0.0,0.0
2017-05-01,VALIDATION,REGULAR,0.0027397260273972,2017-05-01 21:00:00+00:00,2017-05-02 21:00:00+00:00,24.0,25,1.0,0,0,0,0,0,0.0,-0.0576836010133945,0.0369687123529871,3.004650393329689,3.004650393329689,0.0,0.0,0.0,0.0,0.0
2017-05-02,VALIDATION,REGULAR,0.0027397260273972,2017-05-02 21:00:00+00:00,2017-05-03 21:00:00+00:00,24.0,25,1.0,0,0,0,0,0,0.0,-0.0949751661411113,0.0528651724616935,2.837997754607072,2.837997754607072,0.0,0.0,0.0,0.0,0.0
2017-05-03,VALIDATION,REGULAR,0.0027397260273972,2017-05-03 21:00:00+00:00,2017-05-04 21:00:00+00:00,24.0,25,1.0,0,0,0,0,0,0.0,-0.0308595933033615,0.0066461539803839,4.712537815483714,4.712537815483714,0.0,0.0,0.0,0.0,0.0
2017-05-04,VALIDATION,REGULAR,0.0027397260273972,2017-05-04 21:00:00+00:00,2017-05-05 21:00:00+00:00,24.0,25,1.0,0,0,0,0,0,0.0,-0.0089417556825779,-0.0114097431378983,3.237669221683528,3.237669221683528,0.0,0.0,0.0,0.0,0.0
2017-05-08,VALIDATION,REGULAR,0.0027397260273972,2017-05-08 21:00:00+00:00,2017-05-09 21:00:00+00:00,24.0,25,1.0,0,0,0,0,0,0.0,-0.0442200928677039,0.0218926225391982,2.5596085133526336,2.5596085133526336,0.0,0.0,0.0,0.0,0.0
2017-05-09,VALIDATION,REGULAR,0.0027397260273972,2017-05-09 21:00:00+00:00,2017-05-10 21:00:00+00:00,24.0,25,1.0,0,0,0,0,0,0.0,-0.0377025683523157,-0.0070865649391151,4.391644761445656,4.391644761445656,0.0,0.0,0.0,0.0,0.0
2017-05-10,VALIDATION,REGULAR,0.0027397260273972,2017-05-10 21:00:00+00:00,2017-05-11 21:00:00+00:00,24.0,25,1.0,0,0,1,0,0,0.0,-0.0961429025001763,0.0772883479846342,3.0093689800363324,3.0093689800363324,0.0,0.0,0.0,0.0,0.0
2017-05-11,VALIDATION,REGULAR,0.0027397260273972,2017-05-11 21:00:00+00:00,2017-05-12 21:00:00+00:00,24.0,25,1.0,0,0,0,0,0,0.0,0.0918635110650285,-0.1310163430670456,3.5892621732416163,3.5892621732416163,0.0,0.0,0.0,0.0,0.0
2017-05-15,VALIDATION,REGULAR,0.0027397260273972,2017-05-15 21:00:00+00:00,2017-05-16 21:00:00+00:00,24.0,25,1.0,0,0,0,0,0,0.0,0.1318129164707642,-0.1592956732255857,3.829200563820195,3.829200563820195,0.0,0.0,0.0,0.0,0.0
2017-05-16,VALIDATION,REGULAR,0.0027397260273972,2017-05-16 21:00:00+00:00,2017-05-17 21:00:00+00:00,24.0,25,1.0,0,0,0,0,0,0.0,0.0148436285682578,-0.061202507397283,2.301929044665676,2.301929044665676,0.0,0.0,0.0,0.0,0.0
2017-05-17,VALIDATION,REGULAR,0.0027397260273972,2017-05-17 21:00:00+00:00,2017-05-18 21:00:00+00:00,24.0,25,1.0,0,0,0,0,0,0.0,0.6243682722777208,-0.6699308018299064,6.592974968118988,6.592974968118988,0.0,0.0,0.0,0.0,0.0
2017-05-18,VALIDATION,REGULAR,0.0027397260273972,2017-05-18 21:00:00+00:00,2017-05-19 21:00:00+00:00,24.0,25,1.0,0,0,0,0,0,0.0,-0.1700279165177534,0.1241303282688761,4.7926502966368485,4.7926502966368485,0.0,0.0,0.0,0.0,0.0
2017-05-22,VALIDATION,REGULAR,0.0027397260273972,2017-05-22 21:00:00+00:00,2017-05-23 21:00:00+00:00,24.0,25,1.0,0,0,0,0,0,0.0,0.3868065692429496,-0.4441387797800189,5.756683487115255,5.756683487115255,0.0,0.0,0.0,0.0,0.0
2017-05-23,VALIDATION,REGULAR,0.0027397260273972,2017-05-23 21:00:00+00:00,2017-05-24 21:00:00+00:00,24.0,25,1.0,0,0,0,0,0,0.0,-0.0092315498091721,-0.0143868875815798,4.9828382320678,4.9828382320678,0.0,0.0,0.0,0.0,0.0
2017-05-24,VALIDATION,REGULAR,0.0027397260273972,2017-05-24 21:00:00+00:00,2017-05-25 21:00:00+00:00,24.0,25,1.0,0,0,0,0,0,0.0,-0.1001618023553021,0.0842261969146136,3.3489847572416407,3.3489847572416407,0.0,0.0,0.0,0.0,0.0
2017-05-25,VALIDATION,REGULAR,0.0027397260273972,2017-05-25 21:00:00+00:00,2017-05-26 21:00:00+00:00,24.0,25,1.0,0,0,0,0,0,0.0,-0.0458866639976349,0.0025839729397887,2.3218038844199675,2.3218038844199675,0.0,0.0,0.0,0.0,0.0
2017-05-29,VALIDATION,REGULAR,0.0027397260273972,2017-05-29 21:00:00+00:00,2017-05-30 21:00:00+00:00,24.0,25,1.0,0,0,0,0,0,0.0,0.119465561763846,-0.1390992662631163,4.096099744882968,4.096099744882968,0.0,0.0,0.0,0.0,0.0
2017-05-30,VALIDATION,REGULAR,0.0027397260273972,2017-05-30 21:00:00+00:00,2017-05-31 21:00:00+00:00,24.0,25,1.0,0,0,0,0,0,0.0,-0.0347134484152462,0.0193372507464602,4.832802556037343,4.832802556037343,0.0,0.0,0.0,0.0,0.0
2017-05-31,VALIDATION,REGULAR,0.0027397260273972,2017-05-31 21:00:00+00:00,2017-06-01 21:00:00+00:00,24.0,25,1.0,0,0,0,0,0,0.0,-0.0738759974247358,0.0418052126286454,2.581266468825281,2.581266468825281,0.0,0.0,0.0,0.0,0.0
2017-06-01,VALIDATION,REGULAR,0.0027397260273972,2017-06-01 21:00:00+00:00,2017-06-02 21:00:00+00:00,24.0,25,1.0,0,0,0,0,0,0.0,0.370859643691162,-0.4294363870094742,3.134453126407869,3.134453126407869,0.0,0.0,0.0,0.0,0.0
2017-06-05,VALIDATION,REGULAR,0.0027397260273972,2017-06-05 21:00:00+00:00,2017-06-06 21:00:00+00:00,24.0,25,1.0,0,0,0,0,0,0.0,0.0545617481056979,-0.0686659514726244,2.227895226155362,2.227895226155362,0.0,0.0,0.0,0.0,0.0
2017-06-06,VALIDATION,REGULAR,0.0027397260273972,2017-06-06 21:00:00+00:00,2017-06-07 21:00:00+00:00,24.0,25,1.0,0,0,0,0,0,0.0,0.1713332357612529,-0.2012788340178843,6.506204358168228,6.506204358168228,0.0,0.0,0.0,0.0,0.0
2017-06-07,VALIDATION,REGULAR,0.0027397260273972,2017-06-07 21:00:00+00:00,2017-06-08 21:00:00+00:00,24.0,25,1.0,0,0,0,0,0,0.0,0.0764913348039044,-0.1421969861514895,5.36687130320398,5.36687130320398,0.0,0.0,0.0,0.0,0.0
2017-06-08,VALIDATION,REGULAR,0.0027397260273972,2017-06-08 21:00:00+00:00,2017-06-09 21:00:00+00:00,24.0,25,1.0,0,0,0,0,0,0.0,-0.0239232681215924,0.0085630089912029,3.5601315241046247,3.5601315241046247,0.0,0.0,0.0,0.0,0.0
2017-06-12,VALIDATION,REGULAR,0.0027397260273972,2017-06-12 21:00:00+00:00,2017-06-13 21:00:00+00:00,24.0,25,1.0,0,0,0,0,0,0.0,-0.0029734770294993,-0.013278773591395,4.490230417562609,4.490230417562609,0.0,0.0,0.0,0.0,0.0
2017-06-13,VALIDATION,REGULAR,0.0027397260273972,2017-06-13 21:00:00+00:00,2017-06-14 21:00:00+00:00,24.0,25,1.0,0,0,0,0,0,0.0,0.8488765570304508,-0.8905143859103077,3.6577077558629454,3.6577077558629454,0.0,0.0,0.0,0.0,0.0
2017-06-14,VALIDATION,REGULAR,0.0027397260273972,2017-06-14 21:00:00+00:00,2017-06-15 21:00:00+00:00,24.0,25,1.0,0,0,0,0,0,0.0,0.2452722936811682,-0.2651422030839256,4.496720214197415,4.496720214197415,0.0,0.0,0.0,0.0,0.0
2017-06-15,VALIDATION,REGULAR,0.0027397260273972,2017-06-15 21:00:00+00:00,2017-06-16 21:00:00+00:00,24.0,25,1.0,0,0,0,0,0,0.0,-0.3536791985784475,0.3246783539997224,3.2954533032326343,3.2954533032326343,0.0,0.0,0.0,0.0,0.0
2017-06-19,VALIDATION,REGULAR,0.0027397260273972,2017-06-19 21:00:00+00:00,2017-06-20 21:00:00+00:00,24.0,25,1.0,0,0,0,0,0,0.0,-0.124230848797481,0.1102153665725467,4.241959269475138,4.241959269475138,0.0,0.0,0.0,0.0,0.0
2017-06-20,VALIDATION,REGULAR,0.0027397260273972,2017-06-20 21:00:00+00:00,2017-06-21 21:00:00+00:00,24.0,25,1.0,0,0,0,0,0,0.0,-0.0599074187871764,0.044250339313038,4.62214665598334,4.62214665598334,0.0,0.0,0.0,0.0,0.0
2017-06-21,VALIDATION,REGULAR,0.0027397260273972,2017-06-21 21:00:00+00:00,2017-06-22 21:00:00+00:00,24.0,25,1.0,0,0,0,0,0,0.0,-0.0344321166172534,0.0159012844104893,5.221317898212345,5.221317898212345,0.0,0.0,0.0,0.0,0.0
2017-06-22,VALIDATION,REGULAR,0.0027397260273972,2017-06-22 21:00:00+00:00,2017-06-23 21:00:00+00:00,24.0,25,1.0,0,0,0,0,0,0.0,-0.3031791448474834,0.2798789039524081,2.295409386569776,2.295409386569776,0.0,0.0,0.0,0.0,0.0
2017-06-26,VALIDATION,REGULAR,0.0027397260273972,2017-06-26 21:00:00+00:00,2017-06-27 21:00:00+00:00,24.0,25,1.0,0,0,0,0,0,0.0,0.060814916955735,-0.0734081907171599,3.8257483412764848,3.8257483412764848,0.0,0.0,0.0,0.0,0.0
2017-06-27,VALIDATION,REGULAR,0.0027397260273972,2017-06-27 21:00:00+00:00,2017-06-28 21:00:00+00:00,24.0,25,1.0,0,0,0,0,0,0.0,-0.0916089316499864,0.0541626338967944,4.140737162910758,4.140737162910758,0.0,0.0,0.0,0.0,0.0
2017-06-28,VALIDATION,REGULAR,0.0027397260273972,2017-06-28 21:00:00+00:00,2017-06-29 21:00:00+00:00,24.0,25,1.0,0,0,0,0,0,0.0,0.2423377899781655,-0.2714190911717224,5.436088106448644,5.436088106448644,0.0,0.0,0.0,0.0,0.0
2017-06-29,VALIDATION,REGULAR,0.0027397260273972,2017-06-29 21:00:00+00:00,2017-06-30 21:00:00+00:00,24.0,25,1.0,0,0,0,0,0,0.0,-0.0602626489222615,0.0045534516005574,4.193210981524566,4.193210981524566,0.0,0.0,0.0,0.0,0.0
2017-07-03,VALIDATION,REGULAR,0.0027397260273972,2017-07-03 21:00:00+00:00,2017-07-04 21:00:00+00:00,24.0,25,1.0,0,0,0,0,0,0.0,-0.0461566929384957,0.0247837690381516,3.326695603453868,3.326695603453868,0.0,0.0,0.0,0.0,0.0
2017-07-04,VALIDATION,REGULAR,0.0027397260273972,2017-07-04 21:00:00+00:00,2017-07-05 21:00:00+00:00,24.0,25,1.0,0,0,0,0,0,0.0,0.0923555240184796,-0.1182306613064128,6.11763304775976,6.11763304775976,0.0,0.0,0.0,0.0,0.0
2017-07-05,VALIDATION,REGULAR,0.0027397260273972,2017-07-05 21:00:00+00:00,2017-07-06 21:00:00+00:00,24.0,25,1.0,0,0,0,0,0,0.0,-0.1044814919643641,0.0833874142179453,5.304625740033623,5.304625740033623,0.0,0.0,0.0,0.0,0.0
2017-07-06,VALIDATION,REGULAR,0.0027397260273972,2017-07-06 21:00:00+00:00,2017-07-07 21:00:00+00:00,24.0,25,1.0,0,0,0,0,0,0.0,0.0084915606015982,-0.0478869964902344,2.6229259507264286,2.6229259507264286,0.0,0.0,0.0,0.0,0.0
2017-07-10,VALIDATION,REGULAR,0.0027397260273972,2017-07-10 21:00:00+00:00,2017-07-11 21:00:00+00:00,24.0,25,1.0,0,0,0,0,0,0.0,0.0606278037528653,-0.0885682282429485,4.592668676453723,4.592668676453723,0.0,0.0,0.0,0.0,0.0
2017-07-11,VALIDATION,REGULAR,0.0027397260273972,2017-07-11 21:00:00+00:00,2017-07-12 21:00:00+00:00,24.0,25,1.0,0,0,0,0,0,0.0,0.0393797113570002,-0.0640330848071499,2.465311546552833,2.465311546552833,0.0,0.0,0.0,0.0,0.0
2017-07-12,VALIDATION,REGULAR,0.0027397260273972,2017-07-12 21:00:00+00:00,2017-07-13 21:00:00+00:00,24.0,25,1.0,0,0,0,0,0,0.0,-0.1182787381865111,0.099126965680341,3.614681596603397,3.614681596603397,0.0,0.0,0.0,0.0,0.0
2017-07-13,VALIDATION,REGULAR,0.0027397260273972,2017-07-13 21:00:00+00:00,2017-07-14 21:00:00+00:00,24.0,25,1.0,0,0,0,0,0,0.0,0.1577461607492836,-0.1809616025882547,2.9039403425993493,2.9039403425993493,0.0,0.0,0.0,0.0,0.0
2017-07-17,VALIDATION,REGULAR,0.0027397260273972,2017-07-17 21:00:00+00:00,2017-07-18 21:00:00+00:00,24.0,25,1.0,0,0,0,0,0,0.0,0.0231761111372748,-0.0360928706093375,2.394092967539768,2.394092967539768,0.0,0.0,0.0,0.0,0.0
2017-07-18,VALIDATION,REGULAR,0.0027397260273972,2017-07-18 21:00:00+00:00,2017-07-19 21:00:00+00:00,24.0,25,1.0,0,0,0,0,0,0.0,-0.0022906591296418,-0.0251365783170882,3.527561774414714,3.527561774414714,0.0,0.0,0.0,0.0,0.0
2017-07-19,VALIDATION,REGULAR,0.0027397260273972,2017-07-19 21:00:00+00:00,2017-07-20 21:00:00+00:00,24.0,25,1.0,0,0,0,0,0,0.0,-0.1368409217890587,0.1168033650940714,4.079075472095235,4.079075472095235,0.0,0.0,0.0,0.0,0.0
2017-07-20,VALIDATION,REGULAR,0.0027397260273972,2017-07-20 21:00:00+00:00,2017-07-21 21:00:00+00:00,24.0,25,1.0,0,0,0,0,0,0.0,-0.0381385591670948,0.0119647786286236,2.8703044727939497,2.8703044727939497,0.0,0.0,0.0,0.0,0.0
2017-07-24,VALIDATION,REGULAR,0.0027397260273972,2017-07-24 21:00:00+00:00,2017-07-25 21:00:00+00:00,24.0,25,1.0,0,0,0,0,0,0.0,0.0421677358018968,-0.0571189043299966,3.807185655757393,3.807185655757393,0.0,0.0,0.0,0.0,0.0
2017-07-25,VALIDATION,REGULAR,0.0027397260273972,2017-07-25 21:00:00+00:00,2017-07-26 21:00:00+00:00,24.0,25,1.0,0,0,1,0,0,0.0,0.5298172531683036,-0.5771369314044108,5.290126632010869,5.290126632010869,0.0,0.0,0.0,0.0,0.0
2017-07-26,VALIDATION,REGULAR,0.0027397260273972,2017-07-26 21:00:00+00:00,2017-07-27 21:00:00+00:00,24.0,25,1.0,0,0,0,0,0,0.0,0.0697407838113051,-0.0952458620155525,4.922209835325484,4.922209835325484,0.0,0.0,0.0,0.0,0.0
2017-07-27,VALIDATION,REGULAR,0.0027397260273972,2017-07-27 21:00:00+00:00,2017-07-28 21:00:00+00:00,24.0,25,1.0,0,0,0,0,0,0.0,-0.072278324614345,0.0365023845660488,3.8298673736147455,3.8298673736147455,0.0,0.0,0.0,0.0,0.0
2017-07-31,VALIDATION,REGULAR,0.0027397260273972,2017-07-31 21:00:00+00:00,2017-08-01 21:00:00+00:00,24.0,25,1.0,0,0,0,0,0,0.0,0.0352593506858696,-0.0700376376453633,5.313334457154766,5.313334457154766,0.0,0.0,0.0,0.0,0.0
2017-08-01,VALIDATION,REGULAR,0.0027397260273972,2017-08-01 21:00:00+00:00,2017-08-02 21:00:00+00:00,24.0,25,1.0,0,0,0,0,0,0.0,0.0036735965436633,-0.0428405840363979,4.581363365600733,4.581363365600733,0.0,0.0,0.0,0.0,0.0
2017-08-02,VALIDATION,REGULAR,0.0027397260273972,2017-08-02 21:00:00+00:00,2017-08-03 21:00:00+00:00,24.0,25,1.0,0,0,0,0,0,0.0,-0.0125388601222624,-0.0069105597553829,3.0880838530369097,3.0880838530369097,0.0,0.0,0.0,0.0,0.0
2017-08-03,VALIDATION,REGULAR,0.0027397260273972,2017-08-03 21:00:00+00:00,2017-08-04 21:00:00+00:00,24.0,25,1.0,0,0,0,0,0,0.0,0.109545215346074,-0.1550770179639755,2.78575074957582,2.78575074957582,0.0,0.0,0.0,0.0,0.0
2017-08-07,VALIDATION,REGULAR,0.0027397260273972,2017-08-07 21:00:00+00:00,2017-08-08 21:00:00+00:00,24.0,25,1.0,0,0,0,0,0,0.0,0.1303003022487558,-0.1550537762585548,4.369390552373531,4.369390552373531,0.0,0.0,0.0,0.0,0.0
2017-08-08,VALIDATION,REGULAR,0.0027397260273972,2017-08-08 21:00:00+00:00,2017-08-09 21:00:00+00:00,24.0,25,1.0,0,0,0,0,0,0.0,0.0433003606763975,-0.0697746163931611,3.1054492277119032,3.1054492277119032,0.0,0.0,0.0,0.0,0.0
2017-08-09,VALIDATION,REGULAR,0.0027397260273972,2017-08-09 21:00:00+00:00,2017-08-10 21:00:00+00:00,24.0,25,1.0,0,0,0,0,0,0.0,-0.0629816646802226,0.0277255786350707,2.9765020598819945,2.9765020598819945,0.0,0.0,0.0,0.0,0.0
2017-08-10,VALIDATION,REGULAR,0.0027397260273972,2017-08-10 21:00:00+00:00,2017-08-11 21:00:00+00:00,24.0,25,1.0,0,0,0,0,0,0.0,-0.4889858587229412,0.4580498141475928,2.60267710519452,2.60267710519452,0.0,0.0,0.0,0.0,0.0
2017-08-14,VALIDATION,REGULAR,0.0027397260273972,2017-08-14 21:00:00+00:00,2017-08-15 21:00:00+00:00,24.0,25,1.0,0,0,0,0,0,0.0,0.0191782421057808,-0.0367877464267394,2.0777422812924744,2.0777422812924744,0.0,0.0,0.0,0.0,0.0
2017-08-15,VALIDATION,REGULAR,0.0027397260273972,2017-08-15 21:00:00+00:00,2017-08-16 21:00:00+00:00,24.0,25,1.0,0,0,0,0,0,0.0,-0.0134888043677534,-0.0150045018923918,3.936071651643852,3.936071651643852,0.0,0.0,0.0,0.0,0.0
2017-08-16,VALIDATION,REGULAR,0.0027397260273972,2017-08-16 21:00:00+00:00,2017-08-17 21:00:00+00:00,24.0,25,1.0,0,0,0,0,0,0.0,0.0437504270143733,-0.0790262688129246,4.190859422078415,4.190859422078415,0.0,0.0,0.0,0.0,0.0
2017-08-17,VALIDATION,REGULAR,0.0027397260273972,2017-08-17 21:00:00+00:00,2017-08-18 21:00:00+00:00,24.0,25,1.0,0,0,0,0,0,0.0,0.0385709855207068,-0.0826851267634509,3.846640400832397,3.846640400832397,0.0,0.0,0.0,0.0,0.0
2017-08-21,VALIDATION,REGULAR,0.0027397260273972,2017-08-21 21:00:00+00:00,2017-08-22 21:00:00+00:00,24.0,25,1.0,0,0,0,0,0,0.0,-0.0988665034670646,0.0607131094951682,2.488140473676253,2.488140473676253,0.0,0.0,0.0,0.0,0.0
2017-08-22,VALIDATION,REGULAR,0.0027397260273972,2017-08-22 21:00:00+00:00,2017-08-23 21:00:00+00:00,24.0,25,1.0,0,0,0,0,0,0.0,0.0222513395348471,-0.0360684048446273,3.1618287159517022,3.1618287159517022,0.0,0.0,0.0,0.0,0.0
2017-08-23,VALIDATION,REGULAR,0.0027397260273972,2017-08-23 21:00:00+00:00,2017-08-24 21:00:00+00:00,24.0,25,1.0,0,0,0,0,0,0.0,0.0429486261804186,-0.0675017816064382,3.958583897669137,3.958583897669137,0.0,0.0,0.0,0.0,0.0
2017-08-24,VALIDATION,REGULAR,0.0027397260273972,2017-08-24 21:00:00+00:00,2017-08-25 21:00:00+00:00,24.0,25,1.0,0,0,1,0,0,0.0,0.2831632978921305,-0.3180151671226525,4.687206952618504,4.687206952618504,0.0,0.0,0.0,0.0,0.0
2017-08-28,VALIDATION,REGULAR,0.0027397260273972,2017-08-28 21:00:00+00:00,2017-08-29 21:00:00+00:00,24.0,25,1.0,0,0,0,0,0,0.0,0.6062992701324248,-0.6956437814709631,4.4358003687595735,4.4358003687595735,0.0,0.0,0.0,0.0,0.0
2017-08-29,VALIDATION,REGULAR,0.0027397260273972,2017-08-29 21:00:00+00:00,2017-08-30 21:00:00+00:00,24.0,25,1.0,0,0,0,0,0,0.0,0.0512541199966847,-0.0739562855314801,3.572691492440784,3.572691492440784,0.0,0.0,0.0,0.0,0.0
2017-08-30,VALIDATION,REGULAR,0.0027397260273972,2017-08-30 21:00:00+00:00,2017-08-31 21:00:00+00:00,24.0,25,1.0,0,0,0,0,0,0.0,-0.0073107487341843,-0.0241750223775909,4.406445862239624,4.406445862239624,0.0,0.0,0.0,0.0,0.0
2017-08-31,VALIDATION,REGULAR,0.0027397260273972,2017-08-31 21:00:00+00:00,2017-09-01 21:00:00+00:00,24.0,25,1.0,0,0,0,0,0,0.0,-0.2182456455106916,0.1769321604675866,3.5583908901356915,3.5583908901356915,0.0,0.0,0.0,0.0,0.0
2017-09-04,VALIDATION,REGULAR,0.0027397260273972,2017-09-04 21:00:00+00:00,2017-09-05 21:00:00+00:00,24.0,25,1.0,0,0,0,0,0,0.0,0.0153552038246544,-0.0419995516408562,3.075993435667685,3.075993435667685,0.0,0.0,0.0,0.0,0.0
2017-09-05,VALIDATION,REGULAR,0.0027397260273972,2017-09-05 21:00:00+00:00,2017-09-06 21:00:00+00:00,24.0,25,1.0,0,0,0,0,0,0.0,0.0576712313999223,-0.1191673511282971,4.741735277707254,4.741735277707254,0.0,0.0,0.0,0.0,0.0
2017-09-06,VALIDATION,REGULAR,0.0027397260273972,2017-09-06 21:00:00+00:00,2017-09-07 21:00:00+00:00,24.0,25,1.0,0,0,0,0,0,0.0,-0.1079556776469559,0.0772988031352071,2.233636519344161,2.233636519344161,0.0,0.0,0.0,0.0,0.0
2017-09-07,VALIDATION,REGULAR,0.0027397260273972,2017-09-07 21:00:00+00:00,2017-09-08 21:00:00+00:00,24.0,25,1.0,0,0,0,0,0,0.0,0.0202218505794462,-0.031857723838641,2.667061702844428,2.667061702844428,0.0,0.0,0.0,0.0,0.0
2017-09-11,VALIDATION,REGULAR,0.0027397260273972,2017-09-11 21:00:00+00:00,2017-09-12 21:00:00+00:00,24.0,25,1.0,0,0,0,0,0,0.0,-0.025132017223683,-0.0167376739534432,3.2954999096940822,3.2954999096940822,0.0,0.0,0.0,0.0,0.0
2017-09-12,VALIDATION,REGULAR,0.0027397260273972,2017-09-12 21:00:00+00:00,2017-09-13 21:00:00+00:00,24.0,25,1.0,0,0,0,0,0,0.0,-0.0058852656098196,-0.0246666217279738,4.067790901539427,4.067790901539427,0.0,0.0,0.0,0.0,0.0
2017-09-13,VALIDATION,REGULAR,0.0027397260273972,2017-09-13 21:00:00+00:00,2017-09-14 21:00:00+00:00,24.0,25,1.0,0,0,2,1,0,0.0,-0.0720180571644739,0.0581882355312579,3.440964609388577,3.440964609388577,0.0,0.0,0.0,0.0,0.0
2017-09-14,VALIDATION,REGULAR,0.0027397260273972,2017-09-14 21:00:00+00:00,2017-09-15 21:00:00+00:00,24.0,25,1.0,0,0,0,0,0,0.0,0.1728570304734944,-0.1989388638134954,3.4607083612585687,3.4607083612585687,0.0,0.0,0.0,0.0,0.0
2017-09-18,VALIDATION,REGULAR,0.0027397260273972,2017-09-18 21:00:00+00:00,2017-09-19 21:00:00+00:00,24.0,25,1.0,0,0,0,0,0,0.0,0.0307069533226425,-0.0508814692245067,5.566601461323378,5.566601461323378,0.0,0.0,0.0,0.0,0.0
2017-09-19,VALIDATION,REGULAR,0.0027397260273972,2017-09-19 21:00:00+00:00,2017-09-20 21:00:00+00:00,24.0,25,1.0,0,0,0,0,0,0.0,1.007663573806184,-1.0353451057648613,4.724764930948663,4.724764930948663,0.0,0.0,0.0,0.0,0.0
2017-09-20,VALIDATION,REGULAR,0.0027397260273972,2017-09-20 21:00:00+00:00,2017-09-21 21:00:00+00:00,24.0,25,1.0,0,0,0,0,0,0.0,-0.1629452530458905,0.1216783401471133,4.440019232979595,4.440019232979595,0.0,0.0,0.0,0.0,0.0
2017-09-21,VALIDATION,REGULAR,0.0027397260273972,2017-09-21 21:00:00+00:00,2017-09-22 21:00:00+00:00,24.0,25,1.0,0,0,0,0,0,0.0,0.0068095893149404,-0.0258702821862186,2.8553775576056437,2.8553775576056437,0.0,0.0,0.0,0.0,0.0
2017-09-25,VALIDATION,REGULAR,0.0027397260273972,2017-09-25 21:00:00+00:00,2017-09-26 21:00:00+00:00,24.0,25,1.0,0,0,0,0,0,0.0,-0.1031325054051564,0.0465149638114752,3.1617181103160794,3.1617181103160794,0.0,0.0,0.0,0.0,0.0
2017-09-26,VALIDATION,REGULAR,0.0027397260273972,2017-09-26 21:00:00+00:00,2017-09-27 21:00:00+00:00,24.0,25,1.0,0,0,0,0,0,0.0,-0.0305319416471974,0.0165886543490643,2.662144940612412,2.662144940612412,0.0,0.0,0.0,0.0,0.0
2017-09-27,VALIDATION,REGULAR,0.0027397260273972,2017-09-27 21:00:00+00:00,2017-09-28 21:00:00+00:00,24.0,25,1.0,0,0,0,0,0,0.0,-0.0966005776802774,0.0652435395034274,4.099313785065738,4.099313785065738,0.0,0.0,0.0,0.0,0.0
2017-09-28,VALIDATION,REGULAR,0.0027397260273972,2017-09-28 21:00:00+00:00,2017-09-29 21:00:00+00:00,24.0,25,1.0,0,0,0,0,0,0.0,0.0163645231862972,-0.0814500019079531,4.422409702986391,4.422409702986391,0.0,0.0,0.0,0.0,0.0
2017-10-02,VALIDATION,REGULAR,0.0027397260273972,2017-10-02 21:00:00+00:00,2017-10-03 21:00:00+00:00,24.0,25,1.0,0,0,0,0,0,0.0,-0.0599716746648937,0.0383284153489853,4.21006550487769,4.21006550487769,0.0,0.0,0.0,0.0,0.0
2017-10-03,VALIDATION,REGULAR,0.0027397260273972,2017-10-03 21:00:00+00:00,2017-10-04 21:00:00+00:00,24.0,25,1.0,0,0,0,0,0,0.0,-0.0171453705394526,-0.0039786058878092,4.457495091494702,4.457495091494702,0.0,0.0,0.0,0.0,0.0
2017-10-04,VALIDATION,REGULAR,0.0027397260273972,2017-10-04 21:00:00+00:00,2017-10-05 21:00:00+00:00,24.0,25,1.0,0,0,0,0,0,0.0,-0.19868532672794,0.1807060952478423,3.406442067316232,3.406442067316232,0.0,0.0,0.0,0.0,0.0
2017-10-05,VALIDATION,REGULAR,0.0027397260273972,2017-10-05 21:00:00+00:00,2017-10-06 21:00:00+00:00,24.0,25,1.0,0,0,0,0,0,0.0,0.0312825476934648,-0.097324512876284,4.076253218949954,4.076253218949954,0.0,0.0,0.0,0.0,0.0
2017-10-09,VALIDATION,REGULAR,0.0027397260273972,2017-10-09 21:00:00+00:00,2017-10-10 21:00:00+00:00,24.0,25,1.0,0,0,0,0,0,0.0,-0.0230207457484823,0.0073900950401224,2.9055618873002804,2.9055618873002804,0.0,0.0,0.0,0.0,0.0
2017-10-10,VALIDATION,REGULAR,0.0027397260273972,2017-10-10 21:00:00+00:00,2017-10-11 21:00:00+00:00,24.0,25,1.0,0,0,2,0,0,0.0,-0.0601951754344654,0.0257946656567256,4.283713069408596,4.283713069408596,0.0,0.0,0.0,0.0,0.0
2017-10-11,VALIDATION,REGULAR,0.0027397260273972,2017-10-11 21:00:00+00:00,2017-10-12 21:00:00+00:00,24.0,25,1.0,0,0,0,0,0,0.0,-0.0647852625763505,0.0478238981623064,3.807805289845766,3.807805289845766,0.0,0.0,0.0,0.0,0.0
2017-10-12,VALIDATION,REGULAR,0.0027397260273972,2017-10-12 21:00:00+00:00,2017-10-13 21:00:00+00:00,24.0,25,1.0,0,0,0,0,0,0.0,-0.0555754318906238,0.0011357754400123,3.231896222537616,3.231896222537616,0.0,0.0,0.0,0.0,0.0
2017-10-16,VALIDATION,REGULAR,0.0027397260273972,2017-10-16 21:00:00+00:00,2017-10-17 21:00:00+00:00,24.0,25,1.0,0,0,0,0,0,0.0,-0.0773114139993964,0.066010479181596,3.736781339662179,3.736781339662179,0.0,0.0,0.0,0.0,0.0
2017-10-17,VALIDATION,REGULAR,0.0027397260273972,2017-10-17 21:00:00+00:00,2017-10-18 21:00:00+00:00,24.0,25,1.0,0,0,0,0,0,0.0,-0.0352998158336674,0.0179572185352867,2.3081404999095736,2.3081404999095736,0.0,0.0,0.0,0.0,0.0
2017-10-18,VALIDATION,REGULAR,0.0027397260273972,2017-10-18 21:00:00+00:00,2017-10-19 21:00:00+00:00,24.0,25,1.0,0,0,0,0,0,0.0,0.0661781957082752,-0.0812585672083514,3.4465794167511423,3.4465794167511423,0.0,0.0,0.0,0.0,0.0
2017-10-19,VALIDATION,REGULAR,0.0027397260273972,2017-10-19 21:00:00+00:00,2017-10-20 21:00:00+00:00,24.0,25,1.0,0,0,0,0,0,0.0,0.1033573942920753,-0.1357129077921115,2.112459048314272,2.112459048314272,0.0,0.0,0.0,0.0,0.0
2017-10-23,VALIDATION,REGULAR,0.0027397260273972,2017-10-23 21:00:00+00:00,2017-10-24 21:00:00+00:00,24.0,25,1.0,0,0,1,1,0,0.0,0.0305153261570865,-0.048187204556541,3.580377321755312,3.580377321755312,0.0,0.0,0.0,0.0,0.0
2017-10-24,VALIDATION,REGULAR,0.0027397260273972,2017-10-24 21:00:00+00:00,2017-10-25 21:00:00+00:00,24.0,25,1.0,0,0,0,0,0,0.0,0.0676894422780378,-0.0858448046312787,5.463745126719258,5.463745126719258,0.0,0.0,0.0,0.0,0.0
2017-10-25,VALIDATION,REGULAR,0.0027397260273972,2017-10-25 21:00:00+00:00,2017-10-26 21:00:00+00:00,24.0,25,1.0,0,0,0,0,0,0.0,0.03943013888248,-0.0715342960038469,5.6225474493877154,5.6225474493877154,0.0,0.0,0.0,0.0,0.0
2017-10-26,VALIDATION,REGULAR,0.0027397260273972,2017-10-26 21:00:00+00:00,2017-10-27 21:00:00+00:00,24.0,25,1.0,0,0,0,0,0,0.0,-0.0142993299277378,-0.0090437584721456,5.241832690508843,5.241832690508843,0.0,0.0,0.0,0.0,0.0
2017-10-30,VALIDATION,REGULAR,0.0027397260273972,2017-10-30 21:00:00+00:00,2017-10-31 21:00:00+00:00,24.0,25,1.0,0,0,0,0,0,0.0,-0.0564064463850968,0.0413816124331134,3.787920612785816,3.787920612785816,0.0,0.0,0.0,0.0,0.0
2017-10-31,VALIDATION,REGULAR,0.0027397260273972,2017-10-31 21:00:00+00:00,2017-11-01 21:00:00+00:00,24.0,25,1.0,0,0,0,0,0,0.0,-0.0188085697972866,-0.0035528759167249,2.7976647833425723,2.7976647833425723,0.0,0.0,0.0,0.0,0.0
2017-11-01,VALIDATION,REGULAR,0.0027397260273972,2017-11-01 21:00:00+00:00,2017-11-02 21:00:00+00:00,24.0,23,2.0,0,0,0,0,0,0.0,0.0060389688787694,-0.0173322862610945,4.397414614220585,4.397414614220585,0.0,0.0,0.0,0.0,0.0
2017-11-02,VALIDATION,REGULAR,0.0027397260273972,2017-11-02 21:00:00+00:00,2017-11-03 21:00:00+00:00,24.0,25,1.0,0,0,0,0,0,0.0,-0.2440847828836005,0.2295902678288932,3.010602231810037,3.010602231810037,0.0,0.0,0.0,0.0,0.0
2017-11-06,VALIDATION,REGULAR,0.0027397260273972,2017-11-06 22:00:00+00:00,2017-11-07 22:00:00+00:00,24.0,25,1.0,0,0,0,0,0,0.0,-0.0092333993831914,0.0026025306509751,3.1245119859627946,3.1245119859627946,0.0,0.0,0.0,0.0,0.0
2017-11-07,VALIDATION,REGULAR,0.0027397260273972,2017-11-07 22:00:00+00:00,2017-11-08 22:00:00+00:00,24.0,25,1.0,0,0,0,0,0,0.0,-0.0398200582374101,0.0259559195376937,2.662980112704803,2.662980112704803,0.0,0.0,0.0,0.0,0.0
2017-11-08,VALIDATION,REGULAR,0.0027397260273972,2017-11-08 22:00:00+00:00,2017-11-09 22:00:00+00:00,24.0,25,1.0,0,0,0,0,0,0.0,0.1222895727653679,-0.1353805337356419,3.820969819291701,3.820969819291701,0.0,0.0,0.0,0.0,0.0
2017-11-09,VALIDATION,REGULAR,0.0027397260273972,2017-11-09 22:00:00+00:00,2017-11-10 22:00:00+00:00,24.0,25,1.0,0,0,0,0,0,0.0,-0.1789436968498421,0.1381963041880354,3.932402442558542,3.932402442558542,0.0,0.0,0.0,0.0,0.0
2017-11-13,VALIDATION,REGULAR,0.0027397260273972,2017-11-13 22:00:00+00:00,2017-11-14 22:00:00+00:00,24.0,25,1.0,0,0,0,0,0,0.0,-0.1227150489131503,0.1106608017491197,3.691202463575828,3.691202463575828,0.0,0.0,0.0,0.0,0.0
2017-11-14,VALIDATION,REGULAR,0.0027397260273972,2017-11-14 22:00:00+00:00,2017-11-15 22:00:00+00:00,24.0,25,1.0,0,0,0,0,0,0.0,0.0110022590234848,-0.0219676202618472,2.808161488345556,2.808161488345556,0.0,0.0,0.0,0.0,0.0
2017-11-15,VALIDATION,REGULAR,0.0027397260273972,2017-11-15 22:00:00+00:00,2017-11-16 22:00:00+00:00,24.0,25,1.0,0,0,0,0,0,0.0,-0.0785928769094681,0.0518437322813838,5.080758738194728,5.080758738194728,0.0,0.0,0.0,0.0,0.0
2017-11-16,VALIDATION,REGULAR,0.0027397260273972,2017-11-16 22:00:00+00:00,2017-11-17 22:00:00+00:00,24.0,25,1.0,0,0,0,0,0,0.0,0.0617791240129577,-0.1091440674985904,2.5802238622291136,2.5802238622291136,0.0,0.0,0.0,0.0,0.0
2017-11-20,VALIDATION,REGULAR,0.0027397260273972,2017-11-20 22:00:00+00:00,2017-11-21 22:00:00+00:00,24.0,25,1.0,0,0,0,0,0,0.0,-0.0246786133876497,0.0005218904929051,4.493975291927102,4.493975291927102,0.0,0.0,0.0,0.0,0.0
2017-11-21,VALIDATION,REGULAR,0.0027397260273972,2017-11-21 22:00:00+00:00,2017-11-22 22:00:00+00:00,24.0,25,1.0,0,0,0,0,0,0.0,-0.0471159427474816,0.034873626445588,2.3693778890977297,2.3693778890977297,0.0,0.0,0.0,0.0,0.0
2017-11-22,VALIDATION,REGULAR,0.0027397260273972,2017-11-22 22:00:00+00:00,2017-11-23 22:00:00+00:00,24.0,25,1.0,0,0,0,0,0,0.0,-0.198580256094587,0.1694728682067534,4.018501352614885,4.018501352614885,0.0,0.0,0.0,0.0,0.0
2017-11-23,VALIDATION,REGULAR,0.0027397260273972,2017-11-23 22:00:00+00:00,2017-11-24 22:00:00+00:00,24.0,25,1.0,0,0,0,0,0,0.0,-0.1051329240803085,0.0515687352633591,2.962499919509753,2.962499919509753,0.0,0.0,0.0,0.0,0.0
2017-11-27,VALIDATION,REGULAR,0.0027397260273972,2017-11-27 22:00:00+00:00,2017-11-28 22:00:00+00:00,24.0,25,1.0,0,0,0,0,0,0.0,0.1641265678171208,-0.1861985270299158,5.0991912712253065,5.0991912712253065,0.0,0.0,0.0,0.0,0.0
2017-11-28,VALIDATION,REGULAR,0.0027397260273972,2017-11-28 22:00:00+00:00,2017-11-29 22:00:00+00:00,24.0,25,1.0,0,0,0,0,0,0.0,0.0746375385519257,-0.0881338225781718,3.766542197133736,3.766542197133736,0.0,0.0,0.0,0.0,0.0
2017-11-29,VALIDATION,REGULAR,0.0027397260273972,2017-11-29 22:00:00+00:00,2017-11-30 22:00:00+00:00,24.0,25,1.0,0,0,0,0,0,0.0,0.2114562684965335,-0.2255383615528785,4.191130906544577,4.191130906544577,0.0,0.0,0.0,0.0,0.0
2017-11-30,VALIDATION,REGULAR,0.0027397260273972,2017-11-30 22:00:00+00:00,2017-12-01 22:00:00+00:00,24.0,25,1.0,0,0,0,0,0,0.0,1.0541458159327846,-1.115039468489229,5.810968924499473,5.810968924499473,0.0,0.0,0.0,0.0,0.0
2017-12-04,VALIDATION,REGULAR,0.0027397260273972,2017-12-04 22:00:00+00:00,2017-12-05 22:00:00+00:00,24.0,25,1.0,0,0,0,0,0,0.0,-0.1504223475091635,0.0984955313636248,2.81942327962399,2.81942327962399,0.0,0.0,0.0,0.0,0.0
2017-12-05,VALIDATION,REGULAR,0.0027397260273972,2017-12-05 22:00:00+00:00,2017-12-06 22:00:00+00:00,24.0,25,1.0,0,0,0,0,0,0.0,-0.02669915731515,0.0142113423191432,2.857890255640948,2.857890255640948,0.0,0.0,0.0,0.0,0.0
2017-12-06,VALIDATION,REGULAR,0.0027397260273972,2017-12-06 22:00:00+00:00,2017-12-07 22:00:00+00:00,24.0,25,1.0,0,0,1,0,0,0.0,-0.0508997042769721,0.0398586598841745,2.782726135637022,2.782726135637022,0.0,0.0,0.0,0.0,0.0
2017-12-07,VALIDATION,REGULAR,0.0027397260273972,2017-12-07 22:00:00+00:00,2017-12-08 22:00:00+00:00,24.0,25,1.0,0,0,0,0,0,0.0,-0.1245746451146914,0.1018128675253677,2.6516421034636486,2.6516421034636486,0.0,0.0,0.0,0.0,0.0
2017-12-11,VALIDATION,REGULAR,0.0027397260273972,2017-12-11 22:00:00+00:00,2017-12-12 22:00:00+00:00,24.0,25,1.0,0,0,0,0,0,0.0,-0.1608494161641687,0.1470393655371396,4.055472937681072,4.055472937681072,0.0,0.0,0.0,0.0,0.0
2017-12-12,VALIDATION,REGULAR,0.0027397260273972,2017-12-12 22:00:00+00:00,2017-12-13 22:00:00+00:00,24.0,25,1.0,0,0,0,0,0,0.0,0.0051123037401339,-0.0175825264560813,3.150517859472836,3.150517859472836,0.0,0.0,0.0,0.0,0.0
2017-12-13,VALIDATION,REGULAR,0.0027397260273972,2017-12-13 22:00:00+00:00,2017-12-14 22:00:00+00:00,24.0,25,1.0,0,0,0,0,0,0.0,-0.0617081255265787,0.0344210755337286,4.387790405007206,4.387790405007206,0.0,0.0,0.0,0.0,0.0
2017-12-14,VALIDATION,REGULAR,0.0027397260273972,2017-12-14 22:00:00+00:00,2017-12-15 22:00:00+00:00,24.0,25,1.0,0,0,0,0,0,0.0,-0.0546633675412948,0.0067134316795574,3.611812254881575,3.611812254881575,0.0,0.0,0.0,0.0,0.0
2017-12-18,VALIDATION,REGULAR,0.0027397260273972,2017-12-18 22:00:00+00:00,2017-12-19 22:00:00+00:00,24.0,25,1.0,0,0,0,0,0,0.0,-0.0562503981470001,0.0418434412317054,2.821506932875072,2.821506932875072,0.0,0.0,0.0,0.0,0.0
2017-12-19,VALIDATION,REGULAR,0.0027397260273972,2017-12-19 22:00:00+00:00,2017-12-20 22:00:00+00:00,24.0,25,1.0,0,0,0,0,0,0.0,-0.0089515705649034,-0.0183888305482611,2.9997256774263223,2.9997256774263223,0.0,0.0,0.0,0.0,0.0
2017-12-20,VALIDATION,REGULAR,0.0027397260273972,2017-12-20 22:00:00+00:00,2017-12-21 22:00:00+00:00,24.0,25,1.0,0,0,0,0,0,0.0,-0.1997805136419543,0.1845802090824264,3.983912576136591,3.983912576136591,0.0,0.0,0.0,0.0,0.0
2017-12-21,VALIDATION,REGULAR,0.0027397260273972,2017-12-21 22:00:00+00:00,2017-12-22 22:00:00+00:00,24.0,25,1.0,0,0,0,0,0,0.0,-0.2638262732530734,0.2118565068848212,2.72727145880794,2.72727145880794,0.0,0.0,0.0,0.0,0.0
2017-12-25,VALIDATION,REGULAR,0.0026255707762557,2017-12-25 23:00:00+00:00,2017-12-26 22:00:00+00:00,23.0,24,1.0,0,0,0,0,0,0.0,-0.0337966830773268,0.0141357829964618,3.413667774052407,3.413667774052407,0.0,0.0,0.0,0.0,0.0
2017-12-26,VALIDATION,REGULAR,0.0027397260273972,2017-12-26 22:00:00+00:00,2017-12-27 22:00:00+00:00,24.0,25,1.0,0,0,0,0,0,0.0,-0.0661824866289606,0.0439005232435079,3.8469329885293577,3.8469329885293577,0.0,0.0,0.0,0.0,0.0
2017-12-27,VALIDATION,REGULAR,0.0027397260273972,2017-12-27 22:00:00+00:00,2017-12-28 22:00:00+00:00,24.0,25,1.0,0,0,0,0,0,0.0,0.0239765567005463,-0.056897296043374,2.0974050413483307,2.0974050413483307,0.0,0.0,0.0,0.0,0.0
2017-12-28,VALIDATION,REGULAR,0.0027397260273972,2017-12-28 22:00:00+00:00,2017-12-29 22:00:00+00:00,24.0,25,1.0,0,0,0,0,0,0.0,-0.0341247666697626,-0.0300678582067206,2.603569219486705,2.603569219486705,0.0,0.0,0.0,0.0,0.0
2018-01-01,VALIDATION,REGULAR,0.0026255707762557,2018-01-01 23:00:00+00:00,2018-01-02 22:00:00+00:00,23.0,24,1.0,0,0,0,0,0,0.0,0.1538950234639173,-0.1846932013091589,3.273669490652177,3.273669490652177,0.0,0.0,0.0,0.0,0.0
2018-01-02,VALIDATION,REGULAR,0.0027397260273972,2018-01-02 22:00:00+00:00,2018-01-03 22:00:00+00:00,24.0,25,1.0,0,0,0,0,0,0.0,0.0517539769621464,-0.0770403030467292,5.082669262719973,5.082669262719973,0.0,0.0,0.0,0.0,0.0
2018-01-03,VALIDATION,REGULAR,0.0027397260273972,2018-01-03 22:00:00+00:00,2018-01-04 22:00:00+00:00,24.0,25,1.0,0,0,0,0,0,0.0,-0.0296768184267648,0.0146028317855666,3.420036396722094,3.420036396722094,0.0,0.0,0.0,0.0,0.0
2018-01-04,VALIDATION,REGULAR,0.0027397260273972,2018-01-04 22:00:00+00:00,2018-01-05 22:00:00+00:00,24.0,25,1.0,0,0,0,0,0,0.0,-0.0964094264762422,0.0346778273950718,2.158366375635959,2.158366375635959,0.0,0.0,0.0,0.0,0.0
2018-01-08,VALIDATION,REGULAR,0.0027397260273972,2018-01-08 22:00:00+00:00,2018-01-09 22:00:00+00:00,24.0,25,1.0,0,0,0,0,0,0.0,0.2703869014532074,-0.30625844278714,3.2448641028414493,3.2448641028414493,0.0,0.0,0.0,0.0,0.0
2018-01-09,VALIDATION,REGULAR,0.0027397260273972,2018-01-09 22:00:00+00:00,2018-01-10 22:00:00+00:00,24.0,25,1.0,0,0,0,0,0,0.0,0.2448504193017129,-0.2611930200232422,3.069502593571372,3.069502593571372,0.0,0.0,0.0,0.0,0.0
2018-01-10,VALIDATION,REGULAR,0.0027397260273972,2018-01-10 22:00:00+00:00,2018-01-11 22:00:00+00:00,24.0,25,1.0,0,0,0,0,0,0.0,0.0145882256665572,-0.0478747193950255,4.334681946526077,4.334681946526077,0.0,0.0,0.0,0.0,0.0
2018-01-11,VALIDATION,REGULAR,0.0027397260273972,2018-01-11 22:00:00+00:00,2018-01-12 22:00:00+00:00,24.0,25,1.0,0,0,0,0,0,0.0,0.1200155016564537,-0.1645495643062702,5.27169608192933,5.27169608192933,0.0,0.0,0.0,0.0,0.0
2018-01-15,VALIDATION,REGULAR,0.0027397260273972,2018-01-15 22:00:00+00:00,2018-01-16 22:00:00+00:00,24.0,25,1.0,0,0,0,0,0,0.0,0.0767457557309541,-0.1081315228915826,5.102048854455351,5.102048854455351,0.0,0.0,0.0,0.0,0.0
2018-01-16,VALIDATION,REGULAR,0.0027397260273972,2018-01-16 22:00:00+00:00,2018-01-17 22:00:00+00:00,24.0,25,1.0,0,0,0,0,0,0.0,0.1345961085242066,-0.1530426423868789,4.096209189913384,4.096209189913384,0.0,0.0,0.0,0.0,0.0
2018-01-17,VALIDATION,REGULAR,0.0027397260273972,2018-01-17 22:00:00+00:00,2018-01-18 22:00:00+00:00,24.0,25,1.0,0,0,1,1,0,0.0,0.0030121762890757,-0.0478120286327339,4.288439035857585,4.288439035857585,0.0,0.0,0.0,0.0,0.0
2018-01-18,VALIDATION,REGULAR,0.0027397260273972,2018-01-18 22:00:00+00:00,2018-01-19 22:00:00+00:00,24.0,25,1.0,0,0,0,0,0,0.0,-0.0514055165240421,0.0232028752594146,2.2993763929512667,2.2993763929512667,0.0,0.0,0.0,0.0,0.0
2018-01-22,VALIDATION,REGULAR,0.0027397260273972,2018-01-22 22:00:00+00:00,2018-01-23 22:00:00+00:00,24.0,25,1.0,0,0,0,0,0,0.0,0.0048586415458373,-0.0270386410708738,3.493874444125824,3.493874444125824,0.0,0.0,0.0,0.0,0.0
2018-01-23,VALIDATION,REGULAR,0.0027397260273972,2018-01-23 22:00:00+00:00,2018-01-24 22:00:00+00:00,24.0,25,1.0,0,0,0,0,0,0.0,0.0248634570519499,-0.0423542040023932,2.6258362100845187,2.6258362100845187,0.0,0.0,0.0,0.0,0.0
2018-01-24,VALIDATION,REGULAR,0.0027397260273972,2018-01-24 22:00:00+00:00,2018-01-25 22:00:00+00:00,24.0,25,1.0,0,0,0,0,0,0.0,0.4428727765367384,-0.4690691512899576,5.213731366401781,5.213731366401781,0.0,0.0,0.0,0.0,0.0
2018-01-25,VALIDATION,REGULAR,0.0027397260273972,2018-01-25 22:00:00+00:00,2018-01-26 22:00:00+00:00,24.0,25,1.0,0,0,0,0,0,0.0,0.3391983122842674,-0.3637816716575344,4.418498315638196,4.418498315638196,0.0,0.0,0.0,0.0,0.0
2018-01-29,VALIDATION,REGULAR,0.0027397260273972,2018-01-29 22:00:00+00:00,2018-01-30 22:00:00+00:00,24.0,25,1.0,0,0,0,0,0,0.0,-0.0523591501444968,0.029532183298599,4.056465284266143,4.056465284266143,0.0,0.0,0.0,0.0,0.0
2018-01-30,VALIDATION,REGULAR,0.0027397260273972,2018-01-30 22:00:00+00:00,2018-01-31 22:00:00+00:00,24.0,25,1.0,0,0,0,0,0,0.0,-0.082148536880922,0.0662837108416027,3.5893149465857777,3.5893149465857777,0.0,0.0,0.0,0.0,0.0
2018-01-31,VALIDATION,REGULAR,0.0027397260273972,2018-01-31 22:00:00+00:00,2018-02-01 22:00:00+00:00,24.0,25,1.0,0,0,0,0,0,0.0,-0.0385968273057386,0.0244073003724878,3.1405836063203822,3.1405836063203822,0.0,0.0,0.0,0.0,0.0
2018-02-01,VALIDATION,REGULAR,0.0027397260273972,2018-02-01 22:00:00+00:00,2018-02-02 22:00:00+00:00,24.0,25,1.0,0,0,0,0,0,0.0,-0.0353161593178015,-0.024508779773015,2.639311621615703,2.639311621615703,0.0,0.0,0.0,0.0,0.0
2018-02-05,VALIDATION,REGULAR,0.0027397260273972,2018-02-05 22:00:00+00:00,2018-02-06 22:00:00+00:00,24.0,25,1.0,0,0,0,0,0,0.0,0.329349807497465,-0.368370596057062,6.83441660059715,6.83441660059715,0.0,0.0,0.0,0.0,0.0
2018-02-06,VALIDATION,REGULAR,0.0027397260273972,2018-02-06 22:00:00+00:00,2018-02-07 22:00:00+00:00,24.0,25,1.0,0,0,0,0,0,0.0,0.13687643425272,-0.1557355847726746,4.062765762636031,4.062765762636031,0.0,0.0,0.0,0.0,0.0
2018-02-07,VALIDATION,REGULAR,0.0027397260273972,2018-02-07 22:00:00+00:00,2018-02-08 22:00:00+00:00,24.0,25,1.0,0,0,0,0,0,0.0,0.1601593407900452,-0.1904176431573176,5.217087661197667,5.217087661197667,0.0,0.0,0.0,0.0,0.0
2018-02-08,VALIDATION,REGULAR,0.0027397260273972,2018-02-08 22:00:00+00:00,2018-02-09 22:00:00+00:00,24.0,25,1.0,0,0,0,0,0,0.0,-0.0239796314068385,-0.0072587547853828,5.25875757033517,5.25875757033517,0.0,0.0,0.0,0.0,0.0
2018-02-12,VALIDATION,REGULAR,0.0027397260273972,2018-02-12 22:00:00+00:00,2018-02-13 22:00:00+00:00,24.0,25,1.0,0,0,0,0,0,0.0,0.0274573913032298,-0.0409309695891408,2.2146394993299503,2.2146394993299503,0.0,0.0,0.0,0.0,0.0
2018-02-13,VALIDATION,REGULAR,0.0027397260273972,2018-02-13 22:00:00+00:00,2018-02-14 22:00:00+00:00,24.0,25,1.0,0,0,0,0,0,0.0,0.1058922629980685,-0.1286124649509332,2.992318961227882,2.992318961227882,0.0,0.0,0.0,0.0,0.0
2018-02-14,VALIDATION,REGULAR,0.0027397260273972,2018-02-14 22:00:00+00:00,2018-02-15 22:00:00+00:00,24.0,25,1.0,0,0,0,0,0,0.0,0.083955426215553,-0.1178918362337384,3.583733788458956,3.583733788458956,0.0,0.0,0.0,0.0,0.0
2018-02-15,VALIDATION,REGULAR,0.0027397260273972,2018-02-15 22:00:00+00:00,2018-02-16 22:00:00+00:00,24.0,25,1.0,0,0,0,0,0,0.0,-0.1234701242312183,0.028284999489756,5.302136208428653,5.302136208428653,0.0,0.0,0.0,0.0,0.0
2018-02-19,VALIDATION,REGULAR,0.0027397260273972,2018-02-19 22:00:00+00:00,2018-02-20 22:00:00+00:00,24.0,25,1.0,0,0,0,0,0,0.0,-0.0718244177100899,0.0595833950852409,2.411590143684648,2.411590143684648,0.0,0.0,0.0,0.0,0.0
2018-02-20,VALIDATION,REGULAR,0.0027397260273972,2018-02-20 22:00:00+00:00,2018-02-21 22:00:00+00:00,24.0,25,1.0,0,0,0,0,0,0.0,-0.0671895984304882,0.0506842923683024,3.696492011297672,3.696492011297672,0.0,0.0,0.0,0.0,0.0
2018-02-21,VALIDATION,REGULAR,0.0027397260273972,2018-02-21 22:00:00+00:00,2018-02-22 22:00:00+00:00,24.0,25,1.0,0,0,0,0,0,0.0,-0.0008381743015632,-0.0108381558485035,2.8480318356518373,2.8480318356518373,0.0,0.0,0.0,0.0,0.0
2018-02-22,VALIDATION,REGULAR,0.0027397260273972,2018-02-22 22:00:00+00:00,2018-02-23 22:00:00+00:00,24.0,25,1.0,0,0,0,0,0,0.0,-0.1445202809489671,0.0920801026540516,4.805870506321141,4.805870506321141,0.0,0.0,0.0,0.0,0.0
2018-02-26,VALIDATION,REGULAR,0.0027397260273972,2018-02-26 22:00:00+00:00,2018-02-27 22:00:00+00:00,24.0,25,1.0,0,0,0,0,0,0.0,0.0214971131708523,-0.0407118802056913,3.853357070222014,3.853357070222014,0.0,0.0,0.0,0.0,0.0
2018-02-27,VALIDATION,REGULAR,0.0027397260273972,2018-02-27 22:00:00+00:00,2018-02-28 22:00:00+00:00,24.0,25,1.0,0,0,0,0,0,0.0,0.0861483613239215,-0.1068885298679163,3.8216885898490753,3.8216885898490753,0.0,0.0,0.0,0.0,0.0
2018-02-28,VALIDATION,REGULAR,0.0027397260273972,2018-02-28 22:00:00+00:00,2018-03-01 22:00:00+00:00,24.0,25,1.0,0,0,0,0,0,0.0,0.1356377450249084,-0.1739716038330527,5.071708991629849,5.071708991629849,0.0,0.0,0.0,0.0,0.0
2018-03-01,VALIDATION,REGULAR,0.0027397260273972,2018-03-01 22:00:00+00:00,2018-03-02 22:00:00+00:00,24.0,25,1.0,0,0,0,0,0,0.0,0.0839204354344644,-0.121561116153444,3.1419285412924065,3.1419285412924065,0.0,0.0,0.0,0.0,0.0
2018-03-05,VALIDATION,REGULAR,0.0027397260273972,2018-03-05 22:00:00+00:00,2018-03-06 22:00:00+00:00,24.0,25,1.0,0,0,0,0,0,0.0,0.1724128537005755,-0.1928392690991929,5.367694293061183,5.367694293061183,0.0,0.0,0.0,0.0,0.0
2018-03-06,VALIDATION,REGULAR,0.0027397260273972,2018-03-06 22:00:00+00:00,2018-03-07 22:00:00+00:00,24.0,25,1.0,0,0,0,0,0,0.0,0.0470766054839515,-0.0692832249469219,3.259986011308944,3.259986011308944,0.0,0.0,0.0,0.0,0.0
2018-03-07,VALIDATION,REGULAR,0.0027397260273972,2018-03-07 22:00:00+00:00,2018-03-08 22:00:00+00:00,24.0,25,1.0,0,0,0,0,0,0.0,-0.2178829545852352,0.1721905463533062,3.639304387142875,3.639304387142875,0.0,0.0,0.0,0.0,0.0
2018-03-08,VALIDATION,REGULAR,0.0027397260273972,2018-03-08 22:00:00+00:00,2018-03-09 22:00:00+00:00,24.0,25,1.0,0,0,0,0,0,0.0,-0.0288032284554873,0.0045086730558949,2.5918364514581342,2.5918364514581342,0.0,0.0,0.0,0.0,0.0
2018-03-12,VALIDATION,REGULAR,0.0027397260273972,2018-03-12 21:00:00+00:00,2018-03-13 21:00:00+00:00,24.0,25,1.0,0,0,0,0,0,0.0,-0.0519848249276293,0.0353391674254481,2.8802400365985745,2.8802400365985745,0.0,0.0,0.0,0.0,0.0
2018-03-13,VALIDATION,REGULAR,0.0027397260273972,2018-03-13 21:00:00+00:00,2018-03-14 21:00:00+00:00,24.0,25,1.0,0,0,0,0,0,0.0,-0.0467049037370657,0.0282472373811373,4.396757887118438,4.396757887118438,0.0,0.0,0.0,0.0,0.0
2018-03-14,VALIDATION,REGULAR,0.0027397260273972,2018-03-14 21:00:00+00:00,2018-03-15 21:00:00+00:00,24.0,25,1.0,0,0,0,0,0,0.0,0.0579982098734888,-0.0786935624008009,3.752552411891921,3.752552411891921,0.0,0.0,0.0,0.0,0.0
2018-03-15,VALIDATION,REGULAR,0.0027397260273972,2018-03-15 21:00:00+00:00,2018-03-16 21:00:00+00:00,24.0,25,1.0,0,0,0,0,0,0.0,0.0175849911971823,-0.0315047054451014,3.112687829714738,3.112687829714738,0.0,0.0,0.0,0.0,0.0
2018-03-19,VALIDATION,REGULAR,0.0027397260273972,2018-03-19 21:00:00+00:00,2018-03-20 21:00:00+00:00,24.0,25,1.0,0,0,0,0,0,0.0,-0.0335671959407051,0.0191627247580044,3.11624734951656,3.11624734951656,0.0,0.0,0.0,0.0,0.0
2018-03-20,VALIDATION,REGULAR,0.0027397260273972,2018-03-20 21:00:00+00:00,2018-03-21 21:00:00+00:00,24.0,25,1.0,0,0,0,0,0,0.0,-0.1094460867116851,0.0954519725576545,2.293903911096946,2.293903911096946,0.0,0.0,0.0,0.0,0.0
2018-03-21,VALIDATION,REGULAR,0.0027397260273972,2018-03-21 21:00:00+00:00,2018-03-22 21:00:00+00:00,24.0,25,1.0,0,0,0,0,0,0.0,0.0847782531493663,-0.1042991687387342,3.2825156877692736,3.2825156877692736,0.0,0.0,0.0,0.0,0.0
2018-03-22,VALIDATION,REGULAR,0.0027397260273972,2018-03-22 21:00:00+00:00,2018-03-23 21:00:00+00:00,24.0,25,1.0,0,0,0,0,0,0.0,0.1777926166743668,-0.2311718974335832,4.153950400635913,4.153950400635913,0.0,0.0,0.0,0.0,0.0
2018-03-26,VALIDATION,REGULAR,0.0027397260273972,2018-03-26 21:00:00+00:00,2018-03-27 21:00:00+00:00,24.0,25,1.0,0,0,0,0,0,0.0,-0.0399667701432875,0.0270955089886335,2.965628004734376,2.965628004734376,0.0,0.0,0.0,0.0,0.0
2018-03-27,VALIDATION,REGULAR,0.0027397260273972,2018-03-27 21:00:00+00:00,2018-03-28 21:00:00+00:00,24.0,25,1.0,0,0,0,0,0,0.0,0.0085189932231486,-0.0281473611792222,2.972093671553188,2.972093671553188,0.0,0.0,0.0,0.0,0.0
2018-03-28,VALIDATION,REGULAR,0.0027397260273972,2018-03-28 21:00:00+00:00,2018-03-29 21:00:00+00:00,24.0,25,1.0,0,0,0,0,0,0.0,-0.0303028789305415,0.0112791631392639,3.197103767566232,3.197103767566232,0.0,0.0,0.0,0.0,0.0
2018-03-29,VALIDATION,REGULAR,0.0027397260273972,2018-03-29 21:00:00+00:00,2018-03-30 21:00:00+00:00,24.0,25,1.0,0,0,0,0,0,0.0,-0.0746221080500504,-0.0109567502575202,3.086810794090664,3.086810794090664,0.0,0.0,0.0,0.0,0.0
2018-04-02,VALIDATION,REGULAR,0.0027397260273972,2018-04-02 21:00:00+00:00,2018-04-03 21:00:00+00:00,24.0,25,1.0,0,0,0,0,0,0.0,-0.0376190464358359,0.0192685815692357,2.9264574658954827,2.9264574658954827,0.0,0.0,0.0,0.0,0.0
2018-04-03,VALIDATION,REGULAR,0.0027397260273972,2018-04-03 21:00:00+00:00,2018-04-04 21:00:00+00:00,24.0,25,1.0,0,0,0,0,0,0.0,0.2100244613787083,-0.2301928445587293,5.323418106587626,5.323418106587626,0.0,0.0,0.0,0.0,0.0
2018-04-04,VALIDATION,REGULAR,0.0027397260273972,2018-04-04 21:00:00+00:00,2018-04-05 21:00:00+00:00,24.0,25,1.0,0,0,0,0,0,0.0,-0.0390294479636708,0.0266451151961462,2.7009378724134736,2.7009378724134736,0.0,0.0,0.0,0.0,0.0
2018-04-05,VALIDATION,REGULAR,0.0027397260273972,2018-04-05 21:00:00+00:00,2018-04-06 21:00:00+00:00,24.0,25,1.0,0,0,0,0,0,0.0,-0.0704876936649014,0.0161084212051605,3.788394140521425,3.788394140521425,0.0,0.0,0.0,0.0,0.0
2018-04-09,VALIDATION,REGULAR,0.0027397260273972,2018-04-09 21:00:00+00:00,2018-04-10 21:00:00+00:00,24.0,25,1.0,0,0,0,0,0,0.0,0.136132157088241,-0.1586548191973094,4.000277219982179,4.000277219982179,0.0,0.0,0.0,0.0,0.0
2018-04-10,VALIDATION,REGULAR,0.0027397260273972,2018-04-10 21:00:00+00:00,2018-04-11 21:00:00+00:00,24.0,25,1.0,0,0,0,0,0,0.0,-0.1076197378259138,0.0883661814488476,2.5669754928528388,2.5669754928528388,0.0,0.0,0.0,0.0,0.0
2018-04-11,VALIDATION,REGULAR,0.0027397260273972,2018-04-11 21:00:00+00:00,2018-04-12 21:00:00+00:00,24.0,25,1.0,0,0,1,0,0,0.0,-0.0282779214538066,0.003907896317429,2.726957788800354,2.726957788800354,0.0,0.0,0.0,0.0,0.0
2018-04-12,VALIDATION,REGULAR,0.0027397260273972,2018-04-12 21:00:00+00:00,2018-04-13 21:00:00+00:00,24.0,25,1.0,0,0,0,0,0,0.0,-0.0953079454314078,0.0644518677641556,3.524627230507955,3.524627230507955,0.0,0.0,0.0,0.0,0.0
2018-04-16,VALIDATION,REGULAR,0.0027397260273972,2018-04-16 21:00:00+00:00,2018-04-17 21:00:00+00:00,24.0,25,1.0,0,0,0,0,0,0.0,-0.101306327267352,0.0817324096980769,3.938940267538992,3.938940267538992,0.0,0.0,0.0,0.0,0.0
2018-04-17,VALIDATION,REGULAR,0.0027397260273972,2018-04-17 21:00:00+00:00,2018-04-18 21:00:00+00:00,24.0,25,1.0,0,0,0,0,0,0.0,-0.0383331849046726,0.0182233480834668,2.9214172682450745,2.9214172682450745,0.0,0.0,0.0,0.0,0.0
2018-04-18,VALIDATION,REGULAR,0.0027397260273972,2018-04-18 21:00:00+00:00,2018-04-19 21:00:00+00:00,24.0,25,1.0,0,0,0,0,0,0.0,-0.0295301665475875,0.0099596293727444,4.391996273811418,4.391996273811418,0.0,0.0,0.0,0.0,0.0
2018-04-19,VALIDATION,REGULAR,0.0027397260273972,2018-04-19 21:00:00+00:00,2018-04-20 21:00:00+00:00,24.0,25,1.0,0,0,0,0,0,0.0,0.0240808195177635,-0.0808078068448878,3.3852673560777613,3.3852673560777613,0.0,0.0,0.0,0.0,0.0
2018-04-23,VALIDATION,REGULAR,0.0027397260273972,2018-04-23 21:00:00+00:00,2018-04-24 21:00:00+00:00,24.0,25,1.0,0,0,0,0,0,0.0,0.0131862672241851,-0.0308415456413797,4.376994622561721,4.376994622561721,0.0,0.0,0.0,0.0,0.0
2018-04-24,VALIDATION,REGULAR,0.0027397260273972,2018-04-24 21:00:00+00:00,2018-04-25 21:00:00+00:00,24.0,25,1.0,0,0,0,0,0,0.0,-0.006966399331219,-0.0095876234842506,2.9496866058781954,2.9496866058781954,0.0,0.0,0.0,0.0,0.0
2018-04-25,VALIDATION,REGULAR,0.0027397260273972,2018-04-25 21:00:00+00:00,2018-04-26 21:00:00+00:00,24.0,25,1.0,0,0,0,0,0,0.0,-0.1546207240540411,0.1408348235211534,3.177428576437887,3.177428576437887,0.0,0.0,0.0,0.0,0.0
2018-04-26,VALIDATION,REGULAR,0.0027397260273972,2018-04-26 21:00:00+00:00,2018-04-27 21:00:00+00:00,24.0,25,1.0,0,0,1,0,0,0.0,-0.1585978447941443,0.1331980799952674,3.286354381115232,3.286354381115232,0.0,0.0,0.0,0.0,0.0
2018-04-30,VALIDATION,REGULAR,0.0027397260273972,2018-04-30 21:00:00+00:00,2018-05-01 21:00:00+00:00,24.0,25,1.0,0,0,0,0,0,0.0,-0.0664172378990599,0.0514593317484468,2.5920629170237666,2.5920629170237666,0.0,0.0,0.0,0.0,0.0
2018-05-01,VALIDATION,REGULAR,0.0027397260273972,2018-05-01 21:00:00+00:00,2018-05-02 21:00:00+00:00,24.0,25,1.0,0,0,0,0,0,0.0,-0.0568341966982757,0.0317520975216893,5.06408157316249,5.06408157316249,0.0,0.0,0.0,0.0,0.0
2018-05-02,VALIDATION,REGULAR,0.0027397260273972,2018-05-02 21:00:00+00:00,2018-05-03 21:00:00+00:00,24.0,25,1.0,0,0,1,0,0,0.0,-0.0236125325160969,0.0079659215240894,2.413504402569745,2.413504402569745,0.0,0.0,0.0,0.0,0.0
2018-05-03,VALIDATION,REGULAR,0.0027397260273972,2018-05-03 21:00:00+00:00,2018-05-04 21:00:00+00:00,24.0,25,1.0,0,0,0,0,0,0.0,0.0042192786106909,-0.0484753622360329,4.92975577485763,4.92975577485763,0.0,0.0,0.0,0.0,0.0
2018-05-07,VALIDATION,REGULAR,0.0027397260273972,2018-05-07 21:00:00+00:00,2018-05-08 21:00:00+00:00,24.0,25,1.0,0,0,0,0,0,0.0,-0.0218457914395884,0.0016675747579739,5.3025224534239,5.3025224534239,0.0,0.0,0.0,0.0,0.0
2018-05-08,VALIDATION,REGULAR,0.0027397260273972,2018-05-08 21:00:00+00:00,2018-05-09 21:00:00+00:00,24.0,25,1.0,0,0,0,0,0,0.0,0.11421509595516,-0.1286144446290364,2.827113881439817,2.827113881439817,0.0,0.0,0.0,0.0,0.0
2018-05-09,VALIDATION,REGULAR,0.0027397260273972,2018-05-09 21:00:00+00:00,2018-05-10 21:00:00+00:00,24.0,25,1.0,0,0,0,0,0,0.0,-0.0318030765087513,0.0022352550817004,4.220543947654317,4.220543947654317,0.0,0.0,0.0,0.0,0.0
2018-05-10,VALIDATION,REGULAR,0.0027397260273972,2018-05-10 21:00:00+00:00,2018-05-11 21:00:00+00:00,24.0,25,1.0,0,0,0,0,0,0.0,-0.0810869076770188,0.0352592099987276,4.410501995812283,4.410501995812283,0.0,0.0,0.0,0.0,0.0
2018-05-14,VALIDATION,REGULAR,0.0027397260273972,2018-05-14 21:00:00+00:00,2018-05-15 21:00:00+00:00,24.0,25,1.0,0,0,0,0,0,0.0,-0.0015467043801038,-0.0116267425125045,2.34614591375885,2.34614591375885,0.0,0.0,0.0,0.0,0.0
2018-05-15,VALIDATION,REGULAR,0.0027397260273972,2018-05-15 21:00:00+00:00,2018-05-16 21:00:00+00:00,24.0,25,1.0,0,0,0,0,0,0.0,-0.1328930200212825,0.122904063883557,3.23729791321408,3.23729791321408,0.0,0.0,0.0,0.0,0.0
2018-05-16,VALIDATION,REGULAR,0.0027397260273972,2018-05-16 21:00:00+00:00,2018-05-17 21:00:00+00:00,24.0,25,1.0,0,0,0,0,0,0.0,0.0033621066679074,-0.0367158241345464,4.098421340058929,4.098421340058929,0.0,0.0,0.0,0.0,0.0
2018-05-17,VALIDATION,REGULAR,0.0027397260273972,2018-05-17 21:00:00+00:00,2018-05-18 21:00:00+00:00,24.0,25,1.0,0,0,1,0,0,0.0,-0.1381248865978079,0.1177281893929347,3.60405160316398,3.60405160316398,0.0,0.0,0.0,0.0,0.0
2018-05-21,VALIDATION,REGULAR,0.0027397260273972,2018-05-21 21:00:00+00:00,2018-05-22 21:00:00+00:00,24.0,25,1.0,0,0,0,0,0,0.0,0.0384738405111306,-0.0630115804566884,5.607801269208206,5.607801269208206,0.0,0.0,0.0,0.0,0.0
2018-05-22,VALIDATION,REGULAR,0.0027397260273972,2018-05-22 21:00:00+00:00,2018-05-23 21:00:00+00:00,24.0,25,1.0,0,0,0,0,0,0.0,0.137208082804392,-0.1559303612114035,2.6755982762946733,2.6755982762946733,0.0,0.0,0.0,0.0,0.0
2018-05-23,VALIDATION,REGULAR,0.0027397260273972,2018-05-23 21:00:00+00:00,2018-05-24 21:00:00+00:00,24.0,25,1.0,0,0,0,0,0,0.0,0.0402100494498114,-0.0633626335605868,2.619465729666471,2.619465729666471,0.0,0.0,0.0,0.0,0.0
2018-05-24,VALIDATION,REGULAR,0.0027397260273972,2018-05-24 21:00:00+00:00,2018-05-25 21:00:00+00:00,24.0,25,1.0,0,0,0,0,0,0.0,-0.0989653041947065,0.0617858761768701,4.477893348956518,4.477893348956518,0.0,0.0,0.0,0.0,0.0
2018-05-28,VALIDATION,REGULAR,0.0027397260273972,2018-05-28 21:00:00+00:00,2018-05-29 21:00:00+00:00,24.0,25,1.0,0,0,0,0,0,0.0,0.0242723545929948,-0.0478425443085654,2.628766556763461,2.628766556763461,0.0,0.0,0.0,0.0,0.0
2018-05-29,VALIDATION,REGULAR,0.0027397260273972,2018-05-29 21:00:00+00:00,2018-05-30 21:00:00+00:00,24.0,25,1.0,0,0,0,0,0,0.0,-0.0666688988676611,0.0421925440310815,5.103252015079603,5.103252015079603,0.0,0.0,0.0,0.0,0.0
2018-05-30,VALIDATION,REGULAR,0.0027397260273972,2018-05-30 21:00:00+00:00,2018-05-31 21:00:00+00:00,24.0,25,1.0,0,0,0,0,0,0.0,0.0646429993695676,-0.094662409419655,5.030820592777894,5.030820592777894,0.0,0.0,0.0,0.0,0.0
2018-05-31,VALIDATION,REGULAR,0.0027397260273972,2018-05-31 21:00:00+00:00,2018-06-01 21:00:00+00:00,24.0,25,1.0,0,0,0,0,0,0.0,-0.0543973256849312,0.0318654667543256,2.480361254269097,2.480361254269097,0.0,0.0,0.0,0.0,0.0
2018-06-04,VALIDATION,REGULAR,0.0027397260273972,2018-06-04 21:00:00+00:00,2018-06-05 21:00:00+00:00,24.0,25,1.0,0,0,0,0,0,0.0,-0.0429593873074622,0.0197363059584745,4.955075967209504,4.955075967209504,0.0,0.0,0.0,0.0,0.0
2018-06-05,VALIDATION,REGULAR,0.0027397260273972,2018-06-05 21:00:00+00:00,2018-06-06 21:00:00+00:00,24.0,25,1.0,0,0,0,0,0,0.0,-0.0362753100784658,0.0185079242858137,3.2795579229690994,3.2795579229690994,0.0,0.0,0.0,0.0,0.0
2018-06-06,VALIDATION,REGULAR,0.0027397260273972,2018-06-06 21:00:00+00:00,2018-06-07 21:00:00+00:00,24.0,25,1.0,0,0,0,0,0,0.0,-0.0172685402541361,-0.004296336638788,3.34199806269288,3.34199806269288,0.0,0.0,0.0,0.0,0.0
2018-06-07,VALIDATION,REGULAR,0.0027397260273972,2018-06-07 21:00:00+00:00,2018-06-08 21:00:00+00:00,24.0,25,1.0,0,0,0,0,0,0.0,-0.018781620501187,-0.0294449516897543,3.795024430418401,3.795024430418401,0.0,0.0,0.0,0.0,0.0
2018-06-11,VALIDATION,REGULAR,0.0027397260273972,2018-06-11 21:00:00+00:00,2018-06-12 21:00:00+00:00,24.0,25,1.0,0,0,0,0,0,0.0,0.0066579056744728,-0.0311150923330387,4.046413437575761,4.046413437575761,0.0,0.0,0.0,0.0,0.0
2018-06-12,VALIDATION,REGULAR,0.0027397260273972,2018-06-12 21:00:00+00:00,2018-06-13 21:00:00+00:00,24.0,25,1.0,0,0,0,0,0,0.0,-0.0100234168885577,-0.0195527022980854,4.695071954791136,4.695071954791136,0.0,0.0,0.0,0.0,0.0
2018-06-13,VALIDATION,REGULAR,0.0027397260273972,2018-06-13 21:00:00+00:00,2018-06-14 21:00:00+00:00,24.0,25,1.0,0,0,0,0,0,0.0,0.0032704231377067,-0.0285218772473854,4.716678945473329,4.716678945473329,0.0,0.0,0.0,0.0,0.0
2018-06-14,VALIDATION,REGULAR,0.0027397260273972,2018-06-14 21:00:00+00:00,2018-06-15 21:00:00+00:00,24.0,25,1.0,0,0,1,0,0,0.0,-0.0355055451982053,0.0063811677095948,4.868384107097022,4.868384107097022,0.0,0.0,0.0,0.0,0.0
2018-06-18,VALIDATION,REGULAR,0.0027397260273972,2018-06-18 21:00:00+00:00,2018-06-19 21:00:00+00:00,24.0,25,1.0,0,0,0,0,0,0.0,0.1571919558833343,-0.1760970389382095,2.06045291348006,2.06045291348006,0.0,0.0,0.0,0.0,0.0
2018-06-19,VALIDATION,REGULAR,0.0027397260273972,2018-06-19 21:00:00+00:00,2018-06-20 21:00:00+00:00,24.0,25,1.0,0,0,0,0,0,0.0,-0.1085994242907872,0.0956676000336784,4.024004446075788,4.024004446075788,0.0,0.0,0.0,0.0,0.0
2018-06-20,VALIDATION,REGULAR,0.0027397260273972,2018-06-20 21:00:00+00:00,2018-06-21 21:00:00+00:00,24.0,25,1.0,0,0,0,0,0,0.0,0.1085987855193764,-0.1591083652909901,4.355273511045313,4.355273511045313,0.0,0.0,0.0,0.0,0.0
2018-06-21,VALIDATION,REGULAR,0.0027397260273972,2018-06-21 21:00:00+00:00,2018-06-22 21:00:00+00:00,24.0,25,1.0,0,0,0,0,0,0.0,-0.1805610756704574,0.1693041890350883,3.5898230481859925,3.5898230481859925,0.0,0.0,0.0,0.0,0.0
2018-06-25,VALIDATION,REGULAR,0.0027397260273972,2018-06-25 21:00:00+00:00,2018-06-26 21:00:00+00:00,24.0,25,1.0,0,0,0,0,0,0.0,-0.0258520562278761,-0.0232178278609893,4.681981637421785,4.681981637421785,0.0,0.0,0.0,0.0,0.0
2018-06-26,VALIDATION,REGULAR,0.0027397260273972,2018-06-26 21:00:00+00:00,2018-06-27 21:00:00+00:00,24.0,25,1.0,0,0,0,0,0,0.0,0.1155213038805413,-0.1383062549741822,4.970830123881229,4.970830123881229,0.0,0.0,0.0,0.0,0.0
2018-06-27,VALIDATION,REGULAR,0.0027397260273972,2018-06-27 21:00:00+00:00,2018-06-28 21:00:00+00:00,24.0,25,1.0,0,0,0,0,0,0.0,-0.0451982102894135,0.0297458554619254,4.466265501095141,4.466265501095141,0.0,0.0,0.0,0.0,0.0
2018-06-28,VALIDATION,REGULAR,0.0027397260273972,2018-06-28 21:00:00+00:00,2018-06-29 21:00:00+00:00,24.0,25,1.0,0,0,0,0,0,0.0,-0.0320747583155736,-0.0227485863182295,3.5539522824258247,3.5539522824258247,0.0,0.0,0.0,0.0,0.0
2018-07-02,VALIDATION,REGULAR,0.0027397260273972,2018-07-02 21:00:00+00:00,2018-07-03 21:00:00+00:00,24.0,25,1.0,0,0,0,0,0,0.0,-0.0424680362335436,0.0130104805620447,3.776482963456463,3.776482963456463,0.0,0.0,0.0,0.0,0.0
2018-07-03,VALIDATION,REGULAR,0.0027397260273972,2018-07-03 21:00:00+00:00,2018-07-04 21:00:00+00:00,24.0,25,1.0,0,0,0,0,0,0.0,-0.153919240579512,0.0750825876393861,3.3432734972582465,3.3432734972582465,0.0,0.0,0.0,0.0,0.0
2018-07-04,VALIDATION,REGULAR,0.0027397260273972,2018-07-04 21:00:00+00:00,2018-07-05 21:00:00+00:00,24.0,25,1.0,0,0,0,0,0,0.0,-0.0016261839867155,-0.0433840378885861,4.5627587792844615,4.5627587792844615,0.0,0.0,0.0,0.0,0.0
2018-07-05,VALIDATION,REGULAR,0.0027397260273972,2018-07-05 21:00:00+00:00,2018-07-06 21:00:00+00:00,24.0,25,1.0,0,0,0,0,0,0.0,-0.1450527287730239,0.0954113747792462,3.602775254890749,3.602775254890749,0.0,0.0,0.0,0.0,0.0
2018-07-09,VALIDATION,REGULAR,0.0027397260273972,2018-07-09 21:00:00+00:00,2018-07-10 21:00:00+00:00,24.0,25,1.0,0,0,0,0,0,0.0,-0.0113365410435761,-0.005833873356849,2.37644043225732,2.37644043225732,0.0,0.0,0.0,0.0,0.0
2018-07-10,VALIDATION,REGULAR,0.0027397260273972,2018-07-10 21:00:00+00:00,2018-07-11 21:00:00+00:00,24.0,25,1.0,0,0,0,0,0,0.0,0.0105223961847684,-0.0684662764358279,4.010203661762083,4.010203661762083,0.0,0.0,0.0,0.0,0.0
2018-07-11,VALIDATION,REGULAR,0.0027397260273972,2018-07-11 21:00:00+00:00,2018-07-12 21:00:00+00:00,24.0,25,1.0,0,0,0,0,0,0.0,-0.0799580302382167,0.0418982944890302,2.739745893677356,2.739745893677356,0.0,0.0,0.0,0.0,0.0
2018-07-12,VALIDATION,REGULAR,0.0027397260273972,2018-07-12 21:00:00+00:00,2018-07-13 21:00:00+00:00,24.0,25,1.0,0,0,0,0,0,0.0,-0.0234312575285144,-0.0796720993093487,5.086288743561161,5.086288743561161,0.0,0.0,0.0,0.0,0.0
2018-07-16,VALIDATION,REGULAR,0.0027397260273972,2018-07-16 21:00:00+00:00,2018-07-17 21:00:00+00:00,24.0,25,1.0,0,0,0,0,0,0.0,-0.0564119597476633,0.036075973305742,2.785718207197416,2.785718207197416,0.0,0.0,0.0,0.0,0.0
2018-07-17,VALIDATION,REGULAR,0.0027397260273972,2018-07-17 21:00:00+00:00,2018-07-18 21:00:00+00:00,24.0,25,1.0,0,0,1,1,0,0.0,-0.2242335157092064,0.2147905501721826,2.7166385996613416,2.7166385996613416,0.0,0.0,0.0,0.0,0.0
2018-07-18,VALIDATION,REGULAR,0.0027397260273972,2018-07-18 21:00:00+00:00,2018-07-19 21:00:00+00:00,24.0,25,1.0,0,0,0,0,0,0.0,0.3543677277037602,-0.3870454037709692,5.616991092291207,5.616991092291207,0.0,0.0,0.0,0.0,0.0
2018-07-19,VALIDATION,REGULAR,0.0027397260273972,2018-07-19 21:00:00+00:00,2018-07-20 21:00:00+00:00,24.0,25,1.0,0,0,0,0,0,0.0,0.131849715066096,-0.1596528908458196,3.713280767063087,3.713280767063087,0.0,0.0,0.0,0.0,0.0
2018-07-23,VALIDATION,REGULAR,0.0027397260273972,2018-07-23 21:00:00+00:00,2018-07-24 21:00:00+00:00,24.0,25,1.0,0,0,0,0,0,0.0,-0.0053435023357906,-0.0181843322818338,4.970725583740935,4.970725583740935,0.0,0.0,0.0,0.0,0.0
2018-07-24,VALIDATION,REGULAR,0.0027397260273972,2018-07-24 21:00:00+00:00,2018-07-25 21:00:00+00:00,24.0,25,1.0,0,0,0,0,0,0.0,-0.0825253763780011,0.0564100988480333,3.315107744376785,3.315107744376785,0.0,0.0,0.0,0.0,0.0
2018-07-25,VALIDATION,REGULAR,0.0027397260273972,2018-07-25 21:00:00+00:00,2018-07-26 21:00:00+00:00,24.0,25,1.0,0,0,0,0,0,0.0,-0.024595019835985,-0.0018810538327471,4.363542740579401,4.363542740579401,0.0,0.0,0.0,0.0,0.0
2018-07-26,VALIDATION,REGULAR,0.0027397260273972,2018-07-26 21:00:00+00:00,2018-07-27 21:00:00+00:00,24.0,25,1.0,0,0,1,0,0,0.0,-0.0742032982547584,0.0240903076548306,3.3264895677749755,3.3264895677749755,0.0,0.0,0.0,0.0,0.0
2018-07-30,VALIDATION,REGULAR,0.0027397260273972,2018-07-30 21:00:00+00:00,2018-07-31 21:00:00+00:00,24.0,25,1.0,0,0,1,0,0,0.0,-0.153975418758165,0.111354083154751,2.838675619575421,2.838675619575421,0.0,0.0,0.0,0.0,0.0
2018-07-31,VALIDATION,REGULAR,0.0027397260273972,2018-07-31 21:00:00+00:00,2018-08-01 21:00:00+00:00,24.0,25,1.0,0,0,0,0,0,0.0,0.0599170483535687,-0.0756302388556093,4.867178616039234,4.867178616039234,0.0,0.0,0.0,0.0,0.0
2018-08-01,VALIDATION,REGULAR,0.0027397260273972,2018-08-01 21:00:00+00:00,2018-08-02 21:00:00+00:00,24.0,25,1.0,0,0,0,0,0,0.0,-0.1371736365685052,0.1228728694597833,3.742142998578253,3.742142998578253,0.0,0.0,0.0,0.0,0.0
2018-08-02,VALIDATION,REGULAR,0.0027397260273972,2018-08-02 21:00:00+00:00,2018-08-03 21:00:00+00:00,24.0,25,1.0,0,0,0,0,0,0.0,-0.0628220941306807,0.0214804836622306,3.2718811997319186,3.2718811997319186,0.0,0.0,0.0,0.0,0.0
2018-08-06,VALIDATION,REGULAR,0.0027397260273972,2018-08-06 21:00:00+00:00,2018-08-07 21:00:00+00:00,24.0,25,1.0,0,0,0,0,0,0.0,-0.0871367895471374,0.0796016227835149,2.930916931614258,2.930916931614258,0.0,0.0,0.0,0.0,0.0
2018-08-07,VALIDATION,REGULAR,0.0027397260273972,2018-08-07 21:00:00+00:00,2018-08-08 21:00:00+00:00,24.0,25,1.0,0,0,0,0,0,0.0,0.0114851770597539,-0.0305941718162614,2.725456941500874,2.725456941500874,0.0,0.0,0.0,0.0,0.0
2018-08-08,VALIDATION,REGULAR,0.0027397260273972,2018-08-08 21:00:00+00:00,2018-08-09 21:00:00+00:00,24.0,25,1.0,0,0,0,0,0,0.0,-0.0848214346542448,0.066930901649215,4.715778065339711,4.715778065339711,0.0,0.0,0.0,0.0,0.0
2018-08-09,VALIDATION,REGULAR,0.0027397260273972,2018-08-09 21:00:00+00:00,2018-08-10 21:00:00+00:00,24.0,25,1.0,0,0,0,0,0,0.0,0.2277815523362107,-0.3287166236423502,5.068381260114947,5.068381260114947,0.0,0.0,0.0,0.0,0.0
2018-08-13,VALIDATION,REGULAR,0.0027397260273972,2018-08-13 21:00:00+00:00,2018-08-14 21:00:00+00:00,24.0,25,1.0,0,0,0,0,0,0.0,-0.0623544834529639,0.0425845081869056,3.694010076933453,3.694010076933453,0.0,0.0,0.0,0.0,0.0
2018-08-14,VALIDATION,REGULAR,0.0027397260273972,2018-08-14 21:00:00+00:00,2018-08-15 21:00:00+00:00,24.0,25,1.0,0,0,0,0,0,0.0,-0.0049765703295889,-0.0174273691031032,3.6602993300004094,3.6602993300004094,0.0,0.0,0.0,0.0,0.0
2018-08-15,VALIDATION,REGULAR,0.0027397260273972,2018-08-15 21:00:00+00:00,2018-08-16 21:00:00+00:00,24.0,25,1.0,0,0,0,0,0,0.0,-0.1478916298764971,0.1201575179337339,4.046139866346447,4.046139866346447,0.0,0.0,0.0,0.0,0.0
2018-08-16,VALIDATION,REGULAR,0.0027397260273972,2018-08-16 21:00:00+00:00,2018-08-17 21:00:00+00:00,24.0,25,1.0,0,0,0,0,0,0.0,-0.0464699038723068,-0.0002031818170564,3.053303885495876,3.053303885495876,0.0,0.0,0.0,0.0,0.0
2018-08-20,VALIDATION,REGULAR,0.0027397260273972,2018-08-20 21:00:00+00:00,2018-08-21 21:00:00+00:00,24.0,25,1.0,0,0,0,0,0,0.0,-0.0757483422322593,0.0061498424957164,3.4040553531443702,3.4040553531443702,0.0,0.0,0.0,0.0,0.0
2018-08-21,VALIDATION,REGULAR,0.0027397260273972,2018-08-21 21:00:00+00:00,2018-08-22 21:00:00+00:00,24.0,25,1.0,0,0,0,0,0,0.0,0.0013198487909846,-0.0310188573385801,4.579775120999695,4.579775120999695,0.0,0.0,0.0,0.0,0.0
2018-08-22,VALIDATION,REGULAR,0.0027397260273972,2018-08-22 21:00:00+00:00,2018-08-23 21:00:00+00:00,24.0,25,1.0,0,0,0,0,0,0.0,-0.0322576959251961,-0.0135516055131006,2.760340538157217,2.760340538157217,0.0,0.0,0.0,0.0,0.0
2018-08-23,VALIDATION,REGULAR,0.0027397260273972,2018-08-23 21:00:00+00:00,2018-08-24 21:00:00+00:00,24.0,25,1.0,0,0,0,0,0,0.0,-0.1615748240138117,0.1195565584831683,3.778826625944179,3.778826625944179,0.0,0.0,0.0,0.0,0.0
2018-08-27,VALIDATION,REGULAR,0.0027397260273972,2018-08-27 21:00:00+00:00,2018-08-28 21:00:00+00:00,24.0,25,1.0,0,0,0,0,0,0.0,-0.0147915291501021,-0.0131447380879876,5.53880656317052,5.53880656317052,0.0,0.0,0.0,0.0,0.0
2018-08-28,VALIDATION,REGULAR,0.0027397260273972,2018-08-28 21:00:00+00:00,2018-08-29 21:00:00+00:00,24.0,25,1.0,0,0,0,0,0,0.0,-0.0302918302356545,0.0191680595017089,3.299389144379889,3.299389144379889,0.0,0.0,0.0,0.0,0.0
2018-08-29,VALIDATION,REGULAR,0.0027397260273972,2018-08-29 21:00:00+00:00,2018-08-30 21:00:00+00:00,24.0,25,1.0,0,0,0,0,0,0.0,-0.0470895568057301,0.0187802919352151,3.037012856924605,3.037012856924605,0.0,0.0,0.0,0.0,0.0
2018-08-30,VALIDATION,REGULAR,0.0027397260273972,2018-08-30 21:00:00+00:00,2018-08-31 21:00:00+00:00,24.0,25,1.0,0,0,1,1,0,0.0,-0.1158646681012243,0.0402699996436126,4.576434418773921,4.576434418773921,0.0,0.0,0.0,0.0,0.0
2018-09-03,VALIDATION,REGULAR,0.0027397260273972,2018-09-03 21:00:00+00:00,2018-09-04 21:00:00+00:00,24.0,25,1.0,0,0,0,0,0,0.0,-0.0289847556201294,-0.0696688728144465,3.2575213387239152,3.2575213387239152,0.0,0.0,0.0,0.0,0.0
2018-09-04,VALIDATION,REGULAR,0.0027397260273972,2018-09-04 21:00:00+00:00,2018-09-05 21:00:00+00:00,24.0,25,1.0,0,0,0,0,0,0.0,0.0457313664599468,-0.0687526975615071,4.711680117817355,4.711680117817355,0.0,0.0,0.0,0.0,0.0
2018-09-05,VALIDATION,REGULAR,0.0027397260273972,2018-09-05 21:00:00+00:00,2018-09-06 21:00:00+00:00,24.0,25,1.0,0,0,0,0,0,0.0,-0.0279026821438748,0.0089415322496648,2.753892513731695,2.753892513731695,0.0,0.0,0.0,0.0,0.0
2018-09-06,VALIDATION,REGULAR,0.0027397260273972,2018-09-06 21:00:00+00:00,2018-09-07 21:00:00+00:00,24.0,25,1.0,0,0,0,0,0,0.0,-0.0641215891684794,0.0087667342151434,3.5517709897323444,3.5517709897323444,0.0,0.0,0.0,0.0,0.0
2018-09-10,VALIDATION,REGULAR,0.0027397260273972,2018-09-10 21:00:00+00:00,2018-09-11 21:00:00+00:00,24.0,25,1.0,0,0,0,0,0,0.0,0.0316546582745616,-0.0493058815267204,2.9806735770953416,2.9806735770953416,0.0,0.0,0.0,0.0,0.0
2018-09-11,VALIDATION,REGULAR,0.0027397260273972,2018-09-11 21:00:00+00:00,2018-09-12 21:00:00+00:00,24.0,25,1.0,0,0,0,0,0,0.0,-0.0669471198906421,0.0398432808325424,2.5648570753562345,2.5648570753562345,0.0,0.0,0.0,0.0,0.0
2018-09-12,VALIDATION,REGULAR,0.0027397260273972,2018-09-12 21:00:00+00:00,2018-09-13 21:00:00+00:00,24.0,25,1.0,0,0,0,0,0,0.0,-0.0192446292058434,-0.0011169243819324,2.921251268166561,2.921251268166561,0.0,0.0,0.0,0.0,0.0
2018-09-13,VALIDATION,REGULAR,0.0027397260273972,2018-09-13 21:00:00+00:00,2018-09-14 21:00:00+00:00,24.0,25,1.0,0,0,0,0,0,0.0,-0.0685950573600706,0.0396045333570498,4.118717869630359,4.118717869630359,0.0,0.0,0.0,0.0,0.0
2018-09-17,VALIDATION,REGULAR,0.0027397260273972,2018-09-17 21:00:00+00:00,2018-09-18 21:00:00+00:00,24.0,25,1.0,0,0,0,0,0,0.0,0.1404600729218543,-0.1670164344524494,4.149494739345276,4.149494739345276,0.0,0.0,0.0,0.0,0.0
2018-09-18,VALIDATION,REGULAR,0.0027397260273972,2018-09-18 21:00:00+00:00,2018-09-19 21:00:00+00:00,24.0,25,1.0,0,0,0,0,0,0.0,-0.1738710946339807,0.1472364800244747,3.988878183105808,3.988878183105808,0.0,0.0,0.0,0.0,0.0
2018-09-19,VALIDATION,REGULAR,0.0027397260273972,2018-09-19 21:00:00+00:00,2018-09-20 21:00:00+00:00,24.0,25,1.0,0,0,0,0,0,0.0,0.0363428755293568,-0.0546515498969597,4.191881737299257,4.191881737299257,0.0,0.0,0.0,0.0,0.0
2018-09-20,VALIDATION,REGULAR,0.0027397260273972,2018-09-20 21:00:00+00:00,2018-09-21 21:00:00+00:00,24.0,25,1.0,0,0,0,0,0,0.0,-0.0923398764431056,0.0314560888701436,4.020500063967129,4.020500063967129,0.0,0.0,0.0,0.0,0.0
2018-09-24,VALIDATION,REGULAR,0.0027397260273972,2018-09-24 21:00:00+00:00,2018-09-25 21:00:00+00:00,24.0,25,1.0,0,0,0,0,0,0.0,-0.1181515227521146,0.1056157253238012,3.725919395768104,3.725919395768104,0.0,0.0,0.0,0.0,0.0
2018-09-25,VALIDATION,REGULAR,0.0027397260273972,2018-09-25 21:00:00+00:00,2018-09-26 21:00:00+00:00,24.0,25,1.0,0,0,0,0,0,0.0,-0.1304279163497739,0.0897446347270403,3.62269489975716,3.62269489975716,0.0,0.0,0.0,0.0,0.0
2018-09-26,VALIDATION,REGULAR,0.0027397260273972,2018-09-26 21:00:00+00:00,2018-09-27 21:00:00+00:00,24.0,25,1.0,0,0,0,0,0,0.0,-0.0205440317270557,-0.0298255378805549,3.788371629241004,3.788371629241004,0.0,0.0,0.0,0.0,0.0
2018-09-27,VALIDATION,REGULAR,0.0027397260273972,2018-09-27 21:00:00+00:00,2018-09-28 21:00:00+00:00,24.0,25,1.0,0,0,0,0,0,0.0,-0.0797672285350614,0.057502268760075,4.083681016421866,4.083681016421866,0.0,0.0,0.0,0.0,0.0
2018-10-01,VALIDATION,REGULAR,0.0027397260273972,2018-10-01 21:00:00+00:00,2018-10-02 21:00:00+00:00,24.0,25,1.0,0,0,0,0,0,0.0,-0.0215907551322089,-0.0218274825796243,4.088818252977275,4.088818252977275,0.0,0.0,0.0,0.0,0.0
2018-10-02,VALIDATION,REGULAR,0.0027397260273972,2018-10-02 21:00:00+00:00,2018-10-03 21:00:00+00:00,24.0,25,1.0,0,0,0,0,0,0.0,-0.0135178923270018,0.0016503041490523,3.282474874538941,3.282474874538941,0.0,0.0,0.0,0.0,0.0
2018-10-03,VALIDATION,REGULAR,0.0027397260273972,2018-10-03 21:00:00+00:00,2018-10-04 21:00:00+00:00,24.0,25,1.0,0,0,0,0,0,0.0,-0.059303947738897,-0.0094070847531355,2.9330998341185763,2.9330998341185763,0.0,0.0,0.0,0.0,0.0
2018-10-04,VALIDATION,REGULAR,0.0027397260273972,2018-10-04 21:00:00+00:00,2018-10-05 21:00:00+00:00,24.0,25,1.0,0,0,0,0,0,0.0,-0.202551596329684,0.1189232221505847,3.252966677971738,3.252966677971738,0.0,0.0,0.0,0.0,0.0
2018-10-08,VALIDATION,REGULAR,0.0027397260273972,2018-10-08 21:00:00+00:00,2018-10-09 21:00:00+00:00,24.0,25,1.0,0,0,0,0,0,0.0,-0.0560142505359522,0.0278842709927289,4.940059639351987,4.940059639351987,0.0,0.0,0.0,0.0,0.0
2018-10-09,VALIDATION,REGULAR,0.0027397260273972,2018-10-09 21:00:00+00:00,2018-10-10 21:00:00+00:00,24.0,25,1.0,0,0,0,0,0,0.0,0.0953445589739914,-0.1140879523653808,4.242081544090497,4.242081544090497,0.0,0.0,0.0,0.0,0.0
2018-10-10,VALIDATION,REGULAR,0.0027397260273972,2018-10-10 21:00:00+00:00,2018-10-11 21:00:00+00:00,24.0,25,1.0,0,0,0,0,0,0.0,0.0871114748850629,-0.1092533073232004,5.466872437776031,5.466872437776031,0.0,0.0,0.0,0.0,0.0
2018-10-11,VALIDATION,REGULAR,0.0027397260273972,2018-10-11 21:00:00+00:00,2018-10-12 21:00:00+00:00,24.0,25,1.0,0,0,0,0,0,0.0,-0.1191022111140824,0.0795870925263528,4.536575008696309,4.536575008696309,0.0,0.0,0.0,0.0,0.0
2018-10-15,VALIDATION,REGULAR,0.0027397260273972,2018-10-15 21:00:00+00:00,2018-10-16 21:00:00+00:00,24.0,25,1.0,0,0,1,0,0,0.0,-0.0436883457716135,0.0274952767862259,2.418300725666772,2.418300725666772,0.0,0.0,0.0,0.0,0.0
2018-10-16,VALIDATION,REGULAR,0.0027397260273972,2018-10-16 21:00:00+00:00,2018-10-17 21:00:00+00:00,24.0,25,1.0,0,0,0,0,0,0.0,-0.0084812720747322,-0.0270280761579044,5.023994483641305,5.023994483641305,0.0,0.0,0.0,0.0,0.0
2018-10-17,VALIDATION,REGULAR,0.0027397260273972,2018-10-17 21:00:00+00:00,2018-10-18 21:00:00+00:00,24.0,25,1.0,0,0,0,0,0,0.0,0.0320354692361775,-0.0888795540576552,3.695393179442292,3.695393179442292,0.0,0.0,0.0,0.0,0.0
2018-10-18,VALIDATION,REGULAR,0.0027397260273972,2018-10-18 21:00:00+00:00,2018-10-19 21:00:00+00:00,24.0,25,1.0,0,0,0,0,0,0.0,-0.0764571566035812,0.0303066226075259,2.8746470884895547,2.8746470884895547,0.0,0.0,0.0,0.0,0.0
2018-10-22,VALIDATION,REGULAR,0.0027397260273972,2018-10-22 21:00:00+00:00,2018-10-23 21:00:00+00:00,24.0,25,1.0,0,0,0,0,0,0.0,-0.0181110316178916,0.0051178502938142,2.0431388517596654,2.0431388517596654,0.0,0.0,0.0,0.0,0.0
2018-10-23,VALIDATION,REGULAR,0.0027397260273972,2018-10-23 21:00:00+00:00,2018-10-24 21:00:00+00:00,24.0,25,1.0,0,0,0,0,0,0.0,0.1740560015975631,-0.2078902393310358,5.740295878728009,5.740295878728009,0.0,0.0,0.0,0.0,0.0
2018-10-24,VALIDATION,REGULAR,0.0027397260273972,2018-10-24 21:00:00+00:00,2018-10-25 21:00:00+00:00,24.0,25,1.0,0,0,0,0,0,0.0,0.0155542689850989,-0.065752852785323,4.412530972840928,4.412530972840928,0.0,0.0,0.0,0.0,0.0
2018-10-25,VALIDATION,REGULAR,0.0027397260273972,2018-10-25 21:00:00+00:00,2018-10-26 21:00:00+00:00,24.0,25,1.0,0,0,0,0,0,0.0,0.0621869094723592,-0.0995717461771334,3.0817505378694685,3.0817505378694685,0.0,0.0,0.0,0.0,0.0
2018-10-29,VALIDATION,REGULAR,0.0027397260273972,2018-10-29 21:00:00+00:00,2018-10-30 21:00:00+00:00,24.0,25,1.0,0,0,0,0,0,0.0,-0.0348082112016783,0.0057861772853158,2.3794619236790213,2.3794619236790213,0.0,0.0,0.0,0.0,0.0
2018-10-30,VALIDATION,REGULAR,0.0027397260273972,2018-10-30 21:00:00+00:00,2018-10-31 21:00:00+00:00,24.0,25,1.0,0,0,0,0,0,0.0,0.1430913438793482,-0.1685964269089055,5.610203040431452,5.610203040431452,0.0,0.0,0.0,0.0,0.0
2018-10-31,VALIDATION,REGULAR,0.0027397260273972,2018-10-31 21:00:00+00:00,2018-11-01 21:00:00+00:00,24.0,25,1.0,0,0,0,0,0,0.0,-0.0582441844958623,0.0166662987059709,4.12112385740979,4.12112385740979,0.0,0.0,0.0,0.0,0.0
2018-11-01,VALIDATION,REGULAR,0.0027397260273972,2018-11-01 21:00:00+00:00,2018-11-02 21:00:00+00:00,24.0,25,1.0,0,0,0,0,0,0.0,-0.0421078653551205,-0.0147059857806226,3.748243858020979,3.748243858020979,0.0,0.0,0.0,0.0,0.0
2018-11-05,VALIDATION,REGULAR,0.0027397260273972,2018-11-05 22:00:00+00:00,2018-11-06 22:00:00+00:00,24.0,25,1.0,0,0,0,0,0,0.0,-0.0952227446856284,0.0571281947623276,3.5246997690614164,3.5246997690614164,0.0,0.0,0.0,0.0,0.0
2018-11-06,VALIDATION,REGULAR,0.0027397260273972,2018-11-06 22:00:00+00:00,2018-11-07 22:00:00+00:00,24.0,25,1.0,0,0,0,0,0,0.0,-0.3106364380093396,0.2739640962959839,3.502719314797819,3.502719314797819,0.0,0.0,0.0,0.0,0.0
2018-11-07,VALIDATION,REGULAR,0.0027397260273972,2018-11-07 22:00:00+00:00,2018-11-08 22:00:00+00:00,24.0,25,1.0,0,0,0,0,0,0.0,-0.0864043403920504,0.0766919778277497,2.5400940097137075,2.5400940097137075,0.0,0.0,0.0,0.0,0.0
2018-11-08,VALIDATION,REGULAR,0.0027397260273972,2018-11-08 22:00:00+00:00,2018-11-09 22:00:00+00:00,24.0,25,1.0,0,0,1,1,0,0.0,-0.0910047149486246,0.0184029900898394,2.88635782869752,2.88635782869752,0.0,0.0,0.0,0.0,0.0
2018-11-12,VALIDATION,REGULAR,0.0027397260273972,2018-11-12 22:00:00+00:00,2018-11-13 22:00:00+00:00,24.0,25,1.0,0,0,0,0,0,0.0,-0.0161752869501299,-0.007524235813733,4.926259840951975,4.926259840951975,0.0,0.0,0.0,0.0,0.0
2018-11-13,VALIDATION,REGULAR,0.0027397260273972,2018-11-13 22:00:00+00:00,2018-11-14 22:00:00+00:00,24.0,25,1.0,0,0,0,0,0,0.0,-0.0383543218677715,0.0030116401819526,4.109320036645379,4.109320036645379,0.0,0.0,0.0,0.0,0.0
2018-11-14,VALIDATION,REGULAR,0.0027397260273972,2018-11-14 22:00:00+00:00,2018-11-15 22:00:00+00:00,24.0,25,1.0,0,0,0,0,0,0.0,-0.0593946200365067,0.0352356907875801,4.084615086929056,4.084615086929056,0.0,0.0,0.0,0.0,0.0
2018-11-15,VALIDATION,REGULAR,0.0027397260273972,2018-11-15 22:00:00+00:00,2018-11-16 22:00:00+00:00,24.0,25,1.0,0,0,0,0,0,0.0,-0.0241993774339732,-0.0190216245355117,2.7979011062395056,2.7979011062395056,0.0,0.0,0.0,0.0,0.0
2018-11-19,VALIDATION,REGULAR,0.0027397260273972,2018-11-19 22:00:00+00:00,2018-11-20 22:00:00+00:00,24.0,25,1.0,0,0,0,0,0,0.0,-0.0186113314969276,-0.0088646329191419,4.375941350260494,4.375941350260494,0.0,0.0,0.0,0.0,0.0
2018-11-20,VALIDATION,REGULAR,0.0027397260273972,2018-11-20 22:00:00+00:00,2018-11-21 22:00:00+00:00,24.0,25,1.0,0,0,0,0,0,0.0,-0.0074802826628683,-0.019240454306086,3.925968331789696,3.925968331789696,0.0,0.0,0.0,0.0,0.0
2018-11-21,VALIDATION,REGULAR,0.0027397260273972,2018-11-21 22:00:00+00:00,2018-11-22 22:00:00+00:00,24.0,25,1.0,0,0,0,0,0,0.0,-0.1230523670532193,0.0777317870435041,3.233336314881182,3.233336314881182,0.0,0.0,0.0,0.0,0.0
2018-11-22,VALIDATION,REGULAR,0.0027397260273972,2018-11-22 22:00:00+00:00,2018-11-23 22:00:00+00:00,24.0,25,1.0,0,0,0,0,0,0.0,-0.1490474569413749,0.1270200303926358,2.5040822186373664,2.5040822186373664,0.0,0.0,0.0,0.0,0.0
2018-11-26,VALIDATION,REGULAR,0.0027397260273972,2018-11-26 22:00:00+00:00,2018-11-27 22:00:00+00:00,24.0,25,1.0,0,0,0,0,0,0.0,-0.0979506246747945,0.072671423296228,3.6702403094329705,3.6702403094329705,0.0,0.0,0.0,0.0,0.0
2018-11-27,VALIDATION,REGULAR,0.0027397260273972,2018-11-27 22:00:00+00:00,2018-11-28 22:00:00+00:00,24.0,25,1.0,0,0,0,0,0,0.0,0.0560563436578149,-0.0784357231956391,4.726304979769141,4.726304979769141,0.0,0.0,0.0,0.0,0.0
2018-11-28,VALIDATION,REGULAR,0.0027397260273972,2018-11-28 22:00:00+00:00,2018-11-29 22:00:00+00:00,24.0,25,1.0,0,0,0,0,0,0.0,-0.0174070597420126,0.0072618586227832,2.7734471018188502,2.7734471018188502,0.0,0.0,0.0,0.0,0.0
2018-11-29,VALIDATION,REGULAR,0.0027397260273972,2018-11-29 22:00:00+00:00,2018-11-30 22:00:00+00:00,24.0,25,1.0,0,0,0,0,0,0.0,-0.1804489767192691,0.1533858001905415,2.950798870096145,2.950798870096145,0.0,0.0,0.0,0.0,0.0
2018-12-03,VALIDATION,REGULAR,0.0027397260273972,2018-12-03 22:00:00+00:00,2018-12-04 22:00:00+00:00,24.0,25,1.0,0,0,0,0,0,0.0,0.0471836489336965,-0.0839113389777708,2.034792917206282,2.034792917206282,0.0,0.0,0.0,0.0,0.0
2018-12-04,VALIDATION,REGULAR,0.0027397260273972,2018-12-04 22:00:00+00:00,2018-12-05 22:00:00+00:00,24.0,25,1.0,0,0,0,0,0,0.0,-0.0323664951700806,0.0153419363840185,3.191350830515935,3.191350830515935,0.0,0.0,0.0,0.0,0.0
2018-12-05,VALIDATION,REGULAR,0.0027397260273972,2018-12-05 22:00:00+00:00,2018-12-06 22:00:00+00:00,24.0,25,1.0,0,0,0,0,0,0.0,0.1556503618607791,-0.1952091743945203,3.517375146311385,3.517375146311385,0.0,0.0,0.0,0.0,0.0
2018-12-06,VALIDATION,REGULAR,0.0027397260273972,2018-12-06 22:00:00+00:00,2018-12-07 22:00:00+00:00,24.0,25,1.0,0,0,0,0,0,0.0,-0.2477119794068727,0.2219587999709276,3.4349903586442325,3.4349903586442325,0.0,0.0,0.0,0.0,0.0
2018-12-10,VALIDATION,REGULAR,0.0027397260273972,2018-12-10 22:00:00+00:00,2018-12-11 22:00:00+00:00,24.0,25,1.0,0,0,0,0,0,0.0,-0.1143974071791547,0.0943928875724466,3.868550902695176,3.868550902695176,0.0,0.0,0.0,0.0,0.0
2018-12-11,VALIDATION,REGULAR,0.0027397260273972,2018-12-11 22:00:00+00:00,2018-12-12 22:00:00+00:00,24.0,25,1.0,0,0,0,0,0,0.0,-0.1597418437539346,0.1351885755537836,3.485488023931131,3.485488023931131,0.0,0.0,0.0,0.0,0.0
2018-12-12,VALIDATION,REGULAR,0.0027397260273972,2018-12-12 22:00:00+00:00,2018-12-13 22:00:00+00:00,24.0,25,1.0,0,0,0,0,0,0.0,-0.118915760031399,0.021963857618104,2.719317746820692,2.719317746820692,0.0,0.0,0.0,0.0,0.0
2018-12-13,VALIDATION,REGULAR,0.0027397260273972,2018-12-13 22:00:00+00:00,2018-12-14 22:00:00+00:00,24.0,25,1.0,0,0,0,0,0,0.0,0.0252380425198879,-0.0614608969820977,3.8504013241284953,3.8504013241284953,0.0,0.0,0.0,0.0,0.0
2018-12-17,VALIDATION,REGULAR,0.0027397260273972,2018-12-17 22:00:00+00:00,2018-12-18 22:00:00+00:00,24.0,25,1.0,0,0,0,0,0,0.0,-0.0149485868427632,-0.0131340856121227,2.854759198034288,2.854759198034288,0.0,0.0,0.0,0.0,0.0
2018-12-18,VALIDATION,REGULAR,0.0027397260273972,2018-12-18 22:00:00+00:00,2018-12-19 22:00:00+00:00,24.0,25,1.0,0,0,0,0,0,0.0,0.0839698147188841,-0.1051505474290337,4.277055744670813,4.277055744670813,0.0,0.0,0.0,0.0,0.0
2018-12-19,VALIDATION,REGULAR,0.0027397260273972,2018-12-19 22:00:00+00:00,2018-12-20 22:00:00+00:00,24.0,25,1.0,0,0,0,0,0,0.0,-0.009519040867346,-0.001519515989969,2.3606943462962784,2.3606943462962784,0.0,0.0,0.0,0.0,0.0
2018-12-20,VALIDATION,REGULAR,0.0027397260273972,2018-12-20 22:00:00+00:00,2018-12-21 22:00:00+00:00,24.0,25,1.0,0,0,0,0,0,0.0,-0.2207163179144409,0.2050197645461757,3.553332544894605,3.553332544894605,0.0,0.0,0.0,0.0,0.0
2018-12-25,VALIDATION,REGULAR,0.0026255707762557,2018-12-25 23:00:00+00:00,2018-12-26 22:00:00+00:00,23.0,24,1.0,0,0,0,0,0,0.0,0.1543371205114994,-0.173329782177575,3.8118161713450056,3.8118161713450056,0.0,0.0,0.0,0.0,0.0
2018-12-26,VALIDATION,REGULAR,0.0027397260273972,2018-12-26 22:00:00+00:00,2018-12-27 22:00:00+00:00,24.0,25,1.0,0,0,0,0,0,0.0,-0.0334252928900724,-0.0681778852609795,2.8455043955558184,2.8455043955558184,0.0,0.0,0.0,0.0,0.0
2018-12-27,VALIDATION,REGULAR,0.0027397260273972,2018-12-27 22:00:00+00:00,2018-12-28 22:00:00+00:00,24.0,25,1.0,0,0,0,0,0,0.0,-0.088605016067504,0.0019258013726357,2.1806002605373758,2.1806002605373758,0.0,0.0,0.0,0.0,0.0
2019-01-01,VALIDATION,REGULAR,0.0026255707762557,2019-01-01 23:00:00+00:00,2019-01-02 22:00:00+00:00,23.0,24,1.0,0,0,0,0,0,0.0,0.0488663955575106,-0.0729259486960813,2.714348393220868,2.714348393220868,0.0,0.0,0.0,0.0,0.0
2019-01-02,VALIDATION,REGULAR,0.0027397260273972,2019-01-02 22:00:00+00:00,2019-01-03 22:00:00+00:00,24.0,25,1.0,0,0,0,0,0,0.0,1.663350566578757,-1.7956535699180023,2.0337380307044626,2.0337380307044626,0.0,0.0,0.0,0.0,0.0
2019-01-03,VALIDATION,REGULAR,0.0027397260273972,2019-01-03 22:00:00+00:00,2019-01-04 22:00:00+00:00,24.0,25,1.0,0,0,0,0,0,0.0,0.0905694925727971,-0.136908457489369,4.0928721812449735,4.0928721812449735,0.0,0.0,0.0,0.0,0.0
2019-01-07,VALIDATION,REGULAR,0.0027397260273972,2019-01-07 22:00:00+00:00,2019-01-08 22:00:00+00:00,24.0,25,1.0,0,0,0,0,0,0.0,-0.0208440725844027,-0.0136096956594187,5.311560354796254,5.311560354796254,0.0,0.0,0.0,0.0,0.0
2019-01-08,VALIDATION,REGULAR,0.0027397260273972,2019-01-08 22:00:00+00:00,2019-01-09 22:00:00+00:00,24.0,25,1.0,0,0,0,0,0,0.0,0.0343733996012503,-0.0582123512044745,3.673168537513531,3.673168537513531,0.0,0.0,0.0,0.0,0.0
2019-01-09,VALIDATION,REGULAR,0.0027397260273972,2019-01-09 22:00:00+00:00,2019-01-10 22:00:00+00:00,24.0,25,1.0,0,0,0,0,0,0.0,-0.0363240135059044,0.0101729049819994,5.062865951366529,5.062865951366529,0.0,0.0,0.0,0.0,0.0
2019-01-10,VALIDATION,REGULAR,0.0027397260273972,2019-01-10 22:00:00+00:00,2019-01-11 22:00:00+00:00,24.0,25,1.0,0,0,0,0,0,0.0,-0.2412760335383978,0.201556679609709,3.805789704665716,3.805789704665716,0.0,0.0,0.0,0.0,0.0
2019-01-14,VALIDATION,REGULAR,0.0027397260273972,2019-01-14 22:00:00+00:00,2019-01-15 22:00:00+00:00,24.0,25,1.0,0,0,0,0,0,0.0,-0.0217283812408766,-0.0470113202673019,3.1432737922515464,3.1432737922515464,0.0,0.0,0.0,0.0,0.0
2019-01-15,VALIDATION,REGULAR,0.0027397260273972,2019-01-15 22:00:00+00:00,2019-01-16 22:00:00+00:00,24.0,25,1.0,0,0,0,0,0,0.0,-0.0587335029447046,0.0337383452796729,3.908080366607978,3.908080366607978,0.0,0.0,0.0,0.0,0.0
2019-01-16,VALIDATION,REGULAR,0.0027397260273972,2019-01-16 22:00:00+00:00,2019-01-17 22:00:00+00:00,24.0,25,1.0,0,0,0,0,0,0.0,0.0448901619586621,-0.0749714432931369,5.006107363702684,5.006107363702684,0.0,0.0,0.0,0.0,0.0
2019-01-17,VALIDATION,REGULAR,0.0027397260273972,2019-01-17 22:00:00+00:00,2019-01-18 22:00:00+00:00,24.0,25,1.0,0,0,0,0,0,0.0,0.0069853626963691,-0.0440476253631487,3.953073606827815,3.953073606827815,0.0,0.0,0.0,0.0,0.0
2019-01-21,VALIDATION,REGULAR,0.0027397260273972,2019-01-21 22:00:00+00:00,2019-01-22 22:00:00+00:00,24.0,25,1.0,0,0,0,0,0,0.0,-0.076482498853835,0.0353197903128972,2.6012084206709702,2.6012084206709702,0.0,0.0,0.0,0.0,0.0
2019-01-22,VALIDATION,REGULAR,0.0027397260273972,2019-01-22 22:00:00+00:00,2019-01-23 22:00:00+00:00,24.0,25,1.0,0,0,0,0,0,0.0,0.0173571024446062,-0.0510790166166543,4.130125196374204,4.130125196374204,0.0,0.0,0.0,0.0,0.0
2019-01-23,VALIDATION,REGULAR,0.0027397260273972,2019-01-23 22:00:00+00:00,2019-01-24 22:00:00+00:00,24.0,25,1.0,0,0,0,0,0,0.0,-0.0200158288526117,0.0068539237037199,4.73944800632574,4.73944800632574,0.0,0.0,0.0,0.0,0.0
2019-01-24,VALIDATION,REGULAR,0.0027397260273972,2019-01-24 22:00:00+00:00,2019-01-25 22:00:00+00:00,24.0,25,1.0,0,0,0,0,0,0.0,0.1526942654492984,-0.1922246391541193,7.039658771300284,7.039658771300284,0.0,0.0,0.0,0.0,0.0
2019-01-28,VALIDATION,REGULAR,0.0027397260273972,2019-01-28 22:00:00+00:00,2019-01-29 22:00:00+00:00,24.0,25,1.0,0,0,0,0,0,0.0,-0.0698298868824904,0.0573376759572985,4.336868100177254,4.336868100177254,0.0,0.0,0.0,0.0,0.0
2019-01-29,VALIDATION,REGULAR,0.0027397260273972,2019-01-29 22:00:00+00:00,2019-01-30 22:00:00+00:00,24.0,25,1.0,0,0,0,0,0,0.0,0.6522769969962781,-0.6820696110688829,5.34991635522926,5.34991635522926,0.0,0.0,0.0,0.0,0.0
2019-01-30,VALIDATION,REGULAR,0.0027397260273972,2019-01-30 22:00:00+00:00,2019-01-31 22:00:00+00:00,24.0,25,1.0,0,0,0,0,0,0.0,-0.0896065059299928,0.0325569834494814,2.718827472174616,2.718827472174616,0.0,0.0,0.0,0.0,0.0
2019-01-31,VALIDATION,REGULAR,0.0027397260273972,2019-01-31 22:00:00+00:00,2019-02-01 22:00:00+00:00,24.0,25,1.0,0,0,0,0,0,0.0,-0.0866774738474731,0.0629235730216493,2.8233556435376417,2.8233556435376417,0.0,0.0,0.0,0.0,0.0
2019-02-04,VALIDATION,REGULAR,0.0027397260273972,2019-02-04 22:00:00+00:00,2019-02-05 22:00:00+00:00,24.0,25,1.0,0,0,0,0,0,0.0,-0.0886394825554859,0.0709853780695652,4.621226437622878,4.621226437622878,0.0,0.0,0.0,0.0,0.0
2019-02-05,VALIDATION,REGULAR,0.0027397260273972,2019-02-05 22:00:00+00:00,2019-02-06 22:00:00+00:00,24.0,25,1.0,0,0,0,0,0,0.0,0.1174544028712247,-0.1348620435605809,4.708093307600517,4.708093307600517,0.0,0.0,0.0,0.0,0.0
2019-02-06,VALIDATION,REGULAR,0.0027397260273972,2019-02-06 22:00:00+00:00,2019-02-07 22:00:00+00:00,24.0,25,1.0,0,0,0,0,0,0.0,-0.0115885382787723,-0.0151187669376042,4.109653780704767,4.109653780704767,0.0,0.0,0.0,0.0,0.0
2019-02-07,VALIDATION,REGULAR,0.0027397260273972,2019-02-07 22:00:00+00:00,2019-02-08 22:00:00+00:00,24.0,25,1.0,0,0,0,0,0,0.0,-0.1465721777593813,0.1319414894095203,3.074738017616974,3.074738017616974,0.0,0.0,0.0,0.0,0.0
2019-02-11,VALIDATION,REGULAR,0.0027397260273972,2019-02-11 22:00:00+00:00,2019-02-12 22:00:00+00:00,24.0,25,1.0,0,0,0,0,0,0.0,-0.0103695908831156,-0.0210997815824356,4.034860152080448,4.034860152080448,0.0,0.0,0.0,0.0,0.0
2019-02-12,VALIDATION,REGULAR,0.0027397260273972,2019-02-12 22:00:00+00:00,2019-02-13 22:00:00+00:00,24.0,25,1.0,0,0,0,0,0,0.0,-0.0354824700687004,0.0224720701247775,2.7486431543551726,2.7486431543551726,0.0,0.0,0.0,0.0,0.0
2019-02-13,VALIDATION,REGULAR,0.0027397260273972,2019-02-13 22:00:00+00:00,2019-02-14 22:00:00+00:00,24.0,25,1.0,0,0,0,0,0,0.0,0.2338149581861301,-0.2653149487093174,3.7636643586378153,3.7636643586378153,0.0,0.0,0.0,0.0,0.0
2019-02-14,VALIDATION,REGULAR,0.0027397260273972,2019-02-14 22:00:00+00:00,2019-02-15 22:00:00+00:00,24.0,25,1.0,0,0,0,0,0,0.0,-0.0360061131884066,0.004958287000889,5.6075660366930205,5.6075660366930205,0.0,0.0,0.0,0.0,0.0
2019-02-18,VALIDATION,REGULAR,0.0027397260273972,2019-02-18 22:00:00+00:00,2019-02-19 22:00:00+00:00,24.0,25,1.0,0,0,0,0,0,0.0,0.0730922344982989,-0.0897736795833239,6.028977962255662,6.028977962255662,0.0,0.0,0.0,0.0,0.0
2019-02-19,VALIDATION,REGULAR,0.0027397260273972,2019-02-19 22:00:00+00:00,2019-02-20 22:00:00+00:00,24.0,25,1.0,0,0,0,0,0,0.0,0.0644463207609788,-0.0961903894094149,4.68624562344376,4.68624562344376,0.0,0.0,0.0,0.0,0.0
2019-02-20,VALIDATION,REGULAR,0.0027397260273972,2019-02-20 22:00:00+00:00,2019-02-21 22:00:00+00:00,24.0,25,1.0,0,0,0,0,0,0.0,-0.0085802902961305,-0.0220564553332209,4.475430490104509,4.475430490104509,0.0,0.0,0.0,0.0,0.0
2019-02-21,VALIDATION,REGULAR,0.0027397260273972,2019-02-21 22:00:00+00:00,2019-02-22 22:00:00+00:00,24.0,25,1.0,0,0,1,1,0,0.0,-0.0651636108051221,0.012795154987728,4.551690687559943,4.551690687559943,0.0,0.0,0.0,0.0,0.0
2019-02-25,VALIDATION,REGULAR,0.0027397260273972,2019-02-25 22:00:00+00:00,2019-02-26 22:00:00+00:00,24.0,25,1.0,0,0,0,0,0,0.0,0.0132064781147676,-0.0250465856558292,2.359567473229043,2.359567473229043,0.0,0.0,0.0,0.0,0.0
2019-02-26,VALIDATION,REGULAR,0.0027397260273972,2019-02-26 22:00:00+00:00,2019-02-27 22:00:00+00:00,24.0,25,1.0,0,0,0,0,0,0.0,0.0134986767567539,-0.0325970589507562,3.767894365281172,3.767894365281172,0.0,0.0,0.0,0.0,0.0
2019-02-27,VALIDATION,REGULAR,0.0027397260273972,2019-02-27 22:00:00+00:00,2019-02-28 22:00:00+00:00,24.0,25,1.0,0,0,0,0,0,0.0,0.1236794160067944,-0.1395304171890359,3.9548701783715945,3.9548701783715945,0.0,0.0,0.0,0.0,0.0
2019-02-28,VALIDATION,REGULAR,0.0027397260273972,2019-02-28 22:00:00+00:00,2019-03-01 22:00:00+00:00,24.0,25,1.0,0,0,1,0,0,0.0,0.0078675969774479,-0.0571666033846298,2.351232917312252,2.351232917312252,0.0,0.0,0.0,0.0,0.0
2019-03-04,VALIDATION,REGULAR,0.0027397260273972,2019-03-04 22:00:00+00:00,2019-03-05 22:00:00+00:00,24.0,25,1.0,0,0,0,0,0,0.0,-0.0513222739405136,0.0219106158913717,3.385055793767036,3.385055793767036,0.0,0.0,0.0,0.0,0.0
2019-03-05,VALIDATION,REGULAR,0.0027397260273972,2019-03-05 22:00:00+00:00,2019-03-06 22:00:00+00:00,24.0,25,1.0,0,0,0,0,0,0.0,-0.0780387801558646,0.0515870499039721,3.425748009286272,3.425748009286272,0.0,0.0,0.0,0.0,0.0
2019-03-06,VALIDATION,REGULAR,0.0027397260273972,2019-03-06 22:00:00+00:00,2019-03-07 22:00:00+00:00,24.0,25,1.0,0,0,0,0,0,0.0,-0.0418578551066133,-0.0175823956229947,3.996667707291549,3.996667707291549,0.0,0.0,0.0,0.0,0.0
2019-03-07,VALIDATION,REGULAR,0.0027397260273972,2019-03-07 22:00:00+00:00,2019-03-08 22:00:00+00:00,24.0,25,1.0,0,0,0,0,0,0.0,0.0180175999079494,-0.0525201633861627,2.554139884510428,2.554139884510428,0.0,0.0,0.0,0.0,0.0
2019-03-11,VALIDATION,REGULAR,0.0027397260273972,2019-03-11 21:00:00+00:00,2019-03-12 21:00:00+00:00,24.0,25,1.0,0,0,0,0,0,0.0,-0.0452807972020821,0.0087199695517483,4.499043443676808,4.499043443676808,0.0,0.0,0.0,0.0,0.0
2019-03-12,VALIDATION,REGULAR,0.0027397260273972,2019-03-12 21:00:00+00:00,2019-03-13 21:00:00+00:00,24.0,25,1.0,0,0,1,0,0,0.0,-0.0746736632459601,0.0106130072450412,3.458264983668428,3.458264983668428,0.0,0.0,0.0,0.0,0.0
2019-03-13,VALIDATION,REGULAR,0.0027397260273972,2019-03-13 21:00:00+00:00,2019-03-14 21:00:00+00:00,24.0,25,1.0,0,0,0,0,0,0.0,0.0466984792448244,-0.1251026316862464,2.4214226286313902,2.4214226286313902,0.0,0.0,0.0,0.0,0.0
2019-03-14,VALIDATION,REGULAR,0.0027397260273972,2019-03-14 21:00:00+00:00,2019-03-15 21:00:00+00:00,24.0,25,1.0,0,0,0,0,0,0.0,-0.0515938662683908,0.0270883301449202,4.154944498311242,4.154944498311242,0.0,0.0,0.0,0.0,0.0
2019-03-18,VALIDATION,REGULAR,0.0027397260273972,2019-03-18 21:00:00+00:00,2019-03-19 21:00:00+00:00,24.0,25,1.0,0,0,0,0,0,0.0,-0.0463116529071427,0.0218049967747191,3.940573039868066,3.940573039868066,0.0,0.0,0.0,0.0,0.0
2019-03-19,VALIDATION,REGULAR,0.0027397260273972,2019-03-19 21:00:00+00:00,2019-03-20 21:00:00+00:00,24.0,25,1.0,0,0,0,0,0,0.0,1.368237516304788,-1.4158385146926236,5.678190664387069,5.678190664387069,0.0,0.0,0.0,0.0,0.0
2019-03-20,VALIDATION,REGULAR,0.0027397260273972,2019-03-20 21:00:00+00:00,2019-03-21 21:00:00+00:00,24.0,25,1.0,0,0,0,0,0,0.0,-0.0262179362934773,-0.0106977334355065,5.1040192193575,5.1040192193575,0.0,0.0,0.0,0.0,0.0
2019-03-21,VALIDATION,REGULAR,0.0027397260273972,2019-03-21 21:00:00+00:00,2019-03-22 21:00:00+00:00,24.0,25,1.0,0,0,0,0,0,0.0,-0.0144255543250011,-0.0120427615421476,2.735611795396018,2.735611795396018,0.0,0.0,0.0,0.0,0.0
2019-03-25,VALIDATION,REGULAR,0.0027397260273972,2019-03-25 21:00:00+00:00,2019-03-26 21:00:00+00:00,24.0,25,1.0,0,0,0,0,0,0.0,0.0222212359816182,-0.0417166424632426,2.895008677242199,2.895008677242199,0.0,0.0,0.0,0.0,0.0
2019-03-26,VALIDATION,REGULAR,0.0027397260273972,2019-03-26 21:00:00+00:00,2019-03-27 21:00:00+00:00,24.0,25,1.0,0,0,0,0,0,0.0,0.0636713673447246,-0.0829786759345836,4.529681549086437,4.529681549086437,0.0,0.0,0.0,0.0,0.0
2019-03-27,VALIDATION,REGULAR,0.0027397260273972,2019-03-27 21:00:00+00:00,2019-03-28 21:00:00+00:00,24.0,25,1.0,0,0,0,0,0,0.0,0.0962635764429222,-0.1363721888801592,4.8445436292823,4.8445436292823,0.0,0.0,0.0,0.0,0.0
2019-03-28,VALIDATION,REGULAR,0.0027397260273972,2019-03-28 21:00:00+00:00,2019-03-29 21:00:00+00:00,24.0,25,1.0,0,0,0,0,0,0.0,-0.0272532747052451,-0.0429374439453624,4.801119654944111,4.801119654944111,0.0,0.0,0.0,0.0,0.0
2019-04-01,VALIDATION,REGULAR,0.0027397260273972,2019-04-01 21:00:00+00:00,2019-04-02 21:00:00+00:00,24.0,25,1.0,0,0,0,0,0,0.0,-0.1660327031314423,0.151747116690629,2.4580363069593405,2.4580363069593405,0.0,0.0,0.0,0.0,0.0
2019-04-02,VALIDATION,REGULAR,0.0027397260273972,2019-04-02 21:00:00+00:00,2019-04-03 21:00:00+00:00,24.0,25,1.0,0,0,0,0,0,0.0,-0.0316337007938187,0.0134362638628715,3.702996684231993,3.702996684231993,0.0,0.0,0.0,0.0,0.0
2019-04-03,VALIDATION,REGULAR,0.0027397260273972,2019-04-03 21:00:00+00:00,2019-04-04 21:00:00+00:00,24.0,25,1.0,0,0,0,0,0,0.0,-0.0993597354657112,0.0651168080818962,3.58030704365408,3.58030704365408,0.0,0.0,0.0,0.0,0.0
2019-04-04,VALIDATION,REGULAR,0.0027397260273972,2019-04-04 21:00:00+00:00,2019-04-05 21:00:00+00:00,24.0,25,1.0,0,0,0,0,0,0.0,-0.1795039616017391,0.1595896839561028,2.322557151183796,2.322557151183796,0.0,0.0,0.0,0.0,0.0
2019-04-08,VALIDATION,REGULAR,0.0027397260273972,2019-04-08 21:00:00+00:00,2019-04-09 21:00:00+00:00,24.0,25,1.0,0,0,0,0,0,0.0,0.0364762436024506,-0.0714861753638018,3.0062265101456607,3.0062265101456607,0.0,0.0,0.0,0.0,0.0
2019-04-09,VALIDATION,REGULAR,0.0027397260273972,2019-04-09 21:00:00+00:00,2019-04-10 21:00:00+00:00,24.0,25,1.0,0,0,0,0,0,0.0,-0.0002508231938378,-0.030153198185161,4.599036982427505,4.599036982427505,0.0,0.0,0.0,0.0,0.0
2019-04-10,VALIDATION,REGULAR,0.0027397260273972,2019-04-10 21:00:00+00:00,2019-04-11 21:00:00+00:00,24.0,25,1.0,0,0,0,0,0,0.0,-0.0407171704122362,-0.0015157181166074,2.904717646165304,2.904717646165304,0.0,0.0,0.0,0.0,0.0
2019-04-11,VALIDATION,REGULAR,0.0027397260273972,2019-04-11 21:00:00+00:00,2019-04-12 21:00:00+00:00,24.0,25,1.0,0,0,0,0,0,0.0,-0.0279170033259816,-0.0266628763917537,2.898993178511589,2.898993178511589,0.0,0.0,0.0,0.0,0.0
2019-04-15,VALIDATION,REGULAR,0.0027397260273972,2019-04-15 21:00:00+00:00,2019-04-16 21:00:00+00:00,24.0,25,1.0,0,0,0,0,0,0.0,-0.1308282844512476,0.1088249659821727,3.113416665060381,3.113416665060381,0.0,0.0,0.0,0.0,0.0
2019-04-16,VALIDATION,REGULAR,0.0027397260273972,2019-04-16 21:00:00+00:00,2019-04-17 21:00:00+00:00,24.0,25,1.0,0,0,0,0,0,0.0,-0.0975068986355296,0.0818437288138511,4.01537401754554,4.01537401754554,0.0,0.0,0.0,0.0,0.0
2019-04-17,VALIDATION,REGULAR,0.0027397260273972,2019-04-17 21:00:00+00:00,2019-04-18 21:00:00+00:00,24.0,25,1.0,0,0,0,0,0,0.0,-0.1065484184202176,0.0351781636795749,3.703306883818625,3.703306883818625,0.0,0.0,0.0,0.0,0.0
2019-04-18,VALIDATION,REGULAR,0.0027397260273972,2019-04-18 21:00:00+00:00,2019-04-19 21:00:00+00:00,24.0,25,1.0,0,0,0,0,0,0.0,-0.1758167560016659,0.0815875914032773,1.7659010406233162,1.7659010406233162,0.0,0.0,0.0,0.0,0.0
2019-04-22,VALIDATION,REGULAR,0.0027397260273972,2019-04-22 21:00:00+00:00,2019-04-23 21:00:00+00:00,24.0,25,1.0,0,0,0,0,0,0.0,0.064290685500751,-0.0967567412034213,5.015519123267228,5.015519123267228,0.0,0.0,0.0,0.0,0.0
2019-04-23,VALIDATION,REGULAR,0.0027397260273972,2019-04-23 21:00:00+00:00,2019-04-24 21:00:00+00:00,24.0,25,1.0,0,0,0,0,0,0.0,0.042441022484823,-0.061775246979991,4.661881892354568,4.661881892354568,0.0,0.0,0.0,0.0,0.0
2019-04-24,VALIDATION,REGULAR,0.0027397260273972,2019-04-24 21:00:00+00:00,2019-04-25 21:00:00+00:00,24.0,25,1.0,0,0,1,1,0,0.0,-0.0351008842090578,-0.027117599554387,2.4591095343125926,2.4591095343125926,0.0,0.0,0.0,0.0,0.0
2019-04-25,VALIDATION,REGULAR,0.0027397260273972,2019-04-25 21:00:00+00:00,2019-04-26 21:00:00+00:00,24.0,25,1.0,0,0,0,0,0,0.0,-0.1319630795354243,0.1056061273191346,3.209517800028215,3.209517800028215,0.0,0.0,0.0,0.0,0.0
2019-04-29,VALIDATION,REGULAR,0.0027397260273972,2019-04-29 21:00:00+00:00,2019-04-30 21:00:00+00:00,24.0,25,1.0,0,0,0,0,0,0.0,-0.0189938478091278,-0.0190688187554428,2.6316551663294847,2.6316551663294847,0.0,0.0,0.0,0.0,0.0
2019-04-30,VALIDATION,REGULAR,0.0027397260273972,2019-04-30 21:00:00+00:00,2019-05-01 21:00:00+00:00,24.0,25,1.0,0,0,0,0,0,0.0,0.440878133983805,-0.4623703234182201,6.239728745198303,6.239728745198303,0.0,0.0,0.0,0.0,0.0
2019-05-01,VALIDATION,REGULAR,0.0027397260273972,2019-05-01 21:00:00+00:00,2019-05-02 21:00:00+00:00,24.0,25,1.0,0,0,1,1,0,0.0,-0.0787949986998199,0.0404871959645589,3.949106729045699,3.949106729045699,0.0,0.0,0.0,0.0,0.0
2019-05-02,VALIDATION,REGULAR,0.0027397260273972,2019-05-02 21:00:00+00:00,2019-05-03 21:00:00+00:00,24.0,25,1.0,0,0,0,0,0,0.0,-0.0722561073606016,0.0396975042058755,3.191886883052967,3.191886883052967,0.0,0.0,0.0,0.0,0.0
2019-05-06,VALIDATION,REGULAR,0.0027397260273972,2019-05-06 21:00:00+00:00,2019-05-07 21:00:00+00:00,24.0,25,1.0,0,0,0,0,0,0.0,-0.0142775836682602,-0.0090632706767053,3.7056623882624766,3.7056623882624766,0.0,0.0,0.0,0.0,0.0
2019-05-07,VALIDATION,REGULAR,0.0027397260273972,2019-05-07 21:00:00+00:00,2019-05-08 21:00:00+00:00,24.0,25,1.0,0,0,0,0,0,0.0,-0.1230472263616917,0.1006411341407442,3.6663978831110033,3.6663978831110033,0.0,0.0,0.0,0.0,0.0
2019-05-08,VALIDATION,REGULAR,0.0027397260273972,2019-05-08 21:00:00+00:00,2019-05-09 21:00:00+00:00,24.0,25,1.0,0,0,1,1,0,0.0,-0.0270362147645357,0.0117779053581585,3.0554886270481405,3.0554886270481405,0.0,0.0,0.0,0.0,0.0
2019-05-09,VALIDATION,REGULAR,0.0027397260273972,2019-05-09 21:00:00+00:00,2019-05-10 21:00:00+00:00,24.0,25,1.0,0,0,0,0,0,0.0,-0.2875716387324303,0.2406727990730957,3.784492424533013,3.784492424533013,0.0,0.0,0.0,0.0,0.0
2019-05-13,VALIDATION,REGULAR,0.0027397260273972,2019-05-13 21:00:00+00:00,2019-05-14 21:00:00+00:00,24.0,25,1.0,0,0,0,0,0,0.0,-0.0519053615679894,0.0245723699507323,2.8686208958037582,2.8686208958037582,0.0,0.0,0.0,0.0,0.0
2019-05-14,VALIDATION,REGULAR,0.0027397260273972,2019-05-14 21:00:00+00:00,2019-05-15 21:00:00+00:00,24.0,25,1.0,0,0,0,0,0,0.0,-0.042708833782683,0.0187144591265493,4.226949455190835,4.226949455190835,0.0,0.0,0.0,0.0,0.0
2019-05-15,VALIDATION,REGULAR,0.0027397260273972,2019-05-15 21:00:00+00:00,2019-05-16 21:00:00+00:00,24.0,25,1.0,0,0,0,0,0,0.0,-0.0850742411773239,0.0652400522708802,3.1848331878844256,3.1848331878844256,0.0,0.0,0.0,0.0,0.0
2019-05-16,VALIDATION,REGULAR,0.0027397260273972,2019-05-16 21:00:00+00:00,2019-05-17 21:00:00+00:00,24.0,25,1.0,0,0,0,0,0,0.0,0.2270852134268608,-0.2734430946032233,6.428080463023777,6.428080463023777,0.0,0.0,0.0,0.0,0.0
2019-05-20,VALIDATION,REGULAR,0.0027397260273972,2019-05-20 21:00:00+00:00,2019-05-21 21:00:00+00:00,24.0,25,1.0,0,0,0,0,0,0.0,-0.0194142279343481,-0.0028459471382973,3.0437864826773966,3.0437864826773966,0.0,0.0,0.0,0.0,0.0
2019-05-21,VALIDATION,REGULAR,0.0027397260273972,2019-05-21 21:00:00+00:00,2019-05-22 21:00:00+00:00,24.0,25,1.0,0,0,0,0,0,0.0,-0.059996566826129,0.0421497266784882,3.477755120957947,3.477755120957947,0.0,0.0,0.0,0.0,0.0
2019-05-22,VALIDATION,REGULAR,0.0027397260273972,2019-05-22 21:00:00+00:00,2019-05-23 21:00:00+00:00,24.0,25,1.0,0,0,0,0,0,0.0,0.0097500215825192,-0.0323894211672666,3.1270669462254514,3.1270669462254514,0.0,0.0,0.0,0.0,0.0
2019-05-23,VALIDATION,REGULAR,0.0027397260273972,2019-05-23 21:00:00+00:00,2019-05-24 21:00:00+00:00,24.0,25,1.0,0,0,0,0,0,0.0,-0.0279753331999472,-0.0076164526420683,4.107929732923324,4.107929732923324,0.0,0.0,0.0,0.0,0.0
2019-05-27,VALIDATION,REGULAR,0.0027397260273972,2019-05-27 21:00:00+00:00,2019-05-28 21:00:00+00:00,24.0,25,1.0,0,0,0,0,0,0.0,-0.0134584373967072,-0.0120738180630297,4.972190389284486,4.972190389284486,0.0,0.0,0.0,0.0,0.0
2019-05-28,VALIDATION,REGULAR,0.0027397260273972,2019-05-28 21:00:00+00:00,2019-05-29 21:00:00+00:00,24.0,25,1.0,0,0,0,0,0,0.0,0.1032997071401808,-0.1173779785413273,5.852257969470246,5.852257969470246,0.0,0.0,0.0,0.0,0.0
2019-05-29,VALIDATION,REGULAR,0.0027397260273972,2019-05-29 21:00:00+00:00,2019-05-30 21:00:00+00:00,24.0,25,1.0,0,0,0,0,0,0.0,-0.0330433075609946,0.0224239717962646,3.875947972678058,3.875947972678058,0.0,0.0,0.0,0.0,0.0
2019-05-30,VALIDATION,REGULAR,0.0027397260273972,2019-05-30 21:00:00+00:00,2019-05-31 21:00:00+00:00,24.0,25,1.0,0,0,0,0,0,0.0,0.0633829292122385,-0.0751022226922231,2.1895176829394014,2.1895176829394014,0.0,0.0,0.0,0.0,0.0
2019-06-03,VALIDATION,REGULAR,0.0027397260273972,2019-06-03 21:00:00+00:00,2019-06-04 21:00:00+00:00,24.0,25,1.0,0,0,0,0,0,0.0,0.1039716218042521,-0.1220545854350945,5.80373486717003,5.80373486717003,0.0,0.0,0.0,0.0,0.0
2019-06-04,VALIDATION,REGULAR,0.0027397260273972,2019-06-04 21:00:00+00:00,2019-06-05 21:00:00+00:00,24.0,25,1.0,0,0,0,0,0,0.0,0.2059050503340529,-0.2285425975627504,5.56711622456179,5.56711622456179,0.0,0.0,0.0,0.0,0.0
2019-06-05,VALIDATION,REGULAR,0.0027397260273972,2019-06-05 21:00:00+00:00,2019-06-06 21:00:00+00:00,24.0,25,1.0,0,0,0,0,0,0.0,0.0298948599024697,-0.0503507458917908,3.627871217442123,3.627871217442123,0.0,0.0,0.0,0.0,0.0
2019-06-06,VALIDATION,REGULAR,0.0027397260273972,2019-06-06 21:00:00+00:00,2019-06-07 21:00:00+00:00,24.0,25,1.0,0,0,0,0,0,0.0,0.1751118354519576,-0.2005822113632405,3.771788188999692,3.771788188999692,0.0,0.0,0.0,0.0,0.0
2019-06-10,VALIDATION,REGULAR,0.0027397260273972,2019-06-10 21:00:00+00:00,2019-06-11 21:00:00+00:00,24.0,25,1.0,0,0,0,0,0,0.0,-0.103984084513101,0.0934021447515078,3.158309604915471,3.158309604915471,0.0,0.0,0.0,0.0,0.0
2019-06-11,VALIDATION,REGULAR,0.0027397260273972,2019-06-11 21:00:00+00:00,2019-06-12 21:00:00+00:00,24.0,25,1.0,0,0,0,0,0,0.0,-0.166956226668689,0.1579442712916563,3.038533622347406,3.038533622347406,0.0,0.0,0.0,0.0,0.0
2019-06-12,VALIDATION,REGULAR,0.0027397260273972,2019-06-12 21:00:00+00:00,2019-06-13 21:00:00+00:00,24.0,25,1.0,0,0,0,0,0,0.0,-0.0227658985429286,-0.0201284011060352,4.556201863403294,4.556201863403294,0.0,0.0,0.0,0.0,0.0
2019-06-13,VALIDATION,REGULAR,0.0027397260273972,2019-06-13 21:00:00+00:00,2019-06-14 21:00:00+00:00,24.0,25,1.0,0,0,0,0,0,0.0,0.0691782840729189,-0.1046781803900671,4.782062156225621,4.782062156225621,0.0,0.0,0.0,0.0,0.0
2019-06-17,VALIDATION,REGULAR,0.0027397260273972,2019-06-17 21:00:00+00:00,2019-06-18 21:00:00+00:00,24.0,25,1.0,0,0,0,0,0,0.0,0.2610850202185588,-0.2854348881318458,5.493147555271816,5.493147555271816,0.0,0.0,0.0,0.0,0.0
2019-06-18,VALIDATION,REGULAR,0.0027397260273972,2019-06-18 21:00:00+00:00,2019-06-19 21:00:00+00:00,24.0,25,1.0,0,0,0,0,0,0.0,0.1126981389906092,-0.1307344112322539,4.729916924871599,4.729916924871599,0.0,0.0,0.0,0.0,0.0
2019-06-19,VALIDATION,REGULAR,0.0027397260273972,2019-06-19 21:00:00+00:00,2019-06-20 21:00:00+00:00,24.0,25,1.0,0,0,0,0,0,0.0,0.2091416275360416,-0.2275997904117588,2.550150274959049,2.550150274959049,0.0,0.0,0.0,0.0,0.0
2019-06-20,VALIDATION,REGULAR,0.0027397260273972,2019-06-20 21:00:00+00:00,2019-06-21 21:00:00+00:00,24.0,25,1.0,0,0,0,0,0,0.0,-0.0487423800072406,0.0246074192697705,3.8093174198973263,3.8093174198973263,0.0,0.0,0.0,0.0,0.0
2019-06-24,VALIDATION,REGULAR,0.0027397260273972,2019-06-24 21:00:00+00:00,2019-06-25 21:00:00+00:00,24.0,25,1.0,0,0,0,0,0,0.0,0.0628046672045172,-0.1051175633970729,4.241476774977682,4.241476774977682,0.0,0.0,0.0,0.0,0.0
2019-06-25,VALIDATION,REGULAR,0.0027397260273972,2019-06-25 21:00:00+00:00,2019-06-26 21:00:00+00:00,24.0,25,1.0,0,0,0,0,0,0.0,0.0040819526120543,-0.0234398913362099,2.50755768053878,2.50755768053878,0.0,0.0,0.0,0.0,0.0
2019-06-26,VALIDATION,REGULAR,0.0027397260273972,2019-06-26 21:00:00+00:00,2019-06-27 21:00:00+00:00,24.0,25,1.0,0,0,0,0,0,0.0,-0.1303121006681245,0.1154716523612044,3.1585882835242627,3.1585882835242627,0.0,0.0,0.0,0.0,0.0
2019-06-27,VALIDATION,REGULAR,0.0027397260273972,2019-06-27 21:00:00+00:00,2019-06-28 21:00:00+00:00,24.0,25,1.0,0,0,0,0,0,0.0,-0.1233664593029661,0.1118784541233441,2.842139490657416,2.842139490657416,0.0,0.0,0.0,0.0,0.0
2019-07-01,VALIDATION,REGULAR,0.0027397260273972,2019-07-01 21:00:00+00:00,2019-07-02 21:00:00+00:00,24.0,25,1.0,0,0,0,0,0,0.0,-0.0466785360103045,0.0059702432951525,2.955464331060824,2.955464331060824,0.0,0.0,0.0,0.0,0.0
2019-07-02,VALIDATION,REGULAR,0.0027397260273972,2019-07-02 21:00:00+00:00,2019-07-03 21:00:00+00:00,24.0,25,1.0,0,0,0,0,0,0.0,-0.0363824788129072,0.0124960791222434,2.9490617901393024,2.9490617901393024,0.0,0.0,0.0,0.0,0.0
2019-07-03,VALIDATION,REGULAR,0.0027397260273972,2019-07-03 21:00:00+00:00,2019-07-04 21:00:00+00:00,24.0,25,1.0,0,0,0,0,0,0.0,-0.1846017118483089,0.169984335432936,2.052436406524151,2.052436406524151,0.0,0.0,0.0,0.0,0.0
2019-07-04,VALIDATION,REGULAR,0.0027397260273972,2019-07-04 21:00:00+00:00,2019-07-05 21:00:00+00:00,24.0,25,1.0,0,0,0,0,0,0.0,-0.0615838398046264,0.021121555560029,2.3380998405709827,2.3380998405709827,0.0,0.0,0.0,0.0,0.0
2019-07-08,VALIDATION,REGULAR,0.0027397260273972,2019-07-08 21:00:00+00:00,2019-07-09 21:00:00+00:00,24.0,25,1.0,0,0,0,0,0,0.0,-0.0182478048641598,0.0019709088019936,4.441753978362916,4.441753978362916,0.0,0.0,0.0,0.0,0.0
2019-07-09,VALIDATION,REGULAR,0.0027397260273972,2019-07-09 21:00:00+00:00,2019-07-10 21:00:00+00:00,24.0,25,1.0,0,0,0,0,0,0.0,0.2694159676617289,-0.2873759849905184,4.250941062031547,4.250941062031547,0.0,0.0,0.0,0.0,0.0
2019-07-10,VALIDATION,REGULAR,0.0027397260273972,2019-07-10 21:00:00+00:00,2019-07-11 21:00:00+00:00,24.0,25,1.0,0,0,0,0,0,0.0,-0.0315005917562132,0.0199052155798149,3.1285240350177013,3.1285240350177013,0.0,0.0,0.0,0.0,0.0
2019-07-11,VALIDATION,REGULAR,0.0027397260273972,2019-07-11 21:00:00+00:00,2019-07-12 21:00:00+00:00,24.0,25,1.0,0,0,0,0,0,0.0,0.013275815936268,-0.0538141534663623,3.441902854665177,3.441902854665177,0.0,0.0,0.0,0.0,0.0
2019-07-15,VALIDATION,REGULAR,0.0027397260273972,2019-07-15 21:00:00+00:00,2019-07-16 21:00:00+00:00,24.0,25,1.0,0,0,0,0,0,0.0,0.0199466569913226,-0.0535494588609424,3.309212140621301,3.309212140621301,0.0,0.0,0.0,0.0,0.0
2019-07-16,VALIDATION,REGULAR,0.0027397260273972,2019-07-16 21:00:00+00:00,2019-07-17 21:00:00+00:00,24.0,25,1.0,0,0,0,0,0,0.0,-0.0476717390539249,0.0350318784183372,3.265399972953825,3.265399972953825,0.0,0.0,0.0,0.0,0.0
2019-07-17,VALIDATION,REGULAR,0.0027397260273972,2019-07-17 21:00:00+00:00,2019-07-18 21:00:00+00:00,24.0,25,1.0,0,0,0,0,0,0.0,0.0879149301551507,-0.117054613270298,5.064405569380319,5.064405569380319,0.0,0.0,0.0,0.0,0.0
2019-07-18,VALIDATION,REGULAR,0.0027397260273972,2019-07-18 21:00:00+00:00,2019-07-19 21:00:00+00:00,24.0,25,1.0,0,0,0,0,0,0.0,0.0025906872687642,-0.0628048485999954,2.682858422292222,2.682858422292222,0.0,0.0,0.0,0.0,0.0
2019-07-22,VALIDATION,REGULAR,0.0027397260273972,2019-07-22 21:00:00+00:00,2019-07-23 21:00:00+00:00,24.0,25,1.0,0,0,0,0,0,0.0,-0.0167030840100181,-0.0260123398239215,2.6219662072279277,2.6219662072279277,0.0,0.0,0.0,0.0,0.0
2019-07-23,VALIDATION,REGULAR,0.0027397260273972,2019-07-23 21:00:00+00:00,2019-07-24 21:00:00+00:00,24.0,25,1.0,0,0,0,0,0,0.0,-0.0898059393278671,0.0800282793431002,2.645507035024392,2.645507035024392,0.0,0.0,0.0,0.0,0.0
2019-07-24,VALIDATION,REGULAR,0.0027397260273972,2019-07-24 21:00:00+00:00,2019-07-25 21:00:00+00:00,24.0,25,1.0,0,0,0,0,0,0.0,0.125937010120154,-0.1458469612451267,3.528631258835975,3.528631258835975,0.0,0.0,0.0,0.0,0.0
2019-07-25,VALIDATION,REGULAR,0.0027397260273972,2019-07-25 21:00:00+00:00,2019-07-26 21:00:00+00:00,24.0,25,1.0,0,0,0,0,0,0.0,-0.1115210654561877,0.0760112220273327,3.681351230092365,3.681351230092365,0.0,0.0,0.0,0.0,0.0
2019-07-29,VALIDATION,REGULAR,0.0027397260273972,2019-07-29 21:00:00+00:00,2019-07-30 21:00:00+00:00,24.0,25,1.0,0,0,0,0,0,0.0,-0.0383265425277272,-0.0060198311232682,3.192708660891723,3.192708660891723,0.0,0.0,0.0,0.0,0.0
2019-07-30,VALIDATION,REGULAR,0.0027397260273972,2019-07-30 21:00:00+00:00,2019-07-31 21:00:00+00:00,24.0,25,1.0,0,0,0,0,0,0.0,0.1706642007112151,-0.2242096526384784,5.323670118760393,5.323670118760393,0.0,0.0,0.0,0.0,0.0
2019-07-31,VALIDATION,REGULAR,0.0027397260273972,2019-07-31 21:00:00+00:00,2019-08-01 21:00:00+00:00,24.0,25,1.0,0,0,0,0,0,0.0,0.3924341996472407,-0.4414255180184767,4.296831606686034,4.296831606686034,0.0,0.0,0.0,0.0,0.0
2019-08-01,VALIDATION,REGULAR,0.0027397260273972,2019-08-01 21:00:00+00:00,2019-08-02 21:00:00+00:00,24.0,25,1.0,0,0,0,0,0,0.0,0.0202110295799684,-0.088756749236964,3.0344664943526087,3.0344664943526087,0.0,0.0,0.0,0.0,0.0
2019-08-05,VALIDATION,REGULAR,0.0027397260273972,2019-08-05 21:00:00+00:00,2019-08-06 21:00:00+00:00,24.0,25,1.0,0,0,0,0,0,0.0,0.245219146104219,-0.2633603262675592,3.926919564641439,3.926919564641439,0.0,0.0,0.0,0.0,0.0
2019-08-06,VALIDATION,REGULAR,0.0027397260273972,2019-08-06 21:00:00+00:00,2019-08-07 21:00:00+00:00,24.0,25,1.0,0,0,0,0,0,0.0,-0.0135865928075133,-0.0047685749904218,2.742516658677798,2.742516658677798,0.0,0.0,0.0,0.0,0.0
2019-08-07,VALIDATION,REGULAR,0.0027397260273972,2019-08-07 21:00:00+00:00,2019-08-08 21:00:00+00:00,24.0,25,1.0,0,0,0,0,0,0.0,-0.0211480571986442,0.0013640656668059,5.010077491012476,5.010077491012476,0.0,0.0,0.0,0.0,0.0
2019-08-08,VALIDATION,REGULAR,0.0027397260273972,2019-08-08 21:00:00+00:00,2019-08-09 21:00:00+00:00,24.0,25,1.0,0,0,1,1,0,0.0,-0.0904456039994983,0.0013640791127471,2.887719357047763,2.887719357047763,0.0,0.0,0.0,0.0,0.0
2019-08-12,VALIDATION,REGULAR,0.0027397260273972,2019-08-12 21:00:00+00:00,2019-08-13 21:00:00+00:00,24.0,25,1.0,0,0,0,0,0,0.0,1.2118580642986956,-1.2317198616931648,4.252177780425811,4.252177780425811,0.0,0.0,0.0,0.0,0.0
2019-08-13,VALIDATION,REGULAR,0.0027397260273972,2019-08-13 21:00:00+00:00,2019-08-14 21:00:00+00:00,24.0,25,1.0,0,0,0,0,0,0.0,0.0695011384291177,-0.0854881473171076,3.0540706114379623,3.0540706114379623,0.0,0.0,0.0,0.0,0.0
2019-08-14,VALIDATION,REGULAR,0.0027397260273972,2019-08-14 21:00:00+00:00,2019-08-15 21:00:00+00:00,24.0,25,1.0,0,0,0,0,0,0.0,0.2105154915930995,-0.2412189097958759,5.582870988618753,5.582870988618753,0.0,0.0,0.0,0.0,0.0
2019-08-15,VALIDATION,REGULAR,0.0027397260273972,2019-08-15 21:00:00+00:00,2019-08-16 21:00:00+00:00,24.0,25,1.0,0,0,0,0,0,0.0,-0.222175420702186,0.1840751226873607,3.4353160450811258,3.4353160450811258,0.0,0.0,0.0,0.0,0.0
2019-08-19,VALIDATION,REGULAR,0.0027397260273972,2019-08-19 21:00:00+00:00,2019-08-20 21:00:00+00:00,24.0,25,1.0,0,0,0,0,0,0.0,-0.0989814788641467,0.0793758969951454,2.4498349709459237,2.4498349709459237,0.0,0.0,0.0,0.0,0.0
2019-08-20,VALIDATION,REGULAR,0.0027397260273972,2019-08-20 21:00:00+00:00,2019-08-21 21:00:00+00:00,24.0,25,1.0,0,0,0,0,0,0.0,-0.1008575989293802,0.0679819033022681,2.6862346624882782,2.6862346624882782,0.0,0.0,0.0,0.0,0.0
2019-08-21,VALIDATION,REGULAR,0.0027397260273972,2019-08-21 21:00:00+00:00,2019-08-22 21:00:00+00:00,24.0,25,1.0,0,0,0,0,0,0.0,-0.0394019238248546,0.0006011357547777,3.943757352790329,3.943757352790329,0.0,0.0,0.0,0.0,0.0
2019-08-22,VALIDATION,REGULAR,0.0027397260273972,2019-08-22 21:00:00+00:00,2019-08-23 21:00:00+00:00,24.0,25,1.0,0,0,0,0,0,0.0,0.2591214176535317,-0.378315083055412,3.735821357018645,3.735821357018645,0.0,0.0,0.0,0.0,0.0
2019-08-26,VALIDATION,REGULAR,0.0027397260273972,2019-08-26 21:00:00+00:00,2019-08-27 21:00:00+00:00,24.0,25,1.0,0,0,1,0,0,0.0,-0.0870720000304032,0.0449028032571021,3.2881299648281628,3.2881299648281628,0.0,0.0,0.0,0.0,0.0
2019-08-27,VALIDATION,REGULAR,0.0027397260273972,2019-08-27 21:00:00+00:00,2019-08-28 21:00:00+00:00,24.0,25,1.0,0,0,0,0,0,0.0,-0.2250158963155542,0.1973785525109264,2.8756710935093293,2.8756710935093293,0.0,0.0,0.0,0.0,0.0
2019-08-28,VALIDATION,REGULAR,0.0027397260273972,2019-08-28 21:00:00+00:00,2019-08-29 21:00:00+00:00,24.0,25,1.0,0,0,0,0,0,0.0,-0.0050457128337484,-0.0202341210266894,3.6848038421624376,3.6848038421624376,0.0,0.0,0.0,0.0,0.0
2019-08-29,VALIDATION,REGULAR,0.0027397260273972,2019-08-29 21:00:00+00:00,2019-08-30 21:00:00+00:00,24.0,25,1.0,0,0,0,0,0,0.0,-0.1565789480049915,0.0489251850474943,3.49129425599334,3.49129425599334,0.0,0.0,0.0,0.0,0.0
2019-09-02,VALIDATION,REGULAR,0.0027397260273972,2019-09-02 21:00:00+00:00,2019-09-03 21:00:00+00:00,24.0,25,1.0,0,0,0,0,0,0.0,0.1548809163013942,-0.2035916242591042,4.653316183628264,4.653316183628264,0.0,0.0,0.0,0.0,0.0
2019-09-03,VALIDATION,REGULAR,0.0027397260273972,2019-09-03 21:00:00+00:00,2019-09-04 21:00:00+00:00,24.0,25,1.0,0,0,0,0,0,0.0,-0.0964782299496676,0.0624379498477765,2.951290910216139,2.951290910216139,0.0,0.0,0.0,0.0,0.0
2019-09-04,VALIDATION,REGULAR,0.0027397260273972,2019-09-04 21:00:00+00:00,2019-09-05 21:00:00+00:00,24.0,25,1.0,0,0,0,0,0,0.0,0.0467763912994456,-0.0770246808845627,3.180619565837698,3.180619565837698,0.0,0.0,0.0,0.0,0.0
2019-09-05,VALIDATION,REGULAR,0.0027397260273972,2019-09-05 21:00:00+00:00,2019-09-06 21:00:00+00:00,24.0,25,1.0,0,0,1,0,0,0.0,-0.1961587399305413,0.1867524856564637,2.956029270045865,2.956029270045865,0.0,0.0,0.0,0.0,0.0
2019-09-09,VALIDATION,REGULAR,0.0027397260273972,2019-09-09 21:00:00+00:00,2019-09-10 21:00:00+00:00,24.0,25,1.0,0,0,0,0,0,0.0,-0.0308215123802142,0.0098779005723912,4.215704842591141,4.215704842591141,0.0,0.0,0.0,0.0,0.0
2019-09-10,VALIDATION,REGULAR,0.0027397260273972,2019-09-10 21:00:00+00:00,2019-09-11 21:00:00+00:00,24.0,25,1.0,0,0,0,0,0,0.0,-0.0676099689613209,0.0167399977014497,3.1154840499511804,3.1154840499511804,0.0,0.0,0.0,0.0,0.0
2019-09-11,VALIDATION,REGULAR,0.0027397260273972,2019-09-11 21:00:00+00:00,2019-09-12 21:00:00+00:00,24.0,25,1.0,0,0,0,0,0,0.0,0.0091279649337963,-0.0840945113349107,4.55227711893968,4.55227711893968,0.0,0.0,0.0,0.0,0.0
2019-09-12,VALIDATION,REGULAR,0.0027397260273972,2019-09-12 21:00:00+00:00,2019-09-13 21:00:00+00:00,24.0,25,1.0,0,0,0,0,0,0.0,-0.1670689845331701,0.1524625919780886,3.3703208426317666,3.3703208426317666,0.0,0.0,0.0,0.0,0.0
2019-09-16,VALIDATION,REGULAR,0.0027397260273972,2019-09-16 21:00:00+00:00,2019-09-17 21:00:00+00:00,24.0,25,1.0,0,0,0,0,0,0.0,-0.0846374868079227,0.0696394484327722,4.853261117136581,4.853261117136581,0.0,0.0,0.0,0.0,0.0
2019-09-17,VALIDATION,REGULAR,0.0027397260273972,2019-09-17 21:00:00+00:00,2019-09-18 21:00:00+00:00,24.0,25,1.0,0,0,0,0,0,0.0,-0.031398795320598,0.0066082082428522,3.614535155339487,3.614535155339487,0.0,0.0,0.0,0.0,0.0
2019-09-18,VALIDATION,REGULAR,0.0027397260273972,2019-09-18 21:00:00+00:00,2019-09-19 21:00:00+00:00,24.0,25,1.0,0,0,0,0,0,0.0,0.0039232379542397,-0.0510358646512258,2.413110655706453,2.413110655706453,0.0,0.0,0.0,0.0,0.0
2019-09-19,VALIDATION,REGULAR,0.0027397260273972,2019-09-19 21:00:00+00:00,2019-09-20 21:00:00+00:00,24.0,25,1.0,0,0,0,0,0,0.0,-0.04704497143004,-0.0061558455529961,4.039587101467415,4.039587101467415,0.0,0.0,0.0,0.0,0.0
2019-09-23,VALIDATION,REGULAR,0.0027397260273972,2019-09-23 21:00:00+00:00,2019-09-24 21:00:00+00:00,24.0,25,1.0,0,0,1,1,0,0.0,0.0650736833379284,-0.1250177640120711,4.446752604492596,4.446752604492596,0.0,0.0,0.0,0.0,0.0
2019-09-24,VALIDATION,REGULAR,0.0027397260273972,2019-09-24 21:00:00+00:00,2019-09-25 21:00:00+00:00,24.0,25,1.0,0,0,0,0,0,0.0,-0.0237782333507396,0.0070485190201026,2.761916424296997,2.761916424296997,0.0,0.0,0.0,0.0,0.0
2019-09-25,VALIDATION,REGULAR,0.0027397260273972,2019-09-25 21:00:00+00:00,2019-09-26 21:00:00+00:00,24.0,25,1.0,0,0,0,0,0,0.0,-0.074854934766364,0.0461163116753482,4.7939223068446895,4.7939223068446895,0.0,0.0,0.0,0.0,0.0
2019-09-26,VALIDATION,REGULAR,0.0027397260273972,2019-09-26 21:00:00+00:00,2019-09-27 21:00:00+00:00,24.0,25,1.0,0,0,0,0,0,0.0,0.0315321840108708,-0.1656690396232107,5.84127369532837,5.84127369532837,0.0,0.0,0.0,0.0,0.0
2019-09-30,VALIDATION,REGULAR,0.0027397260273972,2019-09-30 21:00:00+00:00,2019-10-01 21:00:00+00:00,24.0,25,1.0,0,0,0,0,0,0.0,0.4350428949301061,-0.4637903401049641,4.78583188967084,4.78583188967084,0.0,0.0,0.0,0.0,0.0
2019-10-01,VALIDATION,REGULAR,0.0027397260273972,2019-10-01 21:00:00+00:00,2019-10-02 21:00:00+00:00,24.0,25,1.0,0,0,0,0,0,0.0,-0.0754427709375562,0.05794720089159,2.832296240195288,2.832296240195288,0.0,0.0,0.0,0.0,0.0
2019-10-02,VALIDATION,REGULAR,0.0027397260273972,2019-10-02 21:00:00+00:00,2019-10-03 21:00:00+00:00,24.0,25,1.0,0,0,0,0,0,0.0,0.09701136094111,-0.1260493335583419,4.150610980025065,4.150610980025065,0.0,0.0,0.0,0.0,0.0
2019-10-03,VALIDATION,REGULAR,0.0027397260273972,2019-10-03 21:00:00+00:00,2019-10-04 21:00:00+00:00,24.0,25,1.0,0,0,0,0,0,0.0,-0.0909590122304635,0.0387816756485861,3.88776407594636,3.88776407594636,0.0,0.0,0.0,0.0,0.0
2019-10-07,VALIDATION,REGULAR,0.0027397260273972,2019-10-07 21:00:00+00:00,2019-10-08 21:00:00+00:00,24.0,25,1.0,0,0,0,0,0,0.0,0.0464962399937292,-0.0792469997480225,4.631440609856537,4.631440609856537,0.0,0.0,0.0,0.0,0.0
2019-10-08,VALIDATION,REGULAR,0.0027397260273972,2019-10-08 21:00:00+00:00,2019-10-09 21:00:00+00:00,24.0,25,1.0,0,0,0,0,0,0.0,-0.0497630081549118,0.0328130815932752,2.888797250007062,2.888797250007062,0.0,0.0,0.0,0.0,0.0
2019-10-09,VALIDATION,REGULAR,0.0027397260273972,2019-10-09 21:00:00+00:00,2019-10-10 21:00:00+00:00,24.0,25,1.0,0,0,0,0,0,0.0,0.2162439130535176,-0.2772884238437711,4.601484269061245,4.601484269061245,0.0,0.0,0.0,0.0,0.0
2019-10-10,VALIDATION,REGULAR,0.0027397260273972,2019-10-10 21:00:00+00:00,2019-10-11 21:00:00+00:00,24.0,25,1.0,0,0,0,0,0,0.0,-0.0084598297318052,-0.0724124916696382,3.672304837121827,3.672304837121827,0.0,0.0,0.0,0.0,0.0
2019-10-14,VALIDATION,REGULAR,0.0027397260273972,2019-10-14 21:00:00+00:00,2019-10-15 21:00:00+00:00,24.0,25,1.0,0,0,0,0,0,0.0,0.111055865226092,-0.135179556144223,3.9105893439458823,3.9105893439458823,0.0,0.0,0.0,0.0,0.0
2019-10-15,VALIDATION,REGULAR,0.0027397260273972,2019-10-15 21:00:00+00:00,2019-10-16 21:00:00+00:00,24.0,25,1.0,0,0,0,0,0,0.0,-0.0761976359591471,0.0396122495504585,3.7865635067499497,3.7865635067499497,0.0,0.0,0.0,0.0,0.0
2019-10-16,VALIDATION,REGULAR,0.0027397260273972,2019-10-16 21:00:00+00:00,2019-10-17 21:00:00+00:00,24.0,25,1.0,0,0,0,0,0,0.0,-0.0206744165207339,-0.0486437845130041,4.607011417604532,4.607011417604532,0.0,0.0,0.0,0.0,0.0
2019-10-17,VALIDATION,REGULAR,0.0027397260273972,2019-10-17 21:00:00+00:00,2019-10-18 21:00:00+00:00,24.0,25,1.0,0,0,0,0,0,0.0,-0.0853118759655018,0.0155465295967331,3.861112797787567,3.861112797787567,0.0,0.0,0.0,0.0,0.0
2019-10-21,VALIDATION,REGULAR,0.0027397260273972,2019-10-21 21:00:00+00:00,2019-10-22 21:00:00+00:00,24.0,25,1.0,0,0,0,0,0,0.0,-0.0665562728502351,0.0470339376703776,3.934190422231588,3.934190422231588,0.0,0.0,0.0,0.0,0.0
2019-10-22,VALIDATION,REGULAR,0.0027397260273972,2019-10-22 21:00:00+00:00,2019-10-23 21:00:00+00:00,24.0,25,1.0,0,0,0,0,0,0.0,-0.0393101070567212,0.0267516825700369,3.604873479987675,3.604873479987675,0.0,0.0,0.0,0.0,0.0
2019-10-23,VALIDATION,REGULAR,0.0027397260273972,2019-10-23 21:00:00+00:00,2019-10-24 21:00:00+00:00,24.0,25,1.0,0,0,0,0,0,0.0,-0.0536878491116254,0.0277108671396462,3.379776380935965,3.379776380935965,0.0,0.0,0.0,0.0,0.0
2019-10-24,VALIDATION,REGULAR,0.0027397260273972,2019-10-24 21:00:00+00:00,2019-10-25 21:00:00+00:00,24.0,25,1.0,0,0,0,0,0,0.0,-0.0203260933665774,-0.0011042664593787,3.960637395716223,3.960637395716223,0.0,0.0,0.0,0.0,0.0
2019-10-28,VALIDATION,REGULAR,0.0027397260273972,2019-10-28 21:00:00+00:00,2019-10-29 21:00:00+00:00,24.0,25,1.0,0,0,0,0,0,0.0,0.0319271573286243,-0.0550364875399225,5.176540529578563,5.176540529578563,0.0,0.0,0.0,0.0,0.0
2019-10-29,VALIDATION,REGULAR,0.0027397260273972,2019-10-29 21:00:00+00:00,2019-10-30 21:00:00+00:00,24.0,25,1.0,0,0,0,0,0,0.0,-0.0661405583290104,0.0289022043601363,4.139781776679548,4.139781776679548,0.0,0.0,0.0,0.0,0.0
2019-10-30,VALIDATION,REGULAR,0.0027397260273972,2019-10-30 21:00:00+00:00,2019-10-31 21:00:00+00:00,24.0,25,1.0,0,0,1,0,0,0.0,0.0193263192451098,-0.0423904686601446,2.370019428344772,2.370019428344772,0.0,0.0,0.0,0.0,0.0
2019-10-31,VALIDATION,REGULAR,0.0027397260273972,2019-10-31 21:00:00+00:00,2019-11-01 21:00:00+00:00,24.0,25,1.0,0,0,0,0,0,0.0,-0.0951402092256046,0.0472951548191247,3.938762601736818,3.938762601736818,0.0,0.0,0.0,0.0,0.0
2019-11-04,VALIDATION,REGULAR,0.0027397260273972,2019-11-04 22:00:00+00:00,2019-11-05 22:00:00+00:00,24.0,25,1.0,0,0,0,0,0,0.0,-0.0114236691486127,-0.020300281676711,2.2297039418566342,2.2297039418566342,0.0,0.0,0.0,0.0,0.0
2019-11-05,VALIDATION,REGULAR,0.0027397260273972,2019-11-05 22:00:00+00:00,2019-11-06 22:00:00+00:00,24.0,25,1.0,0,0,0,0,0,0.0,-0.0216321053168542,-0.0013622822095697,2.9804826122398653,2.9804826122398653,0.0,0.0,0.0,0.0,0.0
2019-11-06,VALIDATION,REGULAR,0.0027397260273972,2019-11-06 22:00:00+00:00,2019-11-07 22:00:00+00:00,24.0,25,1.0,0,0,0,0,0,0.0,0.1029542939550509,-0.1245482161250493,4.164631898287548,4.164631898287548,0.0,0.0,0.0,0.0,0.0
2019-11-07,VALIDATION,REGULAR,0.0027397260273972,2019-11-07 22:00:00+00:00,2019-11-08 22:00:00+00:00,24.0,25,1.0,0,0,0,0,0,0.0,-0.0420276102558858,-0.0212201157041249,3.8652145912380624,3.8652145912380624,0.0,0.0,0.0,0.0,0.0
2019-11-11,VALIDATION,REGULAR,0.0027397260273972,2019-11-11 22:00:00+00:00,2019-11-12 22:00:00+00:00,24.0,25,1.0,0,0,0,0,0,0.0,-0.0017563485667153,-0.033293191452941,4.43850152323425,4.43850152323425,0.0,0.0,0.0,0.0,0.0
2019-11-12,VALIDATION,REGULAR,0.0027397260273972,2019-11-12 22:00:00+00:00,2019-11-13 22:00:00+00:00,24.0,25,1.0,0,0,0,0,0,0.0,0.0640737581735351,-0.0924099033199326,4.252915286933046,4.252915286933046,0.0,0.0,0.0,0.0,0.0
2019-11-13,VALIDATION,REGULAR,0.0027397260273972,2019-11-13 22:00:00+00:00,2019-11-14 22:00:00+00:00,24.0,25,1.0,0,0,0,0,0,0.0,-0.0331261555270145,-0.0103428362133115,3.355365666069063,3.355365666069063,0.0,0.0,0.0,0.0,0.0
2019-11-14,VALIDATION,REGULAR,0.0027397260273972,2019-11-14 22:00:00+00:00,2019-11-15 22:00:00+00:00,24.0,25,1.0,0,0,0,0,0,0.0,-0.0381741598723124,-0.0140355990941287,2.7227546139665937,2.7227546139665937,0.0,0.0,0.0,0.0,0.0
2019-11-18,VALIDATION,REGULAR,0.0027397260273972,2019-11-18 22:00:00+00:00,2019-11-19 22:00:00+00:00,24.0,25,1.0,0,0,0,0,0,0.0,0.0965929567642405,-0.1149797893504001,5.755569210055783,5.755569210055783,0.0,0.0,0.0,0.0,0.0
2019-11-19,VALIDATION,REGULAR,0.0027397260273972,2019-11-19 22:00:00+00:00,2019-11-20 22:00:00+00:00,24.0,25,1.0,0,0,0,0,0,0.0,0.0195495418289226,-0.0383737911834174,5.237454020261817,5.237454020261817,0.0,0.0,0.0,0.0,0.0
2019-11-20,VALIDATION,REGULAR,0.0027397260273972,2019-11-20 22:00:00+00:00,2019-11-21 22:00:00+00:00,24.0,25,1.0,0,0,0,0,0,0.0,-0.0236212268993583,0.0086200152737063,4.6523656753914855,4.6523656753914855,0.0,0.0,0.0,0.0,0.0
2019-11-21,VALIDATION,REGULAR,0.0027397260273972,2019-11-21 22:00:00+00:00,2019-11-22 22:00:00+00:00,24.0,25,1.0,0,0,0,0,0,0.0,-0.1106354472933421,0.0980788476417551,3.4729865726755387,3.4729865726755387,0.0,0.0,0.0,0.0,0.0
2019-11-25,VALIDATION,REGULAR,0.0027397260273972,2019-11-25 22:00:00+00:00,2019-11-26 22:00:00+00:00,24.0,25,1.0,0,0,0,0,0,0.0,-0.0505428602902924,0.0029671024136348,3.895219252481014,3.895219252481014,0.0,0.0,0.0,0.0,0.0
2019-11-26,VALIDATION,REGULAR,0.0027397260273972,2019-11-26 22:00:00+00:00,2019-11-27 22:00:00+00:00,24.0,25,1.0,0,0,0,0,0,0.0,-0.0321200102317504,0.0155079262615061,2.801607224636534,2.801607224636534,0.0,0.0,0.0,0.0,0.0
2019-11-27,VALIDATION,REGULAR,0.0027397260273972,2019-11-27 22:00:00+00:00,2019-11-28 22:00:00+00:00,24.0,25,1.0,0,0,0,0,0,0.0,-0.0719603348052331,0.0491166689333866,3.1541375066347355,3.1541375066347355,0.0,0.0,0.0,0.0,0.0
2019-11-28,VALIDATION,REGULAR,0.0027397260273972,2019-11-28 22:00:00+00:00,2019-11-29 22:00:00+00:00,24.0,25,1.0,0,0,0,0,0,0.0,-0.0785135515362043,0.0126699863699144,4.250198755428326,4.250198755428326,0.0,0.0,0.0,0.0,0.0
2019-12-02,VALIDATION,REGULAR,0.0027397260273972,2019-12-02 22:00:00+00:00,2019-12-03 22:00:00+00:00,24.0,25,1.0,0,0,0,0,0,0.0,0.0293451008783875,-0.0406503444270782,3.57101300889689,3.57101300889689,0.0,0.0,0.0,0.0,0.0
2019-12-03,VALIDATION,REGULAR,0.0027397260273972,2019-12-03 22:00:00+00:00,2019-12-04 22:00:00+00:00,24.0,25,1.0,0,0,0,0,0,0.0,0.0361788909598459,-0.0667598869197689,4.319997758577125,4.319997758577125,0.0,0.0,0.0,0.0,0.0
2019-12-04,VALIDATION,REGULAR,0.0027397260273972,2019-12-04 22:00:00+00:00,2019-12-05 22:00:00+00:00,24.0,25,1.0,0,0,0,0,0,0.0,-0.0868732038364612,0.07038160210314,3.552428542170942,3.552428542170942,0.0,0.0,0.0,0.0,0.0
2019-12-05,VALIDATION,REGULAR,0.0027397260273972,2019-12-05 22:00:00+00:00,2019-12-06 22:00:00+00:00,24.0,25,1.0,0,0,0,0,0,0.0,0.0213592710423995,-0.1250627337950334,4.434800792848739,4.434800792848739,0.0,0.0,0.0,0.0,0.0
2019-12-09,VALIDATION,REGULAR,0.0027397260273972,2019-12-09 22:00:00+00:00,2019-12-10 22:00:00+00:00,24.0,25,1.0,0,0,0,0,0,0.0,-0.0952809088823869,0.0765668711807308,2.7385182246102286,2.7385182246102286,0.0,0.0,0.0,0.0,0.0
2019-12-10,VALIDATION,REGULAR,0.0027397260273972,2019-12-10 22:00:00+00:00,2019-12-11 22:00:00+00:00,24.0,25,1.0,0,0,1,1,0,0.0,-0.0833617557141508,0.0651431239861608,3.2654346667355703,3.2654346667355703,0.0,0.0,0.0,0.0,0.0
2019-12-11,VALIDATION,REGULAR,0.0027397260273972,2019-12-11 22:00:00+00:00,2019-12-12 22:00:00+00:00,24.0,25,1.0,0,0,0,0,0,0.0,0.0901336641430248,-0.1378754166763514,3.086243291344021,3.086243291344021,0.0,0.0,0.0,0.0,0.0
2019-12-12,VALIDATION,REGULAR,0.0027397260273972,2019-12-12 22:00:00+00:00,2019-12-13 22:00:00+00:00,24.0,25,1.0,0,0,1,1,0,0.0,-0.115292128123805,0.0942318963586039,3.054054151338468,3.054054151338468,0.0,0.0,0.0,0.0,0.0
2019-12-16,VALIDATION,REGULAR,0.0027397260273972,2019-12-16 22:00:00+00:00,2019-12-17 22:00:00+00:00,24.0,25,1.0,0,0,0,0,0,0.0,-0.099159321311852,0.0863770588855672,2.871000308261248,2.871000308261248,0.0,0.0,0.0,0.0,0.0
2019-12-17,VALIDATION,REGULAR,0.0027397260273972,2019-12-17 22:00:00+00:00,2019-12-18 22:00:00+00:00,24.0,25,1.0,0,0,1,0,0,0.0,-0.0871251580248468,0.070540724026614,3.2196733179446078,3.2196733179446078,0.0,0.0,0.0,0.0,0.0
2019-12-18,VALIDATION,REGULAR,0.0027397260273972,2019-12-18 22:00:00+00:00,2019-12-19 22:00:00+00:00,24.0,25,1.0,0,0,1,1,0,0.0,0.0120886937221911,-0.0313697909340788,3.422574492063418,3.422574492063418,0.0,0.0,0.0,0.0,0.0
2019-12-19,VALIDATION,REGULAR,0.0027397260273972,2019-12-19 22:00:00+00:00,2019-12-20 22:00:00+00:00,24.0,25,1.0,0,0,0,0,0,0.0,-0.0532250669401435,-0.003326733677099,4.088076215106407,4.088076215106407,0.0,0.0,0.0,0.0,0.0
2019-12-23,VALIDATION,REGULAR,0.0027397260273972,2019-12-23 22:00:00+00:00,2019-12-24 22:00:00+00:00,24.0,25,1.0,0,0,0,0,0,0.0,-0.1116779629078621,0.0677406659030595,3.3085100823552573,3.3085100823552573,0.0,0.0,0.0,0.0,0.0
2019-12-25,VALIDATION,REGULAR,0.0026255707762557,2019-12-25 23:00:00+00:00,2019-12-26 22:00:00+00:00,23.0,24,1.0,0,0,0,0,0,0.0,0.0394888691610475,-0.0500209076464415,2.196108925389457,2.196108925389457,0.0,0.0,0.0,0.0,0.0
2019-12-26,VALIDATION,REGULAR,0.0027397260273972,2019-12-26 22:00:00+00:00,2019-12-27 22:00:00+00:00,24.0,25,1.0,0,0,0,0,0,0.0,-0.0143534010171038,-0.0731141870319049,3.4134720850214126,3.4134720850214126,0.0,0.0,0.0,0.0,0.0
2019-12-30,VALIDATION,REGULAR,0.0027397260273972,2019-12-30 22:00:00+00:00,2019-12-31 22:00:00+00:00,24.0,25,1.0,0,0,0,0,0,0.0,-0.0272250040760724,-0.0287979789639081,2.3298300346005654,2.3298300346005654,0.0,0.0,0.0,0.0,0.0
2020-01-01,VALIDATION,REGULAR,0.0026255707762557,2020-01-01 23:00:00+00:00,2020-01-02 22:00:00+00:00,23.0,24,1.0,0,0,0,0,0,0.0,0.1874491947651506,-0.2028302200401199,3.964240750715885,3.964240750715885,0.0,0.0,0.0,0.0,0.0
2020-01-02,VALIDATION,REGULAR,0.0027397260273972,2020-01-02 22:00:00+00:00,2020-01-03 22:00:00+00:00,24.0,25,1.0,0,0,0,0,0,0.0,0.0172567285009535,-0.1247468919489591,2.2266331702059934,2.2266331702059934,0.0,0.0,0.0,0.0,0.0
2020-01-06,VALIDATION,REGULAR,0.0027397260273972,2020-01-06 22:00:00+00:00,2020-01-07 22:00:00+00:00,24.0,25,1.0,0,0,0,0,0,0.0,-0.0279845920903056,0.0020755252735682,3.834984834380259,3.834984834380259,0.0,0.0,0.0,0.0,0.0
2020-01-07,VALIDATION,REGULAR,0.0027397260273972,2020-01-07 22:00:00+00:00,2020-01-08 22:00:00+00:00,24.0,25,1.0,0,0,0,0,0,0.0,0.4774752055189566,-0.5028384832012023,4.997530237485333,4.997530237485333,0.0,0.0,0.0,0.0,0.0
2020-01-08,VALIDATION,REGULAR,0.0027397260273972,2020-01-08 22:00:00+00:00,2020-01-09 22:00:00+00:00,24.0,25,1.0,0,0,0,0,0,0.0,-0.0140602320779095,-0.0048263526355611,2.874179010497775,2.874179010497775,0.0,0.0,0.0,0.0,0.0
2020-01-09,VALIDATION,REGULAR,0.0027397260273972,2020-01-09 22:00:00+00:00,2020-01-10 22:00:00+00:00,24.0,25,1.0,0,0,0,0,0,0.0,-0.1952937820359217,0.1836326910763119,2.313825999676821,2.313825999676821,0.0,0.0,0.0,0.0,0.0
2020-01-13,VALIDATION,REGULAR,0.0027397260273972,2020-01-13 22:00:00+00:00,2020-01-14 22:00:00+00:00,24.0,25,1.0,0,0,0,0,0,0.0,0.0258867096281996,-0.0394549308452454,5.083034497282184,5.083034497282184,0.0,0.0,0.0,0.0,0.0
2020-01-14,VALIDATION,REGULAR,0.0027397260273972,2020-01-14 22:00:00+00:00,2020-01-15 22:00:00+00:00,24.0,25,1.0,0,0,0,0,0,0.0,-0.047961513438409,0.0276825400818125,4.400491103273186,4.400491103273186,0.0,0.0,0.0,0.0,0.0
2020-01-15,VALIDATION,REGULAR,0.0027397260273972,2020-01-15 22:00:00+00:00,2020-01-16 22:00:00+00:00,24.0,25,1.0,0,0,0,0,0,0.0,-0.0767065545569778,0.0486356973795665,2.534452749698477,2.534452749698477,0.0,0.0,0.0,0.0,0.0
2020-01-16,VALIDATION,REGULAR,0.0027397260273972,2020-01-16 22:00:00+00:00,2020-01-17 22:00:00+00:00,24.0,25,1.0,0,0,0,0,0,0.0,-0.0798449680507609,0.0523273593426587,3.7801690791184335,3.7801690791184335,0.0,0.0,0.0,0.0,0.0
2020-01-20,VALIDATION,REGULAR,0.0027397260273972,2020-01-20 22:00:00+00:00,2020-01-21 22:00:00+00:00,24.0,25,1.0,0,0,0,0,0,0.0,0.1116322143794974,-0.1284363172633362,3.1508683272271454,3.1508683272271454,0.0,0.0,0.0,0.0,0.0
2020-01-21,VALIDATION,REGULAR,0.0027397260273972,2020-01-21 22:00:00+00:00,2020-01-22 22:00:00+00:00,24.0,25,1.0,0,0,0,0,0,0.0,-0.0923750343410496,0.0849632507120681,2.913741607479429,2.913741607479429,0.0,0.0,0.0,0.0,0.0
2020-01-22,VALIDATION,REGULAR,0.0027397260273972,2020-01-22 22:00:00+00:00,2020-01-23 22:00:00+00:00,24.0,25,1.0,0,0,0,0,0,0.0,0.0029968159734607,-0.0145540333780758,2.4330066034364557,2.4330066034364557,0.0,0.0,0.0,0.0,0.0
2020-01-23,VALIDATION,REGULAR,0.0027397260273972,2020-01-23 22:00:00+00:00,2020-01-24 22:00:00+00:00,24.0,25,1.0,0,0,0,0,0,0.0,-0.0371492079841289,0.0026617932400938,4.205319956516274,4.205319956516274,0.0,0.0,0.0,0.0,0.0
2020-01-27,VALIDATION,REGULAR,0.0027397260273972,2020-01-27 22:00:00+00:00,2020-01-28 22:00:00+00:00,24.0,25,1.0,0,0,0,0,0,0.0,0.0064876146975052,-0.031544327602063,4.137126052034412,4.137126052034412,0.0,0.0,0.0,0.0,0.0
2020-01-28,VALIDATION,REGULAR,0.0027397260273972,2020-01-28 22:00:00+00:00,2020-01-29 22:00:00+00:00,24.0,25,1.0,0,0,0,0,0,0.0,-0.0036573025074062,-0.0227973412046793,5.0395095087014266,5.0395095087014266,0.0,0.0,0.0,0.0,0.0
2020-01-29,VALIDATION,REGULAR,0.0027397260273972,2020-01-29 22:00:00+00:00,2020-01-30 22:00:00+00:00,24.0,25,1.0,0,0,0,0,0,0.0,-0.021983765563931,-0.0074392902593984,3.091242406372235,3.091242406372235,0.0,0.0,0.0,0.0,0.0
2020-01-30,VALIDATION,REGULAR,0.0027397260273972,2020-01-30 22:00:00+00:00,2020-01-31 22:00:00+00:00,24.0,25,1.0,0,0,0,0,0,0.0,-0.0080900313321876,-0.0851376903917042,3.444265548029521,3.444265548029521,0.0,0.0,0.0,0.0,0.0
2020-02-03,VALIDATION,REGULAR,0.0027397260273972,2020-02-03 22:00:00+00:00,2020-02-04 22:00:00+00:00,24.0,25,1.0,0,0,0,0,0,0.0,-0.050127248794638,0.0401623366185504,2.76119511051789,2.76119511051789,0.0,0.0,0.0,0.0,0.0
2020-02-04,VALIDATION,REGULAR,0.0027397260273972,2020-02-04 22:00:00+00:00,2020-02-05 22:00:00+00:00,24.0,25,1.0,0,0,0,0,0,0.0,0.0678606022334946,-0.0922612244408043,4.462297307403912,4.462297307403912,0.0,0.0,0.0,0.0,0.0
2020-02-05,VALIDATION,REGULAR,0.0027397260273972,2020-02-05 22:00:00+00:00,2020-02-06 22:00:00+00:00,24.0,25,1.0,0,0,1,1,0,0.0,-0.0271958916171257,0.0102044001755388,4.640471486486095,4.640471486486095,0.0,0.0,0.0,0.0,0.0
2020-02-06,VALIDATION,REGULAR,0.0027397260273972,2020-02-06 22:00:00+00:00,2020-02-07 22:00:00+00:00,24.0,25,1.0,0,0,0,0,0,0.0,-0.0159317401528511,-0.0602939993839299,3.7316228925744577,3.7316228925744577,0.0,0.0,0.0,0.0,0.0
2020-02-10,VALIDATION,REGULAR,0.0027397260273972,2020-02-10 22:00:00+00:00,2020-02-11 22:00:00+00:00,24.0,25,1.0,0,0,0,0,0,0.0,-0.0891082854180096,0.0783024662177833,3.5345434510800477,3.5345434510800477,0.0,0.0,0.0,0.0,0.0
2020-02-11,VALIDATION,REGULAR,0.0027397260273972,2020-02-11 22:00:00+00:00,2020-02-12 22:00:00+00:00,24.0,25,1.0,0,0,2,1,0,0.0,-0.0024240025517485,-0.009194847280284,2.8227967335220536,2.8227967335220536,0.0,0.0,0.0,0.0,0.0
2020-02-12,VALIDATION,REGULAR,0.0027397260273972,2020-02-12 22:00:00+00:00,2020-02-13 22:00:00+00:00,24.0,25,1.0,0,0,0,0,0,0.0,0.0449285500372411,-0.0597127852855976,2.399983897421046,2.399983897421046,0.0,0.0,0.0,0.0,0.0
2020-02-13,VALIDATION,REGULAR,0.0027397260273972,2020-02-13 22:00:00+00:00,2020-02-14 22:00:00+00:00,24.0,25,1.0,0,0,0,0,0,0.0,-0.1494710651560922,0.1123749895061081,3.116051107243484,3.116051107243484,0.0,0.0,0.0,0.0,0.0
2020-02-17,VALIDATION,REGULAR,0.0027397260273972,2020-02-17 22:00:00+00:00,2020-02-18 22:00:00+00:00,24.0,25,1.0,0,0,0,0,0,0.0,-0.0053439748992616,-0.0081923648428343,4.481894584303433,4.481894584303433,0.0,0.0,0.0,0.0,0.0
2020-02-18,VALIDATION,REGULAR,0.0027397260273972,2020-02-18 22:00:00+00:00,2020-02-19 22:00:00+00:00,24.0,25,1.0,0,0,0,0,0,0.0,-0.0158955135779592,-0.0112244945232475,2.2335814057968992,2.2335814057968992,0.0,0.0,0.0,0.0,0.0
2020-02-19,VALIDATION,REGULAR,0.0027397260273972,2020-02-19 22:00:00+00:00,2020-02-20 22:00:00+00:00,24.0,25,1.0,0,0,0,0,0,0.0,0.0044320139330125,-0.0815686116486062,2.8481401567888467,2.8481401567888467,0.0,0.0,0.0,0.0,0.0
2020-02-20,VALIDATION,REGULAR,0.0027397260273972,2020-02-20 22:00:00+00:00,2020-02-21 22:00:00+00:00,24.0,25,1.0,0,0,0,0,0,0.0,0.0182869381695383,-0.0429404303490059,3.674682661952361,3.674682661952361,0.0,0.0,0.0,0.0,0.0
2020-02-24,VALIDATION,REGULAR,0.0027397260273972,2020-02-24 22:00:00+00:00,2020-02-25 22:00:00+00:00,24.0,25,1.0,0,0,0,0,0,0.0,0.0424269121804741,-0.0768932199771086,4.088644949353363,4.088644949353363,0.0,0.0,0.0,0.0,0.0
2020-02-25,VALIDATION,REGULAR,0.0027397260273972,2020-02-25 22:00:00+00:00,2020-02-26 22:00:00+00:00,24.0,25,1.0,0,0,0,0,0,0.0,0.1358677729499646,-0.1578473407484892,5.672366422470505,5.672366422470505,0.0,0.0,0.0,0.0,0.0
2020-02-26,VALIDATION,REGULAR,0.0027397260273972,2020-02-26 22:00:00+00:00,2020-02-27 22:00:00+00:00,24.0,25,1.0,0,0,0,0,0,0.0,-0.007045980283479,-0.0336985512024341,2.9466710608469064,2.9466710608469064,0.0,0.0,0.0,0.0,0.0
2020-02-27,VALIDATION,REGULAR,0.0027397260273972,2020-02-27 22:00:00+00:00,2020-02-28 22:00:00+00:00,24.0,25,1.0,0,0,0,0,0,0.0,-0.0334622505282169,-0.0609477700998013,2.2961787656945845,2.2961787656945845,0.0,0.0,0.0,0.0,0.0
2020-03-02,VALIDATION,REGULAR,0.0027397260273972,2020-03-02 22:00:00+00:00,2020-03-03 22:00:00+00:00,24.0,25,1.0,0,0,0,0,0,0.0,-0.0394400047783705,-0.0362076710116383,3.2857754978050195,3.2857754978050195,0.0,0.0,0.0,0.0,0.0
2020-03-03,VALIDATION,REGULAR,0.0027397260273972,2020-03-03 22:00:00+00:00,2020-03-04 22:00:00+00:00,24.0,25,1.0,0,0,0,0,0,0.0,-0.2550119973946039,0.2174620652632484,3.7541576605988594,3.7541576605988594,0.0,0.0,0.0,0.0,0.0
2020-03-04,VALIDATION,REGULAR,0.0027397260273972,2020-03-04 22:00:00+00:00,2020-03-05 22:00:00+00:00,24.0,25,1.0,0,0,0,0,0,0.0,0.0200593399772941,-0.0447914985990252,2.9104944983596504,2.9104944983596504,0.0,0.0,0.0,0.0,0.0
2020-03-05,VALIDATION,REGULAR,0.0027397260273972,2020-03-05 22:00:00+00:00,2020-03-06 22:00:00+00:00,24.0,25,1.0,0,0,1,1,0,0.0,-0.0019048168635009,-0.1161356917439491,2.801635901250477,2.801635901250477,0.0,0.0,0.0,0.0,0.0
2020-03-09,VALIDATION,REGULAR,0.0027397260273972,2020-03-09 21:00:00+00:00,2020-03-10 21:00:00+00:00,24.0,25,1.0,0,0,0,0,0,0.0,0.026694722654625,-0.0890332271783478,2.767075007366424,2.767075007366424,0.0,0.0,0.0,0.0,0.0
2020-03-10,VALIDATION,REGULAR,0.0027397260273972,2020-03-10 21:00:00+00:00,2020-03-11 21:00:00+00:00,24.0,25,1.0,0,0,0,0,0,0.0,-0.3534541530528514,0.2643340926733657,3.334640476359635,3.334640476359635,0.0,0.0,0.0,0.0,0.0
2020-03-11,VALIDATION,REGULAR,0.0027397260273972,2020-03-11 21:00:00+00:00,2020-03-12 21:00:00+00:00,24.0,25,1.0,0,0,0,0,0,0.0,0.1503979586111796,-0.2077418715965251,4.513474675290996,4.513474675290996,0.0,0.0,0.0,0.0,0.0
2020-03-12,VALIDATION,REGULAR,0.0027397260273972,2020-03-12 21:00:00+00:00,2020-03-13 21:00:00+00:00,24.0,25,1.0,0,0,0,0,0,0.0,-0.243661449947524,0.0924302274612642,2.312555527193304,2.312555527193304,0.0,0.0,0.0,0.0,0.0
2020-03-16,VALIDATION,REGULAR,0.0027397260273972,2020-03-16 21:00:00+00:00,2020-03-17 21:00:00+00:00,24.0,25,1.0,0,0,0,0,0,0.0,-0.3086606064326673,0.2878579071561518,3.066230363710633,3.066230363710633,0.0,0.0,0.0,0.0,0.0
2020-03-17,VALIDATION,REGULAR,0.0027397260273972,2020-03-17 21:00:00+00:00,2020-03-18 21:00:00+00:00,24.0,25,1.0,0,0,0,0,0,0.0,-0.4468859362002746,0.3384858643914867,4.008326687322959,4.008326687322959,0.0,0.0,0.0,0.0,0.0
2020-03-18,VALIDATION,REGULAR,0.0027397260273972,2020-03-18 21:00:00+00:00,2020-03-19 21:00:00+00:00,24.0,25,1.0,0,0,0,0,0,0.0,-0.0108797229683688,-0.0475403973764798,2.959301715467107,2.959301715467107,0.0,0.0,0.0,0.0,0.0
2020-03-19,VALIDATION,REGULAR,0.0027397260273972,2020-03-19 21:00:00+00:00,2020-03-20 21:00:00+00:00,24.0,25,1.0,0,0,0,0,0,0.0,-0.1462769003533282,-0.0771592745871174,5.177674708140405,5.177674708140405,0.0,0.0,0.0,0.0,0.0
2020-03-23,VALIDATION,REGULAR,0.0027397260273972,2020-03-23 21:00:00+00:00,2020-03-24 21:00:00+00:00,24.0,25,1.0,0,0,0,0,0,0.0,-0.5228835840271984,0.4761454343527163,3.336221135488951,3.336221135488951,0.0,0.0,0.0,0.0,0.0
2020-03-24,VALIDATION,REGULAR,0.0027397260273972,2020-03-24 21:00:00+00:00,2020-03-25 21:00:00+00:00,24.0,25,1.0,0,0,0,0,0,0.0,-0.4540643554588897,0.4211489648224642,4.151134736456739,4.151134736456739,0.0,0.0,0.0,0.0,0.0
2020-03-25,VALIDATION,REGULAR,0.0027397260273972,2020-03-25 21:00:00+00:00,2020-03-26 21:00:00+00:00,24.0,25,1.0,0,0,0,0,0,0.0,-0.1180126615475529,0.0133731067851243,2.1366177677653413,2.1366177677653413,0.0,0.0,0.0,0.0,0.0
2020-03-26,VALIDATION,REGULAR,0.0027397260273972,2020-03-26 21:00:00+00:00,2020-03-27 21:00:00+00:00,24.0,25,1.0,0,0,0,0,0,0.0,-0.1025462088480679,-0.0264697507575988,2.615408401690088,2.615408401690088,0.0,0.0,0.0,0.0,0.0
2020-03-30,VALIDATION,REGULAR,0.0027397260273972,2020-03-30 21:00:00+00:00,2020-03-31 21:00:00+00:00,24.0,25,1.0,0,0,0,0,0,0.0,-0.2383967827674524,0.1077560879445655,4.294007435909016,4.294007435909016,0.0,0.0,0.0,0.0,0.0
2020-03-31,VALIDATION,REGULAR,0.0027397260273972,2020-03-31 21:00:00+00:00,2020-04-01 21:00:00+00:00,24.0,25,1.0,0,0,0,0,0,0.0,-0.2029163464001868,0.1601583121808829,4.226082124767279,4.226082124767279,0.0,0.0,0.0,0.0,0.0
2020-04-01,VALIDATION,REGULAR,0.0027397260273972,2020-04-01 21:00:00+00:00,2020-04-02 21:00:00+00:00,24.0,25,1.0,0,0,0,0,0,0.0,-0.0558270842912804,-0.0131451686845736,3.210547671472481,3.210547671472481,0.0,0.0,0.0,0.0,0.0
2020-04-02,VALIDATION,REGULAR,0.0027397260273972,2020-04-02 21:00:00+00:00,2020-04-03 21:00:00+00:00,24.0,25,1.0,0,0,0,0,0,0.0,-0.2649799510779616,0.1768197606401429,2.8293861585009394,2.8293861585009394,0.0,0.0,0.0,0.0,0.0
2020-04-06,VALIDATION,REGULAR,0.0027397260273972,2020-04-06 21:00:00+00:00,2020-04-07 21:00:00+00:00,24.0,25,1.0,0,0,0,0,0,0.0,-0.1746055217819275,0.1323487898929727,3.060403757435388,3.060403757435388,0.0,0.0,0.0,0.0,0.0
2020-04-07,VALIDATION,REGULAR,0.0027397260273972,2020-04-07 21:00:00+00:00,2020-04-08 21:00:00+00:00,24.0,25,1.0,0,0,0,0,0,0.0,-0.2314624104823082,0.1919342674301134,4.0830126000681535,4.0830126000681535,0.0,0.0,0.0,0.0,0.0
2020-04-08,VALIDATION,REGULAR,0.0027397260273972,2020-04-08 21:00:00+00:00,2020-04-09 21:00:00+00:00,24.0,25,1.0,0,0,0,0,0,0.0,-0.1989451429568873,0.0524501232437728,3.307552729989605,3.307552729989605,0.0,0.0,0.0,0.0,0.0
2020-04-09,VALIDATION,REGULAR,0.0027397260273972,2020-04-09 21:00:00+00:00,2020-04-10 21:00:00+00:00,24.0,25,1.0,0,0,0,0,0,0.0,-0.3474360696806755,0.2124800122742058,2.4518503057236,2.4518503057236,0.0,0.0,0.0,0.0,0.0
2020-04-13,VALIDATION,REGULAR,0.0027397260273972,2020-04-13 21:00:00+00:00,2020-04-14 21:00:00+00:00,24.0,25,1.0,0,0,0,0,0,0.0,-0.1501622003663243,0.1222014054349784,2.514228296794385,2.514228296794385,0.0,0.0,0.0,0.0,0.0
2020-04-14,VALIDATION,REGULAR,0.0027397260273972,2020-04-14 21:00:00+00:00,2020-04-15 21:00:00+00:00,24.0,25,1.0,0,0,0,0,0,0.0,-0.0049520761443773,-0.0310217722910834,4.188736375809016,4.188736375809016,0.0,0.0,0.0,0.0,0.0
2020-04-15,VALIDATION,REGULAR,0.0027397260273972,2020-04-15 21:00:00+00:00,2020-04-16 21:00:00+00:00,24.0,25,1.0,0,0,0,0,0,0.0,-0.0262502206916792,-0.0120562915483617,4.188202258294907,4.188202258294907,0.0,0.0,0.0,0.0,0.0
2020-04-16,VALIDATION,REGULAR,0.0027397260273972,2020-04-16 21:00:00+00:00,2020-04-17 21:00:00+00:00,24.0,25,1.0,0,0,0,0,0,0.0,-0.0526269470883278,-0.0617962436230357,3.713303355507252,3.713303355507252,0.0,0.0,0.0,0.0,0.0
2020-04-20,VALIDATION,REGULAR,0.0027397260273972,2020-04-20 21:00:00+00:00,2020-04-21 21:00:00+00:00,24.0,25,1.0,0,0,0,0,0,0.0,-0.0930570916485749,0.0637175446762654,4.163780583274784,4.163780583274784,0.0,0.0,0.0,0.0,0.0
2020-04-21,VALIDATION,REGULAR,0.0027397260273972,2020-04-21 21:00:00+00:00,2020-04-22 21:00:00+00:00,24.0,25,1.0,0,0,0,0,0,0.0,-0.2157494334987433,0.1980174386291935,3.632715658184624,3.632715658184624,0.0,0.0,0.0,0.0,0.0
2020-04-22,VALIDATION,REGULAR,0.0027397260273972,2020-04-22 21:00:00+00:00,2020-04-23 21:00:00+00:00,24.0,25,1.0,0,0,0,0,0,0.0,0.1518889077858887,-0.2183053195072659,5.413976283063432,5.413976283063432,0.0,0.0,0.0,0.0,0.0
2020-04-23,VALIDATION,REGULAR,0.0027397260273972,2020-04-23 21:00:00+00:00,2020-04-24 21:00:00+00:00,24.0,25,1.0,0,0,0,0,0,0.0,-0.1919493018240956,0.1324655078760912,3.307913282123802,3.307913282123802,0.0,0.0,0.0,0.0,0.0
2020-04-27,VALIDATION,REGULAR,0.0027397260273972,2020-04-27 21:00:00+00:00,2020-04-28 21:00:00+00:00,24.0,25,1.0,0,0,0,0,0,0.0,0.0051955867985071,-0.0286908083578509,2.57803432143647,2.57803432143647,0.0,0.0,0.0,0.0,0.0
2020-04-28,VALIDATION,REGULAR,0.0027397260273972,2020-04-28 21:00:00+00:00,2020-04-29 21:00:00+00:00,24.0,25,1.0,0,0,0,0,0,0.0,-0.0618661116188974,-0.0392557870420375,3.091741765058165,3.091741765058165,0.0,0.0,0.0,0.0,0.0
2020-04-29,VALIDATION,REGULAR,0.0027397260273972,2020-04-29 21:00:00+00:00,2020-04-30 21:00:00+00:00,24.0,25,1.0,0,0,0,0,0,0.0,0.1382110022652654,-0.1752129616098159,4.880194446746101,4.880194446746101,0.0,0.0,0.0,0.0,0.0
2020-04-30,VALIDATION,REGULAR,0.0027397260273972,2020-04-30 21:00:00+00:00,2020-05-01 21:00:00+00:00,24.0,25,1.0,0,0,0,0,0,0.0,-0.0227873771132607,-0.0636355906056138,3.3126700102434103,3.3126700102434103,0.0,0.0,0.0,0.0,0.0
2020-05-04,VALIDATION,REGULAR,0.0027397260273972,2020-05-04 21:00:00+00:00,2020-05-05 21:00:00+00:00,24.0,25,1.0,0,0,0,0,0,0.0,-0.1572463770631316,0.017650888502203,3.645233511441417,3.645233511441417,0.0,0.0,0.0,0.0,0.0
2020-05-05,VALIDATION,REGULAR,0.0027397260273972,2020-05-05 21:00:00+00:00,2020-05-06 21:00:00+00:00,24.0,25,1.0,0,0,0,0,0,0.0,-0.037425629766659,-0.0087294639855457,2.698516400806505,2.698516400806505,0.0,0.0,0.0,0.0,0.0
2020-05-06,VALIDATION,REGULAR,0.0027397260273972,2020-05-06 21:00:00+00:00,2020-05-07 21:00:00+00:00,24.0,25,1.0,0,0,0,0,0,0.0,-0.0294124510059248,0.0098433859956799,3.69502462970422,3.69502462970422,0.0,0.0,0.0,0.0,0.0
2020-05-07,VALIDATION,REGULAR,0.0027397260273972,2020-05-07 21:00:00+00:00,2020-05-08 21:00:00+00:00,24.0,25,1.0,0,0,0,0,0,0.0,-0.0908587259723674,-0.0348780171527636,3.172239352040245,3.172239352040245,0.0,0.0,0.0,0.0,0.0
2020-05-11,VALIDATION,REGULAR,0.0027397260273972,2020-05-11 21:00:00+00:00,2020-05-12 21:00:00+00:00,24.0,25,1.0,0,0,0,0,0,0.0,-0.025096778690937,0.0031716808475579,3.166645920956599,3.166645920956599,0.0,0.0,0.0,0.0,0.0
2020-05-12,VALIDATION,REGULAR,0.0027397260273972,2020-05-12 21:00:00+00:00,2020-05-13 21:00:00+00:00,24.0,25,1.0,0,0,0,0,0,0.0,-0.0119658845881929,-0.0144532147791665,4.646311222659906,4.646311222659906,0.0,0.0,0.0,0.0,0.0
2020-05-13,VALIDATION,REGULAR,0.0027397260273972,2020-05-13 21:00:00+00:00,2020-05-14 21:00:00+00:00,24.0,25,1.0,0,0,0,0,0,0.0,0.024330407996203,-0.0562450536604046,4.994378694455861,4.994378694455861,0.0,0.0,0.0,0.0,0.0
2020-05-14,VALIDATION,REGULAR,0.0027397260273972,2020-05-14 21:00:00+00:00,2020-05-15 21:00:00+00:00,24.0,25,1.0,0,0,0,0,0,0.0,0.074623863003147,-0.0967523375821031,3.990984333484061,3.990984333484061,0.0,0.0,0.0,0.0,0.0
2020-05-18,VALIDATION,REGULAR,0.0027397260273972,2020-05-18 21:00:00+00:00,2020-05-19 21:00:00+00:00,24.0,25,1.0,0,0,0,0,0,0.0,0.0224940328321423,-0.054661233361088,3.820065900817936,3.820065900817936,0.0,0.0,0.0,0.0,0.0
2020-05-19,VALIDATION,REGULAR,0.0027397260273972,2020-05-19 21:00:00+00:00,2020-05-20 21:00:00+00:00,24.0,25,1.0,0,0,0,0,0,0.0,-0.0181709844999176,-0.0145300103334733,4.064514228628479,4.064514228628479,0.0,0.0,0.0,0.0,0.0
2020-05-20,VALIDATION,REGULAR,0.0027397260273972,2020-05-20 21:00:00+00:00,2020-05-21 21:00:00+00:00,24.0,25,1.0,0,0,0,0,0,0.0,-0.0822748188794193,0.0712111623145688,2.929950113840485,2.929950113840485,0.0,0.0,0.0,0.0,0.0
2020-05-21,VALIDATION,REGULAR,0.0027397260273972,2020-05-21 21:00:00+00:00,2020-05-22 21:00:00+00:00,24.0,25,1.0,0,0,0,0,0,0.0,-0.054049038703174,0.0390231464542569,4.316693620621805,4.316693620621805,0.0,0.0,0.0,0.0,0.0
2020-05-25,VALIDATION,REGULAR,0.0027397260273972,2020-05-25 21:00:00+00:00,2020-05-26 21:00:00+00:00,24.0,25,1.0,0,0,0,0,0,0.0,0.0555313645277095,-0.0735474384866563,4.986910622477617,4.986910622477617,0.0,0.0,0.0,0.0,0.0
2020-05-26,VALIDATION,REGULAR,0.0027397260273972,2020-05-26 21:00:00+00:00,2020-05-27 21:00:00+00:00,24.0,25,1.0,0,0,0,0,0,0.0,-0.0297757434678658,0.0094177459970552,3.5324130108391465,3.5324130108391465,0.0,0.0,0.0,0.0,0.0
2020-05-27,VALIDATION,REGULAR,0.0027397260273972,2020-05-27 21:00:00+00:00,2020-05-28 21:00:00+00:00,24.0,25,1.0,0,0,0,0,0,0.0,-0.0373578808439134,0.0097638981141301,4.9237763623692565,4.9237763623692565,0.0,0.0,0.0,0.0,0.0
2020-05-28,VALIDATION,REGULAR,0.0027397260273972,2020-05-28 21:00:00+00:00,2020-05-29 21:00:00+00:00,24.0,25,1.0,0,0,0,0,0,0.0,0.0861944379445986,-0.2316381673350207,4.444589154034072,4.444589154034072,0.0,0.0,0.0,0.0,0.0
2020-06-01,VALIDATION,REGULAR,0.0027397260273972,2020-06-01 21:00:00+00:00,2020-06-02 21:00:00+00:00,24.0,25,1.0,0,0,0,0,0,0.0,0.025420545294196,-0.0531867242716401,3.125119439929747,3.125119439929747,0.0,0.0,0.0,0.0,0.0
2020-06-02,VALIDATION,REGULAR,0.0027397260273972,2020-06-02 21:00:00+00:00,2020-06-03 21:00:00+00:00,24.0,25,1.0,0,0,0,0,0,0.0,0.1127132352137465,-0.1360709765410916,5.75004807801839,5.75004807801839,0.0,0.0,0.0,0.0,0.0
2020-06-03,VALIDATION,REGULAR,0.0027397260273972,2020-06-03 21:00:00+00:00,2020-06-04 21:00:00+00:00,24.0,25,1.0,0,0,0,0,0,0.0,0.1278612085557569,-0.1506342947576229,5.454502210206531,5.454502210206531,0.0,0.0,0.0,0.0,0.0
2020-06-04,VALIDATION,REGULAR,0.0027397260273972,2020-06-04 21:00:00+00:00,2020-06-05 21:00:00+00:00,24.0,25,1.0,0,0,0,0,0,0.0,0.088470497485332,-0.1136086896936774,3.5455606689379744,3.5455606689379744,0.0,0.0,0.0,0.0,0.0
2020-06-08,VALIDATION,REGULAR,0.0027397260273972,2020-06-08 21:00:00+00:00,2020-06-09 21:00:00+00:00,24.0,25,1.0,0,0,0,0,0,0.0,0.1583059495092413,-0.1798135297970446,3.3123662269121894,3.3123662269121894,0.0,0.0,0.0,0.0,0.0
2020-06-09,VALIDATION,REGULAR,0.0027397260273972,2020-06-09 21:00:00+00:00,2020-06-10 21:00:00+00:00,24.0,25,1.0,0,0,1,0,0,0.0,-0.062463062654686,0.0450175347743169,2.499056903974111,2.499056903974111,0.0,0.0,0.0,0.0,0.0
2020-06-10,VALIDATION,REGULAR,0.0027397260273972,2020-06-10 21:00:00+00:00,2020-06-11 21:00:00+00:00,24.0,25,1.0,0,0,0,0,0,0.0,-0.0047787859344765,-0.0122879895049976,4.088828240793829,4.088828240793829,0.0,0.0,0.0,0.0,0.0
2020-06-11,VALIDATION,REGULAR,0.0027397260273972,2020-06-11 21:00:00+00:00,2020-06-12 21:00:00+00:00,24.0,25,1.0,0,0,0,0,0,0.0,0.009192530169912,-0.0425553997720555,3.119283151827097,3.119283151827097,0.0,0.0,0.0,0.0,0.0
2020-06-15,VALIDATION,REGULAR,0.0027397260273972,2020-06-15 21:00:00+00:00,2020-06-16 21:00:00+00:00,24.0,25,1.0,0,0,0,0,0,0.0,-0.083928390879997,0.0664647756603642,4.391003286656899,4.391003286656899,0.0,0.0,0.0,0.0,0.0
2020-06-16,VALIDATION,REGULAR,0.0027397260273972,2020-06-16 21:00:00+00:00,2020-06-17 21:00:00+00:00,24.0,25,1.0,0,0,0,0,0,0.0,-0.0604540694896513,0.0461702868096978,4.422861473250433,4.422861473250433,0.0,0.0,0.0,0.0,0.0
2020-06-17,VALIDATION,REGULAR,0.0027397260273972,2020-06-17 21:00:00+00:00,2020-06-18 21:00:00+00:00,24.0,25,1.0,0,0,0,0,0,0.0,-0.0290037419261217,0.014835015108888,4.107840538508521,4.107840538508521,0.0,0.0,0.0,0.0,0.0
2020-06-18,VALIDATION,REGULAR,0.0027397260273972,2020-06-18 21:00:00+00:00,2020-06-19 21:00:00+00:00,24.0,25,1.0,0,0,0,0,0,0.0,-0.1090792151145336,0.0664405894717958,4.158849904896169,4.158849904896169,0.0,0.0,0.0,0.0,0.0
2020-06-22,VALIDATION,REGULAR,0.0027397260273972,2020-06-22 21:00:00+00:00,2020-06-23 21:00:00+00:00,24.0,25,1.0,0,0,0,0,0,0.0,0.3257379545048735,-0.34704486248296,4.253795116735451,4.253795116735451,0.0,0.0,0.0,0.0,0.0
2020-06-23,VALIDATION,REGULAR,0.0027397260273972,2020-06-23 21:00:00+00:00,2020-06-24 21:00:00+00:00,24.0,25,1.0,0,0,0,0,0,0.0,-0.0274350767761859,0.0095770246534954,3.4371686867291515,3.4371686867291515,0.0,0.0,0.0,0.0,0.0
2020-06-24,VALIDATION,REGULAR,0.0027397260273972,2020-06-24 21:00:00+00:00,2020-06-25 21:00:00+00:00,24.0,25,1.0,0,0,0,0,0,0.0,-0.0767466137746595,0.0564186561421848,3.61108475664952,3.61108475664952,0.0,0.0,0.0,0.0,0.0
2020-06-25,VALIDATION,REGULAR,0.0027397260273972,2020-06-25 21:00:00+00:00,2020-06-26 21:00:00+00:00,24.0,25,1.0,0,0,1,0,0,0.0,0.0630093755286775,-0.081114189551906,4.721352987588468,4.721352987588468,0.0,0.0,0.0,0.0,0.0
2020-06-29,VALIDATION,REGULAR,0.0027397260273972,2020-06-29 21:00:00+00:00,2020-06-30 21:00:00+00:00,24.0,25,1.0,0,0,0,0,0,0.0,0.0195623179531168,-0.0347511800278681,3.811810242519874,3.811810242519874,0.0,0.0,0.0,0.0,0.0
2020-06-30,VALIDATION,REGULAR,0.0027397260273972,2020-06-30 21:00:00+00:00,2020-07-01 21:00:00+00:00,24.0,25,1.0,0,0,0,0,0,0.0,0.1072082146151842,-0.1267075977824561,3.288329947587456,3.288329947587456,0.0,0.0,0.0,0.0,0.0
2020-07-01,VALIDATION,REGULAR,0.0027397260273972,2020-07-01 21:00:00+00:00,2020-07-02 21:00:00+00:00,24.0,25,1.0,0,0,0,0,0,0.0,-0.0426715540670414,0.0275396257023174,4.790526721442893,4.790526721442893,0.0,0.0,0.0,0.0,0.0
2020-07-02,VALIDATION,REGULAR,0.0027397260273972,2020-07-02 21:00:00+00:00,2020-07-03 21:00:00+00:00,24.0,25,1.0,0,0,1,0,0,0.0,-0.1668037578596255,0.1528299975730611,2.0788616799481465,2.0788616799481465,0.0,0.0,0.0,0.0,0.0
2020-07-06,VALIDATION,REGULAR,0.0027397260273972,2020-07-06 21:00:00+00:00,2020-07-07 21:00:00+00:00,24.0,25,1.0,0,0,0,0,0,0.0,0.0102666770759469,-0.0252162511032878,3.112764025432086,3.112764025432086,0.0,0.0,0.0,0.0,0.0
2020-07-07,VALIDATION,REGULAR,0.0027397260273972,2020-07-07 21:00:00+00:00,2020-07-08 21:00:00+00:00,24.0,25,1.0,0,0,0,0,0,0.0,0.017263681816459,-0.0382792987903144,4.627452614014476,4.627452614014476,0.0,0.0,0.0,0.0,0.0
2020-07-08,VALIDATION,REGULAR,0.0027397260273972,2020-07-08 21:00:00+00:00,2020-07-09 21:00:00+00:00,24.0,25,1.0,0,0,0,0,0,0.0,-0.0065760226994058,-0.0212540592538914,5.628088876737507,5.628088876737507,0.0,0.0,0.0,0.0,0.0
2020-07-09,VALIDATION,REGULAR,0.0027397260273972,2020-07-09 21:00:00+00:00,2020-07-10 21:00:00+00:00,24.0,25,1.0,0,0,0,0,0,0.0,0.014126713838209,-0.0393549261771823,2.637781308336076,2.637781308336076,0.0,0.0,0.0,0.0,0.0
2020-07-13,VALIDATION,REGULAR,0.0027397260273972,2020-07-13 21:00:00+00:00,2020-07-14 21:00:00+00:00,24.0,25,1.0,0,0,0,0,0,0.0,-0.0620546206131571,0.0486572617263121,3.95816663687272,3.95816663687272,0.0,0.0,0.0,0.0,0.0
2020-07-14,VALIDATION,REGULAR,0.0027397260273972,2020-07-14 21:00:00+00:00,2020-07-15 21:00:00+00:00,24.0,25,1.0,0,0,0,0,0,0.0,-0.0081372797316561,-0.0089732033078462,2.8498488584556108,2.8498488584556108,0.0,0.0,0.0,0.0,0.0
2020-07-15,VALIDATION,REGULAR,0.0027397260273972,2020-07-15 21:00:00+00:00,2020-07-16 21:00:00+00:00,24.0,25,1.0,0,0,0,0,0,0.0,-0.0199635563874096,-0.0042251203372387,3.4347454460687645,3.4347454460687645,0.0,0.0,0.0,0.0,0.0
2020-07-16,VALIDATION,REGULAR,0.0027397260273972,2020-07-16 21:00:00+00:00,2020-07-17 21:00:00+00:00,24.0,25,1.0,0,0,0,0,0,0.0,-0.0369421308510453,0.0075892645494235,3.833060112970193,3.833060112970193,0.0,0.0,0.0,0.0,0.0
2020-07-20,VALIDATION,REGULAR,0.0027397260273972,2020-07-20 21:00:00+00:00,2020-07-21 21:00:00+00:00,24.0,25,1.0,0,0,0,0,0,0.0,0.0305852730773352,-0.0456481374788353,3.764224682356149,3.764224682356149,0.0,0.0,0.0,0.0,0.0
2020-07-21,VALIDATION,REGULAR,0.0027397260273972,2020-07-21 21:00:00+00:00,2020-07-22 21:00:00+00:00,24.0,25,1.0,0,0,0,0,0,0.0,-0.0023085261365594,-0.0103838496303296,3.214378204857284,3.214378204857284,0.0,0.0,0.0,0.0,0.0
2020-07-22,VALIDATION,REGULAR,0.0027397260273972,2020-07-22 21:00:00+00:00,2020-07-23 21:00:00+00:00,24.0,25,1.0,0,0,0,0,0,0.0,-0.0220652534939773,0.0029665459800156,3.542493913518632,3.542493913518632,0.0,0.0,0.0,0.0,0.0
2020-07-23,VALIDATION,REGULAR,0.0027397260273972,2020-07-23 21:00:00+00:00,2020-07-24 21:00:00+00:00,24.0,25,1.0,0,0,0,0,0,0.0,0.1077976545172703,-0.1279753360650204,2.1860712027809037,2.1860712027809037,0.0,0.0,0.0,0.0,0.0
2020-07-27,VALIDATION,REGULAR,0.0027397260273972,2020-07-27 21:00:00+00:00,2020-07-28 21:00:00+00:00,24.0,25,1.0,0,0,0,0,0,0.0,-0.0028353590849263,-0.024053830730196,4.171481359912635,4.171481359912635,0.0,0.0,0.0,0.0,0.0
2020-07-28,VALIDATION,REGULAR,0.0027397260273972,2020-07-28 21:00:00+00:00,2020-07-29 21:00:00+00:00,24.0,25,1.0,0,0,0,0,0,0.0,-0.2022252453422268,0.1856269421327354,3.4236123691597755,3.4236123691597755,0.0,0.0,0.0,0.0,0.0
2020-07-29,VALIDATION,REGULAR,0.0027397260273972,2020-07-29 21:00:00+00:00,2020-07-30 21:00:00+00:00,24.0,25,1.0,0,0,0,0,0,0.0,-0.1215120669551765,0.0988701778060772,4.612476728690411,4.612476728690411,0.0,0.0,0.0,0.0,0.0
2020-07-30,VALIDATION,REGULAR,0.0027397260273972,2020-07-30 21:00:00+00:00,2020-07-31 21:00:00+00:00,24.0,25,1.0,0,0,0,0,0,0.0,0.188253091247347,-0.294839958438331,4.241198999597456,4.241198999597456,0.0,0.0,0.0,0.0,0.0
2020-08-03,VALIDATION,REGULAR,0.0027397260273972,2020-08-03 21:00:00+00:00,2020-08-04 21:00:00+00:00,24.0,25,1.0,0,0,0,0,0,0.0,-0.0951833668295307,0.0710513839756288,4.46925016848429,4.46925016848429,0.0,0.0,0.0,0.0,0.0
2020-08-04,VALIDATION,REGULAR,0.0027397260273972,2020-08-04 21:00:00+00:00,2020-08-05 21:00:00+00:00,24.0,25,1.0,0,0,0,0,0,0.0,-0.0288015309538991,0.010820486707388,4.252255092601099,4.252255092601099,0.0,0.0,0.0,0.0,0.0
2020-08-05,VALIDATION,REGULAR,0.0027397260273972,2020-08-05 21:00:00+00:00,2020-08-06 21:00:00+00:00,24.0,25,1.0,0,0,0,0,0,0.0,-0.1463433468884076,0.1329447011849964,4.154558299840856,4.154558299840856,0.0,0.0,0.0,0.0,0.0
2020-08-06,VALIDATION,REGULAR,0.0027397260273972,2020-08-06 21:00:00+00:00,2020-08-07 21:00:00+00:00,24.0,25,1.0,0,0,2,0,0,0.0,-0.1524712037360132,0.1220940470776525,2.6582743341829533,2.6582743341829533,0.0,0.0,0.0,0.0,0.0
2020-08-10,VALIDATION,REGULAR,0.0027397260273972,2020-08-10 21:00:00+00:00,2020-08-11 21:00:00+00:00,24.0,25,1.0,0,0,0,0,0,0.0,0.2205941805489857,-0.2329889346148377,4.3083052179269306,4.3083052179269306,0.0,0.0,0.0,0.0,0.0
2020-08-11,VALIDATION,REGULAR,0.0027397260273972,2020-08-11 21:00:00+00:00,2020-08-12 21:00:00+00:00,24.0,25,1.0,0,0,0,0,0,0.0,-0.0406320611381261,0.0157197901343835,2.616590871013837,2.616590871013837,0.0,0.0,0.0,0.0,0.0
2020-08-12,VALIDATION,REGULAR,0.0027397260273972,2020-08-12 21:00:00+00:00,2020-08-13 21:00:00+00:00,24.0,25,1.0,0,0,0,0,0,0.0,-0.1050829813095415,0.0914870103431528,4.008255003107606,4.008255003107606,0.0,0.0,0.0,0.0,0.0
2020-08-13,VALIDATION,REGULAR,0.0027397260273972,2020-08-13 21:00:00+00:00,2020-08-14 21:00:00+00:00,24.0,25,1.0,0,0,0,0,0,0.0,-0.0672420207256863,0.0320393954814619,2.3372013140211494,2.3372013140211494,0.0,0.0,0.0,0.0,0.0
2020-08-17,VALIDATION,REGULAR,0.0027397260273972,2020-08-17 21:00:00+00:00,2020-08-18 21:00:00+00:00,24.0,25,1.0,0,0,0,0,0,0.0,0.0286040467824051,-0.0458156729000478,2.222400877702535,2.222400877702535,0.0,0.0,0.0,0.0,0.0
2020-08-18,VALIDATION,REGULAR,0.0027397260273972,2020-08-18 21:00:00+00:00,2020-08-19 21:00:00+00:00,24.0,25,1.0,0,0,0,0,0,0.0,0.0791951797666854,-0.1094463582756759,4.856397144256494,4.856397144256494,0.0,0.0,0.0,0.0,0.0
2020-08-19,VALIDATION,REGULAR,0.0027397260273972,2020-08-19 21:00:00+00:00,2020-08-20 21:00:00+00:00,24.0,25,1.0,0,0,0,0,0,0.0,-0.0573550068389181,0.0345249514678585,3.365419945019091,3.365419945019091,0.0,0.0,0.0,0.0,0.0
2020-08-20,VALIDATION,REGULAR,0.0027397260273972,2020-08-20 21:00:00+00:00,2020-08-21 21:00:00+00:00,24.0,25,1.0,0,0,0,0,0,0.0,-0.0655165480628348,0.0461260149782383,3.4051304425370987,3.4051304425370987,0.0,0.0,0.0,0.0,0.0
2020-08-24,VALIDATION,REGULAR,0.0027397260273972,2020-08-24 21:00:00+00:00,2020-08-25 21:00:00+00:00,24.0,25,1.0,0,0,0,0,0,0.0,-0.0028164267882004,-0.0164099895287819,2.587204742280486,2.587204742280486,0.0,0.0,0.0,0.0,0.0
2020-08-25,VALIDATION,REGULAR,0.0027397260273972,2020-08-25 21:00:00+00:00,2020-08-26 21:00:00+00:00,24.0,25,1.0,0,0,0,0,0,0.0,-0.0535726752310523,0.0361337683206528,3.780636263405441,3.780636263405441,0.0,0.0,0.0,0.0,0.0
2020-08-26,VALIDATION,REGULAR,0.0027397260273972,2020-08-26 21:00:00+00:00,2020-08-27 21:00:00+00:00,24.0,25,1.0,0,0,0,0,0,0.0,-0.0562723981451256,0.0412796827014716,3.2038018626365417,3.2038018626365417,0.0,0.0,0.0,0.0,0.0
2020-08-27,VALIDATION,REGULAR,0.0027397260273972,2020-08-27 21:00:00+00:00,2020-08-28 21:00:00+00:00,24.0,25,1.0,0,0,0,0,0,0.0,0.1935501872719243,-0.2471988293451232,3.3296100163520297,3.3296100163520297,0.0,0.0,0.0,0.0,0.0
2020-08-31,VALIDATION,REGULAR,0.0027397260273972,2020-08-31 21:00:00+00:00,2020-09-01 21:00:00+00:00,24.0,25,1.0,0,0,0,0,0,0.0,-0.1399684788843416,0.1238805516827312,3.7057563591361777,3.7057563591361777,0.0,0.0,0.0,0.0,0.0
2020-09-01,VALIDATION,REGULAR,0.0027397260273972,2020-09-01 21:00:00+00:00,2020-09-02 21:00:00+00:00,24.0,25,1.0,0,0,0,0,0,0.0,-0.0357458578380516,0.0163023370110835,3.461487832920847,3.461487832920847,0.0,0.0,0.0,0.0,0.0
2020-09-02,VALIDATION,REGULAR,0.0027397260273972,2020-09-02 21:00:00+00:00,2020-09-03 21:00:00+00:00,24.0,25,1.0,0,0,0,0,0,0.0,-0.0804421697316399,0.0629019590751553,3.779422630359778,3.779422630359778,0.0,0.0,0.0,0.0,0.0
2020-09-03,VALIDATION,REGULAR,0.0027397260273972,2020-09-03 21:00:00+00:00,2020-09-04 21:00:00+00:00,24.0,25,1.0,0,0,0,0,0,0.0,-0.1157284053358864,0.0946096963364411,3.612714958389498,3.612714958389498,0.0,0.0,0.0,0.0,0.0
2020-09-07,VALIDATION,REGULAR,0.0027397260273972,2020-09-07 21:00:00+00:00,2020-09-08 21:00:00+00:00,24.0,25,1.0,0,0,0,0,0,0.0,0.0679806929762776,-0.0945397348356351,3.611721044706506,3.611721044706506,0.0,0.0,0.0,0.0,0.0
2020-09-08,VALIDATION,REGULAR,0.0027397260273972,2020-09-08 21:00:00+00:00,2020-09-09 21:00:00+00:00,24.0,25,1.0,0,0,0,0,0,0.0,-0.054211578550479,0.033042398368579,3.7291835398871376,3.7291835398871376,0.0,0.0,0.0,0.0,0.0
2020-09-09,VALIDATION,REGULAR,0.0027397260273972,2020-09-09 21:00:00+00:00,2020-09-10 21:00:00+00:00,24.0,25,1.0,0,0,0,0,0,0.0,-0.1497184073897699,0.1378542226167667,3.662509773224568,3.662509773224568,0.0,0.0,0.0,0.0,0.0
2020-09-10,VALIDATION,REGULAR,0.0027397260273972,2020-09-10 21:00:00+00:00,2020-09-11 21:00:00+00:00,24.0,25,1.0,0,0,0,0,0,0.0,-0.105861188462093,0.0786295195429573,3.429200196290002,3.429200196290002,0.0,0.0,0.0,0.0,0.0
2020-09-14,VALIDATION,REGULAR,0.0027397260273972,2020-09-14 21:00:00+00:00,2020-09-15 21:00:00+00:00,24.0,25,1.0,0,0,0,0,0,0.0,-0.0138336802416318,-0.0014872368697211,3.615911103231608,3.615911103231608,0.0,0.0,0.0,0.0,0.0
2020-09-15,VALIDATION,REGULAR,0.0027397260273972,2020-09-15 21:00:00+00:00,2020-09-16 21:00:00+00:00,24.0,25,1.0,0,0,0,0,0,0.0,0.0143523757625416,-0.0290080567364157,2.7104402178763247,2.7104402178763247,0.0,0.0,0.0,0.0,0.0
2020-09-16,VALIDATION,REGULAR,0.0027397260273972,2020-09-16 21:00:00+00:00,2020-09-17 21:00:00+00:00,24.0,25,1.0,0,0,0,0,0,0.0,-0.0021389117888475,-0.014755271350566,3.942950144124719,3.942950144124719,0.0,0.0,0.0,0.0,0.0
2020-09-17,VALIDATION,REGULAR,0.0027397260273972,2020-09-17 21:00:00+00:00,2020-09-18 21:00:00+00:00,24.0,25,1.0,0,0,0,0,0,0.0,-0.0007511103217154,-0.025227873778391,3.152487533080808,3.152487533080808,0.0,0.0,0.0,0.0,0.0
2020-09-21,VALIDATION,REGULAR,0.0027397260273972,2020-09-21 21:00:00+00:00,2020-09-22 21:00:00+00:00,24.0,25,1.0,0,0,0,0,0,0.0,0.1090054287457036,-0.1327876864341419,4.369565976921123,4.369565976921123,0.0,0.0,0.0,0.0,0.0
2020-09-22,VALIDATION,REGULAR,0.0027397260273972,2020-09-22 21:00:00+00:00,2020-09-23 21:00:00+00:00,24.0,25,1.0,0,0,0,0,0,0.0,0.0229484352275335,-0.0531531572069496,3.946824339057948,3.946824339057948,0.0,0.0,0.0,0.0,0.0
2020-09-23,VALIDATION,REGULAR,0.0027397260273972,2020-09-23 21:00:00+00:00,2020-09-24 21:00:00+00:00,24.0,25,1.0,0,0,0,0,0,0.0,-0.101489405641395,0.083341804541412,4.399270501329647,4.399270501329647,0.0,0.0,0.0,0.0,0.0
2020-09-24,VALIDATION,REGULAR,0.0027397260273972,2020-09-24 21:00:00+00:00,2020-09-25 21:00:00+00:00,24.0,25,1.0,0,0,0,0,0,0.0,-0.109063345179635,-0.026306534589068,3.788400508952819,3.788400508952819,0.0,0.0,0.0,0.0,0.0
2020-09-28,VALIDATION,REGULAR,0.0027397260273972,2020-09-28 21:00:00+00:00,2020-09-29 21:00:00+00:00,24.0,25,1.0,0,0,0,0,0,0.0,0.047755273880071,-0.0790153460041267,5.084702841251573,5.084702841251573,0.0,0.0,0.0,0.0,0.0
2020-09-29,VALIDATION,REGULAR,0.0027397260273972,2020-09-29 21:00:00+00:00,2020-09-30 21:00:00+00:00,24.0,25,1.0,0,0,0,0,0,0.0,0.0081213334384813,-0.0373022468268402,5.0798829712453095,5.0798829712453095,0.0,0.0,0.0,0.0,0.0
2020-09-30,VALIDATION,REGULAR,0.0027397260273972,2020-09-30 21:00:00+00:00,2020-10-01 21:00:00+00:00,24.0,25,1.0,0,0,0,0,0,0.0,0.0268824482023717,-0.0577496344562291,4.985931563983216,4.985931563983216,0.0,0.0,0.0,0.0,0.0
2020-10-01,VALIDATION,REGULAR,0.0027397260273972,2020-10-01 21:00:00+00:00,2020-10-02 21:00:00+00:00,24.0,25,1.0,0,0,1,1,0,0.0,0.1893519485786328,-0.2273180459170163,3.357416196801297,3.357416196801297,0.0,0.0,0.0,0.0,0.0
2020-10-05,VALIDATION,REGULAR,0.0027397260273972,2020-10-05 21:00:00+00:00,2020-10-06 21:00:00+00:00,24.0,25,1.0,0,0,0,0,0,0.0,-0.038038656184284,0.0036482973919476,3.997669191752039,3.997669191752039,0.0,0.0,0.0,0.0,0.0
2020-10-06,VALIDATION,REGULAR,0.0027397260273972,2020-10-06 21:00:00+00:00,2020-10-07 21:00:00+00:00,24.0,25,1.0,0,0,0,0,0,0.0,-0.001380949678932,-0.0097224437078153,2.4095038446950108,2.4095038446950108,0.0,0.0,0.0,0.0,0.0
2020-10-07,VALIDATION,REGULAR,0.0027397260273972,2020-10-07 21:00:00+00:00,2020-10-08 21:00:00+00:00,24.0,25,1.0,0,0,1,1,0,0.0,-0.1553282914678035,0.143630047433966,2.63928287818686,2.63928287818686,0.0,0.0,0.0,0.0,0.0
2020-10-08,VALIDATION,REGULAR,0.0027397260273972,2020-10-08 21:00:00+00:00,2020-10-09 21:00:00+00:00,24.0,25,1.0,0,0,0,0,0,0.0,-0.0308465501320256,-0.0328622043585795,3.236242705723757,3.236242705723757,0.0,0.0,0.0,0.0,0.0
2020-10-12,VALIDATION,REGULAR,0.0027397260273972,2020-10-12 21:00:00+00:00,2020-10-13 21:00:00+00:00,24.0,25,1.0,0,0,0,0,0,0.0,-0.0686676283110472,0.0575075173987329,3.1381741892425863,3.1381741892425863,0.0,0.0,0.0,0.0,0.0
2020-10-13,VALIDATION,REGULAR,0.0027397260273972,2020-10-13 21:00:00+00:00,2020-10-14 21:00:00+00:00,24.0,25,1.0,0,0,0,0,0,0.0,0.0172319310261457,-0.0408290386045848,3.9793301459794943,3.9793301459794943,0.0,0.0,0.0,0.0,0.0
2020-10-14,VALIDATION,REGULAR,0.0027397260273972,2020-10-14 21:00:00+00:00,2020-10-15 21:00:00+00:00,24.0,25,1.0,0,0,0,0,0,0.0,-0.0076364007616547,-0.0166420882672468,4.181612068171894,4.181612068171894,0.0,0.0,0.0,0.0,0.0
2020-10-15,VALIDATION,REGULAR,0.0027397260273972,2020-10-15 21:00:00+00:00,2020-10-16 21:00:00+00:00,24.0,25,1.0,0,0,0,0,0,0.0,-0.1063092627610373,0.0686906717625959,3.2512609102015984,3.2512609102015984,0.0,0.0,0.0,0.0,0.0
2020-10-19,VALIDATION,REGULAR,0.0027397260273972,2020-10-19 21:00:00+00:00,2020-10-20 21:00:00+00:00,24.0,25,1.0,0,0,0,0,0,0.0,-0.0214739174415399,0.010437689444771,3.961997492991274,3.961997492991274,0.0,0.0,0.0,0.0,0.0
2020-10-20,VALIDATION,REGULAR,0.0027397260273972,2020-10-20 21:00:00+00:00,2020-10-21 21:00:00+00:00,24.0,25,1.0,0,0,0,0,0,0.0,0.0087239572979314,-0.0252002039029832,2.3031002811819787,2.3031002811819787,0.0,0.0,0.0,0.0,0.0
2020-10-21,VALIDATION,REGULAR,0.0027397260273972,2020-10-21 21:00:00+00:00,2020-10-22 21:00:00+00:00,24.0,25,1.0,0,0,0,0,0,0.0,-0.012311141646947,-0.0132113989583189,4.388658440593715,4.388658440593715,0.0,0.0,0.0,0.0,0.0
2020-10-22,VALIDATION,REGULAR,0.0027397260273972,2020-10-22 21:00:00+00:00,2020-10-23 21:00:00+00:00,24.0,25,1.0,0,0,0,0,0,0.0,-0.0459267195238908,-0.0133976486467446,4.265639642526302,4.265639642526302,0.0,0.0,0.0,0.0,0.0
2020-10-26,VALIDATION,REGULAR,0.0027397260273972,2020-10-26 21:00:00+00:00,2020-10-27 21:00:00+00:00,24.0,25,1.0,0,0,0,0,0,0.0,-0.0009250935193847,-0.0178251443920487,3.590979588791015,3.590979588791015,0.0,0.0,0.0,0.0,0.0
2020-10-27,VALIDATION,REGULAR,0.0027397260273972,2020-10-27 21:00:00+00:00,2020-10-28 21:00:00+00:00,24.0,25,1.0,0,0,0,0,0,0.0,-0.0209573743629505,0.0060893607986258,4.332581977698622,4.332581977698622,0.0,0.0,0.0,0.0,0.0
2020-10-28,VALIDATION,REGULAR,0.0027397260273972,2020-10-28 21:00:00+00:00,2020-10-29 21:00:00+00:00,24.0,25,1.0,0,0,0,0,0,0.0,0.0479129420692032,-0.0763968554140603,4.426282883543051,4.426282883543051,0.0,0.0,0.0,0.0,0.0
2020-10-29,VALIDATION,REGULAR,0.0027397260273972,2020-10-29 21:00:00+00:00,2020-10-30 21:00:00+00:00,24.0,25,1.0,0,0,0,0,0,0.0,-0.073052460212196,0.0064421836772936,4.50405110613992,4.50405110613992,0.0,0.0,0.0,0.0,0.0
2020-11-02,VALIDATION,REGULAR,0.0027397260273972,2020-11-02 22:00:00+00:00,2020-11-03 22:00:00+00:00,24.0,25,1.0,0,0,0,0,0,0.0,-0.0282774301680746,-0.02466862553797,4.168625259349257,4.168625259349257,0.0,0.0,0.0,0.0,0.0
2020-11-03,VALIDATION,REGULAR,0.0027397260273972,2020-11-03 22:00:00+00:00,2020-11-04 22:00:00+00:00,24.0,25,1.0,0,0,0,0,0,0.0,-0.6080784852668852,0.5938644262527628,2.887931954975305,2.887931954975305,0.0,0.0,0.0,0.0,0.0
2020-11-04,VALIDATION,REGULAR,0.0027397260273972,2020-11-04 22:00:00+00:00,2020-11-05 22:00:00+00:00,24.0,25,1.0,0,0,0,0,0,0.0,-0.0278890322934586,-0.0330919912777716,2.5600276454277644,2.5600276454277644,0.0,0.0,0.0,0.0,0.0
2020-11-05,VALIDATION,REGULAR,0.0027397260273972,2020-11-05 22:00:00+00:00,2020-11-06 22:00:00+00:00,24.0,25,1.0,0,0,0,0,0,0.0,0.0835068742467939,-0.183466079344555,5.499852330734429,5.499852330734429,0.0,0.0,0.0,0.0,0.0
2020-11-09,VALIDATION,REGULAR,0.0027397260273972,2020-11-09 22:00:00+00:00,2020-11-10 22:00:00+00:00,24.0,25,1.0,0,0,0,0,0,0.0,0.0860687381119476,-0.1307848514462009,5.713342969990442,5.713342969990442,0.0,0.0,0.0,0.0,0.0
2020-11-10,VALIDATION,REGULAR,0.0027397260273972,2020-11-10 22:00:00+00:00,2020-11-11 22:00:00+00:00,24.0,25,1.0,0,0,0,0,0,0.0,-0.080796077108431,0.0692485991063023,3.3967719018736084,3.3967719018736084,0.0,0.0,0.0,0.0,0.0
2020-11-11,VALIDATION,REGULAR,0.0027397260273972,2020-11-11 22:00:00+00:00,2020-11-12 22:00:00+00:00,24.0,25,1.0,0,0,0,0,0,0.0,-0.0230712417977514,0.0128842205784991,3.380940370261566,3.380940370261566,0.0,0.0,0.0,0.0,0.0
2020-11-12,VALIDATION,REGULAR,0.0027397260273972,2020-11-12 22:00:00+00:00,2020-11-13 22:00:00+00:00,24.0,25,1.0,0,0,0,0,0,0.0,-0.0611566972350061,-0.0793493398346072,3.284452843012485,3.284452843012485,0.0,0.0,0.0,0.0,0.0
2020-11-16,VALIDATION,REGULAR,0.0027397260273972,2020-11-16 22:00:00+00:00,2020-11-17 22:00:00+00:00,24.0,25,1.0,0,0,0,0,0,0.0,0.007892566529037,-0.0154635006801271,2.8655467945924045,2.8655467945924045,0.0,0.0,0.0,0.0,0.0
2020-11-17,VALIDATION,REGULAR,0.0027397260273972,2020-11-17 22:00:00+00:00,2020-11-18 22:00:00+00:00,24.0,25,1.0,0,0,0,0,0,0.0,-0.0352251106708791,0.0137975141174848,2.557260210599364,2.557260210599364,0.0,0.0,0.0,0.0,0.0
2020-11-18,VALIDATION,REGULAR,0.0027397260273972,2020-11-18 22:00:00+00:00,2020-11-19 22:00:00+00:00,24.0,25,1.0,0,0,0,0,0,0.0,-0.1175129398801431,0.1059730984809448,3.7233265344040913,3.7233265344040913,0.0,0.0,0.0,0.0,0.0
2020-11-19,VALIDATION,REGULAR,0.0027397260273972,2020-11-19 22:00:00+00:00,2020-11-20 22:00:00+00:00,24.0,25,1.0,0,0,1,1,0,0.0,-0.1767396819473106,0.1117496307996361,2.838860049837023,2.838860049837023,0.0,0.0,0.0,0.0,0.0
2020-11-23,VALIDATION,REGULAR,0.0027397260273972,2020-11-23 22:00:00+00:00,2020-11-24 22:00:00+00:00,24.0,25,1.0,0,0,0,0,0,0.0,0.0357555204038675,-0.0578684566594347,5.68364207752157,5.68364207752157,0.0,0.0,0.0,0.0,0.0
2020-11-24,VALIDATION,REGULAR,0.0027397260273972,2020-11-24 22:00:00+00:00,2020-11-25 22:00:00+00:00,24.0,25,1.0,0,0,0,0,0,0.0,-0.1174567485691042,0.1004523265668737,3.9229037525084216,3.9229037525084216,0.0,0.0,0.0,0.0,0.0
2020-11-25,VALIDATION,REGULAR,0.0027397260273972,2020-11-25 22:00:00+00:00,2020-11-26 22:00:00+00:00,24.0,25,1.0,0,0,0,0,0,0.0,-0.0425545384679395,0.0242710668663193,2.832991369376199,2.832991369376199,0.0,0.0,0.0,0.0,0.0
2020-11-26,VALIDATION,REGULAR,0.0027397260273972,2020-11-26 22:00:00+00:00,2020-11-27 22:00:00+00:00,24.0,25,1.0,0,0,0,0,0,0.0,-0.0503401498923352,-0.097317342462162,3.269037795247076,3.269037795247076,0.0,0.0,0.0,0.0,0.0
2020-11-30,VALIDATION,REGULAR,0.0027397260273972,2020-11-30 22:00:00+00:00,2020-12-01 22:00:00+00:00,24.0,25,1.0,0,0,1,1,0,0.0,-0.0309116439157115,0.0125000971114666,5.21274639361091,5.21274639361091,0.0,0.0,0.0,0.0,0.0
2020-12-01,VALIDATION,REGULAR,0.0027397260273972,2020-12-01 22:00:00+00:00,2020-12-02 22:00:00+00:00,24.0,25,1.0,0,0,0,0,0,0.0,-0.0236120763818661,0.0127092415823284,2.91837774337567,2.91837774337567,0.0,0.0,0.0,0.0,0.0
2020-12-02,VALIDATION,REGULAR,0.0027397260273972,2020-12-02 22:00:00+00:00,2020-12-03 22:00:00+00:00,24.0,25,1.0,0,0,0,0,0,0.0,-0.0004624106092023,-0.009819873123547,2.691455202335177,2.691455202335177,0.0,0.0,0.0,0.0,0.0
2020-12-03,VALIDATION,REGULAR,0.0027397260273972,2020-12-03 22:00:00+00:00,2020-12-04 22:00:00+00:00,24.0,25,1.0,0,0,0,0,0,0.0,-0.0636760238370612,-0.0168188604785513,3.2218404157997083,3.2218404157997083,0.0,0.0,0.0,0.0,0.0
2020-12-07,VALIDATION,REGULAR,0.0027397260273972,2020-12-07 22:00:00+00:00,2020-12-08 22:00:00+00:00,24.0,25,1.0,0,0,1,1,0,0.0,-0.1277013566132581,0.1173771084660728,3.3072106115721644,3.3072106115721644,0.0,0.0,0.0,0.0,0.0
2020-12-08,VALIDATION,REGULAR,0.0027397260273972,2020-12-08 22:00:00+00:00,2020-12-09 22:00:00+00:00,24.0,25,1.0,0,0,0,0,0,0.0,-0.0846913723639062,0.0622991548028579,3.404478127016741,3.404478127016741,0.0,0.0,0.0,0.0,0.0
2020-12-09,VALIDATION,REGULAR,0.0027397260273972,2020-12-09 22:00:00+00:00,2020-12-10 22:00:00+00:00,24.0,25,1.0,0,0,0,0,0,0.0,-0.0449176016070254,0.0309468326861406,4.054475548676423,4.054475548676423,0.0,0.0,0.0,0.0,0.0
2020-12-10,VALIDATION,REGULAR,0.0027397260273972,2020-12-10 22:00:00+00:00,2020-12-11 22:00:00+00:00,24.0,25,1.0,0,0,0,0,0,0.0,-0.0498379337960699,-0.0596470447028281,3.206564538727465,3.206564538727465,0.0,0.0,0.0,0.0,0.0
2020-12-14,VALIDATION,REGULAR,0.0027397260273972,2020-12-14 22:00:00+00:00,2020-12-15 22:00:00+00:00,24.0,25,1.0,0,0,0,0,0,0.0,-0.0380341276696611,0.0310767065772665,3.053877201054745,3.053877201054745,0.0,0.0,0.0,0.0,0.0
2020-12-15,VALIDATION,REGULAR,0.0027397260273972,2020-12-15 22:00:00+00:00,2020-12-16 22:00:00+00:00,24.0,25,1.0,0,0,0,0,0,0.0,-0.0027455840876626,-0.0188056932117746,4.140840329035989,4.140840329035989,0.0,0.0,0.0,0.0,0.0
2020-12-16,VALIDATION,REGULAR,0.0027397260273972,2020-12-16 22:00:00+00:00,2020-12-17 22:00:00+00:00,24.0,25,1.0,0,0,0,0,0,0.0,-0.0505193395698597,0.0081390989359988,2.344963071024845,2.344963071024845,0.0,0.0,0.0,0.0,0.0
2020-12-17,VALIDATION,REGULAR,0.0027397260273972,2020-12-17 22:00:00+00:00,2020-12-18 22:00:00+00:00,24.0,25,1.0,0,0,0,0,0,0.0,-0.1079465760088709,0.031684812038506,3.141853893162968,3.141853893162968,0.0,0.0,0.0,0.0,0.0
2020-12-21,VALIDATION,REGULAR,0.0027397260273972,2020-12-21 22:00:00+00:00,2020-12-22 22:00:00+00:00,24.0,25,1.0,0,0,0,0,0,0.0,-0.068691828012632,0.0514309916911628,2.8533681259315267,2.8533681259315267,0.0,0.0,0.0,0.0,0.0
2020-12-22,VALIDATION,REGULAR,0.0027397260273972,2020-12-22 22:00:00+00:00,2020-12-23 22:00:00+00:00,24.0,25,1.0,0,0,0,0,0,0.0,-0.0433558525862309,0.0040046272689835,4.56038251960069,4.56038251960069,0.0,0.0,0.0,0.0,0.0
2020-12-23,VALIDATION,REGULAR,0.0027397260273972,2020-12-23 22:00:00+00:00,2020-12-24 22:00:00+00:00,24.0,25,1.0,0,0,1,1,0,0.0,-0.1582955057020996,0.0464737401971575,3.065659516095965,3.065659516095965,0.0,0.0,0.0,0.0,0.0
2020-12-28,VALIDATION,REGULAR,0.0027397260273972,2020-12-28 22:00:00+00:00,2020-12-29 22:00:00+00:00,24.0,25,1.0,0,0,0,0,0,0.0,-0.0111236428837315,-0.0061435718312026,3.35118650149331,3.35118650149331,0.0,0.0,0.0,0.0,0.0
2020-12-29,VALIDATION,REGULAR,0.0027397260273972,2020-12-29 22:00:00+00:00,2020-12-30 22:00:00+00:00,24.0,25,1.0,0,0,0,0,0,0.0,0.0007267370885841,-0.0164877765077164,2.3194117569145787,2.3194117569145787,0.0,0.0,0.0,0.0,0.0
2020-12-30,VALIDATION,REGULAR,0.0027397260273972,2020-12-30 22:00:00+00:00,2020-12-31 22:00:00+00:00,24.0,25,1.0,0,0,0,0,0,0.0,-0.0214064221606378,-0.0277326299704725,4.397432389009515,4.397432389009515,0.0,0.0,0.0,0.0,0.0
2021-01-04,VALIDATION,REGULAR,0.0027397260273972,2021-01-04 22:00:00+00:00,2021-01-05 22:00:00+00:00,24.0,25,1.0,0,0,0,0,0,0.0,-0.0798240800167064,0.0216871513507612,2.53309243128325,2.53309243128325,0.0,0.0,0.0,0.0,0.0
2021-01-05,VALIDATION,REGULAR,0.0027397260273972,2021-01-05 22:00:00+00:00,2021-01-06 22:00:00+00:00,24.0,25,1.0,0,0,0,0,0,0.0,-0.0664548437177217,0.0499595275870916,2.9158949749035794,2.9158949749035794,0.0,0.0,0.0,0.0,0.0
2021-01-06,VALIDATION,REGULAR,0.0027397260273972,2021-01-06 22:00:00+00:00,2021-01-07 22:00:00+00:00,24.0,25,1.0,0,0,0,0,0,0.0,0.0030587578017247,-0.0197758065864519,2.4782232164870805,2.4782232164870805,0.0,0.0,0.0,0.0,0.0
2021-01-07,VALIDATION,REGULAR,0.0027397260273972,2021-01-07 22:00:00+00:00,2021-01-08 22:00:00+00:00,24.0,25,1.0,0,0,0,0,0,0.0,0.060485238225695,-0.1739307346927745,6.052325429958528,6.052325429958528,0.0,0.0,0.0,0.0,0.0
2021-01-11,VALIDATION,REGULAR,0.0027397260273972,2021-01-11 22:00:00+00:00,2021-01-12 22:00:00+00:00,24.0,25,1.0,0,0,0,0,0,0.0,-0.0430971305346901,0.0267604331346689,4.277975816114727,4.277975816114727,0.0,0.0,0.0,0.0,0.0
2021-01-12,VALIDATION,REGULAR,0.0027397260273972,2021-01-12 22:00:00+00:00,2021-01-13 22:00:00+00:00,24.0,25,1.0,0,0,0,0,0,0.0,-0.0677272909356929,0.0497421585634469,3.726038414221428,3.726038414221428,0.0,0.0,0.0,0.0,0.0
2021-01-13,VALIDATION,REGULAR,0.0027397260273972,2021-01-13 22:00:00+00:00,2021-01-14 22:00:00+00:00,24.0,25,1.0,0,0,0,0,0,0.0,0.1616475413169524,-0.1855614455893999,5.755046892390121,5.755046892390121,0.0,0.0,0.0,0.0,0.0
2021-01-14,VALIDATION,REGULAR,0.0027397260273972,2021-01-14 22:00:00+00:00,2021-01-15 22:00:00+00:00,24.0,25,1.0,0,0,0,0,0,0.0,-0.1610211120781599,0.059754737699464,4.014661328708122,4.014661328708122,0.0,0.0,0.0,0.0,0.0
2021-01-18,VALIDATION,REGULAR,0.0027397260273972,2021-01-18 22:00:00+00:00,2021-01-19 22:00:00+00:00,24.0,25,1.0,0,0,0,0,0,0.0,0.0191246127378548,-0.0312277350546281,2.678322549995532,2.678322549995532,0.0,0.0,0.0,0.0,0.0
2021-01-19,VALIDATION,REGULAR,0.0027397260273972,2021-01-19 22:00:00+00:00,2021-01-20 22:00:00+00:00,24.0,25,1.0,0,0,0,0,0,0.0,-0.0026973260164169,-0.0113295695400381,2.8156409089716505,2.8156409089716505,0.0,0.0,0.0,0.0,0.0
2021-01-20,VALIDATION,REGULAR,0.0027397260273972,2021-01-20 22:00:00+00:00,2021-01-21 22:00:00+00:00,24.0,25,1.0,0,0,0,0,0,0.0,-0.0897941073845345,0.0738566483947167,4.052655226635731,4.052655226635731,0.0,0.0,0.0,0.0,0.0
2021-01-21,VALIDATION,REGULAR,0.0027397260273972,2021-01-21 22:00:00+00:00,2021-01-22 22:00:00+00:00,24.0,25,1.0,0,0,0,0,0,0.0,-0.0946231086137316,-0.0261755677683623,2.5611576675669405,2.5611576675669405,0.0,0.0,0.0,0.0,0.0
2021-01-25,VALIDATION,REGULAR,0.0027397260273972,2021-01-25 22:00:00+00:00,2021-01-26 22:00:00+00:00,24.0,25,1.0,0,0,0,0,0,0.0,-0.0255420905204033,0.0142956351625969,4.407839530808071,4.407839530808071,0.0,0.0,0.0,0.0,0.0
2021-01-26,VALIDATION,REGULAR,0.0027397260273972,2021-01-26 22:00:00+00:00,2021-01-27 22:00:00+00:00,24.0,25,1.0,0,0,0,0,0,0.0,-0.0387719782314803,-0.0394949413334018,2.9709272429700224,2.9709272429700224,0.0,0.0,0.0,0.0,0.0
2021-01-27,VALIDATION,REGULAR,0.0027397260273972,2021-01-27 22:00:00+00:00,2021-01-28 22:00:00+00:00,24.0,25,1.0,0,0,0,0,0,0.0,-0.0751692073325216,0.0665378073223905,3.5913476431270706,3.5913476431270706,0.0,0.0,0.0,0.0,0.0
2021-01-28,VALIDATION,REGULAR,0.0027397260273972,2021-01-28 22:00:00+00:00,2021-01-29 22:00:00+00:00,24.0,25,1.0,0,0,0,0,0,0.0,-0.0365242291516665,-0.0856211618075661,2.160153638397902,2.160153638397902,0.0,0.0,0.0,0.0,0.0
2021-02-01,VALIDATION,REGULAR,0.0027397260273972,2021-02-01 22:00:00+00:00,2021-02-02 22:00:00+00:00,24.0,25,1.0,0,0,0,0,0,0.0,-0.0514018663236299,0.0347126397485197,3.7377926712464937,3.7377926712464937,0.0,0.0,0.0,0.0,0.0
2021-02-02,VALIDATION,REGULAR,0.0027397260273972,2021-02-02 22:00:00+00:00,2021-02-03 22:00:00+00:00,24.0,25,1.0,0,0,0,0,0,0.0,-0.1426794093834047,0.1316854699750322,2.6857527758450352,2.6857527758450352,0.0,0.0,0.0,0.0,0.0
2021-02-03,VALIDATION,REGULAR,0.0027397260273972,2021-02-03 22:00:00+00:00,2021-02-04 22:00:00+00:00,24.0,25,1.0,0,0,0,0,0,0.0,-0.0208653556780689,0.0075763705295202,2.533227791987809,2.533227791987809,0.0,0.0,0.0,0.0,0.0
2021-02-04,VALIDATION,REGULAR,0.0027397260273972,2021-02-04 22:00:00+00:00,2021-02-05 22:00:00+00:00,24.0,25,1.0,0,0,0,0,0,0.0,0.0139406212401098,-0.0871986839725309,5.3037830435662086,5.3037830435662086,0.0,0.0,0.0,0.0,0.0
2021-02-08,VALIDATION,REGULAR,0.0027397260273972,2021-02-08 22:00:00+00:00,2021-02-09 22:00:00+00:00,24.0,25,1.0,0,0,0,0,0,0.0,0.0167704303175355,-0.0586119135058851,2.1881553114747305,2.1881553114747305,0.0,0.0,0.0,0.0,0.0
2021-02-09,VALIDATION,REGULAR,0.0027397260273972,2021-02-09 22:00:00+00:00,2021-02-10 22:00:00+00:00,24.0,25,1.0,0,0,0,0,0,0.0,0.0888708068532579,-0.0993129134523158,4.2024783569552815,4.2024783569552815,0.0,0.0,0.0,0.0,0.0
2021-02-10,VALIDATION,REGULAR,0.0027397260273972,2021-02-10 22:00:00+00:00,2021-02-11 22:00:00+00:00,24.0,25,1.0,0,0,0,0,0,0.0,-0.032249538688049,0.0158124187780117,3.412534982466204,3.412534982466204,0.0,0.0,0.0,0.0,0.0
2021-02-11,VALIDATION,REGULAR,0.0027397260273972,2021-02-11 22:00:00+00:00,2021-02-12 22:00:00+00:00,24.0,25,1.0,0,0,1,1,0,0.0,-0.0146773806941382,-0.0454226184314308,3.064953836234225,3.064953836234225,0.0,0.0,0.0,0.0,0.0
2021-02-15,VALIDATION,REGULAR,0.0027397260273972,2021-02-15 22:00:00+00:00,2021-02-16 22:00:00+00:00,24.0,25,1.0,0,0,0,0,0,0.0,0.1126763371801757,-0.1270408227176602,4.578173843037631,4.578173843037631,0.0,0.0,0.0,0.0,0.0
2021-02-16,VALIDATION,REGULAR,0.0027397260273972,2021-02-16 22:00:00+00:00,2021-02-17 22:00:00+00:00,24.0,25,1.0,0,0,0,0,0,0.0,0.0545796462262444,-0.0704676851413808,5.126737866727422,5.126737866727422,0.0,0.0,0.0,0.0,0.0
2021-02-17,VALIDATION,REGULAR,0.0027397260273972,2021-02-17 22:00:00+00:00,2021-02-18 22:00:00+00:00,24.0,25,1.0,0,0,0,0,0,0.0,0.0284394499111186,-0.0372910286245513,4.663503262755096,4.663503262755096,0.0,0.0,0.0,0.0,0.0
2021-02-18,VALIDATION,REGULAR,0.0027397260273972,2021-02-18 22:00:00+00:00,2021-02-19 22:00:00+00:00,24.0,25,1.0,0,0,0,0,0,0.0,0.0625524016945888,-0.163998914115794,4.363910842014666,4.363910842014666,0.0,0.0,0.0,0.0,0.0
2021-02-22,VALIDATION,REGULAR,0.0027397260273972,2021-02-22 22:00:00+00:00,2021-02-23 22:00:00+00:00,24.0,25,1.0,0,0,0,0,0,0.0,-0.0368651039087524,0.0190145298753776,4.131289648115578,4.131289648115578,0.0,0.0,0.0,0.0,0.0
2021-02-23,VALIDATION,REGULAR,0.0027397260273972,2021-02-23 22:00:00+00:00,2021-02-24 22:00:00+00:00,24.0,25,1.0,0,0,0,0,0,0.0,-0.0129922653865293,-0.0147654286971317,2.2294996169784893,2.2294996169784893,0.0,0.0,0.0,0.0,0.0
2021-02-24,VALIDATION,REGULAR,0.0027397260273972,2021-02-24 22:00:00+00:00,2021-02-25 22:00:00+00:00,24.0,25,1.0,0,0,0,0,0,0.0,0.012874221450005,-0.0555451786375584,4.071215122850617,4.071215122850617,0.0,0.0,0.0,0.0,0.0
2021-02-25,VALIDATION,REGULAR,0.0027397260273972,2021-02-25 22:00:00+00:00,2021-02-26 22:00:00+00:00,24.0,25,1.0,0,0,0,0,0,0.0,0.1237942076706559,-0.2628266984387863,5.2897765730304895,5.2897765730304895,0.0,0.0,0.0,0.0,0.0
2021-03-01,VALIDATION,REGULAR,0.0027397260273972,2021-03-01 22:00:00+00:00,2021-03-02 22:00:00+00:00,24.0,25,1.0,0,0,0,0,0,0.0,-0.0678839511100211,0.059506643885923,3.0646827421208984,3.0646827421208984,0.0,0.0,0.0,0.0,0.0
2021-03-02,VALIDATION,REGULAR,0.0027397260273972,2021-03-02 22:00:00+00:00,2021-03-03 22:00:00+00:00,24.0,25,1.0,0,0,0,0,0,0.0,-0.0185940478776416,0.0079394348333892,2.690638634753983,2.690638634753983,0.0,0.0,0.0,0.0,0.0
2021-03-03,VALIDATION,REGULAR,0.0027397260273972,2021-03-03 22:00:00+00:00,2021-03-04 22:00:00+00:00,24.0,25,1.0,0,0,0,0,0,0.0,-0.0308296441382651,0.0238149290294984,2.514520615303979,2.514520615303979,0.0,0.0,0.0,0.0,0.0
2021-03-04,VALIDATION,REGULAR,0.0027397260273972,2021-03-04 22:00:00+00:00,2021-03-05 22:00:00+00:00,24.0,25,1.0,0,0,0,0,0,0.0,-0.0360993816748731,-0.0294473941103063,3.1893250107279267,3.1893250107279267,0.0,0.0,0.0,0.0,0.0
2021-03-08,VALIDATION,REGULAR,0.0027397260273972,2021-03-08 22:00:00+00:00,2021-03-09 22:00:00+00:00,24.0,25,1.0,0,0,0,0,0,0.0,0.2619540367035426,-0.2869949919173393,5.663073296861654,5.663073296861654,0.0,0.0,0.0,0.0,0.0
2021-03-09,VALIDATION,REGULAR,0.0027397260273972,2021-03-09 22:00:00+00:00,2021-03-10 22:00:00+00:00,24.0,25,1.0,0,0,0,0,0,0.0,0.0113261879086223,-0.0328639699423973,5.032668610139052,5.032668610139052,0.0,0.0,0.0,0.0,0.0
2021-03-10,VALIDATION,REGULAR,0.0027397260273972,2021-03-10 22:00:00+00:00,2021-03-11 22:00:00+00:00,24.0,25,1.0,0,0,0,0,0,0.0,-0.0157513580541461,0.0008893370808777,4.363937069497442,4.363937069497442,0.0,0.0,0.0,0.0,0.0
2021-03-11,VALIDATION,REGULAR,0.0027397260273972,2021-03-11 22:00:00+00:00,2021-03-12 22:00:00+00:00,24.0,25,1.0,0,0,0,0,0,0.0,-0.0300006530169412,-0.0501829138874541,2.2889471607551317,2.2889471607551317,0.0,0.0,0.0,0.0,0.0
2021-03-15,VALIDATION,REGULAR,0.0027397260273972,2021-03-15 21:00:00+00:00,2021-03-16 21:00:00+00:00,24.0,25,1.0,0,0,0,0,0,0.0,-0.0765949638877856,0.0638108456182067,3.937686721988749,3.937686721988749,0.0,0.0,0.0,0.0,0.0
2021-03-16,VALIDATION,REGULAR,0.0027397260273972,2021-03-16 21:00:00+00:00,2021-03-17 21:00:00+00:00,24.0,25,1.0,0,0,0,0,0,0.0,0.1780347030443323,-0.1993307624357783,4.545804449184232,4.545804449184232,0.0,0.0,0.0,0.0,0.0
2021-03-17,VALIDATION,REGULAR,0.0027397260273972,2021-03-17 21:00:00+00:00,2021-03-18 21:00:00+00:00,24.0,25,1.0,0,0,0,0,0,0.0,0.1175882511407593,-0.1345307444204593,4.449900536172311,4.449900536172311,0.0,0.0,0.0,0.0,0.0
2021-03-18,VALIDATION,REGULAR,0.0027397260273972,2021-03-18 21:00:00+00:00,2021-03-19 21:00:00+00:00,24.0,25,1.0,0,0,0,0,0,0.0,-0.2154120101762044,0.2020445189590711,3.297968851778199,3.297968851778199,0.0,0.0,0.0,0.0,0.0
2021-03-22,VALIDATION,REGULAR,0.0027397260273972,2021-03-22 21:00:00+00:00,2021-03-23 21:00:00+00:00,24.0,25,1.0,0,0,0,0,0,0.0,-0.0045029711117763,-0.0136013155127017,3.52883849675168,3.52883849675168,0.0,0.0,0.0,0.0,0.0
2021-03-23,VALIDATION,REGULAR,0.0027397260273972,2021-03-23 21:00:00+00:00,2021-03-24 21:00:00+00:00,24.0,25,1.0,0,0,0,0,0,0.0,-0.0030582043676048,-0.0106848340501244,4.04166373530956,4.04166373530956,0.0,0.0,0.0,0.0,0.0
2021-03-24,VALIDATION,REGULAR,0.0027397260273972,2021-03-24 21:00:00+00:00,2021-03-25 21:00:00+00:00,24.0,25,1.0,0,0,0,0,0,0.0,-0.0392097159390232,0.0291192415231336,2.1785162716341824,2.1785162716341824,0.0,0.0,0.0,0.0,0.0
2021-03-25,VALIDATION,REGULAR,0.0027397260273972,2021-03-25 21:00:00+00:00,2021-03-26 21:00:00+00:00,24.0,25,1.0,0,0,0,0,0,0.0,-0.0586295023549041,-0.0497502820923188,2.635733960060436,2.635733960060436,0.0,0.0,0.0,0.0,0.0
2021-03-29,VALIDATION,REGULAR,0.0027397260273972,2021-03-29 21:00:00+00:00,2021-03-30 21:00:00+00:00,24.0,25,1.0,0,0,1,0,0,0.0,-0.0157504649736068,0.0025484950938903,2.1438922009713703,2.1438922009713703,0.0,0.0,0.0,0.0,0.0
2021-03-30,VALIDATION,REGULAR,0.0027397260273972,2021-03-30 21:00:00+00:00,2021-03-31 21:00:00+00:00,24.0,25,1.0,0,0,0,0,0,0.0,0.1737312694211112,-0.214855776984379,4.294777370873428,4.294777370873428,0.0,0.0,0.0,0.0,0.0
2021-03-31,VALIDATION,REGULAR,0.0027397260273972,2021-03-31 21:00:00+00:00,2021-04-01 21:00:00+00:00,24.0,25,1.0,0,0,0,0,0,0.0,-0.1714419465282333,0.1551472030609346,3.5125103280097534,3.5125103280097534,0.0,0.0,0.0,0.0,0.0
2021-04-01,VALIDATION,REGULAR,0.0027397260273972,2021-04-01 21:00:00+00:00,2021-04-02 21:00:00+00:00,24.0,25,1.0,0,0,0,0,0,0.0,-0.1587607944232942,0.0846955853360142,3.0117304428866003,3.0117304428866003,0.0,0.0,0.0,0.0,0.0
2021-04-05,VALIDATION,REGULAR,0.0027397260273972,2021-04-05 21:00:00+00:00,2021-04-06 21:00:00+00:00,24.0,25,1.0,0,0,0,0,0,0.0,0.3509678456705245,-0.3717755870904966,5.19853124774894,5.19853124774894,0.0,0.0,0.0,0.0,0.0
2021-04-06,VALIDATION,REGULAR,0.0027397260273972,2021-04-06 21:00:00+00:00,2021-04-07 21:00:00+00:00,24.0,25,1.0,0,0,0,0,0,0.0,-0.0726365050392985,0.0594843242368412,4.125993521717245,4.125993521717245,0.0,0.0,0.0,0.0,0.0
2021-04-07,VALIDATION,REGULAR,0.0027397260273972,2021-04-07 21:00:00+00:00,2021-04-08 21:00:00+00:00,24.0,25,1.0,0,0,0,0,0,0.0,0.0125669076407888,-0.0269129082103347,2.3881051892529426,2.3881051892529426,0.0,0.0,0.0,0.0,0.0
2021-04-08,VALIDATION,REGULAR,0.0027397260273972,2021-04-08 21:00:00+00:00,2021-04-09 21:00:00+00:00,24.0,25,1.0,0,0,0,0,0,0.0,-0.0370914856786015,0.0097696105188163,2.56485747786436,2.56485747786436,0.0,0.0,0.0,0.0,0.0
2021-04-12,VALIDATION,REGULAR,0.0027397260273972,2021-04-12 21:00:00+00:00,2021-04-13 21:00:00+00:00,24.0,25,1.0,0,0,0,0,0,0.0,0.1242105520585994,-0.139845158304567,4.169432891292411,4.169432891292411,0.0,0.0,0.0,0.0,0.0
2021-04-13,VALIDATION,REGULAR,0.0027397260273972,2021-04-13 21:00:00+00:00,2021-04-14 21:00:00+00:00,24.0,25,1.0,0,0,0,0,0,0.0,-0.0360285594185256,0.0168744452682574,4.548612155652196,4.548612155652196,0.0,0.0,0.0,0.0,0.0
2021-04-14,VALIDATION,REGULAR,0.0027397260273972,2021-04-14 21:00:00+00:00,2021-04-15 21:00:00+00:00,24.0,25,1.0,0,0,0,0,0,0.0,-0.0689390952069715,0.0551468167945898,3.3342035540460957,3.3342035540460957,0.0,0.0,0.0,0.0,0.0
2021-04-15,VALIDATION,REGULAR,0.0027397260273972,2021-04-15 21:00:00+00:00,2021-04-16 21:00:00+00:00,24.0,25,1.0,0,0,0,0,0,0.0,-0.1704316688658735,0.1257678553979673,2.9726330579894715,2.9726330579894715,0.0,0.0,0.0,0.0,0.0
2021-04-19,VALIDATION,REGULAR,0.0027397260273972,2021-04-19 21:00:00+00:00,2021-04-20 21:00:00+00:00,24.0,25,1.0,0,0,0,0,0,0.0,-0.0011793071627295,-0.0191406286722042,4.930668072108751,4.930668072108751,0.0,0.0,0.0,0.0,0.0
2021-04-20,VALIDATION,REGULAR,0.0027397260273972,2021-04-20 21:00:00+00:00,2021-04-21 21:00:00+00:00,24.0,25,1.0,0,0,0,0,0,0.0,-0.0553546403877049,0.0305197228520412,4.765770166424595,4.765770166424595,0.0,0.0,0.0,0.0,0.0
2021-04-21,VALIDATION,REGULAR,0.0027397260273972,2021-04-21 21:00:00+00:00,2021-04-22 21:00:00+00:00,24.0,25,1.0,0,0,0,0,0,0.0,0.0444679999823804,-0.0645079663138261,5.825558233828694,5.825558233828694,0.0,0.0,0.0,0.0,0.0
2021-04-22,VALIDATION,REGULAR,0.0027397260273972,2021-04-22 21:00:00+00:00,2021-04-23 21:00:00+00:00,24.0,25,1.0,0,0,0,0,0,0.0,0.1499615161464049,-0.2440132686786427,6.079095491691995,6.079095491691995,0.0,0.0,0.0,0.0,0.0
2021-04-26,VALIDATION,REGULAR,0.0027397260273972,2021-04-26 21:00:00+00:00,2021-04-27 21:00:00+00:00,24.0,25,1.0,0,0,0,0,0,0.0,-0.0068745810456221,-0.0393615891799186,3.313916236602225,3.313916236602225,0.0,0.0,0.0,0.0,0.0
2021-04-27,VALIDATION,REGULAR,0.0027397260273972,2021-04-27 21:00:00+00:00,2021-04-28 21:00:00+00:00,24.0,25,1.0,0,0,0,0,0,0.0,0.0820485859958637,-0.106054681476067,5.066801574323415,5.066801574323415,0.0,0.0,0.0,0.0,0.0
2021-04-28,VALIDATION,REGULAR,0.0027397260273972,2021-04-28 21:00:00+00:00,2021-04-29 21:00:00+00:00,24.0,25,1.0,0,0,0,0,0,0.0,0.0211772441317492,-0.0385423773353039,3.291089711981114,3.291089711981114,0.0,0.0,0.0,0.0,0.0
2021-04-29,VALIDATION,REGULAR,0.0027397260273972,2021-04-29 21:00:00+00:00,2021-04-30 21:00:00+00:00,24.0,25,1.0,0,0,0,0,0,0.0,0.0002490201149072,-0.0817304308184247,3.630008254482165,3.630008254482165,0.0,0.0,0.0,0.0,0.0
2021-05-03,VALIDATION,REGULAR,0.0027397260273972,2021-05-03 21:00:00+00:00,2021-05-04 21:00:00+00:00,24.0,25,1.0,0,0,0,0,0,0.0,0.0356897896983099,-0.0630661140362605,3.8987825877281415,3.8987825877281415,0.0,0.0,0.0,0.0,0.0
2021-05-04,VALIDATION,REGULAR,0.0027397260273972,2021-05-04 21:00:00+00:00,2021-05-05 21:00:00+00:00,24.0,25,1.0,0,0,0,0,0,0.0,-0.1234074610425892,0.0883948493348327,4.119137309868682,4.119137309868682,0.0,0.0,0.0,0.0,0.0
2021-05-05,VALIDATION,REGULAR,0.0027397260273972,2021-05-05 21:00:00+00:00,2021-05-06 21:00:00+00:00,24.0,25,1.0,0,0,0,0,0,0.0,0.0578540257344997,-0.0740120389602196,5.956752623481042,5.956752623481042,0.0,0.0,0.0,0.0,0.0
2021-05-06,VALIDATION,REGULAR,0.0027397260273972,2021-05-06 21:00:00+00:00,2021-05-07 21:00:00+00:00,24.0,25,1.0,0,0,0,0,0,0.0,0.3941601703073303,-0.4734052674243401,3.683130861537258,3.683130861537258,0.0,0.0,0.0,0.0,0.0
2021-05-10,VALIDATION,REGULAR,0.0027397260273972,2021-05-10 21:00:00+00:00,2021-05-11 21:00:00+00:00,24.0,25,1.0,0,0,0,0,0,0.0,0.0080745125290917,-0.0268654070923446,3.9685643000287207,3.9685643000287207,0.0,0.0,0.0,0.0,0.0
2021-05-11,VALIDATION,REGULAR,0.0027397260273972,2021-05-11 21:00:00+00:00,2021-05-12 21:00:00+00:00,24.0,25,1.0,0,0,1,1,0,0.0,0.0185321094517405,-0.0296068532583007,3.0735488586376265,3.0735488586376265,0.0,0.0,0.0,0.0,0.0
2021-05-12,VALIDATION,REGULAR,0.0027397260273972,2021-05-12 21:00:00+00:00,2021-05-13 21:00:00+00:00,24.0,25,1.0,0,0,0,0,0,0.0,-0.0557671967955855,0.0199966279619445,4.485146445384971,4.485146445384971,0.0,0.0,0.0,0.0,0.0
2021-05-13,VALIDATION,REGULAR,0.0027397260273972,2021-05-13 21:00:00+00:00,2021-05-14 21:00:00+00:00,24.0,25,1.0,0,0,0,0,0,0.0,-0.0991590314282717,0.0395375878489119,4.342921124291606,4.342921124291606,0.0,0.0,0.0,0.0,0.0
2021-05-17,VALIDATION,REGULAR,0.0027397260273972,2021-05-17 21:00:00+00:00,2021-05-18 21:00:00+00:00,24.0,25,1.0,0,0,0,0,0,0.0,-0.014702512747803,-0.0013426304571311,3.0951130271641416,3.0951130271641416,0.0,0.0,0.0,0.0,0.0
2021-05-18,VALIDATION,REGULAR,0.0027397260273972,2021-05-18 21:00:00+00:00,2021-05-19 21:00:00+00:00,24.0,25,1.0,0,0,0,0,0,0.0,0.3791084306489694,-0.4066035328447981,6.72945812583661,6.72945812583661,0.0,0.0,0.0,0.0,0.0
2021-05-19,VALIDATION,REGULAR,0.0027397260273972,2021-05-19 21:00:00+00:00,2021-05-20 21:00:00+00:00,24.0,25,1.0,0,0,0,0,0,0.0,-0.0242608237759469,0.0049977920781429,2.999932891584093,2.999932891584093,0.0,0.0,0.0,0.0,0.0
2021-05-20,VALIDATION,REGULAR,0.0027397260273972,2021-05-20 21:00:00+00:00,2021-05-21 21:00:00+00:00,24.0,25,1.0,0,0,0,0,0,0.0,0.0257873801425319,-0.0791323025464691,4.857665560177793,4.857665560177793,0.0,0.0,0.0,0.0,0.0
2021-05-24,VALIDATION,REGULAR,0.0027397260273972,2021-05-24 21:00:00+00:00,2021-05-25 21:00:00+00:00,24.0,25,1.0,0,0,0,0,0,0.0,-0.0066936398570156,-0.0145397496001606,4.636943977437554,4.636943977437554,0.0,0.0,0.0,0.0,0.0
2021-05-25,VALIDATION,REGULAR,0.0027397260273972,2021-05-25 21:00:00+00:00,2021-05-26 21:00:00+00:00,24.0,25,1.0,0,0,0,0,0,0.0,-0.0756994922565041,0.0537147269727427,2.8283532383150947,2.8283532383150947,0.0,0.0,0.0,0.0,0.0
2021-05-26,VALIDATION,REGULAR,0.0027397260273972,2021-05-26 21:00:00+00:00,2021-05-27 21:00:00+00:00,24.0,25,1.0,0,0,0,0,0,0.0,-0.0004745691937273,-0.0145054976847092,3.6618212791316473,3.6618212791316473,0.0,0.0,0.0,0.0,0.0
2021-05-27,VALIDATION,REGULAR,0.0027397260273972,2021-05-27 21:00:00+00:00,2021-05-28 21:00:00+00:00,24.0,25,1.0,0,0,0,0,0,0.0,-0.0825930369581655,0.0364246050288059,4.20364250268506,4.20364250268506,0.0,0.0,0.0,0.0,0.0
2021-05-31,VALIDATION,REGULAR,0.0027397260273972,2021-05-31 21:00:00+00:00,2021-06-01 21:00:00+00:00,24.0,25,1.0,0,0,0,0,0,0.0,-0.0055741015521846,-0.0308338740289428,4.190924123870265,4.190924123870265,0.0,0.0,0.0,0.0,0.0
2021-06-01,VALIDATION,REGULAR,0.0027397260273972,2021-06-01 21:00:00+00:00,2021-06-02 21:00:00+00:00,24.0,25,1.0,0,0,0,0,0,0.0,-0.0887295698337453,0.0533287086182809,2.754922388089289,2.754922388089289,0.0,0.0,0.0,0.0,0.0
2021-06-02,VALIDATION,REGULAR,0.0027397260273972,2021-06-02 21:00:00+00:00,2021-06-03 21:00:00+00:00,24.0,25,1.0,0,0,0,0,0,0.0,-0.052958140187556,0.0093585370902928,2.214826561424029,2.214826561424029,0.0,0.0,0.0,0.0,0.0
2021-06-03,VALIDATION,REGULAR,0.0027397260273972,2021-06-03 21:00:00+00:00,2021-06-04 21:00:00+00:00,24.0,25,1.0,0,0,0,0,0,0.0,-0.0779039331800248,-0.0340695715283203,2.4826537018018437,2.4826537018018437,0.0,0.0,0.0,0.0,0.0
2021-06-07,VALIDATION,REGULAR,0.0027397260273972,2021-06-07 21:00:00+00:00,2021-06-08 21:00:00+00:00,24.0,25,1.0,0,0,0,0,0,0.0,-0.0414847171960985,0.0231746491180047,2.862270018536057,2.862270018536057,0.0,0.0,0.0,0.0,0.0
2021-06-08,VALIDATION,REGULAR,0.0027397260273972,2021-06-08 21:00:00+00:00,2021-06-09 21:00:00+00:00,24.0,25,1.0,0,0,0,0,0,0.0,0.0990604983833236,-0.1565575628967224,5.023857843807065,5.023857843807065,0.0,0.0,0.0,0.0,0.0
2021-06-09,VALIDATION,REGULAR,0.0027397260273972,2021-06-09 21:00:00+00:00,2021-06-10 21:00:00+00:00,24.0,25,1.0,0,0,0,0,0,0.0,-0.1447714635548749,0.1084349615256314,3.5352165253626886,3.5352165253626886,0.0,0.0,0.0,0.0,0.0
2021-06-10,VALIDATION,REGULAR,0.0027397260273972,2021-06-10 21:00:00+00:00,2021-06-11 21:00:00+00:00,24.0,25,1.0,0,0,0,0,0,0.0,-0.0637098127524922,-0.0211230670888085,2.5302604404603306,2.5302604404603306,0.0,0.0,0.0,0.0,0.0
2021-06-14,VALIDATION,REGULAR,0.0027397260273972,2021-06-14 21:00:00+00:00,2021-06-15 21:00:00+00:00,24.0,25,1.0,0,0,0,0,0,0.0,-0.1398320350328177,0.1204754429166641,3.886896738358677,3.886896738358677,0.0,0.0,0.0,0.0,0.0
2021-06-15,VALIDATION,REGULAR,0.0027397260273972,2021-06-15 21:00:00+00:00,2021-06-16 21:00:00+00:00,24.0,25,1.0,0,0,0,0,0,0.0,0.7983509838563947,-0.8179744999148255,4.996360629442393,4.996360629442393,0.0,0.0,0.0,0.0,0.0
2021-06-16,VALIDATION,REGULAR,0.0027397260273972,2021-06-16 21:00:00+00:00,2021-06-17 21:00:00+00:00,24.0,25,1.0,0,0,0,0,0,0.0,-0.0275750708667601,3.23534861479402e-06,3.52339632302218,3.52339632302218,0.0,0.0,0.0,0.0,0.0
2021-06-17,VALIDATION,REGULAR,0.0027397260273972,2021-06-17 21:00:00+00:00,2021-06-18 21:00:00+00:00,24.0,25,1.0,0,0,0,0,0,0.0,-0.033971330976712,-0.058583782545952,5.039937103106996,5.039937103106996,0.0,0.0,0.0,0.0,0.0
2021-06-21,VALIDATION,REGULAR,0.0027397260273972,2021-06-21 21:00:00+00:00,2021-06-22 21:00:00+00:00,24.0,25,1.0,0,0,0,0,0,0.0,-0.006573701523763,-0.0168906368835592,3.314474094193597,3.314474094193597,0.0,0.0,0.0,0.0,0.0
2021-06-22,VALIDATION,REGULAR,0.0027397260273972,2021-06-22 21:00:00+00:00,2021-06-23 21:00:00+00:00,24.0,25,1.0,0,0,0,0,0,0.0,0.0012566194452148,-0.0190874121803972,4.045022460777789,4.045022460777789,0.0,0.0,0.0,0.0,0.0
2021-06-23,VALIDATION,REGULAR,0.0027397260273972,2021-06-23 21:00:00+00:00,2021-06-24 21:00:00+00:00,24.0,25,1.0,0,0,0,0,0,0.0,-0.1434284258632487,0.1208887728731582,3.5193486852636218,3.5193486852636218,0.0,0.0,0.0,0.0,0.0
2021-06-24,VALIDATION,REGULAR,0.0027397260273972,2021-06-24 21:00:00+00:00,2021-06-25 21:00:00+00:00,24.0,25,1.0,0,0,1,0,0,0.0,-0.0653561687703927,-0.0367258584097101,4.229420044030926,4.229420044030926,0.0,0.0,0.0,0.0,0.0
2021-06-28,VALIDATION,REGULAR,0.0027397260273972,2021-06-28 21:00:00+00:00,2021-06-29 21:00:00+00:00,24.0,25,1.0,0,0,0,0,0,0.0,-0.0450495847239977,0.0055837063597437,4.586314966813251,4.586314966813251,0.0,0.0,0.0,0.0,0.0
2021-06-29,VALIDATION,REGULAR,0.0027397260273972,2021-06-29 21:00:00+00:00,2021-06-30 21:00:00+00:00,24.0,25,1.0,0,0,0,0,0,0.0,0.0486481543888714,-0.0657409660205843,3.81220778347567,3.81220778347567,0.0,0.0,0.0,0.0,0.0
2021-06-30,VALIDATION,REGULAR,0.0027397260273972,2021-06-30 21:00:00+00:00,2021-07-01 21:00:00+00:00,24.0,25,1.0,0,0,0,0,0,0.0,-0.0245116271384091,0.008707665690153,2.585896931429615,2.585896931429615,0.0,0.0,0.0,0.0,0.0
2021-07-01,VALIDATION,REGULAR,0.0027397260273972,2021-07-01 21:00:00+00:00,2021-07-02 21:00:00+00:00,24.0,25,1.0,0,0,0,0,0,0.0,-0.2111012728219492,0.1158194640789815,2.817261146258949,2.817261146258949,0.0,0.0,0.0,0.0,0.0
2021-07-05,VALIDATION,REGULAR,0.0027397260273972,2021-07-05 21:00:00+00:00,2021-07-06 21:00:00+00:00,24.0,25,1.0,0,0,1,0,0,0.0,-0.026035248329066,0.0038867682028183,2.652133210678197,2.652133210678197,0.0,0.0,0.0,0.0,0.0
2021-07-06,VALIDATION,REGULAR,0.0027397260273972,2021-07-06 21:00:00+00:00,2021-07-07 21:00:00+00:00,24.0,25,1.0,0,0,0,0,0,0.0,-0.033519236412749,0.0158343027366942,4.967901718677452,4.967901718677452,0.0,0.0,0.0,0.0,0.0
2021-07-07,VALIDATION,REGULAR,0.0027397260273972,2021-07-07 21:00:00+00:00,2021-07-08 21:00:00+00:00,24.0,25,1.0,0,0,0,0,0,0.0,0.0750937146928691,-0.0914257215459315,2.717287991719484,2.717287991719484,0.0,0.0,0.0,0.0,0.0
2021-07-08,VALIDATION,REGULAR,0.0027397260273972,2021-07-08 21:00:00+00:00,2021-07-09 21:00:00+00:00,24.0,25,1.0,0,0,0,0,0,0.0,-0.0418254496053265,-0.004457949669387,3.021993061342144,3.021993061342144,0.0,0.0,0.0,0.0,0.0
2021-07-12,VALIDATION,REGULAR,0.0027397260273972,2021-07-12 21:00:00+00:00,2021-07-13 21:00:00+00:00,24.0,25,1.0,0,0,0,0,0,0.0,0.1001460236354319,-0.1365786522248129,5.059363420704372,5.059363420704372,0.0,0.0,0.0,0.0,0.0
2021-07-13,VALIDATION,REGULAR,0.0027397260273972,2021-07-13 21:00:00+00:00,2021-07-14 21:00:00+00:00,24.0,25,1.0,0,0,0,0,0,0.0,0.0039289573286538,-0.0349354099323022,2.447786385301581,2.447786385301581,0.0,0.0,0.0,0.0,0.0
2021-07-14,VALIDATION,REGULAR,0.0027397260273972,2021-07-14 21:00:00+00:00,2021-07-15 21:00:00+00:00,24.0,25,1.0,0,0,0,0,0,0.0,0.1454972350043988,-0.1948142490729054,6.620420038229347,6.620420038229347,0.0,0.0,0.0,0.0,0.0
2021-07-15,VALIDATION,REGULAR,0.0027397260273972,2021-07-15 21:00:00+00:00,2021-07-16 21:00:00+00:00,24.0,25,1.0,0,0,0,0,0,0.0,-0.0114403007127776,-0.0341343721341615,2.971871159750984,2.971871159750984,0.0,0.0,0.0,0.0,0.0
2021-07-19,VALIDATION,REGULAR,0.0027397260273972,2021-07-19 21:00:00+00:00,2021-07-20 21:00:00+00:00,24.0,25,1.0,0,0,0,0,0,0.0,0.118781043082933,-0.1581078635370687,4.32290686726912,4.32290686726912,0.0,0.0,0.0,0.0,0.0
2021-07-20,VALIDATION,REGULAR,0.0027397260273972,2021-07-20 21:00:00+00:00,2021-07-21 21:00:00+00:00,24.0,25,1.0,0,0,0,0,0,0.0,-0.0405765465898326,0.0028155317166493,2.736850905489008,2.736850905489008,0.0,0.0,0.0,0.0,0.0
2021-07-21,VALIDATION,REGULAR,0.0027397260273972,2021-07-21 21:00:00+00:00,2021-07-22 21:00:00+00:00,24.0,25,1.0,0,0,0,0,0,0.0,0.0337917169237584,-0.0532484449162495,4.616873336237863,4.616873336237863,0.0,0.0,0.0,0.0,0.0
2021-07-22,VALIDATION,REGULAR,0.0027397260273972,2021-07-22 21:00:00+00:00,2021-07-23 21:00:00+00:00,24.0,25,1.0,0,0,0,0,0,0.0,-0.0658248412403992,-0.0292830942411796,2.382825183552529,2.382825183552529,0.0,0.0,0.0,0.0,0.0
2021-07-26,VALIDATION,REGULAR,0.0027397260273972,2021-07-26 21:00:00+00:00,2021-07-27 21:00:00+00:00,24.0,25,1.0,0,0,0,0,0,0.0,-0.0321061640368753,-0.0138092099934112,2.3171188213226044,2.3171188213226044,0.0,0.0,0.0,0.0,0.0
2021-07-27,VALIDATION,REGULAR,0.0027397260273972,2021-07-27 21:00:00+00:00,2021-07-28 21:00:00+00:00,24.0,25,1.0,0,0,0,0,0,0.0,-0.0448387885453627,0.0220884361726092,2.8585552788393014,2.8585552788393014,0.0,0.0,0.0,0.0,0.0
2021-07-28,VALIDATION,REGULAR,0.0027397260273972,2021-07-28 21:00:00+00:00,2021-07-29 21:00:00+00:00,24.0,25,1.0,0,0,0,0,0,0.0,-0.0428694687575443,-0.0088902639088814,3.247891215810828,3.247891215810828,0.0,0.0,0.0,0.0,0.0
2021-07-29,VALIDATION,REGULAR,0.0027397260273972,2021-07-29 21:00:00+00:00,2021-07-30 21:00:00+00:00,24.0,25,1.0,0,0,0,0,0,0.0,-0.0443577857850243,-0.0114791759633448,3.660574547055206,3.660574547055206,0.0,0.0,0.0,0.0,0.0
2021-08-02,VALIDATION,REGULAR,0.0027397260273972,2021-08-02 21:00:00+00:00,2021-08-03 21:00:00+00:00,24.0,25,1.0,0,0,0,0,0,0.0,-0.0366443595929126,-0.0218968223814073,3.409787905714537,3.409787905714537,0.0,0.0,0.0,0.0,0.0
2021-08-03,VALIDATION,REGULAR,0.0027397260273972,2021-08-03 21:00:00+00:00,2021-08-04 21:00:00+00:00,24.0,25,1.0,0,0,0,0,0,0.0,0.9418050465192778,-0.979208300272404,5.2945718854807,5.2945718854807,0.0,0.0,0.0,0.0,0.0
2021-08-04,VALIDATION,REGULAR,0.0027397260273972,2021-08-04 21:00:00+00:00,2021-08-05 21:00:00+00:00,24.0,25,1.0,0,0,0,0,0,0.0,0.0456615563504954,-0.0831044732120602,3.880095093056987,3.880095093056987,0.0,0.0,0.0,0.0,0.0
2021-08-05,VALIDATION,REGULAR,0.0027397260273972,2021-08-05 21:00:00+00:00,2021-08-06 21:00:00+00:00,24.0,25,1.0,0,0,0,0,0,0.0,-0.0173067375463489,-0.0542819334072959,2.978755705755739,2.978755705755739,0.0,0.0,0.0,0.0,0.0
2021-08-09,VALIDATION,REGULAR,0.0027397260273972,2021-08-09 21:00:00+00:00,2021-08-10 21:00:00+00:00,24.0,25,1.0,0,0,0,0,0,0.0,-0.0860977457812595,0.0451273861828838,2.3670905592775195,2.3670905592775195,0.0,0.0,0.0,0.0,0.0
2021-08-10,VALIDATION,REGULAR,0.0027397260273972,2021-08-10 21:00:00+00:00,2021-08-11 21:00:00+00:00,24.0,25,1.0,0,0,0,0,0,0.0,-0.085418298823896,0.0583089350863019,3.7107608477029617,3.7107608477029617,0.0,0.0,0.0,0.0,0.0
2021-08-11,VALIDATION,REGULAR,0.0027397260273972,2021-08-11 21:00:00+00:00,2021-08-12 21:00:00+00:00,24.0,25,1.0,0,0,0,0,0,0.0,-0.0807421901036349,0.0366427518983272,4.516575088366452,4.516575088366452,0.0,0.0,0.0,0.0,0.0
2021-08-12,VALIDATION,REGULAR,0.0027397260273972,2021-08-12 21:00:00+00:00,2021-08-13 21:00:00+00:00,24.0,25,1.0,0,0,0,0,0,0.0,-0.0742464874254267,-0.0133326372585003,2.734115389920924,2.734115389920924,0.0,0.0,0.0,0.0,0.0
2021-08-16,VALIDATION,REGULAR,0.0027397260273972,2021-08-16 21:00:00+00:00,2021-08-17 21:00:00+00:00,24.0,25,1.0,0,0,0,0,0,0.0,0.0026927180939253,-0.0741392203506166,3.4291972069950933,3.4291972069950933,0.0,0.0,0.0,0.0,0.0
2021-08-17,VALIDATION,REGULAR,0.0027397260273972,2021-08-17 21:00:00+00:00,2021-08-18 21:00:00+00:00,24.0,25,1.0,0,0,0,0,0,0.0,-0.0273982802877412,0.0056430490559478,3.176855160297799,3.176855160297799,0.0,0.0,0.0,0.0,0.0
2021-08-18,VALIDATION,REGULAR,0.0027397260273972,2021-08-18 21:00:00+00:00,2021-08-19 21:00:00+00:00,24.0,25,1.0,0,0,0,0,0,0.0,0.0427628676942433,-0.0719031564729135,4.254364473771435,4.254364473771435,0.0,0.0,0.0,0.0,0.0
2021-08-19,VALIDATION,REGULAR,0.0027397260273972,2021-08-19 21:00:00+00:00,2021-08-20 21:00:00+00:00,24.0,25,1.0,0,0,0,0,0,0.0,-0.1364965403572995,0.0858191209218546,3.875998069689981,3.875998069689981,0.0,0.0,0.0,0.0,0.0
2021-08-23,VALIDATION,REGULAR,0.0027397260273972,2021-08-23 21:00:00+00:00,2021-08-24 21:00:00+00:00,24.0,25,1.0,0,0,0,0,0,0.0,-0.0345623814555295,-0.0118117185594286,4.811788676250281,4.811788676250281,0.0,0.0,0.0,0.0,0.0
2021-08-24,VALIDATION,REGULAR,0.0027397260273972,2021-08-24 21:00:00+00:00,2021-08-25 21:00:00+00:00,24.0,25,1.0,0,0,0,0,0,0.0,-0.0148908004470911,0.0033689350073586,3.1551403137013048,3.1551403137013048,0.0,0.0,0.0,0.0,0.0
2021-08-25,VALIDATION,REGULAR,0.0027397260273972,2021-08-25 21:00:00+00:00,2021-08-26 21:00:00+00:00,24.0,25,1.0,0,0,0,0,0,0.0,0.0171428836402949,-0.0314757668869676,4.340092425579059,4.340092425579059,0.0,0.0,0.0,0.0,0.0
2021-08-26,VALIDATION,REGULAR,0.0027397260273972,2021-08-26 21:00:00+00:00,2021-08-27 21:00:00+00:00,24.0,25,1.0,0,0,0,0,0,0.0,-0.0349363372537112,-0.119230039059019,4.304705861937132,4.304705861937132,0.0,0.0,0.0,0.0,0.0
2021-08-30,VALIDATION,REGULAR,0.0027397260273972,2021-08-30 21:00:00+00:00,2021-08-31 21:00:00+00:00,24.0,25,1.0,0,0,2,1,0,0.0,0.1352506897274565,-0.1945670007503821,6.717792775390138,6.717792775390138,0.0,0.0,0.0,0.0,0.0
2021-08-31,VALIDATION,REGULAR,0.0027397260273972,2021-08-31 21:00:00+00:00,2021-09-01 21:00:00+00:00,24.0,25,1.0,0,0,0,0,0,0.0,0.0997639733146862,-0.1167347829319711,4.9236977982244445,4.9236977982244445,0.0,0.0,0.0,0.0,0.0
2021-09-01,VALIDATION,REGULAR,0.0027397260273972,2021-09-01 21:00:00+00:00,2021-09-02 21:00:00+00:00,24.0,25,1.0,0,0,0,0,0,0.0,-0.121535694031408,0.0792547315313356,4.045458020769355,4.045458020769355,0.0,0.0,0.0,0.0,0.0
2021-09-02,VALIDATION,REGULAR,0.0027397260273972,2021-09-02 21:00:00+00:00,2021-09-03 21:00:00+00:00,24.0,25,1.0,0,0,0,0,0,0.0,-0.0830094436412736,0.0183732584668518,3.247246343163392,3.247246343163392,0.0,0.0,0.0,0.0,0.0
2021-09-06,VALIDATION,REGULAR,0.0027397260273972,2021-09-06 21:00:00+00:00,2021-09-07 21:00:00+00:00,24.0,25,1.0,0,0,2,1,0,0.0,-0.0480485195457731,0.0034725393576593,3.044664174600872,3.044664174600872,0.0,0.0,0.0,0.0,0.0
2021-09-07,VALIDATION,REGULAR,0.0027397260273972,2021-09-07 21:00:00+00:00,2021-09-08 21:00:00+00:00,24.0,25,1.0,0,0,0,0,0,0.0,-0.0647926170621602,0.0357321568461372,4.427074850757533,4.427074850757533,0.0,0.0,0.0,0.0,0.0
2021-09-08,VALIDATION,REGULAR,0.0027397260273972,2021-09-08 21:00:00+00:00,2021-09-09 21:00:00+00:00,24.0,25,1.0,0,0,0,0,0,0.0,-0.0457397686495539,-0.0156673438517032,2.4580124577269293,2.4580124577269293,0.0,0.0,0.0,0.0,0.0
2021-09-09,VALIDATION,REGULAR,0.0027397260273972,2021-09-09 21:00:00+00:00,2021-09-10 21:00:00+00:00,24.0,25,1.0,0,0,0,0,0,0.0,-0.0447706146841682,-0.0224790883116838,3.458819361391936,3.458819361391936,0.0,0.0,0.0,0.0,0.0
2021-09-13,VALIDATION,REGULAR,0.0027397260273972,2021-09-13 21:00:00+00:00,2021-09-14 21:00:00+00:00,24.0,25,1.0,0,0,0,0,0,0.0,0.0545091896159561,-0.0788563136371038,3.747798296689681,3.747798296689681,0.0,0.0,0.0,0.0,0.0
2021-09-14,VALIDATION,REGULAR,0.0027397260273972,2021-09-14 21:00:00+00:00,2021-09-15 21:00:00+00:00,24.0,25,1.0,0,0,0,0,0,0.0,0.0091206773576288,-0.0315333673641333,2.7205802621026285,2.7205802621026285,0.0,0.0,0.0,0.0,0.0
2021-09-15,VALIDATION,REGULAR,0.0027397260273972,2021-09-15 21:00:00+00:00,2021-09-16 21:00:00+00:00,24.0,25,1.0,0,0,0,0,0,0.0,0.1210378916837839,-0.1472212138708073,3.754289159976624,3.754289159976624,0.0,0.0,0.0,0.0,0.0
2021-09-16,VALIDATION,REGULAR,0.0027397260273972,2021-09-16 21:00:00+00:00,2021-09-17 21:00:00+00:00,24.0,25,1.0,0,0,1,1,0,0.0,-0.0811991509582981,-0.0451578336736417,2.6016401606068738,2.6016401606068738,0.0,0.0,0.0,0.0,0.0
2021-09-20,VALIDATION,REGULAR,0.0027397260273972,2021-09-20 21:00:00+00:00,2021-09-21 21:00:00+00:00,24.0,25,1.0,0,0,1,0,0,0.0,0.0195689949758417,-0.0574545608214975,5.051041427348276,5.051041427348276,0.0,0.0,0.0,0.0,0.0
2021-09-21,VALIDATION,REGULAR,0.0027397260273972,2021-09-21 21:00:00+00:00,2021-09-22 21:00:00+00:00,24.0,25,1.0,0,0,0,0,0,0.0,-0.013187465972237,-0.0378331263545135,2.8629969110290023,2.8629969110290023,0.0,0.0,0.0,0.0,0.0
2021-09-22,VALIDATION,REGULAR,0.0027397260273972,2021-09-22 21:00:00+00:00,2021-09-23 21:00:00+00:00,24.0,25,1.0,0,0,1,1,0,0.0,-0.0040432568071935,-0.0135771224931033,3.17384996770494,3.17384996770494,0.0,0.0,0.0,0.0,0.0
2021-09-23,VALIDATION,REGULAR,0.0027397260273972,2021-09-23 21:00:00+00:00,2021-09-24 21:00:00+00:00,24.0,25,1.0,0,0,0,0,0,0.0,-0.0565549503590574,-0.0431403929361096,3.4573366273148767,3.4573366273148767,0.0,0.0,0.0,0.0,0.0
2021-09-27,VALIDATION,REGULAR,0.0027397260273972,2021-09-27 21:00:00+00:00,2021-09-28 21:00:00+00:00,24.0,25,1.0,0,0,0,0,0,0.0,-0.011218170766611,-0.0221213323799673,2.832808057793644,2.832808057793644,0.0,0.0,0.0,0.0,0.0
2021-09-28,VALIDATION,REGULAR,0.0027397260273972,2021-09-28 21:00:00+00:00,2021-09-29 21:00:00+00:00,24.0,25,1.0,0,0,0,0,0,0.0,0.0850271878939565,-0.1180092567772419,4.211594053110391,4.211594053110391,0.0,0.0,0.0,0.0,0.0
2021-09-29,VALIDATION,REGULAR,0.0027397260273972,2021-09-29 21:00:00+00:00,2021-09-30 21:00:00+00:00,24.0,25,1.0,0,0,0,0,0,0.0,-0.0068687394470288,-0.0348053908006278,4.105281090670003,4.105281090670003,0.0,0.0,0.0,0.0,0.0
2021-09-30,VALIDATION,REGULAR,0.0027397260273972,2021-09-30 21:00:00+00:00,2021-10-01 21:00:00+00:00,24.0,25,1.0,0,0,0,0,0,0.0,-0.0358848420064958,-0.0670867007008837,3.867119495564341,3.867119495564341,0.0,0.0,0.0,0.0,0.0
2021-10-04,VALIDATION,REGULAR,0.0027397260273972,2021-10-04 21:00:00+00:00,2021-10-05 21:00:00+00:00,24.0,25,1.0,0,0,0,0,0,0.0,-0.0239330573526643,-0.0071825712525281,2.62633488981422,2.62633488981422,0.0,0.0,0.0,0.0,0.0
2021-10-05,VALIDATION,REGULAR,0.0027397260273972,2021-10-05 21:00:00+00:00,2021-10-06 21:00:00+00:00,24.0,25,1.0,0,0,0,0,0,0.0,-0.0858663991688075,0.0439619032170242,4.504145983290992,4.504145983290992,0.0,0.0,0.0,0.0,0.0
2021-10-06,VALIDATION,REGULAR,0.0027397260273972,2021-10-06 21:00:00+00:00,2021-10-07 21:00:00+00:00,24.0,25,1.0,0,0,0,0,0,0.0,-0.0274489969047664,-0.0228792224430378,4.744321385151064,4.744321385151064,0.0,0.0,0.0,0.0,0.0
2021-10-07,VALIDATION,REGULAR,0.0027397260273972,2021-10-07 21:00:00+00:00,2021-10-08 21:00:00+00:00,24.0,25,1.0,0,0,0,0,0,0.0,0.0333853134023485,-0.0883337165533078,3.658396292395242,3.658396292395242,0.0,0.0,0.0,0.0,0.0
2021-10-11,VALIDATION,REGULAR,0.0027397260273972,2021-10-11 21:00:00+00:00,2021-10-12 21:00:00+00:00,24.0,25,1.0,0,0,0,0,0,0.0,0.1689734714283872,-0.1928625421816576,5.213238648772344,5.213238648772344,0.0,0.0,0.0,0.0,0.0
2021-10-12,VALIDATION,REGULAR,0.0027397260273972,2021-10-12 21:00:00+00:00,2021-10-13 21:00:00+00:00,24.0,25,1.0,0,0,0,0,0,0.0,-0.083475833088201,0.0570421850876101,3.97790693816294,3.97790693816294,0.0,0.0,0.0,0.0,0.0
2021-10-13,VALIDATION,REGULAR,0.0027397260273972,2021-10-13 21:00:00+00:00,2021-10-14 21:00:00+00:00,24.0,25,1.0,0,0,0,0,0,0.0,-0.023978555175546,0.0005688181894072,3.3824887170393847,3.3824887170393847,0.0,0.0,0.0,0.0,0.0
2021-10-14,VALIDATION,REGULAR,0.0027397260273972,2021-10-14 21:00:00+00:00,2021-10-15 21:00:00+00:00,24.0,25,1.0,0,0,0,0,0,0.0,-0.0127857211402897,-0.0499698017343206,2.337616577527561,2.337616577527561,0.0,0.0,0.0,0.0,0.0
2021-10-18,VALIDATION,REGULAR,0.0027397260273972,2021-10-18 21:00:00+00:00,2021-10-19 21:00:00+00:00,24.0,25,1.0,0,0,0,0,0,0.0,-0.0764216835137219,0.0591028783014326,3.626668463604055,3.626668463604055,0.0,0.0,0.0,0.0,0.0
2021-10-19,VALIDATION,REGULAR,0.0027397260273972,2021-10-19 21:00:00+00:00,2021-10-20 21:00:00+00:00,24.0,25,1.0,0,0,0,0,0,0.0,0.0550326303369956,-0.0713606314805588,5.014103333284095,5.014103333284095,0.0,0.0,0.0,0.0,0.0
2021-10-20,VALIDATION,REGULAR,0.0027397260273972,2021-10-20 21:00:00+00:00,2021-10-21 21:00:00+00:00,24.0,25,1.0,0,0,0,0,0,0.0,0.1076406925515272,-0.1280359945373703,4.295633900943728,4.295633900943728,0.0,0.0,0.0,0.0,0.0
2021-10-21,VALIDATION,REGULAR,0.0027397260273972,2021-10-21 21:00:00+00:00,2021-10-22 21:00:00+00:00,24.0,25,1.0,0,0,0,0,0,0.0,0.0190103975207733,-0.0966543003370361,4.0936207547797245,4.0936207547797245,0.0,0.0,0.0,0.0,0.0
2021-10-25,VALIDATION,REGULAR,0.0027397260273972,2021-10-25 21:00:00+00:00,2021-10-26 21:00:00+00:00,24.0,25,1.0,0,0,0,0,0,0.0,-0.0304200009899204,-0.0185081672218814,2.611643790192455,2.611643790192455,0.0,0.0,0.0,0.0,0.0
2021-10-26,VALIDATION,REGULAR,0.0027397260273972,2021-10-26 21:00:00+00:00,2021-10-27 21:00:00+00:00,24.0,25,1.0,0,0,0,0,0,0.0,0.0242036470277895,-0.0709260307984891,2.800182123758096,2.800182123758096,0.0,0.0,0.0,0.0,0.0
2021-10-27,VALIDATION,REGULAR,0.0027397260273972,2021-10-27 21:00:00+00:00,2021-10-28 21:00:00+00:00,24.0,25,1.0,0,0,0,0,0,0.0,-0.037269645186754,0.010558231598722,3.1451669338604384,3.1451669338604384,0.0,0.0,0.0,0.0,0.0
2021-10-28,VALIDATION,REGULAR,0.0027397260273972,2021-10-28 21:00:00+00:00,2021-10-29 21:00:00+00:00,24.0,25,1.0,0,0,0,0,0,0.0,-0.1198077837075715,0.0267159610202298,2.6620202050225337,2.6620202050225337,0.0,0.0,0.0,0.0,0.0
2021-11-01,VALIDATION,REGULAR,0.0027397260273972,2021-11-01 21:00:00+00:00,2021-11-02 21:00:00+00:00,24.0,25,1.0,0,0,0,0,0,0.0,-0.0183877158518654,0.0074533063719215,3.125298110697352,3.125298110697352,0.0,0.0,0.0,0.0,0.0
2021-11-02,VALIDATION,REGULAR,0.0027397260273972,2021-11-02 21:00:00+00:00,2021-11-03 21:00:00+00:00,24.0,25,1.0,0,0,0,0,0,0.0,-0.1299141169787887,0.107184113418512,4.088557150298866,4.088557150298866,0.0,0.0,0.0,0.0,0.0
2021-11-03,VALIDATION,REGULAR,0.0027397260273972,2021-11-03 21:00:00+00:00,2021-11-04 21:00:00+00:00,24.0,25,1.0,0,0,0,0,0,0.0,0.0310799352839552,-0.081888298535901,4.320952855153218,4.320952855153218,0.0,0.0,0.0,0.0,0.0
2021-11-04,VALIDATION,REGULAR,0.0027397260273972,2021-11-04 21:00:00+00:00,2021-11-05 21:00:00+00:00,24.0,25,1.0,0,0,0,0,0,0.0,-0.0592648784533764,-0.0590026388420881,4.080040414973306,4.080040414973306,0.0,0.0,0.0,0.0,0.0
2021-11-08,VALIDATION,REGULAR,0.0027397260273972,2021-11-08 22:00:00+00:00,2021-11-09 22:00:00+00:00,24.0,25,1.0,0,0,0,0,0,0.0,0.0581603050380152,-0.0935514261840353,3.3080913984685774,3.3080913984685774,0.0,0.0,0.0,0.0,0.0
2021-11-09,VALIDATION,REGULAR,0.0027397260273972,2021-11-09 22:00:00+00:00,2021-11-10 22:00:00+00:00,24.0,25,1.0,0,0,0,0,0,0.0,-0.0499034635768396,0.0265201422156735,2.47276997328724,2.47276997328724,0.0,0.0,0.0,0.0,0.0
2021-11-10,VALIDATION,REGULAR,0.0027397260273972,2021-11-10 22:00:00+00:00,2021-11-11 22:00:00+00:00,24.0,25,1.0,0,0,0,0,0,0.0,-0.0751593795325646,0.0463158817952233,4.136925036451907,4.136925036451907,0.0,0.0,0.0,0.0,0.0
2021-11-11,VALIDATION,REGULAR,0.0027397260273972,2021-11-11 22:00:00+00:00,2021-11-12 22:00:00+00:00,24.0,25,1.0,0,0,0,0,0,0.0,-0.0707465486617593,-0.0185881313943241,4.474088443634368,4.474088443634368,0.0,0.0,0.0,0.0,0.0
2022-03-02,TEST_POST_HOC,REGULAR,0.0027397260273972,2022-03-02 22:00:00+00:00,2022-03-03 22:00:00+00:00,24.0,25,1.0,0,0,0,0,0,0.0,-0.1589512087031863,0.1344912581003683,3.44933892232872,3.44933892232872,0.0,0.0,0.0,0.0,0.0
2022-10-17,TEST_POST_HOC,REGULAR,0.0027397260273972,2022-10-17 21:00:00+00:00,2022-10-18 21:00:00+00:00,24.0,25,1.0,0,0,0,0,0,0.0,-0.5176015100241642,0.4756907595899946,3.011142494063518,3.011142494063518,0.0,0.0,0.0,0.0,0.0
2023-09-12,TEST_POST_HOC,REGULAR,0.0027397260273972,2023-09-12 21:00:00+00:00,2023-09-13 21:00:00+00:00,24.0,25,1.0,0,0,0,0,0,0.0,-0.3926500346110515,0.3571184417376116,2.508402756705493,2.508402756705493,0.0,0.0,0.0,0.0,0.0
2023-10-04,TEST_POST_HOC,REGULAR,0.0027397260273972,2023-10-04 21:00:00+00:00,2023-10-05 21:00:00+00:00,24.0,25,1.0,0,0,0,0,0,0.0,0.1838922406035976,-0.2241186013654044,3.8745056088299386,3.8745056088299386,0.0,0.0,0.0,0.0,0.0
2023-12-07,TEST_POST_HOC,REGULAR,0.0027397260273972,2023-12-07 22:00:00+00:00,2023-12-08 22:00:00+00:00,24.0,25,1.0,0,0,0,0,0,0.0,-0.1731045694515955,0.0636047552637251,3.897175350167735,3.897175350167735,0.0,0.0,0.0,0.0,0.0
2024-04-25,TEST_POST_HOC,REGULAR,0.0027397260273972,2024-04-25 21:00:00+00:00,2024-04-26 21:00:00+00:00,24.0,25,1.0,0,0,0,0,0,0.0,-0.5870062589548013,0.5177994500601528,2.283233499926117,2.283233499926117,0.0,0.0,0.0,0.0,0.0
2024-04-30,TEST_POST_HOC,REGULAR,0.0027397260273972,2024-04-30 21:00:00+00:00,2024-05-01 21:00:00+00:00,24.0,25,1.0,0,0,0,0,0,0.0,0.0539161143513808,-0.1110232701318238,2.9720527957021767,2.9720527957021767,0.0,0.0,0.0,0.0,0.0
2024-06-27,TEST_POST_HOC,REGULAR,0.0027397260273972,2024-06-27 21:00:00+00:00,2024-06-28 21:00:00+00:00,24.0,25,1.0,0,0,0,0,0,0.0,-0.2731450207889025,0.2123351137589821,3.7209103874343112,3.7209103874343112,0.0,0.0,0.0,0.0,0.0
2024-07-17,TEST_POST_HOC,REGULAR,0.0027397260273972,2024-07-17 21:00:00+00:00,2024-07-18 21:00:00+00:00,24.0,25,1.0,0,0,0,0,0,0.0,-0.0352840893992265,-0.0130823269708173,3.915050882460108,3.915050882460108,0.0,0.0,0.0,0.0,0.0
2025-01-14,TEST_POST_HOC,REGULAR,0.0027397260273972,2025-01-14 22:00:00+00:00,2025-01-15 22:00:00+00:00,24.0,25,1.0,0,0,0,0,0,0.0,-0.0382827127651808,-0.0314552721001462,2.568125169509217,2.568125169509217,0.0,0.0,0.0,0.0,0.0
2026-04-20,TEST_POST_HOC,REGULAR,0.0027397260273972,2026-04-20 21:00:00+00:00,2026-04-21 21:00:00+00:00,24.0,25,1.0,0,0,0,0,0,0.0,-0.0414271675877557,-0.060978134380548,3.360736804204083,3.360736804204083,0.0,0.0,0.0,0.0,0.0
2026-05-06,TEST_POST_HOC,REGULAR,0.0027397260273972,2026-05-06 21:00:00+00:00,2026-05-07 21:00:00+00:00,24.0,25,1.0,0,0,0,0,0,0.0,-0.3735172042414092,0.2719272600015188,3.809586777962239,3.809586777962239,0.0,0.0,0.0,0.0,0.0
