"Date","Price","Open","High","Low","Vol.","Change %"
"08/27/2012","4.0778","4.0878","4.1038","4.0697","","-0.31%"
"08/24/2012","4.0906","4.0962","4.1251","4.0772","","-0.11%"
"08/23/2012","4.0952","4.0746","4.1117","4.0592","","0.46%"
"08/22/2012","4.0765","4.0816","4.0992","4.0617","","0.18%"
"08/21/2012","4.0690","4.0665","4.0919","4.0543","","0.16%"
"08/20/2012","4.0623","4.0733","4.0878","4.0556","","-0.05%"
"08/17/2012","4.0645","4.0554","4.0940","4.0463","","0.32%"
"08/16/2012","4.0517","4.0803","4.0990","4.0444","","-0.51%"
"08/15/2012","4.0725","4.0760","4.1001","4.0674","","-0.16%"
"08/14/2012","4.0789","4.0855","4.1052","4.0710","","-0.10%"
"08/13/2012","4.0830","4.0781","4.1135","4.0675","","0.37%"
"08/10/2012","4.0678","4.0567","4.1062","4.0482","","0.48%"
"08/09/2012","4.0485","4.0690","4.0863","4.0476","","-0.21%"
"08/08/2012","4.0570","4.0749","4.1108","4.0531","","-0.35%"
"08/07/2012","4.0714","4.0397","4.0895","4.0298","","0.93%"
"08/06/2012","4.0340","4.0671","4.0795","4.0215","","-0.78%"
"08/03/2012","4.0656","4.1145","4.1255","4.0508","","-1.22%"
"08/02/2012","4.1157","4.1066","4.1392","4.0938","","0.28%"
"08/01/2012","4.1042","4.1152","4.1281","4.0892","","-0.18%"
"07/31/2012","4.1115","4.1173","4.1320","4.0963","","-0.08%"
"07/30/2012","4.1146","4.1272","4.1501","4.1085","","-0.30%"
"07/27/2012","4.1268","4.1354","4.1602","4.1111","","-0.17%"
"07/26/2012","4.1339","4.1800","4.2000","4.1198","","-1.02%"
"07/25/2012","4.1763","4.2190","4.2357","4.1737","","-0.95%"
"07/24/2012","4.2162","4.2086","4.2338","4.1880","","0.39%"
"07/23/2012","4.1997","4.1628","4.2262","4.1543","","0.91%"
"07/20/2012","4.1618","4.1492","4.1827","4.1426","","0.39%"
"07/19/2012","4.1458","4.1658","4.1814","4.1433","","-0.28%"
"07/18/2012","4.1574","4.1640","4.1944","4.1572","","-0.12%"
"07/17/2012","4.1626","4.1896","4.2033","4.1568","","-0.58%"
"07/16/2012","4.1867","4.1986","4.2114","4.1726","","0.30%"
"07/13/2012","4.1742","4.2047","4.2273","4.1791","","-0.72%"
"07/12/2012","4.2043","4.1832","4.2266","4.1645","","0.60%"
"07/11/2012","4.1793","4.1848","4.2023","4.1617","","-0.13%"
"07/10/2012","4.1848","4.2215","4.2353","4.1747","","-0.74%"
"07/09/2012","4.2159","4.2504","4.2655","4.2104","","-0.54%"
"07/06/2012","4.2390","4.2118","4.2709","4.2036","","0.77%"
"07/05/2012","4.2067","4.2159","4.2386","4.1950","","-0.13%"
"07/04/2012","4.2123","4.1947","4.2320","4.1818","","0.45%"
"07/03/2012","4.1934","4.2167","4.2315","4.1854","","-0.46%"
"07/02/2012","4.2129","4.2251","4.2445","4.2054","","-0.51%"
"06/29/2012","4.2345","4.2899","4.3038","4.2060","","-1.25%"
"06/28/2012","4.2882","4.2576","4.3093","4.2443","","0.80%"
"06/27/2012","4.2540","4.2515","4.2688","4.2391","","0.06%"
"06/26/2012","4.2516","4.2635","4.2791","4.2370","","-0.09%"
"06/25/2012","4.2553","4.2640","4.2910","4.2479","","-0.13%"
"06/22/2012","4.2609","4.2919","4.3144","4.2387","","-0.50%"
"06/21/2012","4.2825","4.2451","4.3108","4.2233","","1.32%"
"06/20/2012","4.2267","4.2487","4.2677","4.2224","","-0.32%"
"06/19/2012","4.2404","4.2773","4.2954","4.2291","","-0.79%"
"06/18/2012","4.2741","4.2418","4.3002","4.2254","","0.72%"
"06/15/2012","4.2437","4.2842","4.3152","4.2378","","-0.91%"
"06/14/2012","4.2828","4.3047","4.3366","4.2817","","-0.48%"
"06/13/2012","4.3036","4.3227","4.3459","4.2938","","-0.32%"
"06/12/2012","4.3175","4.3495","4.3645","4.3084","","-0.61%"
"06/11/2012","4.3440","4.2769","4.3662","4.2525","","1.17%"
"06/08/2012","4.2937","4.2653","4.3249","4.2597","","0.70%"
"06/07/2012","4.2637","4.3144","4.3384","4.2301","","-1.13%"
"06/06/2012","4.3124","4.3740","4.3899","4.3043","","-1.33%"
"06/05/2012","4.3705","4.3874","4.4097","4.3606","","-0.32%"
"06/04/2012","4.3845","4.4138","4.4288","4.3805","","-0.44%"
"06/01/2012","4.4038","4.3896","4.4424","4.3776","","0.33%"
"05/31/2012","4.3893","4.3929","4.4325","4.3762","","-0.08%"
"05/30/2012","4.3926","4.3567","4.4117","4.3470","","0.91%"
"05/29/2012","4.3529","4.3448","4.3774","4.3331","","0.23%"
"05/28/2012","4.3429","4.3570","4.3666","4.3292","","-0.40%"
"05/25/2012","4.3602","4.3607","4.3834","4.3358","","-0.04%"
"05/24/2012","4.3619","4.3805","4.3903","4.3332","","-0.16%"
"05/23/2012","4.3691","4.3582","4.4064","4.3354","","0.51%"
"05/22/2012","4.3470","4.3158","4.3685","4.3023","","0.86%"
"05/21/2012","4.3098","4.3464","4.3648","4.3049","","-0.75%"
"05/18/2012","4.3423","4.3597","4.3905","4.3241","","-0.30%"
"05/17/2012","4.3553","4.3567","4.3863","4.3276","","0.06%"
"05/16/2012","4.3527","4.3641","4.4143","4.3328","","0.04%"
"05/15/2012","4.3509","4.3277","4.3860","4.3005","","0.64%"
"05/14/2012","4.3234","4.2668","4.3392","4.2388","","1.64%"
"05/11/2012","4.2537","4.2326","4.2715","4.2259","","0.62%"
"05/10/2012","4.2273","4.2444","4.2631","4.2187","","-0.25%"
"05/09/2012","4.2379","4.2041","4.2611","4.1965","","0.86%"
"05/08/2012","4.2017","4.1798","4.2262","4.1669","","0.67%"
"05/07/2012","4.1738","4.1959","4.2207","4.1708","","-0.36%"
"05/04/2012","4.1890","4.1843","4.2122","4.1725","","0.41%"
"05/03/2012","4.1720","4.1599","4.1974","4.1528","","0.38%"
"05/02/2012","4.1560","4.1535","4.1977","4.1473","","0.07%"
"05/01/2012","4.1532","4.1746","4.1839","4.1472","","-0.48%"
"04/30/2012","4.1734","4.1673","4.1945","4.1598","","0.19%"
"04/27/2012","4.1654","4.1784","4.1916","4.1642","","-0.28%"
"04/26/2012","4.1769","4.1768","4.2038","4.1643","","0.10%"
"04/25/2012","4.1729","4.1945","4.2159","4.1696","","-0.46%"
"04/24/2012","4.1922","4.2098","4.2295","4.1892","","-0.30%"
"04/23/2012","4.2048","4.1907","4.2309","4.1812","","0.44%"
"04/20/2012","4.1862","4.1855","4.2128","4.1726","","0.07%"
"04/19/2012","4.1832","4.1816","4.2085","4.1712","","-0.01%"
"04/18/2012","4.1838","4.1644","4.2059","4.1554","","0.37%"
"04/17/2012","4.1685","4.1855","4.2117","4.1550","","-0.44%"
"04/16/2012","4.1871","4.1804","4.2204","4.1768","","0.19%"
"04/13/2012","4.1792","4.1714","4.1967","4.1600","","0.21%"
"04/12/2012","4.1704","4.1895","4.2103","4.1549","","-0.39%"
"04/11/2012","4.1868","4.1919","4.2228","4.1791","","-0.29%"
"04/10/2012","4.1991","4.1651","4.2222","4.1582","","0.67%"
"04/09/2012","4.1710","4.1475","4.1963","4.1480","","0.44%"
"04/06/2012","4.1528","4.1566","4.1817","4.1419","","0.00%"
"04/05/2012","4.1527","4.1515","4.1891","4.1389","","0.15%"
"04/04/2012","4.1464","4.1280","4.1717","4.1283","","0.59%"
"04/03/2012","4.1220","4.1328","4.1660","4.1202","","-0.27%"
"04/02/2012","4.1333","4.1329","4.1643","4.1260","","-0.15%"
"03/30/2012","4.1397","4.1548","4.1817","4.1368","","-0.37%"
"03/29/2012","4.1549","4.1593","4.1830","4.1482","","-0.05%"
"03/28/2012","4.1570","4.1374","4.1846","4.1365","","0.40%"
"03/27/2012","4.1403","4.1194","4.1676","4.1202","","0.46%"
"03/26/2012","4.1212","4.1452","4.1709","4.1198","","-0.73%"
"03/23/2012","4.1517","4.1616","4.1886","4.1414","","-0.02%"
"03/22/2012","4.1525","4.1427","4.1870","4.1387","","0.09%"
"03/21/2012","4.1488","4.1182","4.1758","4.1137","","0.85%"
"03/20/2012","4.1137","4.1080","4.1469","4.1008","","0.44%"
"03/19/2012","4.0958","4.1145","4.1434","4.0976","","-0.52%"
"03/16/2012","4.1171","4.1120","4.1552","4.1076","","-0.06%"
"03/15/2012","4.1195","4.1474","4.1728","4.1096","","-0.88%"
"03/14/2012","4.1559","4.1121","4.1731","4.1106","","0.94%"
"03/13/2012","4.1170","4.1068","4.1442","4.0941","","0.28%"
"03/12/2012","4.1057","4.0881","4.1332","4.0784","","0.45%"
"03/09/2012","4.0875","4.0920","4.1320","4.0833","","-0.14%"
"03/08/2012","4.0933","4.1518","4.1755","4.0930","","-1.42%"
"03/07/2012","4.1523","4.1644","4.1920","4.1455","","-0.37%"
"03/06/2012","4.1677","4.1332","4.1880","4.1194","","0.86%"
"03/05/2012","4.1321","4.0942","4.1557","4.0995","","0.73%"
"03/02/2012","4.1023","4.0954","4.1293","4.0900","","0.09%"
"03/01/2012","4.0987","4.1228","4.1517","4.0939","","-0.57%"
"02/29/2012","4.1221","4.1224","4.1547","4.0891","","-0.04%"
"02/28/2012","4.1238","4.1635","4.1875","4.1198","","-1.07%"
"02/27/2012","4.1683","4.1560","4.2053","4.1448","","0.15%"
"02/24/2012","4.1620","4.1682","4.1965","4.1418","","-0.22%"
"02/23/2012","4.1711","4.1995","4.2208","4.1635","","-0.61%"
"02/22/2012","4.1968","4.1736","4.2174","4.1590","","0.53%"
"02/21/2012","4.1746","4.1671","4.2051","4.1574","","0.18%"
"02/20/2012","4.1673","4.1672","4.1968","4.1537","","-0.34%"
"02/17/2012","4.1817","4.1930","4.2176","4.1750","","-0.31%"
"02/16/2012","4.1947","4.2055","4.2552","4.1911","","-0.26%"
"02/15/2012","4.2056","4.1759","4.2243","4.1569","","0.72%"
"02/14/2012","4.1757","4.1755","4.2147","4.1660","","-0.01%"
"02/13/2012","4.1761","4.2092","4.2227","4.1698","","-0.84%"
"02/10/2012","4.2113","4.1913","4.2481","4.1815","","0.48%"
"02/09/2012","4.1913","4.1796","4.2271","4.1679","","0.28%"
"02/08/2012","4.1794","4.1569","4.2038","4.1464","","0.59%"
"02/07/2012","4.1550","4.1697","4.2008","4.1419","","-0.39%"
"02/06/2012","4.1714","4.1545","4.1983","4.1480","","-0.01%"
"02/03/2012","4.1719","4.1860","4.2137","4.1606","","-0.30%"
"02/02/2012","4.1844","4.1863","4.2180","4.1702","","0.02%"
"02/01/2012","4.1837","4.2127","4.2510","4.1726","","-0.77%"
"01/31/2012","4.2160","4.2496","4.2726","4.2041","","-0.80%"
"01/30/2012","4.2498","4.2225","4.2790","4.2172","","0.66%"
"01/27/2012","4.2219","4.2361","4.2575","4.2062","","-0.34%"
"01/26/2012","4.2364","4.2504","4.2744","4.2159","","-0.49%"
"01/25/2012","4.2572","4.2689","4.3072","4.2539","","-0.27%"
"01/24/2012","4.2687","4.2762","4.3207","4.2563","","-0.17%"
"01/23/2012","4.2759","4.3053","4.3283","4.2640","","-0.76%"
"01/20/2012","4.3087","4.3052","4.3322","4.2936","","0.11%"
"01/19/2012","4.3041","4.3385","4.3607","4.3006","","-0.81%"
"01/18/2012","4.3393","4.3544","4.3794","4.3269","","-0.43%"
"01/17/2012","4.3582","4.3912","4.4192","4.3442","","-0.98%"
"01/16/2012","4.4013","4.4038","4.4302","4.3838","","-0.07%"
"01/13/2012","4.4044","4.3988","4.4374","4.3875","","0.09%"
"01/12/2012","4.4004","4.4600","4.4849","4.3920","","-1.31%"
"01/11/2012","4.4589","4.4516","4.4874","4.4412","","0.17%"
"01/10/2012","4.4513","4.4861","4.5137","4.4412","","-0.76%"
"01/09/2012","4.4856","4.4793","4.5129","4.4678","","-0.29%"
"01/06/2012","4.4987","4.4992","4.5214","4.4633","","-0.06%"
"01/05/2012","4.5015","4.4942","4.5401","4.4833","","0.22%"
"01/04/2012","4.4916","4.4648","4.5203","4.4477","","0.46%"
"01/03/2012","4.4712","4.4626","4.4893","4.4421","","0.25%"
"01/02/2012","4.4602","4.4604","4.4936","4.4460","","0.19%"
"12/30/2011","4.4516","4.4041","4.4900","4.3947","","1.04%"
"12/29/2011","4.4058","4.4021","4.4747","4.3822","","0.20%"
"12/28/2011","4.3969","4.3971","4.4200","4.3739","","0.11%"
"12/27/2011","4.3920","4.4240","4.4483","4.3912","","-0.63%"
"12/26/2011","4.4199","4.4210","4.4514","4.4187","","-0.24%"
"12/23/2011","4.4304","4.4354","4.4600","4.4198","","-0.06%"
"12/22/2011","4.4329","4.4459","4.4730","4.4240","","-0.24%"
"12/21/2011","4.4437","4.4453","4.4749","4.4284","","-0.06%"
"12/20/2011","4.4465","4.4853","4.5071","4.4396","","-0.90%"
"12/19/2011","4.4869","4.4874","4.5185","4.4702","","-0.16%"
"12/16/2011","4.4941","4.5220","4.5390","4.4747","","-0.62%"
"12/15/2011","4.5221","4.5500","4.5832","4.5073","","-0.72%"
"12/14/2011","4.5547","4.5650","4.6041","4.5421","","-0.23%"
"12/13/2011","4.5654","4.5548","4.5822","4.5317","","0.43%"
"12/12/2011","4.5459","4.5058","4.5746","4.5001","","0.89%"
"12/09/2011","4.5058","4.5043","4.5412","4.4971","","-0.02%"
"12/08/2011","4.5067","4.4577","4.5324","4.4517","","1.05%"
"12/07/2011","4.4600","4.4668","4.4892","4.4483","","-0.14%"
"12/06/2011","4.4662","4.4613","4.4885","4.4410","","0.09%"
"12/05/2011","4.4622","4.4788","4.5054","4.4342","","-0.51%"
"12/02/2011","4.4852","4.4780","4.5052","4.4574","","0.17%"
"12/01/2011","4.4777","4.5012","4.5244","4.4744","","-0.53%"
"11/30/2011","4.5014","4.5176","4.5619","4.4761","","-0.45%"
"11/29/2011","4.5216","4.5259","4.5494","4.4977","","0.13%"
"11/28/2011","4.5159","4.5272","4.5493","4.4973","","-0.63%"
"11/25/2011","4.5446","4.4924","4.5597","4.4755","","1.12%"
"11/24/2011","4.4942","4.4870","4.5082","4.4686","","0.01%"
"11/23/2011","4.4937","4.4540","4.5083","4.4357","","0.95%"
"11/22/2011","4.4513","4.4625","4.4837","4.4328","","-0.14%"
"11/21/2011","4.4577","4.4175","4.4862","4.4140","","0.78%"
"11/18/2011","4.4232","4.4419","4.4556","4.4029","","-0.39%"
"11/17/2011","4.4405","4.4394","4.4627","4.4072","","-0.21%"
"11/16/2011","4.4500","4.4361","4.4577","4.3872","","0.35%"
"11/15/2011","4.4346","4.4017","4.4433","4.3872","","0.63%"
"11/14/2011","4.4070","4.3747","4.4239","4.3681","","1.00%"
"11/11/2011","4.3635","4.4190","4.4397","4.3702","","-1.24%"
"11/10/2011","4.4183","4.3930","4.4354","4.3717","","0.55%"
"11/09/2011","4.3943","4.3354","4.4133","4.3348","","1.24%"
"11/08/2011","4.3406","4.3627","4.3809","4.3346","","-0.41%"
"11/07/2011","4.3583","4.3597","4.3911","4.3459","","0.00%"
"11/04/2011","4.3585","4.3263","4.3843","4.3238","","0.77%"
"11/03/2011","4.3250","4.3786","4.4148","4.3214","","-0.94%"
"11/02/2011","4.3660","4.4321","4.4696","4.3556","","-1.49%"
"11/01/2011","4.4322","4.3928","4.4900","4.3834","","0.83%"
"10/31/2011","4.3956","4.3347","4.4166","4.3172","","1.58%"
"10/28/2011","4.3271","4.2882","4.3507","4.2867","","0.90%"
"10/27/2011","4.2885","4.3751","4.3889","4.2800","","-1.97%"
"10/26/2011","4.3746","4.3662","4.3998","4.3536","","0.45%"
"10/25/2011","4.3552","4.3664","4.3950","4.3457","","-0.19%"
"10/24/2011","4.3634","4.3901","4.4016","4.3483","","-0.51%"
"10/21/2011","4.3859","4.3985","4.4154","4.3685","","-0.22%"
"10/20/2011","4.3955","4.3417","4.4264","4.3424","","1.27%"
"10/19/2011","4.3404","4.3541","4.3619","4.3244","","-0.31%"
"10/18/2011","4.3540","4.3513","4.3840","4.3271","","0.03%"
"10/17/2011","4.3526","4.3016","4.3707","4.2639","","1.26%"
"10/14/2011","4.2986","4.2978","4.3182","4.2821","","-0.02%"
"10/13/2011","4.2993","4.2872","4.3248","4.2818","","0.27%"
"10/12/2011","4.2876","4.3025","4.3331","4.2791","","-0.55%"
"10/11/2011","4.3115","4.3068","4.3439","4.2885","","0.10%"
"10/10/2011","4.3074","4.3664","4.3824","4.2972","","-1.57%"
"10/07/2011","4.3759","4.3755","4.3993","4.3472","","0.10%"
"10/06/2011","4.3715","4.3755","4.3968","4.3628","","-0.11%"
"10/05/2011","4.3762","4.3952","4.4183","4.3666","","-0.30%"
"10/04/2011","4.3895","4.4073","4.4289","4.3818","","-0.40%"
"10/03/2011","4.4071","4.4244","4.4428","4.3728","","-0.24%"
"09/30/2011","4.4177","4.4240","4.4475","4.3951","","-0.14%"
"09/29/2011","4.4241","4.4482","4.4643","4.3881","","-0.32%"
"09/28/2011","4.4382","4.3968","4.4676","4.3696","","1.12%"
"09/27/2011","4.3889","4.4220","4.4294","4.3572","","-0.76%"
"09/26/2011","4.4227","4.3755","4.4398","4.3720","","1.18%"
"09/23/2011","4.3712","4.5175","4.5263","4.3675","","-3.05%"
"09/22/2011","4.5087","4.4709","4.5387","4.4329","","0.89%"
"09/21/2011","4.4689","4.3695","4.4865","4.3596","","2.17%"
"09/20/2011","4.3740","4.3627","4.3892","4.3512","","0.17%"
"09/19/2011","4.3667","4.3035","4.3914","4.2989","","1.85%"
"09/16/2011","4.2873","4.3169","4.3515","4.2767","","-0.70%"
"09/15/2011","4.3177","4.3846","4.4068","4.3022","","-1.53%"
"09/14/2011","4.3846","4.3310","4.4078","4.3233","","1.32%"
"09/13/2011","4.3275","4.3255","4.3703","4.3124","","0.08%"
"09/12/2011","4.3240","4.2952","4.3455","4.2650","","0.64%"
"09/09/2011","4.2965","4.2554","4.3512","4.2355","","0.99%"
"09/08/2011","4.2543","4.2000","4.2667","4.1991","","1.42%"
"09/07/2011","4.1948","4.2290","4.2456","4.1969","","-0.89%"
"09/06/2011","4.2323","4.2161","4.2559","4.1991","","0.44%"
"09/05/2011","4.2139","4.1846","4.2261","4.1696","","0.76%"
"09/02/2011","4.1822","4.1408","4.2021","4.1385","","0.97%"
"09/01/2011","4.1420","4.1309","4.1617","4.1185","","0.25%"
"08/31/2011","4.1315","4.1502","4.1596","4.1246","","-0.44%"
"08/30/2011","4.1499","4.1416","4.1627","4.1225","","0.18%"
"08/29/2011","4.1425","4.1592","4.1881","4.1397","","-0.12%"
"08/26/2011","4.1474","4.1653","4.1849","4.1481","","-0.52%"
"08/25/2011","4.1690","4.1620","4.1782","4.1462","","0.24%"
"08/24/2011","4.1592","4.1352","4.1770","4.1368","","0.48%"
"08/23/2011","4.1394","4.1644","4.1752","4.1350","","-0.59%"
"08/22/2011","4.1638","4.1825","4.1936","4.1536","","-0.19%"
"08/19/2011","4.1718","4.1835","4.2019","4.1630","","-0.10%"
"08/18/2011","4.1759","4.1348","4.2282","4.1296","","0.99%"
"08/17/2011","4.1349","4.1420","4.1636","4.1185","","-0.09%"
"08/16/2011","4.1388","4.1353","4.1670","4.1290","","0.07%"
"08/15/2011","4.1360","4.1532","4.1754","4.1208","","-0.52%"
"08/12/2011","4.1576","4.1417","4.1846","4.1276","","0.38%"
"08/11/2011","4.1420","4.2237","4.2380","4.1274","","-1.88%"
"08/10/2011","4.2214","4.0726","4.2344","4.0674","","3.64%"
"08/09/2011","4.0733","4.0712","4.1356","4.0615","","0.08%"
"08/08/2011","4.0701","4.0364","4.0855","4.0295","","1.04%"
"08/05/2011","4.0284","4.0416","4.0703","4.0225","","-0.21%"
"08/04/2011","4.0368","4.0217","4.0525","4.0068","","0.46%"
"08/03/2011","4.0182","4.0308","4.0472","4.0077","","-0.18%"
"08/02/2011","4.0253","3.9907","4.0372","3.9896","","0.76%"
"08/01/2011","3.9951","3.9953","4.0072","3.9761","","0.01%"
"07/29/2011","3.9949","4.0058","4.0210","3.9846","","-0.29%"
"07/28/2011","4.0067","4.0339","4.0381","3.9948","","-0.34%"
"07/27/2011","4.0203","3.9906","4.0323","3.9893","","0.62%"
"07/26/2011","3.9956","4.0013","4.0129","3.9852","","-0.24%"
"07/25/2011","4.0052","3.9769","4.0202","3.9781","","0.60%"
"07/22/2011","3.9815","3.9773","3.9977","3.9681","","0.11%"
"07/21/2011","3.9772","3.9898","4.0148","3.9730","","-0.30%"
"07/20/2011","3.9890","4.0098","4.0215","3.9847","","-0.56%"
"07/19/2011","4.0114","4.0274","4.0529","4.0054","","-0.52%"
"07/18/2011","4.0323","4.0192","4.0488","4.0162","","0.50%"
"07/15/2011","4.0121","4.0203","4.0470","4.0047","","-0.21%"
"07/14/2011","4.0204","4.0124","4.0498","4.0040","","0.33%"
"07/13/2011","4.0073","4.0331","4.0699","4.0048","","-0.63%"
"07/12/2011","4.0326","3.9999","4.0668","3.9911","","0.85%"
"07/11/2011","3.9987","3.9474","4.0071","3.9379","","1.34%"
"07/08/2011","3.9460","3.9312","3.9644","3.9129","","0.56%"
"07/07/2011","3.9239","3.9526","3.9592","3.9228","","-0.53%"
"07/06/2011","3.9449","3.9426","3.9649","3.9353","","-0.16%"
"07/05/2011","3.9513","3.9392","3.9793","3.9247","","0.41%"
"07/04/2011","3.9353","3.9361","3.9516","3.9337","","-0.04%"
"07/01/2011","3.9369","3.9700","3.9835","3.9357","","-0.87%"
"06/30/2011","3.9716","3.9863","4.0082","3.9717","","-0.21%"
"06/29/2011","3.9800","4.0018","4.0261","3.9775","","-0.66%"
"06/28/2011","4.0064","3.9947","4.0213","3.9906","","0.28%"
"06/27/2011","3.9954","3.9843","4.0118","3.9677","","0.29%"
"06/24/2011","3.9837","3.9959","4.0072","3.9775","","-0.03%"
"06/23/2011","3.9850","3.9768","4.0220","3.9652","","0.09%"
"06/22/2011","3.9815","3.9783","4.0077","3.9728","","0.18%"
"06/21/2011","3.9743","3.9799","3.9972","3.9702","","-0.23%"
"06/20/2011","3.9834","3.9773","4.0019","3.9684","","0.31%"
"06/17/2011","3.9712","3.9930","4.0138","3.9602","","-0.21%"
"06/16/2011","3.9794","3.9413","4.0083","3.9317","","0.91%"
"06/15/2011","3.9436","3.9244","3.9656","3.9213","","0.45%"
"06/14/2011","3.9258","3.9318","3.9532","3.9186","","-0.03%"
"06/13/2011","3.9268","3.9266","3.9428","3.9227","","-0.20%"
"06/10/2011","3.9347","3.9479","3.9530","3.9192","","-0.14%"
"06/09/2011","3.9403","3.9426","3.9763","3.9367","","-0.15%"
"06/08/2011","3.9463","3.9380","3.9644","3.9366","","0.23%"
"06/07/2011","3.9374","3.9513","3.9774","3.9341","","-0.39%"
"06/06/2011","3.9529","3.9500","3.9730","3.9454","","0.12%"
"06/03/2011","3.9480","3.9439","3.9681","3.9443","","0.16%"
"06/02/2011","3.9415","3.9626","3.9799","3.9414","","-0.64%"
"06/01/2011","3.9667","3.9451","3.9748","3.9378","","0.58%"
"05/31/2011","3.9437","3.9697","3.9938","3.9377","","-0.77%"
"05/30/2011","3.9744","3.9639","3.9819","3.9616","","0.27%"
"05/27/2011","3.9638","3.9786","4.0021","3.9521","","-0.35%"
"05/26/2011","3.9776","3.9575","3.9940","3.9533","","0.40%"
"05/25/2011","3.9618","3.9459","3.9753","3.9319","","0.47%"
"05/24/2011","3.9431","3.9388","3.9617","3.9376","","-0.06%"
"05/23/2011","3.9454","3.9180","3.9646","3.9016","","0.76%"
"05/20/2011","3.9156","3.9120","3.9450","3.9092","","0.04%"
"05/19/2011","3.9139","3.9135","3.9288","3.9103","","0.12%"
"05/18/2011","3.9091","3.9172","3.9346","3.9080","","-0.31%"
"05/17/2011","3.9212","3.9235","3.9471","3.9033","","-0.16%"
"05/16/2011","3.9276","3.9337","3.9473","3.9205","","-0.18%"
"05/13/2011","3.9348","3.9075","3.9464","3.9043","","0.82%"
"05/12/2011","3.9029","3.9055","3.9292","3.8912","","-0.13%"
"05/11/2011","3.9080","3.9208","3.9393","3.8881","","-0.31%"
"05/10/2011","3.9200","3.9243","3.9534","3.9160","","-0.15%"
"05/09/2011","3.9259","3.9386","3.9613","3.9145","","-0.64%"
"05/06/2011","3.9513","3.9630","3.9739","3.9293","","-0.24%"
"05/05/2011","3.9608","3.9452","3.9757","3.9337","","0.39%"
"05/04/2011","3.9456","3.9381","3.9584","3.9212","","0.23%"
"05/03/2011","3.9365","3.9174","3.9540","3.8989","","0.49%"
"05/02/2011","3.9173","3.9259","3.9465","3.9189","","-0.25%"
"04/29/2011","3.9271","3.9347","3.9531","3.9237","","-0.22%"
"04/28/2011","3.9358","3.9211","3.9601","3.9178","","0.32%"
"04/27/2011","3.9231","3.9345","3.9626","3.9204","","-0.38%"
"04/26/2011","3.9381","3.9349","3.9626","3.9250","","-0.08%"
"04/25/2011","3.9413","3.9368","3.9713","3.9278","","-0.12%"
"04/22/2011","3.9460","3.9238","3.9693","3.9269","","0.54%"
"04/21/2011","3.9248","3.9652","3.9906","3.9303","","-1.10%"
"04/20/2011","3.9684","3.9648","3.9927","3.9520","","0.14%"
"04/19/2011","3.9628","3.9874","4.0087","3.9585","","-0.60%"
"04/18/2011","3.9869","3.9370","4.0060","3.9257","","1.32%"
"04/15/2011","3.9349","3.9435","3.9846","3.9362","","-0.25%"
"04/14/2011","3.9447","3.9576","3.9849","3.9299","","-0.37%"
"04/13/2011","3.9593","3.9812","4.0029","3.9429","","-0.56%"
"04/12/2011","3.9815","3.9612","4.0085","3.9489","","0.41%"
"04/11/2011","3.9653","3.9609","3.9948","3.9471","","0.28%"
"04/08/2011","3.9544","3.9644","3.9991","3.9436","","-0.17%"
"04/07/2011","3.9611","3.9680","3.9949","3.9510","","-0.17%"
"04/06/2011","3.9680","3.9911","4.0280","3.9605","","-0.59%"
"04/05/2011","3.9917","4.0207","4.0378","3.9889","","-0.74%"
"04/04/2011","4.0213","4.0127","4.0474","4.0072","","0.25%"
"04/01/2011","4.0112","4.0220","4.0506","4.0092","","-0.24%"
"03/31/2011","4.0210","4.0139","4.0436","4.0008","","0.19%"
"03/30/2011","4.0133","3.9926","4.0309","3.9775","","0.55%"
"03/29/2011","3.9914","3.9973","4.0244","3.9753","","-0.16%"
"03/28/2011","3.9977","4.0139","4.0325","3.9849","","-0.09%"
"03/25/2011","4.0014","4.0121","4.0303","3.9972","","-0.28%"
"03/24/2011","4.0127","4.0258","4.0388","4.0104","","-0.45%"
"03/23/2011","4.0310","4.0307","4.0580","4.0196","","0.03%"
"03/22/2011","4.0297","4.0240","4.0473","4.0108","","0.42%"
"03/21/2011","4.0127","4.0657","4.0810","4.0178","","-1.22%"
"03/18/2011","4.0621","4.0618","4.0895","4.0303","","-0.08%"
"03/17/2011","4.0655","4.0925","4.1461","4.0541","","-0.58%"
"03/16/2011","4.0894","4.0366","4.1128","4.0232","","1.15%"
"03/15/2011","4.0429","4.0281","4.0821","4.0167","","0.36%"
"03/14/2011","4.0283","3.9880","4.0550","3.9885","","0.73%"
"03/11/2011","3.9991","4.0150","4.0506","3.9894","","-0.43%"
"03/10/2011","4.0162","3.9796","4.0281","3.9582","","0.91%"
"03/09/2011","3.9800","3.9670","3.9969","3.9518","","0.32%"
"03/08/2011","3.9675","3.9647","3.9998","3.9514","","0.00%"
"03/07/2011","3.9675","3.9732","3.9980","3.9607","","-0.16%"
"03/04/2011","3.9738","3.9858","4.0165","3.9680","","-0.29%"
"03/03/2011","3.9855","3.9707","4.0074","3.9609","","0.34%"
"03/02/2011","3.9720","3.9866","3.9991","3.9573","","-0.42%"
"03/01/2011","3.9887","3.9541","3.9966","3.9421","","0.88%"
"02/28/2011","3.9538","3.9617","3.9920","3.9445","","0.07%"
"02/25/2011","3.9509","3.9773","4.0146","3.9591","","-0.65%"
"02/24/2011","3.9766","3.9741","4.0128","3.9647","","0.07%"
"02/23/2011","3.9737","3.9692","4.0065","3.9475","","0.05%"
"02/22/2011","3.9719","3.9403","4.0031","3.9114","","0.90%"
"02/21/2011","3.9365","3.9079","3.9574","3.9028","","0.65%"
"02/18/2011","3.9110","3.9013","3.9483","3.8918","","0.27%"
"02/17/2011","3.9004","3.9039","3.9332","3.8907","","-0.12%"
"02/16/2011","3.9049","3.9266","3.9494","3.8981","","-0.54%"
"02/15/2011","3.9261","3.9424","3.9670","3.9062","","-0.51%"
"02/14/2011","3.9464","3.9092","3.9622","3.9025","","0.84%"
"02/11/2011","3.9134","3.9167","3.9430","3.9034","","-0.11%"
"02/10/2011","3.9176","3.9015","3.9456","3.8969","","0.33%"
"02/09/2011","3.9047","3.8858","3.9245","3.8742","","0.49%"
"02/08/2011","3.8856","3.8721","3.9100","3.8630","","0.22%"
"02/07/2011","3.8770","3.8787","3.9011","3.8406","","-0.11%"
"02/04/2011","3.8814","3.9015","3.9201","3.8717","","-0.52%"
"02/03/2011","3.9015","3.9027","3.9289","3.8888","","0.00%"
"02/02/2011","3.9014","3.8941","3.9287","3.8856","","0.14%"
"02/01/2011","3.8959","3.9301","3.9531","3.8895","","-0.87%"
"01/31/2011","3.9300","3.9368","3.9738","3.9118","","-0.35%"
"01/28/2011","3.9437","3.9029","3.9621","3.8840","","1.08%"
"01/27/2011","3.9015","3.8806","3.9179","3.8652","","0.55%"
"01/26/2011","3.8802","3.8775","3.9065","3.8587","","0.03%"
"01/25/2011","3.8792","3.8707","3.8992","3.8539","","0.18%"
"01/24/2011","3.8724","3.8720","3.9020","3.8555","","0.54%"
"01/21/2011","3.8517","3.8899","3.9279","3.8594","","-1.07%"
"01/20/2011","3.8934","3.8680","3.9353","3.8495","","0.67%"
"01/19/2011","3.8674","3.8680","3.9047","3.8557","","-0.02%"
"01/18/2011","3.8680","3.8645","3.8853","3.8510","","0.11%"
"01/17/2011","3.8636","3.8652","3.9024","3.8528","","-0.19%"
"01/14/2011","3.8711","3.8730","3.9066","3.8601","","-0.02%"
"01/13/2011","3.8717","3.8369","3.9092","3.8256","","0.85%"
"01/12/2011","3.8389","3.8542","3.8844","3.8265","","-0.40%"
"01/11/2011","3.8545","3.9025","3.9248","3.8445","","-1.33%"
"01/10/2011","3.9064","3.8796","3.9213","3.8721","","0.63%"
"01/07/2011","3.8821","3.8702","3.8980","3.8452","","0.31%"
"01/06/2011","3.8700","3.8679","3.8935","3.8409","","0.06%"
"01/05/2011","3.8675","3.8840","3.9263","3.8631","","-0.42%"
"01/04/2011","3.8840","3.9500","3.9700","3.8823","","-1.59%"
"01/03/2011","3.9469","3.9534","3.9821","3.9391","","-0.14%"
"12/31/2010","3.9523","3.9562","3.9874","3.9446","","-0.11%"
"12/30/2010","3.9565","3.9634","3.9811","3.9509","","-0.21%"
"12/29/2010","3.9650","3.9863","4.0031","3.9574","","-0.64%"
"12/28/2010","3.9906","3.9775","4.0116","3.9659","","0.30%"
"12/27/2010","3.9786","3.9583","3.9943","3.9552","","1.10%"
"12/24/2010","3.9354","3.9620","4.0033","3.9466","","-0.66%"
"12/23/2010","3.9615","3.9852","4.0081","3.9542","","-0.48%"
"12/22/2010","3.9805","3.9990","4.0185","3.9778","","-0.52%"
"12/21/2010","4.0014","4.0015","4.0261","3.9747","","0.12%"
"12/20/2010","3.9966","3.9738","4.0110","3.9744","","0.39%"
"12/17/2010","3.9812","3.9814","4.0193","3.9687","","-0.08%"
"12/16/2010","3.9842","3.9884","4.0135","3.9600","","-0.10%"
"12/15/2010","3.9881","3.9842","4.0045","3.9677","","0.01%"
"12/14/2010","3.9877","3.9919","4.0273","3.9713","","-0.10%"
"12/13/2010","3.9918","4.0191","4.0454","3.9851","","-0.56%"
"12/10/2010","4.0142","4.0286","4.0525","4.0130","","-0.45%"
"12/09/2010","4.0325","4.0251","4.0684","4.0149","","0.23%"
"12/08/2010","4.0233","4.0159","4.0673","3.9976","","0.03%"
"12/07/2010","4.0221","4.0028","4.0551","3.9912","","0.41%"
"12/06/2010","4.0055","3.9748","4.0409","3.9668","","0.80%"
"12/03/2010","3.9738","3.9844","4.0176","3.9662","","-0.24%"
"12/02/2010","3.9835","3.9985","4.0461","3.9758","","-0.40%"
"12/01/2010","3.9994","4.0223","4.0367","3.9966","","-0.62%"
"11/30/2010","4.0242","4.0837","4.1169","4.0096","","-1.37%"
"11/29/2010","4.0799","4.0277","4.1117","4.0088","","1.15%"
"11/26/2010","4.0336","3.9649","4.0530","3.9613","","1.55%"
"11/25/2010","3.9720","3.9586","3.9935","3.9346","","0.42%"
"11/24/2010","3.9553","3.9789","3.9944","3.9500","","-0.54%"
"11/23/2010","3.9769","3.9443","3.9889","3.9256","","0.98%"
"11/22/2010","3.9383","3.9329","3.9670","3.9077","","0.21%"
"11/19/2010","3.9299","3.9322","3.9728","3.9205","","-0.02%"
"11/18/2010","3.9307","3.9473","3.9720","3.9251","","-0.50%"
"11/17/2010","3.9505","3.9625","3.9879","3.9444","","-0.30%"
"11/16/2010","3.9624","3.9233","3.9732","3.9108","","0.96%"
"11/15/2010","3.9246","3.9408","3.9651","3.9200","","-0.39%"
"11/12/2010","3.9399","3.9228","3.9671","3.9078","","0.40%"
"11/11/2010","3.9242","3.8858","3.9456","3.8752","","0.97%"
"11/10/2010","3.8864","3.9008","3.9209","3.8747","","-0.35%"
"11/09/2010","3.9000","3.9296","3.9572","3.8855","","-0.78%"
"11/08/2010","3.9305","3.9096","3.9584","3.8817","","0.70%"
"11/05/2010","3.9033","3.9056","3.9332","3.8865","","0.20%"
"11/04/2010","3.8957","3.9062","3.9374","3.8851","","-0.23%"
"11/03/2010","3.9046","3.9423","3.9599","3.9010","","-0.94%"
"11/02/2010","3.9417","3.9656","3.9858","3.9345","","-0.54%"
"11/01/2010","3.9631","3.9369","3.9937","3.9486","","0.08%"
"10/29/2010","3.9601","3.9711","4.0027","3.9492","","-0.09%"
"10/28/2010","3.9636","3.9598","4.0039","3.9461","","0.12%"
"10/27/2010","3.9588","3.9282","3.9797","3.9182","","0.78%"
"10/26/2010","3.9281","3.9229","3.9470","3.9129","","0.11%"
"10/25/2010","3.9239","3.9562","3.9808","3.9142","","-0.86%"
"10/22/2010","3.9580","3.9768","3.9943","3.9505","","-0.47%"
"10/21/2010","3.9768","3.9466","3.9918","3.9381","","0.71%"
"10/20/2010","3.9486","3.9590","3.9915","3.9384","","-0.43%"
"10/19/2010","3.9658","3.9198","3.9826","3.9120","","1.16%"
"10/18/2010","3.9203","3.8953","3.9396","3.8885","","0.73%"
"10/15/2010","3.8920","3.8927","3.9301","3.8807","","-0.05%"
"10/14/2010","3.8940","3.9020","3.9350","3.8817","","-0.21%"
"10/13/2010","3.9020","3.9563","3.9786","3.8945","","-1.17%"
"10/12/2010","3.9483","3.9485","3.9929","3.9420","","-0.01%"
"10/11/2010","3.9487","3.9590","3.9932","3.9350","","-0.33%"
"10/08/2010","3.9619","3.9719","4.0224","3.9561","","-0.24%"
"10/07/2010","3.9713","3.9638","4.0003","3.9481","","0.31%"
"10/06/2010","3.9589","3.9427","3.9840","3.9191","","0.13%"
"10/05/2010","3.9539","3.9530","3.9867","3.9352","","-0.14%"
"10/04/2010","3.9593","3.9249","3.9770","3.9285","","0.46%"
"10/01/2010","3.9413","3.9591","4.0011","3.9258","","-0.82%"
"09/30/2010","3.9738","3.9771","4.0109","3.9468","","0.16%"
"09/29/2010","3.9676","3.9735","4.0074","3.9553","","0.06%"
"09/28/2010","3.9652","3.9523","4.0049","3.9385","","0.31%"
"09/27/2010","3.9531","3.9491","3.9745","3.9388","","0.16%"
"09/24/2010","3.9466","3.9596","3.9949","3.9417","","-0.38%"
"09/23/2010","3.9618","3.9365","3.9887","3.9375","","0.29%"
"09/22/2010","3.9502","3.9342","3.9691","3.9262","","0.30%"
"09/21/2010","3.9383","3.9355","3.9754","3.9248","","0.02%"
"09/20/2010","3.9376","3.9341","3.9774","3.9263","","-0.31%"
"09/17/2010","3.9498","3.9529","3.9738","3.9364","","-0.04%"
"09/16/2010","3.9515","3.9345","3.9712","3.9204","","0.35%"
"09/15/2010","3.9376","3.9249","3.9542","3.9100","","0.37%"
"09/14/2010","3.9232","3.9285","3.9599","3.9118","","-0.19%"
"09/13/2010","3.9308","3.9282","3.9719","3.9003","","-0.07%"
"09/10/2010","3.9335","3.9342","3.9567","3.9073","","-0.10%"
"09/09/2010","3.9373","3.9415","3.9664","3.9031","","-0.06%"
"09/08/2010","3.9398","3.9411","3.9731","3.9234","","-0.08%"
"09/07/2010","3.9429","3.9238","3.9603","3.9064","","0.70%"
"09/06/2010","3.9154","3.9292","3.9805","3.9139","","-0.43%"
"09/03/2010","3.9324","3.9524","3.9867","3.9264","","-0.94%"
"09/02/2010","3.9699","3.9646","4.0083","3.9353","","0.08%"
"09/01/2010","3.9668","3.9913","4.0272","3.9529","","-0.84%"
"08/31/2010","4.0005","3.9849","4.0206","3.9675","","0.22%"
"08/30/2010","3.9916","3.9546","4.0086","3.9489","","0.89%"
"08/27/2010","3.9562","3.9914","4.0090","3.9548","","-1.05%"
"08/26/2010","3.9983","3.9925","4.0177","3.9635","","0.33%"
"08/25/2010","3.9852","4.0008","4.0256","3.9763","","-0.33%"
"08/24/2010","3.9983","3.9930","4.0401","3.9860","","-0.42%"
"08/23/2010","4.0152","3.9685","4.0264","3.9191","","1.13%"
"08/20/2010","3.9704","3.9499","3.9934","3.9356","","0.53%"
"08/19/2010","3.9495","3.9401","3.9854","3.9082","","0.36%"
"08/18/2010","3.9355","3.9368","3.9726","3.9220","","-0.19%"
"08/17/2010","3.9428","3.9723","3.9958","3.9281","","-0.76%"
"08/16/2010","3.9728","3.9967","4.0221","3.9659","","-0.59%"
"08/13/2010","3.9963","3.9961","4.0354","3.9635","","-0.13%"
"08/12/2010","4.0014","4.0026","4.0367","3.9699","","-0.23%"
"08/11/2010","4.0106","3.9720","4.0247","3.9489","","1.10%"
"08/10/2010","3.9669","3.9638","4.0070","3.9420","","0.12%"
"08/09/2010","3.9621","3.9846","4.0079","3.9543","","-0.61%"
"08/06/2010","3.9863","3.9894","4.0053","3.9591","","-0.04%"
"08/05/2010","3.9877","3.9825","4.0074","3.9693","","0.19%"
"08/04/2010","3.9802","3.9991","4.0288","3.9661","","-0.49%"
"08/03/2010","3.9998","3.9749","4.0503","3.9675","","0.58%"
"08/02/2010","3.9769","4.0052","4.0362","3.9668","","-0.63%"
"07/30/2010","4.0022","4.0034","4.0278","3.9840","","-0.04%"
"07/29/2010","4.0038","3.9975","4.0319","3.9841","","0.13%"
"07/28/2010","3.9985","3.9923","4.0299","3.9790","","-0.10%"
"07/27/2010","4.0026","4.0161","4.0510","3.9828","","-0.47%"
"07/26/2010","4.0216","4.0554","4.0822","4.0113","","-0.74%"
"07/23/2010","4.0515","4.0768","4.1159","4.0490","","-0.38%"
"07/22/2010","4.0671","4.1059","4.1339","4.0723","","-0.67%"
"07/21/2010","4.0944","4.1050","4.1281","4.0857","","-0.28%"
"07/20/2010","4.1061","4.1287","4.1450","4.0993","","-0.41%"
"07/19/2010","4.1230","4.1392","4.1617","4.1109","","0.88%"
"07/16/2010","4.0869","4.0752","4.1267","4.0592","","0.47%"
"07/15/2010","4.0676","4.0491","4.1018","4.0467","","0.44%"
"07/14/2010","4.0498","4.0648","4.0938","4.0456","","-0.38%"
"07/13/2010","4.0653","4.0650","4.0966","4.0567","","0.29%"
"07/12/2010","4.0537","4.0560","4.0926","4.0561","","-0.19%"
"07/09/2010","4.0615","4.0755","4.0904","4.0596","","-0.34%"
"07/08/2010","4.0755","4.0814","4.1210","4.0648","","-0.37%"
"07/07/2010","4.0908","4.0955","4.1314","4.0794","","-0.27%"
"07/06/2010","4.1017","4.1033","4.1388","4.0871","","-0.19%"
"07/05/2010","4.1094","4.1357","4.1546","4.1042","","-0.66%"
"07/02/2010","4.1369","4.1557","4.1756","4.1270","","-0.52%"
"07/01/2010","4.1584","4.1398","4.1804","4.1354","","0.50%"
"06/30/2010","4.1376","4.1446","4.1860","4.1174","","-0.51%"
"06/29/2010","4.1590","4.1382","4.1934","4.1353","","0.12%"
"06/28/2010","4.1541","4.0943","4.1650","4.0927","","1.03%"
"06/25/2010","4.1119","4.1079","4.1472","4.1013","","0.09%"
"06/24/2010","4.1081","4.0666","4.1427","4.0528","","1.40%"
"06/23/2010","4.0513","4.0588","4.0991","4.0484","","-0.18%"
"06/22/2010","4.0588","4.0505","4.0697","4.0288","","0.15%"
"06/21/2010","4.0529","4.0281","4.0674","4.0052","","0.34%"
"06/18/2010","4.0392","4.0699","4.0848","4.0301","","-0.76%"
"06/17/2010","4.0700","4.0522","4.1000","4.0444","","0.46%"
"06/16/2010","4.0515","4.0530","4.0979","4.0392","","-0.09%"
"06/15/2010","4.0550","4.0746","4.0889","4.0432","","-0.48%"
"06/14/2010","4.0747","4.0972","4.1174","4.0582","","-0.64%"
"06/11/2010","4.1008","4.0825","4.1202","4.0684","","0.67%"
"06/10/2010","4.0736","4.1416","4.1469","4.0709","","-1.67%"
"06/09/2010","4.1426","4.1197","4.1475","4.1047","","0.54%"
"06/08/2010","4.1204","4.1554","4.1661","4.1120","","-0.82%"
"06/07/2010","4.1544","4.1559","4.1964","4.1319","","-0.34%"
"06/04/2010","4.1686","4.0969","4.2053","4.0841","","1.36%"
"06/03/2010","4.1127","4.0849","4.1314","4.0519","","0.75%"
"06/02/2010","4.0820","4.1075","4.1209","4.0730","","-0.71%"
"06/01/2010","4.1110","4.0588","4.1320","4.0426","","1.14%"
"05/31/2010","4.0646","4.0689","4.1217","4.0357","","0.15%"
"05/28/2010","4.0585","4.0735","4.0971","4.0324","","0.15%"
"05/27/2010","4.0524","4.1256","4.1338","4.0360","","-1.78%"
"05/26/2010","4.1260","4.1199","4.1556","4.0837","","-0.14%"
"05/25/2010","4.1316","4.0938","4.1775","4.0846","","0.74%"
"05/24/2010","4.1011","4.1026","4.1192","4.0751","","-0.39%"
"05/21/2010","4.1173","4.1618","4.1791","4.0751","","-1.16%"
"05/20/2010","4.1656","4.1100","4.2040","4.0742","","1.38%"
"05/19/2010","4.1087","4.0580","4.1398","4.0107","","1.26%"
"05/18/2010","4.0574","4.0117","4.0682","3.9803","","0.99%"
"05/17/2010","4.0176","3.9927","4.0456","3.9902","","0.37%"
"05/14/2010","4.0028","3.9476","4.0338","3.9319","","1.39%"
"05/13/2010","3.9480","3.9471","3.9684","3.9317","","-0.04%"
"05/12/2010","3.9497","4.0130","4.0392","3.9340","","-1.59%"
"05/11/2010","4.0136","3.9847","4.0669","3.9822","","0.23%"
"05/10/2010","4.0045","4.0777","4.0941","3.9744","","-2.58%"
"05/07/2010","4.1104","4.1891","4.2662","4.0783","","-2.16%"
"05/06/2010","4.2011","4.0814","4.2393","4.0591","","3.05%"
"05/05/2010","4.0769","4.0210","4.1067","3.9975","","1.43%"
"05/04/2010","4.0196","3.9122","4.0215","3.8999","","2.68%"
"05/03/2010","3.9145","3.9166","3.9392","3.8961","","-0.23%"
"04/30/2010","3.9234","3.9026","3.9347","3.8861","","0.52%"
"04/29/2010","3.9031","3.9094","3.9313","3.8906","","-0.17%"
"04/28/2010","3.9099","3.9307","3.9588","3.8928","","-0.55%"
"04/27/2010","3.9316","3.8745","3.9421","3.8627","","1.38%"
"04/26/2010","3.8782","3.8743","3.8861","3.8586","","0.05%"
"04/23/2010","3.8763","3.8790","3.8953","3.8617","","-0.21%"
"04/22/2010","3.8846","3.8673","3.8957","3.8510","","0.64%"
"04/21/2010","3.8598","3.8798","3.8842","3.8486","","-0.52%"
"04/20/2010","3.8799","3.8948","3.9037","3.8709","","-0.38%"
"04/19/2010","3.8946","3.8831","3.9121","3.8634","","0.47%"
"04/16/2010","3.8765","3.8559","3.8908","3.8470","","0.59%"
"04/15/2010","3.8539","3.8579","3.8726","3.8408","","-0.13%"
"04/14/2010","3.8589","3.8710","3.8866","3.8428","","-0.37%"
"04/13/2010","3.8734","3.8611","3.8864","3.8449","","0.32%"
"04/12/2010","3.8609","3.8865","3.8960","3.8470","","-0.05%"
"04/09/2010","3.8628","3.8455","3.8914","3.8210","","0.43%"
"04/08/2010","3.8461","3.8303","3.8596","3.8100","","0.44%"
"04/07/2010","3.8294","3.8326","3.8451","3.8146","","-0.23%"
"04/06/2010","3.8383","3.8377","3.8431","3.8170","","0.15%"
"04/05/2010","3.8326","3.8294","3.8442","3.8189","","-0.24%"
"04/02/2010","3.8419","3.8474","3.8565","3.8233","","-0.24%"
"04/01/2010","3.8510","3.8518","3.8584","3.8269","","-0.01%"
"03/31/2010","3.8514","3.8694","3.8777","3.8439","","-0.47%"
"03/30/2010","3.8694","3.8769","3.8828","3.8564","","-0.28%"
"03/29/2010","3.8803","3.8949","3.9055","3.8665","","-0.39%"
"03/26/2010","3.8953","3.8894","3.9135","3.8741","","0.15%"
"03/25/2010","3.8895","3.8876","3.9039","3.8676","","0.10%"
"03/24/2010","3.8858","3.8795","3.8943","3.8675","","0.14%"
"03/23/2010","3.8802","3.8830","3.9076","3.8716","","-0.10%"
"03/22/2010","3.8839","3.8898","3.9292","3.8734","","0.01%"
"03/19/2010","3.8837","3.8743","3.8982","3.8583","","0.23%"
"03/18/2010","3.8746","3.8616","3.8832","3.8476","","0.35%"
"03/17/2010","3.8612","3.8639","3.8746","3.8499","","0.26%"
"03/16/2010","3.8512","3.8909","3.8967","3.8504","","-0.98%"
"03/15/2010","3.8894","3.8679","3.9028","3.8662","","0.27%"
"03/12/2010","3.8791","3.8977","3.9055","3.8670","","-0.50%"
"03/11/2010","3.8986","3.8802","3.9120","3.8643","","0.52%"
"03/10/2010","3.8783","3.8638","3.8866","3.8493","","0.32%"
"03/09/2010","3.8660","3.8635","3.9030","3.8515","","0.03%"
"03/08/2010","3.8647","3.8601","3.8807","3.8535","","-0.10%"
"03/05/2010","3.8686","3.8927","3.8984","3.8539","","-0.68%"
"03/04/2010","3.8950","3.9028","3.9149","3.8740","","-0.25%"
"03/03/2010","3.9046","3.9118","3.9290","3.8896","","-0.20%"
"03/02/2010","3.9125","3.9222","3.9371","3.8975","","-0.24%"
"03/01/2010","3.9221","3.9443","3.9518","3.9093","","-0.18%"
"02/26/2010","3.9291","3.9713","3.9867","3.9268","","-1.11%"
"02/25/2010","3.9733","3.9747","4.0113","3.9578","","-0.15%"
"02/24/2010","3.9794","3.9991","4.0101","3.9724","","-0.48%"
"02/23/2010","3.9985","3.9608","4.0088","3.9427","","0.91%"
"02/22/2010","3.9625","3.9776","3.9841","3.9419","","-0.28%"
"02/19/2010","3.9736","3.9863","4.0264","3.9687","","-0.34%"
"02/18/2010","3.9872","3.9782","4.0165","3.9600","","0.26%"
"02/17/2010","3.9769","3.9755","3.9924","3.9610","","0.00%"
"02/16/2010","3.9770","4.0308","4.0336","3.9721","","-1.25%"
"02/15/2010","4.0272","3.9948","4.0357","3.9789","","0.38%"
"02/12/2010","4.0118","4.0123","4.0384","3.9880","","0.10%"
"02/11/2010","4.0076","4.0603","4.0663","3.9934","","-1.28%"
"02/10/2010","4.0596","4.0528","4.0834","4.0332","","0.14%"
"02/09/2010","4.0541","4.1094","4.1168","4.0377","","-1.19%"
"02/08/2010","4.1030","4.0854","4.1179","4.0618","","0.60%"
"02/05/2010","4.0784","4.0749","4.1274","4.0511","","0.14%"
"02/04/2010","4.0729","4.0031","4.0833","3.9812","","1.75%"
"02/03/2010","4.0029","3.9718","4.0108","3.9467","","0.80%"
"02/02/2010","3.9712","3.9769","4.0018","3.9607","","-0.10%"
"02/01/2010","3.9753","4.0352","4.0488","3.9636","","-1.76%"
"01/29/2010","4.0466","4.0762","4.0898","4.0204","","-0.76%"
"01/28/2010","4.0774","4.0888","4.1039","4.0515","","-0.20%"
"01/27/2010","4.0857","4.0723","4.1117","4.0561","","0.19%"
"01/26/2010","4.0780","4.0660","4.1067","4.0480","","0.24%"
"01/25/2010","4.0684","4.0827","4.0978","4.0478","","-0.41%"
"01/22/2010","4.0853","4.0914","4.1080","4.0615","","-0.08%"
"01/21/2010","4.0884","4.0473","4.0973","4.0261","","0.98%"
"01/20/2010","4.0489","4.0005","4.0599","3.9850","","1.22%"
"01/19/2010","4.0001","4.0139","4.0370","3.9883","","-0.32%"
"01/18/2010","4.0130","4.0457","4.0504","4.0019","","-0.55%"
"01/15/2010","4.0350","4.0436","4.0571","4.0192","","-0.19%"
"01/14/2010","4.0427","4.0505","4.0675","4.0269","","-0.17%"
"01/13/2010","4.0496","4.0732","4.0834","4.0356","","-0.66%"
"01/12/2010","4.0767","4.0668","4.0994","4.0453","","0.33%"
"01/11/2010","4.0634","4.0531","4.0719","4.0362","","0.08%"
"01/08/2010","4.0603","4.1068","4.1181","4.0475","","-1.20%"
"01/07/2010","4.1098","4.0900","4.1376","4.0733","","0.48%"
"01/06/2010","4.0900","4.0881","4.1064","4.0721","","0.02%"
"01/05/2010","4.0891","4.0767","4.1034","4.0574","","0.37%"
"01/04/2010","4.0741","4.1050","4.1252","4.0632","","0.27%"
"01/01/2010","4.0630","4.0968","4.1076","4.0501","","-0.88%"
"12/31/2009","4.0990","4.1296","4.1481","4.0842","","-0.77%"
"12/30/2009","4.1309","4.1338","4.1447","4.1097","","-0.04%"
"12/29/2009","4.1325","4.1611","4.1687","4.1205","","-0.61%"
"12/28/2009","4.1580","4.1361","4.1725","4.1140","","0.93%"
"12/25/2009","4.1198","4.1406","4.1617","4.1092","","-0.53%"
"12/24/2009","4.1416","4.1586","4.1778","4.1251","","-0.44%"
"12/23/2009","4.1597","4.1767","4.1900","4.1426","","-0.10%"
"12/22/2009","4.1638","4.1941","4.1978","4.1504","","-0.72%"
"12/21/2009","4.1938","4.1670","4.2014","4.1538","","0.19%"
"12/18/2009","4.1860","4.1903","4.2095","4.1649","","-0.05%"
"12/17/2009","4.1882","4.1816","4.2314","4.1440","","0.42%"
"12/16/2009","4.1708","4.1957","4.2311","4.1542","","-0.33%"
"12/15/2009","4.1848","4.1523","4.2271","4.1340","","0.79%"
"12/14/2009","4.1518","4.1475","4.1620","4.1165","","0.15%"
"12/11/2009","4.1455","4.1485","4.1616","4.1179","","0.01%"
"12/10/2009","4.1450","4.1570","4.1685","4.1202","","-0.29%"
"12/09/2009","4.1570","4.1227","4.1720","4.0976","","0.83%"
"12/08/2009","4.1226","4.0636","4.1374","4.0392","","1.82%"
"12/07/2009","4.0489","4.0484","4.0812","4.0312","","-0.15%"
"12/04/2009","4.0549","4.0888","4.1104","4.0313","","-0.88%"
"12/03/2009","4.0911","4.1012","4.1147","4.0758","","-0.28%"
"12/02/2009","4.1026","4.1110","4.1285","4.0873","","-0.26%"
"12/01/2009","4.1131","4.1569","4.1686","4.0951","","-1.05%"
"11/30/2009","4.1568","4.1444","4.1699","4.1211","","0.60%"
"11/27/2009","4.1321","4.1540","4.1982","4.1225","","-0.53%"
"11/26/2009","4.1542","4.0963","4.1632","4.0854","","1.40%"
"11/25/2009","4.0968","4.1172","4.1229","4.0811","","-0.58%"
"11/24/2009","4.1209","4.1161","4.1349","4.1006","","0.03%"
"11/23/2009","4.1195","4.1425","4.1527","4.1025","","-0.61%"
"11/20/2009","4.1448","4.1303","4.1633","4.1165","","0.41%"
"11/19/2009","4.1277","4.1001","4.1474","4.0850","","0.70%"
"11/18/2009","4.0990","4.0877","4.1108","4.0733","","0.27%"
"11/17/2009","4.0878","4.0797","4.1110","4.0618","","0.20%"
"11/16/2009","4.0796","4.1038","4.1120","4.0646","","-0.49%"
"11/13/2009","4.0995","4.1219","4.1350","4.0827","","-0.66%"
"11/12/2009","4.1267","4.1308","4.1562","4.1107","","0.05%"
"11/11/2009","4.1246","4.1768","4.1784","4.1110","","-1.22%"
"11/10/2009","4.1756","4.1983","4.2130","4.1578","","-0.51%"
"11/09/2009","4.1968","4.2375","4.2430","4.1841","","-0.62%"
"11/06/2009","4.2228","4.2490","4.2612","4.2213","","-0.78%"
"11/05/2009","4.2560","4.2467","4.2735","4.2330","","0.27%"
"11/04/2009","4.2444","4.2633","4.2837","4.2313","","-0.41%"
"11/03/2009","4.2618","4.2926","4.3146","4.2488","","-0.72%"
"11/02/2009","4.2928","4.2501","4.3314","4.2276","","1.10%"
"10/30/2009","4.2463","4.2169","4.2641","4.2091","","0.59%"
"10/29/2009","4.2216","4.2821","4.2845","4.2097","","-1.38%"
"10/28/2009","4.2808","4.2130","4.2912","4.1974","","1.59%"
"10/27/2009","4.2138","4.1982","4.2326","4.1819","","0.19%"
"10/26/2009","4.2057","4.1756","4.2199","4.1520","","0.88%"
"10/23/2009","4.1691","4.1635","4.1824","4.1585","","0.13%"
"10/22/2009","4.1638","4.1571","4.1990","4.1451","","-0.01%"
"10/21/2009","4.1641","4.1626","4.1841","4.1407","","0.04%"
"10/20/2009","4.1625","4.1638","4.1801","4.1430","","-0.04%"
"10/19/2009","4.1641","4.2091","4.2148","4.1552","","-0.95%"
"10/16/2009","4.2040","4.1872","4.2209","4.1735","","0.49%"
"10/15/2009","4.1833","4.2041","4.2258","4.1741","","-0.51%"
"10/14/2009","4.2046","4.2214","4.2251","4.1879","","-0.39%"
"10/13/2009","4.2210","4.2171","4.2411","4.2015","","0.09%"
"10/12/2009","4.2172","4.2661","4.2895","4.2085","","-0.72%"
"10/09/2009","4.2476","4.2348","4.2831","4.2229","","0.34%"
"10/08/2009","4.2333","4.2190","4.2565","4.1966","","0.40%"
"10/07/2009","4.2164","4.1827","4.2415","4.1675","","1.01%"
"10/06/2009","4.1742","4.1993","4.2063","4.1664","","-0.44%"
"10/05/2009","4.1928","4.2219","4.2275","4.1870","","-0.69%"
"10/02/2009","4.2218","4.2694","4.2952","4.2043","","-0.80%"
"10/01/2009","4.2557","4.2049","4.2615","4.1914","","1.31%"
"09/30/2009","4.2008","4.2301","4.2467","4.1926","","-0.81%"
"09/29/2009","4.2349","4.1938","4.2457","4.1793","","1.05%"
"09/28/2009","4.1910","4.2016","4.2414","4.1728","","-0.15%"
"09/25/2009","4.1973","4.1826","4.2252","4.1670","","0.30%"
"09/24/2009","4.1849","4.1769","4.2040","4.1485","","-0.03%"
"09/23/2009","4.1861","4.1557","4.2137","4.1510","","0.73%"
"09/22/2009","4.1557","4.1690","4.1741","4.1399","","-0.35%"
"09/21/2009","4.1704","4.1156","4.1761","4.1053","","1.05%"
"09/18/2009","4.1271","4.1248","4.1537","4.1071","","-0.10%"
"09/17/2009","4.1311","4.1174","4.1445","4.0881","","0.33%"
"09/16/2009","4.1176","4.1391","4.1620","4.1059","","-0.70%"
"09/15/2009","4.1466","4.1883","4.1974","4.1293","","-0.91%"
"09/14/2009","4.1847","4.1457","4.2473","4.1307","","0.48%"
"09/11/2009","4.1646","4.1402","4.1992","4.1265","","0.58%"
"09/10/2009","4.1407","4.1230","4.1865","4.1066","","0.39%"
"09/09/2009","4.1248","4.0884","4.1315","4.0649","","0.80%"
"09/08/2009","4.0920","4.0978","4.1079","4.0684","","0.00%"
"09/07/2009","4.0918","4.0811","4.1262","4.0700","","0.22%"
"09/04/2009","4.0827","4.1254","4.1342","4.0701","","-0.89%"
"09/03/2009","4.1193","4.1414","4.1531","4.1088","","-0.69%"
"09/02/2009","4.1480","4.1734","4.1869","4.1325","","-0.61%"
"09/01/2009","4.1733","4.0935","4.1793","4.0695","","1.86%"
"08/31/2009","4.0969","4.0665","4.1088","4.0562","","0.26%"
"08/28/2009","4.0864","4.1183","4.1209","4.0661","","-0.78%"
"08/27/2009","4.1187","4.1142","4.1338","4.1010","","0.05%"
"08/26/2009","4.1167","4.0735","4.1225","4.0619","","1.04%"
"08/25/2009","4.0745","4.0961","4.1234","4.0593","","-0.74%"
"08/24/2009","4.1048","4.0893","4.1227","4.0745","","0.23%"
"08/21/2009","4.0952","4.1406","4.1620","4.0849","","-1.10%"
"08/20/2009","4.1409","4.1542","4.1586","4.1247","","-0.35%"
"08/19/2009","4.1555","4.1514","4.1948","4.1346","","-0.05%"
"08/18/2009","4.1576","4.1716","4.1844","4.1461","","-0.54%"
"08/17/2009","4.1802","4.1311","4.2038","4.1227","","1.04%"
"08/14/2009","4.1373","4.1155","4.1565","4.1038","","0.48%"
"08/13/2009","4.1177","4.1392","4.1528","4.0948","","-0.59%"
"08/12/2009","4.1421","4.1660","4.2132","4.1285","","-0.58%"
"08/11/2009","4.1663","4.1153","4.1973","4.1017","","1.24%"
"08/10/2009","4.1151","4.0828","4.1362","4.0667","","0.69%"
"08/07/2009","4.0871","4.1794","4.1840","4.0737","","-2.02%"
"08/06/2009","4.1714","4.1110","4.1879","4.0938","","1.47%"
"08/05/2009","4.1109","4.0975","4.1253","4.0816","","0.23%"
"08/04/2009","4.1014","4.0747","4.1335","4.0608","","0.67%"
"08/03/2009","4.0741","4.1249","4.1516","4.0689","","-1.53%"
"07/31/2009","4.1373","4.1594","4.1689","4.1282","","-0.39%"
"07/30/2009","4.1537","4.1858","4.1933","4.1418","","-1.01%"
"07/29/2009","4.1960","4.1736","4.2093","4.1620","","0.41%"
"07/28/2009","4.1789","4.1569","4.1927","4.1414","","0.64%"
"07/27/2009","4.1523","4.1912","4.2022","4.1488","","-0.77%"
"07/24/2009","4.1846","4.2197","4.2345","4.1772","","-0.94%"
"07/23/2009","4.2241","4.2573","4.2629","4.2060","","-0.81%"
"07/22/2009","4.2588","4.2697","4.2822","4.2464","","-0.19%"
"07/21/2009","4.2668","4.2443","4.2876","4.2302","","0.66%"
"07/20/2009","4.2389","4.3343","4.3355","4.2312","","-2.00%"
"07/17/2009","4.3256","4.3102","4.3425","4.3022","","0.43%"
"07/16/2009","4.3070","4.2821","4.3332","4.2621","","0.56%"
"07/15/2009","4.2830","4.2935","4.3147","4.2684","","-0.42%"
"07/14/2009","4.3010","4.3903","4.4025","4.2812","","-2.04%"
"07/13/2009","4.3905","4.3674","4.4159","4.3453","","0.46%"
"07/10/2009","4.3703","4.3494","4.3909","4.3425","","0.48%"
"07/09/2009","4.3496","4.4127","4.4320","4.3374","","-1.63%"
"07/08/2009","4.4218","4.3955","4.4386","4.3800","","0.42%"
"07/07/2009","4.4034","4.3744","4.4126","4.3479","","0.93%"
"07/06/2009","4.3628","4.3519","4.4017","4.3203","","0.49%"
"07/03/2009","4.3416","4.3810","4.3838","4.3371","","-0.89%"
"07/02/2009","4.3804","4.3404","4.3867","4.3294","","0.79%"
"07/01/2009","4.3461","4.4531","4.4592","4.3323","","-1.98%"
"06/30/2009","4.4341","4.4878","4.4922","4.4312","","-1.26%"
"06/29/2009","4.4907","4.4867","4.5222","4.4706","","-0.09%"
"06/26/2009","4.4948","4.5003","4.5133","4.4746","","-0.04%"
"06/25/2009","4.4968","4.5340","4.5350","4.4900","","-0.64%"
"06/24/2009","4.5256","4.5483","4.5527","4.5035","","-0.55%"
"06/23/2009","4.5505","4.5376","4.5678","4.5198","","0.40%"
"06/22/2009","4.5322","4.5204","4.5463","4.4772","","0.15%"
"06/19/2009","4.5256","4.5278","4.5606","4.4811","","-0.03%"
"06/18/2009","4.5268","4.5232","4.5693","4.5129","","-0.05%"
"06/17/2009","4.5289","4.5130","4.5420","4.4934","","0.17%"
"06/16/2009","4.5210","4.5261","4.5559","4.5003","","-0.13%"
"06/15/2009","4.5267","4.4591","4.5526","4.4385","","1.27%"
"06/12/2009","4.4699","4.4690","4.4850","4.4456","","0.03%"
"06/11/2009","4.4685","4.4828","4.4991","4.4468","","-0.35%"
"06/10/2009","4.4843","4.4656","4.5236","4.4403","","0.12%"
"06/09/2009","4.4790","4.5034","4.5227","4.4609","","-0.74%"
"06/08/2009","4.5123","4.5247","4.5654","4.4935","","-0.45%"
"06/05/2009","4.5325","4.5012","4.5753","4.4866","","0.66%"
"06/04/2009","4.5030","4.5215","4.5474","4.4835","","-0.45%"
"06/03/2009","4.5233","4.4734","4.5437","4.4428","","1.10%"
"06/02/2009","4.4739","4.4615","4.4978","4.4354","","0.42%"
"06/01/2009","4.4554","4.4747","4.5156","4.4218","","-0.91%"
"05/29/2009","4.4965","4.5252","4.5308","4.4487","","-0.44%"
"05/28/2009","4.5164","4.4427","4.5532","4.4280","","1.65%"
"05/27/2009","4.4429","4.4057","4.4594","4.3966","","0.67%"
"05/26/2009","4.4133","4.4074","4.4509","4.3783","","0.26%"
"05/25/2009","4.4020","4.3931","4.4245","4.3701","","0.29%"
"05/22/2009","4.3894","4.3917","4.4248","4.3657","","0.09%"
"05/21/2009","4.3854","4.3447","4.4134","4.3291","","1.02%"
"05/20/2009","4.3410","4.3571","4.3821","4.3176","","-0.31%"
"05/19/2009","4.3546","4.4114","4.4264","4.3505","","-1.23%"
"05/18/2009","4.4090","4.4549","4.4904","4.3927","","-1.56%"
"05/15/2009","4.4789","4.4696","4.4994","4.4440","","0.16%"
"05/14/2009","4.4716","4.4562","4.5103","4.4410","","0.66%"
"05/13/2009","4.4425","4.3893","4.4702","4.3688","","1.20%"
"05/12/2009","4.3900","4.3721","4.4346","4.3623","","0.16%"
"05/11/2009","4.3830","4.3307","4.4063","4.3191","","0.78%"
"05/08/2009","4.3490","4.3689","4.3822","4.3282","","-0.45%"
"05/07/2009","4.3688","4.3626","4.3859","4.2650","","-0.02%"
"05/06/2009","4.3695","4.3582","4.4181","4.3357","","0.11%"
"05/05/2009","4.3647","4.3501","4.3766","4.3240","","0.40%"
"05/04/2009","4.3471","4.3786","4.4176","4.3369","","-0.18%"
"05/01/2009","4.3549","4.4181","4.4263","4.3500","","-1.61%"
"04/30/2009","4.4261","4.3973","4.4465","4.3584","","0.66%"
"04/29/2009","4.3972","4.4736","4.4941","4.3578","","-1.86%"
"04/28/2009","4.4806","4.5550","4.5832","4.4637","","-1.51%"
"04/27/2009","4.5494","4.4488","4.6057","4.4472","","1.45%"
"04/24/2009","4.4845","4.4821","4.5420","4.4509","","-0.19%"
"04/23/2009","4.4932","4.4006","4.5188","4.3814","","1.96%"
"04/22/2009","4.4068","4.3781","4.4366","4.3708","","0.61%"
"04/21/2009","4.3802","4.4108","4.4644","4.3599","","-0.77%"
"04/20/2009","4.4141","4.2754","4.4184","4.2754","","2.96%"
"04/17/2009","4.2870","4.2815","4.3236","4.2490","","0.24%"
"04/16/2009","4.2768","4.2622","4.3183","4.2572","","0.21%"
"04/15/2009","4.2678","4.2681","4.3020","4.2197","","-0.11%"
"04/14/2009","4.2727","4.3313","4.3958","4.2278","","-1.33%"
"04/13/2009","4.3301","4.3391","4.3677","4.3227","","-0.50%"
"04/10/2009","4.3519","4.3187","4.3841","4.3103","","0.70%"
"04/09/2009","4.3215","4.4236","4.4572","4.3129","","-2.32%"
"04/08/2009","4.4243","4.4788","4.5272","4.4167","","-1.34%"
"04/07/2009","4.4843","4.4413","4.5146","4.4364","","0.55%"
"04/06/2009","4.4596","4.4335","4.4858","4.3909","","0.57%"
"04/03/2009","4.4342","4.4017","4.4934","4.3963","","0.74%"
"04/02/2009","4.4016","4.4861","4.5215","4.3862","","-1.99%"
"04/01/2009","4.4910","4.6240","4.6824","4.4710","","-2.77%"
"03/31/2009","4.6188","4.7228","4.7305","4.6062","","-1.93%"
"03/30/2009","4.7095","4.6545","4.7466","4.6506","","0.61%"
"03/27/2009","4.6808","4.5456","4.6879","4.5449","","2.89%"
"03/26/2009","4.5495","4.5561","4.5782","4.5240","","-0.21%"
"03/25/2009","4.5592","4.5219","4.5958","4.5132","","0.82%"
"03/24/2009","4.5222","4.5284","4.5585","4.4796","","-0.46%"
"03/23/2009","4.5430","4.5658","4.5928","4.5223","","-0.87%"
"03/20/2009","4.5827","4.6166","4.6823","4.5463","","-0.74%"
"03/19/2009","4.6169","4.4876","4.6292","4.4577","","2.81%"
"03/18/2009","4.4905","4.4985","4.5976","4.4725","","-0.29%"
"03/17/2009","4.5036","4.4598","4.5545","4.4346","","1.23%"
"03/16/2009","4.4488","4.4869","4.5047","4.4135","","-0.76%"
"03/13/2009","4.4830","4.5147","4.5439","4.4372","","-0.20%"
"03/12/2009","4.4920","4.5956","4.6511","4.4745","","-2.34%"
"03/11/2009","4.5995","4.6226","4.6731","4.5624","","-0.69%"
"03/10/2009","4.6315","4.7382","4.7464","4.6150","","-2.30%"
"03/09/2009","4.7405","4.6946","4.7576","4.6379","","0.62%"
"03/06/2009","4.7113","4.7410","4.7656","4.6644","","-0.57%"
"03/05/2009","4.7383","4.6502","4.7538","4.6403","","1.59%"
"03/04/2009","4.6642","4.7635","4.7873","4.6443","","-2.15%"
"03/03/2009","4.7668","4.7622","4.7916","4.7013","","0.03%"
"03/02/2009","4.7654","4.6344","4.7912","4.6331","","2.88%"
"02/27/2009","4.6318","4.6962","4.7424","4.6135","","-1.83%"
"02/26/2009","4.7181","4.6964","4.7561","4.6538","","0.79%"
"02/25/2009","4.6810","4.6263","4.7365","4.5381","","1.38%"
"02/24/2009","4.6171","4.6444","4.7065","4.5939","","0.00%"
"02/23/2009","4.6170","4.7418","4.7448","4.5572","","-2.97%"
"02/20/2009","4.7585","4.7889","4.8313","4.6898","","-0.63%"
"02/19/2009","4.7888","4.7692","4.8009","4.6311","","0.28%"
"02/18/2009","4.7753","4.9088","4.9179","4.7511","","-2.75%"
"02/17/2009","4.9101","4.8434","4.9307","4.8122","","1.52%"
"02/16/2009","4.8365","4.6241","4.8501","4.6137","","4.34%"
"02/13/2009","4.6352","4.6086","4.6620","4.5848","","0.04%"
"02/12/2009","4.6335","4.5322","4.6623","4.5104","","2.23%"
"02/11/2009","4.5326","4.5419","4.5951","4.4988","","-0.36%"
"02/10/2009","4.5491","4.4285","4.5660","4.3990","","2.67%"
"02/09/2009","4.4310","4.5226","4.5967","4.4014","","-1.93%"
"02/06/2009","4.5181","4.6034","4.6273","4.5066","","-1.89%"
"02/05/2009","4.6053","4.6603","4.6812","4.5899","","-1.17%"
"02/04/2009","4.6600","4.6214","4.6989","4.5847","","0.87%"
"02/03/2009","4.6200","4.4822","4.6677","4.4400","","3.33%"
"02/02/2009","4.4709","4.4500","4.5058","4.3977","","0.63%"
"01/30/2009","4.4430","4.3855","4.4779","4.3716","","1.28%"
"01/29/2009","4.3868","4.3303","4.4071","4.3148","","1.35%"
"01/28/2009","4.3283","4.3895","4.4128","4.3171","","-1.40%"
"01/27/2009","4.3897","4.3847","4.4205","4.2969","","0.09%"
"01/26/2009","4.3857","4.3887","4.4283","4.3052","","-0.12%"
"01/23/2009","4.3911","4.3661","4.4686","4.3432","","0.72%"
"01/22/2009","4.3597","4.2953","4.3905","4.2732","","1.64%"
"01/21/2009","4.2892","4.3401","4.3623","4.2826","","-1.13%"
"01/20/2009","4.3381","4.2991","4.3868","4.2818","","0.89%"
"01/19/2009","4.2998","4.2475","4.3451","4.2284","","0.58%"
"01/16/2009","4.2750","4.1777","4.2980","4.1295","","2.41%"
"01/15/2009","4.1743","4.1753","4.2452","4.1512","","0.00%"
"01/14/2009","4.1741","4.1350","4.1939","4.1042","","0.95%"
"01/13/2009","4.1350","4.1277","4.1730","4.0836","","0.18%"
"01/12/2009","4.1275","3.9951","4.1606","3.9926","","2.67%"
"01/09/2009","4.0202","4.0274","4.0801","4.0040","","-0.13%"
"01/08/2009","4.0254","4.0302","4.0866","3.9841","","0.01%"
"01/07/2009","4.0248","3.9571","4.0366","3.8707","","1.91%"
"01/06/2009","3.9495","4.0863","4.1103","3.9239","","-3.32%"
"01/05/2009","4.0850","4.1591","4.1680","4.0749","","-1.76%"
"01/02/2009","4.1582","4.1325","4.1917","4.0805","","1.44%"
"01/01/2009","4.0992","4.1232","4.1493","4.0992","","-1.13%"
"12/31/2008","4.1462","4.1552","4.1904","4.0917","","-0.23%"
"12/30/2008","4.1557","4.1202","4.1882","4.1007","","0.78%"
"12/29/2008","4.1235","4.1086","4.2096","4.0619","","1.43%"
"12/26/2008","4.0653","4.1110","4.1261","4.0491","","-0.88%"
"12/25/2008","4.1012","4.1237","4.1247","4.0539","","-0.15%"
"12/24/2008","4.1072","4.0888","4.1276","4.0638","","0.10%"
"12/23/2008","4.1033","4.1259","4.1471","4.0775","","-0.49%"
"12/22/2008","4.1235","4.0872","4.1358","4.0562","","0.58%"
"12/19/2008","4.0998","4.1321","4.1439","4.0497","","-0.57%"
"12/18/2008","4.1234","4.0999","4.1884","4.0704","","0.66%"
"12/17/2008","4.0965","4.0438","4.1358","4.0276","","0.96%"
"12/16/2008","4.0576","3.9754","4.0952","3.9591","","1.97%"
"12/15/2008","3.9794","3.9447","4.0064","3.9011","","1.26%"
"12/12/2008","3.9300","3.8544","3.9749","3.8494","","1.56%"
"12/11/2008","3.8695","3.9416","3.9964","3.8466","","-1.87%"
"12/10/2008","3.9433","3.9205","3.9728","3.9082","","0.40%"
"12/09/2008","3.9274","3.8797","3.9451","3.8715","","0.94%"
"12/08/2008","3.8910","3.8795","3.9283","3.8360","","0.41%"
"12/05/2008","3.8750","3.8814","3.9005","3.8505","","-0.16%"
"12/04/2008","3.8813","3.8428","3.9070","3.8350","","0.49%"
"12/03/2008","3.8623","3.8426","3.8721","3.8156","","0.45%"
"12/02/2008","3.8450","3.8088","3.8645","3.8042","","0.94%"
"12/01/2008","3.8093","3.7689","3.8721","3.7645","","1.20%"
"11/28/2008","3.7642","3.7522","3.8043","3.7443","","0.35%"
"11/27/2008","3.7512","3.7569","3.7971","3.7380","","-0.32%"
"11/26/2008","3.7633","3.7800","3.8095","3.7463","","-0.41%"
"11/25/2008","3.7787","3.8543","3.8651","3.7644","","-1.78%"
"11/24/2008","3.8470","3.8610","3.8954","3.8320","","-0.47%"
"11/21/2008","3.8650","3.8337","3.8962","3.7730","","0.81%"
"11/20/2008","3.8338","3.8325","3.8701","3.8033","","-0.03%"
"11/19/2008","3.8349","3.8149","3.8741","3.7719","","0.65%"
"11/18/2008","3.8103","3.7570","3.8678","3.7484","","1.54%"
"11/17/2008","3.7524","3.6938","3.8109","3.6730","","1.57%"
"11/14/2008","3.6944","3.6743","3.7456","3.6611","","0.39%"
"11/13/2008","3.6801","3.7646","3.7944","3.6767","","-2.24%"
"11/12/2008","3.7646","3.7932","3.7937","3.7133","","-0.60%"
"11/11/2008","3.7875","3.7492","3.8449","3.7421","","1.35%"
"11/10/2008","3.7372","3.6567","3.7764","3.5995","","2.80%"
"11/07/2008","3.6354","3.6403","3.6993","3.5773","","-0.12%"
"11/06/2008","3.6396","3.5318","3.6442","3.4998","","3.11%"
"11/05/2008","3.5299","3.5173","3.5418","3.4715","","0.82%"
"11/04/2008","3.5013","3.5425","3.5596","3.4920","","-0.45%"
"11/03/2008","3.5171","3.5161","3.5891","3.4746","","-0.46%"
"10/31/2008","3.5335","3.6004","3.6574","3.4885","","-1.87%"
"10/30/2008","3.6007","3.5468","3.6317","3.4467","","1.53%"
"10/29/2008","3.5463","3.6741","3.6920","3.5164","","-3.47%"
"10/28/2008","3.6738","3.8308","3.8536","3.6462","","-4.08%"
"10/27/2008","3.8302","3.8278","3.8780","3.7790","","0.29%"
"10/24/2008","3.8192","3.8813","3.9495","3.7342","","-1.21%"
"10/23/2008","3.8661","3.8111","3.9889","3.7827","","1.47%"
"10/22/2008","3.8102","3.6667","3.8301","3.6651","","3.60%"
"10/21/2008","3.6778","3.5730","3.6878","3.5575","","3.15%"
"10/20/2008","3.5655","3.5596","3.5953","3.5119","","0.41%"
"10/17/2008","3.5510","3.5575","3.6141","3.5171","","-0.34%"
"10/16/2008","3.5631","3.6092","3.6240","3.5246","","-1.27%"
"10/15/2008","3.6089","3.4757","3.6136","3.4584","","3.99%"
"10/14/2008","3.4704","3.5387","3.5557","3.4195","","-1.64%"
"10/13/2008","3.5281","3.5742","3.5981","3.4778","","-1.37%"
"10/10/2008","3.5770","3.5805","3.6463","3.5289","","-0.14%"
"10/09/2008","3.5819","3.4584","3.5916","3.4080","","3.56%"
"10/08/2008","3.4589","3.4346","3.5109","3.4228","","0.77%"
"10/07/2008","3.4323","3.4578","3.4722","3.3988","","-0.56%"
"10/06/2008","3.4516","3.3993","3.4760","3.3771","","1.68%"
"10/03/2008","3.3947","3.4240","3.4557","3.3800","","-0.88%"
"10/02/2008","3.4248","3.3968","3.4320","3.3784","","0.82%"
"10/01/2008","3.3969","3.3942","3.4048","3.3652","","0.06%"
"09/30/2008","3.3949","3.3950","3.4245","3.3760","","-0.01%"
"09/29/2008","3.3954","3.3612","3.4103","3.3460","","1.22%"
"09/26/2008","3.3544","3.3340","3.3741","3.3247","","0.54%"
"09/25/2008","3.3363","3.3284","3.3465","3.3182","","0.11%"
"09/24/2008","3.3328","3.3013","3.3367","3.2878","","0.95%"
"09/23/2008","3.3015","3.3031","3.3184","3.2813","","-0.06%"
"09/22/2008","3.3036","3.2830","3.3090","3.2645","","0.66%"
"09/19/2008","3.2820","3.3184","3.3302","3.2704","","-1.09%"
"09/18/2008","3.3182","3.3688","3.3874","3.3081","","-1.57%"
"09/17/2008","3.3710","3.3308","3.3877","3.3106","","1.25%"
"09/16/2008","3.3294","3.3623","3.4271","3.3087","","-0.88%"
"09/15/2008","3.3589","3.3453","3.3797","3.3211","","1.01%"
"09/12/2008","3.3253","3.3823","3.4059","3.3198","","-1.90%"
"09/11/2008","3.3898","3.3873","3.4273","3.3771","","0.16%"
"09/10/2008","3.3845","3.4664","3.4794","3.3768","","-2.41%"
"09/09/2008","3.4680","3.4731","3.4876","3.4428","","-0.19%"
"09/08/2008","3.4745","3.4353","3.4898","3.4009","","0.73%"
"09/05/2008","3.4494","3.4031","3.4627","3.3946","","1.11%"
"09/04/2008","3.4117","3.3748","3.4156","3.3595","","1.05%"
"09/03/2008","3.3764","3.3479","3.3794","3.3440","","0.83%"
"09/02/2008","3.3485","3.3439","3.3638","3.3351","","0.13%"
"09/01/2008","3.3440","3.3274","3.3488","3.3162","","0.51%"
"08/29/2008","3.3270","3.3523","3.3621","3.3192","","-0.78%"
"08/28/2008","3.3530","3.3348","3.3585","3.3273","","0.50%"
"08/27/2008","3.3362","3.3257","3.3428","3.3147","","0.32%"
"08/26/2008","3.3257","3.3019","3.3310","3.2960","","0.79%"
"08/25/2008","3.2995","3.3008","3.3138","3.2928","","0.19%"
"08/22/2008","3.2934","3.2949","3.3127","3.2852","","-0.04%"
"08/21/2008","3.2947","3.3139","3.3215","3.2873","","-0.50%"
"08/20/2008","3.3113","3.3088","3.3245","3.2987","","-0.20%"
"08/19/2008","3.3179","3.3086","3.3374","3.3064","","0.29%"
"08/18/2008","3.3083","3.3203","3.3444","3.3052","","-0.77%"
"08/15/2008","3.3340","3.3165","3.3386","3.3061","","0.45%"
"08/14/2008","3.3190","3.2975","3.3260","3.2918","","0.73%"
"08/13/2008","3.2948","3.2576","3.3106","3.2525","","1.21%"
"08/12/2008","3.2553","3.2623","3.2875","3.2529","","-0.40%"
"08/11/2008","3.2684","3.2701","3.2830","3.2482","","-0.06%"
"08/08/2008","3.2702","3.2409","3.2818","3.2369","","0.89%"
"08/07/2008","3.2412","3.2334","3.2522","3.2271","","0.20%"
"08/06/2008","3.2347","3.2150","3.2469","3.2090","","0.65%"
"08/05/2008","3.2139","3.2069","3.2264","3.1928","","0.36%"
"08/04/2008","3.2024","3.1949","3.2163","3.1897","","-0.19%"
"08/01/2008","3.2085","3.2113","3.2233","3.1944","","-0.08%"
"07/31/2008","3.2111","3.2065","3.2190","3.1926","","0.25%"
"07/30/2008","3.2032","3.2020","3.2208","3.1964","","0.05%"
"07/29/2008","3.2016","3.2025","3.2306","3.1962","","-0.15%"
"07/28/2008","3.2065","3.1925","3.2135","3.1898","","0.19%"
"07/25/2008","3.2004","3.2173","3.2213","3.1956","","-0.60%"
"07/24/2008","3.2197","3.2487","3.2575","3.2107","","-0.89%"
"07/23/2008","3.2486","3.2302","3.2681","3.2253","","0.39%"
"07/22/2008","3.2361","3.2278","3.2468","3.2115","","0.47%"
"07/21/2008","3.2211","3.2009","3.2252","3.1986","","0.32%"
"07/18/2008","3.2109","3.2180","3.2320","3.2059","","-0.22%"
"07/17/2008","3.2181","3.2081","3.2302","3.2018","","0.31%"
"07/16/2008","3.2080","3.2424","3.2470","3.2065","","-0.79%"
"07/15/2008","3.2335","3.2481","3.2656","3.2297","","-0.45%"
"07/14/2008","3.2481","3.2509","3.2643","3.2383","","-0.26%"
"07/11/2008","3.2567","3.2628","3.2752","3.2459","","-0.18%"
"07/10/2008","3.2626","3.2672","3.2822","3.2555","","-0.20%"
"07/09/2008","3.2691","3.2856","3.2921","3.2565","","-0.51%"
"07/08/2008","3.2858","3.2990","3.3080","3.2793","","-0.40%"
"07/07/2008","3.2991","3.3102","3.3287","3.2937","","-0.28%"
"07/04/2008","3.3082","3.3263","3.3346","3.3005","","-0.54%"
"07/03/2008","3.3263","3.3468","3.3602","3.3241","","-0.59%"
"07/02/2008","3.3461","3.3461","3.3616","3.3407","","0.00%"
"07/01/2008","3.3461","3.3443","3.3631","3.3396","","-0.12%"
"06/30/2008","3.3500","3.3523","3.3594","3.3422","","0.02%"
"06/27/2008","3.3493","3.3728","3.3774","3.3418","","-0.71%"
"06/26/2008","3.3733","3.3480","3.3837","3.3444","","0.76%"
"06/25/2008","3.3477","3.3658","3.3684","3.3407","","-0.49%"
"06/24/2008","3.3641","3.3602","3.3702","3.3528","","0.12%"
"06/23/2008","3.3600","3.3633","3.3719","3.3520","","-0.01%"
"06/20/2008","3.3602","3.3626","3.3725","3.3555","","-0.07%"
"06/19/2008","3.3626","3.3717","3.3781","3.3589","","-0.17%"
"06/18/2008","3.3683","3.3770","3.3834","3.3621","","-0.42%"
"06/17/2008","3.3825","3.3828","3.3900","3.3687","","-0.05%"
"06/16/2008","3.3841","3.3847","3.3904","3.3768","","-0.07%"
"06/13/2008","3.3865","3.3866","3.4014","3.3726","","-0.18%"
"06/12/2008","3.3926","3.3768","3.4023","3.3715","","0.62%"
"06/11/2008","3.3717","3.3739","3.3899","3.3628","","-0.19%"
"06/10/2008","3.3782","3.3798","3.3911","3.3630","","-0.07%"
"06/09/2008","3.3807","3.4014","3.4052","3.3661","","-0.47%"
"06/06/2008","3.3965","3.3804","3.4108","3.3682","","0.50%"
"06/05/2008","3.3797","3.3713","3.3865","3.3637","","0.12%"
"06/04/2008","3.3757","3.3661","3.3845","3.3613","","0.29%"
"06/03/2008","3.3659","3.3741","3.3860","3.3555","","-0.24%"
"06/02/2008","3.3740","3.3702","3.3884","3.3608","","0.13%"
"05/30/2008","3.3697","3.3761","3.3874","3.3598","","-0.15%"
"05/29/2008","3.3748","3.3874","3.3950","3.3618","","-0.50%"
"05/28/2008","3.3918","3.3935","3.4022","3.3830","","-0.07%"
"05/27/2008","3.3941","3.3902","3.4017","3.3814","","0.19%"
"05/26/2008","3.3875","3.4068","3.4117","3.3794","","-0.37%"
"05/23/2008","3.4001","3.4049","3.4157","3.3880","","-0.30%"
"05/22/2008","3.4104","3.4073","3.4211","3.3954","","0.36%"
"05/21/2008","3.3982","3.3834","3.4135","3.3725","","0.43%"
"05/20/2008","3.3838","3.3830","3.4007","3.3765","","0.02%"
"05/19/2008","3.3831","3.3821","3.3904","3.3728","","0.15%"
"05/16/2008","3.3779","3.3942","3.3968","3.3682","","-0.40%"
"05/15/2008","3.3914","3.3861","3.4029","3.3786","","0.32%"
"05/14/2008","3.3807","3.3803","3.4035","3.3705","","0.01%"
"05/13/2008","3.3802","3.3821","3.3864","3.3649","","0.01%"
"05/12/2008","3.3797","3.3911","3.4005","3.3631","","-0.12%"
"05/09/2008","3.3837","3.4089","3.4149","3.3773","","-0.76%"
"05/08/2008","3.4095","3.4094","3.4255","3.3979","","-0.03%"
"05/07/2008","3.4106","3.4363","3.4417","3.4031","","-0.76%"
"05/06/2008","3.4366","3.4423","3.4463","3.4231","","-0.24%"
"05/05/2008","3.4449","3.4358","3.4460","3.4268","","0.34%"
"05/02/2008","3.4332","3.4548","3.4645","3.4284","","-0.75%"
"05/01/2008","3.4590","3.4463","3.4658","3.4433","","0.29%"
"04/30/2008","3.4489","3.4604","3.4620","3.4366","","-0.23%"
"04/29/2008","3.4567","3.4308","3.4625","3.4279","","0.69%"
"04/28/2008","3.4331","3.4368","3.4437","3.4256","","0.06%"
"04/25/2008","3.4309","3.4298","3.4400","3.4165","","0.07%"
"04/24/2008","3.4285","3.4087","3.4367","3.3988","","0.57%"
"04/23/2008","3.4090","3.4089","3.4222","3.3956","","0.04%"
"04/22/2008","3.4077","3.4126","3.4237","3.3971","","-0.14%"
"04/21/2008","3.4126","3.4285","3.4310","3.4039","","-0.42%"
"04/18/2008","3.4270","3.4274","3.4357","3.4060","","0.07%"
"04/17/2008","3.4245","3.4113","3.4331","3.4033","","0.40%"
"04/16/2008","3.4108","3.4016","3.4262","3.3930","","0.27%"
"04/15/2008","3.4016","3.4045","3.4154","3.3935","","-0.10%"
"04/14/2008","3.4050","3.4005","3.4422","3.3914","","-0.53%"
"04/11/2008","3.4230","3.4292","3.4388","3.4073","","-0.04%"
"04/10/2008","3.4244","3.4520","3.4550","3.4175","","-0.74%"
"04/09/2008","3.4498","3.4532","3.4613","3.4402","","-0.10%"
"04/08/2008","3.4533","3.4602","3.4711","3.4464","","-0.11%"
"04/07/2008","3.4572","3.4705","3.4748","3.4459","","-0.36%"
"04/04/2008","3.4698","3.4743","3.4844","3.4603","","-0.18%"
"04/03/2008","3.4760","3.4835","3.4942","3.4713","","-0.23%"
"04/02/2008","3.4840","3.5001","3.5136","3.4748","","-0.52%"
"04/01/2008","3.5023","3.5131","3.5267","3.4959","","-0.31%"
"03/31/2008","3.5132","3.5186","3.5299","3.5063","","-0.08%"
"03/28/2008","3.5160","3.5192","3.5313","3.5095","","-0.22%"
"03/27/2008","3.5239","3.5225","3.5322","3.5116","","0.02%"
"03/26/2008","3.5233","3.5258","3.5423","3.5189","","-0.01%"
"03/25/2008","3.5237","3.5304","3.5360","3.5163","","-0.23%"
"03/24/2008","3.5319","3.5276","3.5337","3.5172","","0.17%"
"03/21/2008","3.5259","3.5360","3.5440","3.5180","","-0.28%"
"03/20/2008","3.5357","3.5427","3.5502","3.5165","","-0.20%"
"03/19/2008","3.5427","3.5304","3.5502","3.5164","","0.34%"
"03/18/2008","3.5306","3.5427","3.5469","3.5200","","-0.18%"
"03/17/2008","3.5371","3.5460","3.5660","3.5225","","-0.07%"
"03/14/2008","3.5396","3.5365","3.5501","3.5175","","0.08%"
"03/13/2008","3.5369","3.5322","3.5555","3.5213","","0.26%"
"03/12/2008","3.5278","3.5356","3.5421","3.5161","","-0.20%"
"03/11/2008","3.5349","3.5651","3.5689","3.5229","","-0.86%"
"03/10/2008","3.5656","3.5649","3.5738","3.5524","","0.01%"
"03/07/2008","3.5654","3.5706","3.5891","3.5440","","-0.09%"
"03/06/2008","3.5686","3.5305","3.5750","3.5164","","1.00%"
"03/05/2008","3.5334","3.5208","3.5371","3.5146","","0.29%"
"03/04/2008","3.5232","3.5146","3.5401","3.5080","","0.22%"
"03/03/2008","3.5156","3.5211","3.5457","3.5066","","-0.28%"
"02/29/2008","3.5254","3.5129","3.5359","3.5009","","0.39%"
"02/28/2008","3.5118","3.5159","3.5251","3.5038","","-0.11%"
"02/27/2008","3.5155","3.5277","3.5462","3.5061","","-0.35%"
"02/26/2008","3.5277","3.5308","3.5386","3.5205","","-0.11%"
"02/25/2008","3.5316","3.5653","3.5705","3.5215","","-1.00%"
"02/22/2008","3.5671","3.5697","3.5772","3.5584","","-0.02%"
"02/21/2008","3.5678","3.5736","3.5795","3.5544","","-0.07%"
"02/20/2008","3.5704","3.5733","3.5903","3.5670","","-0.15%"
"02/19/2008","3.5756","3.5742","3.5826","3.5624","","0.04%"
"02/18/2008","3.5742","3.5711","3.5819","3.5622","","0.20%"
"02/15/2008","3.5670","3.5861","3.5961","3.5651","","-0.62%"
"02/14/2008","3.5891","3.5904","3.5966","3.5722","","-0.03%"
"02/13/2008","3.5903","3.6057","3.6086","3.5868","","-0.38%"
"02/12/2008","3.6039","3.6100","3.6167","3.5932","","-0.26%"
"02/11/2008","3.6132","3.6168","3.6293","3.6042","","0.06%"
"02/08/2008","3.6109","3.6038","3.6232","3.5973","","0.10%"
"02/07/2008","3.6074","3.6026","3.6229","3.5903","","0.16%"
"02/06/2008","3.6015","3.5931","3.6052","3.5789","","0.24%"
"02/05/2008","3.5930","3.5565","3.5968","3.5535","","0.97%"
"02/04/2008","3.5584","3.5868","3.5949","3.5501","","-0.68%"
"02/01/2008","3.5826","3.5977","3.6036","3.5734","","-0.39%"
"01/31/2008","3.5965","3.6104","3.6277","3.5880","","-0.40%"
"01/30/2008","3.6108","3.6205","3.6296","3.5997","","-0.28%"
"01/29/2008","3.6208","3.6136","3.6278","3.6071","","0.00%"
"01/28/2008","3.6207","3.6159","3.6284","3.6060","","0.56%"
"01/25/2008","3.6004","3.6101","3.6225","3.5992","","-0.27%"
"01/24/2008","3.6102","3.6207","3.6334","3.6015","","-0.26%"
"01/23/2008","3.6195","3.6205","3.6449","3.6118","","-0.06%"
"01/22/2008","3.6217","3.6532","3.6720","3.6109","","-0.77%"
"01/21/2008","3.6499","3.6297","3.6568","3.6186","","0.92%"
"01/18/2008","3.6168","3.6118","3.6339","3.6053","","0.14%"
"01/17/2008","3.6118","3.5997","3.6255","3.5832","","0.23%"
"01/16/2008","3.6034","3.5793","3.6062","3.5703","","0.84%"
"01/15/2008","3.5733","3.5693","3.5810","3.5609","","0.18%"
"01/14/2008","3.5668","3.5744","3.5891","3.5605","","-0.25%"
"01/11/2008","3.5758","3.5787","3.5861","3.5687","","-0.04%"
"01/10/2008","3.5772","3.5956","3.6046","3.5701","","-0.45%"
"01/09/2008","3.5933","3.5963","3.6068","3.5785","","-0.07%"
"01/08/2008","3.5958","3.6083","3.6125","3.5816","","-0.42%"
"01/07/2008","3.6109","3.6052","3.6162","3.5911","","0.10%"
"01/04/2008","3.6073","3.5981","3.6108","3.5886","","0.32%"
"01/03/2008","3.5958","3.6125","3.6140","3.5922","","-0.45%"
"01/02/2008","3.6121","3.5959","3.6159","3.5805","","0.62%"
"01/01/2008","3.5897","3.5987","3.6060","3.5855","","-0.27%"
"12/31/2007","3.5993","3.5969","3.6180","3.5720","","0.03%"
"12/28/2007","3.5983","3.6056","3.6117","3.5881","","-0.35%"
"12/27/2007","3.6109","3.6005","3.6165","3.5859","","0.19%"
"12/26/2007","3.6042","3.5955","3.6162","3.5905","","0.22%"
"12/25/2007","3.5962","3.6034","3.6096","3.5863","","-0.12%"
"12/24/2007","3.6007","3.6213","3.6230","3.5930","","-0.29%"
"12/21/2007","3.6112","3.6182","3.6249","3.5972","","-0.18%"
"12/20/2007","3.6176","3.6163","3.6246","3.6018","","0.04%"
"12/19/2007","3.6163","3.6078","3.6188","3.5996","","0.33%"
"12/18/2007","3.6045","3.6260","3.6300","3.6040","","-0.52%"
"12/17/2007","3.6234","3.6061","3.6333","3.6010","","0.63%"
"12/14/2007","3.6006","3.5964","3.6206","3.5824","","0.08%"
"12/13/2007","3.5978","3.5735","3.6046","3.5605","","0.62%"
"12/12/2007","3.5757","3.5882","3.5934","3.5580","","-0.26%"
"12/11/2007","3.5851","3.5653","3.5968","3.5463","","0.56%"
"12/10/2007","3.5650","3.5731","3.5839","3.5570","","-0.25%"
"12/07/2007","3.5740","3.5820","3.5888","3.5641","","-0.18%"
"12/06/2007","3.5803","3.5817","3.5926","3.5560","","-0.04%"
"12/05/2007","3.5817","3.6083","3.6171","3.5665","","-0.76%"
"12/04/2007","3.6093","3.6055","3.6215","3.5907","","0.14%"
"12/03/2007","3.6043","3.6070","3.6225","3.5806","","-0.09%"
"11/30/2007","3.6077","3.6321","3.6477","3.5968","","-0.63%"
"11/29/2007","3.6306","3.6379","3.6535","3.6188","","-0.09%"
"11/28/2007","3.6340","3.6661","3.6775","3.6233","","-0.80%"
"11/27/2007","3.6632","3.6931","3.6998","3.6551","","-0.82%"
"11/26/2007","3.6935","3.6838","3.6968","3.6600","","0.34%"
"11/23/2007","3.6809","3.6853","3.6974","3.6673","","0.00%"
"11/22/2007","3.6808","3.6870","3.6974","3.6600","","-0.17%"
"11/21/2007","3.6872","3.6672","3.7000","3.6595","","0.61%"
"11/20/2007","3.6649","3.6904","3.6995","3.6592","","-0.69%"
"11/19/2007","3.6905","3.6596","3.6933","3.6411","","0.43%"
"11/16/2007","3.6747","3.6696","3.6816","3.6480","","0.26%"
"11/15/2007","3.6650","3.6432","3.6728","3.6286","","0.58%"
"11/14/2007","3.6439","3.6368","3.6537","3.6171","","0.21%"
"11/13/2007","3.6364","3.6406","3.6535","3.6180","","-0.12%"
"11/12/2007","3.6406","3.6363","3.6506","3.6200","","0.16%"
"11/09/2007","3.6348","3.6318","3.6455","3.6136","","0.19%"
"11/08/2007","3.6279","3.6399","3.6624","3.6169","","-0.41%"
"11/07/2007","3.6428","3.6295","3.6514","3.6063","","0.36%"
"11/06/2007","3.6298","3.6421","3.6481","3.6222","","-0.34%"
"11/05/2007","3.6421","3.6474","3.6552","3.6374","","-0.10%"
"11/02/2007","3.6456","3.6498","3.6605","3.6336","","-0.12%"
"11/01/2007","3.6498","3.6187","3.6636","3.6159","","0.90%"
"10/31/2007","3.6171","3.6333","3.6544","3.6147","","-0.45%"
"10/30/2007","3.6334","3.6215","3.6405","3.6123","","0.34%"
"10/29/2007","3.6210","3.6166","3.6324","3.5993","","0.27%"
"10/26/2007","3.6113","3.6315","3.6331","3.6019","","-0.53%"
"10/25/2007","3.6305","3.6621","3.6638","3.6209","","-0.89%"
"10/24/2007","3.6630","3.6668","3.6696","3.6441","","-0.10%"
"10/23/2007","3.6668","3.6532","3.6686","3.6437","","0.53%"
"10/22/2007","3.6475","3.6849","3.6986","3.6412","","-1.08%"
"10/19/2007","3.6874","3.6872","3.6989","3.6684","","0.03%"
"10/18/2007","3.6863","3.7042","3.7166","3.6788","","-0.59%"
"10/17/2007","3.7081","3.7134","3.7199","3.6949","","-0.14%"
"10/16/2007","3.7134","3.7109","3.7247","3.7033","","0.18%"
"10/15/2007","3.7068","3.7188","3.7229","3.6968","","-0.33%"
"10/12/2007","3.7192","3.7312","3.7376","3.7155","","-0.31%"
"10/11/2007","3.7306","3.7520","3.7680","3.7186","","-0.57%"
"10/10/2007","3.7519","3.7433","3.7569","3.7339","","0.23%"
"10/09/2007","3.7433","3.7513","3.7621","3.7375","","-0.19%"
"10/08/2007","3.7504","3.7620","3.7646","3.7409","","-0.31%"
"10/05/2007","3.7619","3.7646","3.7703","3.7515","","-0.09%"
"10/04/2007","3.7652","3.7739","3.7777","3.7606","","-0.25%"
"10/03/2007","3.7747","3.7608","3.7763","3.7599","","0.04%"
"10/02/2007","3.7731","3.7756","3.7766","3.7555","","0.26%"
"10/01/2007","3.7635","3.7713","3.7767","3.7558","","-0.18%"
"09/28/2007","3.7701","3.7757","3.7809","3.7622","","-0.21%"
"09/27/2007","3.7779","3.7795","3.7844","3.7694","","-0.03%"
"09/26/2007","3.7791","3.7723","3.7834","3.7639","","0.15%"
"09/25/2007","3.7736","3.7551","3.7780","3.7505","","0.37%"
"09/24/2007","3.7598","3.7574","3.7701","3.7497","","0.05%"
"09/21/2007","3.7580","3.7669","3.7716","3.7507","","-0.25%"
"09/20/2007","3.7675","3.7665","3.7763","3.7602","","0.02%"
"09/19/2007","3.7667","3.7700","3.7783","3.7609","","-0.05%"
"09/18/2007","3.7684","3.7885","3.7918","3.7644","","-0.54%"
"09/17/2007","3.7887","3.7745","3.7899","3.7638","","0.44%"
"09/14/2007","3.7721","3.7790","3.7920","3.7690","","-0.28%"
"09/13/2007","3.7826","3.7715","3.7849","3.7631","","0.29%"
"09/12/2007","3.7716","3.7734","3.7848","3.7644","","-0.05%"
"09/11/2007","3.7734","3.7958","3.8000","3.7686","","-0.51%"
"09/10/2007","3.7927","3.8109","3.8168","3.7845","","-0.55%"
"09/07/2007","3.8135","3.8108","3.8196","3.7995","","0.07%"
"09/06/2007","3.8107","3.8213","3.8296","3.8026","","-0.27%"
"09/05/2007","3.8212","3.8185","3.8279","3.8091","","0.09%"
"09/04/2007","3.8178","3.8147","3.8287","3.8015","","0.08%"
"09/03/2007","3.8147","3.8188","3.8275","3.8054","","-0.08%"
"08/31/2007","3.8177","3.8194","3.8312","3.8095","","-0.04%"
"08/30/2007","3.8193","3.8280","3.8354","3.8138","","-0.16%"
"08/29/2007","3.8256","3.8352","3.8486","3.8148","","-0.27%"
"08/28/2007","3.8358","3.8252","3.8408","3.8199","","0.24%"
"08/27/2007","3.8267","3.8331","3.8366","3.8176","","-0.03%"
"08/24/2007","3.8278","3.8405","3.8461","3.8216","","-0.37%"
"08/23/2007","3.8422","3.8381","3.8485","3.8177","","0.15%"
"08/22/2007","3.8363","3.8482","3.8597","3.8251","","-0.36%"
"08/21/2007","3.8501","3.8385","3.8541","3.8311","","0.34%"
"08/20/2007","3.8369","3.8198","3.8507","3.8149","","0.47%"
"08/17/2007","3.8191","3.8296","3.8731","3.8126","","-0.23%"
"08/16/2007","3.8280","3.8257","3.8483","3.8005","","0.05%"
"08/15/2007","3.8262","3.8089","3.8342","3.7883","","0.48%"
"08/14/2007","3.8079","3.7765","3.8105","3.7686","","0.88%"
"08/13/2007","3.7746","3.7738","3.7799","3.7606","","0.12%"
"08/10/2007","3.7702","3.7735","3.7849","3.7491","","-0.18%"
"08/09/2007","3.7769","3.7629","3.7871","3.7576","","0.38%"
"08/08/2007","3.7627","3.7781","3.7807","3.7549","","-0.40%"
"08/07/2007","3.7777","3.7855","3.7951","3.7736","","-0.22%"
"08/06/2007","3.7859","3.7956","3.7995","3.7802","","-0.12%"
"08/03/2007","3.7906","3.7881","3.7967","3.7726","","0.07%"
"08/02/2007","3.7880","3.7922","3.8011","3.7774","","-0.14%"
"08/01/2007","3.7933","3.7919","3.8133","3.7849","","0.04%"
"07/31/2007","3.7918","3.7850","3.7939","3.7756","","0.19%"
"07/30/2007","3.7847","3.8025","3.8139","3.7763","","-0.34%"
"07/27/2007","3.7975","3.8131","3.8283","3.7921","","-0.42%"
"07/26/2007","3.8135","3.7926","3.8250","3.7807","","0.46%"
"07/25/2007","3.7961","3.7875","3.8022","3.7771","","0.18%"
"07/24/2007","3.7892","3.7595","3.7966","3.7512","","0.81%"
"07/23/2007","3.7589","3.7590","3.7686","3.7506","","-0.19%"
"07/20/2007","3.7659","3.7475","3.7683","3.7418","","0.48%"
"07/19/2007","3.7478","3.7555","3.7616","3.7395","","-0.25%"
"07/18/2007","3.7572","3.7410","3.7642","3.7376","","0.45%"
"07/17/2007","3.7404","3.7452","3.7534","3.7393","","-0.14%"
"07/16/2007","3.7457","3.7490","3.7573","3.7409","","-0.13%"
"07/13/2007","3.7504","3.7490","3.7600","3.7378","","0.00%"
"07/12/2007","3.7503","3.7675","3.7707","3.7429","","-0.47%"
"07/11/2007","3.7681","3.7658","3.7815","3.7598","","0.06%"
"07/10/2007","3.7657","3.7684","3.7763","3.7552","","-0.25%"
"07/09/2007","3.7752","3.7563","3.7779","3.7422","","0.47%"
"07/06/2007","3.7576","3.7719","3.7770","3.7516","","-0.38%"
"07/05/2007","3.7718","3.7551","3.7736","3.7490","","0.44%"
"07/04/2007","3.7554","3.7608","3.7655","3.7503","","-0.12%"
"07/03/2007","3.7598","3.7638","3.7670","3.7437","","-0.07%"
"07/02/2007","3.7624","3.7656","3.7737","3.7436","","-0.19%"
"06/29/2007","3.7695","3.7648","3.7773","3.7476","","0.14%"
"06/28/2007","3.7644","3.7784","3.7828","3.7571","","-0.37%"
"06/27/2007","3.7784","3.7942","3.8080","3.7712","","-0.41%"
"06/26/2007","3.7938","3.7864","3.8054","3.7795","","0.11%"
"06/25/2007","3.7897","3.7760","3.7979","3.7750","","0.32%"
"06/22/2007","3.7776","3.7827","3.7959","3.7706","","-0.19%"
"06/21/2007","3.7848","3.7946","3.7983","3.7766","","-0.26%"
"06/20/2007","3.7947","3.7796","3.8003","3.7698","","0.59%"
"06/19/2007","3.7724","3.7960","3.8067","3.7712","","-0.64%"
"06/18/2007","3.7968","3.7923","3.8048","3.7882","","0.09%"
"06/15/2007","3.7935","3.8134","3.8210","3.7861","","-0.56%"
"06/14/2007","3.8147","3.8172","3.8309","3.8041","","-0.19%"
"06/13/2007","3.8221","3.8364","3.8465","3.8151","","-0.37%"
"06/12/2007","3.8363","3.8261","3.8390","3.8131","","0.27%"
"06/11/2007","3.8259","3.8318","3.8406","3.8192","","-0.22%"
"06/08/2007","3.8343","3.8410","3.8580","3.8258","","-0.16%"
"06/07/2007","3.8405","3.8271","3.8462","3.8190","","0.34%"
"06/06/2007","3.8273","3.8250","3.8348","3.8154","","0.05%"
"06/05/2007","3.8255","3.7988","3.8313","3.7960","","0.69%"
"06/04/2007","3.7992","3.7944","3.8071","3.7874","","0.11%"
"06/01/2007","3.7950","3.8095","3.8198","3.7896","","-0.26%"
"05/31/2007","3.8050","3.8133","3.8244","3.8045","","-0.21%"
"05/30/2007","3.8129","3.8255","3.8374","3.8097","","-0.35%"
"05/29/2007","3.8263","3.8048","3.8320","3.7943","","0.62%"
"05/28/2007","3.8027","3.8084","3.8125","3.7978","","-0.14%"
"05/25/2007","3.8082","3.8184","3.8239","3.7993","","-0.28%"
"05/24/2007","3.8188","3.7853","3.8234","3.7830","","0.87%"
"05/23/2007","3.7860","3.7805","3.8007","3.7750","","0.02%"
"05/22/2007","3.7853","3.7739","3.7883","3.7658","","0.39%"
"05/21/2007","3.7706","3.7872","3.7923","3.7631","","-0.41%"
"05/18/2007","3.7862","3.7943","3.7966","3.7756","","0.11%"
"05/17/2007","3.7821","3.7904","3.8012","3.7717","","-0.22%"
"05/16/2007","3.7906","3.7753","3.8048","3.7657","","0.34%"
"05/15/2007","3.7779","3.7647","3.7869","3.7598","","0.35%"
"05/14/2007","3.7647","3.7764","3.7764","3.7533","","0.24%"
"05/11/2007","3.7558","3.7748","3.7881","3.7500","","-0.33%"
"05/10/2007","3.7682","3.7389","3.7790","3.7343","","0.72%"
"05/09/2007","3.7412","3.7506","3.7642","3.7345","","-0.26%"
"05/08/2007","3.7510","3.7522","3.7587","3.7407","","0.17%"
"05/07/2007","3.7446","3.7430","3.7562","3.7355","","0.11%"
"05/04/2007","3.7406","3.7524","3.7543","3.7296","","-0.26%"
"05/03/2007","3.7505","3.7610","3.7651","3.7454","","-0.23%"
"05/02/2007","3.7591","3.7754","3.7816","3.7503","","-0.57%"
"05/01/2007","3.7808","3.7867","3.7988","3.7686","","-0.14%"
"04/30/2007","3.7862","3.7672","3.7938","3.7593","","0.50%"
"04/27/2007","3.7675","3.7734","3.7836","3.7611","","-0.11%"
"04/26/2007","3.7716","3.7713","3.7774","3.7616","","0.01%"
"04/25/2007","3.7713","3.7802","3.7886","3.7668","","-0.25%"
"04/24/2007","3.7809","3.7820","3.7918","3.7763","","-0.02%"
"04/23/2007","3.7817","3.7830","3.7878","3.7714","","0.02%"
"04/20/2007","3.7811","3.8088","3.8130","3.7742","","-0.68%"
"04/19/2007","3.8068","3.8033","3.8202","3.8012","","0.10%"
"04/18/2007","3.8030","3.8006","3.8121","3.7920","","0.05%"
"04/17/2007","3.8010","3.8141","3.8241","3.7908","","-0.35%"
"04/16/2007","3.8144","3.8255","3.8302","3.8097","","-0.21%"
"04/13/2007","3.8226","3.8355","3.8440","3.8155","","-0.30%"
"04/12/2007","3.8342","3.8289","3.8398","3.8215","","0.13%"
"04/11/2007","3.8291","3.8322","3.8369","3.8169","","-0.07%"
"04/10/2007","3.8319","3.8335","3.8471","3.8286","","-0.04%"
"04/09/2007","3.8334","3.8363","3.8403","3.8289","","-0.11%"
"04/06/2007","3.8377","3.8342","3.8468","3.8273","","0.09%"
"04/05/2007","3.8344","3.8434","3.8485","3.8291","","-0.23%"
"04/04/2007","3.8431","3.8406","3.8556","3.8385","","0.07%"
"04/03/2007","3.8404","3.8552","3.8581","3.8368","","-0.38%"
"04/02/2007","3.8549","3.8626","3.8668","3.8455","","-0.27%"
"03/30/2007","3.8653","3.8679","3.8742","3.8532","","-0.07%"
"03/29/2007","3.8681","3.8799","3.8865","3.8585","","-0.33%"
"03/28/2007","3.8809","3.8685","3.8881","3.8625","","0.26%"
"03/27/2007","3.8709","3.8699","3.8758","3.8585","","0.03%"
"03/26/2007","3.8699","3.8637","3.8801","3.8601","","0.14%"
"03/23/2007","3.8643","3.8684","3.8809","3.8623","","-0.08%"
"03/22/2007","3.8673","3.8574","3.8734","3.8565","","0.25%"
"03/21/2007","3.8578","3.8745","3.8783","3.8550","","-0.42%"
"03/20/2007","3.8742","3.8680","3.8780","3.8600","","0.21%"
"03/19/2007","3.8662","3.8867","3.8890","3.8583","","-0.65%"
"03/16/2007","3.8915","3.8867","3.9072","3.8781","","0.01%"
"03/15/2007","3.8910","3.8876","3.9033","3.8797","","0.08%"
"03/14/2007","3.8877","3.9005","3.9206","3.8814","","-0.17%"
"03/13/2007","3.8945","3.8693","3.9023","3.8664","","0.56%"
"03/12/2007","3.8728","3.8664","3.8817","3.8596","","0.19%"
"03/09/2007","3.8656","3.8718","3.8870","3.8563","","-0.15%"
"03/08/2007","3.8713","3.9008","3.9032","3.8648","","-0.58%"
"03/07/2007","3.8937","3.8936","3.9060","3.8854","","0.00%"
"03/06/2007","3.8938","3.9158","3.9220","3.8894","","-0.49%"
"03/05/2007","3.9129","3.8965","3.9268","3.8855","","0.42%"
"03/02/2007","3.8966","3.8877","3.9068","3.8811","","0.14%"
"03/01/2007","3.8911","3.9032","3.9237","3.8831","","-0.32%"
"02/28/2007","3.9035","3.9304","3.9380","3.8956","","-0.65%"
"02/27/2007","3.9289","3.8925","3.9337","3.8867","","0.94%"
"02/26/2007","3.8924","3.8770","3.9050","3.8741","","0.34%"
"02/23/2007","3.8794","3.8828","3.8882","3.8712","","-0.02%"
"02/22/2007","3.8801","3.8799","3.8861","3.8701","","0.13%"
"02/21/2007","3.8750","3.8894","3.8966","3.8693","","-0.39%"
"02/20/2007","3.8903","3.8987","3.9039","3.8803","","-0.18%"
"02/19/2007","3.8974","3.8988","3.9049","3.8857","","0.02%"
"02/16/2007","3.8967","3.9072","3.9120","3.8925","","-0.27%"
"02/15/2007","3.9072","3.8991","3.9146","3.8873","","0.23%"
"02/14/2007","3.8984","3.9074","3.9167","3.8923","","-0.20%"
"02/13/2007","3.9063","3.9191","3.9229","3.8999","","-0.35%"
"02/12/2007","3.9201","3.8899","3.9277","3.8838","","0.76%"
"02/09/2007","3.8907","3.8817","3.8987","3.8726","","0.30%"
"02/08/2007","3.8790","3.8716","3.8921","3.8660","","0.22%"
"02/07/2007","3.8706","3.8663","3.8778","3.8532","","0.10%"
"02/06/2007","3.8666","3.8526","3.8855","3.8478","","0.35%"
"02/05/2007","3.8531","3.9196","3.9196","3.8479","","-1.38%"
"02/02/2007","3.9070","3.8973","3.9129","3.8903","","0.25%"
"02/01/2007","3.8973","3.8997","3.9087","3.8823","","-0.13%"
"01/31/2007","3.9022","3.9243","3.9339","3.8947","","-0.57%"
"01/30/2007","3.9244","3.9279","3.9424","3.9229","","-0.19%"
"01/29/2007","3.9320","3.9209","3.9378","3.9075","","0.27%"
"01/26/2007","3.9216","3.9461","3.9580","3.9090","","-0.62%"
"01/25/2007","3.9460","3.8780","3.9569","3.8693","","1.70%"
"01/24/2007","3.8802","3.8777","3.8943","3.8714","","0.01%"
"01/23/2007","3.8799","3.8588","3.8854","3.8433","","0.59%"
"01/22/2007","3.8572","3.8508","3.8614","3.8342","","0.09%"
"01/19/2007","3.8539","3.8517","3.8583","3.8389","","0.11%"
"01/18/2007","3.8495","3.8837","3.8902","3.8478","","-0.93%"
"01/17/2007","3.8857","3.8852","3.8999","3.8795","","0.01%"
"01/16/2007","3.8854","3.8698","3.8928","3.8658","","0.43%"
"01/15/2007","3.8686","3.8673","3.8761","3.8617","","0.04%"
"01/12/2007","3.8670","3.8754","3.8812","3.8608","","-0.22%"
"01/11/2007","3.8756","3.8711","3.8834","3.8566","","0.04%"
"01/10/2007","3.8741","3.8795","3.9153","3.8682","","-0.20%"
"01/09/2007","3.8819","3.8611","3.8919","3.8512","","0.50%"
"01/08/2007","3.8625","3.8755","3.8868","3.8553","","-0.34%"
"01/05/2007","3.8757","3.8904","3.9086","3.8608","","-0.24%"
"01/04/2007","3.8851","3.8335","3.8940","3.8312","","1.32%"
"01/03/2007","3.8346","3.8245","3.8388","3.8185","","0.29%"
"01/02/2007","3.8237","3.8293","3.8332","3.8152","","-0.18%"
"01/01/2007","3.8305","3.8279","3.8311","3.8206","","0.04%"
"12/29/2006","3.8288","3.8239","3.8392","3.8153","","0.12%"
"12/28/2006","3.8241","3.8391","3.8475","3.8205","","-0.39%"
"12/27/2006","3.8391","3.8215","3.8441","3.8130","","0.36%"
"12/26/2006","3.8252","3.8285","3.8370","3.8063","","-0.16%"
"12/25/2006","3.8314","3.8341","3.8393","3.8093","","0.20%"
"12/22/2006","3.8236","3.8126","3.8391","3.8005","","0.29%"
"12/21/2006","3.8124","3.8020","3.8170","3.7876","","0.37%"
"12/20/2006","3.7985","3.8164","3.8272","3.7909","","-0.51%"
"12/19/2006","3.8179","3.7987","3.8283","3.7929","","0.47%"
"12/18/2006","3.8001","3.7922","3.8088","3.7770","","0.22%"
"12/15/2006","3.7919","3.7773","3.8007","3.7739","","0.33%"
"12/14/2006","3.7795","3.7936","3.8010","3.7725","","-0.47%"
"12/13/2006","3.7975","3.8060","3.8114","3.7828","","-0.25%"
"12/12/2006","3.8070","3.8165","3.8224","3.7990","","-0.18%"
"12/11/2006","3.8140","3.8241","3.8247","3.8040","","-0.29%"
"12/08/2006","3.8250","3.8164","3.8373","3.8110","","0.21%"
"12/07/2006","3.8168","3.8058","3.8187","3.7983","","0.12%"
"12/06/2006","3.8121","3.8065","3.8188","3.7981","","0.20%"
"12/05/2006","3.8045","3.8090","3.8151","3.8012","","-0.05%"
"12/04/2006","3.8063","3.8020","3.8210","3.7970","","0.18%"
"12/01/2006","3.7996","3.8106","3.8162","3.7916","","-0.30%"
"11/30/2006","3.8112","3.8154","3.8234","3.8040","","-0.10%"
"11/29/2006","3.8151","3.8299","3.8361","3.8102","","-0.34%"
"11/28/2006","3.8283","3.8290","3.8414","3.8184","","0.06%"
"11/27/2006","3.8261","3.8351","3.8469","3.8136","","-0.35%"
"11/24/2006","3.8395","3.8136","3.8466","3.8098","","0.67%"
"11/23/2006","3.8140","3.8054","3.8255","3.8022","","0.20%"
"11/22/2006","3.8062","3.8014","3.8162","3.7893","","0.27%"
"11/21/2006","3.7960","3.7986","3.8069","3.7869","","-0.01%"
"11/20/2006","3.7962","3.8061","3.8137","3.7899","","-0.10%"
"11/17/2006","3.8001","3.7922","3.8158","3.7825","","0.30%"
"11/16/2006","3.7889","3.7953","3.8048","3.7841","","-0.17%"
"11/15/2006","3.7955","3.8070","3.8193","3.7926","","-0.33%"
"11/14/2006","3.8080","3.8186","3.8234","3.7991","","-0.36%"
"11/13/2006","3.8216","3.8240","3.8404","3.8133","","-0.05%"
"11/10/2006","3.8237","3.8322","3.8444","3.8208","","-0.20%"
"11/09/2006","3.8314","3.8345","3.8436","3.8130","","-0.05%"
"11/08/2006","3.8333","3.8236","3.8461","3.8187","","0.24%"
"11/07/2006","3.8241","3.8170","3.8398","3.8155","","0.17%"
"11/06/2006","3.8178","3.8409","3.8450","3.8129","","-0.57%"
"11/03/2006","3.8396","3.8638","3.8700","3.8342","","-0.65%"
"11/02/2006","3.8646","3.8619","3.8784","3.8487","","0.05%"
"11/01/2006","3.8628","3.8671","3.8705","3.8416","","-0.06%"
"10/31/2006","3.8651","3.8876","3.8927","3.8577","","-0.61%"
"10/30/2006","3.8889","3.8786","3.8964","3.8697","","0.20%"
"10/27/2006","3.8811","3.8680","3.8839","3.8577","","0.47%"
"10/26/2006","3.8628","3.8822","3.8923","3.8597","","-0.71%"
"10/25/2006","3.8905","3.8752","3.9004","3.8705","","0.31%"
"10/24/2006","3.8784","3.8691","3.8857","3.8656","","0.18%"
"10/23/2006","3.8716","3.8642","3.8768","3.8505","","0.25%"
"10/20/2006","3.8620","3.8631","3.8712","3.8510","","-0.04%"
"10/19/2006","3.8634","3.8927","3.8988","3.8578","","-0.73%"
"10/18/2006","3.8918","3.8826","3.9125","3.8777","","0.19%"
"10/17/2006","3.8843","3.8859","3.8987","3.8755","","-0.03%"
"10/16/2006","3.8856","3.8760","3.8898","3.8672","","0.23%"
"10/13/2006","3.8768","3.8823","3.8957","3.8687","","-0.05%"
"10/12/2006","3.8789","3.8984","3.9206","3.8769","","-0.50%"
"10/11/2006","3.8984","3.9032","3.9158","3.8912","","-0.15%"
"10/10/2006","3.9043","3.9152","3.9188","3.8962","","-0.27%"
"10/09/2006","3.9150","3.9162","3.9226","3.9060","","0.04%"
"10/06/2006","3.9136","3.9313","3.9411","3.9105","","-0.47%"
"10/05/2006","3.9319","3.9264","3.9389","3.9176","","0.19%"
"10/04/2006","3.9245","3.9462","3.9523","3.9151","","-0.53%"
"10/03/2006","3.9456","3.9594","3.9667","3.9299","","-0.35%"
"10/02/2006","3.9596","3.9702","3.9773","3.9532","","-0.27%"
"09/29/2006","3.9705","3.9801","3.9903","3.9587","","-0.23%"
"09/28/2006","3.9798","3.9679","3.9861","3.9620","","0.33%"
"09/27/2006","3.9666","3.9555","3.9868","3.9508","","0.27%"
"09/26/2006","3.9560","3.9688","3.9791","3.9494","","-0.44%"
"09/25/2006","3.9734","3.9698","3.9798","3.9561","","0.22%"
"09/22/2006","3.9646","3.9704","3.9927","3.9501","","-0.11%"
"09/21/2006","3.9691","3.9563","3.9828","3.9315","","0.49%"
"09/20/2006","3.9497","3.9568","3.9649","3.9412","","-0.17%"
"09/19/2006","3.9565","3.9408","3.9700","3.9359","","0.37%"
"09/18/2006","3.9420","3.9402","3.9493","3.9209","","0.28%"
"09/15/2006","3.9308","3.9616","3.9700","3.9264","","-0.76%"
"09/14/2006","3.9608","3.9508","3.9733","3.9483","","0.29%"
"09/13/2006","3.9492","3.9794","3.9822","3.9454","","-0.69%"
"09/12/2006","3.9767","3.9795","3.9882","3.9639","","-0.16%"
"09/11/2006","3.9832","3.9854","3.9916","3.9721","","-0.05%"
"09/08/2006","3.9853","3.9831","3.9901","3.9704","","0.13%"
"09/07/2006","3.9802","3.9722","3.9922","3.9682","","0.07%"
"09/06/2006","3.9773","3.9596","3.9812","3.9467","","0.30%"
"09/05/2006","3.9656","3.9650","3.9717","3.9498","","0.08%"
"09/04/2006","3.9626","3.9619","3.9766","3.9563","","0.09%"
"09/01/2006","3.9591","3.9461","3.9759","3.9387","","0.36%"
"08/31/2006","3.9448","3.9361","3.9536","3.9269","","0.37%"
"08/30/2006","3.9303","3.9410","3.9707","3.9285","","-0.28%"
"08/29/2006","3.9412","3.9482","3.9534","3.9296","","-0.17%"
"08/28/2006","3.9478","3.9340","3.9537","3.9269","","0.19%"
"08/25/2006","3.9403","3.9415","3.9431","3.9184","","0.04%"
"08/24/2006","3.9386","3.9335","3.9466","3.9145","","0.11%"
"08/23/2006","3.9344","3.8939","3.9400","3.8837","","1.04%"
"08/22/2006","3.8940","3.9053","3.9203","3.8916","","-0.40%"
"08/21/2006","3.9098","3.9082","3.9253","3.8862","","-0.07%"
"08/18/2006","3.9124","3.8736","3.9161","3.8696","","0.88%"
"08/17/2006","3.8783","3.8675","3.8889","3.8553","","0.23%"
"08/16/2006","3.8695","3.8675","3.8893","3.8628","","-0.09%"
"08/15/2006","3.8729","3.8772","3.8923","3.8603","","-0.09%"
"08/14/2006","3.8762","3.8619","3.8809","3.8493","","0.41%"
"08/11/2006","3.8602","3.8842","3.8871","3.8556","","-0.65%"
"08/10/2006","3.8856","3.8536","3.8912","3.8471","","0.84%"
"08/09/2006","3.8532","3.8642","3.8732","3.8499","","-0.27%"
"08/08/2006","3.8635","3.8614","3.8785","3.8556","","-0.01%"
"08/07/2006","3.8637","3.8759","3.8852","3.8533","","-0.26%"
"08/04/2006","3.8739","3.8998","3.9175","3.8718","","-0.68%"
"08/03/2006","3.9004","3.9243","3.9318","3.8962","","-0.56%"
"08/02/2006","3.9224","3.9317","3.9425","3.9192","","-0.50%"
"08/01/2006","3.9423","3.9389","3.9442","3.9159","","0.19%"
"07/31/2006","3.9350","3.9392","3.9469","3.9206","","-0.11%"
"07/28/2006","3.9395","3.9115","3.9451","3.9099","","0.71%"
"07/27/2006","3.9116","3.9150","3.9257","3.8961","","-0.14%"
"07/26/2006","3.9172","3.9130","3.9301","3.9049","","-0.04%"
"07/25/2006","3.9189","3.9121","3.9258","3.8986","","0.15%"
"07/24/2006","3.9129","3.9516","3.9735","3.9065","","-0.95%"
"07/21/2006","3.9506","3.9329","3.9626","3.9311","","0.39%"
"07/20/2006","3.9354","3.9662","3.9821","3.9281","","-0.77%"
"07/19/2006","3.9661","4.0197","4.0334","3.9578","","-1.26%"
"07/18/2006","4.0166","4.0376","4.0430","4.0100","","-0.46%"
"07/17/2006","4.0350","4.0286","4.0565","4.0225","","0.22%"
"07/14/2006","4.0262","4.0505","4.0580","4.0152","","-0.73%"
"07/13/2006","4.0560","4.0425","4.0644","4.0293","","0.07%"
"07/12/2006","4.0531","4.0321","4.0566","4.0153","","0.53%"
"07/11/2006","4.0319","4.0520","4.0599","4.0144","","-0.50%"
"07/10/2006","4.0521","4.0809","4.0957","4.0412","","-0.42%"
"07/07/2006","4.0693","4.0211","4.0856","4.0089","","1.29%"
"07/06/2006","4.0173","4.0427","4.0636","4.0121","","-0.59%"
"07/05/2006","4.0411","4.0013","4.0504","3.9922","","0.94%"
"07/04/2006","4.0036","4.0069","4.0229","3.9929","","-0.09%"
"07/03/2006","4.0071","4.0686","4.0713","3.9993","","-1.26%"
"06/30/2006","4.0583","4.0833","4.0881","4.0364","","-0.70%"
"06/29/2006","4.0870","4.0602","4.1099","4.0536","","0.67%"
"06/28/2006","4.0600","4.0756","4.0863","4.0531","","0.00%"
"06/27/2006","4.0601","4.0859","4.0968","4.0501","","-0.81%"
"06/26/2006","4.0932","4.0930","4.1167","4.0594","","-0.06%"
"06/23/2006","4.0958","4.0906","4.1382","4.0734","","0.20%"
"06/22/2006","4.0875","4.0710","4.0972","4.0491","","0.35%"
"06/21/2006","4.0731","4.0649","4.0959","4.0580","","0.18%"
"06/20/2006","4.0659","4.0728","4.0794","4.0526","","-0.03%"
"06/19/2006","4.0672","4.0574","4.0778","4.0319","","0.34%"
"06/16/2006","4.0533","4.0616","4.0695","4.0290","","-0.15%"
"06/15/2006","4.0593","4.0400","4.0749","4.0112","","0.35%"
"06/14/2006","4.0452","4.0212","4.0500","4.0065","","0.57%"
"06/13/2006","4.0224","3.9918","4.0370","3.9901","","0.78%"
"06/12/2006","3.9911","3.9687","4.0005","3.9575","","0.59%"
"06/09/2006","3.9678","3.9538","3.9768","3.9438","","0.34%"
"06/08/2006","3.9544","3.9444","3.9678","3.9361","","0.10%"
"06/07/2006","3.9503","3.9590","3.9648","3.9356","","-0.23%"
"06/06/2006","3.9593","3.9754","3.9782","3.9453","","-0.38%"
"06/05/2006","3.9745","3.9346","3.9816","3.9275","","1.00%"
"06/02/2006","3.9352","3.9159","3.9492","3.9069","","0.61%"
"06/01/2006","3.9114","3.9379","3.9470","3.9077","","-0.72%"
"05/31/2006","3.9397","3.9462","3.9546","3.9248","","-0.17%"
"05/30/2006","3.9463","3.9218","3.9541","3.9159","","0.67%"
"05/29/2006","3.9202","3.9045","3.9324","3.8992","","0.44%"
"05/26/2006","3.9029","3.9333","3.9464","3.8954","","-1.08%"
"05/25/2006","3.9457","3.9579","3.9625","3.9234","","-0.27%"
"05/24/2006","3.9563","3.9727","3.9876","3.9397","","-0.41%"
"05/23/2006","3.9726","3.9670","3.9820","3.9268","","0.25%"
"05/22/2006","3.9626","3.9388","3.9896","3.9363","","0.33%"
"05/19/2006","3.9496","3.9475","3.9586","3.9221","","0.07%"
"05/18/2006","3.9468","3.9704","3.9803","3.9227","","-0.56%"
"05/17/2006","3.9689","3.8757","3.9797","3.8632","","2.41%"
"05/16/2006","3.8756","3.9343","3.9420","3.8665","","-1.49%"
"05/15/2006","3.9343","3.8915","3.9515","3.8752","","1.31%"
"05/12/2006","3.8835","3.8456","3.8991","3.8355","","0.95%"
"05/11/2006","3.8468","3.8304","3.8484","3.8123","","0.31%"
"05/10/2006","3.8349","3.8441","3.8578","3.8224","","-0.11%"
"05/09/2006","3.8390","3.8278","3.8475","3.8149","","0.46%"
"05/08/2006","3.8215","3.8265","3.8340","3.8094","","-0.08%"
"05/05/2006","3.8245","3.8074","3.8362","3.8035","","0.41%"
"05/04/2006","3.8090","3.8028","3.8303","3.8011","","0.10%"
"05/03/2006","3.8051","3.8217","3.8276","3.7959","","-0.45%"
"05/02/2006","3.8224","3.8527","3.8689","3.8169","","-0.95%"
"05/01/2006","3.8592","3.8686","3.8821","3.8508","","-0.12%"
"04/28/2006","3.8637","3.8657","3.8816","3.8578","","0.05%"
"04/27/2006","3.8617","3.8798","3.8868","3.8570","","-0.42%"
"04/26/2006","3.8780","3.8763","3.8955","3.8632","","0.16%"
"04/25/2006","3.8719","3.8577","3.8838","3.8451","","0.32%"
"04/24/2006","3.8597","3.8672","3.8801","3.8469","","-0.24%"
"04/21/2006","3.8688","3.8759","3.8934","3.8603","","-0.04%"
"04/20/2006","3.8704","3.9079","3.9209","3.8625","","-0.98%"
"04/19/2006","3.9087","3.9114","3.9247","3.8833","","0.10%"
"04/18/2006","3.9049","3.9243","3.9447","3.9010","","-0.53%"
"04/17/2006","3.9257","3.9332","3.9472","3.9210","","-0.17%"
"04/14/2006","3.9323","3.9326","3.9443","3.9239","","-0.04%"
"04/13/2006","3.9340","3.9263","3.9467","3.9152","","0.23%"
"04/12/2006","3.9250","3.9303","3.9398","3.9112","","-0.19%"
"04/11/2006","3.9323","3.9556","3.9593","3.9208","","-0.61%"
"04/10/2006","3.9565","3.9708","3.9797","3.9456","","-0.46%"
"04/07/2006","3.9747","3.9714","3.9801","3.9387","","0.12%"
"04/06/2006","3.9698","3.9807","3.9945","3.9370","","-0.36%"
"04/05/2006","3.9840","3.9703","3.9886","3.9491","","0.33%"
"04/04/2006","3.9709","3.9222","3.9734","3.9124","","1.17%"
"04/03/2006","3.9250","3.9199","3.9345","3.8994","","0.16%"
"03/31/2006","3.9189","3.9335","3.9487","3.9111","","-0.40%"
"03/30/2006","3.9347","3.9444","3.9508","3.9200","","-0.20%"
"03/29/2006","3.9425","3.9432","3.9761","3.9300","","0.17%"
"03/28/2006","3.9357","3.9210","3.9476","3.9147","","0.33%"
"03/27/2006","3.9227","3.8881","3.9277","3.8748","","0.89%"
"03/24/2006","3.8882","3.9088","3.9246","3.8838","","-0.47%"
"03/23/2006","3.9064","3.9024","3.9244","3.8712","","-0.01%"
"03/22/2006","3.9069","3.8995","3.9261","3.8876","","0.20%"
"03/21/2006","3.8992","3.8859","3.9102","3.8700","","0.38%"
"03/20/2006","3.8843","3.8538","3.9001","3.8436","","0.83%"
"03/17/2006","3.8522","3.8454","3.8627","3.8190","","0.15%"
"03/16/2006","3.8465","3.8667","3.8975","3.8391","","-0.49%"
"03/15/2006","3.8653","3.8913","3.9040","3.8525","","-0.63%"
"03/14/2006","3.8899","3.9180","3.9488","3.8811","","-0.76%"
"03/13/2006","3.9198","3.8972","3.9438","3.8704","","0.61%"
"03/10/2006","3.8960","3.8716","3.9106","3.8608","","0.63%"
"03/09/2006","3.8717","3.8913","3.8994","3.8602","","-0.47%"
"03/08/2006","3.8898","3.8446","3.9050","3.8426","","1.06%"
"03/07/2006","3.8489","3.8251","3.8682","3.8108","","0.62%"
"03/06/2006","3.8252","3.8080","3.8311","3.8042","","0.45%"
"03/03/2006","3.8081","3.7864","3.8195","3.7807","","0.59%"
"03/02/2006","3.7856","3.7696","3.7971","3.7571","","0.36%"
"03/01/2006","3.7719","3.7774","3.7866","3.7621","","-0.20%"
"02/28/2006","3.7794","3.7642","3.7884","3.7621","","0.43%"
"02/27/2006","3.7633","3.7572","3.7761","3.7531","","0.09%"
"02/24/2006","3.7598","3.7897","3.7981","3.7576","","-0.82%"
"02/23/2006","3.7909","3.7959","3.8005","3.7728","","-0.11%"
"02/22/2006","3.7952","3.7898","3.8177","3.7829","","0.16%"
"02/21/2006","3.7891","3.7690","3.7924","3.7564","","0.57%"
"02/20/2006","3.7677","3.7562","3.7725","3.7444","","0.26%"
"02/17/2006","3.7581","3.7654","3.7694","3.7459","","-0.14%"
"02/16/2006","3.7632","3.7708","3.7737","3.7555","","-0.12%"
"02/15/2006","3.7678","3.7863","3.8032","3.7624","","-0.52%"
"02/14/2006","3.7874","3.7986","3.8063","3.7807","","-0.29%"
"02/13/2006","3.7984","3.7778","3.8252","3.7750","","0.56%"
"02/10/2006","3.7771","3.7855","3.7925","3.7708","","-0.23%"
"02/09/2006","3.7858","3.8266","3.8352","3.7751","","-0.98%"
"02/08/2006","3.8233","3.8191","3.8306","3.8100","","0.12%"
"02/07/2006","3.8187","3.8210","3.8340","3.8045","","0.01%"
"02/06/2006","3.8184","3.8213","3.8313","3.8055","","-0.08%"
"02/03/2006","3.8216","3.8273","3.8422","3.8085","","-0.17%"
"02/02/2006","3.8280","3.8237","3.8381","3.8114","","0.13%"
"02/01/2006","3.8229","3.8173","3.8257","3.7977","","0.13%"
"01/31/2006","3.8181","3.8147","3.8429","3.8071","","0.11%"
"01/30/2006","3.8140","3.8151","3.8243","3.7993","","0.02%"
"01/27/2006","3.8131","3.8251","3.8421","3.8049","","-0.33%"
"01/26/2006","3.8257","3.8131","3.8363","3.8061","","0.43%"
"01/25/2006","3.8095","3.8222","3.8297","3.7966","","-0.28%"
"01/24/2006","3.8202","3.8549","3.8582","3.8112","","-0.89%"
"01/23/2006","3.8544","3.8489","3.8612","3.8336","","0.15%"
"01/20/2006","3.8486","3.8566","3.8611","3.8290","","-0.22%"
"01/19/2006","3.8572","3.8582","3.8622","3.8282","","-0.03%"
"01/18/2006","3.8582","3.8404","3.8652","3.8350","","0.53%"
"01/17/2006","3.8378","3.7989","3.8483","3.7929","","0.89%"
"01/16/2006","3.8041","3.8089","3.8209","3.7932","","-0.14%"
"01/13/2006","3.8096","3.7977","3.8214","3.7907","","0.33%"
"01/12/2006","3.7970","3.7936","3.8061","3.7692","","0.12%"
"01/11/2006","3.7926","3.7770","3.7981","3.7601","","0.49%"
"01/10/2006","3.7740","3.7551","3.7953","3.7523","","0.36%"
"01/09/2006","3.7603","3.8040","3.8089","3.7522","","-1.13%"
"01/06/2006","3.8033","3.8029","3.8211","3.7863","","-0.04%"
"01/05/2006","3.8050","3.8095","3.8191","3.7852","","-0.11%"
"01/04/2006","3.8090","3.8222","3.8468","3.8026","","-0.49%"
"01/03/2006","3.8276","3.8599","3.8688","3.8206","","-0.82%"
"01/02/2006","3.8591","3.8469","3.8722","3.8395","","0.43%"
"12/30/2005","3.8426","3.8534","3.8674","3.8329","","-0.28%"
"12/29/2005","3.8535","3.8599","3.8651","3.8415","","-0.13%"
"12/28/2005","3.8584","3.8439","3.8657","3.8300","","0.37%"
"12/27/2005","3.8442","3.8204","3.8482","3.8129","","0.61%"
"12/26/2005","3.8210","3.8139","3.8284","3.8019","","0.15%"
"12/23/2005","3.8153","3.8451","3.8508","3.8104","","-0.76%"
"12/22/2005","3.8446","3.8310","3.8664","3.8137","","0.23%"
"12/21/2005","3.8359","3.8292","3.8451","3.8218","","0.19%"
"12/20/2005","3.8287","3.8534","3.8571","3.8264","","-0.61%"
"12/19/2005","3.8522","3.8672","3.8799","3.8363","","-0.56%"
"12/16/2005","3.8740","3.8514","3.8772","3.8428","","0.60%"
"12/15/2005","3.8509","3.8368","3.8555","3.8227","","0.39%"
"12/14/2005","3.8360","3.8283","3.8522","3.8150","","0.20%"
"12/13/2005","3.8283","3.8209","3.8439","3.8036","","0.20%"
"12/12/2005","3.8206","3.8531","3.8671","3.8109","","-1.04%"
"12/09/2005","3.8608","3.8717","3.8827","3.8490","","-0.27%"
"12/08/2005","3.8714","3.8404","3.8793","3.8310","","0.81%"
"12/07/2005","3.8404","3.8371","3.8470","3.8287","","0.09%"
"12/06/2005","3.8370","3.8451","3.8521","3.8218","","-0.10%"
"12/05/2005","3.8407","3.8671","3.8733","3.8353","","-0.65%"
"12/02/2005","3.8658","3.8898","3.8949","3.8605","","-0.63%"
"12/01/2005","3.8904","3.9090","3.9326","3.8821","","-0.50%"
"11/30/2005","3.9101","3.8894","3.9142","3.8783","","0.52%"
"11/29/2005","3.8897","3.8949","3.9094","3.8824","","-0.08%"
"11/28/2005","3.8928","3.9158","3.9180","3.8783","","-0.54%"
"11/25/2005","3.9139","3.9091","3.9239","3.8989","","0.12%"
"11/24/2005","3.9091","3.9258","3.9300","3.9039","","-0.31%"
"11/23/2005","3.9214","3.9717","3.9775","3.9152","","-1.28%"
"11/22/2005","3.9722","3.9771","3.9867","3.9567","","-0.13%"
"11/21/2005","3.9775","3.9824","3.9898","3.9601","","-0.11%"
"11/18/2005","3.9819","3.9625","3.9856","3.9574","","0.49%"
"11/17/2005","3.9625","3.9754","3.9875","3.9568","","-0.37%"
"11/16/2005","3.9771","3.9869","3.9917","3.9658","","-0.23%"
"11/15/2005","3.9861","3.9995","4.0182","3.9627","","-0.34%"
"11/14/2005","3.9996","4.0347","4.0389","3.9864","","-0.80%"
"11/11/2005","4.0319","4.0058","4.0374","3.9835","","0.64%"
"11/10/2005","4.0061","4.0288","4.0457","3.9968","","-0.58%"
"11/09/2005","4.0294","3.9999","4.0361","3.9767","","0.74%"
"11/08/2005","3.9999","4.0175","4.0317","3.9851","","-0.44%"
"11/07/2005","4.0175","4.0016","4.0415","3.9785","","0.25%"
"11/04/2005","4.0075","3.9639","4.0138","3.9476","","1.15%"
"11/03/2005","3.9620","3.9577","3.9703","3.9490","","0.11%"
"11/02/2005","3.9577","3.9727","3.9837","3.9518","","-0.43%"
"11/01/2005","3.9747","3.9597","3.9783","3.9551","","0.26%"
"10/31/2005","3.9644","4.0012","4.0054","3.9559","","-0.98%"
"10/28/2005","4.0038","3.9751","4.0042","3.9631","","0.95%"
"10/27/2005","3.9661","3.9777","4.0193","3.9635","","-0.19%"
"10/26/2005","3.9735","3.9253","3.9876","3.9098","","1.08%"
"10/25/2005","3.9310","3.9132","3.9493","3.8996","","0.61%"
"10/24/2005","3.9072","3.8994","3.9347","3.8856","","0.28%"
"10/21/2005","3.8962","3.8940","3.9129","3.8808","","-0.03%"
"10/20/2005","3.8972","3.8931","3.9057","3.8818","","0.06%"
"10/19/2005","3.8947","3.8838","3.9133","3.8693","","0.29%"
"10/18/2005","3.8836","3.8965","3.9059","3.8743","","-0.37%"
"10/17/2005","3.8979","3.9210","3.9247","3.8880","","-0.71%"
"10/14/2005","3.9259","3.9187","3.9430","3.9055","","0.25%"
"10/13/2005","3.9162","3.8710","3.9252","3.8673","","1.17%"
"10/12/2005","3.8710","3.8720","3.8853","3.8588","","-0.02%"
"10/11/2005","3.8716","3.8766","3.8891","3.8517","","-0.17%"
"10/10/2005","3.8782","3.9008","3.9085","3.8734","","-0.49%"
"10/07/2005","3.8973","3.9268","3.9462","3.8893","","-0.75%"
"10/06/2005","3.9269","3.9118","3.9494","3.9082","","0.43%"
"10/05/2005","3.9101","3.9339","3.9383","3.9028","","-0.64%"
"10/04/2005","3.9351","3.9268","3.9414","3.9104","","0.34%"
"10/03/2005","3.9216","3.9215","3.9272","3.8940","","-0.03%"
"09/30/2005","3.9228","3.9066","3.9270","3.8934","","0.47%"
"09/29/2005","3.9045","3.8971","3.9172","3.8898","","0.15%"
"09/28/2005","3.8986","3.8937","3.9202","3.8769","","0.24%"
"09/27/2005","3.8894","3.9208","3.9260","3.8823","","-0.85%"
"09/26/2005","3.9226","3.8811","3.9423","3.8589","","1.20%"
"09/23/2005","3.8762","3.9217","3.9227","3.8650","","-1.10%"
"09/22/2005","3.9195","3.8959","3.9253","3.8878","","0.67%"
"09/21/2005","3.8934","3.8828","3.9233","3.8665","","0.25%"
"09/20/2005","3.8838","3.8788","3.8933","3.8676","","0.14%"
"09/19/2005","3.8785","3.8870","3.9015","3.8595","","-0.21%"
"09/16/2005","3.8865","3.8802","3.8985","3.8655","","0.24%"
"09/15/2005","3.8772","3.9014","3.9155","3.8745","","-0.64%"
"09/14/2005","3.9021","3.9253","3.9438","3.8972","","-0.61%"
"09/13/2005","3.9260","3.9377","3.9456","3.9063","","-0.24%"
"09/12/2005","3.9356","3.9275","3.9588","3.9018","","0.10%"
"09/09/2005","3.9317","3.9460","3.9661","3.9160","","-0.37%"
"09/08/2005","3.9464","3.9479","3.9532","3.9117","","0.04%"
"09/07/2005","3.9450","3.9268","3.9565","3.8947","","0.65%"
"09/06/2005","3.9197","3.9411","3.9573","3.9114","","-0.64%"
"09/05/2005","3.9451","3.9595","3.9724","3.9191","","-0.39%"
"09/02/2005","3.9604","3.9889","3.9903","3.9457","","-0.71%"
"09/01/2005","3.9886","4.0144","4.0332","3.9630","","-0.66%"
"08/31/2005","4.0149","4.0487","4.0537","4.0058","","-0.87%"
"08/30/2005","4.0502","4.0557","4.0642","4.0332","","-0.18%"
"08/29/2005","4.0574","4.0542","4.0706","4.0334","","-0.10%"
"08/26/2005","4.0614","4.0382","4.0744","4.0288","","0.37%"
"08/25/2005","4.0465","4.0266","4.0550","4.0135","","0.57%"
"08/24/2005","4.0234","4.0039","4.0357","3.9937","","0.48%"
"08/23/2005","4.0040","4.0168","4.0342","3.9937","","-0.31%"
"08/22/2005","4.0164","4.0372","4.0472","4.0088","","-0.50%"
"08/19/2005","4.0364","4.0137","4.0583","3.9914","","0.52%"
"08/18/2005","4.0157","4.0192","4.0242","3.9833","","-0.09%"
"08/17/2005","4.0194","4.0021","4.0367","3.9964","","0.39%"
"08/16/2005","4.0038","4.0463","4.0587","3.9857","","-1.08%"
"08/15/2005","4.0475","4.0396","4.0805","4.0243","","0.10%"
"08/12/2005","4.0436","4.0242","4.0521","4.0094","","0.52%"
"08/11/2005","4.0227","4.0185","4.0439","4.0108","","0.08%"
"08/10/2005","4.0196","4.0401","4.0483","4.0141","","-0.47%"
"08/09/2005","4.0385","4.0299","4.0489","4.0196","","0.15%"
"08/08/2005","4.0323","4.0627","4.0714","4.0253","","-0.95%"
"08/05/2005","4.0708","4.0670","4.0960","4.0441","","0.10%"
"08/04/2005","4.0669","4.0763","4.1028","4.0548","","-0.19%"
"08/03/2005","4.0745","4.0659","4.0989","4.0500","","0.18%"
"08/02/2005","4.0673","4.0612","4.0760","4.0418","","0.17%"
"08/01/2005","4.0605","4.0618","4.0849","4.0275","","-0.02%"
"07/29/2005","4.0612","4.0650","4.0836","4.0492","","0.01%"
"07/28/2005","4.0606","4.0834","4.0940","4.0542","","-0.67%"
"07/27/2005","4.0881","4.1114","4.1214","4.0695","","-0.51%"
"07/26/2005","4.1089","4.1069","4.1303","4.0883","","0.07%"
"07/25/2005","4.1062","4.1166","4.1243","4.0886","","-0.03%"
"07/22/2005","4.1076","4.1130","4.1255","4.0926","","0.34%"
"07/21/2005","4.0935","4.1342","4.1469","4.0898","","-0.97%"
"07/20/2005","4.1335","4.1129","4.1486","4.1047","","0.48%"
"07/19/2005","4.1137","4.1013","4.1287","4.0885","","0.32%"
"07/18/2005","4.1004","4.1248","4.1358","4.0879","","-0.72%"
"07/15/2005","4.1301","4.1655","4.1696","4.1107","","-0.82%"
"07/14/2005","4.1642","4.1445","4.1678","4.1285","","0.27%"
"07/13/2005","4.1531","4.1123","4.1677","4.0941","","1.10%"
"07/12/2005","4.1081","4.0996","4.1310","4.0839","","0.19%"
"07/11/2005","4.1004","4.0664","4.1061","4.0513","","0.73%"
"07/08/2005","4.0705","4.0848","4.0990","4.0556","","-0.26%"
"07/07/2005","4.0811","4.0712","4.1358","4.0662","","0.17%"
"07/06/2005","4.0743","4.0267","4.0861","4.0169","","1.22%"
"07/05/2005","4.0253","4.0114","4.0430","3.9976","","0.32%"
"07/04/2005","4.0123","4.0152","4.0420","3.9913","","-0.51%"
"07/01/2005","4.0329","4.0415","4.0545","3.9879","","-0.16%"
"06/30/2005","4.0392","4.0340","4.0570","4.0247","","0.14%"
"06/29/2005","4.0334","4.0516","4.0699","4.0293","","-0.54%"
"06/28/2005","4.0555","4.0578","4.0784","4.0444","","0.00%"
"06/27/2005","4.0555","4.0139","4.0660","4.0058","","1.20%"
"06/24/2005","4.0073","4.0078","4.0495","3.9930","","-0.22%"
"06/23/2005","4.0161","4.0279","4.0328","3.9946","","-0.29%"
"06/22/2005","4.0276","4.0528","4.0657","4.0191","","-0.65%"
"06/21/2005","4.0540","4.0493","4.0640","4.0381","","0.19%"
"06/20/2005","4.0465","4.0388","4.0956","4.0338","","-0.57%"
"06/17/2005","4.0696","4.0378","4.0912","4.0321","","0.77%"
"06/16/2005","4.0386","4.0296","4.0648","4.0220","","0.20%"
"06/15/2005","4.0307","4.0301","4.0638","4.0180","","0.03%"
"06/14/2005","4.0296","4.0524","4.0622","4.0213","","-0.50%"
"06/13/2005","4.0498","4.0130","4.0619","3.9983","","0.99%"
"06/10/2005","4.0100","4.0333","4.0433","4.0075","","-0.54%"
"06/09/2005","4.0317","4.0402","4.0647","4.0234","","-0.23%"
"06/08/2005","4.0411","4.0577","4.0731","4.0317","","-0.35%"
"06/07/2005","4.0551","4.0799","4.0848","4.0472","","-0.66%"
"06/06/2005","4.0821","4.1013","4.1127","4.0702","","-0.32%"
"06/03/2005","4.0953","4.1158","4.1338","4.0808","","-0.48%"
"06/02/2005","4.1151","4.1445","4.1582","4.1091","","-0.75%"
"06/01/2005","4.1460","4.1698","4.1792","4.1250","","-0.52%"
"05/31/2005","4.1675","4.1432","4.1731","4.1038","","0.59%"
"05/30/2005","4.1432","4.1384","4.1627","4.1253","","0.13%"
"05/27/2005","4.1378","4.1794","4.1833","4.1304","","-0.95%"
"05/26/2005","4.1773","4.1798","4.1920","4.1518","","-0.13%"
"05/25/2005","4.1828","4.1629","4.1929","4.1517","","0.45%"
"05/24/2005","4.1641","4.1758","4.1930","4.1525","","-0.23%"
"05/23/2005","4.1739","4.1791","4.2114","4.1509","","-0.07%"
"05/20/2005","4.1769","4.1516","4.1867","4.1436","","0.67%"
"05/19/2005","4.1490","4.1703","4.1809","4.1348","","-0.38%"
"05/18/2005","4.1649","4.1980","4.2073","4.1540","","-0.75%"
"05/17/2005","4.1965","4.2007","4.2206","4.1812","","-0.11%"
"05/16/2005","4.2013","4.1756","4.2237","4.1695","","0.60%"
"05/13/2005","4.1762","4.1561","4.1950","4.1354","","0.48%"
"05/12/2005","4.1561","4.1506","4.1758","4.1227","","0.15%"
"05/11/2005","4.1498","4.1770","4.1974","4.1417","","-0.66%"
"05/10/2005","4.1774","4.1373","4.1931","4.1236","","0.84%"
"05/09/2005","4.1426","4.1172","4.1719","4.0627","","0.64%"
"05/06/2005","4.1161","4.1471","4.1634","4.0475","","-0.47%"
"05/05/2005","4.1355","4.1841","4.1888","4.1205","","-1.20%"
"05/04/2005","4.1858","4.2313","4.2435","4.1655","","-1.02%"
"05/03/2005","4.2290","4.2572","4.2674","4.2140","","-0.66%"
"05/02/2005","4.2569","4.2762","4.2888","4.2472","","-0.19%"
"04/29/2005","4.2649","4.2864","4.3022","4.2487","","-0.43%"
"04/28/2005","4.2832","4.2422","4.2964","4.2289","","0.98%"
"04/27/2005","4.2417","4.1958","4.2491","4.1822","","1.07%"
"04/26/2005","4.1967","4.1845","4.2169","4.1641","","0.29%"
"04/25/2005","4.1846","4.1725","4.2131","4.1674","","0.05%"
"04/22/2005","4.1826","4.1861","4.2208","4.1525","","-0.11%"
"04/21/2005","4.1871","4.1565","4.2092","4.1436","","0.66%"
"04/20/2005","4.1595","4.1813","4.1861","4.1452","","-0.50%"
"04/19/2005","4.1803","4.1838","4.2169","4.1683","","-0.02%"
"04/18/2005","4.1813","4.1391","4.1984","4.1083","","0.94%"
"04/15/2005","4.1425","4.1198","4.1683","4.1102","","0.60%"
"04/14/2005","4.1176","4.0885","4.1284","4.0723","","0.79%"
"04/13/2005","4.0854","4.0870","4.1003","4.0606","","-0.01%"
"04/12/2005","4.0857","4.0878","4.1050","4.0645","","-0.11%"
"04/11/2005","4.0904","4.1005","4.1089","4.0594","","-0.36%"
"04/08/2005","4.1052","4.0950","4.1213","4.0780","","0.25%"
"04/07/2005","4.0949","4.1127","4.1225","4.0705","","-0.43%"
"04/06/2005","4.1126","4.1149","4.1293","4.0899","","-0.31%"
"04/05/2005","4.1252","4.1102","4.1361","4.0864","","0.41%"
"04/04/2005","4.1085","4.0978","4.1202","4.0813","","0.24%"
"04/01/2005","4.0987","4.0931","4.1158","4.0466","","0.43%"
"03/31/2005","4.0811","4.0984","4.1058","4.0659","","-0.43%"
"03/30/2005","4.0988","4.1442","4.1614","4.0877","","-1.10%"
"03/29/2005","4.1445","4.1177","4.1809","4.1177","","-0.37%"
"03/28/2005","4.1599","4.1199","4.1949","4.0993","","0.97%"
"03/25/2005","4.1199","4.1158","4.1340","4.0897","","0.15%"
"03/24/2005","4.1138","4.1237","4.1474","4.0931","","-0.57%"
"03/23/2005","4.1375","4.1044","4.1529","4.0895","","0.80%"
"03/22/2005","4.1046","4.0688","4.1130","4.0432","","0.72%"
"03/21/2005","4.0752","4.0298","4.1303","3.9922","","0.99%"
"03/18/2005","4.0351","4.0627","4.0985","4.0252","","-0.93%"
"03/17/2005","4.0731","4.0625","4.1420","4.0455","","-0.13%"
"03/16/2005","4.0783","4.0552","4.1003","4.0405","","0.77%"
"03/15/2005","4.0471","4.0020","4.0544","3.9765","","1.15%"
"03/14/2005","4.0010","3.9373","4.0150","3.9155","","1.23%"
"03/11/2005","3.9522","3.9710","3.9820","3.9190","","-0.47%"
"03/10/2005","3.9708","3.9027","3.9889","3.8841","","1.74%"
"03/09/2005","3.9028","3.8845","3.9282","3.8776","","0.33%"
"03/08/2005","3.8898","3.8802","3.8989","3.8741","","0.25%"
"03/07/2005","3.8801","3.8994","3.9034","3.8645","","-0.37%"
"03/04/2005","3.8947","3.9291","3.9500","3.8883","","-0.87%"
"03/03/2005","3.9288","3.9352","3.9528","3.8887","","-0.17%"
"03/02/2005","3.9353","3.9111","3.9603","3.8906","","0.63%"
"03/01/2005","3.9107","3.8876","3.9316","3.8523","","0.60%"
"02/28/2005","3.8872","3.8950","3.9427","3.8730","","-0.87%"
"02/25/2005","3.9214","3.9265","3.9505","3.8918","","-0.18%"
"02/24/2005","3.9286","3.9312","3.9599","3.9130","","-0.16%"
"02/23/2005","3.9348","3.9520","3.9668","3.9183","","-0.46%"
"02/22/2005","3.9530","3.9825","4.0073","3.9377","","-0.71%"
"02/21/2005","3.9811","3.9829","3.9976","3.9563","","-0.12%"
"02/18/2005","3.9857","3.9880","4.0218","3.9534","","-0.06%"
"02/17/2005","3.9880","3.9837","4.0214","3.9724","","0.08%"
"02/16/2005","3.9850","3.9721","4.0344","3.9472","","0.33%"
"02/15/2005","3.9719","3.9982","4.0174","3.9627","","-0.70%"
"02/14/2005","3.9998","4.0063","4.0293","3.9904","","-0.14%"
"02/11/2005","4.0055","4.0113","4.0443","3.9886","","-0.13%"
"02/10/2005","4.0108","3.9919","4.0355","3.9801","","0.45%"
"02/09/2005","3.9929","3.9914","4.0234","3.9803","","0.06%"
"02/08/2005","3.9907","3.9550","4.0067","3.9345","","0.89%"
"02/07/2005","3.9555","3.9704","3.9958","3.9409","","-0.28%"
"02/04/2005","3.9667","3.9795","4.0008","3.9514","","-0.30%"
"02/03/2005","3.9786","4.0139","4.0342","3.9571","","-0.89%"
"02/02/2005","4.0144","4.0530","4.0849","4.0071","","-0.88%"
"02/01/2005","4.0502","4.0596","4.0676","4.0317","","-0.23%"
"01/31/2005","4.0594","4.0477","4.0782","4.0226","","0.38%"
"01/28/2005","4.0442","4.0572","4.0701","4.0303","","-0.38%"
"01/27/2005","4.0598","4.0588","4.0768","4.0373","","-0.53%"
"01/26/2005","4.0813","4.0681","4.0880","4.0509","","0.35%"
"01/25/2005","4.0670","4.0576","4.0814","4.0455","","0.21%"
"01/24/2005","4.0586","4.0734","4.0897","4.0473","","-0.39%"
"01/21/2005","4.0744","4.0791","4.1158","4.0592","","-0.36%"
"01/20/2005","4.0893","4.0738","4.1307","4.0669","","0.15%"
"01/19/2005","4.0833","4.0890","4.1106","4.0639","","-0.16%"
"01/18/2005","4.0899","4.0694","4.1041","4.0371","","0.47%"
"01/17/2005","4.0706","4.0685","4.0829","4.0535","","-0.22%"
"01/14/2005","4.0796","4.0547","4.0899","4.0184","","0.66%"
"01/13/2005","4.0529","4.0566","4.0898","4.0388","","-0.11%"
"01/12/2005","4.0574","4.0501","4.0813","4.0377","","0.15%"
"01/11/2005","4.0513","4.0588","4.0767","4.0388","","-0.16%"
"01/10/2005","4.0577","4.0897","4.0994","4.0500","","-0.72%"
"01/07/2005","4.0872","4.0998","4.1269","4.0567","","-0.10%"
"01/06/2005","4.0913","4.0987","4.1297","4.0882","","-0.21%"
"01/05/2005","4.0999","4.0992","4.1538","4.0847","","-0.43%"
"01/04/2005","4.1175","4.0735","4.1303","4.0570","","1.52%"
"01/03/2005","4.0559","4.0804","4.0897","4.0387","","-0.62%"
"12/31/2004","4.0810","4.0802","4.0954","4.0486","","0.17%"
"12/30/2004","4.0739","4.0762","4.0840","4.0377","","-0.04%"
"12/29/2004","4.0756","4.0451","4.0814","4.0234","","0.79%"
"12/28/2004","4.0436","4.0639","4.0828","4.0363","","-0.51%"
"12/27/2004","4.0645","4.0656","4.0821","4.0346","","-0.01%"
"12/24/2004","4.0649","4.0685","4.0822","4.0542","","-0.13%"
"12/23/2004","4.0703","4.0751","4.1035","4.0480","","-0.10%"
"12/22/2004","4.0742","4.0906","4.1076","4.0505","","-0.64%"
"12/21/2004","4.1006","4.1160","4.1264","4.0753","","-0.37%"
"12/20/2004","4.1157","4.1449","4.1489","4.1039","","-0.85%"
"12/17/2004","4.1508","4.1590","4.1701","4.1253","","0.19%"
"12/16/2004","4.1430","4.1431","4.1745","4.1327","","0.10%"
"12/15/2004","4.1387","4.1769","4.1824","4.1381","","-0.82%"
"12/14/2004","4.1728","4.1919","4.2026","4.1596","","-0.38%"
"12/13/2004","4.1887","4.1983","4.2325","4.1877","","-0.43%"
"12/10/2004","4.2069","4.1873","4.2362","4.1620","","0.45%"
"12/09/2004","4.1882","4.1795","4.2040","4.1553","","0.10%"
"12/08/2004","4.1842","4.1649","4.2115","4.1387","","0.38%"
"12/07/2004","4.1682","4.1636","4.1898","4.1593","","-0.04%"
"12/06/2004","4.1698","4.1729","4.1835","4.1541","","-0.05%"
"12/03/2004","4.1719","4.1728","4.1903","4.1532","","-0.13%"
"12/02/2004","4.1774","4.1676","4.1953","4.1513","","0.35%"
"12/01/2004","4.1627","4.1878","4.2014","4.1452","","-0.51%"
"11/30/2004","4.1840","4.2059","4.2249","4.1775","","-0.65%"
"11/29/2004","4.2114","4.2131","4.2296","4.1829","","-0.20%"
"11/26/2004","4.2198","4.2074","4.2332","4.1763","","0.29%"
"11/25/2004","4.2074","4.2003","4.2292","4.1971","","0.25%"
"11/24/2004","4.1971","4.1998","4.2224","4.1902","","-0.10%"
"11/23/2004","4.2014","4.2034","4.2289","4.1822","","-0.03%"
"11/22/2004","4.2025","4.2192","4.2364","4.2009","","-0.61%"
"11/19/2004","4.2284","4.2561","4.2632","4.2211","","-0.43%"
"11/18/2004","4.2466","4.2429","4.2712","4.2311","","0.09%"
"11/17/2004","4.2427","4.2534","4.2884","4.2357","","-0.25%"
"11/16/2004","4.2534","4.2496","4.2836","4.2361","","-0.02%"
"11/15/2004","4.2541","4.2697","4.2993","4.2430","","-0.44%"
"11/12/2004","4.2727","4.2751","4.3110","4.2680","","-0.05%"
"11/11/2004","4.2748","4.2649","4.2916","4.2570","","0.21%"
"11/10/2004","4.2659","4.2557","4.2895","4.2337","","0.27%"
"11/09/2004","4.2544","4.2759","4.2815","4.2390","","-0.53%"
"11/08/2004","4.2769","4.2591","4.2906","4.2486","","0.21%"
"11/05/2004","4.2681","4.2868","4.3101","4.2590","","-0.39%"
"11/04/2004","4.2846","4.2973","4.3274","4.2782","","-0.42%"
"11/03/2004","4.3027","4.3058","4.3300","4.2765","","0.23%"
"11/02/2004","4.2928","4.3098","4.3343","4.2847","","-0.39%"
"11/01/2004","4.3095","4.3214","4.3363","4.2981","","-0.24%"
"10/29/2004","4.3200","4.3376","4.3502","4.2947","","-0.57%"
"10/28/2004","4.3448","4.3144","4.3551","4.3076","","0.64%"
"10/27/2004","4.3172","4.3333","4.3623","4.2991","","-0.43%"
"10/26/2004","4.3360","4.3768","4.3850","4.3300","","-0.87%"
"10/25/2004","4.3742","4.2951","4.3909","4.2797","","1.93%"
"10/22/2004","4.2913","4.2700","4.3064","4.2632","","0.45%"
"10/21/2004","4.2721","4.2933","4.3210","4.2675","","-0.51%"
"10/20/2004","4.2939","4.2838","4.3233","4.2611","","0.20%"
"10/19/2004","4.2852","4.2991","4.2994","4.2665","","-0.36%"
"10/18/2004","4.3008","4.3021","4.3078","4.2708","","0.08%"
"10/15/2004","4.2972","4.2886","4.3445","4.2727","","0.17%"
"10/14/2004","4.2897","4.2915","4.3242","4.2758","","-0.07%"
"10/13/2004","4.2929","4.3030","4.3149","4.2773","","-0.06%"
"10/12/2004","4.2956","4.2975","4.3227","4.2780","","-0.48%"
"10/11/2004","4.3163","4.3496","4.3513","4.2943","","-0.36%"
"10/08/2004","4.3317","4.3206","4.3592","4.3175","","0.26%"
"10/07/2004","4.3206","4.3303","4.3486","4.3012","","-0.17%"
"10/06/2004","4.3281","4.3023","4.3340","4.2910","","0.41%"
"10/05/2004","4.3103","4.3225","4.3295","4.2996","","-0.33%"
"10/04/2004","4.3246","4.3412","4.3507","4.3080","","-0.49%"
"10/01/2004","4.3461","4.3655","4.3843","4.3224","","-0.44%"
"09/30/2004","4.3655","4.3669","4.3970","4.3539","","-0.04%"
"09/29/2004","4.3673","4.3534","4.4005","4.3354","","0.53%"
"09/28/2004","4.3441","4.3589","4.3972","4.3393","","-0.18%"
"09/27/2004","4.3521","4.3557","4.3764","4.3239","","-0.03%"
"09/24/2004","4.3532","4.3276","4.3730","4.3167","","0.55%"
"09/23/2004","4.3294","4.3374","4.3579","4.3223","","-0.25%"
"09/22/2004","4.3403","4.3281","4.3406","4.2988","","0.28%"
"09/21/2004","4.3281","4.3007","4.3396","4.2921","","0.00%"
"09/20/2004","4.3279","4.3398","4.3471","4.2967","","-0.47%"
"09/17/2004","4.3484","4.3446","4.3676","4.3180","","0.10%"
"09/16/2004","4.3441","4.3368","4.3661","4.3224","","0.14%"
"09/15/2004","4.3379","4.3761","4.3822","4.3238","","-0.80%"
"09/14/2004","4.3727","4.3914","4.3979","4.3496","","-0.30%"
"09/13/2004","4.3858","4.3927","4.4016","4.3641","","0.00%"
"09/10/2004","4.3856","4.3848","4.4230","4.3567","","0.08%"
"09/09/2004","4.3823","4.3843","4.4096","4.3617","","-0.02%"
"09/08/2004","4.3832","4.3895","4.4032","4.3709","","-0.14%"
"09/07/2004","4.3892","4.3833","4.3985","4.3608","","0.16%"
"09/06/2004","4.3822","4.4055","4.4183","4.3812","","-0.63%"
"09/03/2004","4.4098","4.4206","4.4379","4.3716","","-0.27%"
"09/02/2004","4.4217","4.4473","4.4506","4.4135","","-0.59%"
"09/01/2004","4.4480","4.4478","4.4582","4.4266","","-0.04%"
"08/31/2004","4.4500","4.4484","4.4802","4.4290","","0.02%"
"08/30/2004","4.4491","4.4417","4.4721","4.4213","","0.07%"
"08/27/2004","4.4459","4.4947","4.5025","4.4327","","-1.12%"
"08/26/2004","4.4962","4.4320","4.5065","4.4119","","1.47%"
"08/25/2004","4.4309","4.4317","4.4496","4.3820","","-0.02%"
"08/24/2004","4.4317","4.4211","4.4551","4.4002","","0.28%"
"08/23/2004","4.4193","4.4600","4.4690","4.4095","","-0.85%"
"08/20/2004","4.4572","4.4745","4.4910","4.4489","","-0.35%"
"08/19/2004","4.4727","4.4439","4.4787","4.4403","","0.58%"
"08/18/2004","4.4468","4.4402","4.4675","4.4158","","0.16%"
"08/17/2004","4.4395","4.4339","4.4482","4.3967","","0.11%"
"08/16/2004","4.4346","4.4499","4.4584","4.4151","","-0.18%"
"08/13/2004","4.4428","4.4274","4.4744","4.4047","","0.55%"
"08/12/2004","4.4186","4.4079","4.4329","4.3896","","0.21%"
"08/11/2004","4.4093","4.3880","4.4427","4.3667","","0.13%"
"08/10/2004","4.4036","4.3819","4.4169","4.3539","","0.48%"
"08/09/2004","4.3826","4.3849","4.3910","4.3572","","0.05%"
"08/06/2004","4.3802","4.3836","4.4564","4.3733","","-0.08%"
"08/05/2004","4.3839","4.4114","4.4166","4.3799","","-0.31%"
"08/04/2004","4.3976","4.4121","4.4419","4.3940","","-0.37%"
"08/03/2004","4.4139","4.3802","4.4432","4.3644","","0.79%"
"08/02/2004","4.3795","4.3795","4.4060","4.3557","","0.47%"
"07/30/2004","4.3592","4.3627","4.4018","4.3529","","-0.08%"
"07/29/2004","4.3627","4.3995","4.4256","4.3564","","-0.86%"
"07/28/2004","4.4006","4.4165","4.4310","4.3895","","-0.48%"
"07/27/2004","4.4217","4.4401","4.4490","4.4060","","-0.41%"
"07/26/2004","4.4397","4.4325","4.4581","4.4216","","0.26%"
"07/23/2004","4.4281","4.4463","4.4567","4.4098","","-0.38%"
"07/22/2004","4.4452","4.4725","4.4725","4.4319","","-0.47%"
"07/21/2004","4.4663","4.4606","4.4848","4.4234","","0.14%"
"07/20/2004","4.4599","4.4382","4.4779","4.4288","","0.47%"
"07/19/2004","4.4389","4.4162","4.4532","4.4023","","0.46%"
"07/16/2004","4.4187","4.4573","4.4801","4.4004","","-0.87%"
"07/15/2004","4.4577","4.4338","4.4739","4.4109","","0.51%"
"07/14/2004","4.4349","4.4600","4.4770","4.4284","","-0.53%"
"07/13/2004","4.4585","4.4811","4.4905","4.4474","","-0.51%"
"07/12/2004","4.4815","4.5107","4.5136","4.4765","","-0.69%"
"07/09/2004","4.5125","4.5207","4.5403","4.5074","","-0.16%"
"07/08/2004","4.5197","4.5252","4.5448","4.5080","","-0.17%"
"07/07/2004","4.5274","4.5095","4.5470","4.5068","","0.41%"
"07/06/2004","4.5087","4.5255","4.5429","4.4988","","-0.42%"
"07/05/2004","4.5278","4.5262","4.5366","4.5103","","0.05%"
"07/02/2004","4.5255","4.5088","4.5397","4.4854","","0.36%"
"07/01/2004","4.5091","4.5003","4.5242","4.4724","","0.20%"
"06/30/2004","4.5003","4.5233","4.5431","4.4918","","-0.56%"
"06/29/2004","4.5255","4.5271","4.5521","4.5118","","-0.05%"
"06/28/2004","4.5278","4.5593","4.5630","4.5199","","-0.66%"
"06/25/2004","4.5580","4.5490","4.5801","4.5351","","0.22%"
"06/24/2004","4.5482","4.5542","4.5784","4.5326","","-0.09%"
"06/23/2004","4.5523","4.5771","4.6139","4.5400","","-0.54%"
"06/22/2004","4.5771","4.5840","4.6036","4.5507","","-0.16%"
"06/21/2004","4.5844","4.5820","4.6006","4.5537","","0.07%"
"06/18/2004","4.5813","4.5708","4.6018","4.5404","","0.21%"
"06/17/2004","4.5715","4.5569","4.5871","4.5465","","0.27%"
"06/16/2004","4.5592","4.5694","4.5947","4.5448","","-0.34%"
"06/15/2004","4.5748","4.5570","4.5938","4.5405","","0.40%"
"06/14/2004","4.5566","4.5528","4.5819","4.5356","","-0.12%"
"06/11/2004","4.5623","4.5824","4.5990","4.5397","","-0.40%"
"06/10/2004","4.5805","4.5732","4.6162","4.5664","","0.13%"
"06/09/2004","4.5744","4.6001","4.6094","4.5511","","-0.55%"
"06/08/2004","4.5997","4.5818","4.6109","4.5669","","0.47%"
"06/07/2004","4.5781","4.6565","4.6724","4.5762","","-1.43%"
"06/04/2004","4.6444","4.6277","4.6669","4.6205","","0.36%"
"06/03/2004","4.6277","4.6303","4.6646","4.6203","","-0.09%"
"06/02/2004","4.6319","4.6444","4.6743","4.6236","","-0.29%"
"06/01/2004","4.6455","4.6519","4.6692","4.6199","","-0.14%"
"05/31/2004","4.6519","4.6403","4.6641","4.6190","","0.36%"
"05/28/2004","4.6351","4.6589","4.6805","4.6136","","-0.51%"
"05/27/2004","4.6589","4.6395","4.6796","4.6223","","0.42%"
"05/26/2004","4.6395","4.6513","4.6783","4.6156","","-0.24%"
"05/25/2004","4.6505","4.6187","4.6682","4.6099","","0.76%"
"05/24/2004","4.6156","4.6688","4.6750","4.6041","","-1.21%"
"05/21/2004","4.6719","4.6939","4.7127","4.6570","","-0.44%"
"05/20/2004","4.6927","4.6678","4.7028","4.6227","","0.55%"
"05/19/2004","4.6671","4.6713","4.7222","4.6584","","0.13%"
"05/18/2004","4.6609","4.7547","4.7692","4.6601","","-2.15%"
"05/17/2004","4.7635","4.7718","4.8076","4.7536","","-0.11%"
"05/14/2004","4.7686","4.7334","4.7890","4.7254","","0.69%"
"05/13/2004","4.7359","4.7731","4.7907","4.7347","","-0.74%"
"05/12/2004","4.7711","4.7602","4.7934","4.7474","","0.13%"
"05/11/2004","4.7650","4.7339","4.7839","4.7251","","0.58%"
"05/10/2004","4.7376","4.7405","4.7724","4.7072","","0.02%"
"05/07/2004","4.7368","4.7355","4.7662","4.7047","","-0.04%"
"05/06/2004","4.7386","4.7458","4.7788","4.7279","","-0.10%"
"05/05/2004","4.7434","4.7407","4.7690","4.7254","","-0.16%"
"05/04/2004","4.7512","4.7509","4.7906","4.7323","","0.10%"
"05/03/2004","4.7465","4.7960","4.8181","4.7446","","-0.79%"
"04/30/2004","4.7844","4.7772","4.8230","4.7670","","0.16%"
"04/29/2004","4.7768","4.7846","4.8138","4.7501","","-0.14%"
"04/28/2004","4.7833","4.7815","4.8080","4.7537","","0.01%"
"04/27/2004","4.7827","4.7560","4.8033","4.7437","","0.57%"
"04/26/2004","4.7556","4.7395","4.7828","4.7154","","0.08%"
"04/23/2004","4.7516","4.7646","4.7824","4.7384","","-0.30%"
"04/22/2004","4.7658","4.7525","4.7729","4.7229","","0.24%"
"04/21/2004","4.7545","4.7262","4.7626","4.7126","","0.56%"
"04/20/2004","4.7282","4.7648","4.7823","4.7218","","-0.83%"
"04/19/2004","4.7676","4.7854","4.7990","4.7620","","-0.31%"
"04/16/2004","4.7822","4.8159","4.8216","4.7635","","-0.75%"
"04/15/2004","4.8184","4.8189","4.8200","4.7970","","-0.08%"
"04/14/2004","4.8221","4.7402","4.8275","4.7191","","1.72%"
"04/13/2004","4.7406","4.7236","4.7641","4.7064","","0.33%"
"04/12/2004","4.7248","4.7219","4.7297","4.7102","","0.05%"
"04/09/2004","4.7223","4.7213","4.7454","4.7111","","0.02%"
"04/08/2004","4.7213","4.7187","4.7598","4.7012","","-0.28%"
"04/07/2004","4.7345","4.7166","4.7510","4.6954","","0.54%"
"04/06/2004","4.7092","4.7074","4.7395","4.6826","","-0.03%"
"04/05/2004","4.7105","4.6963","4.7230","4.6808","","0.31%"
"04/02/2004","4.6958","4.7338","4.7578","4.6763","","-0.77%"
"04/01/2004","4.7323","4.7497","4.7624","4.7141","","-0.34%"
"03/31/2004","4.7486","4.7111","4.7746","4.6987","","0.77%"
"03/30/2004","4.7123","4.7192","4.7567","4.6976","","-0.17%"
"03/29/2004","4.7203","4.7150","4.7522","4.6948","","0.06%"
"03/26/2004","4.7177","4.7286","4.7748","4.7063","","-0.17%"
"03/25/2004","4.7255","4.6753","4.7557","4.6651","","1.08%"
"03/24/2004","4.6750","4.7059","4.7205","4.6614","","-0.59%"
"03/23/2004","4.7029","4.6997","4.7224","4.6823","","0.01%"
"03/22/2004","4.7026","4.7085","4.7397","4.6815","","0.07%"
"03/19/2004","4.6994","4.7360","4.7580","4.6933","","-0.81%"
"03/18/2004","4.7376","4.7284","4.7684","4.7116","","0.17%"
"03/17/2004","4.7296","4.7205","4.7396","4.6946","","0.23%"
"03/16/2004","4.7186","4.7020","4.7399","4.6842","","0.33%"
"03/15/2004","4.7032","4.7328","4.7522","4.6874","","-1.03%"
"03/12/2004","4.7520","4.7732","4.7832","4.7157","","-0.57%"
"03/11/2004","4.7794","4.7402","4.8003","4.7137","","0.94%"
"03/10/2004","4.7349","4.7147","4.7794","4.7112","","-0.03%"
"03/09/2004","4.7363","4.7929","4.8207","4.7002","","-1.18%"
"03/08/2004","4.7929","4.8281","4.8404","4.7669","","-0.80%"
"03/05/2004","4.8314","4.8251","4.8909","4.8102","","0.42%"
"03/04/2004","4.8114","4.8289","4.8538","4.7949","","-0.36%"
"03/03/2004","4.8289","4.8526","4.8688","4.7953","","-0.52%"
"03/02/2004","4.8542","4.8855","4.8926","4.8150","","-0.47%"
"03/01/2004","4.8773","4.8945","4.9439","4.8753","","-0.31%"
"02/27/2004","4.8926","4.8528","4.9087","4.8434","","0.85%"
"02/26/2004","4.8516","4.8260","4.8848","4.7957","","0.57%"
"02/25/2004","4.8239","4.8817","4.9052","4.8064","","-1.18%"
"02/24/2004","4.8817","4.8632","4.9161","4.8455","","0.41%"
"02/23/2004","4.8616","4.8487","4.9062","4.8164","","-0.18%"
"02/20/2004","4.8705","4.9007","4.9318","4.8574","","-0.62%"
"02/19/2004","4.9007","4.8357","4.9124","4.8322","","1.50%"
"02/18/2004","4.8284","4.8742","4.8985","4.8223","","-0.88%"
"02/17/2004","4.8715","4.8603","4.8824","4.8428","","0.20%"
"02/16/2004","4.8618","4.8504","4.8699","4.8360","","0.42%"
"02/13/2004","4.8413","4.8873","4.8911","4.8366","","-0.92%"
"02/12/2004","4.8861","4.8605","4.8891","4.8104","","0.51%"
"02/11/2004","4.8613","4.8162","4.8814","4.8143","","0.76%"
"02/10/2004","4.8246","4.8246","4.8455","4.8100","","0.02%"
"02/09/2004","4.8238","4.8110","4.8821","4.8079","","-0.33%"
"02/06/2004","4.8398","4.8393","4.8957","4.8211","","0.10%"
"02/05/2004","4.8350","4.7950","4.8842","4.7697","","0.86%"
"02/04/2004","4.7939","4.7758","4.8110","4.7636","","0.42%"
"02/03/2004","4.7739","4.7832","4.8250","4.7696","","-0.24%"
"02/02/2004","4.7852","4.8028","4.8090","4.7545","","-0.35%"
"01/30/2004","4.8021","4.7662","4.8134","4.7410","","0.77%"
"01/29/2004","4.7654","4.6887","4.7677","4.6636","","1.67%"
"01/28/2004","4.6872","4.7804","4.7888","4.6820","","-1.94%"
"01/27/2004","4.7801","4.6735","4.7889","4.6690","","2.23%"
"01/26/2004","4.6758","4.6652","4.7065","4.6598","","0.13%"
"01/23/2004","4.6697","4.6873","4.7068","4.6612","","-0.38%"
"01/22/2004","4.6873","4.7128","4.7329","4.6754","","-0.53%"
"01/21/2004","4.7124","4.7223","4.7443","4.6958","","-0.22%"
"01/20/2004","4.7230","4.7162","4.7445","4.6981","","0.12%"
"01/19/2004","4.7174","4.6762","4.7317","4.6758","","0.31%"
"01/16/2004","4.7030","4.7181","4.7381","4.6844","","-0.33%"
"01/15/2004","4.7185","4.7318","4.7590","4.7124","","-0.26%"
"01/14/2004","4.7310","4.7511","4.7762","4.7170","","-0.38%"
"01/13/2004","4.7492","4.6832","4.7507","4.6681","","1.49%"
"01/12/2004","4.6795","4.6887","4.7279","4.6761","","0.04%"
"01/09/2004","4.6777","4.6897","4.7134","4.6663","","-0.28%"
"01/08/2004","4.6908","4.6478","4.7140","4.6287","","0.88%"
"01/07/2004","4.6500","4.6337","4.6944","4.6173","","0.36%"
"01/06/2004","4.6334","4.6628","4.7062","4.6286","","-0.61%"
"01/05/2004","4.6617","4.6780","4.7224","4.6536","","-0.36%"
"01/02/2004","4.6786","4.6721","4.7108","4.6647","","0.20%"
"01/01/2004","4.6692","4.6974","4.6997","4.6454","","-0.55%"
"12/31/2003","4.6952","4.7123","4.7311","4.6669","","-0.39%"
"12/30/2003","4.7134","4.6930","4.7187","4.6765","","0.43%"
"12/29/2003","4.6930","4.6440","4.7004","4.6425","","1.11%"
"12/26/2003","4.6417","4.6567","4.6757","4.6399","","-0.30%"
"12/25/2003","4.6556","4.6477","4.6608","4.6462","","0.14%"
"12/24/2003","4.6492","4.6319","4.6844","4.6285","","0.46%"
"12/23/2003","4.6278","4.6264","4.6597","4.6220","","0.05%"
"12/22/2003","4.6257","4.6568","4.6598","4.6246","","-0.53%"
"12/19/2003","4.6504","4.6467","4.6657","4.6246","","0.02%"
"12/18/2003","4.6493","4.6410","4.6625","4.6313","","-0.02%"
"12/17/2003","4.6500","4.6522","4.6607","4.6285","","0.11%"
"12/16/2003","4.6450","4.6431","4.6624","4.6258","","0.11%"
"12/15/2003","4.6400","4.6225","4.6666","4.6183","","-0.42%"
"12/12/2003","4.6595","4.6679","4.6715","4.6469","","-0.08%"
"12/11/2003","4.6633","4.6497","4.6744","4.6186","","0.28%"
"12/10/2003","4.6501","4.6813","4.6825","4.6322","","-0.68%"
"12/09/2003","4.6821","4.6537","4.6889","4.6463","","0.60%"
"12/08/2003","4.6544","4.6495","4.6684","4.6227","","0.17%"
"12/05/2003","4.6465","4.6244","4.6594","4.6082","","0.48%"
"12/04/2003","4.6244","4.6305","4.6622","4.6070","","-0.09%"
"12/03/2003","4.6286","4.6595","4.6785","4.6147","","-0.67%"
"12/02/2003","4.6599","4.6601","4.6909","4.6516","","0.11%"
"12/01/2003","4.6550","4.6591","4.6840","4.6307","","-0.15%"
"11/28/2003","4.6621","4.6642","4.7201","4.6539","","-0.02%"
"11/27/2003","4.6630","4.6501","4.6730","4.6353","","0.23%"
"11/26/2003","4.6524","4.6493","4.6720","4.6374","","0.08%"
"11/25/2003","4.6489","4.6233","4.6628","4.6174","","0.55%"
"11/24/2003","4.6233","4.6775","4.6810","4.6150","","-1.11%"
"11/21/2003","4.6751","4.6243","4.6880","4.6162","","1.07%"
"11/20/2003","4.6255","4.5984","4.6453","4.5961","","0.52%"
"11/19/2003","4.6017","4.6252","4.6326","4.5966","","-0.43%"
"11/18/2003","4.6218","4.5625","4.6274","4.5579","","1.28%"
"11/17/2003","4.5633","4.5820","4.6065","4.5395","","-0.22%"
"11/14/2003","4.5732","4.5819","4.6105","4.5497","","-0.20%"
"11/13/2003","4.5823","4.5545","4.5941","4.5529","","0.58%"
"11/12/2003","4.5561","4.5752","4.5973","4.5524","","-0.37%"
"11/11/2003","4.5728","4.5460","4.5812","4.5337","","0.50%"
"11/10/2003","4.5499","4.5997","4.6137","4.5495","","-1.42%"
"11/07/2003","4.6155","4.5786","4.6195","4.5711","","0.79%"
"11/06/2003","4.5794","4.5925","4.6250","4.5745","","-0.31%"
"11/05/2003","4.5937","4.5861","4.6299","4.5682","","0.19%"
"11/04/2003","4.5849","4.6360","4.6384","4.5805","","-1.11%"
"11/03/2003","4.6364","4.6785","4.6830","4.6054","","-0.78%"
"10/31/2003","4.6729","4.6795","4.7170","4.6624","","-0.15%"
"10/30/2003","4.6799","4.6477","4.6951","4.6418","","0.68%"
"10/29/2003","4.6485","4.6512","4.6867","4.6350","","-0.04%"
"10/28/2003","4.6504","4.6559","4.6885","4.6196","","-0.04%"
"10/27/2003","4.6524","4.6552","4.6825","4.6364","","-0.05%"
"10/24/2003","4.6547","4.6691","4.7128","4.6317","","-0.53%"
"10/23/2003","4.6797","4.6691","4.6813","4.6675","","0.87%"
"10/22/2003","4.6394","4.5884","4.6504","4.5806","","1.10%"
"10/21/2003","4.5888","4.5707","4.6131","4.5686","","0.35%"
"10/20/2003","4.5727","4.6135","4.6370","4.5709","","-0.64%"
"10/17/2003","4.6023","4.6003","4.6488","4.5624","","0.06%"
"10/16/2003","4.5995","4.5326","4.6380","4.5298","","1.36%"
"10/15/2003","4.5380","4.5461","4.5670","4.5257","","-0.12%"
"10/14/2003","4.5434","4.5298","4.5644","4.4726","","0.35%"
"10/13/2003","4.5275","4.5380","4.5403","4.4965","","-0.10%"
"10/10/2003","4.5320","4.5093","4.5724","4.4978","","0.51%"
"10/09/2003","4.5089","4.5080","4.5369","4.4859","","0.09%"
"10/08/2003","4.5049","4.5379","4.5712","4.4996","","-0.69%"
"10/07/2003","4.5364","4.5523","4.5771","4.5318","","-0.34%"
"10/06/2003","4.5519","4.4886","4.5593","4.4713","","0.56%"
"10/03/2003","4.5266","4.5385","4.5495","4.5107","","-0.33%"
"10/02/2003","4.5416","4.5882","4.6060","4.5302","","-0.91%"
"10/01/2003","4.5835","4.6012","4.6179","4.5396","","-0.37%"
"09/30/2003","4.6004","4.6069","4.6506","4.5648","","-0.12%"
"09/29/2003","4.6061","4.5288","4.6101","4.5177","","1.89%"
"09/26/2003","4.5207","4.4883","4.5556","4.4832","","0.64%"
"09/25/2003","4.4918","4.4935","4.5192","4.4860","","-0.10%"
"09/24/2003","4.4962","4.4642","4.5018","4.4592","","0.62%"
"09/23/2003","4.4685","4.4801","4.5081","4.4663","","-0.29%"
"09/22/2003","4.4817","4.5248","4.5445","4.4730","","-0.39%"
"09/19/2003","4.4993","4.4968","4.5208","4.4742","","0.03%"
"09/18/2003","4.4980","4.5358","4.5500","4.4928","","-0.85%"
"09/17/2003","4.5366","4.4642","4.5426","4.4509","","1.55%"
"09/16/2003","4.4674","4.4462","4.5000","4.4401","","0.45%"
"09/15/2003","4.4474","4.4434","4.4739","4.4286","","0.00%"
"09/12/2003","4.4472","4.4278","4.4634","4.4136","","0.40%"
"09/11/2003","4.4297","4.4414","4.4541","4.4052","","-0.32%"
"09/10/2003","4.4438","4.4397","4.4566","4.4159","","0.08%"
"09/09/2003","4.4404","4.4070","4.4690","4.4012","","0.73%"
"09/08/2003","4.4082","4.4070","4.4082","4.4070","","-0.79%"
"09/05/2003","4.4431","4.3947","4.4612","4.3862","","1.06%"
"09/04/2003","4.3964","4.3395","4.4028","4.3279","","1.26%"
"09/03/2003","4.3415","4.3460","4.3687","4.3287","","-0.14%"
"09/02/2003","4.3477","4.3526","4.3697","4.3271","","-0.10%"
"09/01/2003","4.3522","4.3579","4.3702","4.3409","","0.09%"
"08/29/2003","4.3485","4.3491","4.3694","4.3280","","-0.04%"
"08/28/2003","4.3503","4.3329","4.3593","4.3231","","0.35%"
"08/27/2003","4.3353","4.3464","4.3759","4.3253","","-0.17%"
"08/26/2003","4.3428","4.3413","4.3691","4.3146","","-0.04%"
"08/25/2003","4.3445","4.3586","4.3665","4.3345","","-0.43%"
"08/22/2003","4.3634","4.3579","4.3709","4.3443","","0.12%"
"08/21/2003","4.3583","4.3564","4.3822","4.3300","","0.06%"
"08/20/2003","4.3556","4.3691","4.3832","4.3490","","-0.40%"
"08/19/2003","4.3729","4.3722","4.3863","4.3460","","0.01%"
"08/18/2003","4.3726","4.3578","4.3811","4.3394","","0.09%"
"08/15/2003","4.3688","4.3732","4.3882","4.3527","","-0.12%"
"08/14/2003","4.3740","4.3623","4.3892","4.3495","","0.25%"
"08/13/2003","4.3631","4.3478","4.3855","4.3431","","0.32%"
"08/12/2003","4.3490","4.3547","4.3929","4.3457","","-0.15%"
"08/11/2003","4.3554","4.3530","4.3974","4.3314","","0.05%"
"08/08/2003","4.3534","4.3561","4.3727","4.3289","","-0.11%"
"08/07/2003","4.3580","4.3594","4.3880","4.3507","","-0.02%"
"08/06/2003","4.3590","4.3908","4.4014","4.3539","","-0.75%"
"08/05/2003","4.3920","4.3785","4.3957","4.3494","","0.34%"
"08/04/2003","4.3773","4.3785","4.3792","4.3765","","-0.30%"
"08/01/2003","4.3904","4.3505","4.4090","4.3348","","0.91%"
"07/31/2003","4.3509","4.3685","4.3945","4.3395","","-0.45%"
"07/30/2003","4.3704","4.3663","4.3827","4.3532","","0.17%"
"07/29/2003","4.3632","4.4005","4.4123","4.3624","","-0.84%"
"07/28/2003","4.4001","4.3922","4.4269","4.3812","","0.04%"
"07/25/2003","4.3982","4.4104","4.4389","4.3904","","-0.31%"
"07/24/2003","4.4119","4.4171","4.4263","4.3934","","-0.16%"
"07/23/2003","4.4190","4.4221","4.4587","4.4046","","-0.07%"
"07/22/2003","4.4221","4.4487","4.4653","4.4200","","-0.56%"
"07/21/2003","4.4468","4.4583","4.4836","4.4359","","-0.36%"
"07/18/2003","4.4629","4.4828","4.5008","4.4491","","-0.42%"
"07/17/2003","4.4816","4.4635","4.4987","4.4465","","0.42%"
"07/16/2003","4.4627","4.4358","4.4686","4.4162","","0.63%"
"07/15/2003","4.4346","4.4270","4.4601","4.4173","","0.07%"
"07/14/2003","4.4315","4.4317","4.4514","4.4105","","0.01%"
"07/11/2003","4.4309","4.4520","4.4543","4.4202","","-0.45%"
"07/10/2003","4.4508","4.4583","4.4658","4.4242","","-0.12%"
"07/09/2003","4.4560","4.4464","4.4664","4.4289","","0.17%"
"07/08/2003","4.4484","4.4299","4.4709","4.4190","","0.43%"
"07/07/2003","4.4295","4.4425","4.4491","4.4222","","-0.41%"
"07/04/2003","4.4479","4.4557","4.4702","4.4331","","-0.14%"
"07/03/2003","4.4542","4.4329","4.4764","4.4172","","0.42%"
"07/02/2003","4.4356","4.4163","4.4594","4.3922","","0.44%"
"07/01/2003","4.4163","4.4905","4.4940","4.4045","","-1.53%"
"06/30/2003","4.4847","4.4440","4.4874","4.4330","","0.86%"
"06/27/2003","4.4463","4.4412","4.4985","4.4323","","0.07%"
"06/26/2003","4.4432","4.4431","4.4848","4.4408","","0.00%"
"06/25/2003","4.4431","4.4580","4.4884","4.4325","","-0.31%"
"06/24/2003","4.4569","4.4510","4.4811","4.4350","","0.07%"
"06/23/2003","4.4537","4.4159","4.4748","4.3944","","0.57%"
"06/20/2003","4.4285","4.4708","4.4761","4.3962","","-0.95%"
"06/19/2003","4.4708","4.4333","4.4803","4.3957","","0.77%"
"06/18/2003","4.4367","4.3860","4.4447","4.3654","","1.12%"
"06/17/2003","4.3875","4.3945","4.4120","4.3785","","-0.18%"
"06/16/2003","4.3956","4.4427","4.4552","4.3802","","-1.02%"
"06/13/2003","4.4410","4.4478","4.4837","4.4211","","-0.19%"
"06/12/2003","4.4493","4.4420","4.4697","4.4144","","0.16%"
"06/11/2003","4.4420","4.4222","4.4752","4.4052","","0.44%"
"06/10/2003","4.4226","4.4525","4.4945","4.4115","","-0.64%"
"06/09/2003","4.4509","4.3713","4.4758","4.3154","","1.92%"
"06/06/2003","4.3669","4.4029","4.4506","4.3506","","-0.83%"
"06/05/2003","4.4033","4.4279","4.4949","4.3893","","-0.42%"
"06/04/2003","4.4220","4.4118","4.4807","4.4042","","0.28%"
"06/03/2003","4.4096","4.4441","4.4725","4.3839","","-0.82%"
"06/02/2003","4.4460","4.3553","4.4694","4.3326","","1.30%"
"05/30/2003","4.3891","4.4086","4.4145","4.3623","","-0.42%"
"05/29/2003","4.4078","4.3541","4.4169","4.3460","","1.15%"
"05/28/2003","4.3578","4.3429","4.3792","4.3386","","0.35%"
"05/27/2003","4.3425","4.3542","4.3853","4.3376","","-0.35%"
"05/26/2003","4.3578","4.3459","4.3631","4.3309","","0.26%"
"05/23/2003","4.3463","4.3416","4.3625","4.3114","","0.10%"
"05/22/2003","4.3420","4.3456","4.3545","4.3174","","-0.06%"
"05/21/2003","4.3445","4.3446","4.3825","4.3426","","0.00%"
"05/20/2003","4.3446","4.3172","4.3637","4.3125","","0.55%"
"05/19/2003","4.3209","4.3681","4.3812","4.3087","","-0.39%"
"05/16/2003","4.3378","4.2815","4.3488","4.2815","","1.22%"
"05/15/2003","4.2854","4.3184","4.3321","4.2819","","-0.83%"
"05/14/2003","4.3211","4.3272","4.3369","4.3050","","-0.02%"
"05/13/2003","4.3219","4.3364","4.3548","4.2996","","-0.36%"
"05/12/2003","4.3375","4.3291","4.3631","4.3201","","0.59%"
"05/09/2003","4.3122","4.3187","4.3423","4.3005","","-0.15%"
"05/08/2003","4.3187","4.3088","4.3340","4.2816","","0.21%"
"05/07/2003","4.3096","4.3220","4.3404","4.2788","","-0.31%"
"05/06/2003","4.3228","4.2465","4.3284","4.2360","","1.79%"
"05/05/2003","4.2469","4.2503","4.2638","4.2333","","-0.13%"
"05/02/2003","4.2526","4.2377","4.2661","4.2142","","0.42%"
"05/01/2003","4.2350","4.2473","4.2705","4.2143","","-0.56%"
"04/30/2003","4.2588","4.2832","4.3087","4.2365","","-0.56%"
"04/29/2003","4.2828","4.2629","4.2882","4.2381","","0.47%"
"04/28/2003","4.2629","4.2906","4.3042","4.2590","","-0.64%"
"04/25/2003","4.2902","4.2918","4.2980","4.2605","","-0.03%"
"04/24/2003","4.2914","4.2801","4.3100","4.2750","","0.21%"
"04/23/2003","4.2825","4.2662","4.2895","4.2401","","0.39%"
"04/22/2003","4.2658","4.2358","4.2847","4.2296","","0.62%"
"04/21/2003","4.2397","4.2570","4.2625","4.2183","","-0.20%"
"04/18/2003","4.2484","4.2560","4.2618","4.2404","","-0.09%"
"04/17/2003","4.2524","4.2642","4.2865","4.2441","","-0.31%"
"04/16/2003","4.2658","4.2416","4.2962","4.2355","","0.61%"
"04/15/2003","4.2401","4.2488","4.2535","4.2217","","-0.20%"
"04/14/2003","4.2488","4.2357","4.2627","4.2227","","0.37%"
"04/11/2003","4.2330","4.2702","4.2802","4.2251","","-0.87%"
"04/10/2003","4.2702","4.2747","4.2940","4.2318","","-0.11%"
"04/09/2003","4.2751","4.3235","4.3400","4.2482","","-1.07%"
"04/08/2003","4.3215","4.3406","4.3642","4.3017","","-0.48%"
"04/07/2003","4.3423","4.3481","4.3526","4.3097","","-0.54%"
"04/04/2003","4.3657","4.3735","4.3892","4.3421","","-0.13%"
"04/03/2003","4.3715","4.3776","4.3825","4.3351","","-0.09%"
"04/02/2003","4.3756","4.4431","4.4597","4.3637","","-1.50%"
"04/01/2003","4.4423","4.4717","4.4838","4.4117","","-0.70%"
"03/31/2003","4.4738","4.3979","4.4872","4.3752","","1.84%"
"03/28/2003","4.3929","4.3456","4.4014","4.3300","","1.12%"
"03/27/2003","4.3444","4.3290","4.3764","4.3161","","0.03%"
"03/26/2003","4.3432","4.3146","4.3528","4.3053","","0.69%"
"03/25/2003","4.3134","4.3289","4.3602","4.3053","","-0.36%"
"03/24/2003","4.3289","4.3211","4.3488","4.2961","","0.75%"
"03/21/2003","4.2966","4.3120","4.3219","4.2822","","-0.45%"
"03/20/2003","4.3161","4.3007","4.3341","4.2882","","0.39%"
"03/19/2003","4.2995","4.3244","4.3411","4.2919","","-0.57%"
"03/18/2003","4.3240","4.3306","4.3530","4.2890","","-0.22%"
"03/17/2003","4.3334","4.3211","4.3977","4.3165","","0.56%"
"03/14/2003","4.3094","4.3016","4.3439","4.2899","","0.10%"
"03/13/2003","4.3052","4.3785","4.4187","4.3004","","-1.91%"
"03/12/2003","4.3892","4.3686","4.4088","4.3555","","0.45%"
"03/11/2003","4.3694","4.3777","4.3864","4.3433","","-0.21%"
"03/10/2003","4.3786","4.3167","4.3806","4.3084","","1.43%"
"03/07/2003","4.3167","4.2742","4.3335","4.2722","","0.96%"
"03/06/2003","4.2756","4.2799","4.2975","4.2630","","0.02%"
"03/05/2003","4.2746","4.3043","4.3447","4.2621","","-0.72%"
"03/04/2003","4.3055","4.2919","4.3488","4.2850","","0.30%"
"03/03/2003","4.2925","4.2270","4.2957","4.2231","","1.30%"
"02/28/2003","4.2374","4.1890","4.2414","4.1761","","1.09%"
"02/27/2003","4.1917","4.1809","4.2063","4.1693","","0.24%"
"02/26/2003","4.1817","4.1791","4.1979","4.1637","","0.08%"
"02/25/2003","4.1783","4.1908","4.2039","4.1709","","-0.31%"
"02/24/2003","4.1915","4.1604","4.2010","4.1530","","0.30%"
"02/21/2003","4.1789","4.1966","4.2100","4.1734","","-0.41%"
"02/20/2003","4.1962","4.1626","4.2141","4.1599","","0.83%"
"02/19/2003","4.1615","4.1371","4.1704","4.1306","","0.54%"
"02/18/2003","4.1391","4.1499","4.1622","4.1265","","-0.33%"
"02/17/2003","4.1526","4.1532","4.1606","4.1259","","-0.09%"
"02/14/2003","4.1562","4.1598","4.1790","4.1454","","-0.06%"
"02/13/2003","4.1586","4.1287","4.1795","4.1268","","0.58%"
"02/12/2003","4.1345","4.1442","4.1528","4.1151","","-0.20%"
"02/11/2003","4.1427","4.1455","4.1579","4.1115","","-0.08%"
"02/10/2003","4.1462","4.1784","4.1814","4.1423","","-0.72%"
"02/07/2003","4.1764","4.1657","4.1830","4.1348","","0.29%"
"02/06/2003","4.1643","4.1348","4.1796","4.1249","","0.66%"
"02/05/2003","4.1371","4.1501","4.1812","4.1165","","-0.26%"
"02/04/2003","4.1478","4.1439","4.1581","4.1200","","0.39%"
"02/03/2003","4.1318","4.1200","4.1341","4.0821","","0.41%"
"01/31/2003","4.1151","4.1125","4.1387","4.0931","","0.04%"
"01/30/2003","4.1136","4.0958","4.1170","4.0745","","0.48%"
"01/29/2003","4.0939","4.1233","4.1472","4.0875","","-0.69%"
"01/28/2003","4.1225","4.1687","4.1695","4.1176","","-1.12%"
"01/27/2003","4.1691","4.1849","4.1910","4.1492","","-0.27%"
"01/24/2003","4.1802","4.1909","4.2102","4.1323","","-0.31%"
"01/23/2003","4.1933","4.1700","4.2446","4.1556","","0.69%"
"01/22/2003","4.1645","4.1624","4.2047","4.1245","","0.03%"
"01/21/2003","4.1632","4.0669","4.1771","4.0519","","2.26%"
"01/20/2003","4.0711","4.0752","4.0805","4.0557","","-0.23%"
"01/17/2003","4.0803","4.0722","4.1137","4.0385","","0.19%"
"01/16/2003","4.0726","4.0113","4.0811","3.9899","","1.61%"
"01/15/2003","4.0082","4.0006","4.0318","3.9956","","0.19%"
"01/14/2003","4.0006","4.0174","4.0313","3.9983","","-0.42%"
"01/13/2003","4.0173","4.0267","4.0287","4.0066","","-0.24%"
"01/10/2003","4.0269","4.0205","4.0312","4.0034","","0.15%"
"01/09/2003","4.0209","4.0120","4.0471","4.0054","","0.20%"
"01/08/2003","4.0128","3.9922","4.0307","3.9894","","0.46%"
"01/07/2003","3.9945","3.9935","4.0068","3.9739","","-0.01%"
"01/06/2003","3.9950","3.9802","4.0071","3.9670","","0.28%"
"01/03/2003","3.9839","3.9693","3.9991","3.9666","","0.34%"
"01/02/2003","3.9705","4.0150","4.0205","3.9644","","-1.16%"
"12/31/2002","4.0170","4.0193","4.0301","3.9987","","-0.07%"
"12/30/2002","4.0197","4.0006","4.0197","3.9876","","0.37%"
"12/27/2002","4.0048","3.9976","4.0075","3.9821","","0.16%"
"12/26/2002","3.9984","3.9862","4.0118","3.9839","","0.21%"
"12/25/2002","3.9901","3.9812","3.9916","3.9696","","0.21%"
"12/24/2002","3.9816","3.9716","3.9960","3.9650","","0.21%"
"12/23/2002","3.9732","3.9943","3.9991","3.9531","","-0.41%"
"12/20/2002","3.9894","3.9766","3.9976","3.9673","","0.37%"
"12/19/2002","3.9746","3.9968","4.0042","3.9609","","-0.52%"
"12/18/2002","3.9953","4.0003","4.0045","3.9714","","-0.16%"
"12/17/2002","4.0019","3.9838","4.0069","3.9757","","0.72%"
"12/16/2002","3.9734","3.9548","3.9834","3.9382","","0.14%"
"12/13/2002","3.9678","3.9556","3.9937","3.9472","","0.33%"
"12/12/2002","3.9548","3.9650","3.9773","3.9483","","-0.29%"
"12/11/2002","3.9665","3.9806","3.9884","3.9583","","-0.44%"
"12/10/2002","3.9842","3.9781","3.9937","3.9674","","0.15%"
"12/09/2002","3.9781","4.0119","4.0199","3.9641","","-0.71%"
"12/06/2002","4.0064","4.0045","4.0193","3.9842","","0.08%"
"12/05/2002","4.0033","3.9863","4.0059","3.9760","","0.50%"
"12/04/2002","3.9835","3.9763","4.0002","3.9721","","0.24%"
"12/03/2002","3.9741","3.9732","3.9877","3.9560","","-0.09%"
"12/02/2002","3.9775","3.9887","3.9915","3.9393","","-0.29%"
"11/29/2002","3.9891","3.9744","4.0080","3.9635","","0.32%"
"11/28/2002","3.9764","3.9443","3.9910","3.9387","","0.77%"
"11/27/2002","3.9459","3.9585","3.9614","3.9330","","-0.26%"
"11/26/2002","3.9563","3.9442","3.9706","3.9235","","0.39%"
"11/25/2002","3.9408","3.9118","3.9497","3.9059","","0.44%"
"11/22/2002","3.9237","3.9506","3.9567","3.9148","","-0.68%"
"11/21/2002","3.9506","3.9409","3.9623","3.9267","","0.29%"
"11/20/2002","3.9393","3.9187","3.9607","3.9078","","0.46%"
"11/19/2002","3.9212","3.9261","3.9484","3.8977","","-0.12%"
"11/18/2002","3.9261","3.9588","3.9752","3.9183","","-0.78%"
"11/15/2002","3.9571","3.9461","3.9673","3.9244","","0.26%"
"11/14/2002","3.9469","3.9824","3.9848","3.9276","","-0.87%"
"11/13/2002","3.9814","3.9603","3.9814","3.9406","","0.56%"
"11/12/2002","3.9592","3.9215","3.9650","3.9095","","0.99%"
"11/11/2002","3.9204","3.9461","3.9508","3.9155","","-0.70%"
"11/08/2002","3.9480","3.9662","3.9771","3.9377","","-0.46%"
"11/07/2002","3.9662","3.9692","3.9840","3.9397","","0.08%"
"11/06/2002","3.9629","3.9676","3.9850","3.9420","","-0.09%"
"11/05/2002","3.9664","3.9797","3.9963","3.9533","","-0.33%"
"11/04/2002","3.9797","3.9626","3.9858","3.9493","","0.30%"
"11/01/2002","3.9678","3.9894","4.0021","3.9545","","-0.53%"
"10/31/2002","3.9890","3.9842","3.9980","3.9661","","0.14%"
"10/30/2002","3.9834","3.9697","3.9938","3.9638","","0.27%"
"10/29/2002","3.9725","3.9762","3.9899","3.9592","","-0.10%"
"10/28/2002","3.9766","3.9560","3.9900","3.9312","","0.88%"
"10/25/2002","3.9418","3.9784","3.9902","3.9410","","-0.95%"
"10/24/2002","3.9796","4.0066","4.0224","3.9735","","-0.64%"
"10/23/2002","4.0054","4.0186","4.0305","4.0020","","-0.34%"
"10/22/2002","4.0190","4.0298","4.0343","4.0024","","-0.32%"
"10/21/2002","4.0321","4.0514","4.0602","4.0020","","-0.37%"
"10/18/2002","4.0471","4.0506","4.0658","3.9935","","0.00%"
"10/17/2002","4.0470","4.0606","4.0709","4.0040","","-0.35%"
"10/16/2002","4.0614","4.0574","4.0795","4.0402","","0.06%"
"10/15/2002","4.0590","4.0633","4.0736","4.0402","","-0.10%"
"10/14/2002","4.0629","4.0689","4.0824","4.0514","","-0.15%"
"10/11/2002","4.0688","4.0631","4.0842","4.0537","","0.17%"
"10/10/2002","4.0619","4.0904","4.1039","4.0420","","-0.60%"
"10/09/2002","4.0866","4.0726","4.1060","4.0510","","0.39%"
"10/08/2002","4.0706","4.0904","4.0996","4.0472","","-0.54%"
"10/07/2002","4.0929","4.0636","4.0975","4.0281","","0.70%"
"10/04/2002","4.0644","4.0825","4.0998","4.0607","","-0.53%"
"10/03/2002","4.0862","4.0888","4.1056","4.0784","","-0.06%"
"10/02/2002","4.0888","4.0545","4.0921","4.0479","","0.74%"
"10/01/2002","4.0586","4.0796","4.0981","4.0434","","-0.52%"
"09/30/2002","4.0800","4.0556","4.1002","4.0446","","0.65%"
"09/27/2002","4.0535","4.0517","4.0695","4.0398","","0.05%"
"09/26/2002","4.0513","4.0364","4.0717","4.0284","","0.39%"
"09/25/2002","4.0356","4.0458","4.0732","4.0322","","-0.09%"
"09/24/2002","4.0393","4.0657","4.0753","4.0362","","-0.66%"
"09/23/2002","4.0661","4.0494","4.0780","4.0290","","0.42%"
"09/20/2002","4.0490","4.0682","4.0994","4.0327","","-0.48%"
"09/19/2002","4.0686","4.0546","4.0788","4.0438","","-0.04%"
"09/18/2002","4.0702","4.0493","4.0719","4.0079","","0.44%"
"09/17/2002","4.0523","4.0525","4.0603","4.0147","","0.04%"
"09/16/2002","4.0508","4.0546","4.0697","4.0340","","0.31%"
"09/13/2002","4.0384","4.1021","4.1151","4.0359","","-1.46%"
"09/12/2002","4.0981","4.0612","4.1083","4.0450","","0.88%"
"09/11/2002","4.0625","4.0503","4.0688","4.0259","","0.89%"
"09/10/2002","4.0268","4.0500","4.0951","4.0144","","-0.57%"
"09/09/2002","4.0498","4.0871","4.0997","4.0461","","-0.84%"
"09/06/2002","4.0842","4.1165","4.1390","4.0772","","-1.13%"
"09/05/2002","4.1309","4.0942","4.1498","4.0594","","0.94%"
"09/04/2002","4.0925","4.1157","4.1313","4.0786","","-0.91%"
"09/03/2002","4.1302","4.0630","4.1302","4.0422","","1.55%"
"09/02/2002","4.0671","4.0479","4.0759","4.0249","","0.42%"
"08/30/2002","4.0499","4.0746","4.1008","4.0368","","-0.69%"
"08/29/2002","4.0779","4.0587","4.0998","4.0537","","0.43%"
"08/28/2002","4.0604","4.0830","4.0987","4.0591","","-0.67%"
"08/27/2002","4.0876","4.0434","4.0985","4.0392","","1.02%"
"08/26/2002","4.0463","4.0495","4.0647","4.0357","","-0.10%"
"08/23/2002","4.0503","4.0703","4.0809","4.0448","","-0.51%"
"08/22/2002","4.0712","4.0648","4.1017","4.0480","","-0.05%"
"08/21/2002","4.0734","4.0640","4.0898","4.0391","","0.24%"
"08/20/2002","4.0636","4.0440","4.0790","4.0394","","0.08%"
"08/19/2002","4.0602","4.1049","4.1171","4.0548","","-1.04%"
"08/16/2002","4.1029","4.0909","4.1216","4.0629","","0.30%"
"08/15/2002","4.0905","4.0635","4.1082","4.0562","","0.41%"
"08/14/2002","4.0739","4.0990","4.1229","4.0707","","-0.72%"
"08/13/2002","4.1033","4.0834","4.1067","4.0741","","0.43%"
"08/12/2002","4.0859","4.0658","4.0952","4.0565","","0.52%"
"08/09/2002","4.0646","4.0476","4.0947","4.0401","","0.37%"
"08/08/2002","4.0497","4.0818","4.0896","4.0425","","-0.73%"
"08/07/2002","4.0793","4.0650","4.0868","4.0406","","0.23%"
"08/06/2002","4.0699","4.0852","4.0881","4.0363","","-0.31%"
"08/05/2002","4.0827","4.1405","4.1413","4.0794","","-1.26%"
"08/02/2002","4.1347","4.1238","4.1621","4.1126","","0.27%"
"08/01/2002","4.1234","4.0756","4.1349","4.0512","","1.06%"
"07/31/2002","4.0802","4.0599","4.1103","4.0450","","0.58%"
"07/30/2002","4.0566","4.0521","4.1186","4.0351","","0.18%"
"07/29/2002","4.0492","4.0487","4.0733","4.0245","","0.06%"
"07/26/2002","4.0467","4.0841","4.1225","4.0442","","-1.14%"
"07/25/2002","4.0933","4.0596","4.0973","4.0385","","0.80%"
"07/24/2002","4.0608","4.0409","4.1031","4.0311","","0.58%"
"07/23/2002","4.0372","4.0618","4.0726","3.9969","","-0.64%"
"07/22/2002","4.0630","4.0694","4.0994","4.0398","","-0.12%"
"07/19/2002","4.0678","4.0974","4.1351","4.0637","","-0.78%"
"07/18/2002","4.0998","4.1115","4.1304","4.0620","","-0.30%"
"07/17/2002","4.1123","4.1757","4.1782","4.1070","","-1.42%"
"07/16/2002","4.1716","4.1796","4.2267","4.1354","","-0.18%"
"07/15/2002","4.1792","4.1006","4.2263","4.0998","","1.54%"
"07/12/2002","4.1159","4.1315","4.1405","4.0970","","-0.38%"
"07/11/2002","4.1318","4.1031","4.1557","4.0833","","0.67%"
"07/10/2002","4.1044","4.1653","4.1965","4.0984","","-1.78%"
"07/09/2002","4.1787","4.1391","4.1963","4.0885","","0.93%"
"07/08/2002","4.1403","4.0545","4.1420","4.0516","","2.39%"
"07/05/2002","4.0437","4.0074","4.0702","3.9905","","0.88%"
"07/04/2002","4.0086","3.9678","4.0499","3.9467","","0.97%"
"07/03/2002","3.9702","3.9951","4.0609","3.9666","","-0.82%"
"07/02/2002","4.0032","3.9789","4.0287","3.9223","","0.55%"
"07/01/2002","3.9813","4.0159","4.0513","3.9609","","-0.87%"
"06/28/2002","4.0163","3.9951","4.0689","3.9723","","0.49%"
"06/27/2002","3.9967","3.9271","4.0020","3.9255","","0.74%"
"06/26/2002","3.9672","3.9323","4.0218","3.9279","","0.89%"
"06/25/2002","3.9323","3.9138","3.9360","3.8741","","0.48%"
"06/24/2002","3.9134","3.8901","3.9575","3.8710","","0.53%"
"06/21/2002","3.8929","3.8693","3.9104","3.8562","","0.59%"
"06/20/2002","3.8701","3.8464","3.8908","3.8375","","0.74%"
"06/19/2002","3.8416","3.8227","3.8503","3.8195","","0.50%"
"06/18/2002","3.8223","3.8124","3.8364","3.8023","","0.20%"
"06/17/2002","3.8147","3.8169","3.8287","3.7929","","-0.28%"
"06/14/2002","3.8254","3.7743","3.8344","3.7698","","1.28%"
"06/13/2002","3.7771","3.7825","3.8100","3.7771","","-0.15%"
"06/12/2002","3.7829","3.8086","3.8281","3.7801","","-0.69%"
"06/11/2002","3.8090","3.8161","3.8293","3.7841","","-0.19%"
"06/10/2002","3.8161","3.7853","3.8262","3.7681","","0.81%"
"06/07/2002","3.7853","3.7804","3.8112","3.7740","","0.11%"
"06/06/2002","3.7812","3.7701","3.7922","3.7456","","0.31%"
"06/05/2002","3.7697","3.7753","3.7867","3.7519","","-0.18%"
"06/04/2002","3.7765","3.7734","3.8013","3.7632","","0.02%"
"06/03/2002","3.7758","3.7449","3.7803","3.7349","","0.71%"
"05/31/2002","3.7493","3.7819","3.8070","3.7264","","-0.88%"
"05/30/2002","3.7827","3.7612","3.7876","3.7525","","0.52%"
"05/29/2002","3.7632","3.7546","3.7803","3.7493","","0.29%"
"05/28/2002","3.7525","3.7436","3.7683","3.7376","","0.30%"
"05/27/2002","3.7411","3.7519","3.7631","3.7315","","-0.23%"
"05/24/2002","3.7496","3.7779","3.7820","3.7463","","-0.72%"
"05/23/2002","3.7767","3.7836","3.7892","3.7495","","-0.08%"
"05/22/2002","3.7799","3.7616","3.7925","3.7554","","0.39%"
"05/21/2002","3.7653","3.7501","3.7777","3.7317","","0.35%"
"05/20/2002","3.7521","3.7732","3.7813","3.7429","","-0.56%"
"05/17/2002","3.7732","3.7317","3.7818","3.7250","","1.12%"
"05/16/2002","3.7313","3.7392","3.7619","3.7132","","-0.25%"
"05/15/2002","3.7408","3.6910","3.7413","3.6584","","1.35%"
"05/14/2002","3.6910","3.6943","3.7433","3.6738","","-0.05%"
"05/13/2002","3.6930","3.6619","3.6991","3.6500","","0.79%"
"05/10/2002","3.6639","3.6574","3.6816","3.6460","","0.14%"
"05/09/2002","3.6586","3.6170","3.6679","3.6110","","1.17%"
"05/08/2002","3.6162","3.6144","3.6369","3.6045","","-0.04%"
"05/07/2002","3.6175","3.6336","3.6375","3.6039","","-0.48%"
"05/06/2002","3.6348","3.6529","3.6565","3.6163","","-0.54%"
"05/03/2002","3.6545","3.6228","3.6681","3.6180","","0.88%"
"05/02/2002","3.6228","3.6012","3.6287","3.5922","","0.60%"
"05/01/2002","3.6012","3.5914","3.6194","3.5858","","0.28%"
"04/30/2002","3.5910","3.5872","3.6087","3.5784","","0.01%"
"04/29/2002","3.5907","3.5958","3.6032","3.5804","","-0.23%"
"04/26/2002","3.5988","3.6129","3.6186","3.5803","","-0.41%"
"04/25/2002","3.6137","3.6044","3.6197","3.5962","","0.24%"
"04/24/2002","3.6052","3.5822","3.6097","3.5745","","0.63%"
"04/23/2002","3.5826","3.5888","3.5928","3.5751","","-0.15%"
"04/22/2002","3.5880","3.5830","3.5975","3.5757","","-0.16%"
"04/19/2002","3.5939","3.5904","3.5970","3.5772","","0.09%"
"04/18/2002","3.5908","3.5962","3.6014","3.5668","","-0.16%"
"04/17/2002","3.5966","3.5794","3.6012","3.5761","","0.45%"
"04/16/2002","3.5806","3.5704","3.5852","3.5680","","0.30%"
"04/15/2002","3.5700","3.5761","3.5875","3.5600","","-0.22%"
"04/12/2002","3.5778","3.5912","3.5940","3.5653","","-0.44%"
"04/11/2002","3.5936","3.5912","3.6040","3.5829","","0.09%"
"04/10/2002","3.5904","3.5985","3.6059","3.5860","","-0.26%"
"04/09/2002","3.5998","3.5850","3.6133","3.5776","","0.46%"
"04/08/2002","3.5833","3.5871","3.5993","3.5751","","-0.11%"
"04/05/2002","3.5871","3.5936","3.6038","3.5850","","-0.08%"
"04/04/2002","3.5899","3.5998","3.6154","3.5858","","-0.22%"
"04/03/2002","3.5978","3.6062","3.6168","3.5866","","-0.27%"
"04/02/2002","3.6074","3.6225","3.6245","3.5992","","-0.44%"
"04/01/2002","3.6233","3.5846","3.6307","3.5846","","1.01%"
"03/29/2002","3.5871","3.5752","3.6034","3.5740","","0.34%"
"03/28/2002","3.5748","3.5864","3.5979","3.5731","","-0.31%"
"03/27/2002","3.5860","3.5945","3.6069","3.5754","","-0.23%"
"03/26/2002","3.5941","3.6277","3.6308","3.5896","","-0.98%"
"03/25/2002","3.6298","3.5994","3.6314","3.5941","","0.77%"
"03/22/2002","3.6019","3.6129","3.6208","3.5904","","-0.25%"
"03/21/2002","3.6108","3.6249","3.6328","3.6088","","-0.38%"
"03/20/2002","3.6245","3.6285","3.6319","3.6100","","-0.13%"
"03/19/2002","3.6293","3.6232","3.6330","3.6120","","0.19%"
"03/18/2002","3.6224","3.6225","3.6272","3.6071","","-0.08%"
"03/15/2002","3.6254","3.6236","3.6438","3.6186","","-0.01%"
"03/14/2002","3.6257","3.6363","3.6619","3.6177","","-0.33%"
"03/13/2002","3.6376","3.6376","3.6476","3.6235","","0.06%"
"03/12/2002","3.6355","3.6273","3.6451","3.6079","","0.20%"
"03/11/2002","3.6282","3.6277","3.6493","3.6182","","-0.02%"
"03/08/2002","3.6289","3.6576","3.6700","3.6214","","-0.87%"
"03/07/2002","3.6609","3.6331","3.6676","3.6259","","0.77%"
"03/06/2002","3.6331","3.6149","3.6405","3.6018","","0.43%"
"03/05/2002","3.6174","3.6326","3.6355","3.5932","","-0.38%"
"03/04/2002","3.6313","3.6400","3.6484","3.6096","","-0.24%"
"03/01/2002","3.6400","3.6678","3.6771","3.6283","","-0.74%"
"02/28/2002","3.6670","3.6312","3.6721","3.6203","","1.01%"
"02/27/2002","3.6304","3.6288","3.6381","3.6147","","0.04%"
"02/26/2002","3.6288","3.6365","3.6516","3.6123","","-0.20%"
"02/25/2002","3.6361","3.6461","3.6567","3.6289","","-0.30%"
"02/22/2002","3.6470","3.6218","3.6570","3.6127","","0.74%"
"02/21/2002","3.6201","3.6283","3.6418","3.6131","","-0.20%"
"02/20/2002","3.6274","3.6453","3.6539","3.6245","","-0.46%"
"02/19/2002","3.6441","3.6017","3.6516","3.5894","","1.15%"
"02/18/2002","3.6025","3.6422","3.6459","3.6005","","-1.12%"
"02/15/2002","3.6434","3.6448","3.6468","3.6191","","0.02%"
"02/14/2002","3.6427","3.6404","3.6671","3.6252","","0.16%"
"02/13/2002","3.6370","3.6509","3.6710","3.6327","","-0.30%"
"02/12/2002","3.6480","3.6861","3.6899","3.6399","","-0.97%"
"02/11/2002","3.6836","3.6592","3.6945","3.6515","","0.30%"
"02/08/2002","3.6726","3.6799","3.7036","3.6525","","-0.29%"
"02/07/2002","3.6833","3.7144","3.7157","3.6608","","-0.81%"
"02/06/2002","3.7135","3.6354","3.7226","3.6249","","2.04%"
"02/05/2002","3.6392","3.6492","3.6560","3.6245","","-0.28%"
"02/04/2002","3.6496","3.6127","3.6525","3.5960","","1.01%"
"02/01/2002","3.6131","3.5786","3.6152","3.5677","","1.01%"
"01/31/2002","3.5770","3.5744","3.6005","3.5694","","0.07%"
"01/30/2002","3.5744","3.5635","3.5949","3.5460","","0.33%"
"01/29/2002","3.5627","3.5414","3.5631","3.5237","","0.54%"
"01/28/2002","3.5434","3.5822","3.5953","3.5237","","-1.19%"
"01/25/2002","3.5859","3.6337","3.6463","3.5693","","-1.26%"
"01/24/2002","3.6316","3.5984","3.6357","3.5910","","0.99%"
"01/23/2002","3.5960","3.6419","3.6538","3.5915","","-1.25%"
"01/22/2002","3.6415","3.6537","3.6609","3.6256","","-0.33%"
"01/21/2002","3.6537","3.6573","3.6762","3.6473","","-0.18%"
"01/18/2002","3.6602","3.6658","3.6948","3.6534","","-0.06%"
"01/17/2002","3.6625","3.6223","3.6811","3.6051","","1.07%"
"01/16/2002","3.6239","3.6010","3.6507","3.5902","","0.57%"
"01/15/2002","3.6035","3.6241","3.6391","3.5875","","-0.55%"
"01/14/2002","3.6233","3.6148","3.6435","3.5686","","0.41%"
"01/11/2002","3.6084","3.6446","3.6854","3.5856","","-1.01%"
"01/10/2002","3.6454","3.5298","3.6491","3.5219","","3.23%"
"01/09/2002","3.5314","3.5369","3.5617","3.5122","","-0.14%"
"01/08/2002","3.5362","3.5021","3.5385","3.4770","","0.97%"
"01/07/2002","3.5021","3.4901","3.5225","3.4760","","0.36%"
"01/04/2002","3.4897","3.5545","3.5608","3.4858","","-1.89%"
"01/03/2002","3.5568","3.5607","3.5783","3.5450","","-0.09%"
"01/02/2002","3.5599","3.5212","3.5653","3.5165","","0.93%"
"12/31/2001","3.5272","3.5131","3.5504","3.5006","","0.41%"
"12/28/2001","3.5128","3.5108","3.5175","3.4872","","0.08%"
"12/27/2001","3.5100","3.5142","3.5306","3.5022","","-0.10%"
"12/26/2001","3.5134","3.5090","3.5210","3.4982","","0.40%"
"12/25/2001","3.4994","3.5022","3.5226","3.4982","","-0.09%"
"12/24/2001","3.5026","3.5418","3.5550","3.4882","","-1.10%"
"12/21/2001","3.5414","3.5604","3.5712","3.5200","","-0.61%"
"12/20/2001","3.5632","3.5519","3.5859","3.5373","","0.35%"
"12/19/2001","3.5507","3.5880","3.5999","3.5414","","-1.01%"
"12/18/2001","3.5868","3.5800","3.5910","3.5565","","0.23%"
"12/17/2001","3.5784","3.6172","3.6274","3.5772","","-0.99%"
"12/14/2001","3.6140","3.5810","3.6345","3.5762","","0.99%"
"12/13/2001","3.5786","3.6330","3.6413","3.5758","","-1.43%"
"12/12/2001","3.6306","3.6216","3.6407","3.6125","","0.27%"
"12/11/2001","3.6208","3.6374","3.6406","3.6055","","-0.44%"
"12/10/2001","3.6369","3.6286","3.6433","3.6115","","0.26%"
"12/07/2001","3.6274","3.6323","3.6556","3.6043","","-0.11%"
"12/06/2001","3.6315","3.6123","3.6468","3.6020","","0.52%"
"12/05/2001","3.6128","3.5827","3.6270","3.5782","","0.74%"
"12/04/2001","3.5863","3.6085","3.6101","3.5723","","-0.63%"
"12/03/2001","3.6089","3.6377","3.6447","3.5956","","-0.86%"
"11/30/2001","3.6402","3.6194","3.6487","3.6117","","0.57%"
"11/29/2001","3.6194","3.6097","3.6333","3.5994","","0.28%"
"11/28/2001","3.6093","3.6041","3.6172","3.5850","","0.17%"
"11/27/2001","3.6033","3.5917","3.6058","3.5787","","0.30%"
"11/26/2001","3.5925","3.6107","3.6276","3.5879","","-0.64%"
"11/23/2001","3.6156","3.5994","3.6186","3.5932","","0.51%"
"11/22/2001","3.5973","3.5924","3.6122","3.5797","","0.09%"
"11/21/2001","3.5940","3.6167","3.6184","3.5765","","-0.58%"
"11/20/2001","3.6151","3.6165","3.6367","3.6075","","-0.04%"
"11/19/2001","3.6165","3.6288","3.6333","3.6099","","-0.33%"
"11/16/2001","3.6284","3.6282","3.6853","3.6220","","-0.02%"
"11/15/2001","3.6290","3.6147","3.6342","3.6022","","0.34%"
"11/14/2001","3.6168","3.6080","3.6286","3.5964","","0.16%"
"11/13/2001","3.6109","3.6372","3.6372","3.5954","","-0.71%"
"11/12/2001","3.6368","3.6428","3.6644","3.6215","","-0.10%"
"11/09/2001","3.6404","3.6156","3.6471","3.5998","","0.65%"
"11/08/2001","3.6168","3.6549","3.6599","3.6144","","-1.09%"
"11/07/2001","3.6566","3.6576","3.6879","3.6374","","-0.07%"
"11/06/2001","3.6593","3.6866","3.6911","3.6556","","-0.79%"
"11/05/2001","3.6883","3.7137","3.7152","3.6749","","-0.74%"
"11/02/2001","3.7157","3.6947","3.7306","3.6882","","0.46%"
"11/01/2001","3.6988","3.6817","3.7204","3.6756","","0.55%"
"10/31/2001","3.6784","3.7121","3.7257","3.6710","","-0.91%"
"10/30/2001","3.7121","3.6953","3.7448","3.6908","","0.48%"
"10/29/2001","3.6945","3.6501","3.7018","3.6481","","1.16%"
"10/26/2001","3.6522","3.6603","3.6801","3.6415","","-0.25%"
"10/25/2001","3.6615","3.6780","3.6998","3.6594","","-0.45%"
"10/24/2001","3.6780","3.6600","3.6814","3.6555","","0.52%"
"10/23/2001","3.6588","3.6776","3.6851","3.6452","","-0.64%"
"10/22/2001","3.6822","3.6961","3.7091","3.6648","","-0.46%"
"10/19/2001","3.6994","3.6892","3.7118","3.6783","","0.32%"
"10/18/2001","3.6875","3.6925","3.7052","3.6789","","-0.21%"
"10/17/2001","3.6953","3.7006","3.7166","3.6702","","-0.10%"
"10/16/2001","3.6990","3.7186","3.7190","3.6859","","-0.63%"
"10/15/2001","3.7223","3.7608","3.7699","3.7061","","-1.00%"
"10/12/2001","3.7600","3.7273","3.7720","3.7211","","0.92%"
"10/11/2001","3.7257","3.7562","3.7628","3.7039","","-0.82%"
"10/10/2001","3.7566","3.7965","3.8110","3.7549","","-1.07%"
"10/09/2001","3.7973","3.8343","3.8511","3.7917","","-1.01%"
"10/08/2001","3.8360","3.8097","3.8649","3.7972","","0.66%"
"10/05/2001","3.8109","3.8130","3.8294","3.7971","","-0.07%"
"10/04/2001","3.8135","3.8228","3.8583","3.7871","","-0.27%"
"10/03/2001","3.8240","3.8588","3.8760","3.8157","","-0.98%"
"10/02/2001","3.8617","3.8794","3.8831","3.8396","","-0.50%"
"10/01/2001","3.8811","3.8457","3.8862","3.8275","","0.77%"
"09/28/2001","3.8516","3.8699","3.8818","3.8318","","-0.52%"
"09/27/2001","3.8716","3.8647","3.8885","3.8411","","0.14%"
"09/26/2001","3.8660","3.8965","3.9179","3.8565","","-0.79%"
"09/25/2001","3.8969","3.8374","3.9074","3.8272","","1.52%"
"09/24/2001","3.8386","3.8025","3.8477","3.8013","","0.79%"
"09/21/2001","3.8084","3.8566","3.8570","3.7846","","-1.25%"
"09/20/2001","3.8566","3.8855","3.8983","3.8317","","-0.81%"
"09/19/2001","3.8880","3.9155","3.9246","3.8660","","-0.76%"
"09/18/2001","3.9176","3.9124","3.9237","3.8858","","0.16%"
"09/17/2001","3.9112","3.9176","3.9687","3.8775","","0.13%"
"09/14/2001","3.9061","3.8641","3.9137","3.8434","","1.07%"
"09/13/2001","3.8646","3.8471","3.8722","3.8229","","0.47%"
"09/12/2001","3.8467","3.8661","3.8894","3.8130","","-0.83%"
"09/11/2001","3.8789","3.7794","3.8905","3.7689","","2.67%"
"09/10/2001","3.7782","3.8251","3.8332","3.7726","","-1.36%"
"09/07/2001","3.8302","3.7942","3.8315","3.7476","","0.94%"
"09/06/2001","3.7947","3.7610","3.8006","3.7494","","0.99%"
"09/05/2001","3.7576","3.7815","3.7820","3.7509","","-0.67%"
"09/04/2001","3.7828","3.8292","3.8337","3.7650","","-1.16%"
"09/03/2001","3.8271","3.8550","3.8571","3.8216","","-0.97%"
"08/31/2001","3.8647","3.8726","3.8911","3.8297","","-0.23%"
"08/30/2001","3.8738","3.8478","3.8824","3.8257","","0.63%"
"08/29/2001","3.8495","3.8765","3.8782","3.8429","","-0.66%"
"08/28/2001","3.8752","3.8498","3.8769","3.8266","","0.66%"
"08/27/2001","3.8498","3.8761","3.8816","3.8472","","-0.86%"
"08/24/2001","3.8833","3.8542","3.8833","3.8276","","0.70%"
"08/23/2001","3.8563","3.8818","3.9016","3.8399","","-0.89%"
"08/22/2001","3.8908","3.9332","3.9555","3.8882","","-1.05%"
"08/21/2001","3.9319","3.9161","3.9349","3.8651","","0.36%"
"08/20/2001","3.9178","3.9315","3.9849","3.8984","","-0.37%"
"08/17/2001","3.9323","3.9008","3.9364","3.8917","","0.75%"
"08/16/2001","3.9029","3.8942","3.9309","3.8646","","0.20%"
"08/15/2001","3.8951","3.8414","3.9002","3.8375","","1.32%"
"08/14/2001","3.8443","3.7962","3.8460","3.7930","","1.35%"
"08/13/2001","3.7932","3.7419","3.8076","3.7369","","1.36%"
"08/10/2001","3.7424","3.7504","3.7696","3.7387","","-0.19%"
"08/09/2001","3.7496","3.7117","3.7631","3.7037","","1.07%"
"08/08/2001","3.7099","3.7122","3.7128","3.6777","","-0.04%"
"08/07/2001","3.7114","3.7491","3.7499","3.6950","","-1.06%"
"08/06/2001","3.7512","3.7307","3.7546","3.7146","","0.41%"
"08/03/2001","3.7357","3.7748","3.7761","3.7123","","-1.06%"
"08/02/2001","3.7757","3.7469","3.7782","3.7363","","0.77%"
"08/01/2001","3.7469","3.7285","3.7666","3.7247","","0.49%"
"07/31/2001","3.7285","3.6905","3.7376","3.6862","","0.98%"
"07/30/2001","3.6922","3.6897","3.7017","3.6736","","-0.10%"
"07/27/2001","3.6960","3.6741","3.7216","3.6678","","0.53%"
"07/26/2001","3.6766","3.6929","3.7012","3.6652","","-0.47%"
"07/25/2001","3.6941","3.6587","3.7022","3.6467","","0.93%"
"07/24/2001","3.6600","3.6515","3.6773","3.6398","","0.24%"
"07/23/2001","3.6511","3.6640","3.6711","3.6270","","-0.42%"
"07/20/2001","3.6665","3.6816","3.7131","3.6616","","-0.30%"
"07/19/2001","3.6774","3.6979","3.7546","3.6483","","-0.49%"
"07/18/2001","3.6954","3.5923","3.6987","3.5809","","2.84%"
"07/17/2001","3.5935","3.5987","3.6003","3.5665","","-0.20%"
"07/16/2001","3.6008","3.6274","3.6487","3.5836","","-0.83%"
"07/13/2001","3.6308","3.6785","3.6781","3.5942","","-1.05%"
"07/12/2001","3.6692","3.7855","3.7855","3.6368","","-3.20%"
"07/11/2001","3.7904","3.7573","3.8908","3.7489","","0.92%"
"07/10/2001","3.7560","3.6886","3.7612","3.6282","","1.74%"
"07/09/2001","3.6916","3.5638","3.7072","3.5633","","3.45%"
"07/06/2001","3.5684","3.3773","3.5927","3.3676","","5.60%"
"07/05/2001","3.3793","3.3831","3.3968","3.3699","","-0.12%"
"07/04/2001","3.3835","3.3912","3.4008","3.3684","","-0.25%"
"07/03/2001","3.3920","3.3933","3.4028","3.3644","","-0.03%"
"07/02/2001","3.3929","3.4059","3.4059","3.3776","","-0.31%"
"06/29/2001","3.4034","3.3545","3.4047","3.3501","","1.51%"
"06/28/2001","3.3529","3.3821","3.3935","3.3501","","-0.93%"
"06/27/2001","3.3845","3.4137","3.4279","3.3794","","-0.82%"
"06/26/2001","3.4126","3.3935","3.4210","3.3907","","0.60%"
"06/25/2001","3.3923","3.3921","3.4085","3.3898","","-0.05%"
"06/22/2001","3.3941","3.3950","3.3997","3.3757","","-0.01%"
"06/21/2001","3.3946","3.4139","3.4274","3.3832","","-0.47%"
"06/20/2001","3.4107","3.3973","3.4173","3.3869","","0.38%"
"06/19/2001","3.3977","3.4110","3.4141","3.3897","","-0.38%"
"06/18/2001","3.4106","3.3992","3.4167","3.3903","","0.56%"
"06/15/2001","3.3917","3.4026","3.4168","3.3814","","-0.29%"
"06/14/2001","3.4014","3.3819","3.4065","3.3555","","0.67%"
"06/13/2001","3.3787","3.3673","3.3972","3.3457","","0.29%"
"06/12/2001","3.3689","3.3525","3.3716","3.3393","","0.54%"
"06/11/2001","3.3509","3.3768","3.3968","3.3417","","-0.89%"
"06/08/2001","3.3811","3.3996","3.4025","3.3639","","-0.38%"
"06/07/2001","3.3940","3.3864","3.4005","3.3684","","0.11%"
"06/06/2001","3.3904","3.3993","3.4107","3.3768","","-0.25%"
"06/05/2001","3.3989","3.3747","3.4029","3.3502","","0.66%"
"06/04/2001","3.3767","3.3713","3.3972","3.3595","","-0.01%"
"06/01/2001","3.3769","3.3615","3.3874","3.3561","","0.34%"
"05/31/2001","3.3655","3.4190","3.4234","3.3579","","-1.68%"
"05/30/2001","3.4230","3.4549","3.4694","3.4164","","-0.93%"
"05/29/2001","3.4553","3.4521","3.4598","3.4344","","0.07%"
"05/28/2001","3.4529","3.4529","3.4594","3.4387","","-0.09%"
"05/25/2001","3.4561","3.4289","3.4569","3.4126","","0.82%"
"05/24/2001","3.4281","3.4173","3.4438","3.3950","","0.21%"
"05/23/2001","3.4209","3.4516","3.4575","3.4133","","-0.81%"
"05/22/2001","3.4488","3.4889","3.4936","3.4393","","-1.17%"
"05/21/2001","3.4897","3.4994","3.5070","3.4730","","-0.45%"
"05/18/2001","3.5054","3.5043","3.5054","3.4759","","0.04%"
"05/17/2001","3.5039","3.5055","3.5223","3.4888","","-0.07%"
"05/16/2001","3.5063","3.5150","3.5370","3.4927","","-0.22%"
"05/15/2001","3.5142","3.5039","3.5237","3.4999","","0.25%"
"05/14/2001","3.5055","3.5025","3.5295","3.4900","","0.12%"
"05/11/2001","3.5013","3.4903","3.5087","3.4735","","0.34%"
"05/10/2001","3.4896","3.5094","3.5309","3.4771","","-0.50%"
"05/09/2001","3.5070","3.4882","3.5163","3.4787","","0.53%"
"05/08/2001","3.4886","3.5122","3.5158","3.4764","","-0.64%"
"05/07/2001","3.5111","3.5101","3.5281","3.4999","","0.05%"
"05/04/2001","3.5094","3.5079","3.5567","3.5071","","0.02%"
"05/03/2001","3.5087","3.5297","3.5466","3.5032","","-0.59%"
"05/02/2001","3.5297","3.5379","3.5430","3.5035","","-0.16%"
"05/01/2001","3.5355","3.5196","3.5406","3.5062","","0.56%"
"04/30/2001","3.5157","3.5437","3.5506","3.5038","","-0.85%"
"04/27/2001","3.5457","3.5865","3.5994","3.5239","","-1.12%"
"04/26/2001","3.5857","3.5963","3.6116","3.5659","","-0.25%"
"04/25/2001","3.5947","3.6084","3.6257","3.5834","","-0.34%"
"04/24/2001","3.6068","3.6337","3.6717","3.6032","","-0.75%"
"04/23/2001","3.6341","3.6060","3.6597","3.6048","","0.64%"
"04/20/2001","3.6109","3.5851","3.6233","3.5703","","0.65%"
"04/19/2001","3.5875","3.5326","3.5907","3.5180","","1.72%"
"04/18/2001","3.5270","3.5584","3.5662","3.4985","","-0.92%"
"04/17/2001","3.5596","3.5617","3.5729","3.5360","","-0.08%"
"04/16/2001","3.5625","3.5629","3.5705","3.5388","","0.04%"
"04/13/2001","3.5609","3.5704","3.5755","3.5592","","-0.18%"
"04/12/2001","3.5672","3.5796","3.6085","3.5288","","-0.43%"
"04/11/2001","3.5826","3.5868","3.6012","3.5556","","-0.13%"
"04/10/2001","3.5872","3.5708","3.6105","3.5628","","0.40%"
"04/09/2001","3.5728","3.6185","3.6247","3.5688","","-1.39%"
"04/06/2001","3.6233","3.6043","3.6285","3.5927","","0.53%"
"04/05/2001","3.6043","3.6329","3.6599","3.5911","","-0.86%"
"04/04/2001","3.6357","3.6300","3.6552","3.6101","","0.11%"
"04/03/2001","3.6316","3.5708","3.6393","3.5687","","1.69%"
"04/02/2001","3.5712","3.5729","3.6022","3.5663","","-0.46%"
"03/30/2001","3.5876","3.5973","3.6263","3.5700","","-0.17%"
"03/29/2001","3.5936","3.6265","3.6439","3.5814","","-0.89%"
"03/28/2001","3.6257","3.6715","3.6764","3.6249","","-1.22%"
"03/27/2001","3.6706","3.6702","3.6852","3.6551","","0.00%"
"03/26/2001","3.6706","3.6821","3.6870","3.6582","","-0.17%"
"03/23/2001","3.6767","3.6978","3.7066","3.6693","","-0.47%"
"03/22/2001","3.6941","3.6907","3.7054","3.6644","","0.16%"
"03/21/2001","3.6882","3.6987","3.7130","3.6757","","-0.31%"
"03/20/2001","3.6995","3.7223","3.7310","3.6621","","-0.59%"
"03/19/2001","3.7214","3.7216","3.7287","3.7023","","0.01%"
"03/16/2001","3.7211","3.6728","3.7299","3.6645","","1.17%"
"03/15/2001","3.6781","3.7106","3.7387","3.6650","","-0.77%"
"03/14/2001","3.7065","3.7249","3.7551","3.6964","","-0.38%"
"03/13/2001","3.7208","3.7410","3.7723","3.7135","","-0.55%"
"03/12/2001","3.7415","3.6923","3.7471","3.6860","","1.27%"
"03/09/2001","3.6947","3.7046","3.7280","3.6812","","-0.25%"
"03/08/2001","3.7038","3.6752","3.7229","3.6643","","0.79%"
"03/07/2001","3.6748","3.7041","3.7156","3.6622","","-0.78%"
"03/06/2001","3.7037","3.7064","3.7098","3.6817","","-0.15%"
"03/05/2001","3.7092","3.7358","3.7544","3.6958","","-0.41%"
"03/02/2001","3.7244","3.6952","3.7339","3.6900","","0.79%"
"03/01/2001","3.6952","3.7286","3.7400","3.6896","","-0.84%"
"02/28/2001","3.7266","3.7471","3.7653","3.7111","","-0.46%"
"02/27/2001","3.7438","3.7389","3.7567","3.7193","","0.02%"
"02/26/2001","3.7430","3.7826","3.7880","3.7240","","-1.09%"
"02/23/2001","3.7843","3.7533","3.7991","3.7364","","0.77%"
"02/22/2001","3.7553","3.7724","3.8022","3.7454","","-0.50%"
"02/21/2001","3.7741","3.7346","3.7890","3.7093","","1.06%"
"02/20/2001","3.7346","3.7631","3.7741","3.7131","","-0.81%"
"02/19/2001","3.7651","3.7250","3.7845","3.7210","","1.08%"
"02/16/2001","3.7250","3.7160","3.7553","3.7080","","0.29%"
"02/15/2001","3.7144","3.7496","3.7557","3.7070","","-0.97%"
"02/14/2001","3.7508","3.7576","3.7717","3.7426","","-0.31%"
"02/13/2001","3.7625","3.7815","3.7925","3.7470","","-0.44%"
"02/12/2001","3.7790","3.7925","3.8101","3.7636","","-0.27%"
"02/09/2001","3.7892","3.7723","3.8057","3.7623","","0.34%"
"02/08/2001","3.7764","3.7564","3.7863","3.7453","","0.55%"
"02/07/2001","3.7556","3.7849","3.8001","3.7556","","-0.70%"
"02/06/2001","3.7821","3.7804","3.8092","3.7645","","-0.04%"
"02/05/2001","3.7836","3.7475","3.8028","3.7459","","0.50%"
"02/02/2001","3.7646","3.7809","3.8008","3.7513","","-0.52%"
"02/01/2001","3.7842","3.8230","3.8454","3.7799","","-0.92%"
"01/31/2001","3.8193","3.7957","3.8230","3.7822","","0.57%"
"01/30/2001","3.7977","3.7900","3.8059","3.7766","","0.31%"
"01/29/2001","3.7858","3.8201","3.8255","3.7838","","-0.85%"
"01/26/2001","3.8181","3.8145","3.8380","3.8040","","0.01%"
"01/25/2001","3.8178","3.7962","3.8203","3.7868","","0.57%"
"01/24/2001","3.7962","3.8464","3.8468","3.7893","","-1.39%"
"01/23/2001","3.8497","3.8521","3.8792","3.8403","","-0.15%"
"01/22/2001","3.8554","3.8290","3.8742","3.8228","","0.55%"
"01/19/2001","3.8342","3.8582","3.8828","3.8283","","-0.79%"
"01/18/2001","3.8647","3.8492","3.8821","3.8274","","0.44%"
"01/17/2001","3.8479","3.8527","3.8629","3.8232","","0.03%"
"01/16/2001","3.8469","3.8773","3.8855","3.8310","","-0.79%"
"01/15/2001","3.8777","3.8972","3.9025","3.8608","","-0.49%"
"01/12/2001","3.8968","3.9144","3.9333","3.8811","","-0.49%"
"01/11/2001","3.9160","3.8718","3.9398","3.8718","","1.05%"
"01/10/2001","3.8755","3.9092","3.9167","3.8717","","-0.97%"
"01/09/2001","3.9134","3.8824","3.9142","3.8680","","0.73%"
"01/08/2001","3.8852","3.9055","3.9140","3.8664","","-0.56%"
"01/05/2001","3.9072","3.8994","3.9326","3.8632","","0.25%"
"01/04/2001","3.8973","3.8197","3.9162","3.8151","","1.95%"
"01/03/2001","3.8229","3.8740","3.9095","3.8217","","-1.19%"
"01/02/2001","3.8691","3.8917","3.8934","3.8410","","-0.52%"
"12/29/2000","3.8894","3.8534","3.8906","3.8318","","0.89%"
"12/28/2000","3.8551","3.8360","3.8578","3.8179","","0.51%"
"12/27/2000","3.8356","3.8798","3.8910","3.8300","","-1.20%"
"12/26/2000","3.8823","3.8606","3.8877","3.8497","","0.64%"
"12/25/2000","3.8577","3.8510","3.8689","3.8343","","0.14%"
"12/22/2000","3.8522","3.8677","3.8770","3.8209","","-0.39%"
"12/21/2000","3.8673","3.8542","3.8860","3.8389","","0.30%"
"12/20/2000","3.8559","3.8530","3.8702","3.8225","","0.12%"
"12/19/2000","3.8513","3.8553","3.8792","3.8140","","0.00%"
"12/18/2000","3.8514","3.8670","3.8938","3.8445","","-0.48%"
"12/15/2000","3.8700","3.8944","3.9075","3.8657","","-0.39%"
"12/14/2000","3.8852","3.8439","3.8887","3.8382","","1.08%"
"12/13/2000","3.8435","3.8544","3.8658","3.8233","","-0.31%"
"12/12/2000","3.8553","3.8693","3.8826","3.8351","","-0.16%"
"12/11/2000","3.8614","3.8905","3.9108","3.8570","","-1.24%"
"12/08/2000","3.9099","3.9205","3.9271","3.8803","","-0.20%"
"12/07/2000","3.9178","3.9150","3.9403","3.8904","","0.16%"
"12/06/2000","3.9115","3.8878","3.9159","3.8742","","0.65%"
"12/05/2000","3.8861","3.9338","3.9458","3.8812","","-1.29%"
"12/04/2000","3.9369","3.9093","3.9681","3.8907","","0.69%"
"12/01/2000","3.9098","3.9105","3.9365","3.8849","","-0.02%"
"11/30/2000","3.9105","3.8505","3.9202","3.8469","","1.53%"
"11/29/2000","3.8514","3.8734","3.9013","3.8469","","-0.59%"
"11/28/2000","3.8743","3.8203","3.8793","3.8181","","1.49%"
"11/27/2000","3.8176","3.8098","3.8416","3.8085","","0.25%"
"11/24/2000","3.8080","3.8409","3.8695","3.8007","","-0.86%"
"11/23/2000","3.8409","3.8675","3.8772","3.8287","","-0.59%"
"11/22/2000","3.8638","3.8441","3.8730","3.8423","","0.51%"
"11/21/2000","3.8441","3.9011","3.9098","3.8368","","-1.44%"
"11/20/2000","3.9002","3.8817","3.9048","3.8587","","0.57%"
"11/17/2000","3.8781","3.9012","3.9210","3.8721","","-0.47%"
"11/16/2000","3.8966","3.9174","3.9422","3.8925","","-0.53%"
"11/15/2000","3.9174","3.9140","3.9332","3.8944","","0.04%"
"11/14/2000","3.9159","3.9222","3.9509","3.9063","","-0.58%"
"11/13/2000","3.9387","3.9449","3.9751","3.9310","","0.07%"
"11/10/2000","3.9358","3.9672","3.9764","3.9267","","-0.76%"
"11/09/2000","3.9659","3.9127","3.9705","3.8970","","1.40%"
"11/08/2000","3.9113","3.9242","3.9652","3.8866","","-0.35%"
"11/07/2000","3.9251","3.9034","3.9340","3.8837","","0.57%"
"11/06/2000","3.9030","3.9084","3.9323","3.8664","","-0.20%"
"11/03/2000","3.9109","3.9070","3.9854","3.8768","","-0.06%"
"11/02/2000","3.9133","3.9603","3.9726","3.9066","","-1.14%"
"11/01/2000","3.9584","3.9400","3.9771","3.9307","","0.42%"
"10/31/2000","3.9418","3.9163","3.9479","3.9041","","0.72%"
"10/30/2000","3.9135","3.9324","3.9689","3.9125","","-0.33%"
"10/27/2000","3.9263","3.8877","3.9607","3.8764","","1.03%"
"10/26/2000","3.8863","3.8809","3.8969","3.8448","","0.10%"
"10/25/2000","3.8823","3.8948","3.9232","3.8701","","-0.31%"
"10/24/2000","3.8944","3.9245","3.9507","3.8888","","-0.79%"
"10/23/2000","3.9254","3.9452","3.9841","3.9222","","-0.57%"
"10/20/2000","3.9480","3.9270","3.9588","3.9097","","0.49%"
"10/19/2000","3.9288","3.9539","3.9702","3.9160","","-0.68%"
"10/18/2000","3.9558","3.9903","4.0337","3.9305","","-0.87%"
"10/17/2000","3.9907","3.9853","4.0001","3.9543","","0.20%"
"10/16/2000","3.9829","3.9991","4.0199","3.9654","","-0.51%"
"10/13/2000","4.0033","4.0624","4.0957","3.9902","","-1.44%"
"10/12/2000","4.0619","4.0067","4.0770","4.0030","","1.52%"
"10/11/2000","4.0011","4.0002","4.0443","3.9778","","0.01%"
"10/10/2000","4.0006","3.9455","4.0043","3.9346","","1.41%"
"10/09/2000","3.9451","3.9561","3.9634","3.9312","","-0.17%"
"10/06/2000","3.9520","3.9626","3.9818","3.9383","","-0.27%"
"10/05/2000","3.9626","3.9750","4.0020","3.9507","","-0.37%"
"10/04/2000","3.9773","3.9801","3.9896","3.9566","","-0.04%"
"10/03/2000","3.9787","3.9908","4.0192","3.9651","","-0.29%"
"10/02/2000","3.9904","4.0001","4.0167","3.9652","","-0.21%"
"09/29/2000","3.9987","3.9735","4.0086","3.9576","","0.58%"
"09/28/2000","3.9758","4.0207","4.0315","3.9618","","-1.12%"
"09/27/2000","4.0207","4.0349","4.0447","3.9980","","-0.32%"
"09/26/2000","4.0335","3.9829","4.0390","3.9738","","1.22%"
"09/25/2000","3.9847","4.0096","4.0247","3.9631","","-0.23%"
"09/22/2000","3.9937","3.9411","4.1329","3.9181","","1.22%"
"09/21/2000","3.9457","3.9059","3.9466","3.8893","","1.03%"
"09/20/2000","3.9054","3.9103","3.9140","3.8810","","-0.15%"
"09/19/2000","3.9113","3.8790","3.9371","3.8531","","0.96%"
"09/18/2000","3.8740","3.8253","3.9173","3.8185","","1.21%"
"09/15/2000","3.8275","3.8885","3.8972","3.8176","","-1.56%"
"09/14/2000","3.8880","3.8627","3.9321","3.8469","","0.74%"
"09/13/2000","3.8595","3.8594","3.9193","3.8469","","-0.01%"
"09/12/2000","3.8598","3.8027","3.8835","3.7868","","1.60%"
"09/11/2000","3.7992","3.8236","3.8599","3.7934","","-0.88%"
"09/08/2000","3.8329","3.8499","3.8722","3.8133","","-0.42%"
"09/07/2000","3.8490","3.8137","3.8697","3.7813","","1.14%"
"09/06/2000","3.8058","3.8586","3.8674","3.8001","","-1.31%"
"09/05/2000","3.8565","3.8817","3.8925","3.8506","","-0.65%"
"09/04/2000","3.8817","3.9281","3.9600","3.8795","","-1.18%"
"09/01/2000","3.9281","3.8819","3.9481","3.8762","","1.21%"
"08/31/2000","3.8810","3.9076","3.9284","3.8680","","-0.66%"
"08/30/2000","3.9067","3.8998","3.9327","3.8894","","0.18%"
"08/29/2000","3.8998","3.9376","3.9512","3.8901","","-0.98%"
"08/28/2000","3.9384","3.9358","3.9713","3.9306","","0.09%"
"08/25/2000","3.9350","3.9391","3.9740","3.9194","","-0.10%"
"08/24/2000","3.9391","3.9169","3.9524","3.9061","","0.69%"
"08/23/2000","3.9122","3.8652","3.9156","3.8385","","1.23%"
"08/22/2000","3.8647","3.8791","3.9065","3.8604","","-0.37%"
"08/21/2000","3.8791","3.8965","3.9151","3.8765","","-0.37%"
"08/18/2000","3.8935","3.9484","3.9587","3.8927","","-1.41%"
"08/17/2000","3.9493","3.9709","3.9730","3.9309","","-0.52%"
"08/16/2000","3.9700","3.9352","3.9713","3.9230","","0.88%"
"08/15/2000","3.9352","3.9407","3.9737","3.9343","","-0.11%"
"08/14/2000","3.9394","3.9108","3.9442","3.8995","","0.47%"
"08/11/2000","3.9208","3.9439","3.9599","3.9178","","-0.56%"
"08/10/2000","3.9430","3.9257","3.9523","3.9217","","0.43%"
"08/09/2000","3.9261","3.9399","3.9452","3.8985","","-0.34%"
"08/08/2000","3.9395","3.9590","3.9764","3.9319","","-0.52%"
"08/07/2000","3.9599","3.9699","3.9949","3.9582","","-0.34%"
"08/04/2000","3.9734","3.9905","3.9990","3.9651","","-0.47%"
"08/03/2000","3.9922","3.9966","4.0101","3.9491","","-0.06%"
"08/02/2000","3.9944","3.9772","4.0188","3.9759","","0.48%"
"08/01/2000","3.9755","4.0160","4.0416","3.9707","","-0.96%"
"07/31/2000","4.0142","4.0080","4.0290","4.0002","","0.21%"
"07/28/2000","4.0058","4.0068","4.0309","3.9972","","-0.05%"
"07/27/2000","4.0077","4.0425","4.0480","4.0064","","-0.84%"
"07/26/2000","4.0417","4.0282","4.0465","4.0138","","0.31%"
"07/25/2000","4.0291","3.9950","4.0574","3.9878","","0.82%"
"07/24/2000","3.9963","4.0201","4.0261","3.9934","","-0.68%"
"07/21/2000","4.0236","4.0245","4.0348","3.9983","","-0.02%"
"07/20/2000","4.0245","4.0072","4.0326","4.0003","","0.46%"
"07/19/2000","4.0059","3.9901","4.0211","3.9866","","0.47%"
"07/18/2000","3.9871","4.0289","4.0418","3.9806","","-1.04%"
"07/17/2000","4.0289","4.0540","4.0771","4.0216","","-0.63%"
"07/14/2000","4.0545","4.0335","4.0706","4.0205","","0.48%"
"07/13/2000","4.0352","4.0457","4.0610","4.0183","","-0.36%"
"07/12/2000","4.0496","4.0438","4.0735","4.0222","","0.09%"
"07/11/2000","4.0459","4.0861","4.0986","4.0433","","-1.02%"
"07/10/2000","4.0874","4.0925","4.1174","4.0698","","-0.16%"
"07/07/2000","4.0938","4.1056","4.1200","4.0764","","-0.28%"
"07/06/2000","4.1052","4.1032","4.1420","4.0980","","0.05%"
"07/05/2000","4.1032","4.1100","4.1382","4.0680","","-0.15%"
"07/04/2000","4.1092","4.0891","4.1126","4.0583","","0.50%"
"07/03/2000","4.0887","4.1421","4.1573","4.0835","","-1.30%"
"06/30/2000","4.1425","4.1660","4.2173","4.1412","","-0.68%"
"06/29/2000","4.1708","4.1398","4.1866","4.1382","","0.77%"
"06/28/2000","4.1389","4.1467","4.1636","4.1310","","-0.26%"
"06/27/2000","4.1497","4.1594","4.1841","4.1176","","-0.20%"
"06/26/2000","4.1581","4.1474","4.1772","4.1394","","0.29%"
"06/23/2000","4.1461","4.1166","4.1835","4.1153","","0.70%"
"06/22/2000","4.1171","4.1580","4.1681","4.1105","","-0.90%"
"06/21/2000","4.1545","4.1833","4.2065","4.1483","","-0.72%"
"06/20/2000","4.1846","4.2033","4.2213","4.1768","","-0.45%"
"06/19/2000","4.2037","4.2534","4.2706","4.2007","","-1.29%"
"06/16/2000","4.2587","4.1846","4.2688","4.1644","","1.77%"
"06/15/2000","4.1846","4.2185","4.2264","4.0984","","-0.87%"
"06/14/2000","4.2212","4.2294","4.2592","4.0750","","-0.26%"
"06/13/2000","4.2321","4.1935","4.2552","4.1860","","0.95%"
"06/12/2000","4.1922","4.2082","4.2210","4.1550","","-0.47%"
"06/09/2000","4.2118","4.1932","4.2421","4.1708","","0.28%"
"06/08/2000","4.2002","4.1683","4.2529","4.1492","","0.80%"
"06/07/2000","4.1670","4.1466","4.1722","4.1267","","0.44%"
"06/06/2000","4.1488","4.0577","4.1838","4.0521","","2.10%"
"06/05/2000","4.0633","4.0919","4.0919","4.0460","","-0.70%"
"06/02/2000","4.0919","4.0721","4.2025","4.0634","","0.49%"
"06/01/2000","4.0721","4.1130","4.1169","4.0377","","-1.09%"
"05/31/2000","4.1169","4.1201","4.1339","4.0575","","-0.17%"
"05/30/2000","4.1241","4.1780","4.2001","4.1186","","-1.25%"
"05/29/2000","4.1762","4.1898","4.2158","4.1571","","-0.16%"
"05/26/2000","4.1830","4.1327","4.2000","4.1140","","1.30%"
"05/25/2000","4.1295","4.0540","4.1363","4.0495","","1.88%"
"05/24/2000","4.0531","4.0897","4.1083","4.0518","","-0.89%"
"05/23/2000","4.0897","4.0698","4.1499","4.0662","","0.48%"
"05/22/2000","4.0703","4.0468","4.1182","4.0253","","0.59%"
"05/19/2000","4.0464","4.0083","4.0576","3.9617","","0.96%"
"05/18/2000","4.0078","4.0221","4.0865","3.9783","","-0.39%"
"05/17/2000","4.0235","3.9906","4.0387","3.9072","","0.85%"
"05/16/2000","3.9897","3.9545","4.0225","3.9476","","0.38%"
"05/15/2000","3.9746","4.1076","4.1153","3.9715","","-3.47%"
"05/12/2000","4.1175","4.0157","4.1184","3.9810","","2.50%"
"05/11/2000","4.0171","3.9930","4.0965","3.9833","","0.26%"
"05/10/2000","4.0067","4.0710","4.0724","3.9686","","-1.43%"
"05/09/2000","4.0647","4.0038","4.0669","3.9939","","1.46%"
"05/08/2000","4.0064","4.1628","4.2014","3.9748","","-3.29%"
"05/05/2000","4.1428","4.0710","4.2523","4.0691","","1.78%"
"05/04/2000","4.0705","4.0114","4.0958","3.9400","","1.45%"
"05/03/2000","4.0123","4.0759","4.0799","3.9787","","-1.56%"
"05/02/2000","4.0759","4.0855","4.0966","4.0454","","-0.31%"
"05/01/2000","4.0886","4.0712","4.0949","4.0489","","0.42%"
"04/28/2000","4.0716","3.9904","4.1011","3.9360","","2.07%"
"04/27/2000","3.9890","3.9714","4.0076","3.8936","","0.52%"
"04/26/2000","3.9684","3.9645","3.9918","3.9361","","0.12%"
"04/25/2000","3.9636","4.0270","4.0402","3.9434","","-1.51%"
"04/24/2000","4.0244","4.0244","4.0536","4.0176","","0.00%"
"04/21/2000","4.0244","4.0245","4.0353","3.9346","","0.03%"
"04/20/2000","4.0232","4.0283","4.0544","3.9404","","-0.16%"
"04/19/2000","4.0296","4.0257","4.0667","4.0073","","0.03%"
"04/18/2000","4.0283","4.0255","4.0678","3.9944","","-0.73%"
"04/17/2000","4.0579","4.0882","4.1560","4.0291","","-0.51%"
"04/14/2000","4.0785","3.9743","4.0793","3.9664","","2.64%"
"04/13/2000","3.9735","3.9738","4.0232","3.9290","","0.00%"
"04/12/2000","3.9734","3.9279","3.9755","3.8904","","1.11%"
"04/11/2000","3.9296","3.9810","4.0083","3.9181","","-1.33%"
"04/10/2000","3.9827","3.9556","3.9843","3.9494","","0.64%"
"04/07/2000","3.9572","3.9962","4.0063","3.9531","","-0.94%"
"04/06/2000","3.9946","4.0328","4.0496","3.9830","","-1.14%"
"04/05/2000","4.0408","4.0342","4.0918","3.9990","","0.27%"
"04/04/2000","4.0300","3.9574","4.0921","3.9566","","1.71%"
"04/03/2000","3.9624","3.9454","3.9896","3.9156","","0.43%"
"03/31/2000","3.9454","3.9693","3.9760","3.9405","","-0.57%"
"03/30/2000","3.9681","3.8892","3.9735","3.8880","","1.98%"
"03/29/2000","3.8909","3.8903","3.9212","3.8648","","-0.04%"
"03/28/2000","3.8924","3.8966","3.9186","3.8869","","-0.08%"
"03/27/2000","3.8954","3.9247","3.9416","3.8809","","-1.07%"
"03/24/2000","3.9377","3.9254","3.9428","3.9027","","0.29%"
"03/23/2000","3.9262","3.8900","3.9335","3.8876","","0.88%"
"03/22/2000","3.8921","3.8929","3.9107","3.8771","","-0.30%"
"03/21/2000","3.9038","3.9411","3.9431","3.9006","","-0.94%"
"03/20/2000","3.9407","3.9590","3.9599","3.9208","","-0.41%"
"03/17/2000","3.9570","3.9497","3.9599","3.9315","","0.02%"
"03/16/2000","3.9563","3.9471","3.9680","3.9292","","0.10%"
"03/15/2000","3.9524","3.9615","3.9679","3.9358","","-0.16%"
"03/14/2000","3.9586","3.9514","3.9626","3.9250","","0.09%"
"03/13/2000","3.9551","3.9410","3.9885","3.9369","","0.28%"
"03/10/2000","3.9439","3.9482","3.9650","3.9325","","-0.09%"
"03/09/2000","3.9473","3.9765","3.9934","3.9457","","-0.73%"
"03/08/2000","3.9765","3.9666","3.9872","3.9380","","0.09%"
"03/07/2000","3.9728","3.9483","3.9748","3.9380","","0.58%"
"03/06/2000","3.9500","3.9397","3.9673","3.9319","","0.02%"
"03/03/2000","3.9492","3.9815","4.0014","3.9442","","-0.78%"
"03/02/2000","3.9802","3.9930","4.0185","3.9707","","-0.32%"
"03/01/2000","3.9930","4.0115","4.0414","3.9785","","-0.46%"
"02/29/2000","4.0115","4.0496","4.1113","3.9998","","-0.93%"
"02/28/2000","4.0492","4.0465","4.0557","3.8987","","0.20%"
"02/25/2000","4.0410","4.0597","4.0833","4.0319","","-0.49%"
"02/24/2000","4.0610","4.0868","4.0893","4.0441","","-0.57%"
"02/23/2000","4.0844","4.1035","4.1240","4.0759","","-0.51%"
"02/22/2000","4.1052","4.0509","4.1082","4.0497","","1.35%"
"02/21/2000","4.0505","4.0473","4.0808","4.0346","","-0.09%"
"02/18/2000","4.0543","4.0545","4.0640","3.9777","","0.00%"
"02/17/2000","4.0545","4.0734","4.0940","4.0392","","-0.50%"
"02/16/2000","4.0747","4.0609","4.0780","4.0445","","0.31%"
"02/15/2000","4.0622","4.0579","4.0820","4.0524","","0.03%"
"02/14/2000","4.0608","4.0943","4.1119","4.0558","","-0.85%"
"02/11/2000","4.0955","4.0824","4.0997","4.0621","","0.31%"
"02/10/2000","4.0828","4.1092","4.1346","4.0770","","-0.62%"
"02/09/2000","4.1084","4.0760","4.1151","4.0395","","0.80%"
"02/08/2000","4.0756","4.1010","4.1204","4.0243","","-0.59%"
"02/07/2000","4.0997","4.1057","4.1057","4.0793","","-0.07%"
"02/04/2000","4.1024","4.1308","4.1451","4.0676","","-0.65%"
"02/03/2000","4.1291","4.1236","4.1498","4.0746","","0.14%"
"02/02/2000","4.1232","4.1187","4.1447","4.1025","","0.07%"
"02/01/2000","4.1204","4.0802","4.1403","4.0530","","1.07%"
"01/31/2000","4.0769","4.0984","4.1346","4.0406","","-0.34%"
"01/28/2000","4.0910","4.1011","4.1127","4.0658","","-0.31%"
"01/27/2000","4.1036","4.1312","4.1433","4.0944","","-0.61%"
"01/26/2000","4.1287","4.1321","4.1554","4.1103","","-0.01%"
"01/25/2000","4.1292","4.1224","4.1625","4.0622","","0.20%"
"01/24/2000","4.1211","4.0785","4.1237","4.0749","","0.36%"
"01/21/2000","4.1062","4.1447","4.1528","4.0972","","-0.94%"
"01/20/2000","4.1451","4.1316","4.1512","4.1012","","0.46%"
"01/19/2000","4.1263","4.1401","4.1552","4.1109","","-0.27%"
"01/18/2000","4.1373","4.1239","4.1410","4.0884","","0.37%"
"01/17/2000","4.1219","4.1209","4.1385","4.1092","","-0.02%"
"01/14/2000","4.1229","4.1694","4.1763","4.1160","","-1.06%"
"01/13/2000","4.1669","4.1850","4.1904","4.1580","","-0.45%"
"01/12/2000","4.1859","4.1930","4.2205","4.1668","","-0.29%"
"01/11/2000","4.1979","4.1687","4.2057","4.1555","","0.72%"
"01/10/2000","4.1678","4.1860","4.2064","4.1472","","-0.47%"
"01/07/2000","4.1876","4.2091","4.2168","4.1749","","-0.46%"
"01/06/2000","4.2071","4.2570","4.2891","4.1871","","-1.11%"
"01/05/2000","4.2545","4.2376","4.3064","4.2323","","0.25%"
"01/04/2000","4.2438","4.2240","4.2611","4.1861","","0.25%"
"01/03/2000","4.2331","4.1602","4.2405","4.1440","","1.78%"
"12/31/1999","4.1589","4.1744","4.1823","4.1443","","-0.34%"
"12/30/1999","4.1731","4.1473","4.2164","4.0144","","0.56%"
"12/29/1999","4.1498","4.1607","4.1865","4.1357","","-0.28%"
"12/28/1999","4.1615","4.1723","4.2794","4.1431","","-0.24%"
"12/27/1999","4.1715","4.1606","4.1797","4.1560","","0.21%"
"12/24/1999","4.1626","4.1666","4.1808","4.1543","","-0.18%"
"12/23/1999","4.1703","4.1805","4.1878","4.0364","","-0.23%"
"12/22/1999","4.1801","4.1630","4.2054","4.1368","","0.27%"
"12/21/1999","4.1688","4.2017","4.2096","4.1554","","-0.76%"
"12/20/1999","4.2009","4.2029","4.2205","4.1710","","-0.05%"
"12/17/1999","4.2029","4.2257","4.3082","4.1929","","-0.57%"
"12/16/1999","4.2270","4.2244","4.2521","4.2153","","0.06%"
"12/15/1999","4.2244","4.2181","4.2513","4.2055","","0.14%"
"12/14/1999","4.2185","4.2187","4.2487","4.2057","","0.05%"
"12/13/1999","4.2166","4.1803","4.2259","4.1766","","0.96%"
"12/10/1999","4.1766","4.2372","4.2425","4.1724","","-1.39%"
"12/09/1999","4.2355","4.2670","4.2695","4.2131","","-0.68%"
"12/08/1999","4.2645","4.2910","4.3023","4.2291","","-0.62%"
"12/07/1999","4.2910","4.2736","4.3064","4.2623","","0.37%"
"12/06/1999","4.2753","4.1854","4.2969","4.1692","","0.88%"
"12/03/1999","4.2380","4.2414","4.2668","4.2223","","-0.04%"
"12/02/1999","4.2397","4.2895","4.3258","4.2329","","-1.14%"
"12/01/1999","4.2886","4.2685","4.2963","4.2609","","0.51%"
"11/30/1999","4.2668","4.3606","4.3662","4.2490","","-2.19%"
"11/29/1999","4.3623","4.2947","4.3713","4.2554","","0.98%"
"11/26/1999","4.3201","4.2894","4.3244","4.2699","","0.65%"
"11/25/1999","4.2920","4.2693","4.3095","4.2655","","0.40%"
"11/24/1999","4.2747","4.3062","4.3066","4.2575","","-0.72%"
"11/23/1999","4.3058","4.3327","4.3357","4.2909","","-0.63%"
"11/22/1999","4.3331","4.3415","4.3490","4.3252","","-0.25%"
"11/19/1999","4.3440","4.3363","4.3801","4.3170","","0.23%"
"11/18/1999","4.3342","4.3670","4.3875","4.3194","","-0.74%"
"11/17/1999","4.3666","4.3629","4.4263","4.3464","","0.15%"
"11/16/1999","4.3599","4.4212","4.4298","4.3565","","-1.38%"
"11/15/1999","4.4208","4.4170","4.4534","4.3976","","0.12%"
"11/12/1999","4.4157","4.4473","4.5125","4.3805","","-0.76%"
"11/11/1999","4.4494","4.4914","4.4931","4.4404","","-0.94%"
"11/10/1999","4.4918","4.4265","4.5100","4.4178","","1.50%"
"11/09/1999","4.4256","4.4028","4.4357","4.2036","","0.50%"
"11/08/1999","4.4037","4.4491","4.4647","4.2959","","-0.96%"
"11/05/1999","4.4464","4.5054","4.5486","4.3745","","-1.27%"
"11/04/1999","4.5036","4.4878","4.5429","4.4762","","0.33%"
"11/03/1999","4.4886","4.4517","4.5028","4.4112","","0.87%"
"11/02/1999","4.4500","4.4354","4.4643","4.4304","","0.39%"
"11/01/1999","4.4329","4.4481","4.4671","4.4194","","-0.34%"
"10/29/1999","4.4481","4.4350","4.4570","4.3848","","0.30%"
"10/28/1999","4.4346","4.4260","4.4936","4.4079","","0.25%"
"10/27/1999","4.4235","4.4039","4.4527","4.3425","","0.45%"
"10/26/1999","4.4035","4.4034","4.4120","4.3591","","0.00%"
"10/25/1999","4.4034","4.4065","4.4131","4.3768","","-0.12%"
"10/22/1999","4.4086","4.4489","4.4535","4.3799","","-0.88%"
"10/21/1999","4.4477","4.4253","4.4628","4.4212","","0.64%"
"10/20/1999","4.4192","4.4549","4.4607","4.3788","","-0.78%"
"10/19/1999","4.4541","4.4285","4.4666","4.3937","","0.62%"
"10/18/1999","4.4268","4.4366","4.4707","4.4014","","-0.14%"
"10/15/1999","4.4330","4.3926","4.4507","4.3881","","0.94%"
"10/14/1999","4.3917","4.3945","4.4146","4.3592","","-0.04%"
"10/13/1999","4.3933","4.3873","4.3999","4.3642","","0.14%"
"10/12/1999","4.3873","4.3374","4.3885","4.3358","","1.15%"
"10/11/1999","4.3374","4.3407","4.3601","4.3272","","-0.23%"
"10/08/1999","4.3473","4.3639","4.3760","4.2852","","-0.41%"
"10/07/1999","4.3651","4.3595","4.3866","4.3470","","0.11%"
"10/06/1999","4.3603","4.3684","4.3834","4.3302","","-0.26%"
"10/05/1999","4.3717","4.3823","4.3884","4.3034","","-0.25%"
"10/04/1999","4.3827","4.3845","4.4131","4.3643","","-0.15%"
"10/01/1999","4.3894","4.3742","4.4224","4.3136","","0.29%"
"09/30/1999","4.3766","4.3509","4.3980","4.3344","","0.58%"
"09/29/1999","4.3514","4.3120","4.4501","4.3100","","0.87%"
"09/28/1999","4.3140","4.2407","4.3333","4.2354","","1.71%"
"09/27/1999","4.2415","4.2683","4.2847","4.2311","","-0.48%"
"09/24/1999","4.2621","4.3020","4.3167","4.2576","","-0.89%"
"09/23/1999","4.3003","4.2548","4.3016","4.2273","","1.00%"
"09/22/1999","4.2577","4.2841","4.3117","4.2442","","-0.63%"
"09/21/1999","4.2845","4.2368","4.2905","4.2368","","1.18%"
"09/20/1999","4.2344","4.2843","4.2991","4.2201","","-1.24%"
"09/17/1999","4.2876","4.3037","4.3091","4.2567","","-0.35%"
"09/16/1999","4.3025","4.3181","4.3436","4.2777","","-0.36%"
"09/15/1999","4.3181","4.2853","4.3475","4.2630","","0.77%"
"09/14/1999","4.2849","4.2497","4.3166","4.2257","","0.77%"
"09/13/1999","4.2522","4.1624","4.2542","4.1596","","2.05%"
"09/10/1999","4.1668","4.2571","4.2736","4.1600","","-2.11%"
"09/09/1999","4.2567","4.3338","4.3522","4.2514","","-1.80%"
"09/08/1999","4.3346","4.3464","4.3793","4.3199","","-0.25%"
"09/07/1999","4.3456","4.2914","4.3588","4.2756","","1.17%"
"09/06/1999","4.2955","4.2184","4.3130","4.2168","","1.49%"
"09/03/1999","4.2323","4.3072","4.3279","4.2295","","-1.80%"
"09/02/1999","4.3097","4.2053","4.3586","4.1940","","2.41%"
"09/01/1999","4.2081","4.1939","4.2274","4.1903","","0.36%"
"08/31/1999","4.1931","4.1896","4.2148","4.1790","","0.20%"
"08/30/1999","4.1848","4.1727","4.1848","4.1527","","0.41%"
"08/27/1999","4.1679","4.1615","4.1730","4.1487","","0.15%"
"08/26/1999","4.1615","4.1455","4.1718","4.1371","","0.46%"
"08/25/1999","4.1423","4.1824","4.1924","4.1380","","-1.03%"
"08/24/1999","4.1852","4.1605","4.1945","4.1196","","0.65%"
"08/23/1999","4.1581","4.2047","4.2258","4.1478","","-1.63%"
"08/20/1999","4.2269","4.1992","4.2374","4.1800","","0.56%"
"08/19/1999","4.2032","4.1565","4.2052","4.1254","","1.16%"
"08/18/1999","4.1549","4.1559","4.1757","4.1348","","0.02%"
"08/17/1999","4.1539","4.1759","4.1833","4.1492","","-0.53%"
"08/16/1999","4.1759","4.1597","4.1779","4.1499","","0.47%"
"08/13/1999","4.1565","4.1826","4.1965","4.1530","","-0.68%"
"08/12/1999","4.1850","4.1760","4.1939","4.1609","","0.22%"
"08/11/1999","4.1760","4.2156","4.2244","4.1688","","-0.92%"
"08/10/1999","4.2148","4.2355","4.2494","4.2137","","-0.50%"
"08/09/1999","4.2359","4.2364","4.2566","4.2210","","-0.07%"
"08/06/1999","4.2387","4.2558","4.2673","4.2233","","-0.40%"
"08/05/1999","4.2558","4.2292","4.2868","4.2155","","0.66%"
"08/04/1999","4.2280","4.2109","4.2410","4.1945","","0.43%"
"08/03/1999","4.2097","4.1731","4.2287","4.1577","","0.89%"
"08/02/1999","4.1727","4.0947","4.1834","4.0295","","1.19%"
"07/30/1999","4.1236","4.1094","4.1368","4.1011","","0.23%"
"07/29/1999","4.1140","4.0719","4.1236","4.0660","","1.05%"
"07/28/1999","4.0712","4.0588","4.0833","4.0477","","0.33%"
"07/27/1999","4.0580","4.0506","4.0735","3.9393","","0.05%"
"07/26/1999","4.0560","4.0224","4.0813","4.0212","","0.89%"
"07/23/1999","4.0201","4.0395","4.0916","4.0091","","-0.49%"
"07/22/1999","4.0398","4.0327","4.1950","4.0152","","0.01%"
"07/21/1999","4.0392","3.9905","4.0566","3.9874","","1.13%"
"07/20/1999","3.9939","4.0125","4.1013","3.9669","","-0.42%"
"07/19/1999","4.0106","3.9649","4.0207","3.8611","","0.98%"
"07/16/1999","3.9715","3.9669","4.0021","3.9605","","0.19%"
"07/15/1999","3.9638","3.9882","4.0722","3.9634","","-0.62%"
"07/14/1999","3.9886","3.9932","4.0003","3.9722","","-0.06%"
"07/13/1999","3.9908","3.9726","4.0202","3.9575","","0.49%"
"07/12/1999","3.9714","3.9810","3.9829","3.9573","","-0.27%"
"07/09/1999","3.9822","3.9952","4.0005","3.9671","","-0.31%"
"07/08/1999","3.9945","3.9713","3.9984","3.9596","","0.31%"
"07/07/1999","3.9822","4.0058","4.0152","3.9760","","-0.50%"
"07/06/1999","4.0023","4.0050","4.0225","3.9885","","-0.05%"
"07/05/1999","4.0042","4.0140","4.0179","3.9972","","-0.24%"
"07/02/1999","4.0140","4.0102","4.0245","3.9976","","0.17%"
"07/01/1999","4.0071","4.0504","4.0617","3.9791","","-1.00%"
"06/30/1999","4.0476","4.0545","4.0639","4.0367","","-0.09%"
"06/29/1999","4.0514","4.0515","4.0728","4.0373","","-0.09%"
"06/28/1999","4.0551","4.0569","4.0899","4.0437","","-0.54%"
"06/25/1999","4.0773","4.0905","4.1176","4.0711","","-0.28%"
"06/24/1999","4.0889","4.0485","4.0952","4.0361","","1.00%"
"06/23/1999","4.0485","4.0371","4.0500","4.0187","","0.30%"
"06/22/1999","4.0363","4.0326","4.0526","4.0203","","0.02%"
"06/21/1999","4.0353","4.0505","4.0725","4.0229","","-0.41%"
"06/18/1999","4.0521","4.0512","4.0947","4.0280","","-0.03%"
"06/17/1999","4.0532","4.0491","4.0704","4.0329","","0.08%"
"06/16/1999","4.0499","4.0883","4.0930","4.0252","","-0.92%"
"06/15/1999","4.0875","4.1057","4.1424","4.0777","","-0.46%"
"06/14/1999","4.1065","4.1304","4.1799","4.0763","","-0.55%"
"06/11/1999","4.1293","4.1134","4.1598","4.1110","","0.39%"
"06/10/1999","4.1134","4.1317","4.1622","4.0964","","-0.46%"
"06/09/1999","4.1325","4.1443","4.1545","4.1100","","-0.31%"
"06/08/1999","4.1454","4.1109","4.1486","4.1001","","0.78%"
"06/07/1999","4.1133","4.1428","4.1544","4.0805","","-0.87%"
"06/04/1999","4.1492","4.1143","4.1508","4.0947","","0.78%"
"06/03/1999","4.1170","4.1306","4.1557","4.1083","","-0.35%"
"06/02/1999","4.1314","4.1600","4.1652","4.1174","","-0.72%"
"06/01/1999","4.1612","4.1339","4.1787","4.1284","","0.72%"
"05/31/1999","4.1315","4.1606","4.1665","4.0874","","-0.40%"
"05/28/1999","4.1483","4.1625","4.2134","4.1331","","-0.29%"
"05/27/1999","4.1602","4.1422","4.1889","4.1190","","0.55%"
"05/26/1999","4.1375","4.1823","4.2053","4.1375","","-1.04%"
"05/25/1999","4.1811","4.1667","4.1976","4.1585","","0.36%"
"05/24/1999","4.1663","4.1550","4.1771","4.1458","","0.00%"
"05/21/1999","4.1664","4.1631","4.1723","4.1383","","0.00%"
"05/20/1999","4.1662","4.1700","4.1870","4.1438","","-0.06%"
"05/19/1999","4.1685","4.1736","4.1945","4.1533","","-0.13%"
"05/18/1999","4.1740","4.1810","4.1988","4.1631","","-0.14%"
"05/17/1999","4.1798","4.1833","4.2133","4.1660","","-0.44%"
"05/14/1999","4.1981","4.2034","4.2265","4.1762","","-0.03%"
"05/13/1999","4.1994","4.1681","4.2173","4.1355","","0.71%"
"05/12/1999","4.1700","4.1719","4.2041","4.1403","","0.00%"
"05/11/1999","4.1700","4.1867","4.1936","4.1480","","-0.36%"
"05/10/1999","4.1852","4.1774","4.2161","4.1688","","-0.11%"
"05/07/1999","4.1898","4.1993","4.2376","4.1834","","-0.11%"
"05/06/1999","4.1946","4.2008","4.2292","4.1755","","-0.22%"
"05/05/1999","4.2039","4.1747","4.2082","4.1327","","0.66%"
"05/04/1999","4.1762","4.1622","4.2325","4.1434","","0.35%"
"05/03/1999","4.1618","4.1709","4.1772","4.1555","","-0.30%"
"04/30/1999","4.1742","4.2285","4.2357","4.1419","","-1.26%"
"04/29/1999","4.2273","4.2338","4.2485","4.2003","","-0.13%"
"04/28/1999","4.2330","4.2481","4.2611","4.2020","","-0.42%"
"04/27/1999","4.2509","4.2308","4.2702","4.1897","","0.42%"
"04/26/1999","4.2332","4.2326","4.2540","4.1440","","0.09%"
"04/23/1999","4.2294","4.2800","4.2924","4.2174","","-1.22%"
"04/22/1999","4.2816","4.2319","4.3014","4.2319","","1.16%"
"04/21/1999","4.2327","4.2561","4.2778","4.2114","","-0.62%"
"04/20/1999","4.2589","4.2708","4.2800","4.2442","","-0.32%"
"04/19/1999","4.2724","4.2603","4.2892","4.2392","","-0.06%"
"04/16/1999","4.2750","4.2541","4.2907","4.2266","","0.43%"
"04/15/1999","4.2565","4.2908","4.2946","4.2505","","-0.73%"
"04/14/1999","4.2880","4.2822","4.2990","4.2703","","0.04%"
"04/13/1999","4.2861","4.2718","4.3262","4.2457","","0.33%"
"04/12/1999","4.2718","4.2831","4.3243","4.2698","","-0.33%"
"04/09/1999","4.2859","4.2511","4.3122","4.2475","","0.60%"
"04/08/1999","4.2602","4.2751","4.3385","4.2451","","-0.39%"
"04/07/1999","4.2767","4.3185","4.3284","4.2719","","-0.93%"
"04/06/1999","4.3170","4.3001","4.3315","4.2914","","0.36%"
"04/05/1999","4.3017","4.3302","4.3326","4.2952","","-0.73%"
"04/02/1999","4.3334","4.3194","4.3876","4.2069","","0.25%"
"04/01/1999","4.3226","4.2976","4.3658","4.2837","","0.64%"
"03/31/1999","4.2952","4.2431","4.3448","4.2328","","1.20%"
"03/30/1999","4.2443","4.2743","4.3033","4.2095","","-0.74%"
"03/29/1999","4.2759","4.2431","4.2966","4.2311","","0.02%"
"03/26/1999","4.2749","4.2763","4.2907","4.2042","","0.03%"
"03/25/1999","4.2735","4.2828","4.3398","4.2591","","-0.31%"
"03/24/1999","4.2867","4.3047","4.3569","4.2848","","-0.53%"
"03/23/1999","4.3094","4.2923","4.3368","4.2781","","0.36%"
"03/22/1999","4.2939","4.2428","4.2978","4.2222","","1.28%"
"03/19/1999","4.2397","4.2748","4.2845","4.2296","","-0.82%"
"03/18/1999","4.2748","4.2955","4.3265","4.2658","","-0.60%"
"03/17/1999","4.3006","4.3320","4.3399","4.2822","","-0.64%"
"03/16/1999","4.3281","4.2916","4.3352","4.2483","","0.67%"
"03/15/1999","4.2994","4.2599","4.3149","4.2552","","0.79%"
"03/12/1999","4.2657","4.3629","4.3633","4.2630","","-2.09%"
"03/11/1999","4.3566","4.2968","4.3689","4.2636","","1.36%"
"03/10/1999","4.2980","4.2702","4.3237","4.2635","","0.64%"
"03/09/1999","4.2706","4.2419","4.2804","4.2211","","0.72%"
"03/08/1999","4.2399","4.2486","4.2718","4.2109","","-0.27%"
"03/05/1999","4.2512","4.2833","4.2958","4.2349","","-0.79%"
"03/04/1999","4.2849","4.3206","4.3263","4.2773","","-0.87%"
"03/03/1999","4.3226","4.3356","4.3677","4.3057","","-0.16%"
"03/02/1999","4.3297","4.2646","4.3393","4.2548","","1.56%"
"03/01/1999","4.2634","4.3247","4.3405","4.2478","","-1.84%"
"02/26/1999","4.3431","4.2974","4.3505","4.2626","","1.00%"
"02/25/1999","4.3001","4.2768","4.3145","4.2671","","0.54%"
"02/24/1999","4.2768","4.2593","4.2893","4.1889","","0.45%"
"02/23/1999","4.2578","4.2578","4.2835","4.2259","","-0.09%"
"02/22/1999","4.2617","4.2453","4.2729","4.2177","","0.35%"
"02/19/1999","4.2469","4.2433","4.2762","4.2276","","0.07%"
"02/18/1999","4.2440","4.2862","4.3093","4.2372","","-1.06%"
"02/17/1999","4.2896","4.2754","4.3082","4.2440","","0.36%"
"02/16/1999","4.2743","4.2587","4.3147","4.2451","","0.37%"
"02/15/1999","4.2587","4.2360","4.2802","4.1939","","-0.26%"
"02/12/1999","4.2699","4.2105","4.3000","4.1918","","1.53%"
"02/11/1999","4.2056","4.2224","4.2665","4.2056","","-0.47%"
"02/10/1999","4.2253","4.2326","4.2665","4.1973","","-0.11%"
"02/09/1999","4.2300","4.2405","4.3076","4.0498","","-0.25%"
"02/08/1999","4.2408","4.1714","4.2431","4.1558","","1.70%"
"02/05/1999","4.1700","4.1784","4.1916","4.1561","","-0.16%"
"02/04/1999","4.1766","4.1779","4.1880","4.0501","","0.00%"
"02/03/1999","4.1765","4.2203","4.2252","4.1717","","-1.07%"
"02/02/1999","4.2215","4.1942","4.2563","4.1630","","0.68%"
"02/01/1999","4.1930","4.1346","4.2501","4.1139","","0.68%"
"01/29/1999","4.1645","4.1444","4.1762","4.1240","","0.48%"
"01/28/1999","4.1444","4.1207","4.1518","4.1117","","0.59%"
"01/27/1999","4.1200","4.1573","4.1649","4.1081","","-0.85%"
"01/26/1999","4.1555","4.1464","4.1832","4.0660","","0.22%"
"01/25/1999","4.1464","4.1607","4.1869","4.0466","","-0.34%"
"01/22/1999","4.1607","4.1169","4.1729","4.1145","","1.08%"
"01/21/1999","4.1162","4.0742","4.1506","4.0679","","1.01%"
"01/20/1999","4.0749","4.0932","4.0932","4.0474","","-0.39%"
"01/19/1999","4.0908","4.0598","4.1141","3.9456","","0.69%"
"01/18/1999","4.0629","4.1114","4.1263","3.9700","","-0.81%"
"01/15/1999","4.0959","4.1471","4.2239","4.0937","","-1.36%"
"01/14/1999","4.1524","4.1658","4.1740","4.1020","","-0.31%"
"01/13/1999","4.1655","4.0719","4.2234","4.0595","","2.26%"
"01/12/1999","4.0733","4.0426","4.0733","3.9255","","0.77%"
"01/11/1999","4.0423","4.0131","4.0674","3.9961","","0.68%"
"01/08/1999","4.0148","4.0403","4.0479","3.9806","","-0.59%"
"01/07/1999","4.0386","3.9734","4.0479","3.9666","","1.73%"
"01/06/1999","3.9700","4.0108","4.0426","3.9478","","-1.00%"
"01/05/1999","4.0102","4.0636","4.0877","3.9975","","-1.27%"
"01/04/1999","4.0619","4.1149","4.1755","4.0486","","-1.13%"
"12/31/1998","4.1082","4.1082","4.1082","4.1082","","0.76%"
"12/30/1998","4.0773","4.0773","4.0773","4.0773","","-0.52%"
"12/29/1998","4.0988","4.0988","4.0988","4.0988","","0.57%"
"12/28/1998","4.0754","4.0754","4.0754","4.0754","","0.41%"
"12/25/1998","4.0588","4.0588","4.0588","4.0588","","0.02%"
"12/24/1998","4.0581","4.0581","4.0581","4.0581","","-0.23%"
"12/23/1998","4.0675","4.0675","4.0675","4.0675","","0.17%"
"12/22/1998","4.0605","4.0605","4.0605","4.0605","","-0.35%"
"12/21/1998","4.0746","4.0746","4.0746","4.0746","","-0.71%"
"12/18/1998","4.1036","4.1036","4.1036","4.1036","","-0.45%"
"12/17/1998","4.1220","4.1220","4.1220","4.1220","","0.08%"
"12/16/1998","4.1188","4.1188","4.1188","4.1188","","-0.21%"
"12/15/1998","4.1276","4.1276","4.1276","4.1276","","-0.25%"
"12/14/1998","4.1380","4.1380","4.1380","4.1380","","0.41%"
"12/11/1998","4.1213","4.1213","4.1213","4.1213","","-0.11%"
"12/10/1998","4.1259","4.1259","4.1259","4.1259","","0.81%"
"12/09/1998","4.0929","4.0929","4.0929","4.0929","","-0.93%"
"12/08/1998","4.1313","4.1313","4.1313","4.1313","","1.10%"
"12/07/1998","4.0865","4.0865","4.0865","4.0865","","0.27%"
"12/04/1998","4.0754","4.0754","4.0754","4.0754","","0.21%"
"12/03/1998","4.0667","4.0667","4.0667","4.0667","","-0.27%"
"12/02/1998","4.0777","4.0777","4.0777","4.0777","","0.64%"
"12/01/1998","4.0517","4.0517","4.0517","4.0517","","0.34%"
"11/30/1998","4.0381","4.0381","4.0381","4.0381","","1.26%"
"11/27/1998","3.9878","3.9878","3.9878","3.9878","","-0.17%"
"11/26/1998","3.9945","3.9945","3.9945","3.9945","","-0.03%"
"11/25/1998","3.9957","3.9957","3.9957","3.9957","","-0.25%"
"11/24/1998","4.0058","4.0058","4.0058","4.0058","","-0.21%"
"11/23/1998","4.0142","4.0142","4.0142","4.0142","","-0.01%"
"11/20/1998","4.0146","4.0146","4.0146","4.0146","","0.04%"
"11/19/1998","4.0128","4.0128","4.0128","4.0128","","-0.57%"
"11/18/1998","4.0358","4.0358","4.0358","4.0358","","-0.46%"
"11/17/1998","4.0543","4.0543","4.0543","4.0543","","0.16%"
"11/16/1998","4.0480","4.0480","4.0480","4.0480","","0.25%"
"11/13/1998","4.0378","4.0378","4.0378","4.0378","","0.11%"
"11/12/1998","4.0335","4.0335","4.0335","4.0335","","0.14%"
"11/11/1998","4.0280","4.0280","4.0280","4.0280","","0.32%"
"11/10/1998","4.0150","4.0150","4.0150","4.0150","","0.27%"
"11/09/1998","4.0041","4.0041","4.0041","4.0041","","-0.27%"
"11/06/1998","4.0151","4.0151","4.0151","4.0151","","-0.46%"
"11/05/1998","4.0338","4.0338","4.0338","4.0338","","0.08%"
"11/04/1998","4.0305","4.0305","4.0305","4.0305","","-0.12%"
"11/03/1998","4.0352","4.0352","4.0352","4.0352","","-0.56%"
"11/02/1998","4.0578","4.0578","4.0578","4.0578","","-0.20%"
"10/30/1998","4.0660","4.0660","4.0660","4.0660","","-0.67%"
"10/29/1998","4.0936","4.0936","4.0936","4.0936","","0.48%"
"10/28/1998","4.0742","4.0742","4.0742","4.0742","","-0.92%"
"10/27/1998","4.1119","4.1119","4.1119","4.1119","","0.99%"
"10/26/1998","4.0714","4.0714","4.0714","4.0714","","-1.17%"
"10/23/1998","4.1194","4.1194","4.1194","4.1194","","-0.26%"
"10/22/1998","4.1301","4.1301","4.1301","4.1301","","-0.15%"
"10/21/1998","4.1361","4.1361","4.1361","4.1361","","-0.40%"
"10/20/1998","4.1528","4.1528","4.1528","4.1528","","0.37%"
"10/19/1998","4.1376","4.1376","4.1376","4.1376","","-1.25%"
"10/16/1998","4.1898","4.1898","4.1898","4.1898","","0.42%"
"10/15/1998","4.1724","4.1724","4.1724","4.1724","","-0.69%"
"10/14/1998","4.2015","4.2015","4.2015","4.2015","","-0.35%"
"10/13/1998","4.2164","4.2164","4.2164","4.2164","","-0.31%"
"10/12/1998","4.2296","4.2296","4.2296","4.2296","","-1.20%"
"10/09/1998","4.2809","4.2809","4.2809","4.2809","","-1.17%"
"10/08/1998","4.3317","4.3317","4.3317","4.3317","","1.01%"
"10/07/1998","4.2882","4.2882","4.2882","4.2882","","0.06%"
"10/06/1998","4.2855","4.2855","4.2855","4.2855","","-0.32%"
"10/05/1998","4.2993","4.2993","4.2993","4.2993","","1.04%"
"10/02/1998","4.2549","4.2549","4.2549","4.2549","","-0.45%"
"10/01/1998","4.2740","4.2740","4.2740","4.2740","","1.54%"
"09/30/1998","4.2090","4.2090","4.2090","4.2090","","0.70%"
"09/29/1998","4.1798","4.1798","4.1798","4.1798","","-0.02%"
"09/28/1998","4.1805","4.1805","4.1805","4.1805","","0.34%"
"09/25/1998","4.1663","4.1663","4.1663","4.1663","","0.44%"
"09/24/1998","4.1480","4.1480","4.1480","4.1480","","-0.50%"
"09/23/1998","4.1687","4.1687","4.1687","4.1687","","-0.12%"
"09/22/1998","4.1735","4.1735","4.1735","4.1735","","-0.04%"
"09/21/1998","4.1752","4.1752","4.1752","4.1752","","0.07%"
"09/18/1998","4.1723","4.1723","4.1723","4.1723","","0.28%"
"09/17/1998","4.1608","4.1608","4.1608","4.1608","","0.16%"
"09/16/1998","4.1542","4.1542","4.1542","4.1542","","0.12%"
"09/15/1998","4.1493","4.1493","4.1493","4.1493","","-0.12%"
"09/14/1998","4.1542","4.1542","4.1542","4.1542","","-0.92%"
"09/11/1998","4.1927","4.1927","4.1927","4.1927","","0.99%"
"09/10/1998","4.1517","4.1517","4.1517","4.1517","","0.81%"
"09/09/1998","4.1184","4.1184","4.1184","4.1184","","0.85%"
"09/08/1998","4.0838","4.0838","4.0838","4.0838","","-1.12%"
"09/07/1998","4.1301","4.1301","4.1301","4.1301","","-0.94%"
"09/04/1998","4.1693","4.1693","4.1693","4.1693","","0.13%"
"09/03/1998","4.1638","4.1638","4.1638","4.1638","","2.46%"
"09/02/1998","4.0639","4.0639","4.0639","4.0639","","-1.45%"
"09/01/1998","4.1239","4.1239","4.1239","4.1239","","-1.07%"
"08/31/1998","4.1686","4.1686","4.1686","4.1686","","-0.94%"
"08/28/1998","4.2081","4.2081","4.2081","4.2081","","1.12%"
"08/27/1998","4.1614","4.1614","4.1614","4.1614","","0.85%"
"08/26/1998","4.1263","4.1263","4.1263","4.1263","","1.78%"
"08/25/1998","4.0542","4.0542","4.0542","4.0542","","0.34%"
"08/24/1998","4.0403","4.0403","4.0403","4.0403","","-2.65%"
"08/21/1998","4.1501","4.1501","4.1501","4.1501","","1.73%"
"08/20/1998","4.0794","4.0794","4.0794","4.0794","","3.05%"
"08/19/1998","3.9587","3.9587","3.9587","3.9587","","2.00%"
"08/18/1998","3.8812","3.8812","3.8812","3.8812","","0.53%"
"08/17/1998","3.8606","3.8606","3.8606","3.8606","","0.93%"
"08/14/1998","3.8249","3.8249","3.8249","3.8249","","-0.50%"
"08/13/1998","3.8440","3.8440","3.8440","3.8440","","-0.19%"
"08/12/1998","3.8514","3.8514","3.8514","3.8514","","0.37%"
"08/11/1998","3.8371","3.8371","3.8371","3.8371","","0.28%"
"08/10/1998","3.8264","3.8264","3.8264","3.8264","","0.36%"
"08/07/1998","3.8126","3.8126","3.8126","3.8126","","0.38%"
"08/06/1998","3.7983","3.7983","3.7983","3.7983","","-0.17%"
"08/05/1998","3.8046","3.8046","3.8046","3.8046","","0.03%"
"08/04/1998","3.8036","3.8036","3.8036","3.8036","","0.36%"
"08/03/1998","3.7899","3.7899","3.7899","3.7899","","-0.43%"
"07/31/1998","3.8061","3.8061","3.8061","3.8061","","0.64%"
"07/30/1998","3.7818","3.7818","3.7818","3.7818","","-0.63%"
"07/29/1998","3.8058","3.8058","3.8058","3.8058","","-0.32%"
"07/28/1998","3.8181","3.8181","3.8181","3.8181","","0.49%"
"07/27/1998","3.7994","3.7994","3.7994","3.7994","","-0.45%"
"07/24/1998","3.8164","3.8164","3.8164","3.8164","","0.12%"
"07/23/1998","3.8118","3.8118","3.8118","3.8118","","0.41%"
"07/22/1998","3.7961","3.7961","3.7961","3.7961","","0.04%"
"07/21/1998","3.7946","3.7946","3.7946","3.7946","","0.25%"
"07/20/1998","3.7851","3.7851","3.7851","3.7851","","-0.54%"
"07/17/1998","3.8056","3.8056","3.8056","3.8056","","-0.91%"
"07/16/1998","3.8406","3.8406","3.8406","3.8406","","1.26%"
"07/15/1998","3.7929","3.7929","3.7929","3.7929","","0.41%"
"07/14/1998","3.7776","3.7776","3.7776","3.7776","","-0.13%"
"07/13/1998","3.7826","3.7826","3.7826","3.7826","","0.02%"
"07/10/1998","3.7818","3.7818","3.7818","3.7818","","-0.08%"
"07/09/1998","3.7849","3.7849","3.7849","3.7849","","-0.17%"
"07/08/1998","3.7914","3.7914","3.7914","3.7914","","-0.04%"
"07/07/1998","3.7931","3.7931","3.7931","3.7931","","-0.14%"
"07/06/1998","3.7984","3.7984","3.7984","3.7984","","0.51%"
"07/03/1998","3.7791","3.7791","3.7791","3.7791","","-0.29%"
"07/02/1998","3.7902","3.7902","3.7902","3.7902","","0.01%"
"07/01/1998","3.7897","3.7897","3.7897","3.7897","","-0.65%"
"06/30/1998","3.8145","3.8145","3.8145","3.8145","","-0.58%"
"06/29/1998","3.8367","3.8367","3.8367","3.8367","","0.09%"
"06/26/1998","3.8334","3.8334","3.8334","3.8334","","0.26%"
"06/25/1998","3.8234","3.8234","3.8234","3.8234","","0.47%"
"06/24/1998","3.8056","3.8056","3.8056","3.8056","","-0.14%"
"06/23/1998","3.8108","3.8108","3.8108","3.8108","","-0.46%"
"06/22/1998","3.8283","3.8283","3.8283","3.8283","","0.36%"
"06/19/1998","3.8147","3.8147","3.8147","3.8147","","0.08%"
"06/18/1998","3.8116","3.8116","3.8116","3.8116","","-0.35%"
"06/17/1998","3.8248","3.8248","3.8248","3.8248","","0.53%"
"06/16/1998","3.8046","3.8046","3.8046","3.8046","","-0.91%"
"06/15/1998","3.8396","3.8396","3.8396","3.8396","","0.58%"
"06/12/1998","3.8175","3.8175","3.8175","3.8175","","1.28%"
"06/11/1998","3.7693","3.7693","3.7693","3.7693","","-0.74%"
"06/10/1998","3.7974","3.7974","3.7974","3.7974","","-0.36%"
"06/09/1998","3.8113","3.8113","3.8113","3.8113","","0.06%"
"06/08/1998","3.8092","3.8092","3.8092","3.8092","","-0.73%"
"06/05/1998","3.8373","3.8373","3.8373","3.8373","","0.17%"
"06/04/1998","3.8309","3.8309","3.8309","3.8309","","-0.13%"
"06/03/1998","3.8360","3.8360","3.8360","3.8360","","-0.52%"
"06/02/1998","3.8562","3.8562","3.8562","3.8562","","-1.04%"
"06/01/1998","3.8969","3.8969","3.8969","3.8969","","1.40%"
"05/29/1998","3.8430","3.8430","3.8430","3.8430","","-0.60%"
"05/28/1998","3.8661","3.8661","3.8661","3.8661","","0.30%"
"05/27/1998","3.8544","3.8544","3.8544","3.8544","","0.72%"
"05/26/1998","3.8268","3.8268","3.8268","3.8268","","0.58%"
"05/25/1998","3.8048","3.8048","3.8048","3.8048","","-0.04%"
"05/22/1998","3.8063","3.8063","3.8063","3.8063","","-0.74%"
"05/21/1998","3.8348","3.8348","3.8348","3.8348","","-0.20%"
"05/20/1998","3.8425","3.8425","3.8425","3.8425","","0.75%"
"05/19/1998","3.8139","3.8139","3.8139","3.8139","","0.86%"
"05/18/1998","3.7812","3.7812","3.7812","3.7812","","0.59%"
"05/15/1998","3.7590","3.7590","3.7590","3.7590","","-0.22%"
"05/14/1998","3.7672","3.7672","3.7672","3.7672","","0.05%"
"05/13/1998","3.7653","3.7653","3.7653","3.7653","","0.39%"
"05/12/1998","3.7506","3.7506","3.7506","3.7506","","0.21%"
"05/11/1998","3.7427","3.7427","3.7427","3.7427","","-0.08%"
"05/08/1998","3.7457","3.7457","3.7457","3.7457","","-0.44%"
"05/07/1998","3.7624","3.7624","3.7624","3.7624","","0.39%"
"05/06/1998","3.7479","3.7479","3.7479","3.7479","","0.04%"
"05/05/1998","3.7464","3.7464","3.7464","3.7464","","-0.01%"
"05/04/1998","3.7466","3.7466","3.7466","3.7466","","-0.39%"
"05/01/1998","3.7612","3.7612","3.7612","3.7612","","0.61%"
"04/30/1998","3.7385","3.7385","3.7385","3.7385","","-0.13%"
"04/29/1998","3.7435","3.7435","3.7435","3.7435","","-0.11%"
"04/28/1998","3.7477","3.7477","3.7477","3.7477","","0.19%"
"04/27/1998","3.7405","3.7405","3.7405","3.7405","","0.17%"
"04/24/1998","3.7340","3.7340","3.7340","3.7340","","-0.33%"
"04/23/1998","3.7464","3.7464","3.7464","3.7464","","-0.08%"
"04/22/1998","3.7494","3.7494","3.7494","3.7494","","0.35%"
"04/21/1998","3.7362","3.7362","3.7362","3.7362","","0.48%"
"04/20/1998","3.7184","3.7184","3.7184","3.7184","","-0.06%"
"04/17/1998","3.7207","3.7207","3.7207","3.7207","","-0.19%"
"04/16/1998","3.7279","3.7279","3.7279","3.7279","","-0.06%"
"04/15/1998","3.7302","3.7302","3.7302","3.7302","","-0.19%"
"04/14/1998","3.7373","3.7373","3.7373","3.7373","","0.62%"
"04/13/1998","3.7141","3.7141","3.7141","3.7141","","-0.05%"
"04/10/1998","3.7161","3.7161","3.7161","3.7161","","-0.27%"
"04/09/1998","3.7262","3.7262","3.7262","3.7262","","-0.32%"
"04/08/1998","3.7381","3.7381","3.7381","3.7381","","0.41%"
"04/07/1998","3.7230","3.7230","3.7230","3.7230","","-0.02%"
"04/06/1998","3.7239","3.7239","3.7239","3.7239","","0.37%"
"04/03/1998","3.7103","3.7103","3.7103","3.7103","","0.37%"
"04/02/1998","3.6966","3.6966","3.6966","3.6966","","-0.28%"
"04/01/1998","3.7068","3.7068","3.7068","3.7068","","-0.16%"
"03/31/1998","3.7128","3.7128","3.7128","3.7128","","0.31%"
"03/30/1998","3.7014","3.7014","3.7014","3.7014","","-0.36%"
"03/27/1998","3.7149","3.7149","3.7149","3.7149","","-0.54%"
"03/26/1998","3.7352","3.7352","3.7352","3.7352","","0.37%"
"03/25/1998","3.7213","3.7213","3.7213","3.7213","","-0.11%"
"03/24/1998","3.7254","3.7254","3.7254","3.7254","","-0.27%"
"03/23/1998","3.7353","3.7353","3.7353","3.7353","","0.35%"
"03/20/1998","3.7221","3.7221","3.7221","3.7221","","-0.39%"
"03/19/1998","3.7365","3.7365","3.7365","3.7365","","-0.32%"
"03/18/1998","3.7485","3.7485","3.7485","3.7485","","0.15%"
"03/17/1998","3.7427","3.7427","3.7427","3.7427","","-0.34%"
"03/16/1998","3.7554","3.7554","3.7554","3.7554","","0.09%"
"03/13/1998","3.7520","3.7520","3.7520","3.7520","","0.18%"
"03/12/1998","3.7453","3.7453","3.7453","3.7453","","-0.17%"
"03/11/1998","3.7516","3.7516","3.7516","3.7516","","-0.15%"
"03/10/1998","3.7574","3.7574","3.7574","3.7574","","-0.51%"
"03/09/1998","3.7768","3.7768","3.7768","3.7768","","0.02%"
"03/06/1998","3.7761","3.7761","3.7761","3.7761","","0.16%"
"03/05/1998","3.7701","3.7701","3.7701","3.7701","","-0.36%"
"03/04/1998","3.7837","3.7837","3.7837","3.7837","","-0.85%"
"03/03/1998","3.8161","3.8161","3.8161","3.8161","","0.60%"
"03/02/1998","3.7935","3.7935","3.7935","3.7935","","0.26%"
"02/27/1998","3.7837","3.7837","3.7837","3.7837","","-0.21%"
"02/26/1998","3.7915","3.7915","3.7915","3.7915","","-0.41%"
"02/25/1998","3.8070","3.8070","3.8070","3.8070","","-2.03%"
"02/24/1998","3.8857","3.8857","3.8857","3.8857","","-0.01%"
"02/23/1998","3.8859","3.8859","3.8859","3.8859","","0.48%"
"02/20/1998","3.8672","3.8672","3.8672","3.8672","","-0.21%"
"02/19/1998","3.8754","3.8754","3.8754","3.8754","","0.40%"
"02/18/1998","3.8601","3.8601","3.8601","3.8601","","0.15%"
"02/17/1998","3.8544","3.8544","3.8544","3.8544","","-0.21%"
"02/16/1998","3.8624","3.8624","3.8624","3.8624","","0.01%"
"02/13/1998","3.8620","3.8620","3.8620","3.8620","","-0.05%"
"02/12/1998","3.8639","3.8639","3.8639","3.8639","","0.23%"
"02/11/1998","3.8550","3.8550","3.8550","3.8550","","-0.08%"
"02/10/1998","3.8579","3.8579","3.8579","3.8579","","0.39%"
"02/09/1998","3.8431","3.8431","3.8431","3.8431","","-0.02%"
"02/06/1998","3.8437","3.8437","3.8437","3.8437","","-0.41%"
"02/05/1998","3.8595","3.8595","3.8595","3.8595","","0.28%"
"02/04/1998","3.8489","3.8489","3.8489","3.8489","","0.31%"
"02/03/1998","3.8369","3.8369","3.8369","3.8369","","0.05%"
"02/02/1998","3.8351","3.8351","3.8351","3.8351","","0.43%"
"01/30/1998","3.8187","3.8187","3.8187","3.8187","","0.08%"
"01/29/1998","3.8157","3.8157","3.8157","3.8157","","-0.22%"
"01/28/1998","3.8242","3.8242","3.8242","3.8242","","-0.82%"
"01/27/1998","3.8560","3.8560","3.8560","3.8560","","0.08%"
"01/26/1998","3.8528","3.8528","3.8528","3.8528","","-0.40%"
"01/23/1998","3.8684","3.8684","3.8684","3.8684","","0.82%"
"01/22/1998","3.8371","3.8371","3.8371","3.8371","","-0.23%"
"01/21/1998","3.8460","3.8460","3.8460","3.8460","","0.75%"
"01/20/1998","3.8175","3.8175","3.8175","3.8175","","0.12%"
"01/19/1998","3.8131","3.8131","3.8131","3.8131","","-0.14%"
"01/16/1998","3.8185","3.8185","3.8185","3.8185","","-0.34%"
"01/15/1998","3.8315","3.8315","3.8315","3.8315","","-0.01%"
"01/14/1998","3.8318","3.8318","3.8318","3.8318","","-0.20%"
"01/13/1998","3.8394","3.8394","3.8394","3.8394","","-0.03%"
"01/12/1998","3.8405","3.8405","3.8405","3.8405","","0.17%"
"01/09/1998","3.8338","3.8338","3.8338","3.8338","","0.04%"
"01/08/1998","3.8323","3.8323","3.8323","3.8323","","0.15%"
"01/07/1998","3.8266","3.8266","3.8266","3.8266","","0.43%"
"01/06/1998","3.8102","3.8102","3.8102","3.8102","","-0.42%"
"01/05/1998","3.8262","3.8262","3.8262","3.8262","","-0.86%"
"01/02/1998","3.8594","3.8594","3.8594","3.8594","","-0.20%"
"12/31/1997","3.8671","3.8671","3.8671","3.8671","","-0.30%"
"12/30/1997","3.8789","3.8789","3.8789","3.8789","","1.00%"
"12/29/1997","3.8406","3.8406","3.8406","3.8406","","-1.42%"
"12/26/1997","3.8959","3.8959","3.8959","3.8959","","-0.03%"
"12/25/1997","3.8969","3.8969","3.8969","3.8969","","0.04%"
"12/24/1997","3.8955","3.8955","3.8955","3.8955","","0.04%"
"12/23/1997","3.8939","3.8939","3.8939","3.8939","","0.63%"
"12/22/1997","3.8695","3.8695","3.8695","3.8695","","-0.51%"
"12/19/1997","3.8895","3.8895","3.8895","3.8895","","-0.23%"
"12/18/1997","3.8984","3.8984","3.8984","3.8984","","0.43%"
"12/17/1997","3.8819","3.8819","3.8819","3.8819","","-0.86%"
"12/16/1997","3.9154","3.9154","3.9154","3.9154","","-0.58%"
"12/15/1997","3.9384","3.9384","3.9384","3.9384","","-0.35%"
"12/12/1997","3.9524","3.9524","3.9524","3.9524","","-0.44%"
"12/11/1997","3.9698","3.9698","3.9698","3.9698","","1.28%"
"12/10/1997","3.9195","3.9195","3.9195","3.9195","","-0.12%"
"12/09/1997","3.9243","3.9243","3.9243","3.9243","","-0.23%"
"12/08/1997","3.9332","3.9332","3.9332","3.9332","","-0.42%"
"12/05/1997","3.9496","3.9496","3.9496","3.9496","","-0.33%"
"12/04/1997","3.9628","3.9628","3.9628","3.9628","","0.17%"
"12/03/1997","3.9562","3.9562","3.9562","3.9562","","-0.04%"
"12/02/1997","3.9578","3.9578","3.9578","3.9578","","-0.40%"
"12/01/1997","3.9738","3.9738","3.9738","3.9738","","0.34%"
"11/28/1997","3.9602","3.9602","3.9602","3.9602","","-0.07%"
"11/27/1997","3.9630","3.9630","3.9630","3.9630","","-0.03%"
"11/26/1997","3.9643","3.9643","3.9643","3.9643","","-0.50%"
"11/25/1997","3.9844","3.9844","3.9844","3.9844","","-0.72%"
"11/24/1997","4.0133","4.0133","4.0133","4.0133","","0.00%"
"11/21/1997","4.0134","4.0134","4.0134","4.0134","","0.24%"
"11/20/1997","4.0037","4.0037","4.0037","4.0037","","-0.09%"
"11/19/1997","4.0074","4.0074","4.0074","4.0074","","0.30%"
"11/18/1997","3.9954","3.9954","3.9954","3.9954","","-0.23%"
"11/17/1997","4.0045","4.0045","4.0045","4.0045","","0.73%"
"11/14/1997","3.9754","3.9754","3.9754","3.9754","","-1.03%"
"11/13/1997","4.0166","4.0166","4.0166","4.0166","","-0.26%"
"11/12/1997","4.0271","4.0271","4.0271","4.0271","","-0.57%"
"11/11/1997","4.0500","4.0500","4.0500","4.0500","","-0.17%"
"11/10/1997","4.0570","4.0570","4.0570","4.0570","","0.32%"
"11/07/1997","4.0439","4.0439","4.0439","4.0439","","1.64%"
"11/06/1997","3.9787","3.9787","3.9787","3.9787","","0.38%"
"11/05/1997","3.9636","3.9636","3.9636","3.9636","","0.94%"
"11/04/1997","3.9267","3.9267","3.9267","3.9267","","0.75%"
"11/03/1997","3.8974","3.8974","3.8974","3.8974","","-1.97%"
"10/31/1997","3.9759","3.9759","3.9759","3.9759","","-0.60%"
"10/30/1997","4.0000","4.0000","4.0000","4.0000","","0.93%"
"10/29/1997","3.9632","3.9632","3.9632","3.9632","","-0.45%"
"10/28/1997","3.9811","3.9811","3.9811","3.9811","","2.13%"
"10/27/1997","3.8979","3.8979","3.8979","3.8979","","2.70%"
"10/24/1997","3.7955","3.7955","3.7955","3.7955","","-0.73%"
"10/23/1997","3.8234","3.8234","3.8234","3.8234","","1.65%"
"10/22/1997","3.7612","3.7612","3.7612","3.7612","","0.18%"
"10/21/1997","3.7545","3.7545","3.7545","3.7545","","-0.58%"
"10/20/1997","3.7765","3.7765","3.7765","3.7765","","-0.21%"
"10/17/1997","3.7846","3.7846","3.7846","3.7846","","-0.59%"
"10/16/1997","3.8070","3.8070","3.8070","3.8070","","0.01%"
"10/15/1997","3.8066","3.8066","3.8066","3.8066","","0.28%"
"10/14/1997","3.7958","3.7958","3.7958","3.7958","","-0.07%"
"10/13/1997","3.7985","3.7985","3.7985","3.7985","","0.17%"
"10/10/1997","3.7921","3.7921","3.7921","3.7921","","-0.25%"
"10/09/1997","3.8017","3.8017","3.8017","3.8017","","-0.24%"
"10/08/1997","3.8109","3.8109","3.8109","3.8109","","0.28%"
"10/07/1997","3.8004","3.8004","3.8004","3.8004","","-0.23%"
"10/06/1997","3.8092","3.8092","3.8092","3.8092","","0.12%"
"10/03/1997","3.8047","3.8047","3.8047","3.8047","","0.59%"
"10/02/1997","3.7823","3.7823","3.7823","3.7823","","-0.07%"
"10/01/1997","3.7850","3.7850","3.7850","3.7850","","-0.33%"
"09/30/1997","3.7975","3.7975","3.7975","3.7975","","0.22%"
"09/29/1997","3.7891","3.7891","3.7891","3.7891","","-0.14%"
"09/26/1997","3.7946","3.7946","3.7946","3.7946","","-0.18%"
"09/25/1997","3.8015","3.8015","3.8015","3.8015","","0.66%"
"09/24/1997","3.7766","3.7766","3.7766","3.7766","","0.29%"
"09/23/1997","3.7657","3.7657","3.7657","3.7657","","-0.15%"
"09/22/1997","3.7713","3.7713","3.7713","3.7713","","-0.02%"
"09/19/1997","3.7719","3.7719","3.7719","3.7719","","0.17%"
"09/18/1997","3.7655","3.7655","3.7655","3.7655","","-0.50%"
"09/17/1997","3.7844","3.7844","3.7844","3.7844","","-0.29%"
"09/16/1997","3.7953","3.7953","3.7953","3.7953","","-0.21%"
"09/15/1997","3.8032","3.8032","3.8032","3.8032","","-0.31%"
"09/12/1997","3.8149","3.8149","3.8149","3.8149","","-0.28%"
"09/11/1997","3.8257","3.8257","3.8257","3.8257","","0.70%"
"09/10/1997","3.7991","3.7991","3.7991","3.7991","","0.17%"
"09/09/1997","3.7928","3.7928","3.7928","3.7928","","-0.32%"
"09/08/1997","3.8050","3.8050","3.8050","3.8050","","-0.03%"
"09/05/1997","3.8062","3.8062","3.8062","3.8062","","0.51%"
"09/04/1997","3.7869","3.7869","3.7869","3.7869","","0.47%"
"09/03/1997","3.7693","3.7693","3.7693","3.7693","","0.35%"
"09/02/1997","3.7560","3.7560","3.7560","3.7560","","-0.45%"
"09/01/1997","3.7731","3.7731","3.7731","3.7731","","-0.11%"
"08/29/1997","3.7773","3.7773","3.7773","3.7773","","-0.53%"
"08/28/1997","3.7974","3.7974","3.7974","3.7974","","0.65%"
"08/27/1997","3.7727","3.7727","3.7727","3.7727","","0.03%"
"08/26/1997","3.7716","3.7716","3.7716","3.7716","","0.61%"
"08/25/1997","3.7486","3.7486","3.7486","3.7486","","-0.10%"
"08/22/1997","3.7522","3.7522","3.7522","3.7522","","0.30%"
"08/21/1997","3.7410","3.7410","3.7410","3.7410","","0.49%"
"08/20/1997","3.7227","3.7227","3.7227","3.7227","","-0.26%"
"08/19/1997","3.7324","3.7324","3.7324","3.7324","","0.45%"
"08/18/1997","3.7157","3.7157","3.7157","3.7157","","-1.42%"
"08/15/1997","3.7694","3.7694","3.7694","3.7694","","1.41%"
"08/14/1997","3.7171","3.7171","3.7171","3.7171","","-0.13%"
"08/13/1997","3.7219","3.7219","3.7219","3.7219","","0.92%"
"08/12/1997","3.6879","3.6879","3.6879","3.6879","","0.51%"
"08/11/1997","3.6692","3.6692","3.6692","3.6692","","-0.90%"
"08/08/1997","3.7026","3.7026","3.7026","3.7026","","0.40%"
"08/07/1997","3.6880","3.6880","3.6880","3.6880","","0.91%"
"08/06/1997","3.6547","3.6547","3.6547","3.6547","","-0.10%"
"08/05/1997","3.6582","3.6582","3.6582","3.6582","","-0.21%"
"08/04/1997","3.6660","3.6660","3.6660","3.6660","","-0.22%"
"08/01/1997","3.6739","3.6739","3.6739","3.6739","","-1.11%"
"07/31/1997","3.7151","3.7151","3.7151","3.7151","","-0.07%"
"07/30/1997","3.7176","3.7176","3.7176","3.7176","","0.02%"
"07/29/1997","3.7169","3.7169","3.7169","3.7169","","0.08%"
"07/28/1997","3.7139","3.7139","3.7139","3.7139","","0.43%"
"07/25/1997","3.6980","3.6980","3.6980","3.6980","","-0.54%"
"07/24/1997","3.7182","3.7182","3.7182","3.7182","","-0.16%"
"07/23/1997","3.7241","3.7241","3.7241","3.7241","","-1.05%"
"07/22/1997","3.7636","3.7636","3.7636","3.7636","","-1.22%"
"07/21/1997","3.8102","3.8102","3.8102","3.8102","","-0.36%"
"07/18/1997","3.8239","3.8239","3.8239","3.8239","","-0.42%"
"07/17/1997","3.8400","3.8400","3.8400","3.8400","","1.67%"
"07/16/1997","3.7771","3.7771","3.7771","3.7771","","-2.37%"
"07/15/1997","3.8689","3.8689","3.8689","3.8689","","4.06%"
"07/14/1997","3.7178","3.7178","3.7178","3.7178","","1.07%"
"07/11/1997","3.6785","3.6785","3.6785","3.6785","","-0.75%"
"07/10/1997","3.7063","3.7063","3.7063","3.7063","","0.34%"
"07/09/1997","3.6939","3.6939","3.6939","3.6939","","0.20%"
"07/08/1997","3.6866","3.6866","3.6866","3.6866","","0.42%"
"07/07/1997","3.6710","3.6710","3.6710","3.6710","","-0.87%"
"07/04/1997","3.7031","3.7031","3.7031","3.7031","","0.09%"
"07/03/1997","3.6998","3.6998","3.6998","3.6998","","0.34%"
"07/02/1997","3.6874","3.6874","3.6874","3.6874","","0.06%"
"07/01/1997","3.6851","3.6851","3.6851","3.6851","","-0.39%"
"06/30/1997","3.6996","3.6996","3.6996","3.6996","","0.49%"
"06/27/1997","3.6817","3.6817","3.6817","3.6817","","-0.10%"
"06/26/1997","3.6854","3.6854","3.6854","3.6854","","0.27%"
"06/25/1997","3.6755","3.6755","3.6755","3.6755","","0.02%"
"06/24/1997","3.6746","3.6746","3.6746","3.6746","","-0.46%"
"06/23/1997","3.6915","3.6915","3.6915","3.6915","","0.59%"
"06/20/1997","3.6699","3.6699","3.6699","3.6699","","0.10%"
"06/19/1997","3.6664","3.6664","3.6664","3.6664","","0.56%"
"06/18/1997","3.6461","3.6461","3.6461","3.6461","","-0.57%"
"06/17/1997","3.6669","3.6669","3.6669","3.6669","","0.38%"
"06/16/1997","3.6529","3.6529","3.6529","3.6529","","0.21%"
"06/13/1997","3.6452","3.6452","3.6452","3.6452","","0.12%"
"06/12/1997","3.6409","3.6409","3.6409","3.6409","","-0.22%"
"06/11/1997","3.6488","3.6488","3.6488","3.6488","","0.08%"
"06/10/1997","3.6460","3.6460","3.6460","3.6460","","-0.42%"
"06/09/1997","3.6614","3.6614","3.6614","3.6614","","0.51%"
"06/06/1997","3.6428","3.6428","3.6428","3.6428","","0.07%"
"06/05/1997","3.6404","3.6404","3.6404","3.6404","","0.04%"
"06/04/1997","3.6391","3.6391","3.6391","3.6391","","0.05%"
"06/03/1997","3.6372","3.6372","3.6372","3.6372","","0.21%"
"06/02/1997","3.6297","3.6297","3.6297","3.6297","","-0.62%"
"05/30/1997","3.6525","3.6525","3.6525","3.6525","","-0.13%"
"05/29/1997","3.6572","3.6572","3.6572","3.6572","","-0.03%"
"05/28/1997","3.6582","3.6582","3.6582","3.6582","","-0.77%"
"05/27/1997","3.6865","3.6865","3.6865","3.6865","","-0.26%"
"05/26/1997","3.6962","3.6962","3.6962","3.6962","","0.32%"
"05/23/1997","3.6845","3.6845","3.6845","3.6845","","-0.36%"
"05/22/1997","3.6979","3.6979","3.6979","3.6979","","1.84%"
"05/21/1997","3.6310","3.6310","3.6310","3.6310","","-0.77%"
"05/20/1997","3.6592","3.6592","3.6592","3.6592","","1.45%"
"05/19/1997","3.6070","3.6070","3.6070","3.6070","","-0.37%"
"05/16/1997","3.6205","3.6205","3.6205","3.6205","","0.24%"
"05/15/1997","3.6119","3.6119","3.6119","3.6119","","-0.37%"
"05/14/1997","3.6254","3.6254","3.6254","3.6254","","0.25%"
"05/13/1997","3.6163","3.6163","3.6163","3.6163","","0.86%"
"05/12/1997","3.5854","3.5854","3.5854","3.5854","","-0.71%"
"05/09/1997","3.6110","3.6110","3.6110","3.6110","","0.52%"
"05/08/1997","3.5923","3.5923","3.5923","3.5923","","0.66%"
"05/07/1997","3.5688","3.5688","3.5688","3.5688","","0.02%"
"05/06/1997","3.5680","3.5680","3.5680","3.5680","","0.24%"
"05/05/1997","3.5594","3.5594","3.5594","3.5594","","-0.03%"
"05/02/1997","3.5603","3.5603","3.5603","3.5603","","-0.45%"
"05/01/1997","3.5765","3.5765","3.5765","3.5765","","0.54%"
"04/30/1997","3.5573","3.5573","3.5573","3.5573","","-0.33%"
"04/29/1997","3.5691","3.5691","3.5691","3.5691","","0.33%"
"04/28/1997","3.5572","3.5572","3.5572","3.5572","","0.17%"
"04/25/1997","3.5512","3.5512","3.5512","3.5512","","-0.44%"
"04/24/1997","3.5669","3.5669","3.5669","3.5669","","-0.06%"
"04/23/1997","3.5689","3.5689","3.5689","3.5689","","0.32%"
"04/22/1997","3.5574","3.5574","3.5574","3.5574","","-0.64%"
"04/21/1997","3.5804","3.5804","3.5804","3.5804","","0.20%"
"04/18/1997","3.5732","3.5732","3.5732","3.5732","","0.40%"
"04/17/1997","3.5588","3.5588","3.5588","3.5588","","0.95%"
"04/16/1997","3.5252","3.5252","3.5252","3.5252","","-0.37%"
"04/15/1997","3.5383","3.5383","3.5383","3.5383","","0.35%"
"04/14/1997","3.5260","3.5260","3.5260","3.5260","","-0.35%"
"04/11/1997","3.5384","3.5384","3.5384","3.5384","","0.18%"
"04/10/1997","3.5320","3.5320","3.5320","3.5320","","0.15%"
"04/09/1997","3.5268","3.5268","3.5268","3.5268","","-0.24%"
"04/08/1997","3.5353","3.5353","3.5353","3.5353","","-0.19%"
"04/07/1997","3.5419","3.5419","3.5419","3.5419","","-0.23%"
"04/04/1997","3.5502","3.5502","3.5502","3.5502","","-0.57%"
"04/03/1997","3.5707","3.5707","3.5707","3.5707","","0.29%"
"04/02/1997","3.5602","3.5602","3.5602","3.5602","","-0.34%"
"04/01/1997","3.5724","3.5724","3.5724","3.5724","","-0.30%"
"03/31/1997","3.5831","3.5831","3.5831","3.5831","","0.72%"
"03/28/1997","3.5575","3.5575","3.5575","3.5575","","-0.30%"
"03/27/1997","3.5681","3.5681","3.5681","3.5681","","0.44%"
"03/26/1997","3.5523","3.5523","3.5523","3.5523","","0.29%"
"03/25/1997","3.5421","3.5421","3.5421","3.5421","","0.01%"
"03/24/1997","3.5418","3.5418","3.5418","3.5418","","-0.03%"
"03/21/1997","3.5427","3.5427","3.5427","3.5427","","0.52%"
"03/20/1997","3.5244","3.5244","3.5244","3.5244","","-0.39%"
"03/19/1997","3.5383","3.5383","3.5383","3.5383","","-0.04%"
"03/18/1997","3.5397","3.5397","3.5397","3.5397","","0.45%"
"03/17/1997","3.5239","3.5239","3.5239","3.5239","","0.03%"
"03/14/1997","3.5229","3.5229","3.5229","3.5229","","0.23%"
"03/13/1997","3.5147","3.5147","3.5147","3.5147","","-0.04%"
"03/12/1997","3.5161","3.5161","3.5161","3.5161","","0.04%"
"03/11/1997","3.5148","3.5148","3.5148","3.5148","","0.04%"
"03/10/1997","3.5133","3.5133","3.5133","3.5133","","0.27%"
"03/07/1997","3.5038","3.5038","3.5038","3.5038","","0.14%"
"03/06/1997","3.4989","3.4989","3.4989","3.4989","","0.24%"
"03/05/1997","3.4904","3.4904","3.4904","3.4904","","-0.03%"
"03/04/1997","3.4915","3.4915","3.4915","3.4915","","-0.07%"
"03/03/1997","3.4939","3.4939","3.4939","3.4939","","-0.33%"
"02/28/1997","3.5054","3.5054","3.5054","3.5054","","-0.11%"
"02/27/1997","3.5094","3.5094","3.5094","3.5094","","0.02%"
"02/26/1997","3.5086","3.5086","3.5086","3.5086","","-0.53%"
"02/25/1997","3.5273","3.5273","3.5273","3.5273","","0.29%"
"02/24/1997","3.5170","3.5170","3.5170","3.5170","","0.62%"
"02/21/1997","3.4954","3.4954","3.4954","3.4954","","-0.32%"
"02/20/1997","3.5065","3.5065","3.5065","3.5065","","0.90%"
"02/19/1997","3.4753","3.4753","3.4753","3.4753","","-0.06%"
"02/18/1997","3.4773","3.4773","3.4773","3.4773","","0.02%"
"02/17/1997","3.4765","3.4765","3.4765","3.4765","","-0.12%"
"02/14/1997","3.4808","3.4808","3.4808","3.4808","","-0.63%"
"02/13/1997","3.5027","3.5027","3.5027","3.5027","","0.26%"
"02/12/1997","3.4935","3.4935","3.4935","3.4935","","0.10%"
"02/11/1997","3.4899","3.4899","3.4899","3.4899","","-0.84%"
"02/10/1997","3.5195","3.5195","3.5195","3.5195","","-0.30%"
"02/07/1997","3.5302","3.5302","3.5302","3.5302","","0.22%"
"02/06/1997","3.5223","3.5223","3.5223","3.5223","","-0.44%"
"02/05/1997","3.5379","3.5379","3.5379","3.5379","","0.15%"
"02/04/1997","3.5327","3.5327","3.5327","3.5327","","-0.34%"
"02/03/1997","3.5446","3.5446","3.5446","3.5446","","0.21%"
"01/31/1997","3.5373","3.5373","3.5373","3.5373","","-0.19%"
"01/30/1997","3.5439","3.5439","3.5439","3.5439","","0.20%"
"01/29/1997","3.5367","3.5367","3.5367","3.5367","","0.02%"
"01/28/1997","3.5360","3.5360","3.5360","3.5360","","-0.43%"
"01/27/1997","3.5513","3.5513","3.5513","3.5513","","0.09%"
"01/24/1997","3.5480","3.5480","3.5480","3.5480","","1.03%"
"01/23/1997","3.5120","3.5120","3.5120","3.5120","","0.13%"
"01/22/1997","3.5076","3.5076","3.5076","3.5076","","-0.05%"
"01/21/1997","3.5094","3.5094","3.5094","3.5094","","-0.35%"
"01/20/1997","3.5218","3.5218","3.5218","3.5218","","0.45%"
"01/17/1997","3.5060","3.5060","3.5060","3.5060","","-0.91%"
"01/16/1997","3.5383","3.5383","3.5383","3.5383","","-0.32%"
"01/15/1997","3.5497","3.5497","3.5497","3.5497","","0.05%"
"01/14/1997","3.5481","3.5481","3.5481","3.5481","","-0.13%"
"01/13/1997","3.5528","3.5528","3.5528","3.5528","","0.00%"
"01/10/1997","3.5529","3.5529","3.5529","3.5529","","-0.45%"
"01/09/1997","3.5690","3.5690","3.5690","3.5690","","0.22%"
"01/08/1997","3.5613","3.5613","3.5613","3.5613","","-0.23%"
"01/07/1997","3.5694","3.5694","3.5694","3.5694","","0.11%"
"01/06/1997","3.5653","3.5653","3.5653","3.5653","","0.56%"
"01/03/1997","3.5456","3.5456","3.5456","3.5456","","-1.16%"
"01/02/1997","3.5872","3.5872","3.5872","3.5872","","-0.16%"
"12/31/1996","3.5931","3.5931","3.5931","3.5931","","0.81%"
"12/30/1996","3.5641","3.5641","3.5641","3.5641","","0.28%"
"12/27/1996","3.5542","3.5542","3.5542","3.5542","","0.09%"
"12/26/1996","3.5511","3.5511","3.5511","3.5511","","0.10%"
"12/25/1996","3.5477","3.5477","3.5477","3.5477","","0.00%"
"12/24/1996","3.5477","3.5477","3.5477","3.5477","","0.16%"
"12/23/1996","3.5420","3.5420","3.5420","3.5420","","-0.04%"
"12/20/1996","3.5433","3.5433","3.5433","3.5433","","0.39%"
"12/19/1996","3.5296","3.5296","3.5296","3.5296","","-0.33%"
"12/18/1996","3.5414","3.5414","3.5414","3.5414","","0.09%"
"12/17/1996","3.5383","3.5383","3.5383","3.5383","","-0.70%"
"12/16/1996","3.5631","3.5631","3.5631","3.5631","","0.43%"
"12/13/1996","3.5480","3.5480","3.5480","3.5480","","-0.38%"
"12/12/1996","3.5616","3.5616","3.5616","3.5616","","0.02%"
"12/11/1996","3.5610","3.5610","3.5610","3.5610","","0.47%"
"12/10/1996","3.5442","3.5442","3.5442","3.5442","","-0.06%"
"12/09/1996","3.5465","3.5465","3.5465","3.5465","","-0.10%"
"12/06/1996","3.5499","3.5499","3.5499","3.5499","","-0.01%"
"12/05/1996","3.5501","3.5501","3.5501","3.5501","","0.12%"
"12/04/1996","3.5459","3.5459","3.5459","3.5459","","-0.30%"
"12/03/1996","3.5564","3.5564","3.5564","3.5564","","0.01%"
"12/02/1996","3.5561","3.5561","3.5561","3.5561","","-0.49%"
"11/29/1996","3.5737","3.5737","3.5737","3.5737","","-0.29%"
"11/28/1996","3.5841","3.5841","3.5841","3.5841","","0.22%"
"11/27/1996","3.5762","3.5762","3.5762","3.5762","","-0.26%"
"11/26/1996","3.5856","3.5856","3.5856","3.5856","","0.17%"
"11/25/1996","3.5796","3.5796","3.5796","3.5796","","-0.14%"
"11/22/1996","3.5847","3.5847","3.5847","3.5847","","-0.38%"
"11/21/1996","3.5983","3.5983","3.5983","3.5983","","-0.04%"
"11/20/1996","3.5998","3.5998","3.5998","3.5998","","0.45%"
"11/19/1996","3.5837","3.5837","3.5837","3.5837","","-0.15%"
"11/18/1996","3.5892","3.5892","3.5892","3.5892","","0.37%"
"11/15/1996","3.5759","3.5759","3.5759","3.5759","","0.27%"
"11/14/1996","3.5664","3.5664","3.5664","3.5664","","0.05%"
"11/13/1996","3.5647","3.5647","3.5647","3.5647","","0.21%"
"11/12/1996","3.5574","3.5574","3.5574","3.5574","","-0.63%"
"11/11/1996","3.5801","3.5801","3.5801","3.5801","","0.49%"
"11/08/1996","3.5625","3.5625","3.5625","3.5625","","0.06%"
"11/07/1996","3.5602","3.5602","3.5602","3.5602","","0.24%"
"11/06/1996","3.5518","3.5518","3.5518","3.5518","","0.01%"
"11/05/1996","3.5513","3.5513","3.5513","3.5513","","-0.25%"
"11/04/1996","3.5603","3.5603","3.5603","3.5603","","0.08%"
"11/01/1996","3.5576","3.5576","3.5576","3.5576","","0.05%"
"10/31/1996","3.5557","3.5557","3.5557","3.5557","","-0.29%"
"10/30/1996","3.5661","3.5661","3.5661","3.5661","","0.26%"
"10/29/1996","3.5568","3.5568","3.5568","3.5568","","0.26%"
"10/28/1996","3.5474","3.5474","3.5474","3.5474","","-0.14%"
"10/25/1996","3.5522","3.5522","3.5522","3.5522","","-0.06%"
"10/24/1996","3.5545","3.5545","3.5545","3.5545","","0.39%"
"10/23/1996","3.5408","3.5408","3.5408","3.5408","","0.27%"
"10/22/1996","3.5314","3.5314","3.5314","3.5314","","-0.09%"
"10/21/1996","3.5347","3.5347","3.5347","3.5347","","-0.05%"
"10/18/1996","3.5364","3.5364","3.5364","3.5364","","0.43%"
"10/17/1996","3.5213","3.5213","3.5213","3.5213","","-0.10%"
"10/16/1996","3.5247","3.5247","3.5247","3.5247","","0.12%"
"10/15/1996","3.5206","3.5206","3.5206","3.5206","","-0.14%"
"10/14/1996","3.5254","3.5254","3.5254","3.5254","","0.11%"
"10/11/1996","3.5216","3.5216","3.5216","3.5216","","0.36%"
"10/10/1996","3.5090","3.5090","3.5090","3.5090","","-0.08%"
"10/09/1996","3.5117","3.5117","3.5117","3.5117","","0.02%"
"10/08/1996","3.5110","3.5110","3.5110","3.5110","","-0.11%"
"10/07/1996","3.5147","3.5147","3.5147","3.5147","","0.12%"
"10/04/1996","3.5104","3.5104","3.5104","3.5104","","0.12%"
"10/03/1996","3.5061","3.5061","3.5061","3.5061","","-0.04%"
"10/02/1996","3.5074","3.5074","3.5074","3.5074","","0.22%"
"10/01/1996","3.4996","3.4996","3.4996","3.4996","","-0.18%"
"09/30/1996","3.5060","3.5060","3.5060","3.5060","","0.20%"
"09/27/1996","3.4990","3.4990","3.4990","3.4990","","-0.39%"
"09/26/1996","3.5128","3.5128","3.5128","3.5128","","0.05%"
"09/25/1996","3.5111","3.5111","3.5111","3.5111","","-0.15%"
"09/24/1996","3.5163","3.5163","3.5163","3.5163","","0.33%"
"09/23/1996","3.5046","3.5046","3.5046","3.5046","","0.23%"
"09/20/1996","3.4965","3.4965","3.4965","3.4965","","0.16%"
"09/19/1996","3.4908","3.4908","3.4908","3.4908","","0.19%"
"09/18/1996","3.4842","3.4842","3.4842","3.4842","","0.01%"
"09/17/1996","3.4837","3.4837","3.4837","3.4837","","-0.14%"
"09/16/1996","3.4886","3.4886","3.4886","3.4886","","0.21%"
"09/13/1996","3.4813","3.4813","3.4813","3.4813","","-0.06%"
"09/12/1996","3.4833","3.4833","3.4833","3.4833","","0.01%"
"09/11/1996","3.4828","3.4828","3.4828","3.4828","","0.02%"
"09/10/1996","3.4820","3.4820","3.4820","3.4820","","-0.25%"
"09/09/1996","3.4906","3.4906","3.4906","3.4906","","0.13%"
"09/06/1996","3.4861","3.4861","3.4861","3.4861","","-0.18%"
"09/05/1996","3.4925","3.4925","3.4925","3.4925","","-0.07%"
"09/04/1996","3.4949","3.4949","3.4949","3.4949","","0.22%"
"09/03/1996","3.4873","3.4873","3.4873","3.4873","","0.22%"
"09/02/1996","3.4796","3.4796","3.4796","3.4796","","-0.11%"
"08/30/1996","3.4836","3.4836","3.4836","3.4836","","-0.02%"
"08/29/1996","3.4842","3.4842","3.4842","3.4842","","0.10%"
"08/28/1996","3.4808","3.4808","3.4808","3.4808","","0.21%"
"08/27/1996","3.4734","3.4734","3.4734","3.4734","","0.07%"
"08/26/1996","3.4711","3.4711","3.4711","3.4711","","0.01%"
"08/23/1996","3.4707","3.4707","3.4707","3.4707","","0.35%"
"08/22/1996","3.4587","3.4587","3.4587","3.4587","","-0.12%"
"08/21/1996","3.4629","3.4629","3.4629","3.4629","","0.08%"
"08/20/1996","3.4600","3.4600","3.4600","3.4600","","0.04%"
"08/19/1996","3.4585","3.4585","3.4585","3.4585","","-0.13%"
"08/16/1996","3.4630","3.4630","3.4630","3.4630","","0.09%"
"08/15/1996","3.4600","3.4600","3.4600","3.4600","","0.23%"
"08/14/1996","3.4521","3.4521","3.4521","3.4521","","0.00%"
"08/13/1996","3.4520","3.4520","3.4520","3.4520","","0.06%"
"08/12/1996","3.4499","3.4499","3.4499","3.4499","","0.07%"
"08/09/1996","3.4475","3.4475","3.4475","3.4475","","0.18%"
"08/08/1996","3.4414","3.4414","3.4414","3.4414","","0.02%"
"08/07/1996","3.4408","3.4408","3.4408","3.4408","","0.09%"
"08/06/1996","3.4376","3.4376","3.4376","3.4376","","0.02%"
"08/05/1996","3.4369","3.4369","3.4369","3.4369","","-0.03%"
"08/02/1996","3.4378","3.4378","3.4378","3.4378","","-0.10%"
"08/01/1996","3.4411","3.4411","3.4411","3.4411","","-0.30%"
"07/31/1996","3.4516","3.4516","3.4516","3.4516","","0.55%"
"07/30/1996","3.4327","3.4327","3.4327","3.4327","","0.34%"
"07/29/1996","3.4212","3.4212","3.4212","3.4212","","-0.15%"
"07/26/1996","3.4262","3.4262","3.4262","3.4262","","-0.15%"
"07/25/1996","3.4313","3.4313","3.4313","3.4313","","0.57%"
"07/24/1996","3.4118","3.4118","3.4118","3.4118","","-0.33%"
"07/23/1996","3.4231","3.4231","3.4231","3.4231","","-0.33%"
"07/22/1996","3.4345","3.4345","3.4345","3.4345","","0.18%"
"07/19/1996","3.4285","3.4285","3.4285","3.4285","","0.26%"
"07/18/1996","3.4196","3.4196","3.4196","3.4196","","0.29%"
"07/17/1996","3.4098","3.4098","3.4098","3.4098","","-0.53%"
"07/16/1996","3.4278","3.4278","3.4278","3.4278","","0.98%"
"07/15/1996","3.3945","3.3945","3.3945","3.3945","","0.36%"
"07/12/1996","3.3822","3.3822","3.3822","3.3822","","-0.26%"
"07/11/1996","3.3911","3.3911","3.3911","3.3911","","0.19%"
"07/10/1996","3.3848","3.3848","3.3848","3.3848","","0.00%"
"07/09/1996","3.3847","3.3847","3.3847","3.3847","","0.19%"
"07/08/1996","3.3784","3.3784","3.3784","3.3784","","-0.05%"
"07/05/1996","3.3802","3.3802","3.3802","3.3802","","-0.05%"
"07/04/1996","3.3819","3.3819","3.3819","3.3819","","-0.28%"
"07/03/1996","3.3915","3.3915","3.3915","3.3915","","0.07%"
"07/02/1996","3.3890","3.3890","3.3890","3.3890","","0.10%"
"07/01/1996","3.3856","3.3856","3.3856","3.3856","","0.23%"
"06/28/1996","3.3777","3.3777","3.3777","3.3777","","0.07%"
"06/27/1996","3.3754","3.3754","3.3754","3.3754","","0.42%"
"06/26/1996","3.3614","3.3614","3.3614","3.3614","","-0.01%"
"06/25/1996","3.3619","3.3619","3.3619","3.3619","","-0.06%"
"06/24/1996","3.3640","3.3640","3.3640","3.3640","","-0.12%"
"06/21/1996","3.3682","3.3682","3.3682","3.3682","","-0.07%"
"06/20/1996","3.3704","3.3704","3.3704","3.3704","","-0.18%"
"06/19/1996","3.3766","3.3766","3.3766","3.3766","","-0.04%"
"06/18/1996","3.3780","3.3780","3.3780","3.3780","","0.33%"
"06/17/1996","3.3669","3.3669","3.3669","3.3669","","-0.44%"
"06/14/1996","3.3817","3.3817","3.3817","3.3817","","0.27%"
"06/13/1996","3.3727","3.3727","3.3727","3.3727","","0.55%"
"06/12/1996","3.3543","3.3543","3.3543","3.3543","","0.50%"
"06/11/1996","3.3376","3.3376","3.3376","3.3376","","0.14%"
"06/10/1996","3.3331","3.3331","3.3331","3.3331","","-0.07%"
"06/07/1996","3.3353","3.3353","3.3353","3.3353","","-0.17%"
"06/06/1996","3.3410","3.3410","3.3410","3.3410","","0.10%"
"06/05/1996","3.3377","3.3377","3.3377","3.3377","","0.03%"
"06/04/1996","3.3366","3.3366","3.3366","3.3366","","-0.06%"
"06/03/1996","3.3385","3.3385","3.3385","3.3385","","0.66%"
"05/31/1996","3.3166","3.3166","3.3166","3.3166","","-0.41%"
"05/30/1996","3.3304","3.3304","3.3304","3.3304","","0.21%"
"05/29/1996","3.3233","3.3233","3.3233","3.3233","","0.58%"
"05/28/1996","3.3041","3.3041","3.3041","3.3041","","0.08%"
"05/27/1996","3.3014","3.3014","3.3014","3.3014","","0.16%"
"05/24/1996","3.2961","3.2961","3.2961","3.2961","","0.09%"
"05/23/1996","3.2930","3.2930","3.2930","3.2930","","0.35%"
"05/22/1996","3.2816","3.2816","3.2816","3.2816","","0.48%"
"05/21/1996","3.2659","3.2659","3.2659","3.2659","","-0.20%"
"05/20/1996","3.2725","3.2725","3.2725","3.2725","","-0.11%"
"05/17/1996","3.2760","3.2760","3.2760","3.2760","","0.18%"
"05/16/1996","3.2701","3.2701","3.2701","3.2701","","0.26%"
"05/15/1996","3.2616","3.2616","3.2616","3.2616","","-0.02%"
"05/14/1996","3.2622","3.2622","3.2622","3.2622","","0.01%"
"05/13/1996","3.2620","3.2620","3.2620","3.2620","","-0.02%"
"05/10/1996","3.2627","3.2627","3.2627","3.2627","","0.04%"
"05/09/1996","3.2615","3.2615","3.2615","3.2615","","-0.20%"
"05/08/1996","3.2680","3.2680","3.2680","3.2680","","0.33%"
"05/07/1996","3.2571","3.2571","3.2571","3.2571","","-0.15%"
"05/06/1996","3.2620","3.2620","3.2620","3.2620","","-0.24%"
"05/03/1996","3.2699","3.2699","3.2699","3.2699","","0.28%"
"05/02/1996","3.2609","3.2609","3.2609","3.2609","","0.18%"
"05/01/1996","3.2552","3.2552","3.2552","3.2552","","-0.16%"
"04/30/1996","3.2604","3.2604","3.2604","3.2604","","-0.24%"
"04/29/1996","3.2681","3.2681","3.2681","3.2681","","0.30%"
"04/26/1996","3.2584","3.2584","3.2584","3.2584","","0.23%"
"04/25/1996","3.2508","3.2508","3.2508","3.2508","","-0.36%"
"04/24/1996","3.2625","3.2625","3.2625","3.2625","","0.15%"
"04/23/1996","3.2575","3.2575","3.2575","3.2575","","-0.02%"
"04/22/1996","3.2580","3.2580","3.2580","3.2580","","0.24%"
"04/19/1996","3.2502","3.2502","3.2502","3.2502","","-0.70%"
"04/18/1996","3.2732","3.2732","3.2732","3.2732","","0.53%"
"04/17/1996","3.2560","3.2560","3.2560","3.2560","","0.31%"
"04/16/1996","3.2460","3.2460","3.2460","3.2460","","-0.16%"
"04/15/1996","3.2511","3.2511","3.2511","3.2511","","-0.24%"
"04/12/1996","3.2590","3.2590","3.2590","3.2590","","0.18%"
"04/11/1996","3.2531","3.2531","3.2531","3.2531","","-0.09%"
"04/10/1996","3.2560","3.2560","3.2560","3.2560","","0.37%"
"04/09/1996","3.2440","3.2440","3.2440","3.2440","","-0.25%"
"04/08/1996","3.2522","3.2522","3.2522","3.2522","","0.18%"
"04/05/1996","3.2465","3.2465","3.2465","3.2465","","-0.48%"
"04/04/1996","3.2620","3.2620","3.2620","3.2620","","0.58%"
"04/03/1996","3.2432","3.2432","3.2432","3.2432","","-0.05%"
"04/02/1996","3.2447","3.2447","3.2447","3.2447","","0.28%"
"04/01/1996","3.2357","3.2357","3.2357","3.2357","","-0.30%"
"03/29/1996","3.2453","3.2453","3.2453","3.2453","","-0.19%"
"03/28/1996","3.2514","3.2514","3.2514","3.2514","","0.86%"
"03/27/1996","3.2237","3.2237","3.2237","3.2237","","-0.22%"
"03/26/1996","3.2307","3.2307","3.2307","3.2307","","-0.24%"
"03/25/1996","3.2384","3.2384","3.2384","3.2384","","0.28%"
"03/22/1996","3.2295","3.2295","3.2295","3.2295","","0.07%"
"03/21/1996","3.2273","3.2273","3.2273","3.2273","","-0.14%"
"03/20/1996","3.2317","3.2317","3.2317","3.2317","","0.03%"
"03/19/1996","3.2307","3.2307","3.2307","3.2307","","0.30%"
"03/18/1996","3.2211","3.2211","3.2211","3.2211","","-0.47%"
"03/15/1996","3.2364","3.2364","3.2364","3.2364","","0.25%"
"03/14/1996","3.2283","3.2283","3.2283","3.2283","","0.24%"
"03/13/1996","3.2206","3.2206","3.2206","3.2206","","-0.40%"
"03/12/1996","3.2335","3.2335","3.2335","3.2335","","0.54%"
"03/11/1996","3.2161","3.2161","3.2161","3.2161","","0.04%"
"03/08/1996","3.2149","3.2149","3.2149","3.2149","","-0.43%"
"03/07/1996","3.2287","3.2287","3.2287","3.2287","","0.12%"
"03/06/1996","3.2248","3.2248","3.2248","3.2248","","-0.33%"
"03/05/1996","3.2356","3.2356","3.2356","3.2356","","0.46%"
"03/04/1996","3.2207","3.2207","3.2207","3.2207","","0.29%"
"03/01/1996","3.2113","3.2113","3.2113","3.2113","","0.06%"
"02/29/1996","3.2093","3.2093","3.2093","3.2093","","-0.20%"
"02/28/1996","3.2157","3.2157","3.2157","3.2157","","-0.31%"
"02/27/1996","3.2258","3.2258","3.2258","3.2258","","0.47%"
"02/26/1996","3.2107","3.2107","3.2107","3.2107","","-0.47%"
"02/23/1996","3.2258","3.2258","3.2258","3.2258","","-0.19%"
"02/22/1996","3.2321","3.2321","3.2321","3.2321","","0.49%"
"02/21/1996","3.2164","3.2164","3.2164","3.2164","","0.32%"
"02/20/1996","3.2063","3.2063","3.2063","3.2063","","0.40%"
"02/19/1996","3.1934","3.1934","3.1934","3.1934","","0.28%"
"02/16/1996","3.1846","3.1846","3.1846","3.1846","","0.17%"
"02/15/1996","3.1792","3.1792","3.1792","3.1792","","-0.02%"
"02/14/1996","3.1799","3.1799","3.1799","3.1799","","0.15%"
"02/13/1996","3.1751","3.1751","3.1751","3.1751","","0.25%"
"02/12/1996","3.1673","3.1673","3.1673","3.1673","","0.12%"
"02/09/1996","3.1635","3.1635","3.1635","3.1635","","-0.04%"
"02/08/1996","3.1647","3.1647","3.1647","3.1647","","0.24%"
"02/07/1996","3.1572","3.1572","3.1572","3.1572","","0.29%"
"02/06/1996","3.1481","3.1481","3.1481","3.1481","","-0.52%"
"02/05/1996","3.1644","3.1644","3.1644","3.1644","","0.33%"
"02/02/1996","3.1539","3.1539","3.1539","3.1539","","0.08%"
"02/01/1996","3.1515","3.1515","3.1515","3.1515","","0.23%"
"01/31/1996","3.1442","3.1442","3.1442","3.1442","","0.29%"
"01/30/1996","3.1352","3.1352","3.1352","3.1352","","-0.01%"
"01/29/1996","3.1354","3.1354","3.1354","3.1354","","0.31%"
"01/26/1996","3.1256","3.1256","3.1256","3.1256","","-0.07%"
"01/25/1996","3.1278","3.1278","3.1278","3.1278","","-0.51%"
"01/24/1996","3.1437","3.1437","3.1437","3.1437","","-0.17%"
"01/23/1996","3.1489","3.1489","3.1489","3.1489","","-0.23%"
"01/22/1996","3.1561","3.1561","3.1561","3.1561","","0.23%"
"01/19/1996","3.1489","3.1489","3.1489","3.1489","","-0.34%"
"01/18/1996","3.1596","3.1596","3.1596","3.1596","","-0.02%"
"01/17/1996","3.1601","3.1601","3.1601","3.1601","","-0.07%"
"01/16/1996","3.1622","3.1622","3.1622","3.1622","","-0.89%"
"01/15/1996","3.1906","3.1906","3.1906","3.1906","","-0.10%"
"01/12/1996","3.1938","3.1938","3.1938","3.1938","","-0.29%"
"01/11/1996","3.2032","3.2032","3.2032","3.2032","","-0.34%"
"01/10/1996","3.2142","3.2142","3.2142","3.2142","","0.16%"
"01/09/1996","3.2092","3.2092","3.2092","3.2092","","0.55%"
"01/08/1996","3.1915","3.1915","3.1915","3.1915","","0.24%"
"01/05/1996","3.1838","3.1838","3.1838","3.1838","","-0.19%"
"01/04/1996","3.1898","3.1898","3.1898","3.1898","","1.12%"
"01/03/1996","3.1544","3.1544","3.1544","3.1544","","-0.15%"
"01/02/1996","3.1590","3.1590","3.1590","3.1590","","0.40%"
"12/29/1995","3.1465","3.1465","3.1465","3.1465","","0.05%"
"12/28/1995","3.1448","3.1448","3.1448","3.1448","","-0.27%"
"12/27/1995","3.1534","3.1534","3.1534","3.1534","","-0.26%"
"12/26/1995","3.1616","3.1616","3.1616","3.1616","","0.27%"
"12/25/1995","3.1532","3.1532","3.1532","3.1532","","-0.04%"
"12/22/1995","3.1544","3.1544","3.1544","3.1544","","-2.50%"
"12/21/1995","3.2353","3.2353","3.2353","3.2353","","-0.01%"
"12/20/1995","3.2356","3.2356","3.2356","3.2356","","0.76%"
"12/19/1995","3.2112","3.2112","3.2112","3.2112","","-0.70%"
"12/18/1995","3.2339","3.2339","3.2339","3.2339","","0.37%"
"12/15/1995","3.2220","3.2220","3.2220","3.2220","","0.04%"
"12/14/1995","3.2207","3.2207","3.2207","3.2207","","0.50%"
"12/13/1995","3.2046","3.2046","3.2046","3.2046","","-0.15%"
"12/12/1995","3.2093","3.2093","3.2093","3.2093","","-0.05%"
"12/11/1995","3.2108","3.2108","3.2108","3.2108","","-0.32%"
"12/08/1995","3.2210","3.2210","3.2210","3.2210","","0.37%"
"12/07/1995","3.2092","3.2092","3.2092","3.2092","","-0.35%"
"12/06/1995","3.2206","3.2206","3.2206","3.2206","","-0.32%"
"12/05/1995","3.2308","3.2308","3.2308","3.2308","","0.58%"
"12/04/1995","3.2123","3.2123","3.2123","3.2123","","-0.04%"
"12/01/1995","3.2135","3.2135","3.2135","3.2135","","0.02%"
"11/30/1995","3.2130","3.2130","3.2130","3.2130","","-0.29%"
"11/29/1995","3.2225","3.2225","3.2225","3.2225","","-0.28%"
"11/28/1995","3.2317","3.2317","3.2317","3.2317","","0.36%"
"11/27/1995","3.2201","3.2201","3.2201","3.2201","","-0.11%"
"11/24/1995","3.2236","3.2236","3.2236","3.2236","","0.11%"
"11/23/1995","3.2201","3.2201","3.2201","3.2201","","0.18%"
"11/22/1995","3.2142","3.2142","3.2142","3.2142","","-0.21%"
"11/21/1995","3.2210","3.2210","3.2210","3.2210","","-0.11%"
"11/20/1995","3.2245","3.2245","3.2245","3.2245","","0.01%"
"11/17/1995","3.2241","3.2241","3.2241","3.2241","","0.60%"
"11/16/1995","3.2049","3.2049","3.2049","3.2049","","0.17%"
"11/15/1995","3.1995","3.1995","3.1995","3.1995","","-0.07%"
"11/14/1995","3.2018","3.2018","3.2018","3.2018","","0.76%"
"11/13/1995","3.1777","3.1777","3.1777","3.1777","","0.06%"
"11/10/1995","3.1759","3.1759","3.1759","3.1759","","-1.24%"
"11/09/1995","3.2157","3.2157","3.2157","3.2157","","1.10%"
"11/08/1995","3.1808","3.1808","3.1808","3.1808","","-0.33%"
"11/07/1995","3.1913","3.1913","3.1913","3.1913","","0.33%"
"11/06/1995","3.1809","3.1809","3.1809","3.1809","","0.10%"
"11/03/1995","3.1777","3.1777","3.1777","3.1777","","0.29%"
"11/02/1995","3.1686","3.1686","3.1686","3.1686","","-0.27%"
"11/01/1995","3.1773","3.1773","3.1773","3.1773","","-0.36%"
"10/31/1995","3.1888","3.1888","3.1888","3.1888","","0.05%"
"10/30/1995","3.1871","3.1871","3.1871","3.1871","","0.19%"
"10/27/1995","3.1811","3.1811","3.1811","3.1811","","-0.40%"
"10/26/1995","3.1940","3.1940","3.1940","3.1940","","0.11%"
"10/25/1995","3.1904","3.1904","3.1904","3.1904","","0.27%"
"10/24/1995","3.1819","3.1819","3.1819","3.1819","","0.02%"
"10/23/1995","3.1813","3.1813","3.1813","3.1813","","0.07%"
"10/20/1995","3.1792","3.1792","3.1792","3.1792","","-0.32%"
"10/19/1995","3.1893","3.1893","3.1893","3.1893","","0.78%"
"10/18/1995","3.1647","3.1647","3.1647","3.1647","","-0.11%"
"10/17/1995","3.1681","3.1681","3.1681","3.1681","","0.13%"
"10/16/1995","3.1640","3.1640","3.1640","3.1640","","-0.15%"
"10/13/1995","3.1689","3.1689","3.1689","3.1689","","-0.21%"
"10/12/1995","3.1757","3.1757","3.1757","3.1757","","0.68%"
"10/11/1995","3.1544","3.1544","3.1544","3.1544","","0.10%"
"10/10/1995","3.1511","3.1511","3.1511","3.1511","","-0.01%"
"10/09/1995","3.1514","3.1514","3.1514","3.1514","","0.15%"
"10/06/1995","3.1466","3.1466","3.1466","3.1466","","-0.79%"
"10/05/1995","3.1718","3.1718","3.1718","3.1718","","0.40%"
"10/04/1995","3.1591","3.1591","3.1591","3.1591","","0.24%"
"10/03/1995","3.1515","3.1515","3.1515","3.1515","","-0.49%"
"10/02/1995","3.1671","3.1671","3.1671","3.1671","","0.48%"
"09/29/1995","3.1520","3.1520","3.1520","3.1520","","-0.53%"
"09/28/1995","3.1688","3.1688","3.1688","3.1688","","0.08%"
"09/27/1995","3.1662","3.1662","3.1662","3.1662","","0.32%"
"09/26/1995","3.1561","3.1561","3.1561","3.1561","","0.51%"
"09/25/1995","3.1400","3.1400","3.1400","3.1400","","-0.28%"
"09/22/1995","3.1487","3.1487","3.1487","3.1487","","-0.47%"
"09/21/1995","3.1635","3.1635","3.1635","3.1635","","0.60%"
"09/20/1995","3.1446","3.1446","3.1446","3.1446","","0.82%"
"09/19/1995","3.1190","3.1190","3.1190","3.1190","","-0.30%"
"09/18/1995","3.1284","3.1284","3.1284","3.1284","","0.03%"
"09/15/1995","3.1274","3.1274","3.1274","3.1274","","0.22%"
"09/14/1995","3.1204","3.1204","3.1204","3.1204","","0.52%"
"09/13/1995","3.1044","3.1044","3.1044","3.1044","","-0.49%"
"09/12/1995","3.1198","3.1198","3.1198","3.1198","","0.04%"
"09/11/1995","3.1187","3.1187","3.1187","3.1187","","-0.26%"
"09/08/1995","3.1269","3.1269","3.1269","3.1269","","-0.49%"
"09/07/1995","3.1423","3.1423","3.1423","3.1423","","-0.20%"
"09/06/1995","3.1485","3.1485","3.1485","3.1485","","-0.34%"
"09/05/1995","3.1592","3.1592","3.1592","3.1592","","0.32%"
"09/04/1995","3.1491","3.1491","3.1491","3.1491","","-0.10%"
"09/01/1995","3.1524","3.1524","3.1524","3.1524","","0.17%"
"08/31/1995","3.1470","3.1470","3.1470","3.1470","","-0.14%"
"08/30/1995","3.1515","3.1515","3.1515","3.1515","","0.56%"
"08/29/1995","3.1338","3.1338","3.1338","3.1338","","-0.52%"
"08/28/1995","3.1502","3.1502","3.1502","3.1502","","0.22%"
"08/25/1995","3.1433","3.1433","3.1433","3.1433","","-0.28%"
"08/24/1995","3.1521","3.1521","3.1521","3.1521","","0.48%"
"08/23/1995","3.1371","3.1371","3.1371","3.1371","","0.07%"
"08/22/1995","3.1350","3.1350","3.1350","3.1350","","-0.04%"
"08/21/1995","3.1362","3.1362","3.1362","3.1362","","-0.05%"
"08/18/1995","3.1379","3.1379","3.1379","3.1379","","-0.17%"
"08/17/1995","3.1434","3.1434","3.1434","3.1434","","0.09%"
"08/16/1995","3.1405","3.1405","3.1405","3.1405","","1.64%"
"08/15/1995","3.0897","3.0897","3.0897","3.0897","","-2.38%"
"08/14/1995","3.1651","3.1651","3.1651","3.1651","","0.36%"
"08/11/1995","3.1537","3.1537","3.1537","3.1537","","-0.39%"
"08/10/1995","3.1660","3.1660","3.1660","3.1660","","-0.31%"
"08/09/1995","3.1760","3.1760","3.1760","3.1760","","0.24%"
"08/08/1995","3.1684","3.1684","3.1684","3.1684","","0.35%"
"08/07/1995","3.1572","3.1572","3.1572","3.1572","","-0.57%"
"08/04/1995","3.1754","3.1754","3.1754","3.1754","","-0.40%"
"08/03/1995","3.1881","3.1881","3.1881","3.1881","","0.42%"
"08/02/1995","3.1748","3.1748","3.1748","3.1748","","-0.73%"
"08/01/1995","3.1983","3.1983","3.1983","3.1983","","0.79%"
"07/31/1995","3.1731","3.1731","3.1731","3.1731","","-0.30%"
"07/28/1995","3.1828","3.1828","3.1828","3.1828","","0.05%"
"07/27/1995","3.1811","3.1811","3.1811","3.1811","","0.45%"
"07/26/1995","3.1667","3.1667","3.1667","3.1667","","0.13%"
"07/25/1995","3.1626","3.1626","3.1626","3.1626","","-0.12%"
"07/24/1995","3.1663","3.1663","3.1663","3.1663","","0.12%"
"07/21/1995","3.1625","3.1625","3.1625","3.1625","","0.07%"
"07/20/1995","3.1603","3.1603","3.1603","3.1603","","-0.60%"
"07/19/1995","3.1794","3.1794","3.1794","3.1794","","0.78%"
"07/18/1995","3.1547","3.1547","3.1547","3.1547","","0.11%"
"07/17/1995","3.1512","3.1512","3.1512","3.1512","","0.08%"
"07/14/1995","3.1488","3.1488","3.1488","3.1488","","-0.33%"
"07/13/1995","3.1592","3.1592","3.1592","3.1592","","0.77%"
"07/12/1995","3.1350","3.1350","3.1350","3.1350","","0.34%"
"07/11/1995","3.1243","3.1243","3.1243","3.1243","","-0.57%"
"07/10/1995","3.1423","3.1423","3.1423","3.1423","","0.26%"
"07/07/1995","3.1343","3.1343","3.1343","3.1343","","-0.21%"
"07/06/1995","3.1409","3.1409","3.1409","3.1409","","0.28%"
"07/05/1995","3.1321","3.1321","3.1321","3.1321","","0.34%"
"07/04/1995","3.1216","3.1216","3.1216","3.1216","","0.04%"
"07/03/1995","3.1204","3.1204","3.1204","3.1204","","0.12%"
"06/30/1995","3.1166","3.1166","3.1166","3.1166","","-0.77%"
"06/29/1995","3.1408","3.1408","3.1408","3.1408","","1.71%"
"06/28/1995","3.0881","3.0881","3.0881","3.0881","","-0.47%"
"06/27/1995","3.1026","3.1026","3.1026","3.1026","","0.14%"
"06/26/1995","3.0984","3.0984","3.0984","3.0984","","-0.73%"
"06/23/1995","3.1212","3.1212","3.1212","3.1212","","1.13%"
"06/22/1995","3.0864","3.0864","3.0864","3.0864","","-0.63%"
"06/21/1995","3.1060","3.1060","3.1060","3.1060","","0.12%"
"06/20/1995","3.1023","3.1023","3.1023","3.1023","","0.35%"
"06/19/1995","3.0916","3.0916","3.0916","3.0916","","0.29%"
"06/16/1995","3.0827","3.0827","3.0827","3.0827","","0.34%"
"06/15/1995","3.0722","3.0722","3.0722","3.0722","","-0.38%"
"06/14/1995","3.0839","3.0839","3.0839","3.0839","","0.71%"
"06/13/1995","3.0623","3.0623","3.0623","3.0623","","-0.42%"
"06/12/1995","3.0753","3.0753","3.0753","3.0753","","0.39%"
"06/09/1995","3.0635","3.0635","3.0635","3.0635","","-0.77%"
"06/08/1995","3.0872","3.0872","3.0872","3.0872","","0.84%"
"06/07/1995","3.0616","3.0616","3.0616","3.0616","","-0.38%"
"06/06/1995","3.0732","3.0732","3.0732","3.0732","","0.27%"
"06/05/1995","3.0650","3.0650","3.0650","3.0650","","0.94%"
"06/02/1995","3.0364","3.0364","3.0364","3.0364","","-2.05%"
"06/01/1995","3.1001","3.1001","3.1001","3.1001","","1.78%"
"05/31/1995","3.0460","3.0460","3.0460","3.0460","","-0.67%"
"05/30/1995","3.0664","3.0664","3.0664","3.0664","","-0.25%"
"05/29/1995","3.0741","3.0741","3.0741","3.0741","","-0.69%"
"05/26/1995","3.0955","3.0955","3.0955","3.0955","","0.70%"
"05/25/1995","3.0739","3.0739","3.0739","3.0739","","1.91%"
"05/24/1995","3.0162","3.0162","3.0162","3.0162","","0.19%"
"05/23/1995","3.0105","3.0105","3.0105","3.0105","","-1.07%"
"05/22/1995","3.0431","3.0431","3.0431","3.0431","","-1.15%"
"05/19/1995","3.0784","3.0784","3.0784","3.0784","","-0.49%"
"05/18/1995","3.0937","3.0937","3.0937","3.0937","","0.06%"
"05/17/1995","3.0919","3.0919","3.0919","3.0919","","-0.50%"
"05/16/1995","3.1074","3.1074","3.1074","3.1074","","-0.66%"
"05/15/1995","3.1280","3.1280","3.1280","3.1280","","-0.71%"
"05/12/1995","3.1503","3.1503","3.1503","3.1503","","0.39%"
"05/11/1995","3.1382","3.1382","3.1382","3.1382","","-0.73%"
"05/10/1995","3.1612","3.1612","3.1612","3.1612","","0.86%"
"05/09/1995","3.1341","3.1341","3.1341","3.1341","","-0.40%"
"05/08/1995","3.1467","3.1467","3.1467","3.1467","","0.30%"
"05/05/1995","3.1373","3.1373","3.1373","3.1373","","-0.07%"
"05/04/1995","3.1395","3.1395","3.1395","3.1395","","-0.24%"
"05/03/1995","3.1469","3.1469","3.1469","3.1469","","0.37%"
"05/02/1995","3.1353","3.1353","3.1353","3.1353","","0.33%"
"05/01/1995","3.1251","3.1251","3.1251","3.1251","","-0.32%"
"04/28/1995","3.1351","3.1351","3.1351","3.1351","","0.00%"
"04/27/1995","3.1350","3.1350","3.1350","3.1350","","-0.94%"
"04/26/1995","3.1649","3.1649","3.1649","3.1649","","1.07%"
"04/25/1995","3.1314","3.1314","3.1314","3.1314","","0.24%"
"04/24/1995","3.1238","3.1238","3.1238","3.1238","","-0.32%"
"04/21/1995","3.1338","3.1338","3.1338","3.1338","","1.28%"
"04/20/1995","3.0943","3.0943","3.0943","3.0943","","-0.15%"
"04/19/1995","3.0990","3.0990","3.0990","3.0990","","-1.80%"
"04/18/1995","3.1557","3.1557","3.1557","3.1557","","-0.27%"
"04/17/1995","3.1643","3.1643","3.1643","3.1643","","1.40%"
"04/14/1995","3.1207","3.1207","3.1207","3.1207","","-0.27%"
"04/13/1995","3.1293","3.1293","3.1293","3.1293","","0.63%"
"04/12/1995","3.1098","3.1098","3.1098","3.1098","","-0.34%"
"04/11/1995","3.1205","3.1205","3.1205","3.1205","","1.05%"
"04/10/1995","3.0882","3.0882","3.0882","3.0882","","-0.92%"
"04/07/1995","3.1169","3.1169","3.1169","3.1169","","0.30%"
"04/06/1995","3.1076","3.1076","3.1076","3.1076","","0.46%"
"04/05/1995","3.0933","3.0933","3.0933","3.0933","","-0.26%"
"04/04/1995","3.1014","3.1014","3.1014","3.1014","","-0.56%"
"04/03/1995","3.1190","3.1190","3.1190","3.1190","","-0.48%"
"03/31/1995","3.1341","3.1341","3.1341","3.1341","","1.83%"
"03/30/1995","3.0778","3.0778","3.0778","3.0778","","-0.50%"
"03/29/1995","3.0933","3.0933","3.0933","3.0933","","-0.23%"
"03/28/1995","3.1005","3.1005","3.1005","3.1005","","1.10%"
"03/27/1995","3.0668","3.0668","3.0668","3.0668","","0.95%"
"03/24/1995","3.0378","3.0378","3.0378","3.0378","","-0.62%"
"03/23/1995","3.0569","3.0569","3.0569","3.0569","","-0.54%"
"03/22/1995","3.0734","3.0734","3.0734","3.0734","","1.20%"
"03/21/1995","3.0370","3.0370","3.0370","3.0370","","-0.16%"
"03/20/1995","3.0418","3.0418","3.0418","3.0418","","0.05%"
"03/17/1995","3.0404","3.0404","3.0404","3.0404","","-0.86%"
"03/16/1995","3.0667","3.0667","3.0667","3.0667","","-0.55%"
"03/15/1995","3.0837","3.0837","3.0837","3.0837","","1.27%"
"03/14/1995","3.0450","3.0450","3.0450","3.0450","","-0.47%"
"03/13/1995","3.0595","3.0595","3.0595","3.0595","","-0.43%"
"03/10/1995","3.0726","3.0726","3.0726","3.0726","","-0.85%"
"03/09/1995","3.0989","3.0989","3.0989","3.0989","","-0.13%"
"03/08/1995","3.1028","3.1028","3.1028","3.1028","","-0.32%"
"03/07/1995","3.1128","3.1128","3.1128","3.1128","","0.18%"
"03/06/1995","3.1071","3.1071","3.1071","3.1071","","0.30%"
"03/03/1995","3.0979","3.0979","3.0979","3.0979","","-0.44%"
"03/02/1995","3.1116","3.1116","3.1116","3.1116","","1.38%"
"03/01/1995","3.0692","3.0692","3.0692","3.0692","","0.10%"
"02/28/1995","3.0662","3.0662","3.0662","3.0662","","0.56%"
"02/27/1995","3.0491","3.0491","3.0491","3.0491","","-1.05%"
"02/24/1995","3.0816","3.0816","3.0816","3.0816","","0.09%"
"02/23/1995","3.0787","3.0787","3.0787","3.0787","","0.15%"
"02/22/1995","3.0742","3.0742","3.0742","3.0742","","-0.04%"
"02/21/1995","3.0754","3.0754","3.0754","3.0754","","0.37%"
"02/20/1995","3.0640","3.0640","3.0640","3.0640","","-0.04%"
"02/17/1995","3.0651","3.0651","3.0651","3.0651","","0.33%"
"02/16/1995","3.0551","3.0551","3.0551","3.0551","","0.43%"
"02/15/1995","3.0420","3.0420","3.0420","3.0420","","-0.46%"
"02/14/1995","3.0562","3.0562","3.0562","3.0562","","0.91%"
"02/13/1995","3.0287","3.0287","3.0287","3.0287","","-0.14%"
"02/10/1995","3.0329","3.0329","3.0329","3.0329","","0.32%"
"02/09/1995","3.0233","3.0233","3.0233","3.0233","","0.13%"
"02/08/1995","3.0195","3.0195","3.0195","3.0195","","0.02%"
"02/07/1995","3.0189","3.0189","3.0189","3.0189","","0.12%"
"02/06/1995","3.0154","3.0154","3.0154","3.0154","","0.09%"
"02/03/1995","3.0128","3.0128","3.0128","3.0128","","-0.27%"
"02/02/1995","3.0210","3.0210","3.0210","3.0210","","-0.15%"
"02/01/1995","3.0255","3.0255","3.0255","3.0255","","0.71%"
"01/31/1995","3.0043","3.0043","3.0043","3.0043","","-0.66%"
"01/30/1995","3.0242","3.0242","3.0242","3.0242","","0.41%"
"01/27/1995","3.0119","3.0119","3.0119","3.0119","","0.15%"
"01/26/1995","3.0073","3.0073","3.0073","3.0073","","0.11%"
"01/25/1995","3.0041","3.0041","3.0041","3.0041","","-0.29%"
"01/24/1995","3.0127","3.0127","3.0127","3.0127","","0.21%"
"01/23/1995","3.0063","3.0063","3.0063","3.0063","","-0.16%"
"01/20/1995","3.0112","3.0112","3.0112","3.0112","","-0.36%"
"01/19/1995","3.0221","3.0221","3.0221","3.0221","","1.16%"
"01/18/1995","2.9873","2.9873","2.9873","2.9873","","0.05%"
"01/17/1995","2.9858","2.9858","2.9858","2.9858","","-0.15%"
"01/16/1995","2.9903","2.9903","2.9903","2.9903","","-0.12%"
"01/13/1995","2.9939","2.9939","2.9939","2.9939","","-0.52%"
"01/12/1995","3.0096","3.0096","3.0096","3.0096","","0.43%"
"01/11/1995","2.9967","2.9967","2.9967","2.9967","","-0.21%"
"01/10/1995","3.0031","3.0031","3.0031","3.0031","","-0.14%"
"01/09/1995","3.0073","3.0073","3.0073","3.0073","","1.17%"
"01/06/1995","2.9725","2.9725","2.9725","2.9725","","-0.84%"
"01/05/1995","2.9977","2.9977","2.9977","2.9977","","0.26%"
"01/04/1995","2.9899","2.9899","2.9899","2.9899","","-0.06%"
"01/03/1995","2.9917","2.9917","2.9917","2.9917","","0.83%"
"01/02/1995","2.9670","2.9670","2.9670","2.9670","","-0.69%"
"12/30/1994","2.9875","2.9875","2.9875","2.9875","","-0.10%"
"12/29/1994","2.9905","2.9905","2.9905","2.9905","","0.48%"
"12/28/1994","2.9761","2.9761","2.9761","2.9761","","1.10%"
"12/27/1994","2.9438","2.9438","2.9438","2.9438","","0.45%"
"12/26/1994","2.9305","2.9305","2.9305","2.9305","","0.00%"
"12/23/1994","2.9305","2.9305","2.9305","2.9305","","-0.35%"
"12/22/1994","2.9408","2.9408","2.9408","2.9408","","0.60%"
"12/21/1994","2.9232","2.9232","2.9232","2.9232","","-0.56%"
"12/20/1994","2.9398","2.9398","2.9398","2.9398","","0.07%"
"12/19/1994","2.9376","2.9376","2.9376","2.9376","","-0.32%"
"12/16/1994","2.9469","2.9469","2.9469","2.9469","","-0.08%"
"12/15/1994","2.9493","2.9493","2.9493","2.9493","","0.25%"
"12/14/1994","2.9420","2.9420","2.9420","2.9420","","0.20%"
"12/13/1994","2.9362","2.9362","2.9362","2.9362","","-0.12%"
"12/12/1994","2.9397","2.9397","2.9397","2.9397","","-0.12%"
"12/09/1994","2.9431","2.9431","2.9431","2.9431","","0.32%"
"12/08/1994","2.9336","2.9336","2.9336","2.9336","","-0.39%"
"12/07/1994","2.9450","2.9450","2.9450","2.9450","","0.21%"
"12/06/1994","2.9389","2.9389","2.9389","2.9389","","-0.06%"
"12/05/1994","2.9408","2.9408","2.9408","2.9408","","0.54%"
"12/02/1994","2.9250","2.9250","2.9250","2.9250","","-0.15%"
"12/01/1994","2.9294","2.9294","2.9294","2.9294","","-0.10%"
"11/30/1994","2.9322","2.9322","2.9322","2.9322","","0.44%"
"11/29/1994","2.9194","2.9194","2.9194","2.9194","","0.26%"
"11/28/1994","2.9118","2.9118","2.9118","2.9118","","-0.03%"
"11/25/1994","2.9128","2.9128","2.9128","2.9128","","0.05%"
"11/24/1994","2.9112","2.9112","2.9112","2.9112","","0.10%"
"11/23/1994","2.9084","2.9084","2.9084","2.9084","","0.06%"
"11/22/1994","2.9067","2.9067","2.9067","2.9067","","-0.10%"
"11/21/1994","2.9096","2.9096","2.9096","2.9096","","0.05%"
"11/18/1994","2.9082","2.9082","2.9082","2.9082","","0.12%"
"11/17/1994","2.9048","2.9048","2.9048","2.9048","","-0.18%"
"11/16/1994","2.9100","2.9100","2.9100","2.9100","","0.27%"
"11/15/1994","2.9022","2.9022","2.9022","2.9022","","0.08%"
"11/14/1994","2.8998","2.8998","2.8998","2.8998","","-0.58%"
"11/11/1994","2.9167","2.9167","2.9167","2.9167","","-0.04%"
"11/10/1994","2.9179","2.9179","2.9179","2.9179","","0.22%"
"11/09/1994","2.9114","2.9114","2.9114","2.9114","","-0.27%"
"11/08/1994","2.9194","2.9194","2.9194","2.9194","","0.16%"
"11/07/1994","2.9148","2.9148","2.9148","2.9148","","-0.32%"
"11/04/1994","2.9241","2.9241","2.9241","2.9241","","0.63%"
"11/03/1994","2.9057","2.9057","2.9057","2.9057","","0.53%"
"11/02/1994","2.8904","2.8904","2.8904","2.8904","","-1.37%"
"11/01/1994","2.9306","2.9306","2.9306","2.9306","","0.40%"
"10/31/1994","2.9188","2.9188","2.9188","2.9188","","0.46%"
"10/28/1994","2.9055","2.9055","2.9055","2.9055","","-0.59%"
"10/27/1994","2.9228","2.9228","2.9228","2.9228","","-0.29%"
"10/26/1994","2.9312","2.9312","2.9312","2.9312","","0.75%"
"10/25/1994","2.9093","2.9093","2.9093","2.9093","","-0.59%"
"10/24/1994","2.9265","2.9265","2.9265","2.9265","","0.93%"
"10/21/1994","2.8995","2.8995","2.8995","2.8995","","-0.65%"
"10/20/1994","2.9186","2.9186","2.9186","2.9186","","0.49%"
"10/19/1994","2.9044","2.9044","2.9044","2.9044","","-0.17%"
"10/18/1994","2.9093","2.9093","2.9093","2.9093","","0.09%"
"10/17/1994","2.9068","2.9068","2.9068","2.9068","","0.65%"
"10/14/1994","2.8879","2.8879","2.8879","2.8879","","-0.21%"
"10/13/1994","2.8941","2.8941","2.8941","2.8941","","0.70%"
"10/12/1994","2.8739","2.8739","2.8739","2.8739","","0.19%"
"10/11/1994","2.8685","2.8685","2.8685","2.8685","","0.08%"
"10/10/1994","2.8661","2.8661","2.8661","2.8661","","0.48%"
"10/07/1994","2.8523","2.8523","2.8523","2.8523","","-0.59%"
"10/06/1994","2.8691","2.8691","2.8691","2.8691","","-0.05%"
"10/05/1994","2.8704","2.8704","2.8704","2.8704","","0.05%"
"10/04/1994","2.8690","2.8690","2.8690","2.8690","","0.37%"
"10/03/1994","2.8585","2.8585","2.8585","2.8585","","0.32%"
"09/30/1994","2.8494","2.8494","2.8494","2.8494","","0.16%"
"09/29/1994","2.8448","2.8448","2.8448","2.8448","","-0.02%"
"09/28/1994","2.8453","2.8453","2.8453","2.8453","","-0.43%"
"09/27/1994","2.8575","2.8575","2.8575","2.8575","","0.47%"
"09/26/1994","2.8441","2.8441","2.8441","2.8441","","0.11%"
"09/23/1994","2.8411","2.8411","2.8411","2.8411","","0.11%"
"09/22/1994","2.8380","2.8380","2.8380","2.8380","","0.07%"
"09/21/1994","2.8361","2.8361","2.8361","2.8361","","0.25%"
"09/20/1994","2.8289","2.8289","2.8289","2.8289","","0.18%"
"09/19/1994","2.8239","2.8239","2.8239","2.8239","","-0.63%"
"09/16/1994","2.8417","2.8417","2.8417","2.8417","","0.47%"
"09/15/1994","2.8283","2.8283","2.8283","2.8283","","-0.05%"
"09/14/1994","2.8296","2.8296","2.8296","2.8296","","0.02%"
"09/13/1994","2.8291","2.8291","2.8291","2.8291","","0.22%"
"09/12/1994","2.8228","2.8228","2.8228","2.8228","","-0.91%"
"09/09/1994","2.8487","2.8487","2.8487","2.8487","","1.51%"
"09/08/1994","2.8062","2.8062","2.8062","2.8062","","-0.22%"
"09/07/1994","2.8125","2.8125","2.8125","2.8125","","-0.11%"
"09/06/1994","2.8156","2.8156","2.8156","2.8156","","0.22%"
"09/05/1994","2.8093","2.8093","2.8093","2.8093","","-0.20%"
"09/02/1994","2.8148","2.8148","2.8148","2.8148","","0.60%"
"09/01/1994","2.7980","2.7980","2.7980","2.7980","","0.56%"
"08/31/1994","2.7824","2.7824","2.7824","2.7824","","-0.15%"
"08/30/1994","2.7865","2.7865","2.7865","2.7865","","-0.15%"
"08/29/1994","2.7908","2.7908","2.7908","2.7908","","0.79%"
"08/26/1994","2.7688","2.7688","2.7688","2.7688","","-1.33%"
"08/25/1994","2.8061","2.8061","2.8061","2.8061","","0.40%"
"08/24/1994","2.7949","2.7949","2.7949","2.7949","","-0.39%"
"08/23/1994","2.8058","2.8058","2.8058","2.8058","","-0.18%"
"08/22/1994","2.8109","2.8109","2.8109","2.8109","","0.79%"
"08/19/1994","2.7889","2.7889","2.7889","2.7889","","0.26%"
"08/18/1994","2.7818","2.7818","2.7818","2.7818","","-0.04%"
"08/17/1994","2.7828","2.7828","2.7828","2.7828","","0.57%"
"08/16/1994","2.7670","2.7670","2.7670","2.7670","","-0.02%"
"08/15/1994","2.7676","2.7676","2.7676","2.7676","","0.11%"
"08/12/1994","2.7646","2.7646","2.7646","2.7646","","-0.96%"
"08/11/1994","2.7914","2.7914","2.7914","2.7914","","1.62%"
"08/10/1994","2.7469","2.7469","2.7469","2.7469","","-0.23%"
"08/09/1994","2.7532","2.7532","2.7532","2.7532","","0.05%"
"08/08/1994","2.7517","2.7517","2.7517","2.7517","","-0.25%"
"08/05/1994","2.7587","2.7587","2.7587","2.7587","","0.94%"
"08/04/1994","2.7331","2.7331","2.7331","2.7331","","-0.27%"
"08/03/1994","2.7404","2.7404","2.7404","2.7404","","-0.10%"
"08/02/1994","2.7431","2.7431","2.7431","2.7431","","-0.04%"
"08/01/1994","2.7443","2.7443","2.7443","2.7443","","-0.31%"
"07/29/1994","2.7527","2.7527","2.7527","2.7527","","1.68%"
"07/28/1994","2.7073","2.7073","2.7073","2.7073","","-1.39%"
"07/27/1994","2.7456","2.7456","2.7456","2.7456","","0.14%"
"07/26/1994","2.7417","2.7417","2.7417","2.7417","","0.59%"
"07/25/1994","2.7257","2.7257","2.7257","2.7257","","0.10%"
"07/22/1994","2.7230","2.7230","2.7230","2.7230","","0.98%"
"07/21/1994","2.6966","2.6966","2.6966","2.6966","","-1.89%"
"07/20/1994","2.7486","2.7486","2.7486","2.7486","","1.25%"
"07/19/1994","2.7146","2.7146","2.7146","2.7146","","-0.84%"
"07/18/1994","2.7375","2.7375","2.7375","2.7375","","0.00%"
"07/15/1994","2.7374","2.7374","2.7374","2.7374","","0.15%"
"07/14/1994","2.7332","2.7332","2.7332","2.7332","","-0.31%"
"07/13/1994","2.7418","2.7418","2.7418","2.7418","","-0.50%"
"07/12/1994","2.7556","2.7556","2.7556","2.7556","","-0.61%"
"07/11/1994","2.7724","2.7724","2.7724","2.7724","","2.37%"
"07/08/1994","2.7082","2.7082","2.7082","2.7082","","-0.37%"
"07/07/1994","2.7182","2.7182","2.7182","2.7182","","-0.34%"
"07/06/1994","2.7274","2.7274","2.7274","2.7274","","0.50%"
"07/05/1994","2.7137","2.7137","2.7137","2.7137","","0.81%"
"07/04/1994","2.6919","2.6919","2.6919","2.6919","","-0.04%"
"07/01/1994","2.6931","2.6931","2.6931","2.6931","","-0.43%"
"06/30/1994","2.7046","2.7046","2.7046","2.7046","","0.32%"
"06/29/1994","2.6961","2.6961","2.6961","2.6961","","-0.58%"
"06/28/1994","2.7117","2.7117","2.7117","2.7117","","0.75%"
"06/27/1994","2.6916","2.6916","2.6916","2.6916","","-0.43%"
"06/24/1994","2.7033","2.7033","2.7033","2.7033","","0.64%"
"06/23/1994","2.6860","2.6860","2.6860","2.6860","","0.37%"
"06/22/1994","2.6762","2.6762","2.6762","2.6762","","-1.06%"
"06/21/1994","2.7049","2.7049","2.7049","2.7049","","0.56%"
"06/20/1994","2.6898","2.6898","2.6898","2.6898","","-0.11%"
"06/17/1994","2.6927","2.6927","2.6927","2.6927","","1.67%"
"06/16/1994","2.6485","2.6485","2.6485","2.6485","","-0.23%"
"06/15/1994","2.6546","2.6546","2.6546","2.6546","","0.55%"
"06/14/1994","2.6402","2.6402","2.6402","2.6402","","-0.35%"
"06/13/1994","2.6494","2.6494","2.6494","2.6494","","0.80%"
"06/10/1994","2.6284","2.6284","2.6284","2.6284","","0.10%"
"06/09/1994","2.6259","2.6259","2.6259","2.6259","","0.18%"
"06/08/1994","2.6211","2.6211","2.6211","2.6211","","-0.07%"
"06/07/1994","2.6229","2.6229","2.6229","2.6229","","0.28%"
"06/06/1994","2.6156","2.6156","2.6156","2.6156","","0.56%"
"06/03/1994","2.6011","2.6011","2.6011","2.6011","","-0.54%"
"06/02/1994","2.6152","2.6152","2.6152","2.6152","","-0.36%"
"06/01/1994","2.6246","2.6246","2.6246","2.6246","","-0.02%"
"05/31/1994","2.6250","2.6250","2.6250","2.6250","","0.05%"
"05/30/1994","2.6238","2.6238","2.6238","2.6238","","-0.10%"
"05/27/1994","2.6265","2.6265","2.6265","2.6265","","0.54%"
"05/26/1994","2.6123","2.6123","2.6123","2.6123","","-0.50%"
"05/25/1994","2.6254","2.6254","2.6254","2.6254","","0.69%"
"05/24/1994","2.6073","2.6073","2.6073","2.6073","","-0.33%"
"05/23/1994","2.6160","2.6160","2.6160","2.6160","","0.31%"
"05/20/1994","2.6078","2.6078","2.6078","2.6078","","0.32%"
"05/19/1994","2.5996","2.5996","2.5996","2.5996","","-0.43%"
"05/18/1994","2.6109","2.6109","2.6109","2.6109","","0.60%"
"05/17/1994","2.5954","2.5954","2.5954","2.5954","","0.02%"
"05/16/1994","2.5950","2.5950","2.5950","2.5950","","-0.23%"
"05/13/1994","2.6009","2.6009","2.6009","2.6009","","0.17%"
"05/12/1994","2.5965","2.5965","2.5965","2.5965","","0.25%"
"05/11/1994","2.5900","2.5900","2.5900","2.5900","","0.39%"
"05/10/1994","2.5800","2.5800","2.5800","2.5800","","-0.59%"
"05/09/1994","2.5954","2.5954","2.5954","2.5954","","0.41%"
"05/06/1994","2.5849","2.5849","2.5849","2.5849","","0.36%"
"05/05/1994","2.5757","2.5757","2.5757","2.5757","","-0.05%"
"05/04/1994","2.5769","2.5769","2.5769","2.5769","","-1.88%"
"05/03/1994","2.6263","2.6263","2.6263","2.6263","","0.47%"
"05/02/1994","2.6140","2.6140","2.6140","2.6140","","0.77%"
"04/29/1994","2.5940","2.5940","2.5940","2.5940","","0.15%"
"04/28/1994","2.5900","2.5900","2.5900","2.5900","","0.81%"
"04/27/1994","2.5691","2.5691","2.5691","2.5691","","-0.26%"
"04/26/1994","2.5757","2.5757","2.5757","2.5757","","0.72%"
"04/25/1994","2.5573","2.5573","2.5573","2.5573","","0.01%"
"04/22/1994","2.5571","2.5571","2.5571","2.5571","","-0.04%"
"04/21/1994","2.5580","2.5580","2.5580","2.5580","","0.14%"
"04/20/1994","2.5544","2.5544","2.5544","2.5544","","0.47%"
"04/19/1994","2.5424","2.5424","2.5424","2.5424","","0.05%"
"04/18/1994","2.5411","2.5411","2.5411","2.5411","","0.42%"
"04/15/1994","2.5305","2.5305","2.5305","2.5305","","-0.02%"
"04/14/1994","2.5309","2.5309","2.5309","2.5309","","0.00%"
"04/13/1994","2.5309","2.5309","2.5309","2.5309","","0.31%"
"04/12/1994","2.5231","2.5231","2.5231","2.5231","","0.07%"
"04/11/1994","2.5214","2.5214","2.5214","2.5214","","-0.20%"
"04/08/1994","2.5265","2.5265","2.5265","2.5265","","0.45%"
"04/07/1994","2.5152","2.5152","2.5152","2.5152","","-0.09%"
"04/06/1994","2.5175","2.5175","2.5175","2.5175","","0.61%"
"04/05/1994","2.5023","2.5023","2.5023","2.5023","","-0.90%"
"04/04/1994","2.5250","2.5250","2.5250","2.5250","","0.53%"
"04/01/1994","2.5117","2.5117","2.5117","2.5117","","-1.47%"
"03/31/1994","2.5493","2.5493","2.5493","2.5493","","0.17%"
"03/30/1994","2.5450","2.5450","2.5450","2.5450","","1.05%"
"03/29/1994","2.5185","2.5185","2.5185","2.5185","","-0.43%"
"03/28/1994","2.5295","2.5295","2.5295","2.5295","","0.23%"
"03/25/1994","2.5238","2.5238","2.5238","2.5238","","-0.21%"
"03/24/1994","2.5290","2.5290","2.5290","2.5290","","0.39%"
"03/23/1994","2.5191","2.5191","2.5191","2.5191","","0.70%"
"03/22/1994","2.5016","2.5016","2.5016","2.5016","","-0.20%"
"03/21/1994","2.5066","2.5066","2.5066","2.5066","","0.46%"
"03/18/1994","2.4951","2.4951","2.4951","2.4951","","-0.32%"
"03/17/1994","2.5031","2.5031","2.5031","2.5031","","-0.18%"
"03/16/1994","2.5075","2.5075","2.5075","2.5075","","0.55%"
"03/15/1994","2.4937","2.4937","2.4937","2.4937","","-0.06%"
"03/14/1994","2.4951","2.4951","2.4951","2.4951","","-0.12%"
"03/11/1994","2.4982","2.4982","2.4982","2.4982","","-0.16%"
"03/10/1994","2.5022","2.5022","2.5022","2.5022","","0.83%"
"03/09/1994","2.4817","2.4817","2.4817","2.4817","","0.26%"
"03/08/1994","2.4752","2.4752","2.4752","2.4752","","0.31%"
"03/07/1994","2.4675","2.4675","2.4675","2.4675","","0.04%"
"03/04/1994","2.4664","2.4664","2.4664","2.4664","","0.03%"
"03/03/1994","2.4657","2.4657","2.4657","2.4657","","-0.18%"
"03/02/1994","2.4702","2.4702","2.4702","2.4702","","0.21%"
"03/01/1994","2.4651","2.4651","2.4651","2.4651","","-0.21%"
"02/28/1994","2.4704","2.4704","2.4704","2.4704","","0.43%"
"02/25/1994","2.4599","2.4599","2.4599","2.4599","","-0.37%"
"02/24/1994","2.4690","2.4690","2.4690","2.4690","","0.66%"
"02/23/1994","2.4528","2.4528","2.4528","2.4528","","0.07%"
"02/22/1994","2.4510","2.4510","2.4510","2.4510","","0.39%"
"02/21/1994","2.4414","2.4414","2.4414","2.4414","","-0.67%"
"02/18/1994","2.4578","2.4578","2.4578","2.4578","","0.31%"
"02/17/1994","2.4503","2.4503","2.4503","2.4503","","0.06%"
"02/16/1994","2.4488","2.4488","2.4488","2.4488","","0.08%"
"02/15/1994","2.4468","2.4468","2.4468","2.4468","","-0.35%"
"02/14/1994","2.4555","2.4555","2.4555","2.4555","","1.45%"
"02/11/1994","2.4205","2.4205","2.4205","2.4205","","-0.09%"
"02/10/1994","2.4228","2.4228","2.4228","2.4228","","0.10%"
"02/09/1994","2.4205","2.4205","2.4205","2.4205","","0.15%"
"02/08/1994","2.4169","2.4169","2.4169","2.4169","","-0.09%"
"02/07/1994","2.4190","2.4190","2.4190","2.4190","","0.54%"
"02/04/1994","2.4060","2.4060","2.4060","2.4060","","-0.35%"
"02/03/1994","2.4144","2.4144","2.4144","2.4144","","-0.32%"
"02/02/1994","2.4222","2.4222","2.4222","2.4222","","0.02%"
"02/01/1994","2.4217","2.4217","2.4217","2.4217","","-0.13%"
"01/31/1994","2.4248","2.4248","2.4248","2.4248","","0.95%"
"01/28/1994","2.4020","2.4020","2.4020","2.4020","","-1.07%"
"01/27/1994","2.4280","2.4280","2.4280","2.4280","","0.90%"
"01/26/1994","2.4063","2.4063","2.4063","2.4063","","0.06%"
"01/25/1994","2.4049","2.4049","2.4049","2.4049","","0.23%"
"01/24/1994","2.3994","2.3994","2.3994","2.3994","","0.47%"
"01/21/1994","2.3882","2.3882","2.3882","2.3882","","-0.49%"
"01/20/1994","2.3999","2.3999","2.3999","2.3999","","0.33%"
"01/19/1994","2.3919","2.3919","2.3919","2.3919","","-0.14%"
"01/18/1994","2.3953","2.3953","2.3953","2.3953","","0.45%"
"01/17/1994","2.3846","2.3846","2.3846","2.3846","","-0.15%"
"01/14/1994","2.3882","2.3882","2.3882","2.3882","","0.12%"
"01/13/1994","2.3854","2.3854","2.3854","2.3854","","-0.36%"
"01/12/1994","2.3940","2.3940","2.3940","2.3940","","0.43%"
"01/11/1994","2.3838","2.3838","2.3838","2.3838","","-0.17%"
"01/10/1994","2.3879","2.3879","2.3879","2.3879","","-1.06%"
"01/07/1994","2.4135","2.4135","2.4135","2.4135","","0.60%"
"01/06/1994","2.3992","2.3992","2.3992","2.3992","","-0.10%"
"01/05/1994","2.4015","2.4015","2.4015","2.4015","","0.08%"
"01/04/1994","2.3997","2.3997","2.3997","2.3997","","0.59%"
"01/03/1994","2.3857","2.3857","2.3857","2.3857","","0.21%"
"12/31/1993","2.3808","2.3808","2.3808","2.3808","","-0.06%"
"12/30/1993","2.3822","2.3822","2.3822","2.3822","","0.61%"
"12/29/1993","2.3677","2.3677","2.3677","2.3677","","-0.95%"
"12/28/1993","2.3905","2.3905","2.3905","2.3905","","0.09%"
"12/27/1993","2.3884","2.3884","2.3884","2.3884","","-0.12%"
"12/24/1993","2.3913","2.3913","2.3913","2.3913","","-0.01%"
"12/23/1993","2.3916","2.3916","2.3916","2.3916","","0.39%"
"12/22/1993","2.3823","2.3823","2.3823","2.3823","","0.27%"
"12/21/1993","2.3759","2.3759","2.3759","2.3759","","0.11%"
"12/20/1993","2.3733","2.3733","2.3733","2.3733","","0.18%"
"12/17/1993","2.3690","2.3690","2.3690","2.3690","","-0.12%"
"12/16/1993","2.3718","2.3718","2.3718","2.3718","","0.17%"
"12/15/1993","2.3678","2.3678","2.3678","2.3678","","0.15%"
"12/14/1993","2.3643","2.3643","2.3643","2.3643","","0.07%"
"12/13/1993","2.3626","2.3626","2.3626","2.3626","","-0.16%"
"12/10/1993","2.3663","2.3663","2.3663","2.3663","","0.08%"
"12/09/1993","2.3645","2.3645","2.3645","2.3645","","0.17%"
"12/08/1993","2.3604","2.3604","2.3604","2.3604","","0.10%"
"12/07/1993","2.3581","2.3581","2.3581","2.3581","","-0.06%"
"12/06/1993","2.3594","2.3594","2.3594","2.3594","","0.74%"
"12/03/1993","2.3421","2.3421","2.3421","2.3421","","0.27%"
"12/02/1993","2.3359","2.3359","2.3359","2.3359","","0.12%"
"12/01/1993","2.3330","2.3330","2.3330","2.3330","","-0.33%"
"11/30/1993","2.3408","2.3408","2.3408","2.3408","","0.02%"
"11/29/1993","2.3404","2.3404","2.3404","2.3404","","0.02%"
"11/26/1993","2.3400","2.3400","2.3400","2.3400","","0.06%"
"11/25/1993","2.3385","2.3385","2.3385","2.3385","","0.06%"
"11/24/1993","2.3372","2.3372","2.3372","2.3372","","0.03%"
"11/23/1993","2.3365","2.3365","2.3365","2.3365","","0.05%"
"11/22/1993","2.3354","2.3354","2.3354","2.3354","","0.26%"
"11/19/1993","2.3293","2.3293","2.3293","2.3293","","0.11%"
"11/18/1993","2.3267","2.3267","2.3267","2.3267","","-0.39%"
"11/17/1993","2.3357","2.3357","2.3357","2.3357","","0.51%"
"11/16/1993","2.3238","2.3238","2.3238","2.3238","","-0.38%"
"11/15/1993","2.3327","2.3327","2.3327","2.3327","","-0.87%"
"11/12/1993","2.3532","2.3532","2.3532","2.3532","","0.78%"
"11/10/1993","2.3350","2.3350","2.3350","2.3350","","-0.15%"
"11/09/1993","2.3385","2.3385","2.3385","2.3385","","0.15%"
"11/08/1993","2.3350","2.3350","2.3350","2.3350","","0.06%"
"11/05/1993","2.3336","2.3336","2.3336","2.3336","","0.00%"
"11/04/1993","2.3336","2.3336","2.3336","2.3336","","0.42%"
"11/03/1993","2.3239","2.3239","2.3239","2.3239","","0.45%"
"11/02/1993","2.3134","2.3134","2.3134","2.3134","","0.49%"
"11/01/1993","2.3021","2.3021","2.3021","2.3021","","-0.35%"
"10/29/1993","2.3103","2.3103","2.3103","2.3103","","-1.04%"
"10/28/1993","2.3345","2.3345","2.3345","2.3345","","0.74%"
"10/27/1993","2.3173","2.3173","2.3173","2.3173","","-0.19%"
"10/26/1993","2.3217","2.3217","2.3217","2.3217","","0.84%"
"10/25/1993","2.3024","2.3024","2.3024","2.3024","","-0.40%"
"10/22/1993","2.3116","2.3116","2.3116","2.3116","","0.09%"
"10/21/1993","2.3096","2.3096","2.3096","2.3096","","-0.73%"
"10/20/1993","2.3266","2.3266","2.3266","2.3266","","0.37%"
"10/19/1993","2.3181","2.3181","2.3181","2.3181","","0.61%"
"10/18/1993","2.3041","2.3041","2.3041","2.3041","","-0.76%"
"10/15/1993","2.3218","2.3218","2.3218","2.3218","","0.38%"
"10/14/1993","2.3131","2.3131","2.3131","2.3131","","-1.04%"
"10/13/1993","2.3374","2.3374","2.3374","2.3374","","-0.24%"
"10/12/1993","2.3431","2.3431","2.3431","2.3431","","0.56%"
"10/11/1993","2.3301","2.3301","2.3301","2.3301","","0.23%"
"10/08/1993","2.3248","2.3248","2.3248","2.3248","","0.18%"
"10/07/1993","2.3207","2.3207","2.3207","2.3207","","-0.33%"
"10/06/1993","2.3284","2.3284","2.3284","2.3284","","0.59%"
"10/05/1993","2.3147","2.3147","2.3147","2.3147","","-0.67%"
"10/04/1993","2.3304","2.3304","2.3304","2.3304","","0.99%"
"10/01/1993","2.3076","2.3076","2.3076","2.3076","","-0.02%"
"09/30/1993","2.3081","2.3081","2.3081","2.3081","","-0.41%"
"09/29/1993","2.3175","2.3175","2.3175","2.3175","","-0.03%"
"09/28/1993","2.3183","2.3183","2.3183","2.3183","","0.63%"
"09/27/1993","2.3039","2.3039","2.3039","2.3039","","0.10%"
"09/24/1993","2.3016","2.3016","2.3016","2.3016","","0.77%"
"09/23/1993","2.2840","2.2840","2.2840","2.2840","","-0.46%"
"09/22/1993","2.2945","2.2945","2.2945","2.2945","","0.09%"
"09/21/1993","2.2924","2.2924","2.2924","2.2924","","-0.64%"
"09/20/1993","2.3071","2.3071","2.3071","2.3071","","0.49%"
"09/17/1993","2.2959","2.2959","2.2959","2.2959","","0.17%"
"09/16/1993","2.2920","2.2920","2.2920","2.2920","","-0.26%"
"09/15/1993","2.2979","2.2979","2.2979","2.2979","","-0.12%"
"09/14/1993","2.3007","2.3007","2.3007","2.3007","","0.08%"
"09/13/1993","2.2989","2.2989","2.2989","2.2989","","-0.02%"
"09/10/1993","2.2993","2.2993","2.2993","2.2993","","0.42%"
"09/09/1993","2.2896","2.2896","2.2896","2.2896","","0.64%"
"09/08/1993","2.2751","2.2751","2.2751","2.2751","","-0.09%"
"09/07/1993","2.2772","2.2772","2.2772","2.2772","","-0.16%"
"09/06/1993","2.2809","2.2809","2.2809","2.2809","","0.04%"
"09/03/1993","2.2801","2.2801","2.2801","2.2801","","1.10%"
"09/02/1993","2.2554","2.2554","2.2554","2.2554","","0.31%"
"09/01/1993","2.2484","2.2484","2.2484","2.2484","","0.49%"
"08/31/1993","2.2375","2.2375","2.2375","2.2375","","0.15%"
"08/30/1993","2.2341","2.2341","2.2341","2.2341","","-0.26%"
"08/27/1993","2.2399","2.2399","2.2399","2.2399","","8.15%"
"08/26/1993","2.0711","2.0711","2.0711","2.0711","","-0.04%"
"08/25/1993","2.0719","2.0719","2.0719","2.0719","","-0.21%"
"08/24/1993","2.0762","2.0762","2.0762","2.0762","","0.73%"
"08/23/1993","2.0612","2.0612","2.0612","2.0612","","-0.49%"
"08/20/1993","2.0713","2.0713","2.0713","2.0713","","0.69%"
"08/19/1993","2.0572","2.0572","2.0572","2.0572","","-0.48%"
"08/18/1993","2.0672","2.0672","2.0672","2.0672","","0.84%"
"08/17/1993","2.0499","2.0499","2.0499","2.0499","","0.03%"
"08/16/1993","2.0493","2.0493","2.0493","2.0493","","0.76%"
"08/13/1993","2.0339","2.0339","2.0339","2.0339","","-0.06%"
"08/12/1993","2.0352","2.0352","2.0352","2.0352","","0.26%"
"08/11/1993","2.0299","2.0299","2.0299","2.0299","","0.71%"
"08/10/1993","2.0156","2.0156","2.0156","2.0156","","-0.64%"
"08/09/1993","2.0285","2.0285","2.0285","2.0285","","-0.99%"
"08/06/1993","2.0488","2.0488","2.0488","2.0488","","0.83%"
"08/05/1993","2.0319","2.0319","2.0319","2.0319","","-0.72%"
"08/04/1993","2.0466","2.0466","2.0466","2.0466","","0.72%"
"08/03/1993","2.0320","2.0320","2.0320","2.0320","","0.61%"
"08/02/1993","2.0197","2.0197","2.0197","2.0197","","1.07%"
"07/30/1993","1.9984","1.9984","1.9984","1.9984","","-0.84%"
"07/29/1993","2.0154","2.0154","2.0154","2.0154","","-1.52%"
"07/28/1993","2.0466","2.0466","2.0466","2.0466","","0.50%"
"07/27/1993","2.0364","2.0364","2.0364","2.0364","","-0.05%"
"07/26/1993","2.0375","2.0375","2.0375","2.0375","","0.66%"
"07/23/1993","2.0241","2.0241","2.0241","2.0241","","-1.05%"
"07/22/1993","2.0456","2.0456","2.0456","2.0456","","-0.26%"
"07/21/1993","2.0510","2.0510","2.0510","2.0510","","-0.38%"
"07/20/1993","2.0589","2.0589","2.0589","2.0589","","0.49%"
"07/19/1993","2.0488","2.0488","2.0488","2.0488","","0.54%"
"07/16/1993","2.0378","2.0378","2.0378","2.0378","","0.28%"
"07/15/1993","2.0321","2.0321","2.0321","2.0321","","-0.60%"
"07/14/1993","2.0444","2.0444","2.0444","2.0444","","0.12%"
"07/13/1993","2.0420","2.0420","2.0420","2.0420","","0.39%"
"07/12/1993","2.0341","2.0341","2.0341","2.0341","","0.11%"
"07/09/1993","2.0319","2.0319","2.0319","2.0319","","-1.05%"
"07/08/1993","2.0535","2.0535","2.0535","2.0535","","0.79%"
"07/07/1993","2.0375","2.0375","2.0375","2.0375","","0.04%"
"07/05/1993","2.0367","2.0367","2.0367","2.0367","","-0.07%"
"07/02/1993","2.0381","2.0381","2.0381","2.0381","","0.10%"
"07/01/1993","2.0360","2.0360","2.0360","2.0360","","0.54%"
"06/30/1993","2.0250","2.0250","2.0250","2.0250","","-1.38%"
"06/29/1993","2.0534","2.0534","2.0534","2.0534","","0.56%"
"06/28/1993","2.0420","2.0420","2.0420","2.0420","","0.78%"
"06/25/1993","2.0261","2.0261","2.0261","2.0261","","0.02%"
"06/24/1993","2.0257","2.0257","2.0257","2.0257","","-0.11%"
"06/23/1993","2.0279","2.0279","2.0279","2.0279","","0.15%"
"06/22/1993","2.0249","2.0249","2.0249","2.0249","","0.14%"
"06/21/1993","2.0221","2.0221","2.0221","2.0221","","0.24%"
"06/18/1993","2.0172","2.0172","2.0172","2.0172","","-0.17%"
"06/16/1993","2.0206","2.0206","2.0206","2.0206","","-0.73%"