raw_event_id,raw_event_label,mapped_family,event_datetime_utc,event_datetime_ny,mapped_model_day,mapping_status,explicit_member
3,Unemployment Rate,US Employment,1997-01-10 13:30:00+00:00,1997-01-10 08:30:00-05:00,,OUTSIDE_EMPIRICAL_PANEL,False
4,Change in Nonfarm Payrolls,US Employment,1997-01-10 13:30:00+00:00,1997-01-10 08:30:00-05:00,,OUTSIDE_EMPIRICAL_PANEL,False
6,CPI MoM,US CPI,1997-01-14 13:30:00+00:00,1997-01-14 08:30:00-05:00,,OUTSIDE_EMPIRICAL_PANEL,False
7,CPI MoM,US CPI,1997-01-14 13:30:04+00:00,1997-01-14 08:30:04-05:00,,OUTSIDE_EMPIRICAL_PANEL,False
15,Unemployment Rate,US Employment,1997-02-07 13:30:00+00:00,1997-02-07 08:30:00-05:00,,OUTSIDE_EMPIRICAL_PANEL,False
16,Change in Nonfarm Payrolls,US Employment,1997-02-07 13:30:00+00:00,1997-02-07 08:30:00-05:00,,OUTSIDE_EMPIRICAL_PANEL,False
20,CPI MoM,US CPI,1997-02-19 13:30:00+00:00,1997-02-19 08:30:00-05:00,,OUTSIDE_EMPIRICAL_PANEL,False
30,Change in Nonfarm Payrolls,US Employment,1997-03-07 13:30:00+00:00,1997-03-07 08:30:00-05:00,,OUTSIDE_EMPIRICAL_PANEL,False
31,Unemployment Rate,US Employment,1997-03-07 13:30:00+00:00,1997-03-07 08:30:00-05:00,,OUTSIDE_EMPIRICAL_PANEL,False
34,CPI MoM,US CPI,1997-03-19 13:30:00+00:00,1997-03-19 08:30:00-05:00,,OUTSIDE_EMPIRICAL_PANEL,False
44,Change in Nonfarm Payrolls,US Employment,1997-04-04 14:30:00+00:00,1997-04-04 09:30:00-05:00,,OUTSIDE_EMPIRICAL_PANEL,False
45,Unemployment Rate,US Employment,1997-04-04 14:30:00+00:00,1997-04-04 09:30:00-05:00,,OUTSIDE_EMPIRICAL_PANEL,False
48,CPI MoM,US CPI,1997-04-15 13:30:00+00:00,1997-04-15 09:30:00-04:00,,OUTSIDE_EMPIRICAL_PANEL,False
57,Change in Nonfarm Payrolls,US Employment,1997-05-02 13:30:00+00:00,1997-05-02 09:30:00-04:00,,OUTSIDE_EMPIRICAL_PANEL,False
58,Unemployment Rate,US Employment,1997-05-02 13:30:00+00:00,1997-05-02 09:30:00-04:00,,OUTSIDE_EMPIRICAL_PANEL,False
63,CPI MoM,US CPI,1997-05-15 13:30:00+00:00,1997-05-15 09:30:00-04:00,,OUTSIDE_EMPIRICAL_PANEL,False
65,FOMC Rate Decision (Upper Bound),FOMC,1997-05-20 19:15:01+00:00,1997-05-20 15:15:01-04:00,,OUTSIDE_EMPIRICAL_PANEL,False
75,Unemployment Rate,US Employment,1997-06-06 13:30:00+00:00,1997-06-06 09:30:00-04:00,,OUTSIDE_EMPIRICAL_PANEL,False
76,Change in Nonfarm Payrolls,US Employment,1997-06-06 13:30:00+00:00,1997-06-06 09:30:00-04:00,,OUTSIDE_EMPIRICAL_PANEL,False
79,CPI MoM,US CPI,1997-06-17 13:30:04+00:00,1997-06-17 09:30:04-04:00,,OUTSIDE_EMPIRICAL_PANEL,False
90,FOMC Rate Decision (Upper Bound),FOMC,1997-07-02 19:15:00+00:00,1997-07-02 15:15:00-04:00,,OUTSIDE_EMPIRICAL_PANEL,False
92,Change in Nonfarm Payrolls,US Employment,1997-07-03 13:30:00+00:00,1997-07-03 09:30:00-04:00,,OUTSIDE_EMPIRICAL_PANEL,False
93,Unemployment Rate,US Employment,1997-07-03 13:30:00+00:00,1997-07-03 09:30:00-04:00,,OUTSIDE_EMPIRICAL_PANEL,False
97,CPI MoM,US CPI,1997-07-16 13:30:00+00:00,1997-07-16 09:30:00-04:00,,OUTSIDE_EMPIRICAL_PANEL,False
106,Unemployment Rate,US Employment,1997-08-01 13:30:00+00:00,1997-08-01 09:30:00-04:00,,OUTSIDE_EMPIRICAL_PANEL,False
107,Change in Nonfarm Payrolls,US Employment,1997-08-01 13:30:01+00:00,1997-08-01 09:30:01-04:00,,OUTSIDE_EMPIRICAL_PANEL,False
117,CPI MoM,US CPI,1997-08-14 13:30:04+00:00,1997-08-14 09:30:04-04:00,,OUTSIDE_EMPIRICAL_PANEL,False
119,FOMC Rate Decision (Upper Bound),FOMC,1997-08-19 19:15:00+00:00,1997-08-19 15:15:00-04:00,,OUTSIDE_EMPIRICAL_PANEL,False
133,Change in Nonfarm Payrolls,US Employment,1997-09-05 13:30:00+00:00,1997-09-05 09:30:00-04:00,,OUTSIDE_EMPIRICAL_PANEL,False
134,Unemployment Rate,US Employment,1997-09-05 13:30:00+00:00,1997-09-05 09:30:00-04:00,,OUTSIDE_EMPIRICAL_PANEL,False
138,CPI MoM,US CPI,1997-09-16 13:30:04+00:00,1997-09-16 09:30:04-04:00,,OUTSIDE_EMPIRICAL_PANEL,False
149,FOMC Rate Decision (Upper Bound),FOMC,1997-09-30 19:13:00+00:00,1997-09-30 15:13:00-04:00,,OUTSIDE_EMPIRICAL_PANEL,False
154,Unemployment Rate,US Employment,1997-10-03 13:30:00+00:00,1997-10-03 09:30:00-04:00,,OUTSIDE_EMPIRICAL_PANEL,False
155,Change in Nonfarm Payrolls,US Employment,1997-10-03 13:30:02+00:00,1997-10-03 09:30:02-04:00,,OUTSIDE_EMPIRICAL_PANEL,False
159,CPI MoM,US CPI,1997-10-16 13:30:00+00:00,1997-10-16 09:30:00-04:00,,OUTSIDE_EMPIRICAL_PANEL,False
176,Unemployment Rate,US Employment,1997-11-07 13:30:00+00:00,1997-11-07 08:30:00-05:00,,OUTSIDE_EMPIRICAL_PANEL,False
177,Change in Nonfarm Payrolls,US Employment,1997-11-07 13:30:00+00:00,1997-11-07 08:30:00-05:00,,OUTSIDE_EMPIRICAL_PANEL,False
179,FOMC Rate Decision (Upper Bound),FOMC,1997-11-12 19:12:00+00:00,1997-11-12 14:12:00-05:00,,OUTSIDE_EMPIRICAL_PANEL,False
183,CPI MoM,US CPI,1997-11-18 13:30:00+00:00,1997-11-18 08:30:00-05:00,,OUTSIDE_EMPIRICAL_PANEL,False
197,Unemployment Rate,US Employment,1997-12-05 13:30:00+00:00,1997-12-05 08:30:00-05:00,,OUTSIDE_EMPIRICAL_PANEL,False
198,Change in Nonfarm Payrolls,US Employment,1997-12-05 13:30:00+00:00,1997-12-05 08:30:00-05:00,,OUTSIDE_EMPIRICAL_PANEL,False
204,CPI MoM,US CPI,1997-12-16 13:30:00+00:00,1997-12-16 08:30:00-05:00,,OUTSIDE_EMPIRICAL_PANEL,False
205,FOMC Rate Decision (Upper Bound),FOMC,1997-12-16 19:15:00+00:00,1997-12-16 14:15:00-05:00,,OUTSIDE_EMPIRICAL_PANEL,False
221,Unemployment Rate,US Employment,1998-01-09 13:30:00+00:00,1998-01-09 08:30:00-05:00,,OUTSIDE_EMPIRICAL_PANEL,False
222,Change in Nonfarm Payrolls,US Employment,1998-01-09 13:30:01+00:00,1998-01-09 08:30:01-05:00,,OUTSIDE_EMPIRICAL_PANEL,False
224,CPI MoM,US CPI,1998-01-13 13:30:04+00:00,1998-01-13 08:30:04-05:00,,OUTSIDE_EMPIRICAL_PANEL,False
240,FOMC Rate Decision (Upper Bound),FOMC,1998-02-04 19:12:01+00:00,1998-02-04 14:12:01-05:00,,OUTSIDE_EMPIRICAL_PANEL,False
243,Unemployment Rate,US Employment,1998-02-06 13:30:00+00:00,1998-02-06 08:30:00-05:00,,OUTSIDE_EMPIRICAL_PANEL,False
244,Change in Nonfarm Payrolls,US Employment,1998-02-06 13:30:01+00:00,1998-02-06 08:30:01-05:00,,OUTSIDE_EMPIRICAL_PANEL,False
251,CPI MoM,US CPI,1998-02-24 13:30:04+00:00,1998-02-24 08:30:04-05:00,,OUTSIDE_EMPIRICAL_PANEL,False
264,Unemployment Rate,US Employment,1998-03-06 13:30:00+00:00,1998-03-06 08:30:00-05:00,,OUTSIDE_EMPIRICAL_PANEL,False
265,Change in Nonfarm Payrolls,US Employment,1998-03-06 13:30:01+00:00,1998-03-06 08:30:01-05:00,,OUTSIDE_EMPIRICAL_PANEL,False
272,CPI MoM,US CPI,1998-03-19 13:30:04+00:00,1998-03-19 08:30:04-05:00,,OUTSIDE_EMPIRICAL_PANEL,False
282,FOMC Rate Decision (Upper Bound),FOMC,1998-03-31 20:12:01+00:00,1998-03-31 15:12:01-05:00,,OUTSIDE_EMPIRICAL_PANEL,False
287,Unemployment Rate,US Employment,1998-04-03 14:30:00+00:00,1998-04-03 09:30:00-05:00,,OUTSIDE_EMPIRICAL_PANEL,False
288,Change in Nonfarm Payrolls,US Employment,1998-04-03 14:30:01+00:00,1998-04-03 09:30:01-05:00,,OUTSIDE_EMPIRICAL_PANEL,False
292,CPI MoM,US CPI,1998-04-14 13:30:04+00:00,1998-04-14 09:30:04-04:00,,OUTSIDE_EMPIRICAL_PANEL,False
311,Unemployment Rate,US Employment,1998-05-08 13:30:00+00:00,1998-05-08 09:30:00-04:00,,OUTSIDE_EMPIRICAL_PANEL,False
312,Change in Nonfarm Payrolls,US Employment,1998-05-08 13:30:01+00:00,1998-05-08 09:30:01-04:00,,OUTSIDE_EMPIRICAL_PANEL,False
315,CPI MoM,US CPI,1998-05-14 13:30:04+00:00,1998-05-14 09:30:04-04:00,,OUTSIDE_EMPIRICAL_PANEL,False
318,FOMC Rate Decision (Upper Bound),FOMC,1998-05-19 19:15:01+00:00,1998-05-19 15:15:01-04:00,,OUTSIDE_EMPIRICAL_PANEL,False
333,Unemployment Rate,US Employment,1998-06-05 13:30:00+00:00,1998-06-05 09:30:00-04:00,,OUTSIDE_EMPIRICAL_PANEL,False
334,Change in Nonfarm Payrolls,US Employment,1998-06-05 13:30:01+00:00,1998-06-05 09:30:01-04:00,,OUTSIDE_EMPIRICAL_PANEL,False
338,CPI MoM,US CPI,1998-06-16 13:30:04+00:00,1998-06-16 09:30:04-04:00,,OUTSIDE_EMPIRICAL_PANEL,False
353,FOMC Rate Decision (Upper Bound),FOMC,1998-07-01 19:15:01+00:00,1998-07-01 15:15:01-04:00,,OUTSIDE_EMPIRICAL_PANEL,False
355,Unemployment Rate,US Employment,1998-07-02 13:30:00+00:00,1998-07-02 09:30:00-04:00,,OUTSIDE_EMPIRICAL_PANEL,False
356,Change in Nonfarm Payrolls,US Employment,1998-07-02 13:30:01+00:00,1998-07-02 09:30:01-04:00,,OUTSIDE_EMPIRICAL_PANEL,False
360,CPI MoM,US CPI,1998-07-14 13:30:04+00:00,1998-07-14 09:30:04-04:00,,OUTSIDE_EMPIRICAL_PANEL,False
379,Unemployment Rate,US Employment,1998-08-07 13:30:00+00:00,1998-08-07 09:30:00-04:00,,OUTSIDE_EMPIRICAL_PANEL,False
380,Change in Nonfarm Payrolls,US Employment,1998-08-07 13:30:01+00:00,1998-08-07 09:30:01-04:00,,OUTSIDE_EMPIRICAL_PANEL,False
385,CPI MoM,US CPI,1998-08-18 13:30:04+00:00,1998-08-18 09:30:04-04:00,,OUTSIDE_EMPIRICAL_PANEL,False
387,FOMC Rate Decision (Upper Bound),FOMC,1998-08-18 19:12:01+00:00,1998-08-18 15:12:01-04:00,,OUTSIDE_EMPIRICAL_PANEL,False
402,Unemployment Rate,US Employment,1998-09-04 13:30:00+00:00,1998-09-04 09:30:00-04:00,,OUTSIDE_EMPIRICAL_PANEL,False
403,Change in Nonfarm Payrolls,US Employment,1998-09-04 13:30:01+00:00,1998-09-04 09:30:01-04:00,,OUTSIDE_EMPIRICAL_PANEL,False
409,CPI MoM,US CPI,1998-09-17 13:30:04+00:00,1998-09-17 09:30:04-04:00,,OUTSIDE_EMPIRICAL_PANEL,False
418,FOMC Rate Decision (Upper Bound),FOMC,1998-09-29 19:15:01+00:00,1998-09-29 15:15:01-04:00,,OUTSIDE_EMPIRICAL_PANEL,False
425,Unemployment Rate,US Employment,1998-10-02 13:30:00+00:00,1998-10-02 09:30:00-04:00,,OUTSIDE_EMPIRICAL_PANEL,False
426,Change in Nonfarm Payrolls,US Employment,1998-10-02 13:30:01+00:00,1998-10-02 09:30:01-04:00,,OUTSIDE_EMPIRICAL_PANEL,False
432,FOMC Rate Decision (Upper Bound),FOMC,1998-10-15 20:15:00+00:00,1998-10-15 16:15:00-04:00,,OUTSIDE_EMPIRICAL_PANEL,False
433,CPI MoM,US CPI,1998-10-16 13:30:04+00:00,1998-10-16 09:30:04-04:00,,OUTSIDE_EMPIRICAL_PANEL,False
450,Unemployment Rate,US Employment,1998-11-05 13:30:00+00:00,1998-11-05 08:30:00-05:00,,OUTSIDE_EMPIRICAL_PANEL,False
451,Change in Nonfarm Payrolls,US Employment,1998-11-05 13:30:01+00:00,1998-11-05 08:30:01-05:00,,OUTSIDE_EMPIRICAL_PANEL,False
456,CPI MoM,US CPI,1998-11-17 13:30:04+00:00,1998-11-17 08:30:04-05:00,,OUTSIDE_EMPIRICAL_PANEL,False
457,FOMC Rate Decision (Upper Bound),FOMC,1998-11-17 19:15:01+00:00,1998-11-17 14:15:01-05:00,,OUTSIDE_EMPIRICAL_PANEL,False
472,Unemployment Rate,US Employment,1998-12-04 13:30:00+00:00,1998-12-04 08:30:00-05:00,,OUTSIDE_EMPIRICAL_PANEL,False
473,Change in Nonfarm Payrolls,US Employment,1998-12-04 13:30:01+00:00,1998-12-04 08:30:01-05:00,,OUTSIDE_EMPIRICAL_PANEL,False
478,CPI MoM,US CPI,1998-12-15 13:30:04+00:00,1998-12-15 08:30:04-05:00,,OUTSIDE_EMPIRICAL_PANEL,False
484,FOMC Rate Decision (Upper Bound),FOMC,1998-12-22 19:15:01+00:00,1998-12-22 14:15:01-05:00,,OUTSIDE_EMPIRICAL_PANEL,False
498,Unemployment Rate,US Employment,1999-01-08 13:30:00+00:00,1999-01-08 08:30:00-05:00,,OUTSIDE_EMPIRICAL_PANEL,False
499,Change in Nonfarm Payrolls,US Employment,1999-01-08 13:30:02+00:00,1999-01-08 08:30:02-05:00,,OUTSIDE_EMPIRICAL_PANEL,False
501,CPI MoM,US CPI,1999-01-14 13:30:01+00:00,1999-01-14 08:30:01-05:00,,OUTSIDE_EMPIRICAL_PANEL,False
518,FOMC Rate Decision (Upper Bound),FOMC,1999-02-03 19:15:01+00:00,1999-02-03 14:15:01-05:00,,OUTSIDE_EMPIRICAL_PANEL,False
521,Unemployment Rate,US Employment,1999-02-05 13:30:00+00:00,1999-02-05 08:30:00-05:00,,OUTSIDE_EMPIRICAL_PANEL,False
522,Change in Nonfarm Payrolls,US Employment,1999-02-05 13:30:02+00:00,1999-02-05 08:30:02-05:00,,OUTSIDE_EMPIRICAL_PANEL,False
529,CPI MoM,US CPI,1999-02-19 13:30:00+00:00,1999-02-19 08:30:00-05:00,,OUTSIDE_EMPIRICAL_PANEL,False
543,Unemployment Rate,US Employment,1999-03-05 13:30:00+00:00,1999-03-05 08:30:00-05:00,,OUTSIDE_EMPIRICAL_PANEL,False
544,Change in Nonfarm Payrolls,US Employment,1999-03-05 13:30:02+00:00,1999-03-05 08:30:02-05:00,,OUTSIDE_EMPIRICAL_PANEL,False
550,CPI MoM,US CPI,1999-03-18 13:30:00+00:00,1999-03-18 08:30:00-05:00,,OUTSIDE_EMPIRICAL_PANEL,False
557,FOMC Rate Decision (Upper Bound),FOMC,1999-03-30 20:15:00+00:00,1999-03-30 15:15:00-05:00,,OUTSIDE_EMPIRICAL_PANEL,False
565,Unemployment Rate,US Employment,1999-04-02 14:30:00+00:00,1999-04-02 09:30:00-05:00,,OUTSIDE_EMPIRICAL_PANEL,False
566,Change in Nonfarm Payrolls,US Employment,1999-04-02 14:30:02+00:00,1999-04-02 09:30:02-05:00,,OUTSIDE_EMPIRICAL_PANEL,False
571,CPI MoM,US CPI,1999-04-13 13:30:00+00:00,1999-04-13 09:30:00-04:00,,OUTSIDE_EMPIRICAL_PANEL,False
590,Unemployment Rate,US Employment,1999-05-07 13:30:00+00:00,1999-05-07 09:30:00-04:00,,OUTSIDE_EMPIRICAL_PANEL,False
591,Change in Nonfarm Payrolls,US Employment,1999-05-07 13:30:02+00:00,1999-05-07 09:30:02-04:00,,OUTSIDE_EMPIRICAL_PANEL,False
594,CPI MoM,US CPI,1999-05-14 13:30:00+00:00,1999-05-14 09:30:00-04:00,,OUTSIDE_EMPIRICAL_PANEL,False
599,FOMC Rate Decision (Upper Bound),FOMC,1999-05-18 19:15:00+00:00,1999-05-18 15:15:00-04:00,,OUTSIDE_EMPIRICAL_PANEL,False
615,Unemployment Rate,US Employment,1999-06-04 13:30:00+00:00,1999-06-04 09:30:00-04:00,,OUTSIDE_EMPIRICAL_PANEL,False
616,Change in Nonfarm Payrolls,US Employment,1999-06-04 13:30:02+00:00,1999-06-04 09:30:02-04:00,,OUTSIDE_EMPIRICAL_PANEL,False
620,CPI MoM,US CPI,1999-06-16 13:30:00+00:00,1999-06-16 09:30:00-04:00,,OUTSIDE_EMPIRICAL_PANEL,False
636,FOMC Rate Decision (Upper Bound),FOMC,1999-06-30 19:15:00+00:00,1999-06-30 15:15:00-04:00,,OUTSIDE_EMPIRICAL_PANEL,False
639,Unemployment Rate,US Employment,1999-07-02 13:30:00+00:00,1999-07-02 09:30:00-04:00,,OUTSIDE_EMPIRICAL_PANEL,False
640,Change in Nonfarm Payrolls,US Employment,1999-07-02 13:30:02+00:00,1999-07-02 09:30:02-04:00,,OUTSIDE_EMPIRICAL_PANEL,False
646,CPI MoM,US CPI,1999-07-15 13:30:00+00:00,1999-07-15 09:30:00-04:00,,OUTSIDE_EMPIRICAL_PANEL,False
665,Unemployment Rate,US Employment,1999-08-06 13:30:00+00:00,1999-08-06 09:30:00-04:00,,OUTSIDE_EMPIRICAL_PANEL,False
666,Change in Nonfarm Payrolls,US Employment,1999-08-06 13:30:02+00:00,1999-08-06 09:30:02-04:00,,OUTSIDE_EMPIRICAL_PANEL,False
671,CPI MoM,US CPI,1999-08-17 13:30:00+00:00,1999-08-17 09:30:00-04:00,,OUTSIDE_EMPIRICAL_PANEL,False
676,FOMC Rate Decision (Upper Bound),FOMC,1999-08-24 19:15:00+00:00,1999-08-24 15:15:00-04:00,,OUTSIDE_EMPIRICAL_PANEL,False
690,Unemployment Rate,US Employment,1999-09-03 13:30:00+00:00,1999-09-03 09:30:00-04:00,,OUTSIDE_EMPIRICAL_PANEL,False
691,Change in Nonfarm Payrolls,US Employment,1999-09-03 13:30:02+00:00,1999-09-03 09:30:02-04:00,,OUTSIDE_EMPIRICAL_PANEL,False
695,CPI MoM,US CPI,1999-09-15 13:30:00+00:00,1999-09-15 09:30:00-04:00,,OUTSIDE_EMPIRICAL_PANEL,False
714,FOMC Rate Decision (Upper Bound),FOMC,1999-10-05 19:15:00+00:00,1999-10-05 15:15:00-04:00,,OUTSIDE_EMPIRICAL_PANEL,False
717,Unemployment Rate,US Employment,1999-10-08 13:30:00+00:00,1999-10-08 09:30:00-04:00,,OUTSIDE_EMPIRICAL_PANEL,False
718,Change in Nonfarm Payrolls,US Employment,1999-10-08 13:30:02+00:00,1999-10-08 09:30:02-04:00,,OUTSIDE_EMPIRICAL_PANEL,False
724,CPI MoM,US CPI,1999-10-19 13:30:00+00:00,1999-10-19 09:30:00-04:00,,OUTSIDE_EMPIRICAL_PANEL,False
741,Unemployment Rate,US Employment,1999-11-05 13:30:00+00:00,1999-11-05 08:30:00-05:00,,OUTSIDE_EMPIRICAL_PANEL,False
742,Change in Nonfarm Payrolls,US Employment,1999-11-05 13:30:02+00:00,1999-11-05 08:30:02-05:00,,OUTSIDE_EMPIRICAL_PANEL,False
748,FOMC Rate Decision (Upper Bound),FOMC,1999-11-16 19:15:01+00:00,1999-11-16 14:15:01-05:00,,OUTSIDE_EMPIRICAL_PANEL,False
749,CPI MoM,US CPI,1999-11-17 13:30:00+00:00,1999-11-17 08:30:00-05:00,,OUTSIDE_EMPIRICAL_PANEL,False
765,Unemployment Rate,US Employment,1999-12-03 13:30:00+00:00,1999-12-03 08:30:00-05:00,,OUTSIDE_EMPIRICAL_PANEL,False
766,Change in Nonfarm Payrolls,US Employment,1999-12-03 13:30:02+00:00,1999-12-03 08:30:02-05:00,,OUTSIDE_EMPIRICAL_PANEL,False
773,CPI MoM,US CPI,1999-12-14 13:30:00+00:00,1999-12-14 08:30:00-05:00,,OUTSIDE_EMPIRICAL_PANEL,False
778,FOMC Rate Decision (Upper Bound),FOMC,1999-12-21 19:15:01+00:00,1999-12-21 14:15:01-05:00,,OUTSIDE_EMPIRICAL_PANEL,False
793,Unemployment Rate,US Employment,2000-01-07 13:30:00+00:00,2000-01-07 08:30:00-05:00,,OUTSIDE_EMPIRICAL_PANEL,False
794,Change in Nonfarm Payrolls,US Employment,2000-01-07 13:30:04+00:00,2000-01-07 08:30:04-05:00,,OUTSIDE_EMPIRICAL_PANEL,False
798,CPI MoM,US CPI,2000-01-14 13:30:00+00:00,2000-01-14 08:30:00-05:00,,OUTSIDE_EMPIRICAL_PANEL,False
815,FOMC Rate Decision (Upper Bound),FOMC,2000-02-02 19:15:00+00:00,2000-02-02 14:15:00-05:00,,OUTSIDE_EMPIRICAL_PANEL,False
818,Change in Nonfarm Payrolls,US Employment,2000-02-04 13:30:00+00:00,2000-02-04 08:30:00-05:00,,OUTSIDE_EMPIRICAL_PANEL,False
819,Unemployment Rate,US Employment,2000-02-04 13:30:00+00:00,2000-02-04 08:30:00-05:00,,OUTSIDE_EMPIRICAL_PANEL,False
827,CPI MoM,US CPI,2000-02-18 13:30:00+00:00,2000-02-18 08:30:00-05:00,,OUTSIDE_EMPIRICAL_PANEL,False
842,Unemployment Rate,US Employment,2000-03-03 13:30:00+00:00,2000-03-03 08:30:00-05:00,,OUTSIDE_EMPIRICAL_PANEL,False
843,Change in Nonfarm Payrolls,US Employment,2000-03-03 13:30:02+00:00,2000-03-03 08:30:02-05:00,,OUTSIDE_EMPIRICAL_PANEL,False
853,CPI MoM,US CPI,2000-03-17 13:30:00+00:00,2000-03-17 08:30:00-05:00,,OUTSIDE_EMPIRICAL_PANEL,False
857,FOMC Rate Decision (Upper Bound),FOMC,2000-03-21 19:15:01+00:00,2000-03-21 14:15:01-05:00,,OUTSIDE_EMPIRICAL_PANEL,False
875,Unemployment Rate,US Employment,2000-04-07 13:30:00+00:00,2000-04-07 09:30:00-04:00,,OUTSIDE_EMPIRICAL_PANEL,False
876,Change in Nonfarm Payrolls,US Employment,2000-04-07 13:30:02+00:00,2000-04-07 09:30:02-04:00,,OUTSIDE_EMPIRICAL_PANEL,False
880,CPI MoM,US CPI,2000-04-14 13:30:00+00:00,2000-04-14 09:30:00-04:00,,OUTSIDE_EMPIRICAL_PANEL,False
902,Unemployment Rate,US Employment,2000-05-05 13:30:01+00:00,2000-05-05 09:30:01-04:00,,OUTSIDE_EMPIRICAL_PANEL,False
903,Change in Nonfarm Payrolls,US Employment,2000-05-05 13:30:03+00:00,2000-05-05 09:30:03-04:00,,OUTSIDE_EMPIRICAL_PANEL,False
910,CPI MoM,US CPI,2000-05-16 13:30:00+00:00,2000-05-16 09:30:00-04:00,,OUTSIDE_EMPIRICAL_PANEL,False
912,FOMC Rate Decision (Upper Bound),FOMC,2000-05-16 19:15:01+00:00,2000-05-16 15:15:01-04:00,,OUTSIDE_EMPIRICAL_PANEL,False
930,Unemployment Rate,US Employment,2000-06-02 13:30:00+00:00,2000-06-02 09:30:00-04:00,,OUTSIDE_EMPIRICAL_PANEL,False
931,Change in Nonfarm Payrolls,US Employment,2000-06-02 13:30:03+00:00,2000-06-02 09:30:03-04:00,,OUTSIDE_EMPIRICAL_PANEL,False
938,CPI MoM,US CPI,2000-06-14 13:30:00+00:00,2000-06-14 09:30:00-04:00,,OUTSIDE_EMPIRICAL_PANEL,False
948,FOMC Rate Decision (Upper Bound),FOMC,2000-06-28 19:15:01+00:00,2000-06-28 15:15:01-04:00,,OUTSIDE_EMPIRICAL_PANEL,False
962,Unemployment Rate,US Employment,2000-07-07 13:30:00+00:00,2000-07-07 09:30:00-04:00,,OUTSIDE_EMPIRICAL_PANEL,False
963,Change in Nonfarm Payrolls,US Employment,2000-07-07 13:30:02+00:00,2000-07-07 09:30:02-04:00,,OUTSIDE_EMPIRICAL_PANEL,False
971,CPI MoM,US CPI,2000-07-18 13:30:01+00:00,2000-07-18 09:30:01-04:00,,OUTSIDE_EMPIRICAL_PANEL,False
990,Unemployment Rate,US Employment,2000-08-04 13:30:00+00:00,2000-08-04 09:30:00-04:00,,OUTSIDE_EMPIRICAL_PANEL,False
991,Change in Nonfarm Payrolls,US Employment,2000-08-04 13:30:03+00:00,2000-08-04 09:30:03-04:00,,OUTSIDE_EMPIRICAL_PANEL,False
998,CPI MoM,US CPI,2000-08-16 13:30:00+00:00,2000-08-16 09:30:00-04:00,,OUTSIDE_EMPIRICAL_PANEL,False
1003,FOMC Rate Decision (Upper Bound),FOMC,2000-08-22 19:15:01+00:00,2000-08-22 15:15:01-04:00,,OUTSIDE_EMPIRICAL_PANEL,False
1016,Unemployment Rate,US Employment,2000-09-01 13:30:01+00:00,2000-09-01 09:30:01-04:00,,OUTSIDE_EMPIRICAL_PANEL,False
1017,Change in Nonfarm Payrolls,US Employment,2000-09-01 13:30:03+00:00,2000-09-01 09:30:03-04:00,,OUTSIDE_EMPIRICAL_PANEL,False
1026,CPI MoM,US CPI,2000-09-15 13:30:01+00:00,2000-09-15 09:30:01-04:00,,OUTSIDE_EMPIRICAL_PANEL,False
1046,FOMC Rate Decision (Upper Bound),FOMC,2000-10-03 19:15:01+00:00,2000-10-03 15:15:01-04:00,,OUTSIDE_EMPIRICAL_PANEL,False
1049,Unemployment Rate,US Employment,2000-10-06 13:30:00+00:00,2000-10-06 09:30:00-04:00,,OUTSIDE_EMPIRICAL_PANEL,False
1050,Change in Nonfarm Payrolls,US Employment,2000-10-06 13:30:03+00:00,2000-10-06 09:30:03-04:00,,OUTSIDE_EMPIRICAL_PANEL,False
1059,CPI MoM,US CPI,2000-10-18 13:30:01+00:00,2000-10-18 09:30:01-04:00,,OUTSIDE_EMPIRICAL_PANEL,False
1076,Unemployment Rate,US Employment,2000-11-03 13:30:01+00:00,2000-11-03 08:30:01-05:00,,OUTSIDE_EMPIRICAL_PANEL,False
1077,Change in Nonfarm Payrolls,US Employment,2000-11-03 13:30:03+00:00,2000-11-03 08:30:03-05:00,,OUTSIDE_EMPIRICAL_PANEL,False
1086,FOMC Rate Decision (Upper Bound),FOMC,2000-11-15 19:15:01+00:00,2000-11-15 14:15:01-05:00,,OUTSIDE_EMPIRICAL_PANEL,False
1088,CPI MoM,US CPI,2000-11-16 13:30:01+00:00,2000-11-16 08:30:01-05:00,,OUTSIDE_EMPIRICAL_PANEL,False
1108,Unemployment Rate,US Employment,2000-12-08 13:30:01+00:00,2000-12-08 08:30:01-05:00,,OUTSIDE_EMPIRICAL_PANEL,False
1109,Change in Nonfarm Payrolls,US Employment,2000-12-08 13:30:03+00:00,2000-12-08 08:30:03-05:00,,OUTSIDE_EMPIRICAL_PANEL,False
1116,CPI MoM,US CPI,2000-12-15 13:30:00+00:00,2000-12-15 08:30:00-05:00,,OUTSIDE_EMPIRICAL_PANEL,False
1119,FOMC Rate Decision (Upper Bound),FOMC,2000-12-19 19:15:01+00:00,2000-12-19 14:15:01-05:00,,OUTSIDE_EMPIRICAL_PANEL,False
1134,FOMC Rate Decision (Upper Bound),FOMC,2001-01-03 18:15:01+00:00,2001-01-03 13:15:01-05:00,,OUTSIDE_EMPIRICAL_PANEL,False
1137,Unemployment Rate,US Employment,2001-01-05 13:30:01+00:00,2001-01-05 08:30:01-05:00,,OUTSIDE_EMPIRICAL_PANEL,False
1138,Change in Nonfarm Payrolls,US Employment,2001-01-05 13:30:03+00:00,2001-01-05 08:30:03-05:00,,OUTSIDE_EMPIRICAL_PANEL,False
1144,CPI MoM,US CPI,2001-01-17 13:30:00+00:00,2001-01-17 08:30:00-05:00,,OUTSIDE_EMPIRICAL_PANEL,False
1160,FOMC Rate Decision (Upper Bound),FOMC,2001-01-31 19:15:01+00:00,2001-01-31 14:15:01-05:00,,OUTSIDE_EMPIRICAL_PANEL,False
1165,Unemployment Rate,US Employment,2001-02-02 13:30:01+00:00,2001-02-02 08:30:01-05:00,,OUTSIDE_EMPIRICAL_PANEL,False
1166,Change in Nonfarm Payrolls,US Employment,2001-02-02 13:30:03+00:00,2001-02-02 08:30:03-05:00,,OUTSIDE_EMPIRICAL_PANEL,False
1179,CPI MoM,US CPI,2001-02-21 13:30:00+00:00,2001-02-21 08:30:00-05:00,,OUTSIDE_EMPIRICAL_PANEL,False
1197,Unemployment Rate,US Employment,2001-03-09 13:30:01+00:00,2001-03-09 08:30:01-05:00,,OUTSIDE_EMPIRICAL_PANEL,False
1198,Change in Nonfarm Payrolls,US Employment,2001-03-09 13:30:03+00:00,2001-03-09 08:30:03-05:00,,OUTSIDE_EMPIRICAL_PANEL,False
1207,FOMC Rate Decision (Upper Bound),FOMC,2001-03-20 19:15:00+00:00,2001-03-20 14:15:00-05:00,,OUTSIDE_EMPIRICAL_PANEL,False
1209,CPI MoM,US CPI,2001-03-21 13:30:00+00:00,2001-03-21 08:30:00-05:00,,OUTSIDE_EMPIRICAL_PANEL,False
1226,Unemployment Rate,US Employment,2001-04-06 13:30:01+00:00,2001-04-06 09:30:01-04:00,,OUTSIDE_EMPIRICAL_PANEL,False
1227,Change in Nonfarm Payrolls,US Employment,2001-04-06 13:30:04+00:00,2001-04-06 09:30:04-04:00,,OUTSIDE_EMPIRICAL_PANEL,False
1234,CPI MoM,US CPI,2001-04-17 13:30:00+00:00,2001-04-17 09:30:00-04:00,,OUTSIDE_EMPIRICAL_PANEL,False
1239,FOMC Rate Decision (Upper Bound),FOMC,2001-04-18 15:55:01+00:00,2001-04-18 11:55:01-04:00,,OUTSIDE_EMPIRICAL_PANEL,False
1255,Unemployment Rate,US Employment,2001-05-04 13:30:01+00:00,2001-05-04 09:30:01-04:00,,OUTSIDE_EMPIRICAL_PANEL,False
1256,Change in Nonfarm Payrolls,US Employment,2001-05-04 13:30:02+00:00,2001-05-04 09:30:02-04:00,,OUTSIDE_EMPIRICAL_PANEL,False
1263,FOMC Rate Decision (Upper Bound),FOMC,2001-05-15 19:15:00+00:00,2001-05-15 15:15:00-04:00,,OUTSIDE_EMPIRICAL_PANEL,False
1264,CPI MoM,US CPI,2001-05-16 13:30:00+00:00,2001-05-16 09:30:00-04:00,,OUTSIDE_EMPIRICAL_PANEL,False
1281,Unemployment Rate,US Employment,2001-06-01 13:30:01+00:00,2001-06-01 09:30:01-04:00,,OUTSIDE_EMPIRICAL_PANEL,False
1282,Change in Nonfarm Payrolls,US Employment,2001-06-01 13:30:04+00:00,2001-06-01 09:30:04-04:00,,OUTSIDE_EMPIRICAL_PANEL,False
1292,CPI MoM,US CPI,2001-06-15 13:30:00+00:00,2001-06-15 09:30:00-04:00,,OUTSIDE_EMPIRICAL_PANEL,False
1303,FOMC Rate Decision (Upper Bound),FOMC,2001-06-27 19:12:00+00:00,2001-06-27 15:12:00-04:00,,OUTSIDE_EMPIRICAL_PANEL,False
1315,Unemployment Rate,US Employment,2001-07-06 13:30:00+00:00,2001-07-06 09:30:00-04:00,,OUTSIDE_EMPIRICAL_PANEL,False
1316,Change in Nonfarm Payrolls,US Employment,2001-07-06 13:30:03+00:00,2001-07-06 09:30:03-04:00,,OUTSIDE_EMPIRICAL_PANEL,False
1325,CPI MoM,US CPI,2001-07-18 13:30:00+00:00,2001-07-18 09:30:00-04:00,,OUTSIDE_EMPIRICAL_PANEL,False
1344,Change in Nonfarm Payrolls,US Employment,2001-08-03 13:30:00+00:00,2001-08-03 09:30:00-04:00,,OUTSIDE_EMPIRICAL_PANEL,False
1345,Unemployment Rate,US Employment,2001-08-03 13:30:00+00:00,2001-08-03 09:30:00-04:00,,OUTSIDE_EMPIRICAL_PANEL,False
1353,CPI MoM,US CPI,2001-08-16 13:30:00+00:00,2001-08-16 09:30:00-04:00,,OUTSIDE_EMPIRICAL_PANEL,False
1359,FOMC Rate Decision (Upper Bound),FOMC,2001-08-21 19:15:00+00:00,2001-08-21 15:15:00-04:00,,OUTSIDE_EMPIRICAL_PANEL,False
1375,Unemployment Rate,US Employment,2001-09-07 13:30:00+00:00,2001-09-07 09:30:00-04:00,,OUTSIDE_EMPIRICAL_PANEL,False
1376,Change in Nonfarm Payrolls,US Employment,2001-09-07 13:30:02+00:00,2001-09-07 09:30:02-04:00,,OUTSIDE_EMPIRICAL_PANEL,False
1385,FOMC Rate Decision (Upper Bound),FOMC,2001-09-17 13:20:03+00:00,2001-09-17 09:20:03-04:00,,OUTSIDE_EMPIRICAL_PANEL,False
1386,CPI MoM,US CPI,2001-09-18 13:30:00+00:00,2001-09-18 09:30:00-04:00,,OUTSIDE_EMPIRICAL_PANEL,False
1397,Natl CPI YoY,JPY National CPI,2001-09-28 00:00:02+00:00,2001-09-27 20:00:02-04:00,,OUTSIDE_EMPIRICAL_PANEL,False
1406,FOMC Rate Decision (Upper Bound),FOMC,2001-10-02 19:15:00+00:00,2001-10-02 15:15:00-04:00,,OUTSIDE_EMPIRICAL_PANEL,False
1409,Change in Nonfarm Payrolls,US Employment,2001-10-05 13:30:00+00:00,2001-10-05 09:30:00-04:00,,OUTSIDE_EMPIRICAL_PANEL,False
1410,Unemployment Rate,US Employment,2001-10-05 13:30:00+00:00,2001-10-05 09:30:00-04:00,,OUTSIDE_EMPIRICAL_PANEL,False
1421,CPI MoM,US CPI,2001-10-19 13:30:00+00:00,2001-10-19 09:30:00-04:00,,OUTSIDE_EMPIRICAL_PANEL,False
1427,Natl CPI YoY,JPY National CPI,2001-10-26 00:00:02+00:00,2001-10-25 20:00:02-04:00,,OUTSIDE_EMPIRICAL_PANEL,False
1440,Unemployment Rate,US Employment,2001-11-02 13:30:00+00:00,2001-11-02 08:30:00-05:00,,OUTSIDE_EMPIRICAL_PANEL,False
1441,Change in Nonfarm Payrolls,US Employment,2001-11-02 13:30:02+00:00,2001-11-02 08:30:02-05:00,,OUTSIDE_EMPIRICAL_PANEL,False
1443,FOMC Rate Decision (Upper Bound),FOMC,2001-11-06 19:20:01+00:00,2001-11-06 14:20:01-05:00,,OUTSIDE_EMPIRICAL_PANEL,False
1452,CPI MoM,US CPI,2001-11-16 13:30:00+00:00,2001-11-16 08:30:00-05:00,,OUTSIDE_EMPIRICAL_PANEL,False
1467,Natl CPI YoY,JPY National CPI,2001-11-29 23:00:09+00:00,2001-11-29 18:00:09-05:00,,OUTSIDE_EMPIRICAL_PANEL,False
1475,Unemployment Rate,US Employment,2001-12-07 13:30:00+00:00,2001-12-07 08:30:00-05:00,,OUTSIDE_EMPIRICAL_PANEL,False
1476,Change in Nonfarm Payrolls,US Employment,2001-12-07 13:30:03+00:00,2001-12-07 08:30:03-05:00,,OUTSIDE_EMPIRICAL_PANEL,False
1480,FOMC Rate Decision (Upper Bound),FOMC,2001-12-11 19:14:01+00:00,2001-12-11 14:14:01-05:00,,OUTSIDE_EMPIRICAL_PANEL,False
1486,CPI MoM,US CPI,2001-12-14 13:30:00+00:00,2001-12-14 08:30:00-05:00,,OUTSIDE_EMPIRICAL_PANEL,False
1500,Natl CPI YoY,JPY National CPI,2001-12-27 23:00:09+00:00,2001-12-27 18:00:09-05:00,,OUTSIDE_EMPIRICAL_PANEL,False
1508,Unemployment Rate,US Employment,2002-01-04 13:30:00+00:00,2002-01-04 08:30:00-05:00,,OUTSIDE_EMPIRICAL_PANEL,False
1509,Change in Nonfarm Payrolls,US Employment,2002-01-04 13:30:02+00:00,2002-01-04 08:30:02-05:00,,OUTSIDE_EMPIRICAL_PANEL,False
1515,CPI MoM,US CPI,2002-01-16 13:30:00+00:00,2002-01-16 08:30:00-05:00,,OUTSIDE_EMPIRICAL_PANEL,False
1527,Natl CPI YoY,JPY National CPI,2002-01-24 23:00:08+00:00,2002-01-24 18:00:08-05:00,,OUTSIDE_EMPIRICAL_PANEL,False
1534,FOMC Rate Decision (Upper Bound),FOMC,2002-01-30 19:15:00+00:00,2002-01-30 14:15:00-05:00,,OUTSIDE_EMPIRICAL_PANEL,False
1539,Unemployment Rate,US Employment,2002-02-01 13:30:00+00:00,2002-02-01 08:30:00-05:00,,OUTSIDE_EMPIRICAL_PANEL,False
1540,Change in Nonfarm Payrolls,US Employment,2002-02-01 13:30:02+00:00,2002-02-01 08:30:02-05:00,,OUTSIDE_EMPIRICAL_PANEL,False
1554,CPI MoM,US CPI,2002-02-20 13:30:00+00:00,2002-02-20 08:30:00-05:00,,OUTSIDE_EMPIRICAL_PANEL,False
1568,Natl CPI YoY,JPY National CPI,2002-02-28 23:00:09+00:00,2002-02-28 18:00:09-05:00,,OUTSIDE_EMPIRICAL_PANEL,False
1575,Unemployment Rate,US Employment,2002-03-08 13:30:00+00:00,2002-03-08 08:30:00-05:00,,OUTSIDE_EMPIRICAL_PANEL,False
1576,Change in Nonfarm Payrolls,US Employment,2002-03-08 13:30:02+00:00,2002-03-08 08:30:02-05:00,,OUTSIDE_EMPIRICAL_PANEL,False
1586,FOMC Rate Decision (Upper Bound),FOMC,2002-03-19 19:15:00+00:00,2002-03-19 14:15:00-05:00,,OUTSIDE_EMPIRICAL_PANEL,False
1590,CPI MoM,US CPI,2002-03-21 13:30:01+00:00,2002-03-21 08:30:01-05:00,,OUTSIDE_EMPIRICAL_PANEL,False
1601,Natl CPI YoY,JPY National CPI,2002-03-28 23:30:08+00:00,2002-03-28 18:30:08-05:00,,OUTSIDE_EMPIRICAL_PANEL,False
1610,Unemployment Rate,US Employment,2002-04-05 14:30:00+00:00,2002-04-05 09:30:00-05:00,,OUTSIDE_EMPIRICAL_PANEL,False
1611,Change in Nonfarm Payrolls,US Employment,2002-04-05 14:30:02+00:00,2002-04-05 09:30:02-05:00,,OUTSIDE_EMPIRICAL_PANEL,False
1619,CPI MoM,US CPI,2002-04-16 13:30:00+00:00,2002-04-16 09:30:00-04:00,,OUTSIDE_EMPIRICAL_PANEL,False
1631,Natl CPI YoY,JPY National CPI,2002-04-26 00:30:09+00:00,2002-04-25 20:30:09-04:00,,OUTSIDE_EMPIRICAL_PANEL,False
1642,Unemployment Rate,US Employment,2002-05-03 13:30:00+00:00,2002-05-03 09:30:00-04:00,,OUTSIDE_EMPIRICAL_PANEL,False
1643,Change in Nonfarm Payrolls,US Employment,2002-05-03 13:30:02+00:00,2002-05-03 09:30:02-04:00,,OUTSIDE_EMPIRICAL_PANEL,False
1645,FOMC Rate Decision (Upper Bound),FOMC,2002-05-07 19:15:00+00:00,2002-05-07 15:15:00-04:00,,OUTSIDE_EMPIRICAL_PANEL,False
1650,CPI MoM,US CPI,2002-05-15 13:30:00+00:00,2002-05-15 09:30:00-04:00,,OUTSIDE_EMPIRICAL_PANEL,False
1670,Natl CPI YoY,JPY National CPI,2002-05-31 00:30:09+00:00,2002-05-30 20:30:09-04:00,,OUTSIDE_EMPIRICAL_PANEL,False
1676,Unemployment Rate,US Employment,2002-06-07 13:30:00+00:00,2002-06-07 09:30:00-04:00,,OUTSIDE_EMPIRICAL_PANEL,False
1677,Change in Nonfarm Payrolls,US Employment,2002-06-07 13:30:02+00:00,2002-06-07 09:30:02-04:00,,OUTSIDE_EMPIRICAL_PANEL,False
1686,CPI MoM,US CPI,2002-06-18 13:30:00+00:00,2002-06-18 09:30:00-04:00,,OUTSIDE_EMPIRICAL_PANEL,False
1695,FOMC Rate Decision (Upper Bound),FOMC,2002-06-26 19:15:00+00:00,2002-06-26 15:15:00-04:00,,OUTSIDE_EMPIRICAL_PANEL,False
1700,Natl CPI YoY,JPY National CPI,2002-06-28 00:30:09+00:00,2002-06-27 20:30:09-04:00,,OUTSIDE_EMPIRICAL_PANEL,False
1711,Unemployment Rate,US Employment,2002-07-05 13:30:00+00:00,2002-07-05 09:30:00-04:00,,OUTSIDE_EMPIRICAL_PANEL,False
1712,Change in Nonfarm Payrolls,US Employment,2002-07-05 13:30:02+00:00,2002-07-05 09:30:02-04:00,,OUTSIDE_EMPIRICAL_PANEL,False
1724,CPI MoM,US CPI,2002-07-19 13:30:00+00:00,2002-07-19 09:30:00-04:00,,OUTSIDE_EMPIRICAL_PANEL,False
1731,Natl CPI YoY,JPY National CPI,2002-07-26 00:30:07+00:00,2002-07-25 20:30:07-04:00,,OUTSIDE_EMPIRICAL_PANEL,False
1742,Unemployment Rate,US Employment,2002-08-02 13:30:03+00:00,2002-08-02 09:30:03-04:00,,OUTSIDE_EMPIRICAL_PANEL,False
1743,Change in Nonfarm Payrolls,US Employment,2002-08-02 13:30:05+00:00,2002-08-02 09:30:05-04:00,,OUTSIDE_EMPIRICAL_PANEL,False
1750,FOMC Rate Decision (Upper Bound),FOMC,2002-08-13 19:15:00+00:00,2002-08-13 15:15:00-04:00,,OUTSIDE_EMPIRICAL_PANEL,False
1754,CPI MoM,US CPI,2002-08-16 13:30:01+00:00,2002-08-16 09:30:01-04:00,,OUTSIDE_EMPIRICAL_PANEL,False
1768,Natl CPI YoY,JPY National CPI,2002-08-30 00:30:09+00:00,2002-08-29 20:30:09-04:00,,OUTSIDE_EMPIRICAL_PANEL,False
1777,Unemployment Rate,US Employment,2002-09-06 13:30:00+00:00,2002-09-06 09:30:00-04:00,,OUTSIDE_EMPIRICAL_PANEL,False
1778,Change in Nonfarm Payrolls,US Employment,2002-09-06 13:30:02+00:00,2002-09-06 09:30:02-04:00,,OUTSIDE_EMPIRICAL_PANEL,False
1787,CPI MoM,US CPI,2002-09-18 13:30:00+00:00,2002-09-18 09:30:00-04:00,,OUTSIDE_EMPIRICAL_PANEL,False
1794,FOMC Rate Decision (Upper Bound),FOMC,2002-09-24 19:15:00+00:00,2002-09-24 15:15:00-04:00,,OUTSIDE_EMPIRICAL_PANEL,False
1800,Natl CPI YoY,JPY National CPI,2002-09-27 00:30:09+00:00,2002-09-26 20:30:09-04:00,,OUTSIDE_EMPIRICAL_PANEL,False
1812,Unemployment Rate,US Employment,2002-10-04 13:30:00+00:00,2002-10-04 09:30:00-04:00,,OUTSIDE_EMPIRICAL_PANEL,False
1813,Change in Nonfarm Payrolls,US Employment,2002-10-04 13:30:02+00:00,2002-10-04 09:30:02-04:00,,OUTSIDE_EMPIRICAL_PANEL,False
1824,CPI MoM,US CPI,2002-10-18 13:30:00+00:00,2002-10-18 09:30:00-04:00,,OUTSIDE_EMPIRICAL_PANEL,False
1825,CPI YoY,US CPI,2002-10-18 13:30:03+00:00,2002-10-18 09:30:03-04:00,,OUTSIDE_EMPIRICAL_PANEL,False
1831,Natl CPI YoY,JPY National CPI,2002-10-25 00:30:08+00:00,2002-10-24 20:30:08-04:00,,OUTSIDE_EMPIRICAL_PANEL,False
1841,Unemployment Rate,US Employment,2002-11-01 13:30:00+00:00,2002-11-01 08:30:00-05:00,,OUTSIDE_EMPIRICAL_PANEL,False
1842,Change in Nonfarm Payrolls,US Employment,2002-11-01 13:30:03+00:00,2002-11-01 08:30:03-05:00,,OUTSIDE_EMPIRICAL_PANEL,False
1847,FOMC Rate Decision (Upper Bound),FOMC,2002-11-06 19:14:00+00:00,2002-11-06 14:14:00-05:00,,OUTSIDE_EMPIRICAL_PANEL,False
1858,CPI MoM,US CPI,2002-11-19 13:30:01+00:00,2002-11-19 08:30:01-05:00,,OUTSIDE_EMPIRICAL_PANEL,False
1859,CPI YoY,US CPI,2002-11-19 13:30:03+00:00,2002-11-19 08:30:03-05:00,,OUTSIDE_EMPIRICAL_PANEL,False
1876,Natl CPI YoY,JPY National CPI,2002-11-28 23:30:08+00:00,2002-11-28 18:30:08-05:00,,OUTSIDE_EMPIRICAL_PANEL,False
1881,Unemployment Rate,US Employment,2002-12-06 13:30:00+00:00,2002-12-06 08:30:00-05:00,,OUTSIDE_EMPIRICAL_PANEL,False
1882,Change in Nonfarm Payrolls,US Employment,2002-12-06 13:30:03+00:00,2002-12-06 08:30:03-05:00,,OUTSIDE_EMPIRICAL_PANEL,False
1885,FOMC Rate Decision (Upper Bound),FOMC,2002-12-10 19:15:00+00:00,2002-12-10 14:15:00-05:00,,OUTSIDE_EMPIRICAL_PANEL,False
1894,CPI MoM,US CPI,2002-12-17 13:30:01+00:00,2002-12-17 08:30:01-05:00,,OUTSIDE_EMPIRICAL_PANEL,False
1895,CPI YoY,US CPI,2002-12-17 13:30:04+00:00,2002-12-17 08:30:04-05:00,,OUTSIDE_EMPIRICAL_PANEL,False
1910,Natl CPI YoY,JPY National CPI,2002-12-26 23:30:08+00:00,2002-12-26 18:30:08-05:00,,OUTSIDE_EMPIRICAL_PANEL,False
1920,Unemployment Rate,US Employment,2003-01-10 13:30:00+00:00,2003-01-10 08:30:00-05:00,,OUTSIDE_EMPIRICAL_PANEL,False
1921,Change in Nonfarm Payrolls,US Employment,2003-01-10 13:30:03+00:00,2003-01-10 08:30:03-05:00,,OUTSIDE_EMPIRICAL_PANEL,False
1926,CPI MoM,US CPI,2003-01-16 13:30:00+00:00,2003-01-16 08:30:00-05:00,,OUTSIDE_EMPIRICAL_PANEL,False
1927,CPI YoY,US CPI,2003-01-16 13:30:02+00:00,2003-01-16 08:30:02-05:00,,OUTSIDE_EMPIRICAL_PANEL,False
1941,FOMC Rate Decision (Upper Bound),FOMC,2003-01-29 19:16:00+00:00,2003-01-29 14:16:00-05:00,,OUTSIDE_EMPIRICAL_PANEL,False
1947,Natl CPI YoY,JPY National CPI,2003-01-30 23:30:08+00:00,2003-01-30 18:30:08-05:00,,OUTSIDE_EMPIRICAL_PANEL,False
1955,Unemployment Rate,US Employment,2003-02-07 13:30:00+00:00,2003-02-07 08:30:00-05:00,,OUTSIDE_EMPIRICAL_PANEL,False
1956,Change in Nonfarm Payrolls,US Employment,2003-02-07 13:30:03+00:00,2003-02-07 08:30:03-05:00,,OUTSIDE_EMPIRICAL_PANEL,False
1971,CPI MoM,US CPI,2003-02-21 13:30:00+00:00,2003-02-21 08:30:00-05:00,,OUTSIDE_EMPIRICAL_PANEL,False
1972,CPI YoY,US CPI,2003-02-21 13:30:02+00:00,2003-02-21 08:30:02-05:00,,OUTSIDE_EMPIRICAL_PANEL,False
1980,Natl CPI YoY,JPY National CPI,2003-02-27 23:30:08+00:00,2003-02-27 18:30:08-05:00,,OUTSIDE_EMPIRICAL_PANEL,False
1990,Unemployment Rate,US Employment,2003-03-07 13:30:00+00:00,2003-03-07 08:30:00-05:00,,OUTSIDE_EMPIRICAL_PANEL,False
1991,Change in Nonfarm Payrolls,US Employment,2003-03-07 13:30:03+00:00,2003-03-07 08:30:03-05:00,,OUTSIDE_EMPIRICAL_PANEL,False
2003,FOMC Rate Decision (Upper Bound),FOMC,2003-03-18 19:15:00+00:00,2003-03-18 14:15:00-05:00,,OUTSIDE_EMPIRICAL_PANEL,False
2006,CPI MoM,US CPI,2003-03-21 13:30:00+00:00,2003-03-21 08:30:00-05:00,,OUTSIDE_EMPIRICAL_PANEL,False
2007,CPI YoY,US CPI,2003-03-21 13:30:02+00:00,2003-03-21 08:30:02-05:00,,OUTSIDE_EMPIRICAL_PANEL,False
2017,Natl CPI YoY,JPY National CPI,2003-03-27 23:30:08+00:00,2003-03-27 18:30:08-05:00,,OUTSIDE_EMPIRICAL_PANEL,False
2028,Unemployment Rate,US Employment,2003-04-04 14:30:00+00:00,2003-04-04 09:30:00-05:00,,OUTSIDE_EMPIRICAL_PANEL,False
2029,Change in Nonfarm Payrolls,US Employment,2003-04-04 14:30:03+00:00,2003-04-04 09:30:03-05:00,,OUTSIDE_EMPIRICAL_PANEL,False
2039,CPI MoM,US CPI,2003-04-16 13:30:00+00:00,2003-04-16 09:30:00-04:00,,OUTSIDE_EMPIRICAL_PANEL,False
2040,CPI YoY,US CPI,2003-04-16 13:30:02+00:00,2003-04-16 09:30:02-04:00,,OUTSIDE_EMPIRICAL_PANEL,False
2051,Natl CPI YoY,JPY National CPI,2003-04-25 00:30:08+00:00,2003-04-24 20:30:08-04:00,,OUTSIDE_EMPIRICAL_PANEL,False
2062,Unemployment Rate,US Employment,2003-05-02 13:30:00+00:00,2003-05-02 09:30:00-04:00,,OUTSIDE_EMPIRICAL_PANEL,False
2063,Change in Nonfarm Payrolls,US Employment,2003-05-02 13:30:03+00:00,2003-05-02 09:30:03-04:00,,OUTSIDE_EMPIRICAL_PANEL,False
2065,FOMC Rate Decision (Upper Bound),FOMC,2003-05-06 19:13:00+00:00,2003-05-06 15:13:00-04:00,2003-05-06,MAPPED,True
2076,CPI MoM,US CPI,2003-05-16 13:30:00+00:00,2003-05-16 09:30:00-04:00,2003-05-16,MAPPED,True
2077,CPI YoY,US CPI,2003-05-16 13:30:02+00:00,2003-05-16 09:30:02-04:00,2003-05-16,MAPPED,True
2092,Natl CPI YoY,JPY National CPI,2003-05-30 00:30:08+00:00,2003-05-29 20:30:08-04:00,2003-05-30,MAPPED,True
2100,Unemployment Rate,US Employment,2003-06-06 13:30:00+00:00,2003-06-06 09:30:00-04:00,2003-06-06,MAPPED,True
2101,Change in Nonfarm Payrolls,US Employment,2003-06-06 13:30:03+00:00,2003-06-06 09:30:03-04:00,2003-06-06,MAPPED,True
2111,CPI MoM,US CPI,2003-06-17 13:30:00+00:00,2003-06-17 09:30:00-04:00,2003-06-17,MAPPED,True
2112,CPI YoY,US CPI,2003-06-17 13:30:02+00:00,2003-06-17 09:30:02-04:00,2003-06-17,MAPPED,True
2121,FOMC Rate Decision (Upper Bound),FOMC,2003-06-25 19:15:00+00:00,2003-06-25 15:15:00-04:00,2003-06-25,MAPPED,True
2127,Natl CPI YoY,JPY National CPI,2003-06-27 00:30:08+00:00,2003-06-26 20:30:08-04:00,2003-06-27,MAPPED,True
2137,Unemployment Rate,US Employment,2003-07-03 13:30:00+00:00,2003-07-03 09:30:00-04:00,2003-07-03,MAPPED,True
2138,Change in Nonfarm Payrolls,US Employment,2003-07-03 13:30:03+00:00,2003-07-03 09:30:03-04:00,2003-07-03,MAPPED,True
2148,CPI MoM,US CPI,2003-07-16 13:30:00+00:00,2003-07-16 09:30:00-04:00,2003-07-16,MAPPED,True
2149,CPI YoY,US CPI,2003-07-16 13:30:02+00:00,2003-07-16 09:30:02-04:00,2003-07-16,MAPPED,True
2158,Natl CPI YoY,JPY National CPI,2003-07-25 00:30:08+00:00,2003-07-24 20:30:08-04:00,2003-07-25,MAPPED,True
2168,Unemployment Rate,US Employment,2003-08-01 13:30:00+00:00,2003-08-01 09:30:00-04:00,2003-08-01,MAPPED,True
2169,Change in Nonfarm Payrolls,US Employment,2003-08-01 13:30:03+00:00,2003-08-01 09:30:03-04:00,2003-08-01,MAPPED,True
2180,FOMC Rate Decision (Upper Bound),FOMC,2003-08-12 19:15:00+00:00,2003-08-12 15:15:00-04:00,2003-08-12,MAPPED,True
2185,CPI MoM,US CPI,2003-08-15 13:30:00+00:00,2003-08-15 09:30:00-04:00,2003-08-15,MAPPED,True
2186,CPI YoY,US CPI,2003-08-15 13:30:02+00:00,2003-08-15 09:30:02-04:00,2003-08-15,MAPPED,True
2202,Natl CPI YoY,JPY National CPI,2003-08-29 00:30:08+00:00,2003-08-28 20:30:08-04:00,2003-08-29,MAPPED,True
2212,Unemployment Rate,US Employment,2003-09-05 13:30:00+00:00,2003-09-05 09:30:00-04:00,2003-09-05,MAPPED,True
2213,Change in Nonfarm Payrolls,US Employment,2003-09-05 13:30:03+00:00,2003-09-05 09:30:03-04:00,2003-09-05,MAPPED,True
2224,CPI MoM,US CPI,2003-09-16 13:30:00+00:00,2003-09-16 09:30:00-04:00,2003-09-16,MAPPED,True
2225,CPI YoY,US CPI,2003-09-16 13:30:02+00:00,2003-09-16 09:30:02-04:00,2003-09-16,MAPPED,True
2226,FOMC Rate Decision (Upper Bound),FOMC,2003-09-16 19:19:00+00:00,2003-09-16 15:19:00-04:00,2003-09-16,MAPPED,True
2235,Natl CPI YoY,JPY National CPI,2003-09-26 00:30:08+00:00,2003-09-25 20:30:08-04:00,2003-09-26,MAPPED,True
2251,Unemployment Rate,US Employment,2003-10-03 13:30:00+00:00,2003-10-03 09:30:00-04:00,2003-10-03,MAPPED,True
2252,Change in Nonfarm Payrolls,US Employment,2003-10-03 13:30:03+00:00,2003-10-03 09:30:03-04:00,2003-10-03,MAPPED,True
2262,CPI MoM,US CPI,2003-10-16 13:30:00+00:00,2003-10-16 09:30:00-04:00,2003-10-16,MAPPED,True
2263,CPI YoY,US CPI,2003-10-16 13:30:02+00:00,2003-10-16 09:30:02-04:00,2003-10-16,MAPPED,True
2274,FOMC Rate Decision (Upper Bound),FOMC,2003-10-28 19:15:00+00:00,2003-10-28 14:15:00-05:00,2003-10-28,MAPPED,True
2281,Natl CPI YoY,JPY National CPI,2003-10-30 23:30:08+00:00,2003-10-30 18:30:08-05:00,2003-10-31,MAPPED,True
2290,Unemployment Rate,US Employment,2003-11-07 13:30:00+00:00,2003-11-07 08:30:00-05:00,2003-11-07,MAPPED,True
2291,Change in Nonfarm Payrolls,US Employment,2003-11-07 13:30:03+00:00,2003-11-07 08:30:03-05:00,2003-11-07,MAPPED,True
2303,CPI MoM,US CPI,2003-11-18 13:30:00+00:00,2003-11-18 08:30:00-05:00,2003-11-18,MAPPED,True
2304,CPI YoY,US CPI,2003-11-18 13:30:02+00:00,2003-11-18 08:30:02-05:00,2003-11-18,MAPPED,True
2321,Natl CPI YoY,JPY National CPI,2003-11-27 23:30:08+00:00,2003-11-27 18:30:08-05:00,2003-11-28,MAPPED,True
2326,Unemployment Rate,US Employment,2003-12-05 13:30:00+00:00,2003-12-05 08:30:00-05:00,2003-12-05,MAPPED,True
2327,Change in Nonfarm Payrolls,US Employment,2003-12-05 13:30:03+00:00,2003-12-05 08:30:03-05:00,2003-12-05,MAPPED,True
2331,FOMC Rate Decision (Upper Bound),FOMC,2003-12-09 19:15:00+00:00,2003-12-09 14:15:00-05:00,2003-12-09,MAPPED,True
2342,CPI MoM,US CPI,2003-12-16 13:30:00+00:00,2003-12-16 08:30:00-05:00,2003-12-16,MAPPED,True
2343,CPI YoY,US CPI,2003-12-16 13:30:02+00:00,2003-12-16 08:30:02-05:00,2003-12-16,MAPPED,True
2359,Natl CPI YoY,JPY National CPI,2003-12-25 23:30:08+00:00,2003-12-25 18:30:08-05:00,2003-12-26,MAPPED,True
2369,Unemployment Rate,US Employment,2004-01-09 13:30:00+00:00,2004-01-09 08:30:00-05:00,2004-01-09,MAPPED,True
2370,Change in Nonfarm Payrolls,US Employment,2004-01-09 13:30:03+00:00,2004-01-09 08:30:03-05:00,2004-01-09,MAPPED,True
2376,CPI MoM,US CPI,2004-01-15 13:30:01+00:00,2004-01-15 08:30:01-05:00,2004-01-15,MAPPED,True
2377,CPI YoY,US CPI,2004-01-15 13:30:03+00:00,2004-01-15 08:30:03-05:00,2004-01-15,MAPPED,True
2392,FOMC Rate Decision (Upper Bound),FOMC,2004-01-28 19:15:00+00:00,2004-01-28 14:15:00-05:00,2004-01-28,MAPPED,True
2398,Natl CPI YoY,JPY National CPI,2004-01-29 23:30:08+00:00,2004-01-29 18:30:08-05:00,2004-01-30,MAPPED,True
2409,Unemployment Rate,US Employment,2004-02-06 13:30:00+00:00,2004-02-06 08:30:00-05:00,2004-02-06,MAPPED,True
2410,Change in Nonfarm Payrolls,US Employment,2004-02-06 13:30:03+00:00,2004-02-06 08:30:03-05:00,2004-02-06,MAPPED,True
2429,CPI MoM,US CPI,2004-02-20 13:30:00+00:00,2004-02-20 08:30:00-05:00,2004-02-20,MAPPED,True
2430,CPI YoY,US CPI,2004-02-20 13:30:02+00:00,2004-02-20 08:30:02-05:00,2004-02-20,MAPPED,True
2439,Natl CPI YoY,JPY National CPI,2004-02-26 23:30:08+00:00,2004-02-26 18:30:08-05:00,2004-02-27,MAPPED,True
2451,Unemployment Rate,US Employment,2004-03-05 13:30:00+00:00,2004-03-05 08:30:00-05:00,2004-03-05,MAPPED,True
2452,Change in Nonfarm Payrolls,US Employment,2004-03-05 13:30:03+00:00,2004-03-05 08:30:03-05:00,2004-03-05,MAPPED,True
2466,FOMC Rate Decision (Upper Bound),FOMC,2004-03-16 19:15:00+00:00,2004-03-16 14:15:00-05:00,2004-03-16,MAPPED,True
2468,CPI MoM,US CPI,2004-03-17 13:30:00+00:00,2004-03-17 08:30:00-05:00,2004-03-17,MAPPED,True
2469,CPI YoY,US CPI,2004-03-17 13:30:02+00:00,2004-03-17 08:30:02-05:00,2004-03-17,MAPPED,True
2479,Natl CPI YoY,JPY National CPI,2004-03-25 23:30:08+00:00,2004-03-25 18:30:08-05:00,2004-03-26,MAPPED,True
2495,Unemployment Rate,US Employment,2004-04-02 14:30:00+00:00,2004-04-02 09:30:00-05:00,2004-04-02,MAPPED,True
2496,Change in Nonfarm Payrolls,US Employment,2004-04-02 14:30:03+00:00,2004-04-02 09:30:03-05:00,2004-04-02,MAPPED,True
2505,CPI MoM,US CPI,2004-04-14 13:30:00+00:00,2004-04-14 09:30:00-04:00,2004-04-14,MAPPED,True
2506,CPI YoY,US CPI,2004-04-14 13:30:02+00:00,2004-04-14 09:30:02-04:00,2004-04-14,MAPPED,True
2528,Natl CPI YoY,JPY National CPI,2004-04-30 00:30:09+00:00,2004-04-29 20:30:09-04:00,2004-04-30,MAPPED,True
2536,FOMC Rate Decision (Upper Bound),FOMC,2004-05-04 19:15:00+00:00,2004-05-04 15:15:00-04:00,2004-05-04,MAPPED,True
2539,Unemployment Rate,US Employment,2004-05-07 13:30:00+00:00,2004-05-07 09:30:00-04:00,2004-05-07,MAPPED,True
2540,Change in Nonfarm Payrolls,US Employment,2004-05-07 13:30:03+00:00,2004-05-07 09:30:03-04:00,2004-05-07,MAPPED,True
2547,CPI MoM,US CPI,2004-05-14 13:30:00+00:00,2004-05-14 09:30:00-04:00,2004-05-14,MAPPED,True
2548,CPI YoY,US CPI,2004-05-14 13:30:02+00:00,2004-05-14 09:30:02-04:00,2004-05-14,MAPPED,True
2569,Natl CPI YoY,JPY National CPI,2004-05-28 00:30:06+00:00,2004-05-27 20:30:06-04:00,2004-05-28,MAPPED,True
2580,Unemployment Rate,US Employment,2004-06-04 13:30:00+00:00,2004-06-04 09:30:00-04:00,2004-06-04,MAPPED,True
2581,Change in Nonfarm Payrolls,US Employment,2004-06-04 13:30:03+00:00,2004-06-04 09:30:03-04:00,2004-06-04,MAPPED,True
2591,CPI MoM,US CPI,2004-06-15 13:30:00+00:00,2004-06-15 09:30:00-04:00,2004-06-15,MAPPED,True
2592,CPI YoY,US CPI,2004-06-15 13:30:02+00:00,2004-06-15 09:30:02-04:00,2004-06-15,MAPPED,True
2606,Natl CPI YoY,JPY National CPI,2004-06-25 00:30:05+00:00,2004-06-24 20:30:05-04:00,2004-06-25,MAPPED,True
2617,FOMC Rate Decision (Upper Bound),FOMC,2004-06-30 19:15:00+00:00,2004-06-30 15:15:00-04:00,2004-06-30,MAPPED,True
2623,Unemployment Rate,US Employment,2004-07-02 13:30:00+00:00,2004-07-02 09:30:00-04:00,2004-07-02,MAPPED,True
2624,Change in Nonfarm Payrolls,US Employment,2004-07-02 13:30:03+00:00,2004-07-02 09:30:03-04:00,2004-07-02,MAPPED,True
2639,CPI MoM,US CPI,2004-07-16 13:30:00+00:00,2004-07-16 09:30:00-04:00,2004-07-16,MAPPED,True
2640,CPI YoY,US CPI,2004-07-16 13:30:02+00:00,2004-07-16 09:30:02-04:00,2004-07-16,MAPPED,True
2656,Natl CPI YoY,JPY National CPI,2004-07-30 00:30:08+00:00,2004-07-29 20:30:08-04:00,2004-07-30,MAPPED,True
2667,Unemployment Rate,US Employment,2004-08-06 13:30:00+00:00,2004-08-06 09:30:00-04:00,2004-08-06,MAPPED,True
2668,Change in Nonfarm Payrolls,US Employment,2004-08-06 13:30:03+00:00,2004-08-06 09:30:03-04:00,2004-08-06,MAPPED,True
2671,FOMC Rate Decision (Upper Bound),FOMC,2004-08-10 19:15:00+00:00,2004-08-10 15:15:00-04:00,2004-08-10,MAPPED,True
2681,CPI MoM,US CPI,2004-08-17 13:30:01+00:00,2004-08-17 09:30:01-04:00,2004-08-17,MAPPED,True
2682,CPI YoY,US CPI,2004-08-17 13:30:03+00:00,2004-08-17 09:30:03-04:00,2004-08-17,MAPPED,True
2696,Natl CPI YoY,JPY National CPI,2004-08-27 00:30:08+00:00,2004-08-26 20:30:08-04:00,2004-08-27,MAPPED,True
2709,Unemployment Rate,US Employment,2004-09-03 13:30:00+00:00,2004-09-03 09:30:00-04:00,2004-09-03,MAPPED,True
2710,Change in Nonfarm Payrolls,US Employment,2004-09-03 13:30:03+00:00,2004-09-03 09:30:03-04:00,2004-09-03,MAPPED,True
2723,CPI MoM,US CPI,2004-09-16 13:30:00+00:00,2004-09-16 09:30:00-04:00,2004-09-16,MAPPED,True
2724,CPI YoY,US CPI,2004-09-16 13:30:02+00:00,2004-09-16 09:30:02-04:00,2004-09-16,MAPPED,True
2728,FOMC Rate Decision (Upper Bound),FOMC,2004-09-21 19:15:00+00:00,2004-09-21 15:15:00-04:00,2004-09-21,MAPPED,True
2746,Natl CPI YoY,JPY National CPI,2004-10-01 00:30:08+00:00,2004-09-30 20:30:08-04:00,2004-10-01,MAPPED,True
2757,Unemployment Rate,US Employment,2004-10-08 13:30:00+00:00,2004-10-08 09:30:00-04:00,2004-10-08,MAPPED,True
2758,Change in Nonfarm Payrolls,US Employment,2004-10-08 13:30:03+00:00,2004-10-08 09:30:03-04:00,2004-10-08,MAPPED,True
2770,CPI MoM,US CPI,2004-10-19 13:30:00+00:00,2004-10-19 09:30:00-04:00,2004-10-19,MAPPED,True
2771,CPI YoY,US CPI,2004-10-19 13:30:02+00:00,2004-10-19 09:30:02-04:00,2004-10-19,MAPPED,True
2786,Natl CPI YoY,JPY National CPI,2004-10-29 00:30:08+00:00,2004-10-28 20:30:08-04:00,2004-10-29,MAPPED,True
2797,Unemployment Rate,US Employment,2004-11-05 13:30:00+00:00,2004-11-05 08:30:00-05:00,2004-11-05,MAPPED,True
2798,Change in Nonfarm Payrolls,US Employment,2004-11-05 13:30:03+00:00,2004-11-05 08:30:03-05:00,2004-11-05,MAPPED,True
2804,FOMC Rate Decision (Upper Bound),FOMC,2004-11-10 19:15:00+00:00,2004-11-10 14:15:00-05:00,2004-11-10,MAPPED,True
2812,CPI MoM,US CPI,2004-11-17 13:30:00+00:00,2004-11-17 08:30:00-05:00,2004-11-17,MAPPED,True
2813,CPI YoY,US CPI,2004-11-17 13:30:02+00:00,2004-11-17 08:30:02-05:00,2004-11-17,MAPPED,True
2825,Natl CPI YoY,JPY National CPI,2004-11-25 23:30:08+00:00,2004-11-25 18:30:08-05:00,2004-11-26,MAPPED,True
2840,Unemployment Rate,US Employment,2004-12-03 13:30:00+00:00,2004-12-03 08:30:00-05:00,2004-12-03,MAPPED,True
2841,Change in Nonfarm Payrolls,US Employment,2004-12-03 13:30:03+00:00,2004-12-03 08:30:03-05:00,2004-12-03,MAPPED,True
2842,GDP SA QoQ,JPY GDP,2004-12-07 23:50:00+00:00,2004-12-07 18:50:00-05:00,2004-12-08,MAPPED,True
2843,GDP Annualized SA QoQ,JPY GDP,2004-12-07 23:50:01+00:00,2004-12-07 18:50:01-05:00,2004-12-08,MAPPED,True
2844,GDP Deflator YoY,JPY GDP,2004-12-07 23:50:01+00:00,2004-12-07 18:50:01-05:00,2004-12-08,MAPPED,True
2856,FOMC Rate Decision (Upper Bound),FOMC,2004-12-14 19:15:00+00:00,2004-12-14 14:15:00-05:00,2004-12-14,MAPPED,True
2864,CPI MoM,US CPI,2004-12-17 13:30:00+00:00,2004-12-17 08:30:00-05:00,2004-12-17,MAPPED,True
2865,CPI YoY,US CPI,2004-12-17 13:30:02+00:00,2004-12-17 08:30:02-05:00,2004-12-17,MAPPED,True
2879,Natl CPI YoY,JPY National CPI,2004-12-27 23:30:08+00:00,2004-12-27 18:30:08-05:00,2004-12-28,MAPPED,True
2890,Unemployment Rate,US Employment,2005-01-07 13:30:00+00:00,2005-01-07 08:30:00-05:00,2005-01-07,MAPPED,True
2891,Change in Nonfarm Payrolls,US Employment,2005-01-07 13:30:03+00:00,2005-01-07 08:30:03-05:00,2005-01-07,MAPPED,True
2904,CPI MoM,US CPI,2005-01-19 13:30:00+00:00,2005-01-19 08:30:00-05:00,2005-01-19,MAPPED,True
2905,CPI YoY,US CPI,2005-01-19 13:30:02+00:00,2005-01-19 08:30:02-05:00,2005-01-19,MAPPED,True
2918,Natl CPI YoY,JPY National CPI,2005-01-27 23:30:08+00:00,2005-01-27 18:30:08-05:00,2005-01-28,MAPPED,True
2928,FOMC Rate Decision (Upper Bound),FOMC,2005-02-02 19:15:00+00:00,2005-02-02 14:15:00-05:00,2005-02-02,MAPPED,True
2931,Unemployment Rate,US Employment,2005-02-04 13:30:00+00:00,2005-02-04 08:30:00-05:00,2005-02-04,MAPPED,True
2932,Change in Nonfarm Payrolls,US Employment,2005-02-04 13:30:03+00:00,2005-02-04 08:30:03-05:00,2005-02-04,MAPPED,True
2944,GDP SA QoQ,JPY GDP,2005-02-15 23:50:00+00:00,2005-02-15 18:50:00-05:00,2005-02-16,MAPPED,True
2945,GDP Annualized SA QoQ,JPY GDP,2005-02-15 23:50:01+00:00,2005-02-15 18:50:01-05:00,2005-02-16,MAPPED,True
2946,GDP Deflator YoY,JPY GDP,2005-02-15 23:50:01+00:00,2005-02-15 18:50:01-05:00,2005-02-16,MAPPED,True
2956,CPI MoM,US CPI,2005-02-23 13:30:00+00:00,2005-02-23 08:30:00-05:00,2005-02-23,MAPPED,True
2957,CPI YoY,US CPI,2005-02-23 13:30:02+00:00,2005-02-23 08:30:02-05:00,2005-02-23,MAPPED,True
2963,Natl CPI YoY,JPY National CPI,2005-02-25 23:30:00+00:00,2005-02-25 18:30:00-05:00,,NO_EXISTING_SESSION_INTERVAL,False
2975,Unemployment Rate,US Employment,2005-03-04 13:30:00+00:00,2005-03-04 08:30:00-05:00,2005-03-04,MAPPED,True
2976,Change in Nonfarm Payrolls,US Employment,2005-03-04 13:30:03+00:00,2005-03-04 08:30:03-05:00,2005-03-04,MAPPED,True
2986,GDP SA QoQ,JPY GDP,2005-03-13 23:50:00+00:00,2005-03-13 18:50:00-05:00,2005-03-14,MAPPED,True
2987,GDP Annualized SA QoQ,JPY GDP,2005-03-13 23:50:01+00:00,2005-03-13 18:50:01-05:00,2005-03-14,MAPPED,True
2988,GDP Deflator YoY,JPY GDP,2005-03-13 23:50:01+00:00,2005-03-13 18:50:01-05:00,2005-03-14,MAPPED,True
2999,FOMC Rate Decision (Upper Bound),FOMC,2005-03-22 19:15:00+00:00,2005-03-22 14:15:00-05:00,2005-03-22,MAPPED,True
3001,CPI MoM,US CPI,2005-03-23 13:30:00+00:00,2005-03-23 08:30:00-05:00,2005-03-23,MAPPED,True
3002,CPI YoY,US CPI,2005-03-23 13:30:02+00:00,2005-03-23 08:30:02-05:00,2005-03-23,MAPPED,True
3009,Natl CPI YoY,JPY National CPI,2005-03-24 23:30:08+00:00,2005-03-24 18:30:08-05:00,2005-03-25,MAPPED,True
3026,Unemployment Rate,US Employment,2005-04-01 14:30:00+00:00,2005-04-01 09:30:00-05:00,2005-04-01,MAPPED,True
3027,Change in Nonfarm Payrolls,US Employment,2005-04-01 14:30:03+00:00,2005-04-01 09:30:03-05:00,2005-04-01,MAPPED,True
3047,CPI MoM,US CPI,2005-04-20 13:30:00+00:00,2005-04-20 09:30:00-04:00,2005-04-20,MAPPED,True
3048,CPI YoY,US CPI,2005-04-20 13:30:02+00:00,2005-04-20 09:30:02-04:00,2005-04-20,MAPPED,True
3056,Natl CPI YoY,JPY National CPI,2005-04-26 00:30:08+00:00,2005-04-25 20:30:08-04:00,2005-04-26,MAPPED,True
3071,FOMC Rate Decision (Upper Bound),FOMC,2005-05-03 19:15:00+00:00,2005-05-03 15:15:00-04:00,2005-05-03,MAPPED,True
3074,Unemployment Rate,US Employment,2005-05-06 13:30:00+00:00,2005-05-06 09:30:00-04:00,2005-05-06,MAPPED,True
3075,Change in Nonfarm Payrolls,US Employment,2005-05-06 13:30:03+00:00,2005-05-06 09:30:03-04:00,2005-05-06,MAPPED,True
3086,GDP SA QoQ,JPY GDP,2005-05-17 00:50:00+00:00,2005-05-16 20:50:00-04:00,2005-05-17,MAPPED,True
3087,GDP Annualized SA QoQ,JPY GDP,2005-05-17 00:50:01+00:00,2005-05-16 20:50:01-04:00,2005-05-17,MAPPED,True
3088,GDP Deflator YoY,JPY GDP,2005-05-17 00:50:02+00:00,2005-05-16 20:50:02-04:00,2005-05-17,MAPPED,True
3093,CPI MoM,US CPI,2005-05-18 13:30:00+00:00,2005-05-18 09:30:00-04:00,2005-05-18,MAPPED,True
3094,CPI YoY,US CPI,2005-05-18 13:30:02+00:00,2005-05-18 09:30:02-04:00,2005-05-18,MAPPED,True
3105,Natl CPI YoY,JPY National CPI,2005-05-27 00:30:08+00:00,2005-05-26 20:30:08-04:00,2005-05-27,MAPPED,True
3119,Unemployment Rate,US Employment,2005-06-03 13:30:00+00:00,2005-06-03 09:30:00-04:00,2005-06-03,MAPPED,True
3120,Change in Nonfarm Payrolls,US Employment,2005-06-03 13:30:03+00:00,2005-06-03 09:30:03-04:00,2005-06-03,MAPPED,True
3128,GDP SA QoQ,JPY GDP,2005-06-13 00:50:00+00:00,2005-06-12 20:50:00-04:00,2005-06-13,MAPPED,True
3129,GDP Annualized SA QoQ,JPY GDP,2005-06-13 00:50:01+00:00,2005-06-12 20:50:01-04:00,2005-06-13,MAPPED,True
3130,GDP Deflator YoY,JPY GDP,2005-06-13 00:50:02+00:00,2005-06-12 20:50:02-04:00,2005-06-13,MAPPED,True
3134,CPI MoM,US CPI,2005-06-15 13:30:00+00:00,2005-06-15 09:30:00-04:00,2005-06-15,MAPPED,True
3135,CPI YoY,US CPI,2005-06-15 13:30:02+00:00,2005-06-15 09:30:02-04:00,2005-06-15,MAPPED,True
3157,FOMC Rate Decision (Upper Bound),FOMC,2005-06-30 19:15:00+00:00,2005-06-30 15:15:00-04:00,2005-06-30,MAPPED,True
3161,Natl CPI YoY,JPY National CPI,2005-07-01 00:30:08+00:00,2005-06-30 20:30:08-04:00,2005-07-01,MAPPED,True
3174,Unemployment Rate,US Employment,2005-07-08 13:30:00+00:00,2005-07-08 09:30:00-04:00,2005-07-08,MAPPED,True
3175,Change in Nonfarm Payrolls,US Employment,2005-07-08 13:30:03+00:00,2005-07-08 09:30:03-04:00,2005-07-08,MAPPED,True
3182,CPI MoM,US CPI,2005-07-14 13:30:01+00:00,2005-07-14 09:30:01-04:00,2005-07-14,MAPPED,True
3183,CPI YoY,US CPI,2005-07-14 13:30:03+00:00,2005-07-14 09:30:03-04:00,2005-07-14,MAPPED,True
3203,Natl CPI YoY,JPY National CPI,2005-07-29 00:30:08+00:00,2005-07-28 20:30:08-04:00,2005-07-29,MAPPED,True
3215,Unemployment Rate,US Employment,2005-08-05 13:30:00+00:00,2005-08-05 09:30:00-04:00,2005-08-05,MAPPED,True
3216,Change in Nonfarm Payrolls,US Employment,2005-08-05 13:30:03+00:00,2005-08-05 09:30:03-04:00,2005-08-05,MAPPED,True
3219,FOMC Rate Decision (Upper Bound),FOMC,2005-08-09 19:15:00+00:00,2005-08-09 15:15:00-04:00,2005-08-09,MAPPED,True
3225,GDP SA QoQ,JPY GDP,2005-08-12 00:50:00+00:00,2005-08-11 20:50:00-04:00,2005-08-12,MAPPED,True
3226,GDP Annualized SA QoQ,JPY GDP,2005-08-12 00:50:01+00:00,2005-08-11 20:50:01-04:00,2005-08-12,MAPPED,True
3227,GDP Deflator YoY,JPY GDP,2005-08-12 00:50:02+00:00,2005-08-11 20:50:02-04:00,2005-08-12,MAPPED,True
3232,CPI MoM,US CPI,2005-08-16 13:30:01+00:00,2005-08-16 09:30:01-04:00,2005-08-16,MAPPED,True
3233,CPI YoY,US CPI,2005-08-16 13:30:03+00:00,2005-08-16 09:30:03-04:00,2005-08-16,MAPPED,True
3246,Natl CPI YoY,JPY National CPI,2005-08-26 00:30:08+00:00,2005-08-25 20:30:08-04:00,2005-08-26,MAPPED,True
3261,Change in Nonfarm Payrolls,US Employment,2005-09-02 13:30:00+00:00,2005-09-02 09:30:00-04:00,2005-09-02,MAPPED,True
3262,Unemployment Rate,US Employment,2005-09-02 13:30:01+00:00,2005-09-02 09:30:01-04:00,2005-09-02,MAPPED,True
3268,GDP Annualized SA QoQ,JPY GDP,2005-09-12 00:50:00+00:00,2005-09-11 20:50:00-04:00,2005-09-12,MAPPED,True
3269,GDP SA QoQ,JPY GDP,2005-09-12 00:50:00+00:00,2005-09-11 20:50:00-04:00,2005-09-12,MAPPED,True
3270,GDP Deflator YoY,JPY GDP,2005-09-12 00:50:01+00:00,2005-09-11 20:50:01-04:00,2005-09-12,MAPPED,True
3278,CPI MoM,US CPI,2005-09-15 13:30:01+00:00,2005-09-15 09:30:01-04:00,2005-09-15,MAPPED,True
3280,CPI YoY,US CPI,2005-09-15 13:30:03+00:00,2005-09-15 09:30:03-04:00,2005-09-15,MAPPED,True
3284,FOMC Rate Decision (Upper Bound),FOMC,2005-09-20 19:15:00+00:00,2005-09-20 15:15:00-04:00,2005-09-20,MAPPED,True
3299,Natl CPI YoY,JPY National CPI,2005-09-30 00:30:08+00:00,2005-09-29 20:30:08-04:00,2005-09-30,MAPPED,True
3315,Change in Nonfarm Payrolls,US Employment,2005-10-07 13:30:00+00:00,2005-10-07 09:30:00-04:00,2005-10-07,MAPPED,True
3316,Unemployment Rate,US Employment,2005-10-07 13:30:01+00:00,2005-10-07 09:30:01-04:00,2005-10-07,MAPPED,True
3325,CPI MoM,US CPI,2005-10-14 13:30:01+00:00,2005-10-14 09:30:01-04:00,2005-10-14,MAPPED,True
3326,CPI YoY,US CPI,2005-10-14 13:30:03+00:00,2005-10-14 09:30:03-04:00,2005-10-14,MAPPED,True
3345,Natl CPI YoY,JPY National CPI,2005-10-28 00:30:08+00:00,2005-10-27 20:30:08-04:00,2005-10-28,MAPPED,True
3354,FOMC Rate Decision (Upper Bound),FOMC,2005-11-01 19:15:00+00:00,2005-11-01 14:15:00-05:00,2005-11-01,MAPPED,True
3358,Change in Nonfarm Payrolls,US Employment,2005-11-04 13:30:00+00:00,2005-11-04 08:30:00-05:00,2005-11-04,MAPPED,True
3359,Unemployment Rate,US Employment,2005-11-04 13:30:01+00:00,2005-11-04 08:30:01-05:00,2005-11-04,MAPPED,True
3366,GDP SA QoQ,JPY GDP,2005-11-10 23:50:00+00:00,2005-11-10 18:50:00-05:00,2005-11-11,MAPPED,True
3367,GDP Annualized SA QoQ,JPY GDP,2005-11-10 23:50:01+00:00,2005-11-10 18:50:01-05:00,2005-11-11,MAPPED,True
3368,GDP Deflator YoY,JPY GDP,2005-11-10 23:50:01+00:00,2005-11-10 18:50:01-05:00,2005-11-11,MAPPED,True
3375,CPI MoM,US CPI,2005-11-16 13:30:00+00:00,2005-11-16 08:30:00-05:00,2005-11-16,MAPPED,True
3376,CPI YoY,US CPI,2005-11-16 13:30:02+00:00,2005-11-16 08:30:02-05:00,2005-11-16,MAPPED,True
3386,Natl CPI YoY,JPY National CPI,2005-11-24 23:30:08+00:00,2005-11-24 18:30:08-05:00,2005-11-25,MAPPED,True
3402,Change in Nonfarm Payrolls,US Employment,2005-12-02 13:30:00+00:00,2005-12-02 08:30:00-05:00,2005-12-02,MAPPED,True
3403,Unemployment Rate,US Employment,2005-12-02 13:30:01+00:00,2005-12-02 08:30:01-05:00,2005-12-02,MAPPED,True
3409,GDP Annualized SA QoQ,JPY GDP,2005-12-08 23:50:00+00:00,2005-12-08 18:50:00-05:00,2005-12-09,MAPPED,True
3410,GDP SA QoQ,JPY GDP,2005-12-08 23:50:00+00:00,2005-12-08 18:50:00-05:00,2005-12-09,MAPPED,True
3411,GDP Deflator YoY,JPY GDP,2005-12-08 23:50:01+00:00,2005-12-08 18:50:01-05:00,2005-12-09,MAPPED,True
3418,FOMC Rate Decision (Upper Bound),FOMC,2005-12-13 19:15:00+00:00,2005-12-13 14:15:00-05:00,2005-12-13,MAPPED,True
3426,CPI MoM,US CPI,2005-12-15 13:30:00+00:00,2005-12-15 08:30:00-05:00,2005-12-15,MAPPED,True
3427,CPI YoY,US CPI,2005-12-15 13:30:03+00:00,2005-12-15 08:30:03-05:00,2005-12-15,MAPPED,True
3445,Natl CPI YoY,JPY National CPI,2005-12-26 23:30:08+00:00,2005-12-26 18:30:08-05:00,2005-12-27,MAPPED,True
3457,Change in Nonfarm Payrolls,US Employment,2006-01-06 13:30:00+00:00,2006-01-06 08:30:00-05:00,2006-01-06,MAPPED,True
3458,Unemployment Rate,US Employment,2006-01-06 13:30:01+00:00,2006-01-06 08:30:01-05:00,2006-01-06,MAPPED,True
3471,CPI MoM,US CPI,2006-01-18 13:30:00+00:00,2006-01-18 08:30:00-05:00,2006-01-18,MAPPED,True
3472,CPI YoY,US CPI,2006-01-18 13:30:02+00:00,2006-01-18 08:30:02-05:00,2006-01-18,MAPPED,True
3483,Natl CPI YoY,JPY National CPI,2006-01-26 23:30:08+00:00,2006-01-26 18:30:08-05:00,2006-01-27,MAPPED,True
3493,FOMC Rate Decision (Upper Bound),FOMC,2006-01-31 19:14:00+00:00,2006-01-31 14:14:00-05:00,2006-01-31,MAPPED,True
3498,Change in Nonfarm Payrolls,US Employment,2006-02-03 13:30:00+00:00,2006-02-03 08:30:00-05:00,2006-02-03,MAPPED,True
3499,Unemployment Rate,US Employment,2006-02-03 13:30:01+00:00,2006-02-03 08:30:01-05:00,2006-02-03,MAPPED,True
3516,GDP SA QoQ,JPY GDP,2006-02-16 23:50:00+00:00,2006-02-16 18:50:00-05:00,2006-02-17,MAPPED,True
3517,GDP Annualized SA QoQ,JPY GDP,2006-02-16 23:50:01+00:00,2006-02-16 18:50:01-05:00,2006-02-17,MAPPED,True
3518,GDP Deflator YoY,JPY GDP,2006-02-16 23:50:01+00:00,2006-02-16 18:50:01-05:00,2006-02-17,MAPPED,True
3522,CPI MoM,US CPI,2006-02-22 13:30:00+00:00,2006-02-22 08:30:00-05:00,2006-02-22,MAPPED,True
3523,CPI YoY,US CPI,2006-02-22 13:30:02+00:00,2006-02-22 08:30:02-05:00,2006-02-22,MAPPED,True
3542,Natl CPI YoY,JPY National CPI,2006-03-02 23:30:08+00:00,2006-03-02 18:30:08-05:00,2006-03-03,MAPPED,True
3551,Change in Nonfarm Payrolls,US Employment,2006-03-10 13:30:00+00:00,2006-03-10 08:30:00-05:00,2006-03-10,MAPPED,True
3552,Unemployment Rate,US Employment,2006-03-10 13:30:01+00:00,2006-03-10 08:30:01-05:00,2006-03-10,MAPPED,True
3554,GDP SA QoQ,JPY GDP,2006-03-12 23:50:00+00:00,2006-03-12 18:50:00-05:00,2006-03-13,MAPPED,True
3555,GDP Annualized SA QoQ,JPY GDP,2006-03-12 23:50:00+00:00,2006-03-12 18:50:00-05:00,2006-03-13,MAPPED,True
3556,GDP Deflator YoY,JPY GDP,2006-03-12 23:50:01+00:00,2006-03-12 18:50:01-05:00,2006-03-13,MAPPED,True
3562,CPI MoM,US CPI,2006-03-16 13:30:00+00:00,2006-03-16 08:30:00-05:00,2006-03-16,MAPPED,True
3563,CPI YoY,US CPI,2006-03-16 13:30:02+00:00,2006-03-16 08:30:02-05:00,2006-03-16,MAPPED,True
3576,FOMC Rate Decision (Upper Bound),FOMC,2006-03-28 20:15:00+00:00,2006-03-28 15:15:00-05:00,2006-03-28,MAPPED,True
3584,Natl CPI YoY,JPY National CPI,2006-03-31 00:30:08+00:00,2006-03-30 19:30:08-05:00,2006-03-31,MAPPED,True
3599,Change in Nonfarm Payrolls,US Employment,2006-04-07 13:30:00+00:00,2006-04-07 09:30:00-04:00,2006-04-07,MAPPED,True
3600,Unemployment Rate,US Employment,2006-04-07 13:30:01+00:00,2006-04-07 09:30:01-04:00,2006-04-07,MAPPED,True
3615,CPI MoM,US CPI,2006-04-19 13:30:00+00:00,2006-04-19 09:30:00-04:00,2006-04-19,MAPPED,True
3616,CPI YoY,US CPI,2006-04-19 13:30:02+00:00,2006-04-19 09:30:02-04:00,2006-04-19,MAPPED,True
3629,Natl CPI YoY,JPY National CPI,2006-04-28 00:30:08+00:00,2006-04-27 20:30:08-04:00,2006-04-28,MAPPED,True
3641,Change in Nonfarm Payrolls,US Employment,2006-05-05 13:30:00+00:00,2006-05-05 09:30:00-04:00,2006-05-05,MAPPED,True
3642,Unemployment Rate,US Employment,2006-05-05 13:30:01+00:00,2006-05-05 09:30:01-04:00,2006-05-05,MAPPED,True
3645,FOMC Rate Decision (Upper Bound),FOMC,2006-05-10 19:15:00+00:00,2006-05-10 15:15:00-04:00,2006-05-10,MAPPED,True
3658,CPI MoM,US CPI,2006-05-17 13:30:00+00:00,2006-05-17 09:30:00-04:00,2006-05-17,MAPPED,True
3659,CPI YoY,US CPI,2006-05-17 13:30:02+00:00,2006-05-17 09:30:02-04:00,2006-05-17,MAPPED,True
3662,GDP SA QoQ,JPY GDP,2006-05-19 00:50:00+00:00,2006-05-18 20:50:00-04:00,2006-05-19,MAPPED,True
3663,GDP Deflator YoY,JPY GDP,2006-05-19 00:50:01+00:00,2006-05-18 20:50:01-04:00,2006-05-19,MAPPED,True
3664,GDP Annualized SA QoQ,JPY GDP,2006-05-19 00:50:01+00:00,2006-05-18 20:50:01-04:00,2006-05-19,MAPPED,True
3673,Natl CPI YoY,JPY National CPI,2006-05-26 00:30:08+00:00,2006-05-25 20:30:08-04:00,2006-05-26,MAPPED,True
3686,Change in Nonfarm Payrolls,US Employment,2006-06-02 13:30:00+00:00,2006-06-02 09:30:00-04:00,2006-06-02,MAPPED,True
3687,Unemployment Rate,US Employment,2006-06-02 13:30:01+00:00,2006-06-02 09:30:01-04:00,2006-06-02,MAPPED,True
3695,GDP Deflator YoY,JPY GDP,2006-06-12 00:50:00+00:00,2006-06-11 20:50:00-04:00,2006-06-12,MAPPED,True
3696,GDP Annualized SA QoQ,JPY GDP,2006-06-12 00:50:00+00:00,2006-06-11 20:50:00-04:00,2006-06-12,MAPPED,True
3697,GDP SA QoQ,JPY GDP,2006-06-12 00:50:00+00:00,2006-06-11 20:50:00-04:00,2006-06-12,MAPPED,True
3703,CPI MoM,US CPI,2006-06-14 13:30:00+00:00,2006-06-14 09:30:00-04:00,2006-06-14,MAPPED,True
3704,CPI YoY,US CPI,2006-06-14 13:30:02+00:00,2006-06-14 09:30:02-04:00,2006-06-14,MAPPED,True
3722,FOMC Rate Decision (Upper Bound),FOMC,2006-06-29 19:15:00+00:00,2006-06-29 15:15:00-04:00,2006-06-29,MAPPED,True
3726,Natl CPI YoY,JPY National CPI,2006-06-30 00:30:08+00:00,2006-06-29 20:30:08-04:00,2006-06-30,MAPPED,True
3741,Change in Nonfarm Payrolls,US Employment,2006-07-07 13:30:00+00:00,2006-07-07 09:30:00-04:00,2006-07-07,MAPPED,True
3742,Unemployment Rate,US Employment,2006-07-07 13:30:01+00:00,2006-07-07 09:30:01-04:00,2006-07-07,MAPPED,True
3757,CPI MoM,US CPI,2006-07-19 13:30:00+00:00,2006-07-19 09:30:00-04:00,2006-07-19,MAPPED,True
3758,CPI YoY,US CPI,2006-07-19 13:30:02+00:00,2006-07-19 09:30:02-04:00,2006-07-19,MAPPED,True
3771,Natl CPI YoY,JPY National CPI,2006-07-28 00:30:08+00:00,2006-07-27 20:30:08-04:00,2006-07-28,MAPPED,True
3784,Change in Nonfarm Payrolls,US Employment,2006-08-04 13:30:00+00:00,2006-08-04 09:30:00-04:00,2006-08-04,MAPPED,True
3785,Unemployment Rate,US Employment,2006-08-04 13:30:01+00:00,2006-08-04 09:30:01-04:00,2006-08-04,MAPPED,True
3786,FOMC Rate Decision (Upper Bound),FOMC,2006-08-08 19:15:00+00:00,2006-08-08 15:15:00-04:00,2006-08-08,MAPPED,True
3794,GDP SA QoQ,JPY GDP,2006-08-11 00:50:00+00:00,2006-08-10 20:50:00-04:00,2006-08-11,MAPPED,True
3795,GDP Deflator YoY,JPY GDP,2006-08-11 00:50:01+00:00,2006-08-10 20:50:01-04:00,2006-08-11,MAPPED,True
3796,GDP Annualized SA QoQ,JPY GDP,2006-08-11 00:50:01+00:00,2006-08-10 20:50:01-04:00,2006-08-11,MAPPED,True
3797,BOJ Target Rate,BoJ,2006-08-11 04:17:00+00:00,2006-08-11 00:17:00-04:00,2006-08-11,MAPPED,True
3803,CPI MoM,US CPI,2006-08-16 13:30:00+00:00,2006-08-16 09:30:00-04:00,2006-08-16,MAPPED,True
3804,CPI YoY,US CPI,2006-08-16 13:30:02+00:00,2006-08-16 09:30:02-04:00,2006-08-16,MAPPED,True
3816,Natl CPI YoY,JPY National CPI,2006-08-25 00:30:08+00:00,2006-08-24 20:30:08-04:00,2006-08-25,MAPPED,True
3829,Change in Nonfarm Payrolls,US Employment,2006-09-01 13:30:00+00:00,2006-09-01 09:30:00-04:00,2006-09-01,MAPPED,True
3830,Unemployment Rate,US Employment,2006-09-01 13:30:01+00:00,2006-09-01 09:30:01-04:00,2006-09-01,MAPPED,True
3838,BOJ Target Rate,BoJ,2006-09-08 04:37:00+00:00,2006-09-08 00:37:00-04:00,2006-09-08,MAPPED,True
3839,GDP Deflator YoY,JPY GDP,2006-09-11 00:50:00+00:00,2006-09-10 20:50:00-04:00,2006-09-11,MAPPED,True
3840,GDP SA QoQ,JPY GDP,2006-09-11 00:50:00+00:00,2006-09-10 20:50:00-04:00,2006-09-11,MAPPED,True
3841,GDP Annualized SA QoQ,JPY GDP,2006-09-11 00:50:00+00:00,2006-09-10 20:50:00-04:00,2006-09-11,MAPPED,True
3851,CPI MoM,US CPI,2006-09-15 13:30:00+00:00,2006-09-15 09:30:00-04:00,2006-09-15,MAPPED,True
3852,CPI YoY,US CPI,2006-09-15 13:30:02+00:00,2006-09-15 09:30:02-04:00,2006-09-15,MAPPED,True
3858,FOMC Rate Decision (Upper Bound),FOMC,2006-09-20 19:15:00+00:00,2006-09-20 15:15:00-04:00,2006-09-20,MAPPED,True
3871,Natl CPI YoY,JPY National CPI,2006-09-29 00:30:08+00:00,2006-09-28 20:30:08-04:00,2006-09-29,MAPPED,True
3888,Change in Nonfarm Payrolls,US Employment,2006-10-06 13:30:00+00:00,2006-10-06 09:30:00-04:00,2006-10-06,MAPPED,True
3889,Unemployment Rate,US Employment,2006-10-06 13:30:01+00:00,2006-10-06 09:30:01-04:00,2006-10-06,MAPPED,True
3897,BOJ Target Rate,BoJ,2006-10-13 04:47:00+00:00,2006-10-13 00:47:00-04:00,2006-10-13,MAPPED,True
3905,CPI MoM,US CPI,2006-10-18 13:30:00+00:00,2006-10-18 09:30:00-04:00,2006-10-18,MAPPED,True
3906,CPI YoY,US CPI,2006-10-18 13:30:02+00:00,2006-10-18 09:30:02-04:00,2006-10-18,MAPPED,True
3912,FOMC Rate Decision (Upper Bound),FOMC,2006-10-25 19:15:00+00:00,2006-10-25 15:15:00-04:00,2006-10-25,MAPPED,True
3917,Natl CPI YoY,JPY National CPI,2006-10-27 00:30:08+00:00,2006-10-26 20:30:08-04:00,2006-10-27,MAPPED,True
3925,BOJ Target Rate,BoJ,2006-10-31 03:47:00+00:00,2006-10-30 22:47:00-05:00,2006-10-31,MAPPED,True
3934,Change in Nonfarm Payrolls,US Employment,2006-11-03 13:30:00+00:00,2006-11-03 08:30:00-05:00,2006-11-03,MAPPED,True
3935,Unemployment Rate,US Employment,2006-11-03 13:30:01+00:00,2006-11-03 08:30:01-05:00,2006-11-03,MAPPED,True
3945,GDP SA QoQ,JPY GDP,2006-11-13 23:50:00+00:00,2006-11-13 18:50:00-05:00,2006-11-14,MAPPED,True
3946,GDP Deflator YoY,JPY GDP,2006-11-13 23:50:01+00:00,2006-11-13 18:50:01-05:00,2006-11-14,MAPPED,True
3947,GDP Annualized SA QoQ,JPY GDP,2006-11-13 23:50:01+00:00,2006-11-13 18:50:01-05:00,2006-11-14,MAPPED,True
3952,BOJ Target Rate,BoJ,2006-11-16 03:24:00+00:00,2006-11-15 22:24:00-05:00,2006-11-16,MAPPED,True
3953,CPI MoM,US CPI,2006-11-16 13:30:00+00:00,2006-11-16 08:30:00-05:00,2006-11-16,MAPPED,True
3954,CPI YoY,US CPI,2006-11-16 13:30:02+00:00,2006-11-16 08:30:02-05:00,2006-11-16,MAPPED,True
3977,Natl CPI YoY,JPY National CPI,2006-11-30 23:30:08+00:00,2006-11-30 18:30:08-05:00,2006-12-01,MAPPED,True
3985,GDP SA QoQ,JPY GDP,2006-12-07 23:50:00+00:00,2006-12-07 18:50:00-05:00,2006-12-08,MAPPED,True
3986,GDP Annualized SA QoQ,JPY GDP,2006-12-07 23:50:01+00:00,2006-12-07 18:50:01-05:00,2006-12-08,MAPPED,True
3987,GDP Deflator YoY,JPY GDP,2006-12-07 23:50:02+00:00,2006-12-07 18:50:02-05:00,2006-12-08,MAPPED,True
3989,Change in Nonfarm Payrolls,US Employment,2006-12-08 13:30:00+00:00,2006-12-08 08:30:00-05:00,2006-12-08,MAPPED,True
3990,Unemployment Rate,US Employment,2006-12-08 13:30:01+00:00,2006-12-08 08:30:01-05:00,2006-12-08,MAPPED,True
3995,FOMC Rate Decision (Upper Bound),FOMC,2006-12-12 19:15:00+00:00,2006-12-12 14:15:00-05:00,2006-12-12,MAPPED,True
4008,CPI MoM,US CPI,2006-12-15 13:30:00+00:00,2006-12-15 08:30:00-05:00,2006-12-15,MAPPED,True
4009,CPI YoY,US CPI,2006-12-15 13:30:02+00:00,2006-12-15 08:30:02-05:00,2006-12-15,MAPPED,True
4011,BOJ Target Rate,BoJ,2006-12-19 03:27:00+00:00,2006-12-18 22:27:00-05:00,2006-12-19,MAPPED,True
4024,Natl CPI YoY,JPY National CPI,2006-12-25 23:30:08+00:00,2006-12-25 18:30:08-05:00,2006-12-26,MAPPED,True
4039,Change in Nonfarm Payrolls,US Employment,2007-01-05 13:30:00+00:00,2007-01-05 08:30:00-05:00,2007-01-05,MAPPED,True
4040,Unemployment Rate,US Employment,2007-01-05 13:30:01+00:00,2007-01-05 08:30:01-05:00,2007-01-05,MAPPED,True
4054,BOJ Target Rate,BoJ,2007-01-18 03:27:00+00:00,2007-01-17 22:27:00-05:00,2007-01-18,MAPPED,True
4055,CPI MoM,US CPI,2007-01-18 13:30:00+00:00,2007-01-18 08:30:00-05:00,2007-01-18,MAPPED,True
4056,CPI YoY,US CPI,2007-01-18 13:30:02+00:00,2007-01-18 08:30:02-05:00,2007-01-18,MAPPED,True
4065,Natl CPI YoY,JPY National CPI,2007-01-25 23:30:08+00:00,2007-01-25 18:30:08-05:00,2007-01-26,MAPPED,True
4078,FOMC Rate Decision (Upper Bound),FOMC,2007-01-31 19:15:00+00:00,2007-01-31 14:15:00-05:00,2007-01-31,MAPPED,True
4083,Change in Nonfarm Payrolls,US Employment,2007-02-02 13:30:00+00:00,2007-02-02 08:30:00-05:00,2007-02-02,MAPPED,True
4084,Unemployment Rate,US Employment,2007-02-02 13:30:01+00:00,2007-02-02 08:30:01-05:00,2007-02-02,MAPPED,True
4097,GDP SA QoQ,JPY GDP,2007-02-14 23:50:00+00:00,2007-02-14 18:50:00-05:00,2007-02-15,MAPPED,True
4098,GDP Annualized SA QoQ,JPY GDP,2007-02-14 23:50:01+00:00,2007-02-14 18:50:01-05:00,2007-02-15,MAPPED,True
4099,GDP Deflator YoY,JPY GDP,2007-02-14 23:50:02+00:00,2007-02-14 18:50:02-05:00,2007-02-15,MAPPED,True
4106,BOJ Target Rate,BoJ,2007-02-21 05:20:00+00:00,2007-02-21 00:20:00-05:00,2007-02-21,MAPPED,True
4108,CPI MoM,US CPI,2007-02-21 13:30:00+00:00,2007-02-21 08:30:00-05:00,2007-02-21,MAPPED,True
4109,CPI YoY,US CPI,2007-02-21 13:30:02+00:00,2007-02-21 08:30:02-05:00,2007-02-21,MAPPED,True
4129,Natl CPI YoY,JPY National CPI,2007-03-01 23:30:08+00:00,2007-03-01 18:30:08-05:00,2007-03-02,MAPPED,True
4138,Change in Nonfarm Payrolls,US Employment,2007-03-09 13:30:00+00:00,2007-03-09 08:30:00-05:00,2007-03-09,MAPPED,True
4139,Unemployment Rate,US Employment,2007-03-09 13:30:01+00:00,2007-03-09 08:30:01-05:00,2007-03-09,MAPPED,True
4141,GDP SA QoQ,JPY GDP,2007-03-11 23:50:00+00:00,2007-03-11 19:50:00-04:00,2007-03-12,MAPPED,True
4142,GDP Annualized SA QoQ,JPY GDP,2007-03-11 23:50:01+00:00,2007-03-11 19:50:01-04:00,2007-03-12,MAPPED,True
4143,GDP Deflator YoY,JPY GDP,2007-03-11 23:50:02+00:00,2007-03-11 19:50:02-04:00,2007-03-12,MAPPED,True
4152,CPI MoM,US CPI,2007-03-16 12:30:00+00:00,2007-03-16 08:30:00-04:00,2007-03-16,MAPPED,True
4153,CPI YoY,US CPI,2007-03-16 12:30:02+00:00,2007-03-16 08:30:02-04:00,2007-03-16,MAPPED,True
4156,BOJ Target Rate,BoJ,2007-03-20 03:42:00+00:00,2007-03-19 23:42:00-04:00,2007-03-20,MAPPED,True
4159,FOMC Rate Decision (Upper Bound),FOMC,2007-03-21 18:15:00+00:00,2007-03-21 14:15:00-04:00,2007-03-21,MAPPED,True
4173,Natl CPI YoY,JPY National CPI,2007-03-30 00:30:08+00:00,2007-03-29 20:30:08-04:00,2007-03-30,MAPPED,True
4190,Change in Nonfarm Payrolls,US Employment,2007-04-06 13:30:00+00:00,2007-04-06 09:30:00-04:00,2007-04-06,MAPPED,True
4191,Unemployment Rate,US Employment,2007-04-06 13:30:01+00:00,2007-04-06 09:30:01-04:00,2007-04-06,MAPPED,True
4193,BOJ Target Rate,BoJ,2007-04-09 04:48:00+00:00,2007-04-09 00:48:00-04:00,2007-04-09,MAPPED,True
4204,CPI MoM,US CPI,2007-04-17 13:30:00+00:00,2007-04-17 09:30:00-04:00,2007-04-17,MAPPED,True
4205,CPI YoY,US CPI,2007-04-17 13:30:02+00:00,2007-04-17 09:30:02-04:00,2007-04-17,MAPPED,True
4222,Natl CPI YoY,JPY National CPI,2007-04-27 00:30:08+00:00,2007-04-26 20:30:08-04:00,2007-04-27,MAPPED,True
4224,BOJ Target Rate,BoJ,2007-04-27 06:07:00+00:00,2007-04-27 02:07:00-04:00,2007-04-27,MAPPED,True
4236,Change in Nonfarm Payrolls,US Employment,2007-05-04 13:30:00+00:00,2007-05-04 09:30:00-04:00,2007-05-04,MAPPED,True
4237,Unemployment Rate,US Employment,2007-05-04 13:30:01+00:00,2007-05-04 09:30:01-04:00,2007-05-04,MAPPED,True
4240,FOMC Rate Decision (Upper Bound),FOMC,2007-05-09 19:15:00+00:00,2007-05-09 15:15:00-04:00,2007-05-09,MAPPED,True
4247,CPI MoM,US CPI,2007-05-15 13:30:00+00:00,2007-05-15 09:30:00-04:00,2007-05-15,MAPPED,True
4248,CPI YoY,US CPI,2007-05-15 13:30:02+00:00,2007-05-15 09:30:02-04:00,2007-05-15,MAPPED,True
4254,GDP SA QoQ,JPY GDP,2007-05-17 00:50:00+00:00,2007-05-16 20:50:00-04:00,2007-05-17,MAPPED,True
4255,GDP Annualized SA QoQ,JPY GDP,2007-05-17 00:50:01+00:00,2007-05-16 20:50:01-04:00,2007-05-17,MAPPED,True
4256,GDP Deflator YoY,JPY GDP,2007-05-17 00:50:03+00:00,2007-05-16 20:50:03-04:00,2007-05-17,MAPPED,True
4257,BOJ Target Rate,BoJ,2007-05-17 04:41:00+00:00,2007-05-17 00:41:00-04:00,2007-05-17,MAPPED,True
4267,Natl CPI YoY,JPY National CPI,2007-05-25 00:30:08+00:00,2007-05-24 20:30:08-04:00,2007-05-25,MAPPED,True
4282,Change in Nonfarm Payrolls,US Employment,2007-06-01 13:30:05+00:00,2007-06-01 09:30:05-04:00,2007-06-01,MAPPED,True
4283,Unemployment Rate,US Employment,2007-06-01 13:30:06+00:00,2007-06-01 09:30:06-04:00,2007-06-01,MAPPED,True
4293,GDP SA QoQ,JPY GDP,2007-06-11 00:50:00+00:00,2007-06-10 20:50:00-04:00,2007-06-11,MAPPED,True
4294,GDP Annualized SA QoQ,JPY GDP,2007-06-11 00:50:01+00:00,2007-06-10 20:50:01-04:00,2007-06-11,MAPPED,True
4295,GDP Deflator YoY,JPY GDP,2007-06-11 00:50:03+00:00,2007-06-10 20:50:03-04:00,2007-06-11,MAPPED,True
4303,BOJ Target Rate,BoJ,2007-06-15 04:18:00+00:00,2007-06-15 00:18:00-04:00,2007-06-15,MAPPED,True
4304,CPI MoM,US CPI,2007-06-15 13:30:00+00:00,2007-06-15 09:30:00-04:00,2007-06-15,MAPPED,True
4305,CPI YoY,US CPI,2007-06-15 13:30:02+00:00,2007-06-15 09:30:02-04:00,2007-06-15,MAPPED,True
4321,FOMC Rate Decision (Upper Bound),FOMC,2007-06-28 19:15:00+00:00,2007-06-28 15:15:00-04:00,2007-06-28,MAPPED,True
4326,Natl CPI YoY,JPY National CPI,2007-06-29 00:30:08+00:00,2007-06-28 20:30:08-04:00,2007-06-29,MAPPED,True
4342,Change in Nonfarm Payrolls,US Employment,2007-07-06 13:30:00+00:00,2007-07-06 09:30:00-04:00,2007-07-06,MAPPED,True
4343,Unemployment Rate,US Employment,2007-07-06 13:30:01+00:00,2007-07-06 09:30:01-04:00,2007-07-06,MAPPED,True
4349,BOJ Target Rate,BoJ,2007-07-12 04:55:00+00:00,2007-07-12 00:55:00-04:00,2007-07-12,MAPPED,True
4359,CPI MoM,US CPI,2007-07-18 13:30:00+00:00,2007-07-18 09:30:00-04:00,2007-07-18,MAPPED,True
4360,CPI YoY,US CPI,2007-07-18 13:30:03+00:00,2007-07-18 09:30:03-04:00,2007-07-18,MAPPED,True
4370,Natl CPI YoY,JPY National CPI,2007-07-27 00:30:08+00:00,2007-07-26 20:30:08-04:00,2007-07-27,MAPPED,True
4387,Change in Nonfarm Payrolls,US Employment,2007-08-03 13:30:00+00:00,2007-08-03 09:30:00-04:00,2007-08-03,MAPPED,True
4388,Unemployment Rate,US Employment,2007-08-03 13:30:01+00:00,2007-08-03 09:30:01-04:00,2007-08-03,MAPPED,True
4389,FOMC Rate Decision (Upper Bound),FOMC,2007-08-07 19:15:00+00:00,2007-08-07 15:15:00-04:00,2007-08-07,MAPPED,True
4396,GDP SA QoQ,JPY GDP,2007-08-13 00:50:00+00:00,2007-08-12 20:50:00-04:00,2007-08-13,MAPPED,True
4397,GDP Annualized SA QoQ,JPY GDP,2007-08-13 00:50:01+00:00,2007-08-12 20:50:01-04:00,2007-08-13,MAPPED,True
4398,GDP Deflator YoY,JPY GDP,2007-08-13 00:50:03+00:00,2007-08-12 20:50:03-04:00,2007-08-13,MAPPED,True
4404,CPI MoM,US CPI,2007-08-15 13:30:00+00:00,2007-08-15 09:30:00-04:00,2007-08-15,MAPPED,True
4405,CPI YoY,US CPI,2007-08-15 13:30:02+00:00,2007-08-15 09:30:02-04:00,2007-08-15,MAPPED,True
4413,BOJ Target Rate,BoJ,2007-08-23 04:35:00+00:00,2007-08-23 00:35:00-04:00,2007-08-23,MAPPED,True
4426,Natl CPI YoY,JPY National CPI,2007-08-31 00:30:08+00:00,2007-08-30 20:30:08-04:00,2007-08-31,MAPPED,True
4439,Change in Nonfarm Payrolls,US Employment,2007-09-07 13:30:00+00:00,2007-09-07 09:30:00-04:00,2007-09-07,MAPPED,True
4440,Unemployment Rate,US Employment,2007-09-07 13:30:01+00:00,2007-09-07 09:30:01-04:00,2007-09-07,MAPPED,True
4442,GDP SA QoQ,JPY GDP,2007-09-10 00:50:00+00:00,2007-09-09 20:50:00-04:00,2007-09-10,MAPPED,True
4443,GDP Annualized SA QoQ,JPY GDP,2007-09-10 00:50:01+00:00,2007-09-09 20:50:01-04:00,2007-09-10,MAPPED,True
4444,GDP Deflator YoY,JPY GDP,2007-09-10 00:50:03+00:00,2007-09-09 20:50:03-04:00,2007-09-10,MAPPED,True
4457,FOMC Rate Decision (Upper Bound),FOMC,2007-09-18 19:15:00+00:00,2007-09-18 15:15:00-04:00,2007-09-18,MAPPED,True
4458,BOJ Target Rate,BoJ,2007-09-19 05:21:00+00:00,2007-09-19 01:21:00-04:00,2007-09-19,MAPPED,True
4460,CPI MoM,US CPI,2007-09-19 13:30:00+00:00,2007-09-19 09:30:00-04:00,2007-09-19,MAPPED,True
4461,CPI YoY,US CPI,2007-09-19 13:30:02+00:00,2007-09-19 09:30:02-04:00,2007-09-19,MAPPED,True
4476,Natl CPI YoY,JPY National CPI,2007-09-28 00:30:08+00:00,2007-09-27 20:30:08-04:00,2007-09-28,MAPPED,True
4493,Change in Nonfarm Payrolls,US Employment,2007-10-05 13:30:00+00:00,2007-10-05 09:30:00-04:00,2007-10-05,MAPPED,True
4494,Unemployment Rate,US Employment,2007-10-05 13:30:01+00:00,2007-10-05 09:30:01-04:00,2007-10-05,MAPPED,True
4499,BOJ Target Rate,BoJ,2007-10-11 05:32:00+00:00,2007-10-11 01:32:00-04:00,2007-10-11,MAPPED,True
4510,CPI MoM,US CPI,2007-10-17 13:30:00+00:00,2007-10-17 09:30:00-04:00,2007-10-17,MAPPED,True
4511,CPI YoY,US CPI,2007-10-17 13:30:02+00:00,2007-10-17 09:30:02-04:00,2007-10-17,MAPPED,True
4521,Natl CPI YoY,JPY National CPI,2007-10-26 00:30:08+00:00,2007-10-25 20:30:08-04:00,2007-10-26,MAPPED,True
4528,BOJ Target Rate,BoJ,2007-10-31 03:42:00+00:00,2007-10-30 23:42:00-04:00,2007-10-31,MAPPED,True
4534,FOMC Rate Decision (Upper Bound),FOMC,2007-10-31 18:15:00+00:00,2007-10-31 14:15:00-04:00,2007-10-31,MAPPED,True
4539,Change in Nonfarm Payrolls,US Employment,2007-11-02 12:30:00+00:00,2007-11-02 08:30:00-04:00,2007-11-02,MAPPED,True
4540,Unemployment Rate,US Employment,2007-11-02 12:30:01+00:00,2007-11-02 08:30:01-04:00,2007-11-02,MAPPED,True
4551,GDP SA QoQ,JPY GDP,2007-11-12 23:50:01+00:00,2007-11-12 18:50:01-05:00,2007-11-13,MAPPED,True
4552,GDP Annualized SA QoQ,JPY GDP,2007-11-12 23:50:02+00:00,2007-11-12 18:50:02-05:00,2007-11-13,MAPPED,True
4553,GDP Deflator YoY,JPY GDP,2007-11-12 23:50:04+00:00,2007-11-12 18:50:04-05:00,2007-11-13,MAPPED,True
4554,BOJ Target Rate,BoJ,2007-11-13 03:29:00+00:00,2007-11-12 22:29:00-05:00,2007-11-13,MAPPED,True
4558,CPI MoM,US CPI,2007-11-15 13:30:00+00:00,2007-11-15 08:30:00-05:00,2007-11-15,MAPPED,True
4559,CPI YoY,US CPI,2007-11-15 13:30:02+00:00,2007-11-15 08:30:02-05:00,2007-11-15,MAPPED,True
4580,Natl CPI YoY,JPY National CPI,2007-11-29 23:30:08+00:00,2007-11-29 18:30:08-05:00,2007-11-30,MAPPED,True
4591,GDP SA QoQ,JPY GDP,2007-12-06 23:50:00+00:00,2007-12-06 18:50:00-05:00,2007-12-07,MAPPED,True
4592,GDP Annualized SA QoQ,JPY GDP,2007-12-06 23:50:01+00:00,2007-12-06 18:50:01-05:00,2007-12-07,MAPPED,True
4593,GDP Deflator YoY,JPY GDP,2007-12-06 23:50:03+00:00,2007-12-06 18:50:03-05:00,2007-12-07,MAPPED,True
4594,Change in Nonfarm Payrolls,US Employment,2007-12-07 13:30:00+00:00,2007-12-07 08:30:00-05:00,2007-12-07,MAPPED,True
4595,Unemployment Rate,US Employment,2007-12-07 13:30:01+00:00,2007-12-07 08:30:01-05:00,2007-12-07,MAPPED,True
4599,FOMC Rate Decision (Upper Bound),FOMC,2007-12-11 19:15:00+00:00,2007-12-11 14:15:00-05:00,2007-12-11,MAPPED,True
4612,CPI MoM,US CPI,2007-12-14 13:30:00+00:00,2007-12-14 08:30:00-05:00,2007-12-14,MAPPED,True
4613,CPI YoY,US CPI,2007-12-14 13:30:02+00:00,2007-12-14 08:30:02-05:00,2007-12-14,MAPPED,True
4619,BOJ Target Rate,BoJ,2007-12-20 03:51:00+00:00,2007-12-19 22:51:00-05:00,2007-12-20,MAPPED,True
4634,Natl CPI YoY,JPY National CPI,2007-12-27 23:30:08+00:00,2007-12-27 18:30:08-05:00,2007-12-28,MAPPED,True
4645,Change in Nonfarm Payrolls,US Employment,2008-01-04 13:30:00+00:00,2008-01-04 08:30:00-05:00,2008-01-04,MAPPED,True
4646,Unemployment Rate,US Employment,2008-01-04 13:30:01+00:00,2008-01-04 08:30:01-05:00,2008-01-04,MAPPED,True
4657,CPI MoM,US CPI,2008-01-16 13:30:00+00:00,2008-01-16 08:30:00-05:00,2008-01-16,MAPPED,True
4658,CPI YoY,US CPI,2008-01-16 13:30:02+00:00,2008-01-16 08:30:02-05:00,2008-01-16,MAPPED,True
4666,BOJ Target Rate,BoJ,2008-01-22 03:19:00+00:00,2008-01-21 22:19:00-05:00,2008-01-22,MAPPED,True
4667,FOMC Rate Decision (Upper Bound),FOMC,2008-01-22 13:20:00+00:00,2008-01-22 08:20:00-05:00,2008-01-22,MAPPED,True
4672,Natl CPI YoY,JPY National CPI,2008-01-24 23:30:08+00:00,2008-01-24 18:30:08-05:00,2008-01-25,MAPPED,True
4682,FOMC Rate Decision (Upper Bound),FOMC,2008-01-30 19:15:00+00:00,2008-01-30 14:15:00-05:00,2008-01-30,MAPPED,True
4688,Change in Nonfarm Payrolls,US Employment,2008-02-01 13:30:00+00:00,2008-02-01 08:30:00-05:00,2008-02-01,MAPPED,True
4689,Unemployment Rate,US Employment,2008-02-01 13:30:01+00:00,2008-02-01 08:30:01-05:00,2008-02-01,MAPPED,True
4703,GDP SA QoQ,JPY GDP,2008-02-13 23:50:00+00:00,2008-02-13 18:50:00-05:00,2008-02-14,MAPPED,True
4704,GDP Annualized SA QoQ,JPY GDP,2008-02-13 23:50:01+00:00,2008-02-13 18:50:01-05:00,2008-02-14,MAPPED,True
4705,GDP Deflator YoY,JPY GDP,2008-02-13 23:50:03+00:00,2008-02-13 18:50:03-05:00,2008-02-14,MAPPED,True
4709,BOJ Target Rate,BoJ,2008-02-15 03:51:00+00:00,2008-02-14 22:51:00-05:00,2008-02-15,MAPPED,True
4715,CPI MoM,US CPI,2008-02-20 13:30:00+00:00,2008-02-20 08:30:00-05:00,2008-02-20,MAPPED,True
4716,CPI YoY,US CPI,2008-02-20 13:30:02+00:00,2008-02-20 08:30:02-05:00,2008-02-20,MAPPED,True
4732,Natl CPI YoY,JPY National CPI,2008-02-28 23:30:08+00:00,2008-02-28 18:30:08-05:00,2008-02-29,MAPPED,True
4745,BOJ Target Rate,BoJ,2008-03-07 03:52:00+00:00,2008-03-06 22:52:00-05:00,2008-03-07,MAPPED,True
4746,Change in Nonfarm Payrolls,US Employment,2008-03-07 13:30:00+00:00,2008-03-07 08:30:00-05:00,2008-03-07,MAPPED,True
4747,Unemployment Rate,US Employment,2008-03-07 13:30:01+00:00,2008-03-07 08:30:01-05:00,2008-03-07,MAPPED,True
4751,GDP SA QoQ,JPY GDP,2008-03-11 23:50:00+00:00,2008-03-11 19:50:00-04:00,2008-03-12,MAPPED,True
4752,GDP Annualized SA QoQ,JPY GDP,2008-03-11 23:50:01+00:00,2008-03-11 19:50:01-04:00,2008-03-12,MAPPED,True
4753,GDP Deflator YoY,JPY GDP,2008-03-11 23:50:02+00:00,2008-03-11 19:50:02-04:00,2008-03-12,MAPPED,True
4760,CPI MoM,US CPI,2008-03-14 12:30:00+00:00,2008-03-14 08:30:00-04:00,2008-03-14,MAPPED,True
4761,CPI YoY,US CPI,2008-03-14 12:30:02+00:00,2008-03-14 08:30:02-04:00,2008-03-14,MAPPED,True
4767,FOMC Rate Decision (Upper Bound),FOMC,2008-03-18 18:15:00+00:00,2008-03-18 14:15:00-04:00,2008-03-18,MAPPED,True
4781,Natl CPI YoY,JPY National CPI,2008-03-27 23:30:08+00:00,2008-03-27 19:30:08-04:00,2008-03-28,MAPPED,True
4800,Change in Nonfarm Payrolls,US Employment,2008-04-04 13:30:00+00:00,2008-04-04 09:30:00-04:00,2008-04-04,MAPPED,True
4801,Unemployment Rate,US Employment,2008-04-04 13:30:01+00:00,2008-04-04 09:30:01-04:00,2008-04-04,MAPPED,True
4802,BOJ Target Rate,BoJ,2008-04-09 04:24:00+00:00,2008-04-09 00:24:00-04:00,2008-04-09,MAPPED,True
4814,CPI MoM,US CPI,2008-04-16 13:30:00+00:00,2008-04-16 09:30:00-04:00,2008-04-16,MAPPED,True
4815,CPI YoY,US CPI,2008-04-16 13:30:02+00:00,2008-04-16 09:30:02-04:00,2008-04-16,MAPPED,True
4828,Natl CPI YoY,JPY National CPI,2008-04-25 00:30:07+00:00,2008-04-24 20:30:07-04:00,2008-04-25,MAPPED,True
4835,BOJ Target Rate,BoJ,2008-04-30 05:28:00+00:00,2008-04-30 01:28:00-04:00,2008-04-30,MAPPED,True
4840,FOMC Rate Decision (Upper Bound),FOMC,2008-04-30 19:15:00+00:00,2008-04-30 15:15:00-04:00,2008-04-30,MAPPED,True
4846,Change in Nonfarm Payrolls,US Employment,2008-05-02 13:30:00+00:00,2008-05-02 09:30:00-04:00,2008-05-02,MAPPED,True
4847,Unemployment Rate,US Employment,2008-05-02 13:30:01+00:00,2008-05-02 09:30:01-04:00,2008-05-02,MAPPED,True
4858,CPI MoM,US CPI,2008-05-14 13:30:00+00:00,2008-05-14 09:30:00-04:00,2008-05-14,MAPPED,True
4859,CPI YoY,US CPI,2008-05-14 13:30:02+00:00,2008-05-14 09:30:02-04:00,2008-05-14,MAPPED,True
4864,GDP SA QoQ,JPY GDP,2008-05-16 00:50:00+00:00,2008-05-15 20:50:00-04:00,2008-05-16,MAPPED,True
4865,GDP Annualized SA QoQ,JPY GDP,2008-05-16 00:50:01+00:00,2008-05-15 20:50:01-04:00,2008-05-16,MAPPED,True
4866,GDP Deflator YoY,JPY GDP,2008-05-16 00:50:03+00:00,2008-05-15 20:50:03-04:00,2008-05-16,MAPPED,True
4872,BOJ Target Rate,BoJ,2008-05-20 04:04:00+00:00,2008-05-20 00:04:00-04:00,2008-05-20,MAPPED,True
4886,Natl CPI YoY,JPY National CPI,2008-05-30 00:30:07+00:00,2008-05-29 20:30:07-04:00,2008-05-30,MAPPED,True
4900,Change in Nonfarm Payrolls,US Employment,2008-06-06 13:30:00+00:00,2008-06-06 09:30:00-04:00,2008-06-06,MAPPED,True
4901,Unemployment Rate,US Employment,2008-06-06 13:30:01+00:00,2008-06-06 09:30:01-04:00,2008-06-06,MAPPED,True
4905,GDP SA QoQ,JPY GDP,2008-06-11 00:50:00+00:00,2008-06-10 20:50:00-04:00,2008-06-11,MAPPED,True
4906,GDP Annualized SA QoQ,JPY GDP,2008-06-11 00:50:01+00:00,2008-06-10 20:50:01-04:00,2008-06-11,MAPPED,True
4907,GDP Deflator YoY,JPY GDP,2008-06-11 00:50:03+00:00,2008-06-10 20:50:03-04:00,2008-06-11,MAPPED,True
4913,BOJ Target Rate,BoJ,2008-06-13 04:23:00+00:00,2008-06-13 00:23:00-04:00,2008-06-13,MAPPED,True
4915,CPI MoM,US CPI,2008-06-13 13:30:00+00:00,2008-06-13 09:30:00-04:00,2008-06-13,MAPPED,True
4916,CPI YoY,US CPI,2008-06-13 13:30:02+00:00,2008-06-13 09:30:02-04:00,2008-06-13,MAPPED,True
4929,FOMC Rate Decision (Upper Bound),FOMC,2008-06-25 19:15:00+00:00,2008-06-25 15:15:00-04:00,2008-06-25,MAPPED,True
4936,Natl CPI YoY,JPY National CPI,2008-06-27 00:30:07+00:00,2008-06-26 20:30:07-04:00,2008-06-27,MAPPED,True
4953,Change in Nonfarm Payrolls,US Employment,2008-07-03 13:30:00+00:00,2008-07-03 09:30:00-04:00,2008-07-03,MAPPED,True
4954,Unemployment Rate,US Employment,2008-07-03 13:30:01+00:00,2008-07-03 09:30:01-04:00,2008-07-03,MAPPED,True
4966,BOJ Target Rate,BoJ,2008-07-15 05:35:00+00:00,2008-07-15 01:35:00-04:00,2008-07-15,MAPPED,True
4971,CPI MoM,US CPI,2008-07-16 13:30:00+00:00,2008-07-16 09:30:00-04:00,2008-07-16,MAPPED,True
4972,CPI YoY,US CPI,2008-07-16 13:30:02+00:00,2008-07-16 09:30:02-04:00,2008-07-16,MAPPED,True
4981,Natl CPI YoY,JPY National CPI,2008-07-25 00:30:07+00:00,2008-07-24 20:30:07-04:00,2008-07-25,MAPPED,True
4995,Change in Nonfarm Payrolls,US Employment,2008-08-01 13:30:00+00:00,2008-08-01 09:30:00-04:00,2008-08-01,MAPPED,True
4996,Unemployment Rate,US Employment,2008-08-01 13:30:01+00:00,2008-08-01 09:30:01-04:00,2008-08-01,MAPPED,True
5003,FOMC Rate Decision (Upper Bound),FOMC,2008-08-05 19:15:00+00:00,2008-08-05 15:15:00-04:00,2008-08-05,MAPPED,True
5011,GDP SA QoQ,JPY GDP,2008-08-13 00:50:00+00:00,2008-08-12 20:50:00-04:00,2008-08-13,MAPPED,True
5012,GDP Annualized SA QoQ,JPY GDP,2008-08-13 00:50:01+00:00,2008-08-12 20:50:01-04:00,2008-08-13,MAPPED,True
5013,GDP Deflator YoY,JPY GDP,2008-08-13 00:50:03+00:00,2008-08-12 20:50:03-04:00,2008-08-13,MAPPED,True
5018,CPI MoM,US CPI,2008-08-14 13:30:00+00:00,2008-08-14 09:30:00-04:00,2008-08-14,MAPPED,True
5019,CPI YoY,US CPI,2008-08-14 13:30:02+00:00,2008-08-14 09:30:02-04:00,2008-08-14,MAPPED,True
5024,BOJ Target Rate,BoJ,2008-08-19 04:30:00+00:00,2008-08-19 00:30:00-04:00,2008-08-19,MAPPED,True
5040,Natl CPI YoY,JPY National CPI,2008-08-29 00:30:07+00:00,2008-08-28 20:30:07-04:00,2008-08-29,MAPPED,True
5054,Change in Nonfarm Payrolls,US Employment,2008-09-05 13:30:00+00:00,2008-09-05 09:30:00-04:00,2008-09-05,MAPPED,True
5055,Unemployment Rate,US Employment,2008-09-05 13:30:01+00:00,2008-09-05 09:30:01-04:00,2008-09-05,MAPPED,True
5063,GDP SA QoQ,JPY GDP,2008-09-12 00:50:00+00:00,2008-09-11 20:50:00-04:00,2008-09-12,MAPPED,True
5064,GDP Annualized SA QoQ,JPY GDP,2008-09-12 00:50:01+00:00,2008-09-11 20:50:01-04:00,2008-09-12,MAPPED,True
5065,GDP Deflator YoY,JPY GDP,2008-09-12 00:50:03+00:00,2008-09-11 20:50:03-04:00,2008-09-12,MAPPED,True
5071,CPI MoM,US CPI,2008-09-16 13:30:00+00:00,2008-09-16 09:30:00-04:00,2008-09-16,MAPPED,True
5072,CPI YoY,US CPI,2008-09-16 13:30:02+00:00,2008-09-16 09:30:02-04:00,2008-09-16,MAPPED,True
5073,FOMC Rate Decision (Upper Bound),FOMC,2008-09-16 19:15:00+00:00,2008-09-16 15:15:00-04:00,2008-09-16,MAPPED,True
5077,BOJ Target Rate,BoJ,2008-09-18 04:47:00+00:00,2008-09-18 00:47:00-04:00,2008-09-18,MAPPED,True
5086,Natl CPI YoY,JPY National CPI,2008-09-26 00:30:07+00:00,2008-09-25 20:30:07-04:00,2008-09-26,MAPPED,True
5108,Change in Nonfarm Payrolls,US Employment,2008-10-03 13:30:00+00:00,2008-10-03 09:30:00-04:00,2008-10-03,MAPPED,True
5109,Unemployment Rate,US Employment,2008-10-03 13:30:01+00:00,2008-10-03 09:30:01-04:00,2008-10-03,MAPPED,True
5111,BOJ Target Rate,BoJ,2008-10-07 04:58:00+00:00,2008-10-07 00:58:00-04:00,2008-10-07,MAPPED,True
5112,FOMC Rate Decision (Upper Bound),FOMC,2008-10-08 12:00:00+00:00,2008-10-08 08:00:00-04:00,2008-10-08,MAPPED,True
5119,BOJ Target Rate,BoJ,2008-10-14 13:38:00+00:00,2008-10-14 09:38:00-04:00,2008-10-14,MAPPED,True
5125,CPI MoM,US CPI,2008-10-16 13:30:00+00:00,2008-10-16 09:30:00-04:00,2008-10-16,MAPPED,True
5126,CPI YoY,US CPI,2008-10-16 13:30:02+00:00,2008-10-16 09:30:02-04:00,2008-10-16,MAPPED,True
5141,FOMC Rate Decision (Upper Bound),FOMC,2008-10-29 18:17:00+00:00,2008-10-29 14:17:00-04:00,2008-10-29,MAPPED,True
5148,Natl CPI YoY,JPY National CPI,2008-10-30 23:30:07+00:00,2008-10-30 19:30:07-04:00,2008-10-31,MAPPED,True
5149,BOJ Target Rate,BoJ,2008-10-31 04:58:00+00:00,2008-10-31 00:58:00-04:00,2008-10-31,MAPPED,True
5161,Change in Nonfarm Payrolls,US Employment,2008-11-07 13:30:00+00:00,2008-11-07 08:30:00-05:00,2008-11-07,MAPPED,True
5162,Unemployment Rate,US Employment,2008-11-07 13:30:01+00:00,2008-11-07 08:30:01-05:00,2008-11-07,MAPPED,True
5173,GDP SA QoQ,JPY GDP,2008-11-16 23:50:00+00:00,2008-11-16 18:50:00-05:00,2008-11-17,MAPPED,True
5174,GDP Annualized SA QoQ,JPY GDP,2008-11-16 23:50:01+00:00,2008-11-16 18:50:01-05:00,2008-11-17,MAPPED,True
5175,GDP Deflator YoY,JPY GDP,2008-11-16 23:50:03+00:00,2008-11-16 18:50:03-05:00,2008-11-17,MAPPED,True
5180,CPI MoM,US CPI,2008-11-19 13:30:00+00:00,2008-11-19 08:30:00-05:00,2008-11-19,MAPPED,True
5181,CPI YoY,US CPI,2008-11-19 13:30:03+00:00,2008-11-19 08:30:03-05:00,2008-11-19,MAPPED,True
5185,BOJ Target Rate,BoJ,2008-11-21 03:37:00+00:00,2008-11-20 22:37:00-05:00,2008-11-21,MAPPED,True
5201,Natl CPI YoY,JPY National CPI,2008-11-27 23:30:07+00:00,2008-11-27 18:30:07-05:00,2008-11-28,MAPPED,True
5203,BOJ Target Rate,BoJ,2008-12-01 05:39:00+00:00,2008-12-01 00:39:00-05:00,2008-12-01,MAPPED,True
5212,Change in Nonfarm Payrolls,US Employment,2008-12-05 13:30:00+00:00,2008-12-05 08:30:00-05:00,2008-12-05,MAPPED,True
5213,Unemployment Rate,US Employment,2008-12-05 13:30:01+00:00,2008-12-05 08:30:01-05:00,2008-12-05,MAPPED,True
5215,GDP SA QoQ,JPY GDP,2008-12-08 23:50:00+00:00,2008-12-08 18:50:00-05:00,2008-12-09,MAPPED,True
5216,GDP Annualized SA QoQ,JPY GDP,2008-12-08 23:50:01+00:00,2008-12-08 18:50:01-05:00,2008-12-09,MAPPED,True
5217,GDP Deflator YoY,JPY GDP,2008-12-08 23:50:03+00:00,2008-12-08 18:50:03-05:00,2008-12-09,MAPPED,True
5235,CPI MoM,US CPI,2008-12-16 13:30:01+00:00,2008-12-16 08:30:01-05:00,2008-12-16,MAPPED,True
5236,CPI YoY,US CPI,2008-12-16 13:30:03+00:00,2008-12-16 08:30:03-05:00,2008-12-16,MAPPED,True
5238,FOMC Rate Decision (Upper Bound),FOMC,2008-12-16 19:15:00+00:00,2008-12-16 14:15:00-05:00,2008-12-16,MAPPED,True
5242,BOJ Target Rate,BoJ,2008-12-19 05:07:00+00:00,2008-12-19 00:07:00-05:00,2008-12-19,MAPPED,True
5256,Natl CPI YoY,JPY National CPI,2008-12-25 23:30:07+00:00,2008-12-25 18:30:07-05:00,2008-12-26,MAPPED,True
5269,Change in Nonfarm Payrolls,US Employment,2009-01-09 13:30:00+00:00,2009-01-09 08:30:00-05:00,2009-01-09,MAPPED,True
5270,Unemployment Rate,US Employment,2009-01-09 13:30:01+00:00,2009-01-09 08:30:01-05:00,2009-01-09,MAPPED,True
5280,CPI MoM,US CPI,2009-01-16 13:30:00+00:00,2009-01-16 08:30:00-05:00,2009-01-16,MAPPED,True
5281,CPI YoY,US CPI,2009-01-16 13:30:02+00:00,2009-01-16 08:30:02-05:00,2009-01-16,MAPPED,True
5286,BOJ Target Rate,BoJ,2009-01-22 04:43:00+00:00,2009-01-21 23:43:00-05:00,2009-01-22,MAPPED,True
5294,FOMC Rate Decision (Upper Bound),FOMC,2009-01-28 19:15:00+00:00,2009-01-28 14:15:00-05:00,2009-01-28,MAPPED,True
5302,Natl CPI YoY,JPY National CPI,2009-01-29 23:30:07+00:00,2009-01-29 18:30:07-05:00,2009-01-30,MAPPED,True
5316,Change in Nonfarm Payrolls,US Employment,2009-02-06 13:30:00+00:00,2009-02-06 08:30:00-05:00,2009-02-06,MAPPED,True
5317,Unemployment Rate,US Employment,2009-02-06 13:30:01+00:00,2009-02-06 08:30:01-05:00,2009-02-06,MAPPED,True
5327,GDP SA QoQ,JPY GDP,2009-02-15 23:50:00+00:00,2009-02-15 18:50:00-05:00,2009-02-16,MAPPED,True
5328,GDP Annualized SA QoQ,JPY GDP,2009-02-15 23:50:01+00:00,2009-02-15 18:50:01-05:00,2009-02-16,MAPPED,True
5329,GDP Deflator YoY,JPY GDP,2009-02-15 23:50:03+00:00,2009-02-15 18:50:03-05:00,2009-02-16,MAPPED,True
5336,BOJ Target Rate,BoJ,2009-02-19 04:54:00+00:00,2009-02-18 23:54:00-05:00,2009-02-19,MAPPED,True
5339,CPI MoM,US CPI,2009-02-20 13:30:00+00:00,2009-02-20 08:30:00-05:00,2009-02-20,MAPPED,True
5340,CPI YoY,US CPI,2009-02-20 13:30:02+00:00,2009-02-20 08:30:02-05:00,2009-02-20,MAPPED,True
5351,Natl CPI YoY,JPY National CPI,2009-02-26 23:30:07+00:00,2009-02-26 18:30:07-05:00,2009-02-27,MAPPED,True
5366,Change in Nonfarm Payrolls,US Employment,2009-03-06 13:30:00+00:00,2009-03-06 08:30:00-05:00,2009-03-06,MAPPED,True
5367,Unemployment Rate,US Employment,2009-03-06 13:30:01+00:00,2009-03-06 08:30:01-05:00,2009-03-06,MAPPED,True
5373,GDP SA QoQ,JPY GDP,2009-03-11 23:50:00+00:00,2009-03-11 19:50:00-04:00,2009-03-12,MAPPED,True
5374,GDP Annualized SA QoQ,JPY GDP,2009-03-11 23:50:01+00:00,2009-03-11 19:50:01-04:00,2009-03-12,MAPPED,True
5375,GDP Deflator YoY,JPY GDP,2009-03-11 23:50:03+00:00,2009-03-11 19:50:03-04:00,2009-03-12,MAPPED,True
5385,BOJ Target Rate,BoJ,2009-03-18 03:28:00+00:00,2009-03-17 23:28:00-04:00,2009-03-18,MAPPED,True
5387,CPI MoM,US CPI,2009-03-18 12:30:01+00:00,2009-03-18 08:30:01-04:00,2009-03-18,MAPPED,True
5388,CPI YoY,US CPI,2009-03-18 12:30:03+00:00,2009-03-18 08:30:03-04:00,2009-03-18,MAPPED,True
5389,FOMC Rate Decision (Upper Bound),FOMC,2009-03-18 18:15:00+00:00,2009-03-18 14:15:00-04:00,2009-03-18,MAPPED,True
5399,Natl CPI YoY,JPY National CPI,2009-03-26 23:30:03+00:00,2009-03-26 19:30:03-04:00,2009-03-27,MAPPED,True
5420,Change in Nonfarm Payrolls,US Employment,2009-04-03 13:30:00+00:00,2009-04-03 09:30:00-04:00,2009-04-03,MAPPED,True
5421,Unemployment Rate,US Employment,2009-04-03 13:30:01+00:00,2009-04-03 09:30:01-04:00,2009-04-03,MAPPED,True
5423,BOJ Target Rate,BoJ,2009-04-07 04:22:00+00:00,2009-04-07 00:22:00-04:00,2009-04-07,MAPPED,True
5434,CPI MoM,US CPI,2009-04-15 13:30:00+00:00,2009-04-15 09:30:00-04:00,2009-04-15,MAPPED,True
5435,CPI YoY,US CPI,2009-04-15 13:30:02+00:00,2009-04-15 09:30:02-04:00,2009-04-15,MAPPED,True
5451,FOMC Rate Decision (Upper Bound),FOMC,2009-04-29 19:15:00+00:00,2009-04-29 15:15:00-04:00,2009-04-29,MAPPED,True
5454,BOJ Target Rate,BoJ,2009-04-30 05:47:00+00:00,2009-04-30 01:47:00-04:00,2009-04-30,MAPPED,True
5462,Natl CPI YoY,JPY National CPI,2009-05-01 00:30:07+00:00,2009-04-30 20:30:07-04:00,2009-05-01,MAPPED,True
5471,Change in Nonfarm Payrolls,US Employment,2009-05-08 13:30:00+00:00,2009-05-08 09:30:00-04:00,2009-05-08,MAPPED,True
5472,Unemployment Rate,US Employment,2009-05-08 13:30:01+00:00,2009-05-08 09:30:01-04:00,2009-05-08,MAPPED,True
5481,CPI MoM,US CPI,2009-05-15 13:30:00+00:00,2009-05-15 09:30:00-04:00,2009-05-15,MAPPED,True
5482,CPI YoY,US CPI,2009-05-15 13:30:02+00:00,2009-05-15 09:30:02-04:00,2009-05-15,MAPPED,True
5488,GDP SA QoQ,JPY GDP,2009-05-20 00:50:00+00:00,2009-05-19 20:50:00-04:00,2009-05-20,MAPPED,True
5489,GDP Annualized SA QoQ,JPY GDP,2009-05-20 00:50:01+00:00,2009-05-19 20:50:01-04:00,2009-05-20,MAPPED,True
5490,GDP Deflator YoY,JPY GDP,2009-05-20 00:50:03+00:00,2009-05-19 20:50:03-04:00,2009-05-20,MAPPED,True
5495,BOJ Target Rate,BoJ,2009-05-22 04:34:00+00:00,2009-05-22 00:34:00-04:00,2009-05-22,MAPPED,True
5506,Natl CPI YoY,JPY National CPI,2009-05-29 00:30:07+00:00,2009-05-28 20:30:07-04:00,2009-05-29,MAPPED,True
5521,Change in Nonfarm Payrolls,US Employment,2009-06-05 13:30:00+00:00,2009-06-05 09:30:00-04:00,2009-06-05,MAPPED,True
5522,Unemployment Rate,US Employment,2009-06-05 13:30:01+00:00,2009-06-05 09:30:01-04:00,2009-06-05,MAPPED,True
5529,GDP SA QoQ,JPY GDP,2009-06-11 00:50:00+00:00,2009-06-10 20:50:00-04:00,2009-06-11,MAPPED,True
5530,GDP Annualized SA QoQ,JPY GDP,2009-06-11 00:50:01+00:00,2009-06-10 20:50:01-04:00,2009-06-11,MAPPED,True
5531,GDP Deflator YoY,JPY GDP,2009-06-11 00:50:03+00:00,2009-06-10 20:50:03-04:00,2009-06-11,MAPPED,True
5537,BOJ Target Rate,BoJ,2009-06-16 04:34:00+00:00,2009-06-16 00:34:00-04:00,2009-06-16,MAPPED,True
5541,CPI MoM,US CPI,2009-06-17 13:30:00+00:00,2009-06-17 09:30:00-04:00,2009-06-17,MAPPED,True
5542,CPI YoY,US CPI,2009-06-17 13:30:02+00:00,2009-06-17 09:30:02-04:00,2009-06-17,MAPPED,True
5550,FOMC Rate Decision (Upper Bound),FOMC,2009-06-24 19:15:00+00:00,2009-06-24 15:15:00-04:00,2009-06-24,MAPPED,True
5554,Natl CPI YoY,JPY National CPI,2009-06-26 00:30:07+00:00,2009-06-25 20:30:07-04:00,2009-06-26,MAPPED,True
5573,Change in Nonfarm Payrolls,US Employment,2009-07-02 13:30:00+00:00,2009-07-02 09:30:00-04:00,2009-07-02,MAPPED,True
5574,Unemployment Rate,US Employment,2009-07-02 13:30:01+00:00,2009-07-02 09:30:01-04:00,2009-07-02,MAPPED,True
5588,BOJ Target Rate,BoJ,2009-07-15 05:35:00+00:00,2009-07-15 01:35:00-04:00,2009-07-15,MAPPED,True
5590,CPI MoM,US CPI,2009-07-15 13:30:00+00:00,2009-07-15 09:30:00-04:00,2009-07-15,MAPPED,True
5591,CPI YoY,US CPI,2009-07-15 13:30:02+00:00,2009-07-15 09:30:02-04:00,2009-07-15,MAPPED,True
5612,Natl CPI YoY,JPY National CPI,2009-07-31 00:30:07+00:00,2009-07-30 20:30:07-04:00,2009-07-31,MAPPED,True
5624,Change in Nonfarm Payrolls,US Employment,2009-08-07 13:30:00+00:00,2009-08-07 09:30:00-04:00,2009-08-07,MAPPED,True
5625,Unemployment Rate,US Employment,2009-08-07 13:30:01+00:00,2009-08-07 09:30:01-04:00,2009-08-07,MAPPED,True
5628,BOJ Target Rate,BoJ,2009-08-11 03:52:00+00:00,2009-08-10 23:52:00-04:00,2009-08-11,MAPPED,True
5634,FOMC Rate Decision (Upper Bound),FOMC,2009-08-12 19:15:00+00:00,2009-08-12 15:15:00-04:00,2009-08-12,MAPPED,True
5638,CPI MoM,US CPI,2009-08-14 13:30:00+00:00,2009-08-14 09:30:00-04:00,2009-08-14,MAPPED,True
5639,CPI YoY,US CPI,2009-08-14 13:30:02+00:00,2009-08-14 09:30:02-04:00,2009-08-14,MAPPED,True
5642,GDP SA QoQ,JPY GDP,2009-08-17 00:50:00+00:00,2009-08-16 20:50:00-04:00,2009-08-17,MAPPED,True
5643,GDP Annualized SA QoQ,JPY GDP,2009-08-17 00:50:01+00:00,2009-08-16 20:50:01-04:00,2009-08-17,MAPPED,True
5644,GDP Deflator YoY,JPY GDP,2009-08-17 00:50:03+00:00,2009-08-16 20:50:03-04:00,2009-08-17,MAPPED,True
5660,Natl CPI YoY,JPY National CPI,2009-08-28 00:30:07+00:00,2009-08-27 20:30:07-04:00,2009-08-28,MAPPED,True
5675,Change in Nonfarm Payrolls,US Employment,2009-09-04 13:30:00+00:00,2009-09-04 09:30:00-04:00,2009-09-04,MAPPED,True
5676,Unemployment Rate,US Employment,2009-09-04 13:30:01+00:00,2009-09-04 09:30:01-04:00,2009-09-04,MAPPED,True
5683,GDP Annualized SA QoQ,JPY GDP,2009-09-11 00:50:00+00:00,2009-09-10 20:50:00-04:00,2009-09-11,MAPPED,True
5684,GDP SA QoQ,JPY GDP,2009-09-11 00:50:00+00:00,2009-09-10 20:50:00-04:00,2009-09-11,MAPPED,True
5685,GDP Deflator YoY,JPY GDP,2009-09-11 00:50:03+00:00,2009-09-10 20:50:03-04:00,2009-09-11,MAPPED,True
5692,CPI MoM,US CPI,2009-09-16 13:30:00+00:00,2009-09-16 09:30:00-04:00,2009-09-16,MAPPED,True
5693,CPI YoY,US CPI,2009-09-16 13:30:02+00:00,2009-09-16 09:30:02-04:00,2009-09-16,MAPPED,True
5696,BOJ Target Rate,BoJ,2009-09-17 04:39:00+00:00,2009-09-17 00:39:00-04:00,2009-09-17,MAPPED,True
5701,FOMC Rate Decision (Upper Bound),FOMC,2009-09-23 19:15:00+00:00,2009-09-23 15:15:00-04:00,2009-09-23,MAPPED,True
5708,Natl CPI YoY,JPY National CPI,2009-09-29 00:30:07+00:00,2009-09-28 20:30:07-04:00,2009-09-29,MAPPED,True
5728,Change in Nonfarm Payrolls,US Employment,2009-10-02 13:30:00+00:00,2009-10-02 09:30:00-04:00,2009-10-02,MAPPED,True
5729,Unemployment Rate,US Employment,2009-10-02 13:30:01+00:00,2009-10-02 09:30:01-04:00,2009-10-02,MAPPED,True
5739,BOJ Target Rate,BoJ,2009-10-14 05:14:00+00:00,2009-10-14 01:14:00-04:00,2009-10-14,MAPPED,True
5743,CPI MoM,US CPI,2009-10-15 13:30:00+00:00,2009-10-15 09:30:00-04:00,2009-10-15,MAPPED,True
5744,CPI YoY,US CPI,2009-10-15 13:30:02+00:00,2009-10-15 09:30:02-04:00,2009-10-15,MAPPED,True
5766,Natl CPI YoY,JPY National CPI,2009-10-29 23:30:07+00:00,2009-10-29 19:30:07-04:00,2009-10-30,MAPPED,True
5767,BOJ Target Rate,BoJ,2009-10-30 04:05:00+00:00,2009-10-30 00:05:00-04:00,2009-10-30,MAPPED,True
5778,FOMC Rate Decision (Upper Bound),FOMC,2009-11-04 19:15:00+00:00,2009-11-04 14:15:00-05:00,2009-11-04,MAPPED,True
5780,Change in Nonfarm Payrolls,US Employment,2009-11-06 13:30:00+00:00,2009-11-06 08:30:00-05:00,2009-11-06,MAPPED,True
5781,Unemployment Rate,US Employment,2009-11-06 13:30:01+00:00,2009-11-06 08:30:01-05:00,2009-11-06,MAPPED,True
5791,GDP SA QoQ,JPY GDP,2009-11-15 23:50:00+00:00,2009-11-15 18:50:00-05:00,2009-11-16,MAPPED,True
5792,GDP Annualized SA QoQ,JPY GDP,2009-11-15 23:50:01+00:00,2009-11-15 18:50:01-05:00,2009-11-16,MAPPED,True
5793,GDP Deflator YoY,JPY GDP,2009-11-15 23:50:03+00:00,2009-11-15 18:50:03-05:00,2009-11-16,MAPPED,True
5799,CPI MoM,US CPI,2009-11-18 13:30:00+00:00,2009-11-18 08:30:00-05:00,2009-11-18,MAPPED,True
5800,CPI YoY,US CPI,2009-11-18 13:30:02+00:00,2009-11-18 08:30:02-05:00,2009-11-18,MAPPED,True
5804,BOJ Target Rate,BoJ,2009-11-20 03:35:00+00:00,2009-11-19 22:35:00-05:00,2009-11-20,MAPPED,True
5817,Natl CPI YoY,JPY National CPI,2009-11-26 23:30:03+00:00,2009-11-26 18:30:03-05:00,2009-11-27,MAPPED,True
5822,BOJ Target Rate,BoJ,2009-12-01 06:38:00+00:00,2009-12-01 01:38:00-05:00,2009-12-01,MAPPED,True
5830,Change in Nonfarm Payrolls,US Employment,2009-12-04 13:30:00+00:00,2009-12-04 08:30:00-05:00,2009-12-04,MAPPED,True
5831,Unemployment Rate,US Employment,2009-12-04 13:30:01+00:00,2009-12-04 08:30:01-05:00,2009-12-04,MAPPED,True
5834,GDP SA QoQ,JPY GDP,2009-12-08 23:50:00+00:00,2009-12-08 18:50:00-05:00,2009-12-09,MAPPED,True
5835,GDP Annualized SA QoQ,JPY GDP,2009-12-08 23:50:01+00:00,2009-12-08 18:50:01-05:00,2009-12-09,MAPPED,True
5836,GDP Deflator YoY,JPY GDP,2009-12-08 23:50:03+00:00,2009-12-08 18:50:03-05:00,2009-12-09,MAPPED,True
5855,CPI MoM,US CPI,2009-12-16 13:30:01+00:00,2009-12-16 08:30:01-05:00,2009-12-16,MAPPED,True
5856,CPI YoY,US CPI,2009-12-16 13:30:03+00:00,2009-12-16 08:30:03-05:00,2009-12-16,MAPPED,True
5858,FOMC Rate Decision (Upper Bound),FOMC,2009-12-16 19:15:00+00:00,2009-12-16 14:15:00-05:00,2009-12-16,MAPPED,True
5861,BOJ Target Rate,BoJ,2009-12-18 03:13:00+00:00,2009-12-17 22:13:00-05:00,2009-12-18,MAPPED,True
5874,Natl CPI YoY,JPY National CPI,2009-12-24 23:30:07+00:00,2009-12-24 18:30:07-05:00,2009-12-25,MAPPED,True
5887,Change in Nonfarm Payrolls,US Employment,2010-01-08 13:30:00+00:00,2010-01-08 08:30:00-05:00,2010-01-08,MAPPED,True
5888,Unemployment Rate,US Employment,2010-01-08 13:30:01+00:00,2010-01-08 08:30:01-05:00,2010-01-08,MAPPED,True
5897,CPI MoM,US CPI,2010-01-15 13:30:00+00:00,2010-01-15 08:30:00-05:00,2010-01-15,MAPPED,True
5898,CPI YoY,US CPI,2010-01-15 13:30:02+00:00,2010-01-15 08:30:02-05:00,2010-01-15,MAPPED,True
5909,BOJ Target Rate,BoJ,2010-01-26 03:26:00+00:00,2010-01-25 22:26:00-05:00,2010-01-26,MAPPED,True
5913,FOMC Rate Decision (Upper Bound),FOMC,2010-01-27 19:15:00+00:00,2010-01-27 14:15:00-05:00,2010-01-27,MAPPED,True
5920,Natl CPI YoY,JPY National CPI,2010-01-28 23:30:07+00:00,2010-01-28 18:30:07-05:00,2010-01-29,MAPPED,True
5934,Change in Nonfarm Payrolls,US Employment,2010-02-05 13:30:00+00:00,2010-02-05 08:30:00-05:00,2010-02-05,MAPPED,True
5935,Unemployment Rate,US Employment,2010-02-05 13:30:01+00:00,2010-02-05 08:30:01-05:00,2010-02-05,MAPPED,True
5945,GDP SA QoQ,JPY GDP,2010-02-14 23:50:00+00:00,2010-02-14 18:50:00-05:00,2010-02-15,MAPPED,True
5946,GDP Annualized SA QoQ,JPY GDP,2010-02-14 23:50:01+00:00,2010-02-14 18:50:01-05:00,2010-02-15,MAPPED,True
5947,GDP Deflator YoY,JPY GDP,2010-02-14 23:50:03+00:00,2010-02-14 18:50:03-05:00,2010-02-15,MAPPED,True
5954,BOJ Target Rate,BoJ,2010-02-18 02:45:00+00:00,2010-02-17 21:45:00-05:00,2010-02-18,MAPPED,True
5957,CPI MoM,US CPI,2010-02-19 13:30:00+00:00,2010-02-19 08:30:00-05:00,2010-02-19,MAPPED,True
5958,CPI YoY,US CPI,2010-02-19 13:30:02+00:00,2010-02-19 08:30:02-05:00,2010-02-19,MAPPED,True
5966,Natl CPI YoY,JPY National CPI,2010-02-25 23:30:07+00:00,2010-02-25 18:30:07-05:00,2010-02-26,MAPPED,True
5984,Change in Nonfarm Payrolls,US Employment,2010-03-05 13:30:00+00:00,2010-03-05 08:30:00-05:00,2010-03-05,MAPPED,True
5985,Unemployment Rate,US Employment,2010-03-05 13:30:01+00:00,2010-03-05 08:30:01-05:00,2010-03-05,MAPPED,True
5991,GDP SA QoQ,JPY GDP,2010-03-10 23:50:00+00:00,2010-03-10 18:50:00-05:00,2010-03-11,MAPPED,True
5992,GDP Annualized SA QoQ,JPY GDP,2010-03-10 23:50:01+00:00,2010-03-10 18:50:01-05:00,2010-03-11,MAPPED,True
5993,GDP Deflator YoY,JPY GDP,2010-03-10 23:50:03+00:00,2010-03-10 18:50:03-05:00,2010-03-11,MAPPED,True
6002,FOMC Rate Decision (Upper Bound),FOMC,2010-03-16 18:15:00+00:00,2010-03-16 14:15:00-04:00,2010-03-16,MAPPED,True
6004,BOJ Target Rate,BoJ,2010-03-17 03:49:00+00:00,2010-03-16 23:49:00-04:00,2010-03-17,MAPPED,True
6006,CPI MoM,US CPI,2010-03-18 12:30:00+00:00,2010-03-18 08:30:00-04:00,2010-03-18,MAPPED,True
6007,CPI YoY,US CPI,2010-03-18 12:30:02+00:00,2010-03-18 08:30:02-04:00,2010-03-18,MAPPED,True
6016,Natl CPI YoY,JPY National CPI,2010-03-25 23:30:07+00:00,2010-03-25 19:30:07-04:00,2010-03-26,MAPPED,True
6038,Change in Nonfarm Payrolls,US Employment,2010-04-02 13:30:01+00:00,2010-04-02 09:30:01-04:00,2010-04-02,MAPPED,True
6039,Unemployment Rate,US Employment,2010-04-02 13:30:04+00:00,2010-04-02 09:30:04-04:00,2010-04-02,MAPPED,True
6041,BOJ Target Rate,BoJ,2010-04-07 04:03:00+00:00,2010-04-07 00:03:00-04:00,2010-04-07,MAPPED,True
6050,CPI MoM,US CPI,2010-04-14 13:30:00+00:00,2010-04-14 09:30:00-04:00,2010-04-14,MAPPED,True
6051,CPI YoY,US CPI,2010-04-14 13:30:02+00:00,2010-04-14 09:30:02-04:00,2010-04-14,MAPPED,True
6068,FOMC Rate Decision (Upper Bound),FOMC,2010-04-28 19:15:00+00:00,2010-04-28 15:15:00-04:00,2010-04-28,MAPPED,True
6074,Natl CPI YoY,JPY National CPI,2010-04-30 00:30:06+00:00,2010-04-29 20:30:06-04:00,2010-04-30,MAPPED,True
6076,BOJ Target Rate,BoJ,2010-04-30 05:18:00+00:00,2010-04-30 01:18:00-04:00,2010-04-30,MAPPED,True
6089,Unemployment Rate,US Employment,2010-05-07 13:30:01+00:00,2010-05-07 09:30:01-04:00,2010-05-07,MAPPED,True
6090,Change in Nonfarm Payrolls,US Employment,2010-05-07 13:30:01+00:00,2010-05-07 09:30:01-04:00,2010-05-07,MAPPED,True
6106,CPI MoM,US CPI,2010-05-19 13:30:00+00:00,2010-05-19 09:30:00-04:00,2010-05-19,MAPPED,True
6107,CPI YoY,US CPI,2010-05-19 13:30:02+00:00,2010-05-19 09:30:02-04:00,2010-05-19,MAPPED,True
6108,GDP SA QoQ,JPY GDP,2010-05-20 00:50:00+00:00,2010-05-19 20:50:00-04:00,2010-05-20,MAPPED,True
6109,GDP Annualized SA QoQ,JPY GDP,2010-05-20 00:50:01+00:00,2010-05-19 20:50:01-04:00,2010-05-20,MAPPED,True
6110,GDP Deflator YoY,JPY GDP,2010-05-20 00:50:03+00:00,2010-05-19 20:50:03-04:00,2010-05-20,MAPPED,True
6113,BOJ Target Rate,BoJ,2010-05-21 04:42:00+00:00,2010-05-21 00:42:00-04:00,2010-05-21,MAPPED,True
6124,Natl CPI YoY,JPY National CPI,2010-05-28 00:30:06+00:00,2010-05-27 20:30:06-04:00,2010-05-28,MAPPED,True
6139,Change in Nonfarm Payrolls,US Employment,2010-06-04 13:30:01+00:00,2010-06-04 09:30:01-04:00,2010-06-04,MAPPED,True
6140,Unemployment Rate,US Employment,2010-06-04 13:30:04+00:00,2010-06-04 09:30:04-04:00,2010-06-04,MAPPED,True
6145,GDP SA QoQ,JPY GDP,2010-06-10 00:50:00+00:00,2010-06-09 20:50:00-04:00,2010-06-10,MAPPED,True
6146,GDP Annualized SA QoQ,JPY GDP,2010-06-10 00:50:01+00:00,2010-06-09 20:50:01-04:00,2010-06-10,MAPPED,True
6147,GDP Deflator YoY,JPY GDP,2010-06-10 00:50:03+00:00,2010-06-09 20:50:03-04:00,2010-06-10,MAPPED,True
6154,BOJ Target Rate,BoJ,2010-06-15 04:56:00+00:00,2010-06-15 00:56:00-04:00,2010-06-15,MAPPED,True
6160,CPI MoM,US CPI,2010-06-17 13:30:00+00:00,2010-06-17 09:30:00-04:00,2010-06-17,MAPPED,True
6161,CPI YoY,US CPI,2010-06-17 13:30:02+00:00,2010-06-17 09:30:02-04:00,2010-06-17,MAPPED,True
6167,FOMC Rate Decision (Upper Bound),FOMC,2010-06-23 19:15:00+00:00,2010-06-23 15:15:00-04:00,2010-06-23,MAPPED,True
6171,Natl CPI YoY,JPY National CPI,2010-06-25 00:30:03+00:00,2010-06-24 20:30:03-04:00,2010-06-25,MAPPED,True
6192,Unemployment Rate,US Employment,2010-07-02 13:30:01+00:00,2010-07-02 09:30:01-04:00,2010-07-02,MAPPED,True
6193,Change in Nonfarm Payrolls,US Employment,2010-07-02 13:30:03+00:00,2010-07-02 09:30:03-04:00,2010-07-02,MAPPED,True
6206,BOJ Target Rate,BoJ,2010-07-15 04:45:00+00:00,2010-07-15 00:45:00-04:00,2010-07-15,MAPPED,True
6211,CPI MoM,US CPI,2010-07-16 13:30:00+00:00,2010-07-16 09:30:00-04:00,2010-07-16,MAPPED,True
6212,CPI YoY,US CPI,2010-07-16 13:30:02+00:00,2010-07-16 09:30:02-04:00,2010-07-16,MAPPED,True
6228,Natl CPI YoY,JPY National CPI,2010-07-30 00:30:07+00:00,2010-07-29 20:30:07-04:00,2010-07-30,MAPPED,True
6242,Change in Nonfarm Payrolls,US Employment,2010-08-06 13:30:01+00:00,2010-08-06 09:30:01-04:00,2010-08-06,MAPPED,True
6243,Unemployment Rate,US Employment,2010-08-06 13:30:04+00:00,2010-08-06 09:30:04-04:00,2010-08-06,MAPPED,True
6245,BOJ Target Rate,BoJ,2010-08-10 04:28:00+00:00,2010-08-10 00:28:00-04:00,2010-08-10,MAPPED,True
6247,FOMC Rate Decision (Upper Bound),FOMC,2010-08-10 19:15:00+00:00,2010-08-10 15:15:00-04:00,2010-08-10,MAPPED,True
6254,CPI MoM,US CPI,2010-08-13 13:30:01+00:00,2010-08-13 09:30:01-04:00,2010-08-13,MAPPED,True
6255,CPI YoY,US CPI,2010-08-13 13:30:03+00:00,2010-08-13 09:30:03-04:00,2010-08-13,MAPPED,True
6259,GDP SA QoQ,JPY GDP,2010-08-16 00:50:02+00:00,2010-08-15 20:50:02-04:00,2010-08-16,MAPPED,True
6260,GDP Annualized SA QoQ,JPY GDP,2010-08-16 00:50:03+00:00,2010-08-15 20:50:03-04:00,2010-08-16,MAPPED,True
6261,GDP Deflator YoY,JPY GDP,2010-08-16 00:50:05+00:00,2010-08-15 20:50:05-04:00,2010-08-16,MAPPED,True
6276,Natl CPI YoY,JPY National CPI,2010-08-27 00:30:07+00:00,2010-08-26 20:30:07-04:00,2010-08-27,MAPPED,True
6279,BOJ Target Rate,BoJ,2010-08-30 04:11:00+00:00,2010-08-30 00:11:00-04:00,2010-08-30,MAPPED,True
6293,Change in Nonfarm Payrolls,US Employment,2010-09-03 13:30:01+00:00,2010-09-03 09:30:01-04:00,2010-09-03,MAPPED,True
6294,Unemployment Rate,US Employment,2010-09-03 13:30:04+00:00,2010-09-03 09:30:04-04:00,2010-09-03,MAPPED,True
6296,BOJ Target Rate,BoJ,2010-09-07 04:39:00+00:00,2010-09-07 00:39:00-04:00,2010-09-07,MAPPED,True
6302,GDP SA QoQ,JPY GDP,2010-09-10 00:50:01+00:00,2010-09-09 20:50:01-04:00,2010-09-10,MAPPED,True
6303,GDP Annualized SA QoQ,JPY GDP,2010-09-10 00:50:02+00:00,2010-09-09 20:50:02-04:00,2010-09-10,MAPPED,True
6304,GDP Deflator YoY,JPY GDP,2010-09-10 00:50:04+00:00,2010-09-09 20:50:04-04:00,2010-09-10,MAPPED,True
6314,CPI MoM,US CPI,2010-09-17 13:30:00+00:00,2010-09-17 09:30:00-04:00,2010-09-17,MAPPED,True
6315,CPI YoY,US CPI,2010-09-17 13:30:02+00:00,2010-09-17 09:30:02-04:00,2010-09-17,MAPPED,True
6318,FOMC Rate Decision (Upper Bound),FOMC,2010-09-21 19:15:00+00:00,2010-09-21 15:15:00-04:00,2010-09-21,MAPPED,True
6340,Natl CPI YoY,JPY National CPI,2010-10-01 00:30:07+00:00,2010-09-30 20:30:07-04:00,2010-10-01,MAPPED,True
6347,BOJ Target Rate,BoJ,2010-10-05 05:38:00+00:00,2010-10-05 01:38:00-04:00,2010-10-05,MAPPED,True
6353,Change in Nonfarm Payrolls,US Employment,2010-10-08 13:30:01+00:00,2010-10-08 09:30:01-04:00,2010-10-08,MAPPED,True
6354,Unemployment Rate,US Employment,2010-10-08 13:30:04+00:00,2010-10-08 09:30:04-04:00,2010-10-08,MAPPED,True
6362,CPI MoM,US CPI,2010-10-15 13:30:01+00:00,2010-10-15 09:30:01-04:00,2010-10-15,MAPPED,True
6363,CPI YoY,US CPI,2010-10-15 13:30:03+00:00,2010-10-15 09:30:03-04:00,2010-10-15,MAPPED,True
6378,BOJ Target Rate,BoJ,2010-10-28 05:31:00+00:00,2010-10-28 01:31:00-04:00,2010-10-28,MAPPED,True
6384,Natl CPI YoY,JPY National CPI,2010-10-29 00:30:07+00:00,2010-10-28 20:30:07-04:00,2010-10-29,MAPPED,True
6397,FOMC Rate Decision (Upper Bound),FOMC,2010-11-03 18:15:00+00:00,2010-11-03 14:15:00-04:00,2010-11-03,MAPPED,True
6399,BOJ Target Rate,BoJ,2010-11-05 02:37:00+00:00,2010-11-04 22:37:00-04:00,2010-11-05,MAPPED,True
6400,Change in Nonfarm Payrolls,US Employment,2010-11-05 12:30:01+00:00,2010-11-05 08:30:01-04:00,2010-11-05,MAPPED,True
6401,Unemployment Rate,US Employment,2010-11-05 12:30:04+00:00,2010-11-05 08:30:04-04:00,2010-11-05,MAPPED,True
6410,GDP SA QoQ,JPY GDP,2010-11-14 23:50:00+00:00,2010-11-14 18:50:00-05:00,2010-11-15,MAPPED,True
6411,GDP Annualized SA QoQ,JPY GDP,2010-11-14 23:50:01+00:00,2010-11-14 18:50:01-05:00,2010-11-15,MAPPED,True
6412,GDP Deflator YoY,JPY GDP,2010-11-14 23:50:03+00:00,2010-11-14 18:50:03-05:00,2010-11-15,MAPPED,True
6419,CPI MoM,US CPI,2010-11-17 13:30:01+00:00,2010-11-17 08:30:01-05:00,2010-11-17,MAPPED,True
6420,CPI YoY,US CPI,2010-11-17 13:30:03+00:00,2010-11-17 08:30:03-05:00,2010-11-17,MAPPED,True
6434,Natl CPI YoY,JPY National CPI,2010-11-25 23:30:03+00:00,2010-11-25 18:30:03-05:00,2010-11-26,MAPPED,True
6447,Change in Nonfarm Payrolls,US Employment,2010-12-03 13:30:01+00:00,2010-12-03 08:30:01-05:00,2010-12-03,MAPPED,True
6448,Unemployment Rate,US Employment,2010-12-03 13:30:04+00:00,2010-12-03 08:30:04-05:00,2010-12-03,MAPPED,True
6454,GDP Deflator YoY,JPY GDP,2010-12-08 23:50:00+00:00,2010-12-08 18:50:00-05:00,2010-12-09,MAPPED,True
6455,GDP SA QoQ,JPY GDP,2010-12-08 23:50:00+00:00,2010-12-08 18:50:00-05:00,2010-12-09,MAPPED,True
6456,GDP Annualized SA QoQ,JPY GDP,2010-12-08 23:50:00+00:00,2010-12-08 18:50:00-05:00,2010-12-09,MAPPED,True
6464,FOMC Rate Decision (Upper Bound),FOMC,2010-12-14 19:15:00+00:00,2010-12-14 14:15:00-05:00,2010-12-14,MAPPED,True
6472,CPI MoM,US CPI,2010-12-15 13:30:00+00:00,2010-12-15 08:30:00-05:00,2010-12-15,MAPPED,True
6473,CPI YoY,US CPI,2010-12-15 13:30:02+00:00,2010-12-15 08:30:02-05:00,2010-12-15,MAPPED,True
6479,BOJ Target Rate,BoJ,2010-12-21 03:55:00+00:00,2010-12-20 22:55:00-05:00,2010-12-21,MAPPED,True
6492,Natl CPI YoY,JPY National CPI,2010-12-27 23:30:07+00:00,2010-12-27 18:30:07-05:00,2010-12-28,MAPPED,True
6505,Change in Nonfarm Payrolls,US Employment,2011-01-07 13:30:01+00:00,2011-01-07 08:30:01-05:00,2011-01-07,MAPPED,True
6506,Unemployment Rate,US Employment,2011-01-07 13:30:04+00:00,2011-01-07 08:30:04-05:00,2011-01-07,MAPPED,True
6514,CPI MoM,US CPI,2011-01-14 13:30:01+00:00,2011-01-14 08:30:01-05:00,2011-01-14,MAPPED,True
6515,CPI YoY,US CPI,2011-01-14 13:30:03+00:00,2011-01-14 08:30:03-05:00,2011-01-14,MAPPED,True
6527,BOJ Target Rate,BoJ,2011-01-25 03:30:00+00:00,2011-01-24 22:30:00-05:00,2011-01-25,MAPPED,True
6531,FOMC Rate Decision (Upper Bound),FOMC,2011-01-26 19:15:00+00:00,2011-01-26 14:15:00-05:00,2011-01-26,MAPPED,True
6537,Natl CPI YoY,JPY National CPI,2011-01-27 23:30:07+00:00,2011-01-27 18:30:07-05:00,2011-01-28,MAPPED,True
6552,Change in Nonfarm Payrolls,US Employment,2011-02-04 13:30:01+00:00,2011-02-04 08:30:01-05:00,2011-02-04,MAPPED,True
6553,Unemployment Rate,US Employment,2011-02-04 13:30:04+00:00,2011-02-04 08:30:04-05:00,2011-02-04,MAPPED,True
6562,GDP SA QoQ,JPY GDP,2011-02-13 23:50:00+00:00,2011-02-13 18:50:00-05:00,2011-02-14,MAPPED,True
6563,GDP Deflator YoY,JPY GDP,2011-02-13 23:50:00+00:00,2011-02-13 18:50:00-05:00,2011-02-14,MAPPED,True
6564,GDP Annualized SA QoQ,JPY GDP,2011-02-13 23:50:00+00:00,2011-02-13 18:50:00-05:00,2011-02-14,MAPPED,True
6565,BOJ Target Rate,BoJ,2011-02-15 03:37:00+00:00,2011-02-14 22:37:00-05:00,2011-02-15,MAPPED,True
6573,CPI MoM,US CPI,2011-02-17 13:30:01+00:00,2011-02-17 08:30:01-05:00,2011-02-17,MAPPED,True
6574,CPI YoY,US CPI,2011-02-17 13:30:03+00:00,2011-02-17 08:30:03-05:00,2011-02-17,MAPPED,True
6584,Natl CPI YoY,JPY National CPI,2011-02-24 23:30:03+00:00,2011-02-24 18:30:03-05:00,2011-02-25,MAPPED,True
6601,Change in Nonfarm Payrolls,US Employment,2011-03-04 13:30:01+00:00,2011-03-04 08:30:01-05:00,2011-03-04,MAPPED,True
6602,Unemployment Rate,US Employment,2011-03-04 13:30:04+00:00,2011-03-04 08:30:04-05:00,2011-03-04,MAPPED,True
6608,GDP SA QoQ,JPY GDP,2011-03-09 23:50:00+00:00,2011-03-09 18:50:00-05:00,2011-03-10,MAPPED,True
6609,GDP Deflator YoY,JPY GDP,2011-03-09 23:50:00+00:00,2011-03-09 18:50:00-05:00,2011-03-10,MAPPED,True
6611,GDP Annualized SA QoQ,JPY GDP,2011-03-09 23:50:00+00:00,2011-03-09 18:50:00-05:00,2011-03-10,MAPPED,True
6617,BOJ Target Rate,BoJ,2011-03-14 05:48:00+00:00,2011-03-14 01:48:00-04:00,2011-03-14,MAPPED,True
6619,FOMC Rate Decision (Upper Bound),FOMC,2011-03-15 18:15:00+00:00,2011-03-15 14:15:00-04:00,2011-03-15,MAPPED,True
6623,CPI MoM,US CPI,2011-03-17 12:30:01+00:00,2011-03-17 08:30:01-04:00,2011-03-17,MAPPED,True
6624,CPI YoY,US CPI,2011-03-17 12:30:03+00:00,2011-03-17 08:30:03-04:00,2011-03-17,MAPPED,True
6634,Natl CPI YoY,JPY National CPI,2011-03-24 23:30:03+00:00,2011-03-24 19:30:03-04:00,2011-03-25,MAPPED,True
6654,Change in Nonfarm Payrolls,US Employment,2011-04-01 13:30:01+00:00,2011-04-01 09:30:01-04:00,2011-04-01,MAPPED,True
6655,Unemployment Rate,US Employment,2011-04-01 13:30:04+00:00,2011-04-01 09:30:04-04:00,2011-04-01,MAPPED,True
6660,BOJ Target Rate,BoJ,2011-04-07 05:12:00+00:00,2011-04-07 01:12:00-04:00,2011-04-07,MAPPED,True
6671,CPI MoM,US CPI,2011-04-15 13:30:01+00:00,2011-04-15 09:30:01-04:00,2011-04-15,MAPPED,True
6672,CPI YoY,US CPI,2011-04-15 13:30:03+00:00,2011-04-15 09:30:03-04:00,2011-04-15,MAPPED,True
6686,FOMC Rate Decision (Upper Bound),FOMC,2011-04-27 17:30:00+00:00,2011-04-27 13:30:00-04:00,2011-04-27,MAPPED,True
6691,Natl CPI YoY,JPY National CPI,2011-04-28 00:30:04+00:00,2011-04-27 20:30:04-04:00,2011-04-28,MAPPED,True
6693,BOJ Target Rate,BoJ,2011-04-28 05:31:00+00:00,2011-04-28 01:31:00-04:00,2011-04-28,MAPPED,True
6707,Change in Nonfarm Payrolls,US Employment,2011-05-06 13:30:01+00:00,2011-05-06 09:30:01-04:00,2011-05-06,MAPPED,True
6708,Unemployment Rate,US Employment,2011-05-06 13:30:07+00:00,2011-05-06 09:30:07-04:00,2011-05-06,MAPPED,True
6715,CPI MoM,US CPI,2011-05-13 13:30:01+00:00,2011-05-13 09:30:01-04:00,2011-05-13,MAPPED,True
6716,CPI YoY,US CPI,2011-05-13 13:30:03+00:00,2011-05-13 09:30:03-04:00,2011-05-13,MAPPED,True
6725,GDP SA QoQ,JPY GDP,2011-05-19 00:50:01+00:00,2011-05-18 20:50:01-04:00,2011-05-19,MAPPED,True
6726,GDP Annualized SA QoQ,JPY GDP,2011-05-19 00:50:02+00:00,2011-05-18 20:50:02-04:00,2011-05-19,MAPPED,True
6727,GDP Deflator YoY,JPY GDP,2011-05-19 00:50:04+00:00,2011-05-18 20:50:04-04:00,2011-05-19,MAPPED,True
6732,BOJ Target Rate,BoJ,2011-05-20 04:15:00+00:00,2011-05-20 00:15:00-04:00,2011-05-20,MAPPED,True
6739,Natl CPI YoY,JPY National CPI,2011-05-27 00:30:04+00:00,2011-05-26 20:30:04-04:00,2011-05-27,MAPPED,True
6756,Change in Nonfarm Payrolls,US Employment,2011-06-03 13:30:01+00:00,2011-06-03 09:30:01-04:00,2011-06-03,MAPPED,True
6757,Unemployment Rate,US Employment,2011-06-03 13:30:04+00:00,2011-06-03 09:30:04-04:00,2011-06-03,MAPPED,True
6761,GDP Annualized SA QoQ,JPY GDP,2011-06-09 00:50:00+00:00,2011-06-08 20:50:00-04:00,2011-06-09,MAPPED,True
6762,GDP Deflator YoY,JPY GDP,2011-06-09 00:50:00+00:00,2011-06-08 20:50:00-04:00,2011-06-09,MAPPED,True
6763,GDP SA QoQ,JPY GDP,2011-06-09 00:50:00+00:00,2011-06-08 20:50:00-04:00,2011-06-09,MAPPED,True
6770,BOJ Target Rate,BoJ,2011-06-14 04:42:00+00:00,2011-06-14 00:42:00-04:00,2011-06-14,MAPPED,True
6774,CPI MoM,US CPI,2011-06-15 13:30:01+00:00,2011-06-15 09:30:01-04:00,2011-06-15,MAPPED,True
6775,CPI YoY,US CPI,2011-06-15 13:30:03+00:00,2011-06-15 09:30:03-04:00,2011-06-15,MAPPED,True
6784,FOMC Rate Decision (Upper Bound),FOMC,2011-06-22 17:30:00+00:00,2011-06-22 13:30:00-04:00,2011-06-22,MAPPED,True
6800,Natl CPI YoY,JPY National CPI,2011-07-01 00:30:04+00:00,2011-06-30 20:30:04-04:00,2011-07-01,MAPPED,True
6816,Change in Nonfarm Payrolls,US Employment,2011-07-08 13:30:01+00:00,2011-07-08 09:30:01-04:00,2011-07-08,MAPPED,True
6817,Unemployment Rate,US Employment,2011-07-08 13:30:04+00:00,2011-07-08 09:30:04-04:00,2011-07-08,MAPPED,True
6821,BOJ Target Rate,BoJ,2011-07-12 05:20:00+00:00,2011-07-12 01:20:00-04:00,2011-07-12,MAPPED,True
6827,CPI MoM,US CPI,2011-07-15 13:30:01+00:00,2011-07-15 09:30:01-04:00,2011-07-15,MAPPED,True
6828,CPI YoY,US CPI,2011-07-15 13:30:03+00:00,2011-07-15 09:30:03-04:00,2011-07-15,MAPPED,True
6846,Natl CPI YoY,JPY National CPI,2011-07-29 00:30:04+00:00,2011-07-28 20:30:04-04:00,2011-07-29,MAPPED,True
6859,BOJ Target Rate,BoJ,2011-08-04 06:00:00+00:00,2011-08-04 02:00:00-04:00,2011-08-04,MAPPED,True
6861,Change in Nonfarm Payrolls,US Employment,2011-08-05 13:30:01+00:00,2011-08-05 09:30:01-04:00,2011-08-05,MAPPED,True
6862,Unemployment Rate,US Employment,2011-08-05 13:30:04+00:00,2011-08-05 09:30:04-04:00,2011-08-05,MAPPED,True
6864,FOMC Rate Decision (Upper Bound),FOMC,2011-08-09 19:15:00+00:00,2011-08-09 15:15:00-04:00,2011-08-09,MAPPED,True
6875,GDP Annualized SA QoQ,JPY GDP,2011-08-15 00:50:00+00:00,2011-08-14 20:50:00-04:00,2011-08-15,MAPPED,True
6876,GDP SA QoQ,JPY GDP,2011-08-15 00:50:00+00:00,2011-08-14 20:50:00-04:00,2011-08-15,MAPPED,True
6877,GDP Deflator YoY,JPY GDP,2011-08-15 00:50:00+00:00,2011-08-14 20:50:00-04:00,2011-08-15,MAPPED,True
6882,CPI MoM,US CPI,2011-08-18 13:30:01+00:00,2011-08-18 09:30:01-04:00,2011-08-18,MAPPED,True
6883,CPI YoY,US CPI,2011-08-18 13:30:03+00:00,2011-08-18 09:30:03-04:00,2011-08-18,MAPPED,True
6892,Natl CPI YoY,JPY National CPI,2011-08-26 00:30:04+00:00,2011-08-25 20:30:04-04:00,2011-08-26,MAPPED,True
6910,Change in Nonfarm Payrolls,US Employment,2011-09-02 13:30:01+00:00,2011-09-02 09:30:01-04:00,2011-09-02,MAPPED,True
6911,Unemployment Rate,US Employment,2011-09-02 13:30:04+00:00,2011-09-02 09:30:04-04:00,2011-09-02,MAPPED,True
6913,BOJ Target Rate,BoJ,2011-09-07 04:21:00+00:00,2011-09-07 00:21:00-04:00,2011-09-07,MAPPED,True
6919,GDP SA QoQ,JPY GDP,2011-09-09 00:50:00+00:00,2011-09-08 20:50:00-04:00,2011-09-09,MAPPED,True
6920,GDP Deflator YoY,JPY GDP,2011-09-09 00:50:00+00:00,2011-09-08 20:50:00-04:00,2011-09-09,MAPPED,True
6921,GDP Annualized SA QoQ,JPY GDP,2011-09-09 00:50:00+00:00,2011-09-08 20:50:00-04:00,2011-09-09,MAPPED,True
6928,CPI MoM,US CPI,2011-09-15 13:30:01+00:00,2011-09-15 09:30:01-04:00,2011-09-15,MAPPED,True
6929,CPI YoY,US CPI,2011-09-15 13:30:03+00:00,2011-09-15 09:30:03-04:00,2011-09-15,MAPPED,True
6937,FOMC Rate Decision (Upper Bound),FOMC,2011-09-21 19:15:00+00:00,2011-09-21 15:15:00-04:00,2011-09-21,MAPPED,True
6950,Natl CPI YoY,JPY National CPI,2011-09-30 00:30:04+00:00,2011-09-29 20:30:04-04:00,2011-09-30,MAPPED,True
6968,BOJ Target Rate,BoJ,2011-10-07 04:37:00+00:00,2011-10-07 00:37:00-04:00,2011-10-07,MAPPED,True
6969,Change in Nonfarm Payrolls,US Employment,2011-10-07 13:30:01+00:00,2011-10-07 09:30:01-04:00,2011-10-07,MAPPED,True
6970,Unemployment Rate,US Employment,2011-10-07 13:30:04+00:00,2011-10-07 09:30:04-04:00,2011-10-07,MAPPED,True
6985,CPI MoM,US CPI,2011-10-19 13:30:01+00:00,2011-10-19 09:30:01-04:00,2011-10-19,MAPPED,True
6986,CPI YoY,US CPI,2011-10-19 13:30:03+00:00,2011-10-19 09:30:03-04:00,2011-10-19,MAPPED,True
6995,BOJ Target Rate,BoJ,2011-10-27 05:31:00+00:00,2011-10-27 01:31:00-04:00,2011-10-27,MAPPED,True
7001,Natl CPI YoY,JPY National CPI,2011-10-28 00:30:03+00:00,2011-10-27 20:30:03-04:00,2011-10-28,MAPPED,True
7012,FOMC Rate Decision (Upper Bound),FOMC,2011-11-02 16:30:00+00:00,2011-11-02 12:30:00-04:00,2011-11-02,MAPPED,True
7016,Change in Nonfarm Payrolls,US Employment,2011-11-04 12:30:01+00:00,2011-11-04 08:30:01-04:00,2011-11-04,MAPPED,True
7017,Unemployment Rate,US Employment,2011-11-04 12:30:04+00:00,2011-11-04 08:30:04-04:00,2011-11-04,MAPPED,True
7027,GDP Deflator YoY,JPY GDP,2011-11-13 23:50:00+00:00,2011-11-13 18:50:00-05:00,2011-11-14,MAPPED,True
7028,GDP SA QoQ,JPY GDP,2011-11-13 23:50:00+00:00,2011-11-13 18:50:00-05:00,2011-11-14,MAPPED,True
7029,GDP Annualized SA QoQ,JPY GDP,2011-11-13 23:50:00+00:00,2011-11-13 18:50:00-05:00,2011-11-14,MAPPED,True
7033,BOJ Target Rate,BoJ,2011-11-16 03:49:00+00:00,2011-11-15 22:49:00-05:00,2011-11-16,MAPPED,True
7035,CPI MoM,US CPI,2011-11-16 13:30:01+00:00,2011-11-16 08:30:01-05:00,2011-11-16,MAPPED,True
7036,CPI YoY,US CPI,2011-11-16 13:30:03+00:00,2011-11-16 08:30:03-05:00,2011-11-16,MAPPED,True
7050,Natl CPI YoY,JPY National CPI,2011-11-24 23:30:04+00:00,2011-11-24 18:30:04-05:00,2011-11-25,MAPPED,True
7064,Change in Nonfarm Payrolls,US Employment,2011-12-02 13:30:01+00:00,2011-12-02 08:30:01-05:00,2011-12-02,MAPPED,True
7065,Unemployment Rate,US Employment,2011-12-02 13:30:04+00:00,2011-12-02 08:30:04-05:00,2011-12-02,MAPPED,True
7073,GDP SA QoQ,JPY GDP,2011-12-08 23:50:00+00:00,2011-12-08 18:50:00-05:00,2011-12-09,MAPPED,True
7074,GDP Annualized SA QoQ,JPY GDP,2011-12-08 23:50:00+00:00,2011-12-08 18:50:00-05:00,2011-12-09,MAPPED,True
7075,GDP Deflator YoY,JPY GDP,2011-12-08 23:50:00+00:00,2011-12-08 18:50:00-05:00,2011-12-09,MAPPED,True
7081,FOMC Rate Decision (Upper Bound),FOMC,2011-12-13 19:15:00+00:00,2011-12-13 14:15:00-05:00,2011-12-13,MAPPED,True
7092,CPI MoM,US CPI,2011-12-16 13:30:01+00:00,2011-12-16 08:30:01-05:00,2011-12-16,MAPPED,True
7093,CPI YoY,US CPI,2011-12-16 13:30:03+00:00,2011-12-16 08:30:03-05:00,2011-12-16,MAPPED,True
7095,BOJ Target Rate,BoJ,2011-12-21 03:16:00+00:00,2011-12-20 22:16:00-05:00,2011-12-21,MAPPED,True
7110,Natl CPI YoY,JPY National CPI,2011-12-27 23:30:04+00:00,2011-12-27 18:30:04-05:00,2011-12-28,MAPPED,True
7122,Change in Nonfarm Payrolls,US Employment,2012-01-06 13:30:01+00:00,2012-01-06 08:30:01-05:00,2012-01-06,MAPPED,True
7123,Unemployment Rate,US Employment,2012-01-06 13:30:04+00:00,2012-01-06 08:30:04-05:00,2012-01-06,MAPPED,True
7138,CPI MoM,US CPI,2012-01-19 13:30:01+00:00,2012-01-19 08:30:01-05:00,2012-01-19,MAPPED,True
7139,CPI YoY,US CPI,2012-01-19 13:30:03+00:00,2012-01-19 08:30:03-05:00,2012-01-19,MAPPED,True
7143,BOJ Target Rate,BoJ,2012-01-24 03:31:00+00:00,2012-01-23 22:31:00-05:00,2012-01-24,MAPPED,True
7145,FOMC Rate Decision (Upper Bound),FOMC,2012-01-25 17:30:00+00:00,2012-01-25 12:30:00-05:00,2012-01-25,MAPPED,True
7151,Natl CPI YoY,JPY National CPI,2012-01-26 23:30:04+00:00,2012-01-26 18:30:04-05:00,2012-01-27,MAPPED,True
7167,Change in Nonfarm Payrolls,US Employment,2012-02-03 13:30:02+00:00,2012-02-03 08:30:02-05:00,2012-02-03,MAPPED,True
7168,Unemployment Rate,US Employment,2012-02-03 13:30:05+00:00,2012-02-03 08:30:05-05:00,2012-02-03,MAPPED,True
7179,GDP Annualized SA QoQ,JPY GDP,2012-02-12 23:50:00+00:00,2012-02-12 18:50:00-05:00,2012-02-13,MAPPED,True
7180,GDP SA QoQ,JPY GDP,2012-02-12 23:50:00+00:00,2012-02-12 18:50:00-05:00,2012-02-13,MAPPED,True
7182,GDP Deflator YoY,JPY GDP,2012-02-12 23:50:00+00:00,2012-02-12 18:50:00-05:00,2012-02-13,MAPPED,True
7183,BOJ Target Rate,BoJ,2012-02-14 03:43:00+00:00,2012-02-13 22:43:00-05:00,2012-02-14,MAPPED,True
7191,CPI MoM,US CPI,2012-02-17 13:30:01+00:00,2012-02-17 08:30:01-05:00,2012-02-17,MAPPED,True
7192,CPI YoY,US CPI,2012-02-17 13:30:03+00:00,2012-02-17 08:30:03-05:00,2012-02-17,MAPPED,True
7215,Natl CPI YoY,JPY National CPI,2012-03-01 23:30:07+00:00,2012-03-01 18:30:07-05:00,2012-03-02,MAPPED,True
7220,GDP Annualized SA QoQ,JPY GDP,2012-03-07 23:50:00+00:00,2012-03-07 18:50:00-05:00,2012-03-08,MAPPED,True
7221,GDP SA QoQ,JPY GDP,2012-03-07 23:50:00+00:00,2012-03-07 18:50:00-05:00,2012-03-08,MAPPED,True
7223,GDP Deflator YoY,JPY GDP,2012-03-07 23:50:00+00:00,2012-03-07 18:50:00-05:00,2012-03-08,MAPPED,True
7226,Change in Nonfarm Payrolls,US Employment,2012-03-09 13:30:02+00:00,2012-03-09 08:30:02-05:00,2012-03-09,MAPPED,True
7227,Unemployment Rate,US Employment,2012-03-09 13:30:05+00:00,2012-03-09 08:30:05-05:00,2012-03-09,MAPPED,True
7232,BOJ Target Rate,BoJ,2012-03-13 05:07:00+00:00,2012-03-13 01:07:00-04:00,2012-03-13,MAPPED,True
7234,FOMC Rate Decision (Upper Bound),FOMC,2012-03-13 18:15:00+00:00,2012-03-13 14:15:00-04:00,2012-03-13,MAPPED,True
7239,CPI MoM,US CPI,2012-03-16 12:30:01+00:00,2012-03-16 08:30:01-04:00,2012-03-16,MAPPED,True
7240,CPI YoY,US CPI,2012-03-16 12:30:03+00:00,2012-03-16 08:30:03-04:00,2012-03-16,MAPPED,True
7258,Natl CPI YoY,JPY National CPI,2012-03-30 00:30:07+00:00,2012-03-29 20:30:07-04:00,2012-03-30,MAPPED,True
7276,Change in Nonfarm Payrolls,US Employment,2012-04-06 13:30:02+00:00,2012-04-06 09:30:02-04:00,2012-04-06,MAPPED,True
7277,Unemployment Rate,US Employment,2012-04-06 13:30:05+00:00,2012-04-06 09:30:05-04:00,2012-04-06,MAPPED,True
7279,BOJ Target Rate,BoJ,2012-04-10 04:09:00+00:00,2012-04-10 00:09:00-04:00,2012-04-10,MAPPED,True
7286,CPI MoM,US CPI,2012-04-13 13:30:01+00:00,2012-04-13 09:30:01-04:00,2012-04-13,MAPPED,True
7287,CPI YoY,US CPI,2012-04-13 13:30:03+00:00,2012-04-13 09:30:03-04:00,2012-04-13,MAPPED,True
7303,FOMC Rate Decision (Upper Bound),FOMC,2012-04-25 17:30:00+00:00,2012-04-25 13:30:00-04:00,2012-04-25,MAPPED,True
7308,Natl CPI YoY,JPY National CPI,2012-04-27 00:30:04+00:00,2012-04-26 20:30:04-04:00,2012-04-27,MAPPED,True
7311,BOJ Target Rate,BoJ,2012-04-27 04:46:00+00:00,2012-04-27 00:46:00-04:00,2012-04-27,MAPPED,True
7324,Change in Nonfarm Payrolls,US Employment,2012-05-04 13:30:02+00:00,2012-05-04 09:30:02-04:00,2012-05-04,MAPPED,True
7325,Unemployment Rate,US Employment,2012-05-04 13:30:05+00:00,2012-05-04 09:30:05-04:00,2012-05-04,MAPPED,True
7333,CPI MoM,US CPI,2012-05-15 13:30:01+00:00,2012-05-15 09:30:01-04:00,2012-05-15,MAPPED,True
7334,CPI YoY,US CPI,2012-05-15 13:30:03+00:00,2012-05-15 09:30:03-04:00,2012-05-15,MAPPED,True
7342,GDP Annualized SA QoQ,JPY GDP,2012-05-17 00:50:02+00:00,2012-05-16 20:50:02-04:00,2012-05-17,MAPPED,True
7343,GDP SA QoQ,JPY GDP,2012-05-17 00:50:03+00:00,2012-05-16 20:50:03-04:00,2012-05-17,MAPPED,True
7344,GDP Deflator YoY,JPY GDP,2012-05-17 00:50:05+00:00,2012-05-16 20:50:05-04:00,2012-05-17,MAPPED,True
7349,BOJ Target Rate,BoJ,2012-05-23 03:37:00+00:00,2012-05-22 23:37:00-04:00,2012-05-23,MAPPED,True
7355,Natl CPI YoY,JPY National CPI,2012-05-25 00:30:04+00:00,2012-05-24 20:30:04-04:00,2012-05-25,MAPPED,True
7369,Change in Nonfarm Payrolls,US Employment,2012-06-01 13:30:01+00:00,2012-06-01 09:30:01-04:00,2012-06-01,MAPPED,True
7370,Unemployment Rate,US Employment,2012-06-01 13:30:04+00:00,2012-06-01 09:30:04-04:00,2012-06-01,MAPPED,True
7380,GDP Annualized SA QoQ,JPY GDP,2012-06-08 00:50:01+00:00,2012-06-07 20:50:01-04:00,2012-06-08,MAPPED,True
7381,GDP SA QoQ,JPY GDP,2012-06-08 00:50:02+00:00,2012-06-07 20:50:02-04:00,2012-06-08,MAPPED,True
7382,GDP Deflator YoY,JPY GDP,2012-06-08 00:50:04+00:00,2012-06-07 20:50:04-04:00,2012-06-08,MAPPED,True
7392,CPI MoM,US CPI,2012-06-14 13:30:01+00:00,2012-06-14 09:30:01-04:00,2012-06-14,MAPPED,True
7393,CPI YoY,US CPI,2012-06-14 13:30:03+00:00,2012-06-14 09:30:03-04:00,2012-06-14,MAPPED,True
7395,BOJ Target Rate,BoJ,2012-06-15 03:52:00+00:00,2012-06-14 23:52:00-04:00,2012-06-15,MAPPED,True
7401,FOMC Rate Decision (Upper Bound),FOMC,2012-06-20 17:30:00+00:00,2012-06-20 13:30:00-04:00,2012-06-20,MAPPED,True
7415,Natl CPI YoY,JPY National CPI,2012-06-29 00:30:04+00:00,2012-06-28 20:30:04-04:00,2012-06-29,MAPPED,True
7435,Change in Nonfarm Payrolls,US Employment,2012-07-06 13:30:01+00:00,2012-07-06 09:30:01-04:00,2012-07-06,MAPPED,True
7436,Unemployment Rate,US Employment,2012-07-06 13:30:04+00:00,2012-07-06 09:30:04-04:00,2012-07-06,MAPPED,True
7444,BOJ Target Rate,BoJ,2012-07-12 04:51:00.776000+00:00,2012-07-12 00:51:00.776000-04:00,2012-07-12,MAPPED,True
7450,CPI MoM,US CPI,2012-07-17 13:30:01+00:00,2012-07-17 09:30:01-04:00,2012-07-17,MAPPED,True
7451,CPI YoY,US CPI,2012-07-17 13:30:03+00:00,2012-07-17 09:30:03-04:00,2012-07-17,MAPPED,True
7463,Natl CPI YoY,JPY National CPI,2012-07-27 00:30:04+00:00,2012-07-26 20:30:04-04:00,2012-07-27,MAPPED,True
7480,FOMC Rate Decision (Upper Bound),FOMC,2012-08-01 19:15:00+00:00,2012-08-01 15:15:00-04:00,2012-08-01,MAPPED,True
7483,Change in Nonfarm Payrolls,US Employment,2012-08-03 13:30:01+00:00,2012-08-03 09:30:01-04:00,2012-08-03,MAPPED,True
7484,Unemployment Rate,US Employment,2012-08-03 13:30:04+00:00,2012-08-03 09:30:04-04:00,2012-08-03,MAPPED,True
7489,BOJ Target Rate,BoJ,2012-08-09 04:20:00.887000+00:00,2012-08-09 00:20:00.887000-04:00,2012-08-09,MAPPED,True
7495,GDP Annualized SA QoQ,JPY GDP,2012-08-13 00:50:01+00:00,2012-08-12 20:50:01-04:00,2012-08-13,MAPPED,True
7496,GDP SA QoQ,JPY GDP,2012-08-13 00:50:02+00:00,2012-08-12 20:50:02-04:00,2012-08-13,MAPPED,True
7497,GDP Deflator YoY,JPY GDP,2012-08-13 00:50:04+00:00,2012-08-12 20:50:04-04:00,2012-08-13,MAPPED,True
7501,CPI MoM,US CPI,2012-08-15 13:30:01+00:00,2012-08-15 09:30:01-04:00,2012-08-15,MAPPED,True
7502,CPI YoY,US CPI,2012-08-15 13:30:03+00:00,2012-08-15 09:30:03-04:00,2012-08-15,MAPPED,True
7524,Natl CPI YoY,JPY National CPI,2012-08-31 00:30:04+00:00,2012-08-30 20:30:04-04:00,2012-08-31,MAPPED,True
7538,Change in Nonfarm Payrolls,US Employment,2012-09-07 13:30:01+00:00,2012-09-07 09:30:01-04:00,2012-09-07,MAPPED,True
7539,Unemployment Rate,US Employment,2012-09-07 13:30:04+00:00,2012-09-07 09:30:04-04:00,2012-09-07,MAPPED,True
7540,GDP Annualized SA QoQ,JPY GDP,2012-09-10 00:50:01+00:00,2012-09-09 20:50:01-04:00,2012-09-10,MAPPED,True
7541,GDP SA QoQ,JPY GDP,2012-09-10 00:50:02+00:00,2012-09-09 20:50:02-04:00,2012-09-10,MAPPED,True
7542,GDP Deflator YoY,JPY GDP,2012-09-10 00:50:04+00:00,2012-09-09 20:50:04-04:00,2012-09-10,MAPPED,True
7551,FOMC Rate Decision (Upper Bound),FOMC,2012-09-13 17:30:00+00:00,2012-09-13 13:30:00-04:00,2012-09-13,MAPPED,True
7553,CPI MoM,US CPI,2012-09-14 13:30:01+00:00,2012-09-14 09:30:01-04:00,2012-09-14,MAPPED,True
7554,CPI YoY,US CPI,2012-09-14 13:30:03+00:00,2012-09-14 09:30:03-04:00,2012-09-14,MAPPED,True
7559,BOJ Target Rate,BoJ,2012-09-19 04:44:00.191000+00:00,2012-09-19 00:44:00.191000-04:00,2012-09-19,MAPPED,True
7575,Natl CPI YoY,JPY National CPI,2012-09-28 00:30:04+00:00,2012-09-27 20:30:04-04:00,2012-09-28,MAPPED,True
7595,BOJ Target Rate,BoJ,2012-10-05 04:14:00.661000+00:00,2012-10-05 00:14:00.661000-04:00,2012-10-05,MAPPED,True
7596,Change in Nonfarm Payrolls,US Employment,2012-10-05 13:30:01+00:00,2012-10-05 09:30:01-04:00,2012-10-05,MAPPED,True
7597,Unemployment Rate,US Employment,2012-10-05 13:30:04+00:00,2012-10-05 09:30:04-04:00,2012-10-05,MAPPED,True
7610,CPI MoM,US CPI,2012-10-16 13:30:01+00:00,2012-10-16 09:30:01-04:00,2012-10-16,MAPPED,True
7611,CPI YoY,US CPI,2012-10-16 13:30:03+00:00,2012-10-16 09:30:03-04:00,2012-10-16,MAPPED,True
7621,FOMC Rate Decision (Upper Bound),FOMC,2012-10-24 19:15:00+00:00,2012-10-24 15:15:00-04:00,2012-10-24,MAPPED,True
7624,Natl CPI YoY,JPY National CPI,2012-10-26 00:30:04+00:00,2012-10-25 20:30:04-04:00,2012-10-26,MAPPED,True
7633,BOJ Target Rate,BoJ,2012-10-30 05:49:00.156000+00:00,2012-10-30 01:49:00.156000-04:00,2012-10-30,MAPPED,True
7643,Change in Nonfarm Payrolls,US Employment,2012-11-02 12:30:01+00:00,2012-11-02 08:30:01-04:00,2012-11-02,MAPPED,True
7644,Unemployment Rate,US Employment,2012-11-02 12:30:04+00:00,2012-11-02 08:30:04-04:00,2012-11-02,MAPPED,True
7655,GDP SA QoQ,JPY GDP,2012-11-11 23:50:02+00:00,2012-11-11 18:50:02-05:00,2012-11-12,MAPPED,True
7656,GDP Annualized SA QoQ,JPY GDP,2012-11-11 23:50:03+00:00,2012-11-11 18:50:03-05:00,2012-11-12,MAPPED,True
7657,GDP Deflator YoY,JPY GDP,2012-11-11 23:50:05+00:00,2012-11-11 18:50:05-05:00,2012-11-12,MAPPED,True
7662,CPI MoM,US CPI,2012-11-15 13:30:01+00:00,2012-11-15 08:30:01-05:00,2012-11-15,MAPPED,True
7663,CPI YoY,US CPI,2012-11-15 13:30:03+00:00,2012-11-15 08:30:03-05:00,2012-11-15,MAPPED,True
7668,BOJ Target Rate,BoJ,2012-11-20 03:14:00+00:00,2012-11-19 22:14:00-05:00,2012-11-20,MAPPED,True
7684,Natl CPI YoY,JPY National CPI,2012-11-29 23:30:04+00:00,2012-11-29 18:30:04-05:00,2012-11-30,MAPPED,True
7699,Change in Nonfarm Payrolls,US Employment,2012-12-07 13:30:01+00:00,2012-12-07 08:30:01-05:00,2012-12-07,MAPPED,True
7700,Unemployment Rate,US Employment,2012-12-07 13:30:04+00:00,2012-12-07 08:30:04-05:00,2012-12-07,MAPPED,True
7702,GDP SA QoQ,JPY GDP,2012-12-09 23:50:03+00:00,2012-12-09 18:50:03-05:00,2012-12-10,MAPPED,True
7703,GDP Annualized SA QoQ,JPY GDP,2012-12-09 23:50:04+00:00,2012-12-09 18:50:04-05:00,2012-12-10,MAPPED,True
7704,GDP Deflator YoY,JPY GDP,2012-12-09 23:50:06+00:00,2012-12-09 18:50:06-05:00,2012-12-10,MAPPED,True
7712,FOMC Rate Decision (Upper Bound),FOMC,2012-12-12 17:30:00+00:00,2012-12-12 12:30:00-05:00,2012-12-12,MAPPED,True
7721,CPI MoM,US CPI,2012-12-14 13:30:01+00:00,2012-12-14 08:30:01-05:00,2012-12-14,MAPPED,True
7722,CPI YoY,US CPI,2012-12-14 13:30:03+00:00,2012-12-14 08:30:03-05:00,2012-12-14,MAPPED,True
7728,BOJ Target Rate,BoJ,2012-12-20 04:03:00.680000+00:00,2012-12-19 23:03:00.680000-05:00,2012-12-20,MAPPED,True
7743,Natl CPI YoY,JPY National CPI,2012-12-27 23:30:04+00:00,2012-12-27 18:30:04-05:00,2012-12-28,MAPPED,True
7753,Change in Nonfarm Payrolls,US Employment,2013-01-04 13:30:01+00:00,2013-01-04 08:30:01-05:00,2013-01-04,MAPPED,True
7754,Unemployment Rate,US Employment,2013-01-04 13:30:04+00:00,2013-01-04 08:30:04-05:00,2013-01-04,MAPPED,True
7767,CPI MoM,US CPI,2013-01-16 13:30:01+00:00,2013-01-16 08:30:01-05:00,2013-01-16,MAPPED,True
7768,CPI YoY,US CPI,2013-01-16 13:30:03+00:00,2013-01-16 08:30:03-05:00,2013-01-16,MAPPED,True
7775,BOJ Target Rate,BoJ,2013-01-22 03:49:00.186000+00:00,2013-01-21 22:49:00.186000-05:00,2013-01-22,MAPPED,True
7781,Natl CPI YoY,JPY National CPI,2013-01-24 23:30:04+00:00,2013-01-24 18:30:04-05:00,2013-01-25,MAPPED,True
7789,FOMC Rate Decision (Upper Bound),FOMC,2013-01-30 19:15:00+00:00,2013-01-30 14:15:00-05:00,2013-01-30,MAPPED,True
7798,Change in Nonfarm Payrolls,US Employment,2013-02-01 13:30:01+00:00,2013-02-01 08:30:01-05:00,2013-02-01,MAPPED,True
7799,Unemployment Rate,US Employment,2013-02-01 13:30:04+00:00,2013-02-01 08:30:04-05:00,2013-02-01,MAPPED,True
7816,GDP SA QoQ,JPY GDP,2013-02-13 23:50:03+00:00,2013-02-13 18:50:03-05:00,2013-02-14,MAPPED,True
7817,GDP Annualized SA QoQ,JPY GDP,2013-02-13 23:50:04+00:00,2013-02-13 18:50:04-05:00,2013-02-14,MAPPED,True
7818,GDP Deflator YoY,JPY GDP,2013-02-13 23:50:06+00:00,2013-02-13 18:50:06-05:00,2013-02-14,MAPPED,True
7819,BOJ Target Rate,BoJ,2013-02-14 03:39:00.352000+00:00,2013-02-13 22:39:00.352000-05:00,2013-02-14,MAPPED,True
7827,CPI MoM,US CPI,2013-02-21 13:30:01+00:00,2013-02-21 08:30:01-05:00,2013-02-21,MAPPED,True
7828,CPI YoY,US CPI,2013-02-21 13:30:03+00:00,2013-02-21 08:30:03-05:00,2013-02-21,MAPPED,True
7844,Natl CPI YoY,JPY National CPI,2013-02-28 23:30:04+00:00,2013-02-28 18:30:04-05:00,2013-03-01,MAPPED,True
7857,BOJ Target Rate,BoJ,2013-03-07 03:24:00.193000+00:00,2013-03-06 22:24:00.193000-05:00,2013-03-07,MAPPED,True
7860,GDP SA QoQ,JPY GDP,2013-03-07 23:50:03+00:00,2013-03-07 18:50:03-05:00,2013-03-08,MAPPED,True
7861,GDP Annualized SA QoQ,JPY GDP,2013-03-07 23:50:04+00:00,2013-03-07 18:50:04-05:00,2013-03-08,MAPPED,True
7862,GDP Deflator YoY,JPY GDP,2013-03-07 23:50:06+00:00,2013-03-07 18:50:06-05:00,2013-03-08,MAPPED,True
7864,Change in Nonfarm Payrolls,US Employment,2013-03-08 13:30:01+00:00,2013-03-08 08:30:01-05:00,2013-03-08,MAPPED,True
7865,Unemployment Rate,US Employment,2013-03-08 13:30:04+00:00,2013-03-08 08:30:04-05:00,2013-03-08,MAPPED,True
7875,CPI MoM,US CPI,2013-03-15 12:30:01+00:00,2013-03-15 08:30:01-04:00,2013-03-15,MAPPED,True
7876,CPI YoY,US CPI,2013-03-15 12:30:03+00:00,2013-03-15 08:30:03-04:00,2013-03-15,MAPPED,True
7881,FOMC Rate Decision (Upper Bound),FOMC,2013-03-20 18:00:00+00:00,2013-03-20 14:00:00-04:00,2013-03-20,MAPPED,True
7896,Natl CPI YoY,JPY National CPI,2013-03-28 23:30:04+00:00,2013-03-28 19:30:04-04:00,2013-03-29,MAPPED,True
7914,BOJ Target Rate,BoJ,2013-04-04 05:42:00.524000+00:00,2013-04-04 01:42:00.524000-04:00,2013-04-04,MAPPED,True
7917,Change in Nonfarm Payrolls,US Employment,2013-04-05 13:30:02+00:00,2013-04-05 09:30:02-04:00,2013-04-05,MAPPED,True
7918,Unemployment Rate,US Employment,2013-04-05 13:30:06+00:00,2013-04-05 09:30:06-04:00,2013-04-05,MAPPED,True
7930,CPI MoM,US CPI,2013-04-16 13:30:01+00:00,2013-04-16 09:30:01-04:00,2013-04-16,MAPPED,True
7931,CPI YoY,US CPI,2013-04-16 13:30:03+00:00,2013-04-16 09:30:03-04:00,2013-04-16,MAPPED,True
7943,Natl CPI YoY,JPY National CPI,2013-04-26 00:30:01+00:00,2013-04-25 20:30:01-04:00,2013-04-26,MAPPED,True
7945,BOJ Target Rate,BoJ,2013-04-26 05:35:00+00:00,2013-04-26 01:35:00-04:00,2013-04-26,MAPPED,True
7961,FOMC Rate Decision (Upper Bound),FOMC,2013-05-01 19:00:00+00:00,2013-05-01 15:00:00-04:00,2013-05-01,MAPPED,True
7964,Change in Nonfarm Payrolls,US Employment,2013-05-03 13:30:02+00:00,2013-05-03 09:30:02-04:00,2013-05-03,MAPPED,True
7965,Unemployment Rate,US Employment,2013-05-03 13:30:06+00:00,2013-05-03 09:30:06-04:00,2013-05-03,MAPPED,True
7978,GDP Annualized SA QoQ,JPY GDP,2013-05-16 00:50:00+00:00,2013-05-15 20:50:00-04:00,2013-05-16,MAPPED,True
7979,GDP SA QoQ,JPY GDP,2013-05-16 00:50:00+00:00,2013-05-15 20:50:00-04:00,2013-05-16,MAPPED,True
7980,GDP Deflator YoY,JPY GDP,2013-05-16 00:50:00+00:00,2013-05-15 20:50:00-04:00,2013-05-16,MAPPED,True
7982,CPI MoM,US CPI,2013-05-16 13:30:01+00:00,2013-05-16 09:30:01-04:00,2013-05-16,MAPPED,True
7983,CPI YoY,US CPI,2013-05-16 13:30:03+00:00,2013-05-16 09:30:03-04:00,2013-05-16,MAPPED,True
7989,BOJ Target Rate,BoJ,2013-05-22 04:07:00+00:00,2013-05-22 00:07:00-04:00,2013-05-22,MAPPED,True
8003,Natl CPI YoY,JPY National CPI,2013-05-31 00:30:01+00:00,2013-05-30 20:30:01-04:00,2013-05-31,MAPPED,True
8020,Change in Nonfarm Payrolls,US Employment,2013-06-07 13:30:02+00:00,2013-06-07 09:30:02-04:00,2013-06-07,MAPPED,True
8021,Unemployment Rate,US Employment,2013-06-07 13:30:06+00:00,2013-06-07 09:30:06-04:00,2013-06-07,MAPPED,True
8022,GDP SA QoQ,JPY GDP,2013-06-10 00:50:01+00:00,2013-06-09 20:50:01-04:00,2013-06-10,MAPPED,True
8023,GDP Annualized SA QoQ,JPY GDP,2013-06-10 00:50:02+00:00,2013-06-09 20:50:02-04:00,2013-06-10,MAPPED,True
8024,GDP Deflator YoY,JPY GDP,2013-06-10 00:50:04+00:00,2013-06-09 20:50:04-04:00,2013-06-10,MAPPED,True
8026,BOJ Target Rate,BoJ,2013-06-11 03:48:00+00:00,2013-06-10 23:48:00-04:00,2013-06-11,MAPPED,True
8038,CPI MoM,US CPI,2013-06-18 13:30:01+00:00,2013-06-18 09:30:01-04:00,2013-06-18,MAPPED,True
8039,CPI YoY,US CPI,2013-06-18 13:30:03+00:00,2013-06-18 09:30:03-04:00,2013-06-18,MAPPED,True
8042,FOMC Rate Decision (Upper Bound),FOMC,2013-06-19 19:00:00+00:00,2013-06-19 15:00:00-04:00,2013-06-19,MAPPED,True
8058,Natl CPI YoY,JPY National CPI,2013-06-28 00:30:01+00:00,2013-06-27 20:30:01-04:00,2013-06-28,MAPPED,True
8077,Change in Nonfarm Payrolls,US Employment,2013-07-05 13:30:02+00:00,2013-07-05 09:30:02-04:00,2013-07-05,MAPPED,True
8078,Unemployment Rate,US Employment,2013-07-05 13:30:06+00:00,2013-07-05 09:30:06-04:00,2013-07-05,MAPPED,True
8085,BOJ Target Rate,BoJ,2013-07-11 03:47:00+00:00,2013-07-10 23:47:00-04:00,2013-07-11,MAPPED,True
8091,CPI MoM,US CPI,2013-07-16 13:30:01+00:00,2013-07-16 09:30:01-04:00,2013-07-16,MAPPED,True
8092,CPI YoY,US CPI,2013-07-16 13:30:03+00:00,2013-07-16 09:30:03-04:00,2013-07-16,MAPPED,True
8104,Natl CPI YoY,JPY National CPI,2013-07-26 00:30:01+00:00,2013-07-25 20:30:01-04:00,2013-07-26,MAPPED,True
8116,FOMC Rate Decision (Upper Bound),FOMC,2013-07-31 19:00:00+00:00,2013-07-31 15:00:00-04:00,2013-07-31,MAPPED,True
8121,Change in Nonfarm Payrolls,US Employment,2013-08-02 13:30:01+00:00,2013-08-02 09:30:01-04:00,2013-08-02,MAPPED,True
8122,Unemployment Rate,US Employment,2013-08-02 13:30:05+00:00,2013-08-02 09:30:05-04:00,2013-08-02,MAPPED,True
8130,BOJ Target Rate,BoJ,2013-08-08 03:59:00+00:00,2013-08-07 23:59:00-04:00,2013-08-08,MAPPED,True
8134,GDP SA QoQ,JPY GDP,2013-08-12 00:50:01+00:00,2013-08-11 20:50:01-04:00,2013-08-12,MAPPED,True
8135,GDP Annualized SA QoQ,JPY GDP,2013-08-12 00:50:02+00:00,2013-08-11 20:50:02-04:00,2013-08-12,MAPPED,True
8136,GDP Deflator YoY,JPY GDP,2013-08-12 00:50:04+00:00,2013-08-11 20:50:04-04:00,2013-08-12,MAPPED,True
8144,CPI MoM,US CPI,2013-08-15 13:30:04+00:00,2013-08-15 09:30:04-04:00,2013-08-15,MAPPED,True
8145,CPI YoY,US CPI,2013-08-15 13:30:06+00:00,2013-08-15 09:30:06-04:00,2013-08-15,MAPPED,True
8163,Natl CPI YoY,JPY National CPI,2013-08-30 00:30:01+00:00,2013-08-29 20:30:01-04:00,2013-08-30,MAPPED,True
8176,BOJ Target Rate,BoJ,2013-09-05 03:42:00+00:00,2013-09-04 23:42:00-04:00,2013-09-05,MAPPED,True
8181,Change in Nonfarm Payrolls,US Employment,2013-09-06 13:30:01+00:00,2013-09-06 09:30:01-04:00,2013-09-06,MAPPED,True
8182,Unemployment Rate,US Employment,2013-09-06 13:30:05+00:00,2013-09-06 09:30:05-04:00,2013-09-06,MAPPED,True
8183,GDP SA QoQ,JPY GDP,2013-09-09 00:50:01+00:00,2013-09-08 20:50:01-04:00,2013-09-09,MAPPED,True
8184,GDP Annualized SA QoQ,JPY GDP,2013-09-09 00:50:02+00:00,2013-09-08 20:50:02-04:00,2013-09-09,MAPPED,True
8185,GDP Deflator YoY,JPY GDP,2013-09-09 00:50:04+00:00,2013-09-08 20:50:04-04:00,2013-09-09,MAPPED,True
8198,CPI MoM,US CPI,2013-09-17 13:30:04+00:00,2013-09-17 09:30:04-04:00,2013-09-17,MAPPED,True
8199,CPI YoY,US CPI,2013-09-17 13:30:06+00:00,2013-09-17 09:30:06-04:00,2013-09-17,MAPPED,True
8202,FOMC Rate Decision (Upper Bound),FOMC,2013-09-18 19:00:00+00:00,2013-09-18 15:00:00-04:00,2013-09-18,MAPPED,True
8213,Natl CPI YoY,JPY National CPI,2013-09-27 00:30:01+00:00,2013-09-26 20:30:01-04:00,2013-09-27,MAPPED,True
8234,BOJ Target Rate,BoJ,2013-10-04 03:49:00+00:00,2013-10-03 23:49:00-04:00,2013-10-04,MAPPED,True
8247,Change in Nonfarm Payrolls,US Employment,2013-10-22 13:30:01+00:00,2013-10-22 09:30:01-04:00,2013-10-22,MAPPED,True
8248,Unemployment Rate,US Employment,2013-10-22 13:30:05+00:00,2013-10-22 09:30:05-04:00,2013-10-22,MAPPED,True
8254,Natl CPI YoY,JPY National CPI,2013-10-25 00:30:01+00:00,2013-10-24 20:30:01-04:00,2013-10-25,MAPPED,True
8267,CPI MoM,US CPI,2013-10-30 12:30:01+00:00,2013-10-30 08:30:01-04:00,2013-10-30,MAPPED,True
8268,CPI YoY,US CPI,2013-10-30 12:30:03+00:00,2013-10-30 08:30:03-04:00,2013-10-30,MAPPED,True
8269,FOMC Rate Decision (Upper Bound),FOMC,2013-10-30 18:00:00+00:00,2013-10-30 14:00:00-04:00,2013-10-30,MAPPED,True
8271,BOJ Target Rate,BoJ,2013-10-31 04:14:00+00:00,2013-10-31 00:14:00-04:00,2013-10-31,MAPPED,True
8283,Change in Nonfarm Payrolls,US Employment,2013-11-08 13:30:01+00:00,2013-11-08 08:30:01-05:00,2013-11-08,MAPPED,True
8284,Unemployment Rate,US Employment,2013-11-08 13:30:05+00:00,2013-11-08 08:30:05-05:00,2013-11-08,MAPPED,True
8293,GDP SA QoQ,JPY GDP,2013-11-13 23:50:05+00:00,2013-11-13 18:50:05-05:00,2013-11-14,MAPPED,True
8294,GDP Annualized SA QoQ,JPY GDP,2013-11-13 23:50:06+00:00,2013-11-13 18:50:06-05:00,2013-11-14,MAPPED,True
8295,GDP Deflator YoY,JPY GDP,2013-11-13 23:50:08+00:00,2013-11-13 18:50:08-05:00,2013-11-14,MAPPED,True
8304,CPI MoM,US CPI,2013-11-20 13:30:05+00:00,2013-11-20 08:30:05-05:00,2013-11-20,MAPPED,True
8305,CPI YoY,US CPI,2013-11-20 13:30:07+00:00,2013-11-20 08:30:07-05:00,2013-11-20,MAPPED,True
8307,BOJ Target Rate,BoJ,2013-11-21 03:15:00+00:00,2013-11-20 22:15:00-05:00,2013-11-21,MAPPED,True
8320,Natl CPI YoY,JPY National CPI,2013-11-28 23:30:01+00:00,2013-11-28 18:30:01-05:00,2013-11-29,MAPPED,True
8337,Change in Nonfarm Payrolls,US Employment,2013-12-06 13:30:01+00:00,2013-12-06 08:30:01-05:00,2013-12-06,MAPPED,True
8338,Unemployment Rate,US Employment,2013-12-06 13:30:05+00:00,2013-12-06 08:30:05-05:00,2013-12-06,MAPPED,True
8343,GDP SA QoQ,JPY GDP,2013-12-08 23:50:05+00:00,2013-12-08 18:50:05-05:00,2013-12-09,MAPPED,True
8344,GDP Annualized SA QoQ,JPY GDP,2013-12-08 23:50:06+00:00,2013-12-08 18:50:06-05:00,2013-12-09,MAPPED,True
8345,GDP Deflator YoY,JPY GDP,2013-12-08 23:50:08+00:00,2013-12-08 18:50:08-05:00,2013-12-09,MAPPED,True
8362,CPI MoM,US CPI,2013-12-17 13:30:01+00:00,2013-12-17 08:30:01-05:00,2013-12-17,MAPPED,True
8363,CPI YoY,US CPI,2013-12-17 13:30:03+00:00,2013-12-17 08:30:03-05:00,2013-12-17,MAPPED,True
8368,FOMC Rate Decision (Upper Bound),FOMC,2013-12-18 19:00:04+00:00,2013-12-18 14:00:04-05:00,2013-12-18,MAPPED,True
8372,BOJ Target Rate,BoJ,2013-12-20 02:57:00+00:00,2013-12-19 21:57:00-05:00,2013-12-20,MAPPED,True
8384,Natl CPI YoY,JPY National CPI,2013-12-26 23:30:01+00:00,2013-12-26 18:30:01-05:00,2013-12-27,MAPPED,True
8399,Change in Nonfarm Payrolls,US Employment,2014-01-10 13:30:01+00:00,2014-01-10 08:30:01-05:00,2014-01-10,MAPPED,True
8400,Unemployment Rate,US Employment,2014-01-10 13:30:05+00:00,2014-01-10 08:30:05-05:00,2014-01-10,MAPPED,True
8409,CPI MoM,US CPI,2014-01-16 13:30:01+00:00,2014-01-16 08:30:01-05:00,2014-01-16,MAPPED,True
8410,CPI YoY,US CPI,2014-01-16 13:30:03+00:00,2014-01-16 08:30:03-05:00,2014-01-16,MAPPED,True
8416,BOJ Target Rate,BoJ,2014-01-22 03:20:00+00:00,2014-01-21 22:20:00-05:00,2014-01-22,MAPPED,True
8426,FOMC Rate Decision (Upper Bound),FOMC,2014-01-29 19:00:04+00:00,2014-01-29 14:00:04-05:00,2014-01-29,MAPPED,True
8431,Natl CPI YoY,JPY National CPI,2014-01-30 23:30:01+00:00,2014-01-30 18:30:01-05:00,2014-01-31,MAPPED,True
8448,Change in Nonfarm Payrolls,US Employment,2014-02-07 13:30:01+00:00,2014-02-07 08:30:01-05:00,2014-02-07,MAPPED,True
8449,Unemployment Rate,US Employment,2014-02-07 13:30:05+00:00,2014-02-07 08:30:05-05:00,2014-02-07,MAPPED,True
8460,GDP SA QoQ,JPY GDP,2014-02-16 23:50:05+00:00,2014-02-16 18:50:05-05:00,2014-02-17,MAPPED,True
8461,GDP Annualized SA QoQ,JPY GDP,2014-02-16 23:50:06+00:00,2014-02-16 18:50:06-05:00,2014-02-17,MAPPED,True
8462,GDP Deflator YoY,JPY GDP,2014-02-16 23:50:08+00:00,2014-02-16 18:50:08-05:00,2014-02-17,MAPPED,True
8464,BOJ Target Rate,BoJ,2014-02-18 03:28:00+00:00,2014-02-17 22:28:00-05:00,2014-02-18,MAPPED,True
8469,CPI MoM,US CPI,2014-02-20 13:30:01+00:00,2014-02-20 08:30:01-05:00,2014-02-20,MAPPED,True
8470,CPI YoY,US CPI,2014-02-20 13:30:03+00:00,2014-02-20 08:30:03-05:00,2014-02-20,MAPPED,True
8483,Natl CPI YoY,JPY National CPI,2014-02-27 23:30:01+00:00,2014-02-27 18:30:01-05:00,2014-02-28,MAPPED,True
8500,Change in Nonfarm Payrolls,US Employment,2014-03-07 13:30:01+00:00,2014-03-07 08:30:01-05:00,2014-03-07,MAPPED,True
8502,Unemployment Rate,US Employment,2014-03-07 13:30:05+00:00,2014-03-07 08:30:05-05:00,2014-03-07,MAPPED,True
8504,GDP SA QoQ,JPY GDP,2014-03-09 23:50:05+00:00,2014-03-09 19:50:05-04:00,2014-03-10,MAPPED,True
8505,GDP Annualized SA QoQ,JPY GDP,2014-03-09 23:50:06+00:00,2014-03-09 19:50:06-04:00,2014-03-10,MAPPED,True
8506,GDP Deflator YoY,JPY GDP,2014-03-09 23:50:08+00:00,2014-03-09 19:50:08-04:00,2014-03-10,MAPPED,True
8507,BOJ Target Rate,BoJ,2014-03-11 03:00:00+00:00,2014-03-10 23:00:00-04:00,2014-03-11,MAPPED,True
8520,CPI MoM,US CPI,2014-03-18 12:30:01+00:00,2014-03-18 08:30:01-04:00,2014-03-18,MAPPED,True
8521,CPI YoY,US CPI,2014-03-18 12:30:03+00:00,2014-03-18 08:30:03-04:00,2014-03-18,MAPPED,True
8524,FOMC Rate Decision (Upper Bound),FOMC,2014-03-19 18:00:04+00:00,2014-03-19 14:00:04-04:00,2014-03-19,MAPPED,True
8537,Natl CPI YoY,JPY National CPI,2014-03-27 23:30:01+00:00,2014-03-27 19:30:01-04:00,2014-03-28,MAPPED,True
8559,Change in Nonfarm Payrolls,US Employment,2014-04-04 13:30:01+00:00,2014-04-04 09:30:01-04:00,2014-04-04,MAPPED,True
8560,Unemployment Rate,US Employment,2014-04-04 13:30:05+00:00,2014-04-04 09:30:05-04:00,2014-04-04,MAPPED,True
8562,BOJ Target Rate,BoJ,2014-04-08 03:50:00+00:00,2014-04-07 23:50:00-04:00,2014-04-08,MAPPED,True
8572,CPI MoM,US CPI,2014-04-15 13:30:01+00:00,2014-04-15 09:30:01-04:00,2014-04-15,MAPPED,True
8573,CPI YoY,US CPI,2014-04-15 13:30:03+00:00,2014-04-15 09:30:03-04:00,2014-04-15,MAPPED,True
8587,Natl CPI YoY,JPY National CPI,2014-04-25 00:30:01+00:00,2014-04-24 20:30:01-04:00,2014-04-25,MAPPED,True
8593,BOJ Target Rate,BoJ,2014-04-30 04:51:00+00:00,2014-04-30 00:51:00-04:00,2014-04-30,MAPPED,True
8598,FOMC Rate Decision (Upper Bound),FOMC,2014-04-30 19:00:04+00:00,2014-04-30 15:00:04-04:00,2014-04-30,MAPPED,True
8607,Change in Nonfarm Payrolls,US Employment,2014-05-02 13:30:01+00:00,2014-05-02 09:30:01-04:00,2014-05-02,MAPPED,True
8608,Unemployment Rate,US Employment,2014-05-02 13:30:05+00:00,2014-05-02 09:30:05-04:00,2014-05-02,MAPPED,True
8621,GDP SA QoQ,JPY GDP,2014-05-15 00:50:05+00:00,2014-05-14 20:50:05-04:00,2014-05-15,MAPPED,True
8622,GDP Annualized SA QoQ,JPY GDP,2014-05-15 00:50:06+00:00,2014-05-14 20:50:06-04:00,2014-05-15,MAPPED,True
8623,GDP Deflator YoY,JPY GDP,2014-05-15 00:50:08+00:00,2014-05-14 20:50:08-04:00,2014-05-15,MAPPED,True
8625,CPI MoM,US CPI,2014-05-15 13:30:02+00:00,2014-05-15 09:30:02-04:00,2014-05-15,MAPPED,True
8626,CPI YoY,US CPI,2014-05-15 13:30:04+00:00,2014-05-15 09:30:04-04:00,2014-05-15,MAPPED,True
8633,BOJ Target Rate,BoJ,2014-05-21 03:41:00+00:00,2014-05-20 23:41:00-04:00,2014-05-21,MAPPED,True
8648,Natl CPI YoY,JPY National CPI,2014-05-30 00:30:01+00:00,2014-05-29 20:30:01-04:00,2014-05-30,MAPPED,True
8666,Change in Nonfarm Payrolls,US Employment,2014-06-06 13:30:01+00:00,2014-06-06 09:30:01-04:00,2014-06-06,MAPPED,True
8667,Unemployment Rate,US Employment,2014-06-06 13:30:05+00:00,2014-06-06 09:30:05-04:00,2014-06-06,MAPPED,True
8669,GDP SA QoQ,JPY GDP,2014-06-09 00:50:05+00:00,2014-06-08 20:50:05-04:00,2014-06-09,MAPPED,True
8670,GDP Annualized SA QoQ,JPY GDP,2014-06-09 00:50:06+00:00,2014-06-08 20:50:06-04:00,2014-06-09,MAPPED,True
8671,GDP Deflator YoY,JPY GDP,2014-06-09 00:50:08+00:00,2014-06-08 20:50:08-04:00,2014-06-09,MAPPED,True
8679,BOJ Target Rate,BoJ,2014-06-13 03:41:00+00:00,2014-06-12 23:41:00-04:00,2014-06-13,MAPPED,True
8685,CPI MoM,US CPI,2014-06-17 13:30:01+00:00,2014-06-17 09:30:01-04:00,2014-06-17,MAPPED,True
8686,CPI YoY,US CPI,2014-06-17 13:30:03+00:00,2014-06-17 09:30:03-04:00,2014-06-17,MAPPED,True
8689,FOMC Rate Decision (Upper Bound),FOMC,2014-06-18 19:00:04+00:00,2014-06-18 15:00:04-04:00,2014-06-18,MAPPED,True
8705,Natl CPI YoY,JPY National CPI,2014-06-27 00:30:01+00:00,2014-06-26 20:30:01-04:00,2014-06-27,MAPPED,True
8722,Change in Nonfarm Payrolls,US Employment,2014-07-03 13:30:01+00:00,2014-07-03 09:30:01-04:00,2014-07-03,MAPPED,True
8724,Unemployment Rate,US Employment,2014-07-03 13:30:05+00:00,2014-07-03 09:30:05-04:00,2014-07-03,MAPPED,True
8735,BOJ Target Rate,BoJ,2014-07-15 03:58:00+00:00,2014-07-14 23:58:00-04:00,2014-07-15,MAPPED,True
8745,CPI MoM,US CPI,2014-07-22 13:30:01+00:00,2014-07-22 09:30:01-04:00,2014-07-22,MAPPED,True
8746,CPI YoY,US CPI,2014-07-22 13:30:03+00:00,2014-07-22 09:30:03-04:00,2014-07-22,MAPPED,True
8753,Natl CPI YoY,JPY National CPI,2014-07-25 00:30:01+00:00,2014-07-24 20:30:01-04:00,2014-07-25,MAPPED,True
8763,FOMC Rate Decision (Upper Bound),FOMC,2014-07-30 19:00:04+00:00,2014-07-30 15:00:04-04:00,2014-07-30,MAPPED,True
8767,Change in Nonfarm Payrolls,US Employment,2014-08-01 13:30:01+00:00,2014-08-01 09:30:01-04:00,2014-08-01,MAPPED,True
8768,Unemployment Rate,US Employment,2014-08-01 13:30:05+00:00,2014-08-01 09:30:05-04:00,2014-08-01,MAPPED,True
8781,BOJ Target Rate,BoJ,2014-08-08 04:08:00+00:00,2014-08-08 00:08:00-04:00,2014-08-08,MAPPED,True
8786,GDP SA QoQ,JPY GDP,2014-08-13 00:50:05+00:00,2014-08-12 20:50:05-04:00,2014-08-13,MAPPED,True
8787,GDP Annualized SA QoQ,JPY GDP,2014-08-13 00:50:06+00:00,2014-08-12 20:50:06-04:00,2014-08-13,MAPPED,True
8788,GDP Deflator YoY,JPY GDP,2014-08-13 00:50:08+00:00,2014-08-12 20:50:08-04:00,2014-08-13,MAPPED,True
8797,CPI MoM,US CPI,2014-08-19 13:30:01+00:00,2014-08-19 09:30:01-04:00,2014-08-19,MAPPED,True
8798,CPI YoY,US CPI,2014-08-19 13:30:03+00:00,2014-08-19 09:30:03-04:00,2014-08-19,MAPPED,True
8814,Natl CPI YoY,JPY National CPI,2014-08-29 00:30:01+00:00,2014-08-28 20:30:01-04:00,2014-08-29,MAPPED,True
8828,BOJ Target Rate,BoJ,2014-09-04 04:07:00+00:00,2014-09-04 00:07:00-04:00,2014-09-04,MAPPED,True
8833,Change in Nonfarm Payrolls,US Employment,2014-09-05 13:30:01+00:00,2014-09-05 09:30:01-04:00,2014-09-05,MAPPED,True
8834,Unemployment Rate,US Employment,2014-09-05 13:30:05+00:00,2014-09-05 09:30:05-04:00,2014-09-05,MAPPED,True
8836,GDP SA QoQ,JPY GDP,2014-09-08 00:50:05+00:00,2014-09-07 20:50:05-04:00,2014-09-08,MAPPED,True
8837,GDP Annualized SA QoQ,JPY GDP,2014-09-08 00:50:06+00:00,2014-09-07 20:50:06-04:00,2014-09-08,MAPPED,True
8838,GDP Deflator YoY,JPY GDP,2014-09-08 00:50:08+00:00,2014-09-07 20:50:08-04:00,2014-09-08,MAPPED,True
8852,CPI MoM,US CPI,2014-09-17 13:30:01+00:00,2014-09-17 09:30:01-04:00,2014-09-17,MAPPED,True
8853,CPI YoY,US CPI,2014-09-17 13:30:03+00:00,2014-09-17 09:30:03-04:00,2014-09-17,MAPPED,True
8854,FOMC Rate Decision (Upper Bound),FOMC,2014-09-17 19:00:04+00:00,2014-09-17 15:00:04-04:00,2014-09-17,MAPPED,True
8865,Natl CPI YoY,JPY National CPI,2014-09-26 00:30:01+00:00,2014-09-25 20:30:01-04:00,2014-09-26,MAPPED,True
8890,Change in Nonfarm Payrolls,US Employment,2014-10-03 13:30:01+00:00,2014-10-03 09:30:01-04:00,2014-10-03,MAPPED,True
8891,Unemployment Rate,US Employment,2014-10-03 13:30:05+00:00,2014-10-03 09:30:05-04:00,2014-10-03,MAPPED,True
8893,BOJ Target Rate,BoJ,2014-10-07 05:57:00+00:00,2014-10-07 01:57:00-04:00,2014-10-07,MAPPED,True
8912,CPI MoM,US CPI,2014-10-22 13:30:01+00:00,2014-10-22 09:30:01-04:00,2014-10-22,MAPPED,True
8913,CPI YoY,US CPI,2014-10-22 13:30:02+00:00,2014-10-22 09:30:02-04:00,2014-10-22,MAPPED,True
8923,FOMC Rate Decision (Upper Bound),FOMC,2014-10-29 18:00:04+00:00,2014-10-29 14:00:04-04:00,2014-10-29,MAPPED,True
8928,Natl CPI YoY,JPY National CPI,2014-10-30 23:30:01+00:00,2014-10-30 19:30:01-04:00,2014-10-31,MAPPED,True
8930,BOJ Target Rate,BoJ,2014-10-31 04:44:00+00:00,2014-10-31 00:44:00-04:00,2014-10-31,MAPPED,True
8945,Change in Nonfarm Payrolls,US Employment,2014-11-07 13:30:01+00:00,2014-11-07 08:30:01-05:00,2014-11-07,MAPPED,True
8946,Unemployment Rate,US Employment,2014-11-07 13:30:05+00:00,2014-11-07 08:30:05-05:00,2014-11-07,MAPPED,True
8957,GDP SA QoQ,JPY GDP,2014-11-16 23:50:01+00:00,2014-11-16 18:50:01-05:00,2014-11-17,MAPPED,True
8958,GDP Annualized SA QoQ,JPY GDP,2014-11-16 23:50:02+00:00,2014-11-16 18:50:02-05:00,2014-11-17,MAPPED,True
8959,GDP Deflator YoY,JPY GDP,2014-11-16 23:50:04+00:00,2014-11-16 18:50:04-05:00,2014-11-17,MAPPED,True
8963,BOJ Target Rate,BoJ,2014-11-19 03:24:00+00:00,2014-11-18 22:24:00-05:00,2014-11-19,MAPPED,True
8967,CPI MoM,US CPI,2014-11-20 13:30:01+00:00,2014-11-20 08:30:01-05:00,2014-11-20,MAPPED,True
8968,CPI YoY,US CPI,2014-11-20 13:30:03+00:00,2014-11-20 08:30:03-05:00,2014-11-20,MAPPED,True
8985,Natl CPI YoY,JPY National CPI,2014-11-27 23:30:01+00:00,2014-11-27 18:30:01-05:00,2014-11-28,MAPPED,True
8997,Change in Nonfarm Payrolls,US Employment,2014-12-05 13:30:01+00:00,2014-12-05 08:30:01-05:00,2014-12-05,MAPPED,True
8998,Unemployment Rate,US Employment,2014-12-05 13:30:05+00:00,2014-12-05 08:30:05-05:00,2014-12-05,MAPPED,True
9002,GDP SA QoQ,JPY GDP,2014-12-07 23:50:01+00:00,2014-12-07 18:50:01-05:00,2014-12-08,MAPPED,True
9003,GDP Annualized SA QoQ,JPY GDP,2014-12-07 23:50:02+00:00,2014-12-07 18:50:02-05:00,2014-12-08,MAPPED,True
9004,GDP Deflator YoY,JPY GDP,2014-12-07 23:50:04+00:00,2014-12-07 18:50:04-05:00,2014-12-08,MAPPED,True
9026,CPI MoM,US CPI,2014-12-17 13:30:01+00:00,2014-12-17 08:30:01-05:00,2014-12-17,MAPPED,True
9027,CPI YoY,US CPI,2014-12-17 13:30:03+00:00,2014-12-17 08:30:03-05:00,2014-12-17,MAPPED,True
9028,FOMC Rate Decision (Upper Bound),FOMC,2014-12-17 19:00:04+00:00,2014-12-17 14:00:04-05:00,2014-12-17,MAPPED,True
9031,BOJ Target Rate,BoJ,2014-12-19 03:28:00+00:00,2014-12-18 22:28:00-05:00,2014-12-19,MAPPED,True
9043,Natl CPI YoY,JPY National CPI,2014-12-25 23:30:01+00:00,2014-12-25 18:30:01-05:00,2014-12-26,MAPPED,True
9059,Change in Nonfarm Payrolls,US Employment,2015-01-09 13:30:01+00:00,2015-01-09 08:30:01-05:00,2015-01-09,MAPPED,True
9060,Unemployment Rate,US Employment,2015-01-09 13:30:05+00:00,2015-01-09 08:30:05-05:00,2015-01-09,MAPPED,True
9071,CPI MoM,US CPI,2015-01-16 13:30:01+00:00,2015-01-16 08:30:01-05:00,2015-01-16,MAPPED,True
9072,CPI YoY,US CPI,2015-01-16 13:30:03+00:00,2015-01-16 08:30:03-05:00,2015-01-16,MAPPED,True
9076,BOJ Target Rate,BoJ,2015-01-21 03:29:00+00:00,2015-01-20 22:29:00-05:00,2015-01-21,MAPPED,True
9088,FOMC Rate Decision (Upper Bound),FOMC,2015-01-28 19:00:04+00:00,2015-01-28 14:00:04-05:00,2015-01-28,MAPPED,True
9092,Natl CPI YoY,JPY National CPI,2015-01-29 23:30:01+00:00,2015-01-29 18:30:01-05:00,2015-01-30,MAPPED,True
9110,Change in Nonfarm Payrolls,US Employment,2015-02-06 13:30:01+00:00,2015-02-06 08:30:01-05:00,2015-02-06,MAPPED,True
9111,Unemployment Rate,US Employment,2015-02-06 13:30:05+00:00,2015-02-06 08:30:05-05:00,2015-02-06,MAPPED,True
9121,GDP SA QoQ,JPY GDP,2015-02-15 23:50:01+00:00,2015-02-15 18:50:01-05:00,2015-02-16,MAPPED,True
9122,GDP Annualized SA QoQ,JPY GDP,2015-02-15 23:50:02+00:00,2015-02-15 18:50:02-05:00,2015-02-16,MAPPED,True
9123,GDP Deflator YoY,JPY GDP,2015-02-15 23:50:04+00:00,2015-02-15 18:50:04-05:00,2015-02-16,MAPPED,True
9126,BOJ Target Rate,BoJ,2015-02-18 02:49:00+00:00,2015-02-17 21:49:00-05:00,2015-02-18,MAPPED,True
9139,CPI MoM,US CPI,2015-02-26 13:30:01+00:00,2015-02-26 08:30:01-05:00,2015-02-26,MAPPED,True
9140,CPI YoY,US CPI,2015-02-26 13:30:03+00:00,2015-02-26 08:30:03-05:00,2015-02-26,MAPPED,True
9145,Natl CPI YoY,JPY National CPI,2015-02-26 23:30:01+00:00,2015-02-26 18:30:01-05:00,2015-02-27,MAPPED,True
9163,Change in Nonfarm Payrolls,US Employment,2015-03-06 13:30:01+00:00,2015-03-06 08:30:01-05:00,2015-03-06,MAPPED,True
9164,Unemployment Rate,US Employment,2015-03-06 13:30:05+00:00,2015-03-06 08:30:05-05:00,2015-03-06,MAPPED,True
9167,GDP SA QoQ,JPY GDP,2015-03-08 23:50:04+00:00,2015-03-08 19:50:04-04:00,2015-03-09,MAPPED,True
9168,GDP Annualized SA QoQ,JPY GDP,2015-03-08 23:50:05+00:00,2015-03-08 19:50:05-04:00,2015-03-09,MAPPED,True
9169,GDP Deflator YoY,JPY GDP,2015-03-08 23:50:07+00:00,2015-03-08 19:50:07-04:00,2015-03-09,MAPPED,True
9182,BOJ Target Rate,BoJ,2015-03-17 03:04:00+00:00,2015-03-16 23:04:00-04:00,2015-03-17,MAPPED,True
9185,FOMC Rate Decision (Upper Bound),FOMC,2015-03-18 18:00:04+00:00,2015-03-18 14:00:04-04:00,2015-03-18,MAPPED,True
9190,CPI MoM,US CPI,2015-03-24 12:30:01+00:00,2015-03-24 08:30:01-04:00,2015-03-24,MAPPED,True
9191,CPI YoY,US CPI,2015-03-24 12:30:03+00:00,2015-03-24 08:30:03-04:00,2015-03-24,MAPPED,True
9199,Natl CPI YoY,JPY National CPI,2015-03-26 23:30:01+00:00,2015-03-26 19:30:01-04:00,2015-03-27,MAPPED,True
9222,Change in Nonfarm Payrolls,US Employment,2015-04-03 13:30:01+00:00,2015-04-03 09:30:01-04:00,2015-04-03,MAPPED,True
9223,Unemployment Rate,US Employment,2015-04-03 13:30:05+00:00,2015-04-03 09:30:05-04:00,2015-04-03,MAPPED,True
9226,BOJ Target Rate,BoJ,2015-04-08 04:36:00+00:00,2015-04-08 00:36:00-04:00,2015-04-08,MAPPED,True
9240,CPI MoM,US CPI,2015-04-17 13:30:01+00:00,2015-04-17 09:30:01-04:00,2015-04-17,MAPPED,True
9241,CPI YoY,US CPI,2015-04-17 13:30:03+00:00,2015-04-17 09:30:03-04:00,2015-04-17,MAPPED,True
9255,FOMC Rate Decision (Upper Bound),FOMC,2015-04-29 19:00:04+00:00,2015-04-29 15:00:04-04:00,2015-04-29,MAPPED,True
9257,BOJ Target Rate,BoJ,2015-04-30 05:04:00+00:00,2015-04-30 01:04:00-04:00,2015-04-30,MAPPED,True
9264,Natl CPI YoY,JPY National CPI,2015-05-01 00:30:04+00:00,2015-04-30 20:30:04-04:00,2015-05-01,MAPPED,True
9277,Change in Nonfarm Payrolls,US Employment,2015-05-08 13:30:01+00:00,2015-05-08 09:30:01-04:00,2015-05-08,MAPPED,True
9278,Unemployment Rate,US Employment,2015-05-08 13:30:05+00:00,2015-05-08 09:30:05-04:00,2015-05-08,MAPPED,True
9293,GDP SA QoQ,JPY GDP,2015-05-20 00:50:01+00:00,2015-05-19 20:50:01-04:00,2015-05-20,MAPPED,True
9294,GDP Annualized SA QoQ,JPY GDP,2015-05-20 00:50:02+00:00,2015-05-19 20:50:02-04:00,2015-05-20,MAPPED,True
9295,GDP Deflator YoY,JPY GDP,2015-05-20 00:50:04+00:00,2015-05-19 20:50:04-04:00,2015-05-20,MAPPED,True
9302,BOJ Target Rate,BoJ,2015-05-22 03:49:00+00:00,2015-05-21 23:49:00-04:00,2015-05-22,MAPPED,True
9303,CPI MoM,US CPI,2015-05-22 13:30:01+00:00,2015-05-22 09:30:01-04:00,2015-05-22,MAPPED,True
9304,CPI YoY,US CPI,2015-05-22 13:30:03+00:00,2015-05-22 09:30:03-04:00,2015-05-22,MAPPED,True
9312,Natl CPI YoY,JPY National CPI,2015-05-29 00:30:04+00:00,2015-05-28 20:30:04-04:00,2015-05-29,MAPPED,True
9331,Change in Nonfarm Payrolls,US Employment,2015-06-05 13:30:01+00:00,2015-06-05 09:30:01-04:00,2015-06-05,MAPPED,True
9332,Unemployment Rate,US Employment,2015-06-05 13:30:05+00:00,2015-06-05 09:30:05-04:00,2015-06-05,MAPPED,True
9334,GDP SA QoQ,JPY GDP,2015-06-08 00:50:04+00:00,2015-06-07 20:50:04-04:00,2015-06-08,MAPPED,True
9335,GDP Annualized SA QoQ,JPY GDP,2015-06-08 00:50:05+00:00,2015-06-07 20:50:05-04:00,2015-06-08,MAPPED,True
9336,GDP Deflator YoY,JPY GDP,2015-06-08 00:50:07+00:00,2015-06-07 20:50:07-04:00,2015-06-08,MAPPED,True
9351,FOMC Rate Decision (Upper Bound),FOMC,2015-06-17 19:00:04+00:00,2015-06-17 15:00:04-04:00,2015-06-17,MAPPED,True
9352,CPI MoM,US CPI,2015-06-18 13:30:01+00:00,2015-06-18 09:30:01-04:00,2015-06-18,MAPPED,True
9353,CPI YoY,US CPI,2015-06-18 13:30:03+00:00,2015-06-18 09:30:03-04:00,2015-06-18,MAPPED,True
9356,BOJ Target Rate,BoJ,2015-06-19 04:04:00+00:00,2015-06-19 00:04:00-04:00,2015-06-19,MAPPED,True
9369,Natl CPI YoY,JPY National CPI,2015-06-26 00:30:04+00:00,2015-06-25 20:30:04-04:00,2015-06-26,MAPPED,True
9386,Change in Nonfarm Payrolls,US Employment,2015-07-02 13:30:01+00:00,2015-07-02 09:30:01-04:00,2015-07-02,MAPPED,True
9387,Unemployment Rate,US Employment,2015-07-02 13:30:05+00:00,2015-07-02 09:30:05-04:00,2015-07-02,MAPPED,True
9401,BOJ Target Rate,BoJ,2015-07-15 04:18:00+00:00,2015-07-15 00:18:00-04:00,2015-07-15,MAPPED,True
9408,CPI MoM,US CPI,2015-07-17 13:30:05+00:00,2015-07-17 09:30:05-04:00,2015-07-17,MAPPED,True
9409,CPI YoY,US CPI,2015-07-17 13:30:07+00:00,2015-07-17 09:30:07-04:00,2015-07-17,MAPPED,True
9421,FOMC Rate Decision (Upper Bound),FOMC,2015-07-29 19:00:04+00:00,2015-07-29 15:00:04-04:00,2015-07-29,MAPPED,True
9427,Natl CPI YoY,JPY National CPI,2015-07-31 00:30:04+00:00,2015-07-30 20:30:04-04:00,2015-07-31,MAPPED,True
9443,BOJ Target Rate,BoJ,2015-08-07 04:18:00+00:00,2015-08-07 00:18:00-04:00,2015-08-07,MAPPED,True
9444,Change in Nonfarm Payrolls,US Employment,2015-08-07 13:30:01+00:00,2015-08-07 09:30:01-04:00,2015-08-07,MAPPED,True
9445,Unemployment Rate,US Employment,2015-08-07 13:30:05+00:00,2015-08-07 09:30:05-04:00,2015-08-07,MAPPED,True
9458,GDP SA QoQ,JPY GDP,2015-08-17 00:50:04+00:00,2015-08-16 20:50:04-04:00,2015-08-17,MAPPED,True
9459,GDP Annualized SA QoQ,JPY GDP,2015-08-17 00:50:05+00:00,2015-08-16 20:50:05-04:00,2015-08-17,MAPPED,True
9460,GDP Deflator YoY,JPY GDP,2015-08-17 00:50:07+00:00,2015-08-16 20:50:07-04:00,2015-08-17,MAPPED,True
9464,CPI MoM,US CPI,2015-08-19 13:30:05+00:00,2015-08-19 09:30:05-04:00,2015-08-19,MAPPED,True
9465,CPI YoY,US CPI,2015-08-19 13:30:07+00:00,2015-08-19 09:30:07-04:00,2015-08-19,MAPPED,True
9479,Natl CPI YoY,JPY National CPI,2015-08-28 00:30:04+00:00,2015-08-27 20:30:04-04:00,2015-08-28,MAPPED,True
9497,Change in Nonfarm Payrolls,US Employment,2015-09-04 13:30:01+00:00,2015-09-04 09:30:01-04:00,2015-09-04,MAPPED,True
9498,Unemployment Rate,US Employment,2015-09-04 13:30:05+00:00,2015-09-04 09:30:05-04:00,2015-09-04,MAPPED,True
9500,GDP SA QoQ,JPY GDP,2015-09-08 00:50:04+00:00,2015-09-07 20:50:04-04:00,2015-09-08,MAPPED,True
9501,GDP Annualized SA QoQ,JPY GDP,2015-09-08 00:50:05+00:00,2015-09-07 20:50:05-04:00,2015-09-08,MAPPED,True
9502,GDP Deflator YoY,JPY GDP,2015-09-08 00:50:07+00:00,2015-09-07 20:50:07-04:00,2015-09-08,MAPPED,True
9512,BOJ Target Rate,BoJ,2015-09-15 04:07:00+00:00,2015-09-15 00:07:00-04:00,2015-09-15,MAPPED,True
9517,CPI MoM,US CPI,2015-09-16 13:30:05+00:00,2015-09-16 09:30:05-04:00,2015-09-16,MAPPED,True
9518,CPI YoY,US CPI,2015-09-16 13:30:07+00:00,2015-09-16 09:30:07-04:00,2015-09-16,MAPPED,True
9521,FOMC Rate Decision (Upper Bound),FOMC,2015-09-17 19:00:04+00:00,2015-09-17 15:00:04-04:00,2015-09-17,MAPPED,True
9530,Natl CPI YoY,JPY National CPI,2015-09-25 00:30:04+00:00,2015-09-24 20:30:04-04:00,2015-09-25,MAPPED,True
9553,Change in Nonfarm Payrolls,US Employment,2015-10-02 13:30:01+00:00,2015-10-02 09:30:01-04:00,2015-10-02,MAPPED,True
9554,Unemployment Rate,US Employment,2015-10-02 13:30:05+00:00,2015-10-02 09:30:05-04:00,2015-10-02,MAPPED,True
9558,BOJ Target Rate,BoJ,2015-10-07 04:00:00+00:00,2015-10-07 00:00:00-04:00,2015-10-07,MAPPED,True
9572,CPI MoM,US CPI,2015-10-15 13:30:04+00:00,2015-10-15 09:30:04-04:00,2015-10-15,MAPPED,True
9573,CPI YoY,US CPI,2015-10-15 13:30:06+00:00,2015-10-15 09:30:06-04:00,2015-10-15,MAPPED,True
9587,FOMC Rate Decision (Upper Bound),FOMC,2015-10-28 18:00:04+00:00,2015-10-28 14:00:04-04:00,2015-10-28,MAPPED,True
9593,Natl CPI YoY,JPY National CPI,2015-10-29 23:30:04+00:00,2015-10-29 19:30:04-04:00,2015-10-30,MAPPED,True
9595,BOJ Target Rate,BoJ,2015-10-30 03:22:00+00:00,2015-10-29 23:22:00-04:00,2015-10-30,MAPPED,True
9610,Change in Nonfarm Payrolls,US Employment,2015-11-06 13:30:01+00:00,2015-11-06 08:30:01-05:00,2015-11-06,MAPPED,True
9611,Unemployment Rate,US Employment,2015-11-06 13:30:05+00:00,2015-11-06 08:30:05-05:00,2015-11-06,MAPPED,True
9623,GDP SA QoQ,JPY GDP,2015-11-15 23:50:04+00:00,2015-11-15 18:50:04-05:00,2015-11-16,MAPPED,True
9624,GDP Annualized SA QoQ,JPY GDP,2015-11-15 23:50:05+00:00,2015-11-15 18:50:05-05:00,2015-11-16,MAPPED,True
9625,GDP Deflator YoY,JPY GDP,2015-11-15 23:50:07+00:00,2015-11-15 18:50:07-05:00,2015-11-16,MAPPED,True
9627,CPI MoM,US CPI,2015-11-17 13:30:04+00:00,2015-11-17 08:30:04-05:00,2015-11-17,MAPPED,True
9628,CPI YoY,US CPI,2015-11-17 13:30:06+00:00,2015-11-17 08:30:06-05:00,2015-11-17,MAPPED,True
9632,BOJ Target Rate,BoJ,2015-11-19 03:17:00+00:00,2015-11-18 22:17:00-05:00,2015-11-19,MAPPED,True
9649,Natl CPI YoY,JPY National CPI,2015-11-26 23:30:04+00:00,2015-11-26 18:30:04-05:00,2015-11-27,MAPPED,True
9664,Change in Nonfarm Payrolls,US Employment,2015-12-04 13:30:01+00:00,2015-12-04 08:30:01-05:00,2015-12-04,MAPPED,True
9665,Unemployment Rate,US Employment,2015-12-04 13:30:05+00:00,2015-12-04 08:30:05-05:00,2015-12-04,MAPPED,True
9667,GDP SA QoQ,JPY GDP,2015-12-07 23:50:01+00:00,2015-12-07 18:50:01-05:00,2015-12-08,MAPPED,True
9668,GDP Annualized SA QoQ,JPY GDP,2015-12-07 23:50:02+00:00,2015-12-07 18:50:02-05:00,2015-12-08,MAPPED,True
9669,GDP Deflator YoY,JPY GDP,2015-12-07 23:50:04+00:00,2015-12-07 18:50:04-05:00,2015-12-08,MAPPED,True
9687,CPI MoM,US CPI,2015-12-15 13:30:04+00:00,2015-12-15 08:30:04-05:00,2015-12-15,MAPPED,True
9688,CPI YoY,US CPI,2015-12-15 13:30:06+00:00,2015-12-15 08:30:06-05:00,2015-12-15,MAPPED,True
9694,FOMC Rate Decision (Upper Bound),FOMC,2015-12-16 19:00:04+00:00,2015-12-16 14:00:04-05:00,2015-12-16,MAPPED,True
9697,BOJ Target Rate,BoJ,2015-12-18 03:50:00+00:00,2015-12-17 22:50:00-05:00,2015-12-18,MAPPED,True
9709,Natl CPI YoY,JPY National CPI,2015-12-24 23:30:04+00:00,2015-12-24 18:30:04-05:00,2015-12-25,MAPPED,True
9726,Change in Nonfarm Payrolls,US Employment,2016-01-08 13:30:02+00:00,2016-01-08 08:30:02-05:00,2016-01-08,MAPPED,True
9727,Unemployment Rate,US Employment,2016-01-08 13:30:06+00:00,2016-01-08 08:30:06-05:00,2016-01-08,MAPPED,True
9743,CPI MoM,US CPI,2016-01-20 13:30:05+00:00,2016-01-20 08:30:05-05:00,2016-01-20,MAPPED,True
9744,CPI YoY,US CPI,2016-01-20 13:30:07+00:00,2016-01-20 08:30:07-05:00,2016-01-20,MAPPED,True
9753,FOMC Rate Decision (Upper Bound),FOMC,2016-01-27 19:00:04+00:00,2016-01-27 14:00:04-05:00,2016-01-27,MAPPED,True
9758,Natl CPI YoY,JPY National CPI,2016-01-28 23:30:04+00:00,2016-01-28 18:30:04-05:00,2016-01-29,MAPPED,True
9761,BOJ Target Rate,BoJ,2016-01-29 03:38:00+00:00,2016-01-28 22:38:00-05:00,2016-01-29,MAPPED,True
9778,Change in Nonfarm Payrolls,US Employment,2016-02-05 13:30:02+00:00,2016-02-05 08:30:02-05:00,2016-02-05,MAPPED,True
9779,Unemployment Rate,US Employment,2016-02-05 13:30:06+00:00,2016-02-05 08:30:06-05:00,2016-02-05,MAPPED,True
9787,GDP SA QoQ,JPY GDP,2016-02-14 23:50:01+00:00,2016-02-14 18:50:01-05:00,2016-02-15,MAPPED,True
9788,GDP Annualized SA QoQ,JPY GDP,2016-02-14 23:50:02+00:00,2016-02-14 18:50:02-05:00,2016-02-15,MAPPED,True
9789,GDP Deflator YoY,JPY GDP,2016-02-14 23:50:04+00:00,2016-02-14 18:50:04-05:00,2016-02-15,MAPPED,True
9800,CPI MoM,US CPI,2016-02-19 13:30:05+00:00,2016-02-19 08:30:05-05:00,2016-02-19,MAPPED,True
9801,CPI YoY,US CPI,2016-02-19 13:30:07+00:00,2016-02-19 08:30:07-05:00,2016-02-19,MAPPED,True
9810,Natl CPI YoY,JPY National CPI,2016-02-25 23:30:04+00:00,2016-02-25 18:30:04-05:00,2016-02-26,MAPPED,True
9832,Change in Nonfarm Payrolls,US Employment,2016-03-04 13:30:02+00:00,2016-03-04 08:30:02-05:00,2016-03-04,MAPPED,True
9833,Unemployment Rate,US Employment,2016-03-04 13:30:06+00:00,2016-03-04 08:30:06-05:00,2016-03-04,MAPPED,True
9834,GDP SA QoQ,JPY GDP,2016-03-07 23:50:01+00:00,2016-03-07 18:50:01-05:00,2016-03-08,MAPPED,True
9835,GDP Annualized SA QoQ,JPY GDP,2016-03-07 23:50:02+00:00,2016-03-07 18:50:02-05:00,2016-03-08,MAPPED,True
9836,GDP Deflator YoY,JPY GDP,2016-03-07 23:50:04+00:00,2016-03-07 18:50:04-05:00,2016-03-08,MAPPED,True
9843,BOJ Target Rate,BoJ,2016-03-15 03:35:00+00:00,2016-03-14 23:35:00-04:00,2016-03-15,MAPPED,True
9851,CPI MoM,US CPI,2016-03-16 12:30:05+00:00,2016-03-16 08:30:05-04:00,2016-03-16,MAPPED,True
9852,CPI YoY,US CPI,2016-03-16 12:30:07+00:00,2016-03-16 08:30:07-04:00,2016-03-16,MAPPED,True
9854,FOMC Rate Decision (Upper Bound),FOMC,2016-03-16 18:00:04+00:00,2016-03-16 14:00:04-04:00,2016-03-16,MAPPED,True
9865,Natl CPI YoY,JPY National CPI,2016-03-24 23:30:04+00:00,2016-03-24 19:30:04-04:00,2016-03-25,MAPPED,True
9884,Change in Nonfarm Payrolls,US Employment,2016-04-01 13:30:02+00:00,2016-04-01 09:30:02-04:00,2016-04-01,MAPPED,True
9885,Unemployment Rate,US Employment,2016-04-01 13:30:06+00:00,2016-04-01 09:30:06-04:00,2016-04-01,MAPPED,True
9904,CPI MoM,US CPI,2016-04-14 13:30:05+00:00,2016-04-14 09:30:05-04:00,2016-04-14,MAPPED,True
9905,CPI YoY,US CPI,2016-04-14 13:30:07+00:00,2016-04-14 09:30:07-04:00,2016-04-14,MAPPED,True
9922,FOMC Rate Decision (Upper Bound),FOMC,2016-04-27 19:00:00+00:00,2016-04-27 15:00:00-04:00,2016-04-27,MAPPED,True
9925,Natl CPI YoY,JPY National CPI,2016-04-28 00:30:04+00:00,2016-04-27 20:30:04-04:00,2016-04-28,MAPPED,True
9928,BOJ Target Rate,BoJ,2016-04-28 04:01:00+00:00,2016-04-28 00:01:00-04:00,2016-04-28,MAPPED,True
9946,Change in Nonfarm Payrolls,US Employment,2016-05-06 13:30:02+00:00,2016-05-06 09:30:02-04:00,2016-05-06,MAPPED,True
9947,Unemployment Rate,US Employment,2016-05-06 13:30:06+00:00,2016-05-06 09:30:06-04:00,2016-05-06,MAPPED,True
9960,CPI MoM,US CPI,2016-05-17 13:30:05+00:00,2016-05-17 09:30:05-04:00,2016-05-17,MAPPED,True
9961,CPI YoY,US CPI,2016-05-17 13:30:07+00:00,2016-05-17 09:30:07-04:00,2016-05-17,MAPPED,True
9963,GDP SA QoQ,JPY GDP,2016-05-18 00:50:01+00:00,2016-05-17 20:50:01-04:00,2016-05-18,MAPPED,True
9964,GDP Annualized SA QoQ,JPY GDP,2016-05-18 00:50:02+00:00,2016-05-17 20:50:02-04:00,2016-05-18,MAPPED,True
9965,GDP Deflator YoY,JPY GDP,2016-05-18 00:50:04+00:00,2016-05-17 20:50:04-04:00,2016-05-18,MAPPED,True
9977,Natl CPI YoY,JPY National CPI,2016-05-27 00:30:04+00:00,2016-05-26 20:30:04-04:00,2016-05-27,MAPPED,True
9997,Change in Nonfarm Payrolls,US Employment,2016-06-03 13:30:02+00:00,2016-06-03 09:30:02-04:00,2016-06-03,MAPPED,True
9998,Unemployment Rate,US Employment,2016-06-03 13:30:06+00:00,2016-06-03 09:30:06-04:00,2016-06-03,MAPPED,True
10003,GDP SA QoQ,JPY GDP,2016-06-08 00:50:04+00:00,2016-06-07 20:50:04-04:00,2016-06-08,MAPPED,True
10004,GDP Annualized SA QoQ,JPY GDP,2016-06-08 00:50:05+00:00,2016-06-07 20:50:05-04:00,2016-06-08,MAPPED,True
10005,GDP Deflator YoY,JPY GDP,2016-06-08 00:50:07+00:00,2016-06-07 20:50:07-04:00,2016-06-08,MAPPED,True
10019,FOMC Rate Decision (Upper Bound),FOMC,2016-06-15 19:00:00+00:00,2016-06-15 15:00:00-04:00,2016-06-15,MAPPED,True
10020,BOJ Target Rate,BoJ,2016-06-16 03:45:00+00:00,2016-06-15 23:45:00-04:00,2016-06-16,MAPPED,True
10022,CPI MoM,US CPI,2016-06-16 13:30:05+00:00,2016-06-16 09:30:05-04:00,2016-06-16,MAPPED,True
10023,CPI YoY,US CPI,2016-06-16 13:30:07+00:00,2016-06-16 09:30:07-04:00,2016-06-16,MAPPED,True
10044,Natl CPI YoY,JPY National CPI,2016-07-01 00:30:04+00:00,2016-06-30 20:30:04-04:00,2016-07-01,MAPPED,True
10063,Change in Nonfarm Payrolls,US Employment,2016-07-08 13:30:02+00:00,2016-07-08 09:30:02-04:00,2016-07-08,MAPPED,True
10064,Unemployment Rate,US Employment,2016-07-08 13:30:06+00:00,2016-07-08 09:30:06-04:00,2016-07-08,MAPPED,True
10074,CPI MoM,US CPI,2016-07-15 13:30:05+00:00,2016-07-15 09:30:05-04:00,2016-07-15,MAPPED,True
10075,CPI YoY,US CPI,2016-07-15 13:30:07+00:00,2016-07-15 09:30:07-04:00,2016-07-15,MAPPED,True
10090,FOMC Rate Decision (Upper Bound),FOMC,2016-07-27 19:00:00+00:00,2016-07-27 15:00:00-04:00,2016-07-27,MAPPED,True
10094,Natl CPI YoY,JPY National CPI,2016-07-29 00:30:04+00:00,2016-07-28 20:30:04-04:00,2016-07-29,MAPPED,True
10097,BOJ Target Rate,BoJ,2016-07-29 04:44:00+00:00,2016-07-29 00:44:00-04:00,2016-07-29,MAPPED,True
10114,Change in Nonfarm Payrolls,US Employment,2016-08-05 13:30:02+00:00,2016-08-05 09:30:02-04:00,2016-08-05,MAPPED,True
10115,Unemployment Rate,US Employment,2016-08-05 13:30:06+00:00,2016-08-05 09:30:06-04:00,2016-08-05,MAPPED,True
10126,GDP SA QoQ,JPY GDP,2016-08-15 00:50:04+00:00,2016-08-14 20:50:04-04:00,2016-08-15,MAPPED,True
10127,GDP Annualized SA QoQ,JPY GDP,2016-08-15 00:50:05+00:00,2016-08-14 20:50:05-04:00,2016-08-15,MAPPED,True
10128,GDP Deflator YoY,JPY GDP,2016-08-15 00:50:07+00:00,2016-08-14 20:50:07-04:00,2016-08-15,MAPPED,True
10132,CPI MoM,US CPI,2016-08-16 13:30:05+00:00,2016-08-16 09:30:05-04:00,2016-08-16,MAPPED,True
10133,CPI YoY,US CPI,2016-08-16 13:30:07+00:00,2016-08-16 09:30:07-04:00,2016-08-16,MAPPED,True
10145,Natl CPI YoY,JPY National CPI,2016-08-26 00:30:04+00:00,2016-08-25 20:30:04-04:00,2016-08-26,MAPPED,True
10166,Change in Nonfarm Payrolls,US Employment,2016-09-02 13:30:02+00:00,2016-09-02 09:30:02-04:00,2016-09-02,MAPPED,True
10167,Unemployment Rate,US Employment,2016-09-02 13:30:06+00:00,2016-09-02 09:30:06-04:00,2016-09-02,MAPPED,True
10173,GDP SA QoQ,JPY GDP,2016-09-08 00:50:04+00:00,2016-09-07 20:50:04-04:00,2016-09-08,MAPPED,True
10174,GDP Annualized SA QoQ,JPY GDP,2016-09-08 00:50:05+00:00,2016-09-07 20:50:05-04:00,2016-09-08,MAPPED,True
10175,GDP Deflator YoY,JPY GDP,2016-09-08 00:50:07+00:00,2016-09-07 20:50:07-04:00,2016-09-08,MAPPED,True
10188,CPI MoM,US CPI,2016-09-16 13:30:05+00:00,2016-09-16 09:30:05-04:00,2016-09-16,MAPPED,True
10189,CPI YoY,US CPI,2016-09-16 13:30:07+00:00,2016-09-16 09:30:07-04:00,2016-09-16,MAPPED,True
10192,BOJ Target Rate,BoJ,2016-09-21 05:18:00+00:00,2016-09-21 01:18:00-04:00,2016-09-21,MAPPED,True
10194,FOMC Rate Decision (Upper Bound),FOMC,2016-09-21 19:00:00+00:00,2016-09-21 15:00:00-04:00,2016-09-21,MAPPED,True
10209,Natl CPI YoY,JPY National CPI,2016-09-30 00:30:04+00:00,2016-09-29 20:30:04-04:00,2016-09-30,MAPPED,True
10232,Change in Nonfarm Payrolls,US Employment,2016-10-07 13:30:02+00:00,2016-10-07 09:30:02-04:00,2016-10-07,MAPPED,True
10233,Unemployment Rate,US Employment,2016-10-07 13:30:06+00:00,2016-10-07 09:30:06-04:00,2016-10-07,MAPPED,True
10247,CPI MoM,US CPI,2016-10-18 13:30:05+00:00,2016-10-18 09:30:05-04:00,2016-10-18,MAPPED,True
10248,CPI YoY,US CPI,2016-10-18 13:30:07+00:00,2016-10-18 09:30:07-04:00,2016-10-18,MAPPED,True
10264,Natl CPI YoY,JPY National CPI,2016-10-28 00:30:04+00:00,2016-10-27 20:30:04-04:00,2016-10-28,MAPPED,True
10273,BOJ Target Rate,BoJ,2016-11-01 02:55:00+00:00,2016-10-31 22:55:00-04:00,2016-11-01,MAPPED,True
10279,FOMC Rate Decision (Upper Bound),FOMC,2016-11-02 18:00:00+00:00,2016-11-02 14:00:00-04:00,2016-11-02,MAPPED,True
10285,Change in Nonfarm Payrolls,US Employment,2016-11-04 12:30:02+00:00,2016-11-04 08:30:02-04:00,2016-11-04,MAPPED,True
10286,Unemployment Rate,US Employment,2016-11-04 12:30:06+00:00,2016-11-04 08:30:06-04:00,2016-11-04,MAPPED,True
10295,GDP SA QoQ,JPY GDP,2016-11-13 23:50:04+00:00,2016-11-13 18:50:04-05:00,2016-11-14,MAPPED,True
10296,GDP Annualized SA QoQ,JPY GDP,2016-11-13 23:50:05+00:00,2016-11-13 18:50:05-05:00,2016-11-14,MAPPED,True
10297,GDP Deflator YoY,JPY GDP,2016-11-13 23:50:07+00:00,2016-11-13 18:50:07-05:00,2016-11-14,MAPPED,True
10305,CPI MoM,US CPI,2016-11-17 13:30:05+00:00,2016-11-17 08:30:05-05:00,2016-11-17,MAPPED,True
10306,CPI YoY,US CPI,2016-11-17 13:30:07+00:00,2016-11-17 08:30:07-05:00,2016-11-17,MAPPED,True
10317,Natl CPI YoY,JPY National CPI,2016-11-24 23:30:04+00:00,2016-11-24 18:30:04-05:00,2016-11-25,MAPPED,True
10336,Change in Nonfarm Payrolls,US Employment,2016-12-02 13:30:01+00:00,2016-12-02 08:30:01-05:00,2016-12-02,MAPPED,True
10337,Unemployment Rate,US Employment,2016-12-02 13:30:05+00:00,2016-12-02 08:30:05-05:00,2016-12-02,MAPPED,True
10344,GDP SA QoQ,JPY GDP,2016-12-07 23:50:04+00:00,2016-12-07 18:50:04-05:00,2016-12-08,MAPPED,True
10345,GDP Annualized SA QoQ,JPY GDP,2016-12-07 23:50:05+00:00,2016-12-07 18:50:05-05:00,2016-12-08,MAPPED,True
10346,GDP Deflator YoY,JPY GDP,2016-12-07 23:50:07+00:00,2016-12-07 18:50:07-05:00,2016-12-08,MAPPED,True
10363,FOMC Rate Decision (Upper Bound),FOMC,2016-12-14 19:00:00+00:00,2016-12-14 14:00:00-05:00,2016-12-14,MAPPED,True
10366,CPI MoM,US CPI,2016-12-15 13:30:03+00:00,2016-12-15 08:30:03-05:00,2016-12-15,MAPPED,True
10367,CPI YoY,US CPI,2016-12-15 13:30:05+00:00,2016-12-15 08:30:05-05:00,2016-12-15,MAPPED,True
10371,BOJ Target Rate,BoJ,2016-12-20 02:51:00+00:00,2016-12-19 21:51:00-05:00,2016-12-20,MAPPED,True
10384,Natl CPI YoY,JPY National CPI,2016-12-26 23:30:04+00:00,2016-12-26 18:30:04-05:00,2016-12-27,MAPPED,True
10400,Change in Nonfarm Payrolls,US Employment,2017-01-06 13:30:01+00:00,2017-01-06 08:30:01-05:00,2017-01-06,MAPPED,True
10401,Unemployment Rate,US Employment,2017-01-06 13:30:05+00:00,2017-01-06 08:30:05-05:00,2017-01-06,MAPPED,True
10417,CPI MoM,US CPI,2017-01-18 13:30:01+00:00,2017-01-18 08:30:01-05:00,2017-01-18,MAPPED,True
10418,CPI YoY,US CPI,2017-01-18 13:30:03+00:00,2017-01-18 08:30:03-05:00,2017-01-18,MAPPED,True
10430,Natl CPI YoY,JPY National CPI,2017-01-26 23:30:04+00:00,2017-01-26 18:30:04-05:00,2017-01-27,MAPPED,True
10440,BOJ Target Rate,BoJ,2017-01-31 02:56:00+00:00,2017-01-30 21:56:00-05:00,2017-01-31,MAPPED,True
10449,FOMC Rate Decision (Upper Bound),FOMC,2017-02-01 19:00:00+00:00,2017-02-01 14:00:00-05:00,2017-02-01,MAPPED,True
10451,Change in Nonfarm Payrolls,US Employment,2017-02-03 13:30:01+00:00,2017-02-03 08:30:01-05:00,2017-02-03,MAPPED,True
10452,Unemployment Rate,US Employment,2017-02-03 13:30:05+00:00,2017-02-03 08:30:05-05:00,2017-02-03,MAPPED,True
10465,GDP SA QoQ,JPY GDP,2017-02-12 23:50:04+00:00,2017-02-12 18:50:04-05:00,2017-02-13,MAPPED,True
10466,GDP Annualized SA QoQ,JPY GDP,2017-02-12 23:50:05+00:00,2017-02-12 18:50:05-05:00,2017-02-13,MAPPED,True
10467,GDP Deflator YoY,JPY GDP,2017-02-12 23:50:07+00:00,2017-02-12 18:50:07-05:00,2017-02-13,MAPPED,True
10472,CPI MoM,US CPI,2017-02-15 13:30:02+00:00,2017-02-15 08:30:02-05:00,2017-02-15,MAPPED,True
10473,CPI YoY,US CPI,2017-02-15 13:30:04+00:00,2017-02-15 08:30:04-05:00,2017-02-15,MAPPED,True
10503,Natl CPI YoY,JPY National CPI,2017-03-02 23:30:04+00:00,2017-03-02 18:30:04-05:00,2017-03-03,MAPPED,True
10510,GDP SA QoQ,JPY GDP,2017-03-07 23:50:04+00:00,2017-03-07 18:50:04-05:00,2017-03-08,MAPPED,True
10511,GDP Annualized SA QoQ,JPY GDP,2017-03-07 23:50:05+00:00,2017-03-07 18:50:05-05:00,2017-03-08,MAPPED,True
10512,GDP Deflator YoY,JPY GDP,2017-03-07 23:50:07+00:00,2017-03-07 18:50:07-05:00,2017-03-08,MAPPED,True
10517,Change in Nonfarm Payrolls,US Employment,2017-03-10 13:30:01+00:00,2017-03-10 08:30:01-05:00,2017-03-10,MAPPED,True
10518,Unemployment Rate,US Employment,2017-03-10 13:30:05+00:00,2017-03-10 08:30:05-05:00,2017-03-10,MAPPED,True
10526,CPI MoM,US CPI,2017-03-15 12:30:02+00:00,2017-03-15 08:30:02-04:00,2017-03-15,MAPPED,True
10527,CPI YoY,US CPI,2017-03-15 12:30:04+00:00,2017-03-15 08:30:04-04:00,2017-03-15,MAPPED,True
10529,FOMC Rate Decision (Upper Bound),FOMC,2017-03-15 18:00:00+00:00,2017-03-15 14:00:00-04:00,2017-03-15,MAPPED,True
10530,BOJ Target Rate,BoJ,2017-03-16 02:54:00+00:00,2017-03-15 22:54:00-04:00,2017-03-16,MAPPED,True
10550,Natl CPI YoY,JPY National CPI,2017-03-31 00:30:04+00:00,2017-03-30 20:30:04-04:00,2017-03-31,MAPPED,True
10573,Change in Nonfarm Payrolls,US Employment,2017-04-07 13:30:01+00:00,2017-04-07 09:30:01-04:00,2017-04-07,MAPPED,True
10574,Unemployment Rate,US Employment,2017-04-07 13:30:05+00:00,2017-04-07 09:30:05-04:00,2017-04-07,MAPPED,True
10584,CPI MoM,US CPI,2017-04-14 13:30:02+00:00,2017-04-14 09:30:02-04:00,2017-04-14,MAPPED,True
10585,CPI YoY,US CPI,2017-04-14 13:30:04+00:00,2017-04-14 09:30:04-04:00,2017-04-14,MAPPED,True
10600,BOJ Target Rate,BoJ,2017-04-27 04:14:00+00:00,2017-04-27 00:14:00-04:00,2017-04-27,MAPPED,True
10606,Natl CPI YoY,JPY National CPI,2017-04-28 00:30:04+00:00,2017-04-27 20:30:04-04:00,2017-04-28,MAPPED,True
10621,FOMC Rate Decision (Upper Bound),FOMC,2017-05-03 19:00:00+00:00,2017-05-03 15:00:00-04:00,2017-05-03,MAPPED,True
10626,Change in Nonfarm Payrolls,US Employment,2017-05-05 13:30:01+00:00,2017-05-05 09:30:01-04:00,2017-05-05,MAPPED,True
10627,Unemployment Rate,US Employment,2017-05-05 13:30:05+00:00,2017-05-05 09:30:05-04:00,2017-05-05,MAPPED,True
10633,CPI MoM,US CPI,2017-05-12 13:30:02+00:00,2017-05-12 09:30:02-04:00,2017-05-12,MAPPED,True
10634,CPI YoY,US CPI,2017-05-12 13:30:04+00:00,2017-05-12 09:30:04-04:00,2017-05-12,MAPPED,True
10645,GDP SA QoQ,JPY GDP,2017-05-18 00:50:01+00:00,2017-05-17 20:50:01-04:00,2017-05-18,MAPPED,True
10646,GDP Annualized SA QoQ,JPY GDP,2017-05-18 00:50:02+00:00,2017-05-17 20:50:02-04:00,2017-05-18,MAPPED,True
10647,GDP Deflator YoY,JPY GDP,2017-05-18 00:50:04+00:00,2017-05-17 20:50:04-04:00,2017-05-18,MAPPED,True
10657,Natl CPI YoY,JPY National CPI,2017-05-26 00:30:04+00:00,2017-05-25 20:30:04-04:00,2017-05-26,MAPPED,True
10677,Change in Nonfarm Payrolls,US Employment,2017-06-02 13:30:01+00:00,2017-06-02 09:30:01-04:00,2017-06-02,MAPPED,True
10678,Unemployment Rate,US Employment,2017-06-02 13:30:05+00:00,2017-06-02 09:30:05-04:00,2017-06-02,MAPPED,True
10684,GDP SA QoQ,JPY GDP,2017-06-08 00:50:01+00:00,2017-06-07 20:50:01-04:00,2017-06-08,MAPPED,True
10685,GDP Annualized SA QoQ,JPY GDP,2017-06-08 00:50:02+00:00,2017-06-07 20:50:02-04:00,2017-06-08,MAPPED,True
10686,GDP Deflator YoY,JPY GDP,2017-06-08 00:50:04+00:00,2017-06-07 20:50:04-04:00,2017-06-08,MAPPED,True
10696,CPI MoM,US CPI,2017-06-14 13:30:02+00:00,2017-06-14 09:30:02-04:00,2017-06-14,MAPPED,True
10697,CPI YoY,US CPI,2017-06-14 13:30:04+00:00,2017-06-14 09:30:04-04:00,2017-06-14,MAPPED,True
10699,FOMC Rate Decision (Upper Bound),FOMC,2017-06-14 19:00:00+00:00,2017-06-14 15:00:00-04:00,2017-06-14,MAPPED,True
10703,BOJ Target Rate,BoJ,2017-06-16 03:54:00+00:00,2017-06-15 23:54:00-04:00,2017-06-16,MAPPED,True
10721,Natl CPI YoY,JPY National CPI,2017-06-30 00:30:04+00:00,2017-06-29 20:30:04-04:00,2017-06-30,MAPPED,True
10744,Change in Nonfarm Payrolls,US Employment,2017-07-07 13:30:01+00:00,2017-07-07 09:30:01-04:00,2017-07-07,MAPPED,True
10745,Unemployment Rate,US Employment,2017-07-07 13:30:05+00:00,2017-07-07 09:30:05-04:00,2017-07-07,MAPPED,True
10755,CPI MoM,US CPI,2017-07-14 13:30:02+00:00,2017-07-14 09:30:02-04:00,2017-07-14,MAPPED,True
10756,CPI YoY,US CPI,2017-07-14 13:30:04+00:00,2017-07-14 09:30:04-04:00,2017-07-14,MAPPED,True
10763,BOJ Target Rate,BoJ,2017-07-20 04:10:00+00:00,2017-07-20 00:10:00-04:00,2017-07-20,MAPPED,True
10772,FOMC Rate Decision (Upper Bound),FOMC,2017-07-26 19:00:00+00:00,2017-07-26 15:00:00-04:00,2017-07-26,MAPPED,True
10778,Natl CPI YoY,JPY National CPI,2017-07-28 00:30:04+00:00,2017-07-27 20:30:04-04:00,2017-07-28,MAPPED,True
10796,Change in Nonfarm Payrolls,US Employment,2017-08-04 13:30:01+00:00,2017-08-04 09:30:01-04:00,2017-08-04,MAPPED,True
10797,Unemployment Rate,US Employment,2017-08-04 13:30:05+00:00,2017-08-04 09:30:05-04:00,2017-08-04,MAPPED,True
10807,CPI MoM,US CPI,2017-08-11 13:30:02+00:00,2017-08-11 09:30:02-04:00,2017-08-11,MAPPED,True
10808,CPI YoY,US CPI,2017-08-11 13:30:04+00:00,2017-08-11 09:30:04-04:00,2017-08-11,MAPPED,True
10809,GDP SA QoQ,JPY GDP,2017-08-14 00:50:01+00:00,2017-08-13 20:50:01-04:00,2017-08-14,MAPPED,True
10810,GDP Annualized SA QoQ,JPY GDP,2017-08-14 00:50:02+00:00,2017-08-13 20:50:02-04:00,2017-08-14,MAPPED,True
10811,GDP Deflator YoY,JPY GDP,2017-08-14 00:50:04+00:00,2017-08-13 20:50:04-04:00,2017-08-14,MAPPED,True
10827,Natl CPI YoY,JPY National CPI,2017-08-25 00:30:04+00:00,2017-08-24 20:30:04-04:00,2017-08-25,MAPPED,True
10844,Change in Nonfarm Payrolls,US Employment,2017-09-01 13:30:01+00:00,2017-09-01 09:30:01-04:00,2017-09-01,MAPPED,True
10845,Unemployment Rate,US Employment,2017-09-01 13:30:05+00:00,2017-09-01 09:30:05-04:00,2017-09-01,MAPPED,True
10857,GDP SA QoQ,JPY GDP,2017-09-08 00:50:04+00:00,2017-09-07 20:50:04-04:00,2017-09-08,MAPPED,True
10858,GDP Annualized SA QoQ,JPY GDP,2017-09-08 00:50:05+00:00,2017-09-07 20:50:05-04:00,2017-09-08,MAPPED,True
10859,GDP Deflator YoY,JPY GDP,2017-09-08 00:50:07+00:00,2017-09-07 20:50:07-04:00,2017-09-08,MAPPED,True
10868,CPI MoM,US CPI,2017-09-14 13:30:03+00:00,2017-09-14 09:30:03-04:00,2017-09-14,MAPPED,True
10869,CPI YoY,US CPI,2017-09-14 13:30:05+00:00,2017-09-14 09:30:05-04:00,2017-09-14,MAPPED,True
10877,FOMC Rate Decision (Upper Bound),FOMC,2017-09-20 19:00:00+00:00,2017-09-20 15:00:00-04:00,2017-09-20,MAPPED,True
10878,BOJ Target Rate,BoJ,2017-09-21 04:15:00+00:00,2017-09-21 00:15:00-04:00,2017-09-21,MAPPED,True
10892,Natl CPI YoY,JPY National CPI,2017-09-29 00:30:04+00:00,2017-09-28 20:30:04-04:00,2017-09-29,MAPPED,True
10915,Change in Nonfarm Payrolls,US Employment,2017-10-06 13:30:01+00:00,2017-10-06 09:30:01-04:00,2017-10-06,MAPPED,True
10916,Unemployment Rate,US Employment,2017-10-06 13:30:05+00:00,2017-10-06 09:30:05-04:00,2017-10-06,MAPPED,True
10925,CPI MoM,US CPI,2017-10-13 13:30:03+00:00,2017-10-13 09:30:03-04:00,2017-10-13,MAPPED,True
10926,CPI YoY,US CPI,2017-10-13 13:30:05+00:00,2017-10-13 09:30:05-04:00,2017-10-13,MAPPED,True
10944,Natl CPI YoY,JPY National CPI,2017-10-27 00:30:04+00:00,2017-10-26 20:30:04-04:00,2017-10-27,MAPPED,True
10953,BOJ Target Rate,BoJ,2017-10-31 03:05:00+00:00,2017-10-30 23:05:00-04:00,2017-10-31,MAPPED,True
10962,FOMC Rate Decision (Upper Bound),FOMC,2017-11-01 18:00:00+00:00,2017-11-01 14:00:00-04:00,2017-11-01,MAPPED,True
10964,Change in Nonfarm Payrolls,US Employment,2017-11-03 12:30:01+00:00,2017-11-03 08:30:01-04:00,2017-11-03,MAPPED,True
10965,Unemployment Rate,US Employment,2017-11-03 12:30:05+00:00,2017-11-03 08:30:05-04:00,2017-11-03,MAPPED,True
10979,GDP SA QoQ,JPY GDP,2017-11-14 23:50:04+00:00,2017-11-14 18:50:04-05:00,2017-11-15,MAPPED,True
10980,GDP Annualized SA QoQ,JPY GDP,2017-11-14 23:50:05+00:00,2017-11-14 18:50:05-05:00,2017-11-15,MAPPED,True
10981,GDP Deflator YoY,JPY GDP,2017-11-14 23:50:07+00:00,2017-11-14 18:50:07-05:00,2017-11-15,MAPPED,True
10984,CPI MoM,US CPI,2017-11-15 13:30:01+00:00,2017-11-15 08:30:01-05:00,2017-11-15,MAPPED,True
10985,CPI YoY,US CPI,2017-11-15 13:30:03+00:00,2017-11-15 08:30:03-05:00,2017-11-15,MAPPED,True
11011,Natl CPI YoY,JPY National CPI,2017-11-30 23:30:04+00:00,2017-11-30 18:30:04-05:00,2017-12-01,MAPPED,True
11026,GDP SA QoQ,JPY GDP,2017-12-07 23:50:04+00:00,2017-12-07 18:50:04-05:00,2017-12-08,MAPPED,True
11027,GDP Annualized SA QoQ,JPY GDP,2017-12-07 23:50:05+00:00,2017-12-07 18:50:05-05:00,2017-12-08,MAPPED,True
11028,GDP Deflator YoY,JPY GDP,2017-12-07 23:50:07+00:00,2017-12-07 18:50:07-05:00,2017-12-08,MAPPED,True
11029,Change in Nonfarm Payrolls,US Employment,2017-12-08 13:30:01+00:00,2017-12-08 08:30:01-05:00,2017-12-08,MAPPED,True
11030,Unemployment Rate,US Employment,2017-12-08 13:30:05+00:00,2017-12-08 08:30:05-05:00,2017-12-08,MAPPED,True
11038,CPI MoM,US CPI,2017-12-13 13:30:01+00:00,2017-12-13 08:30:01-05:00,2017-12-13,MAPPED,True
11039,CPI YoY,US CPI,2017-12-13 13:30:03+00:00,2017-12-13 08:30:03-05:00,2017-12-13,MAPPED,True
11040,FOMC Rate Decision (Upper Bound),FOMC,2017-12-13 19:00:00+00:00,2017-12-13 14:00:00-05:00,2017-12-13,MAPPED,True
11056,BOJ Target Rate,BoJ,2017-12-21 02:46:00+00:00,2017-12-20 21:46:00-05:00,2017-12-21,MAPPED,True
11067,Natl CPI YoY,JPY National CPI,2017-12-25 23:30:04+00:00,2017-12-25 18:30:04-05:00,2017-12-26,MAPPED,True
11081,Change in Nonfarm Payrolls,US Employment,2018-01-05 13:30:02+00:00,2018-01-05 08:30:02-05:00,2018-01-05,MAPPED,True
11082,Unemployment Rate,US Employment,2018-01-05 13:30:06+00:00,2018-01-05 08:30:06-05:00,2018-01-05,MAPPED,True
11092,CPI MoM,US CPI,2018-01-12 13:30:01+00:00,2018-01-12 08:30:01-05:00,2018-01-12,MAPPED,True
11093,CPI YoY,US CPI,2018-01-12 13:30:03+00:00,2018-01-12 08:30:03-05:00,2018-01-12,MAPPED,True
11105,BOJ Target Rate,BoJ,2018-01-23 03:14:00+00:00,2018-01-22 22:14:00-05:00,2018-01-23,MAPPED,True
11113,Natl CPI YoY,JPY National CPI,2018-01-25 23:30:04+00:00,2018-01-25 18:30:04-05:00,2018-01-26,MAPPED,True
11127,FOMC Rate Decision (Upper Bound),FOMC,2018-01-31 19:00:00+00:00,2018-01-31 14:00:00-05:00,2018-01-31,MAPPED,True
11133,Change in Nonfarm Payrolls,US Employment,2018-02-02 13:30:02+00:00,2018-02-02 08:30:02-05:00,2018-02-02,MAPPED,True
11134,Unemployment Rate,US Employment,2018-02-02 13:30:06+00:00,2018-02-02 08:30:06-05:00,2018-02-02,MAPPED,True
11146,GDP SA QoQ,JPY GDP,2018-02-13 23:50:04+00:00,2018-02-13 18:50:04-05:00,2018-02-14,MAPPED,True
11147,GDP Annualized SA QoQ,JPY GDP,2018-02-13 23:50:05+00:00,2018-02-13 18:50:05-05:00,2018-02-14,MAPPED,True
11148,GDP Deflator YoY,JPY GDP,2018-02-13 23:50:07+00:00,2018-02-13 18:50:07-05:00,2018-02-14,MAPPED,True
11150,CPI MoM,US CPI,2018-02-14 13:30:01+00:00,2018-02-14 08:30:01-05:00,2018-02-14,MAPPED,True
11151,CPI YoY,US CPI,2018-02-14 13:30:03+00:00,2018-02-14 08:30:03-05:00,2018-02-14,MAPPED,True
11167,Natl CPI YoY,JPY National CPI,2018-02-22 23:30:04+00:00,2018-02-22 18:30:04-05:00,2018-02-23,MAPPED,True
11195,GDP SA QoQ,JPY GDP,2018-03-07 23:50:08+00:00,2018-03-07 18:50:08-05:00,2018-03-08,MAPPED,True
11196,GDP Annualized SA QoQ,JPY GDP,2018-03-07 23:50:09+00:00,2018-03-07 18:50:09-05:00,2018-03-08,MAPPED,True
11197,GDP Deflator YoY,JPY GDP,2018-03-07 23:50:11+00:00,2018-03-07 18:50:11-05:00,2018-03-08,MAPPED,True
11199,BOJ Target Rate,BoJ,2018-03-09 02:46:00+00:00,2018-03-08 21:46:00-05:00,2018-03-09,MAPPED,True
11200,Change in Nonfarm Payrolls,US Employment,2018-03-09 13:30:02+00:00,2018-03-09 08:30:02-05:00,2018-03-09,MAPPED,True
11201,Unemployment Rate,US Employment,2018-03-09 13:30:06+00:00,2018-03-09 08:30:06-05:00,2018-03-09,MAPPED,True
11205,CPI MoM,US CPI,2018-03-13 12:30:01+00:00,2018-03-13 08:30:01-04:00,2018-03-13,MAPPED,True
11206,CPI YoY,US CPI,2018-03-13 12:30:03+00:00,2018-03-13 08:30:03-04:00,2018-03-13,MAPPED,True
11219,FOMC Rate Decision (Upper Bound),FOMC,2018-03-21 18:00:00+00:00,2018-03-21 14:00:00-04:00,2018-03-21,MAPPED,True
11224,Natl CPI YoY,JPY National CPI,2018-03-22 23:30:04+00:00,2018-03-22 19:30:04-04:00,2018-03-23,MAPPED,True
11256,Change in Nonfarm Payrolls,US Employment,2018-04-06 13:30:02+00:00,2018-04-06 09:30:02-04:00,2018-04-06,MAPPED,True
11257,Unemployment Rate,US Employment,2018-04-06 13:30:06+00:00,2018-04-06 09:30:06-04:00,2018-04-06,MAPPED,True
11264,CPI MoM,US CPI,2018-04-11 13:30:01+00:00,2018-04-11 09:30:01-04:00,2018-04-11,MAPPED,True
11265,CPI YoY,US CPI,2018-04-11 13:30:03+00:00,2018-04-11 09:30:03-04:00,2018-04-11,MAPPED,True
11276,Natl CPI YoY,JPY National CPI,2018-04-20 00:30:00+00:00,2018-04-19 20:30:00-04:00,2018-04-20,MAPPED,True
11291,BOJ Target Rate,BoJ,2018-04-27 04:03:00+00:00,2018-04-27 00:03:00-04:00,2018-04-27,MAPPED,True
11303,FOMC Rate Decision (Upper Bound),FOMC,2018-05-02 19:00:00+00:00,2018-05-02 15:00:00-04:00,2018-05-02,MAPPED,True
11309,Change in Nonfarm Payrolls,US Employment,2018-05-04 13:30:02+00:00,2018-05-04 09:30:02-04:00,2018-05-04,MAPPED,True
11310,Unemployment Rate,US Employment,2018-05-04 13:30:06+00:00,2018-05-04 09:30:06-04:00,2018-05-04,MAPPED,True
11316,CPI MoM,US CPI,2018-05-10 13:30:03+00:00,2018-05-10 09:30:03-04:00,2018-05-10,MAPPED,True
11317,CPI YoY,US CPI,2018-05-10 13:30:05+00:00,2018-05-10 09:30:05-04:00,2018-05-10,MAPPED,True
11323,GDP SA QoQ,JPY GDP,2018-05-16 00:50:08+00:00,2018-05-15 20:50:08-04:00,2018-05-16,MAPPED,True
11324,GDP Annualized SA QoQ,JPY GDP,2018-05-16 00:50:09+00:00,2018-05-15 20:50:09-04:00,2018-05-16,MAPPED,True
11325,GDP Deflator YoY,JPY GDP,2018-05-16 00:50:11+00:00,2018-05-15 20:50:11-04:00,2018-05-16,MAPPED,True
11333,Natl CPI YoY,JPY National CPI,2018-05-18 00:30:00+00:00,2018-05-17 20:30:00-04:00,2018-05-18,MAPPED,True
11357,Change in Nonfarm Payrolls,US Employment,2018-06-01 13:30:02+00:00,2018-06-01 09:30:02-04:00,2018-06-01,MAPPED,True
11358,Unemployment Rate,US Employment,2018-06-01 13:30:06+00:00,2018-06-01 09:30:06-04:00,2018-06-01,MAPPED,True
11369,GDP SA QoQ,JPY GDP,2018-06-08 00:50:08+00:00,2018-06-07 20:50:08-04:00,2018-06-08,MAPPED,True
11370,GDP Annualized SA QoQ,JPY GDP,2018-06-08 00:50:09+00:00,2018-06-07 20:50:09-04:00,2018-06-08,MAPPED,True
11371,GDP Deflator YoY,JPY GDP,2018-06-08 00:50:11+00:00,2018-06-07 20:50:11-04:00,2018-06-08,MAPPED,True
11376,CPI MoM,US CPI,2018-06-12 13:30:03+00:00,2018-06-12 09:30:03-04:00,2018-06-12,MAPPED,True
11377,CPI YoY,US CPI,2018-06-12 13:30:05+00:00,2018-06-12 09:30:05-04:00,2018-06-12,MAPPED,True
11380,FOMC Rate Decision (Upper Bound),FOMC,2018-06-13 19:00:00+00:00,2018-06-13 15:00:00-04:00,2018-06-13,MAPPED,True
11384,BOJ Target Rate,BoJ,2018-06-15 03:41:00+00:00,2018-06-14 23:41:00-04:00,2018-06-15,MAPPED,True
11393,Natl CPI YoY,JPY National CPI,2018-06-22 00:30:00+00:00,2018-06-21 20:30:00-04:00,2018-06-22,MAPPED,True
11427,Change in Nonfarm Payrolls,US Employment,2018-07-06 13:30:02+00:00,2018-07-06 09:30:02-04:00,2018-07-06,MAPPED,True
11428,Unemployment Rate,US Employment,2018-07-06 13:30:06+00:00,2018-07-06 09:30:06-04:00,2018-07-06,MAPPED,True
11437,CPI MoM,US CPI,2018-07-12 13:30:03+00:00,2018-07-12 09:30:03-04:00,2018-07-12,MAPPED,True
11438,CPI YoY,US CPI,2018-07-12 13:30:05+00:00,2018-07-12 09:30:05-04:00,2018-07-12,MAPPED,True
11448,Natl CPI YoY,JPY National CPI,2018-07-20 00:30:00+00:00,2018-07-19 20:30:00-04:00,2018-07-20,MAPPED,True
11463,BOJ Target Rate,BoJ,2018-07-31 05:03:00+00:00,2018-07-31 01:03:00-04:00,2018-07-31,MAPPED,True
11474,FOMC Rate Decision (Upper Bound),FOMC,2018-08-01 19:00:00+00:00,2018-08-01 15:00:00-04:00,2018-08-01,MAPPED,True
11479,Change in Nonfarm Payrolls,US Employment,2018-08-03 13:30:02+00:00,2018-08-03 09:30:02-04:00,2018-08-03,MAPPED,True
11480,Unemployment Rate,US Employment,2018-08-03 13:30:06+00:00,2018-08-03 09:30:06-04:00,2018-08-03,MAPPED,True
11489,GDP Deflator YoY,JPY GDP,2018-08-10 00:50:00+00:00,2018-08-09 20:50:00-04:00,2018-08-10,MAPPED,True
11490,GDP SA QoQ,JPY GDP,2018-08-10 00:50:00+00:00,2018-08-09 20:50:00-04:00,2018-08-10,MAPPED,True
11491,GDP Annualized SA QoQ,JPY GDP,2018-08-10 00:50:00+00:00,2018-08-09 20:50:00-04:00,2018-08-10,MAPPED,True
11493,CPI MoM,US CPI,2018-08-10 13:30:03+00:00,2018-08-10 09:30:03-04:00,2018-08-10,MAPPED,True
11494,CPI YoY,US CPI,2018-08-10 13:30:05+00:00,2018-08-10 09:30:05-04:00,2018-08-10,MAPPED,True
11510,Natl CPI YoY,JPY National CPI,2018-08-24 00:30:00+00:00,2018-08-23 20:30:00-04:00,2018-08-24,MAPPED,True
11537,Change in Nonfarm Payrolls,US Employment,2018-09-07 13:30:02+00:00,2018-09-07 09:30:02-04:00,2018-09-07,MAPPED,True
11538,Unemployment Rate,US Employment,2018-09-07 13:30:06+00:00,2018-09-07 09:30:06-04:00,2018-09-07,MAPPED,True
11539,GDP Annualized SA QoQ,JPY GDP,2018-09-10 00:50:00+00:00,2018-09-09 20:50:00-04:00,2018-09-10,MAPPED,True
11540,GDP SA QoQ,JPY GDP,2018-09-10 00:50:00+00:00,2018-09-09 20:50:00-04:00,2018-09-10,MAPPED,True
11541,GDP Deflator YoY,JPY GDP,2018-09-10 00:50:00+00:00,2018-09-09 20:50:00-04:00,2018-09-10,MAPPED,True
11549,CPI MoM,US CPI,2018-09-13 13:30:01+00:00,2018-09-13 09:30:01-04:00,2018-09-13,MAPPED,True
11550,CPI YoY,US CPI,2018-09-13 13:30:03+00:00,2018-09-13 09:30:03-04:00,2018-09-13,MAPPED,True
11557,BOJ Target Rate,BoJ,2018-09-19 03:47:00+00:00,2018-09-18 23:47:00-04:00,2018-09-19,MAPPED,True
11563,Natl CPI YoY,JPY National CPI,2018-09-21 00:30:00+00:00,2018-09-20 20:30:00-04:00,2018-09-21,MAPPED,True
11569,FOMC Rate Decision (Upper Bound),FOMC,2018-09-26 19:00:00+00:00,2018-09-26 15:00:00-04:00,2018-09-26,MAPPED,True
11598,Change in Nonfarm Payrolls,US Employment,2018-10-05 13:30:02+00:00,2018-10-05 09:30:02-04:00,2018-10-05,MAPPED,True
11599,Unemployment Rate,US Employment,2018-10-05 13:30:06+00:00,2018-10-05 09:30:06-04:00,2018-10-05,MAPPED,True
11606,CPI MoM,US CPI,2018-10-11 13:30:01+00:00,2018-10-11 09:30:01-04:00,2018-10-11,MAPPED,True
11607,CPI YoY,US CPI,2018-10-11 13:30:03+00:00,2018-10-11 09:30:03-04:00,2018-10-11,MAPPED,True
11619,Natl CPI YoY,JPY National CPI,2018-10-19 00:30:00+00:00,2018-10-18 20:30:00-04:00,2018-10-19,MAPPED,True
11637,BOJ Target Rate,BoJ,2018-10-31 03:08:00+00:00,2018-10-30 23:08:00-04:00,2018-10-31,MAPPED,True
11647,Change in Nonfarm Payrolls,US Employment,2018-11-02 12:30:02+00:00,2018-11-02 08:30:02-04:00,2018-11-02,MAPPED,True
11648,Unemployment Rate,US Employment,2018-11-02 12:30:06+00:00,2018-11-02 08:30:06-04:00,2018-11-02,MAPPED,True
11656,FOMC Rate Decision (Upper Bound),FOMC,2018-11-08 19:00:00+00:00,2018-11-08 14:00:00-05:00,2018-11-08,MAPPED,True
11661,GDP Annualized SA QoQ,JPY GDP,2018-11-13 23:50:00+00:00,2018-11-13 18:50:00-05:00,2018-11-14,MAPPED,True
11662,GDP SA QoQ,JPY GDP,2018-11-13 23:50:00+00:00,2018-11-13 18:50:00-05:00,2018-11-14,MAPPED,True
11663,GDP Deflator YoY,JPY GDP,2018-11-13 23:50:00+00:00,2018-11-13 18:50:00-05:00,2018-11-14,MAPPED,True
11667,CPI MoM,US CPI,2018-11-14 13:30:01+00:00,2018-11-14 08:30:01-05:00,2018-11-14,MAPPED,True
11668,CPI YoY,US CPI,2018-11-14 13:30:03+00:00,2018-11-14 08:30:03-05:00,2018-11-14,MAPPED,True
11680,Natl CPI YoY,JPY National CPI,2018-11-21 23:30:00+00:00,2018-11-21 18:30:00-05:00,2018-11-22,MAPPED,True
11708,Change in Nonfarm Payrolls,US Employment,2018-12-07 13:30:02+00:00,2018-12-07 08:30:02-05:00,2018-12-07,MAPPED,True
11709,Unemployment Rate,US Employment,2018-12-07 13:30:06+00:00,2018-12-07 08:30:06-05:00,2018-12-07,MAPPED,True
11712,GDP Annualized SA QoQ,JPY GDP,2018-12-09 23:50:00+00:00,2018-12-09 18:50:00-05:00,2018-12-10,MAPPED,True
11713,GDP SA QoQ,JPY GDP,2018-12-09 23:50:00+00:00,2018-12-09 18:50:00-05:00,2018-12-10,MAPPED,True
11714,GDP Deflator YoY,JPY GDP,2018-12-09 23:50:00+00:00,2018-12-09 18:50:00-05:00,2018-12-10,MAPPED,True
11721,CPI MoM,US CPI,2018-12-12 13:30:01+00:00,2018-12-12 08:30:01-05:00,2018-12-12,MAPPED,True
11722,CPI YoY,US CPI,2018-12-12 13:30:03+00:00,2018-12-12 08:30:03-05:00,2018-12-12,MAPPED,True
11738,FOMC Rate Decision (Upper Bound),FOMC,2018-12-19 19:00:00+00:00,2018-12-19 14:00:00-05:00,2018-12-19,MAPPED,True
11739,BOJ Target Rate,BoJ,2018-12-20 02:52:00+00:00,2018-12-19 21:52:00-05:00,2018-12-20,MAPPED,True
11742,Natl CPI YoY,JPY National CPI,2018-12-20 23:30:00+00:00,2018-12-20 18:30:00-05:00,2018-12-21,MAPPED,True
11761,Change in Nonfarm Payrolls,US Employment,2019-01-04 13:30:01+00:00,2019-01-04 08:30:01-05:00,2019-01-04,MAPPED,True
11762,Unemployment Rate,US Employment,2019-01-04 13:30:05+00:00,2019-01-04 08:30:05-05:00,2019-01-04,MAPPED,True
11767,CPI MoM,US CPI,2019-01-11 13:30:01+00:00,2019-01-11 08:30:01-05:00,2019-01-11,MAPPED,True
11768,CPI YoY,US CPI,2019-01-11 13:30:03+00:00,2019-01-11 08:30:03-05:00,2019-01-11,MAPPED,True
11776,Natl CPI YoY,JPY National CPI,2019-01-17 23:30:00+00:00,2019-01-17 18:30:00-05:00,2019-01-18,MAPPED,True
11781,BOJ Target Rate,BoJ,2019-01-23 02:59:00+00:00,2019-01-22 21:59:00-05:00,2019-01-23,MAPPED,True
11791,FOMC Rate Decision (Upper Bound),FOMC,2019-01-30 19:00:00+00:00,2019-01-30 14:00:00-05:00,2019-01-30,MAPPED,True
11799,Change in Nonfarm Payrolls,US Employment,2019-02-01 13:30:01+00:00,2019-02-01 08:30:01-05:00,2019-02-01,MAPPED,True
11800,Unemployment Rate,US Employment,2019-02-01 13:30:05+00:00,2019-02-01 08:30:05-05:00,2019-02-01,MAPPED,True
11816,CPI MoM,US CPI,2019-02-13 13:30:01+00:00,2019-02-13 08:30:01-05:00,2019-02-13,MAPPED,True
11817,CPI YoY,US CPI,2019-02-13 13:30:03+00:00,2019-02-13 08:30:03-05:00,2019-02-13,MAPPED,True
11818,GDP Annualized SA QoQ,JPY GDP,2019-02-13 23:50:00+00:00,2019-02-13 18:50:00-05:00,2019-02-14,MAPPED,True
11819,GDP Deflator YoY,JPY GDP,2019-02-13 23:50:00+00:00,2019-02-13 18:50:00-05:00,2019-02-14,MAPPED,True
11820,GDP SA QoQ,JPY GDP,2019-02-13 23:50:00+00:00,2019-02-13 18:50:00-05:00,2019-02-14,MAPPED,True
11836,Natl CPI YoY,JPY National CPI,2019-02-21 23:30:00+00:00,2019-02-21 18:30:00-05:00,2019-02-22,MAPPED,True
11866,GDP Annualized SA QoQ,JPY GDP,2019-03-07 23:50:00+00:00,2019-03-07 18:50:00-05:00,2019-03-08,MAPPED,True
11867,GDP SA QoQ,JPY GDP,2019-03-07 23:50:00+00:00,2019-03-07 18:50:00-05:00,2019-03-08,MAPPED,True
11868,GDP Deflator YoY,JPY GDP,2019-03-07 23:50:00+00:00,2019-03-07 18:50:00-05:00,2019-03-08,MAPPED,True
11871,Change in Nonfarm Payrolls,US Employment,2019-03-08 13:30:05+00:00,2019-03-08 08:30:05-05:00,2019-03-08,MAPPED,True
11872,Unemployment Rate,US Employment,2019-03-08 13:30:09+00:00,2019-03-08 08:30:09-05:00,2019-03-08,MAPPED,True
11874,CPI MoM,US CPI,2019-03-12 12:30:01+00:00,2019-03-12 08:30:01-04:00,2019-03-12,MAPPED,True
11875,CPI YoY,US CPI,2019-03-12 12:30:03+00:00,2019-03-12 08:30:03-04:00,2019-03-12,MAPPED,True
11885,BOJ Target Rate,BoJ,2019-03-15 02:39:00+00:00,2019-03-14 22:39:00-04:00,2019-03-15,MAPPED,True
11893,FOMC Rate Decision (Upper Bound),FOMC,2019-03-20 18:00:00+00:00,2019-03-20 14:00:00-04:00,2019-03-20,MAPPED,True
11896,Natl CPI YoY,JPY National CPI,2019-03-21 23:30:00+00:00,2019-03-21 19:30:00-04:00,2019-03-22,MAPPED,True
11931,Change in Nonfarm Payrolls,US Employment,2019-04-05 13:30:05+00:00,2019-04-05 09:30:05-04:00,2019-04-05,MAPPED,True
11932,Unemployment Rate,US Employment,2019-04-05 13:30:09+00:00,2019-04-05 09:30:09-04:00,2019-04-05,MAPPED,True
11939,CPI MoM,US CPI,2019-04-10 13:30:01+00:00,2019-04-10 09:30:01-04:00,2019-04-10,MAPPED,True
11940,CPI YoY,US CPI,2019-04-10 13:30:03+00:00,2019-04-10 09:30:03-04:00,2019-04-10,MAPPED,True
11956,Natl CPI YoY,JPY National CPI,2019-04-19 00:30:00+00:00,2019-04-18 20:30:00-04:00,2019-04-19,MAPPED,True
11961,BOJ Target Rate,BoJ,2019-04-25 04:27:00+00:00,2019-04-25 00:27:00-04:00,2019-04-25,MAPPED,True
11980,FOMC Rate Decision (Upper Bound),FOMC,2019-05-01 19:00:00+00:00,2019-05-01 15:00:00-04:00,2019-05-01,MAPPED,True
11984,Change in Nonfarm Payrolls,US Employment,2019-05-03 13:30:01+00:00,2019-05-03 09:30:01-04:00,2019-05-03,MAPPED,True
11985,Unemployment Rate,US Employment,2019-05-03 13:30:05+00:00,2019-05-03 09:30:05-04:00,2019-05-03,MAPPED,True
11994,CPI MoM,US CPI,2019-05-10 13:30:01+00:00,2019-05-10 09:30:01-04:00,2019-05-10,MAPPED,True
11995,CPI YoY,US CPI,2019-05-10 13:30:03+00:00,2019-05-10 09:30:03-04:00,2019-05-10,MAPPED,True
12007,GDP SA QoQ,JPY GDP,2019-05-20 00:50:01+00:00,2019-05-19 20:50:01-04:00,2019-05-20,MAPPED,True
12008,GDP Annualized SA QoQ,JPY GDP,2019-05-20 00:50:02+00:00,2019-05-19 20:50:02-04:00,2019-05-20,MAPPED,True
12009,GDP Deflator YoY,JPY GDP,2019-05-20 00:50:04+00:00,2019-05-19 20:50:04-04:00,2019-05-20,MAPPED,True
12018,Natl CPI YoY,JPY National CPI,2019-05-24 00:30:00+00:00,2019-05-23 20:30:00-04:00,2019-05-24,MAPPED,True
12045,Change in Nonfarm Payrolls,US Employment,2019-06-07 13:30:01+00:00,2019-06-07 09:30:01-04:00,2019-06-07,MAPPED,True
12046,Unemployment Rate,US Employment,2019-06-07 13:30:05+00:00,2019-06-07 09:30:05-04:00,2019-06-07,MAPPED,True
12049,GDP SA QoQ,JPY GDP,2019-06-10 00:50:04+00:00,2019-06-09 20:50:04-04:00,2019-06-10,MAPPED,True
12050,GDP Annualized SA QoQ,JPY GDP,2019-06-10 00:50:05+00:00,2019-06-09 20:50:05-04:00,2019-06-10,MAPPED,True
12051,GDP Deflator YoY,JPY GDP,2019-06-10 00:50:07+00:00,2019-06-09 20:50:07-04:00,2019-06-10,MAPPED,True
12056,CPI MoM,US CPI,2019-06-12 13:30:01+00:00,2019-06-12 09:30:01-04:00,2019-06-12,MAPPED,True
12057,CPI YoY,US CPI,2019-06-12 13:30:03+00:00,2019-06-12 09:30:03-04:00,2019-06-12,MAPPED,True
12067,FOMC Rate Decision (Upper Bound),FOMC,2019-06-19 19:00:00+00:00,2019-06-19 15:00:00-04:00,2019-06-19,MAPPED,True
12068,BOJ Target Rate,BoJ,2019-06-20 03:45:00+00:00,2019-06-19 23:45:00-04:00,2019-06-20,MAPPED,True
12071,Natl CPI YoY,JPY National CPI,2019-06-21 00:30:00+00:00,2019-06-20 20:30:00-04:00,2019-06-21,MAPPED,True
12106,Change in Nonfarm Payrolls,US Employment,2019-07-05 13:30:01+00:00,2019-07-05 09:30:01-04:00,2019-07-05,MAPPED,True
12107,Unemployment Rate,US Employment,2019-07-05 13:30:05+00:00,2019-07-05 09:30:05-04:00,2019-07-05,MAPPED,True
12114,CPI MoM,US CPI,2019-07-11 13:30:01+00:00,2019-07-11 09:30:01-04:00,2019-07-11,MAPPED,True
12115,CPI YoY,US CPI,2019-07-11 13:30:03+00:00,2019-07-11 09:30:03-04:00,2019-07-11,MAPPED,True
12126,Natl CPI YoY,JPY National CPI,2019-07-19 00:30:00+00:00,2019-07-18 20:30:00-04:00,2019-07-19,MAPPED,True
12141,BOJ Target Rate,BoJ,2019-07-30 03:55:00+00:00,2019-07-29 23:55:00-04:00,2019-07-30,MAPPED,True
12148,FOMC Rate Decision (Upper Bound),FOMC,2019-07-31 19:00:00+00:00,2019-07-31 15:00:00-04:00,2019-07-31,MAPPED,True
12154,Change in Nonfarm Payrolls,US Employment,2019-08-02 13:30:01+00:00,2019-08-02 09:30:01-04:00,2019-08-02,MAPPED,True
12155,Unemployment Rate,US Employment,2019-08-02 13:30:05+00:00,2019-08-02 09:30:05-04:00,2019-08-02,MAPPED,True
12165,GDP SA QoQ,JPY GDP,2019-08-09 00:50:04+00:00,2019-08-08 20:50:04-04:00,2019-08-09,MAPPED,True
12166,GDP Annualized SA QoQ,JPY GDP,2019-08-09 00:50:05+00:00,2019-08-08 20:50:05-04:00,2019-08-09,MAPPED,True
12167,GDP Deflator YoY,JPY GDP,2019-08-09 00:50:07+00:00,2019-08-08 20:50:07-04:00,2019-08-09,MAPPED,True
12171,CPI MoM,US CPI,2019-08-13 13:30:01+00:00,2019-08-13 09:30:01-04:00,2019-08-13,MAPPED,True
12172,CPI YoY,US CPI,2019-08-13 13:30:03+00:00,2019-08-13 09:30:03-04:00,2019-08-13,MAPPED,True
12188,Natl CPI YoY,JPY National CPI,2019-08-23 00:30:00+00:00,2019-08-22 20:30:00-04:00,2019-08-23,MAPPED,True
12216,Change in Nonfarm Payrolls,US Employment,2019-09-06 13:30:00+00:00,2019-09-06 09:30:00-04:00,2019-09-06,MAPPED,True
12217,Unemployment Rate,US Employment,2019-09-06 13:30:00+00:00,2019-09-06 09:30:00-04:00,2019-09-06,MAPPED,True
12218,GDP Deflator YoY,JPY GDP,2019-09-09 00:50:00+00:00,2019-09-08 20:50:00-04:00,2019-09-09,MAPPED,True
12219,GDP Annualized SA QoQ,JPY GDP,2019-09-09 00:50:00+00:00,2019-09-08 20:50:00-04:00,2019-09-09,MAPPED,True
12221,GDP SA QoQ,JPY GDP,2019-09-09 00:50:00+00:00,2019-09-08 20:50:00-04:00,2019-09-09,MAPPED,True
12229,CPI YoY,US CPI,2019-09-12 13:30:00+00:00,2019-09-12 09:30:00-04:00,2019-09-12,MAPPED,True
12230,CPI MoM,US CPI,2019-09-12 13:30:00+00:00,2019-09-12 09:30:00-04:00,2019-09-12,MAPPED,True
12238,FOMC Rate Decision (Upper Bound),FOMC,2019-09-18 19:00:00+00:00,2019-09-18 15:00:00-04:00,2019-09-18,MAPPED,True
12239,BOJ Target Rate,BoJ,2019-09-19 03:50:00+00:00,2019-09-18 23:50:00-04:00,2019-09-19,MAPPED,True
12243,Natl CPI YoY,JPY National CPI,2019-09-20 00:30:00+00:00,2019-09-19 20:30:00-04:00,2019-09-20,MAPPED,True
12276,Change in Nonfarm Payrolls,US Employment,2019-10-04 13:30:00+00:00,2019-10-04 09:30:00-04:00,2019-10-04,MAPPED,True
12278,Unemployment Rate,US Employment,2019-10-04 13:30:00+00:00,2019-10-04 09:30:00-04:00,2019-10-04,MAPPED,True
12286,CPI YoY,US CPI,2019-10-10 13:30:00+00:00,2019-10-10 09:30:00-04:00,2019-10-10,MAPPED,True
12287,CPI MoM,US CPI,2019-10-10 13:30:00+00:00,2019-10-10 09:30:00-04:00,2019-10-10,MAPPED,True
12297,Natl CPI YoY,JPY National CPI,2019-10-18 00:30:00+00:00,2019-10-17 20:30:00-04:00,2019-10-18,MAPPED,True
12313,FOMC Rate Decision (Upper Bound),FOMC,2019-10-30 18:00:00+00:00,2019-10-30 14:00:00-04:00,2019-10-30,MAPPED,True
12315,BOJ Target Rate,BoJ,2019-10-31 03:32:00+00:00,2019-10-30 23:32:00-04:00,2019-10-31,MAPPED,True
12323,Unemployment Rate,US Employment,2019-11-01 12:30:00+00:00,2019-11-01 08:30:00-04:00,2019-11-01,MAPPED,True
12324,Change in Nonfarm Payrolls,US Employment,2019-11-01 12:30:00+00:00,2019-11-01 08:30:00-04:00,2019-11-01,MAPPED,True
12340,CPI MoM,US CPI,2019-11-13 13:30:00+00:00,2019-11-13 08:30:00-05:00,2019-11-13,MAPPED,True
12341,CPI YoY,US CPI,2019-11-13 13:30:00+00:00,2019-11-13 08:30:00-05:00,2019-11-13,MAPPED,True
12342,GDP Annualized SA QoQ,JPY GDP,2019-11-13 23:50:00+00:00,2019-11-13 18:50:00-05:00,2019-11-14,MAPPED,True
12343,GDP SA QoQ,JPY GDP,2019-11-13 23:50:00+00:00,2019-11-13 18:50:00-05:00,2019-11-14,MAPPED,True
12344,GDP Deflator YoY,JPY GDP,2019-11-13 23:50:00+00:00,2019-11-13 18:50:00-05:00,2019-11-14,MAPPED,True
12357,Natl CPI YoY,JPY National CPI,2019-11-21 23:30:00+00:00,2019-11-21 18:30:00-05:00,2019-11-22,MAPPED,True
12387,Change in Nonfarm Payrolls,US Employment,2019-12-06 13:30:00+00:00,2019-12-06 08:30:00-05:00,2019-12-06,MAPPED,True
12388,Unemployment Rate,US Employment,2019-12-06 13:30:00+00:00,2019-12-06 08:30:00-05:00,2019-12-06,MAPPED,True
12392,GDP Annualized SA QoQ,JPY GDP,2019-12-08 23:50:00+00:00,2019-12-08 18:50:00-05:00,2019-12-09,MAPPED,True
12393,GDP SA QoQ,JPY GDP,2019-12-08 23:50:00+00:00,2019-12-08 18:50:00-05:00,2019-12-09,MAPPED,True
12394,GDP Deflator YoY,JPY GDP,2019-12-08 23:50:00+00:00,2019-12-08 18:50:00-05:00,2019-12-09,MAPPED,True
12397,CPI MoM,US CPI,2019-12-11 13:30:00+00:00,2019-12-11 08:30:00-05:00,2019-12-11,MAPPED,True
12398,CPI YoY,US CPI,2019-12-11 13:30:00+00:00,2019-12-11 08:30:00-05:00,2019-12-11,MAPPED,True
12399,FOMC Rate Decision (Upper Bound),FOMC,2019-12-11 19:00:00+00:00,2019-12-11 14:00:00-05:00,2019-12-11,MAPPED,True
12417,BOJ Target Rate,BoJ,2019-12-19 02:45:00+00:00,2019-12-18 21:45:00-05:00,2019-12-19,MAPPED,True
12421,Natl CPI YoY,JPY National CPI,2019-12-19 23:30:00+00:00,2019-12-19 18:30:00-05:00,2019-12-20,MAPPED,True
12449,Unemployment Rate,US Employment,2020-01-10 13:30:00+00:00,2020-01-10 08:30:00-05:00,2020-01-10,MAPPED,True
12450,Change in Nonfarm Payrolls,US Employment,2020-01-10 13:30:00+00:00,2020-01-10 08:30:00-05:00,2020-01-10,MAPPED,True
12453,CPI MoM,US CPI,2020-01-14 13:30:00+00:00,2020-01-14 08:30:00-05:00,2020-01-14,MAPPED,True
12454,CPI YoY,US CPI,2020-01-14 13:30:00+00:00,2020-01-14 08:30:00-05:00,2020-01-14,MAPPED,True
12467,BOJ Target Rate,BoJ,2020-01-21 03:01:00+00:00,2020-01-20 22:01:00-05:00,2020-01-21,MAPPED,True
12472,Natl CPI YoY,JPY National CPI,2020-01-23 23:30:00+00:00,2020-01-23 18:30:00-05:00,2020-01-24,MAPPED,True
12480,FOMC Rate Decision (Upper Bound),FOMC,2020-01-29 19:00:00+00:00,2020-01-29 14:00:00-05:00,2020-01-29,MAPPED,True
12502,Change in Nonfarm Payrolls,US Employment,2020-02-07 13:30:00+00:00,2020-02-07 08:30:00-05:00,2020-02-07,MAPPED,True
12503,Unemployment Rate,US Employment,2020-02-07 13:30:00+00:00,2020-02-07 08:30:00-05:00,2020-02-07,MAPPED,True
12508,CPI YoY,US CPI,2020-02-13 13:30:00+00:00,2020-02-13 08:30:00-05:00,2020-02-13,MAPPED,True
12509,CPI MoM,US CPI,2020-02-13 13:30:00+00:00,2020-02-13 08:30:00-05:00,2020-02-13,MAPPED,True
12515,GDP Annualized SA QoQ,JPY GDP,2020-02-16 23:50:00+00:00,2020-02-16 18:50:00-05:00,2020-02-17,MAPPED,True
12516,GDP SA QoQ,JPY GDP,2020-02-16 23:50:00+00:00,2020-02-16 18:50:00-05:00,2020-02-17,MAPPED,True
12517,GDP Deflator YoY,JPY GDP,2020-02-16 23:50:00+00:00,2020-02-16 18:50:00-05:00,2020-02-17,MAPPED,True
12526,Natl CPI YoY,JPY National CPI,2020-02-20 23:30:00+00:00,2020-02-20 18:30:00-05:00,2020-02-21,MAPPED,True
12550,FOMC Rate Decision (Upper Bound),FOMC,2020-03-03 15:00:00+00:00,2020-03-03 10:00:00-05:00,2020-03-03,MAPPED,True
12557,Change in Nonfarm Payrolls,US Employment,2020-03-06 13:30:00+00:00,2020-03-06 08:30:00-05:00,2020-03-06,MAPPED,True
12558,Unemployment Rate,US Employment,2020-03-06 13:30:00+00:00,2020-03-06 08:30:00-05:00,2020-03-06,MAPPED,True
12561,GDP Annualized SA QoQ,JPY GDP,2020-03-08 23:50:00+00:00,2020-03-08 19:50:00-04:00,2020-03-09,MAPPED,True
12563,GDP Deflator YoY,JPY GDP,2020-03-08 23:50:00+00:00,2020-03-08 19:50:00-04:00,2020-03-09,MAPPED,True
12564,GDP SA QoQ,JPY GDP,2020-03-08 23:50:00+00:00,2020-03-08 19:50:00-04:00,2020-03-09,MAPPED,True
12566,CPI YoY,US CPI,2020-03-11 12:30:00+00:00,2020-03-11 08:30:00-04:00,2020-03-11,MAPPED,True
12567,CPI MoM,US CPI,2020-03-11 12:30:00+00:00,2020-03-11 08:30:00-04:00,2020-03-11,MAPPED,True
12573,FOMC Rate Decision (Upper Bound),FOMC,2020-03-15 21:00:00+00:00,2020-03-15 17:00:00-04:00,2020-03-16,MAPPED,True
12575,BOJ Target Rate,BoJ,2020-03-16 05:06:00+00:00,2020-03-16 01:06:00-04:00,2020-03-16,MAPPED,True
12582,Natl CPI YoY,JPY National CPI,2020-03-18 23:30:00+00:00,2020-03-18 19:30:00-04:00,2020-03-19,MAPPED,True
12618,Unemployment Rate,US Employment,2020-04-03 13:30:00+00:00,2020-04-03 09:30:00-04:00,2020-04-03,MAPPED,True
12619,Change in Nonfarm Payrolls,US Employment,2020-04-03 13:30:00+00:00,2020-04-03 09:30:00-04:00,2020-04-03,MAPPED,True
12629,CPI MoM,US CPI,2020-04-10 13:30:00+00:00,2020-04-10 09:30:00-04:00,2020-04-10,MAPPED,True
12630,CPI YoY,US CPI,2020-04-10 13:30:00+00:00,2020-04-10 09:30:00-04:00,2020-04-10,MAPPED,True
12646,Natl CPI YoY,JPY National CPI,2020-04-24 00:30:00+00:00,2020-04-23 20:30:00-04:00,2020-04-24,MAPPED,True
12649,BOJ Target Rate,BoJ,2020-04-27 04:08:00+00:00,2020-04-27 00:08:00-04:00,2020-04-27,MAPPED,True
12656,FOMC Rate Decision (Upper Bound),FOMC,2020-04-29 19:00:00+00:00,2020-04-29 15:00:00-04:00,2020-04-29,MAPPED,True
12674,Unemployment Rate,US Employment,2020-05-08 13:30:00+00:00,2020-05-08 09:30:00-04:00,2020-05-08,MAPPED,True
12675,Change in Nonfarm Payrolls,US Employment,2020-05-08 13:30:00+00:00,2020-05-08 09:30:00-04:00,2020-05-08,MAPPED,True
12677,CPI YoY,US CPI,2020-05-12 13:30:00+00:00,2020-05-12 09:30:00-04:00,2020-05-12,MAPPED,True
12678,CPI MoM,US CPI,2020-05-12 13:30:00+00:00,2020-05-12 09:30:00-04:00,2020-05-12,MAPPED,True
12688,GDP Deflator YoY,JPY GDP,2020-05-18 00:50:00+00:00,2020-05-17 20:50:00-04:00,2020-05-18,MAPPED,True
12689,GDP SA QoQ,JPY GDP,2020-05-18 00:50:00+00:00,2020-05-17 20:50:00-04:00,2020-05-18,MAPPED,True
12690,GDP Annualized SA QoQ,JPY GDP,2020-05-18 00:50:00+00:00,2020-05-17 20:50:00-04:00,2020-05-18,MAPPED,True
12701,Natl CPI YoY,JPY National CPI,2020-05-22 00:30:00+00:00,2020-05-21 20:30:00-04:00,2020-05-22,MAPPED,True
12702,BOJ Target Rate,BoJ,2020-05-22 01:00:00+00:00,2020-05-21 21:00:00-04:00,2020-05-22,MAPPED,True
12730,Unemployment Rate,US Employment,2020-06-05 13:30:00+00:00,2020-06-05 09:30:00-04:00,2020-06-05,MAPPED,True
12731,Change in Nonfarm Payrolls,US Employment,2020-06-05 13:30:00+00:00,2020-06-05 09:30:00-04:00,2020-06-05,MAPPED,True
12732,GDP Annualized SA QoQ,JPY GDP,2020-06-08 00:50:00+00:00,2020-06-07 20:50:00-04:00,2020-06-08,MAPPED,True
12733,GDP SA QoQ,JPY GDP,2020-06-08 00:50:00+00:00,2020-06-07 20:50:00-04:00,2020-06-08,MAPPED,True
12735,GDP Deflator YoY,JPY GDP,2020-06-08 00:50:00+00:00,2020-06-07 20:50:00-04:00,2020-06-08,MAPPED,True
12740,CPI YoY,US CPI,2020-06-10 13:30:00+00:00,2020-06-10 09:30:00-04:00,2020-06-10,MAPPED,True
12741,CPI MoM,US CPI,2020-06-10 13:30:00+00:00,2020-06-10 09:30:00-04:00,2020-06-10,MAPPED,True
12742,FOMC Rate Decision (Upper Bound),FOMC,2020-06-10 19:00:00+00:00,2020-06-10 15:00:00-04:00,2020-06-10,MAPPED,True
12749,BOJ Target Rate,BoJ,2020-06-16 03:33:00+00:00,2020-06-15 23:33:00-04:00,2020-06-16,MAPPED,True
12756,Natl CPI YoY,JPY National CPI,2020-06-19 00:30:00+00:00,2020-06-18 20:30:00-04:00,2020-06-19,MAPPED,True
12786,Change in Nonfarm Payrolls,US Employment,2020-07-02 13:30:00+00:00,2020-07-02 09:30:00-04:00,2020-07-02,MAPPED,True
12788,Unemployment Rate,US Employment,2020-07-02 13:30:00+00:00,2020-07-02 09:30:00-04:00,2020-07-02,MAPPED,True
12802,CPI MoM,US CPI,2020-07-14 13:30:00+00:00,2020-07-14 09:30:00-04:00,2020-07-14,MAPPED,True
12803,CPI YoY,US CPI,2020-07-14 13:30:00+00:00,2020-07-14 09:30:00-04:00,2020-07-14,MAPPED,True
12804,BOJ Target Rate,BoJ,2020-07-15 03:57:00+00:00,2020-07-14 23:57:00-04:00,2020-07-15,MAPPED,True
12812,Natl CPI YoY,JPY National CPI,2020-07-21 00:30:00+00:00,2020-07-20 20:30:00-04:00,2020-07-21,MAPPED,True
12825,FOMC Rate Decision (Upper Bound),FOMC,2020-07-29 19:00:00+00:00,2020-07-29 15:00:00-04:00,2020-07-29,MAPPED,True
12835,GDP Deflator YoY,JPY GDP,2020-08-03 00:50:00+00:00,2020-08-02 20:50:00-04:00,2020-08-03,MAPPED,True
12836,GDP SA QoQ,JPY GDP,2020-08-03 00:50:00+00:00,2020-08-02 20:50:00-04:00,2020-08-03,MAPPED,True
12837,GDP Annualized SA QoQ,JPY GDP,2020-08-03 00:50:00+00:00,2020-08-02 20:50:00-04:00,2020-08-03,MAPPED,True
12850,Change in Nonfarm Payrolls,US Employment,2020-08-07 13:30:00+00:00,2020-08-07 09:30:00-04:00,2020-08-07,MAPPED,True
12851,Unemployment Rate,US Employment,2020-08-07 13:30:00+00:00,2020-08-07 09:30:00-04:00,2020-08-07,MAPPED,True
12856,CPI MoM,US CPI,2020-08-12 13:30:00+00:00,2020-08-12 09:30:00-04:00,2020-08-12,MAPPED,True
12857,CPI YoY,US CPI,2020-08-12 13:30:00+00:00,2020-08-12 09:30:00-04:00,2020-08-12,MAPPED,True
12864,GDP Annualized SA QoQ,JPY GDP,2020-08-17 00:50:00+00:00,2020-08-16 20:50:00-04:00,2020-08-17,MAPPED,True
12865,GDP SA QoQ,JPY GDP,2020-08-17 00:50:00+00:00,2020-08-16 20:50:00-04:00,2020-08-17,MAPPED,True
12866,GDP Deflator YoY,JPY GDP,2020-08-17 00:50:00+00:00,2020-08-16 20:50:00-04:00,2020-08-17,MAPPED,True
12874,Natl CPI YoY,JPY National CPI,2020-08-21 00:30:00+00:00,2020-08-20 20:30:00-04:00,2020-08-21,MAPPED,True
12905,Change in Nonfarm Payrolls,US Employment,2020-09-04 13:30:00+00:00,2020-09-04 09:30:00-04:00,2020-09-04,MAPPED,True
12906,Unemployment Rate,US Employment,2020-09-04 13:30:00+00:00,2020-09-04 09:30:00-04:00,2020-09-04,MAPPED,True
12907,GDP Deflator YoY,JPY GDP,2020-09-08 00:50:00+00:00,2020-09-07 20:50:00-04:00,2020-09-08,MAPPED,True
12909,GDP Annualized SA QoQ,JPY GDP,2020-09-08 00:50:00+00:00,2020-09-07 20:50:00-04:00,2020-09-08,MAPPED,True
12910,GDP SA QoQ,JPY GDP,2020-09-08 00:50:00+00:00,2020-09-07 20:50:00-04:00,2020-09-08,MAPPED,True
12917,CPI MoM,US CPI,2020-09-11 13:30:00+00:00,2020-09-11 09:30:00-04:00,2020-09-11,MAPPED,True
12918,CPI YoY,US CPI,2020-09-11 13:30:00+00:00,2020-09-11 09:30:00-04:00,2020-09-11,MAPPED,True
12925,FOMC Rate Decision (Upper Bound),FOMC,2020-09-16 19:00:00+00:00,2020-09-16 15:00:00-04:00,2020-09-16,MAPPED,True
12926,BOJ Target Rate,BoJ,2020-09-17 03:51:00+00:00,2020-09-16 23:51:00-04:00,2020-09-17,MAPPED,True
12929,Natl CPI YoY,JPY National CPI,2020-09-18 00:30:00+00:00,2020-09-17 20:30:00-04:00,2020-09-18,MAPPED,True
12961,Change in Nonfarm Payrolls,US Employment,2020-10-02 13:30:00+00:00,2020-10-02 09:30:00-04:00,2020-10-02,MAPPED,True
12962,Unemployment Rate,US Employment,2020-10-02 13:30:00+00:00,2020-10-02 09:30:00-04:00,2020-10-02,MAPPED,True
12974,CPI MoM,US CPI,2020-10-13 13:30:00+00:00,2020-10-13 09:30:00-04:00,2020-10-13,MAPPED,True
12975,CPI YoY,US CPI,2020-10-13 13:30:00+00:00,2020-10-13 09:30:00-04:00,2020-10-13,MAPPED,True
12990,Natl CPI YoY,JPY National CPI,2020-10-23 00:30:00+00:00,2020-10-22 20:30:00-04:00,2020-10-23,MAPPED,True
12998,BOJ Target Rate,BoJ,2020-10-29 03:12:00+00:00,2020-10-28 23:12:00-04:00,2020-10-29,MAPPED,True
13020,FOMC Rate Decision (Upper Bound),FOMC,2020-11-05 19:00:00+00:00,2020-11-05 14:00:00-05:00,2020-11-05,MAPPED,True
13021,Change in Nonfarm Payrolls,US Employment,2020-11-06 13:30:00+00:00,2020-11-06 08:30:00-05:00,2020-11-06,MAPPED,True
13022,Unemployment Rate,US Employment,2020-11-06 13:30:00+00:00,2020-11-06 08:30:00-05:00,2020-11-06,MAPPED,True
13029,CPI YoY,US CPI,2020-11-12 13:30:00+00:00,2020-11-12 08:30:00-05:00,2020-11-12,MAPPED,True
13031,CPI MoM,US CPI,2020-11-12 13:30:00+00:00,2020-11-12 08:30:00-05:00,2020-11-12,MAPPED,True
13034,GDP Deflator YoY,JPY GDP,2020-11-15 23:50:00+00:00,2020-11-15 18:50:00-05:00,2020-11-16,MAPPED,True
13035,GDP SA QoQ,JPY GDP,2020-11-15 23:50:00+00:00,2020-11-15 18:50:00-05:00,2020-11-16,MAPPED,True
13036,GDP Annualized SA QoQ,JPY GDP,2020-11-15 23:50:00+00:00,2020-11-15 18:50:00-05:00,2020-11-16,MAPPED,True
13046,Natl CPI YoY,JPY National CPI,2020-11-19 23:30:00+00:00,2020-11-19 18:30:00-05:00,2020-11-20,MAPPED,True
13073,Change in Nonfarm Payrolls,US Employment,2020-12-04 13:30:00+00:00,2020-12-04 08:30:00-05:00,2020-12-04,MAPPED,True
13075,Unemployment Rate,US Employment,2020-12-04 13:30:00+00:00,2020-12-04 08:30:00-05:00,2020-12-04,MAPPED,True
13078,GDP SA QoQ,JPY GDP,2020-12-07 23:50:00+00:00,2020-12-07 18:50:00-05:00,2020-12-08,MAPPED,True
13080,GDP Annualized SA QoQ,JPY GDP,2020-12-07 23:50:00+00:00,2020-12-07 18:50:00-05:00,2020-12-08,MAPPED,True
13081,GDP Deflator YoY,JPY GDP,2020-12-07 23:50:00+00:00,2020-12-07 18:50:00-05:00,2020-12-08,MAPPED,True
13086,CPI YoY,US CPI,2020-12-10 13:30:00+00:00,2020-12-10 08:30:00-05:00,2020-12-10,MAPPED,True
13087,CPI MoM,US CPI,2020-12-10 13:30:00+00:00,2020-12-10 08:30:00-05:00,2020-12-10,MAPPED,True
13104,FOMC Rate Decision (Upper Bound),FOMC,2020-12-16 19:00:00+00:00,2020-12-16 14:00:00-05:00,2020-12-16,MAPPED,True
13107,Natl CPI YoY,JPY National CPI,2020-12-17 23:30:00+00:00,2020-12-17 18:30:00-05:00,2020-12-18,MAPPED,True
13108,BOJ Target Rate,BoJ,2020-12-18 03:13:00+00:00,2020-12-17 22:13:00-05:00,2020-12-18,MAPPED,True
13138,Unemployment Rate,US Employment,2021-01-08 13:30:00+00:00,2021-01-08 08:30:00-05:00,2021-01-08,MAPPED,True
13139,Change in Nonfarm Payrolls,US Employment,2021-01-08 13:30:00+00:00,2021-01-08 08:30:00-05:00,2021-01-08,MAPPED,True
13143,CPI YoY,US CPI,2021-01-13 13:30:00+00:00,2021-01-13 08:30:00-05:00,2021-01-13,MAPPED,True
13144,CPI MoM,US CPI,2021-01-13 13:30:00+00:00,2021-01-13 08:30:00-05:00,2021-01-13,MAPPED,True
13156,BOJ Target Rate,BoJ,2021-01-21 02:38:00+00:00,2021-01-20 21:38:00-05:00,2021-01-21,MAPPED,True
13159,Natl CPI YoY,JPY National CPI,2021-01-21 23:30:00+00:00,2021-01-21 18:30:00-05:00,2021-01-22,MAPPED,True
13166,FOMC Rate Decision (Upper Bound),FOMC,2021-01-27 19:00:00+00:00,2021-01-27 14:00:00-05:00,2021-01-27,MAPPED,True
13191,Unemployment Rate,US Employment,2021-02-05 13:30:00+00:00,2021-02-05 08:30:00-05:00,2021-02-05,MAPPED,True
13192,Change in Nonfarm Payrolls,US Employment,2021-02-05 13:30:00+00:00,2021-02-05 08:30:00-05:00,2021-02-05,MAPPED,True
13196,CPI MoM,US CPI,2021-02-10 13:30:00+00:00,2021-02-10 08:30:00-05:00,2021-02-10,MAPPED,True
13197,CPI YoY,US CPI,2021-02-10 13:30:00+00:00,2021-02-10 08:30:00-05:00,2021-02-10,MAPPED,True
13201,GDP Deflator YoY,JPY GDP,2021-02-14 23:50:00+00:00,2021-02-14 18:50:00-05:00,2021-02-15,MAPPED,True
13202,GDP SA QoQ,JPY GDP,2021-02-14 23:50:00+00:00,2021-02-14 18:50:00-05:00,2021-02-15,MAPPED,True
13203,GDP Annualized SA QoQ,JPY GDP,2021-02-14 23:50:00+00:00,2021-02-14 18:50:00-05:00,2021-02-15,MAPPED,True
13214,Natl CPI YoY,JPY National CPI,2021-02-18 23:30:00+00:00,2021-02-18 18:30:00-05:00,2021-02-19,MAPPED,True
13245,Change in Nonfarm Payrolls,US Employment,2021-03-05 13:30:00+00:00,2021-03-05 08:30:00-05:00,2021-03-05,MAPPED,True
13246,Unemployment Rate,US Employment,2021-03-05 13:30:00+00:00,2021-03-05 08:30:00-05:00,2021-03-05,MAPPED,True
13250,GDP SA QoQ,JPY GDP,2021-03-08 23:50:00+00:00,2021-03-08 18:50:00-05:00,2021-03-09,MAPPED,True
13251,GDP Deflator YoY,JPY GDP,2021-03-08 23:50:00+00:00,2021-03-08 18:50:00-05:00,2021-03-09,MAPPED,True
13252,GDP Annualized SA QoQ,JPY GDP,2021-03-08 23:50:00+00:00,2021-03-08 18:50:00-05:00,2021-03-09,MAPPED,True
13254,CPI YoY,US CPI,2021-03-10 13:30:00+00:00,2021-03-10 08:30:00-05:00,2021-03-10,MAPPED,True
13255,CPI MoM,US CPI,2021-03-10 13:30:00+00:00,2021-03-10 08:30:00-05:00,2021-03-10,MAPPED,True
13268,FOMC Rate Decision (Upper Bound),FOMC,2021-03-17 18:00:00+00:00,2021-03-17 14:00:00-04:00,2021-03-17,MAPPED,True
13271,Natl CPI YoY,JPY National CPI,2021-03-18 23:30:00+00:00,2021-03-18 19:30:00-04:00,2021-03-19,MAPPED,True
13272,BOJ Target Rate,BoJ,2021-03-19 03:39:00+00:00,2021-03-18 23:39:00-04:00,2021-03-19,MAPPED,True
13303,Change in Nonfarm Payrolls,US Employment,2021-04-02 13:30:00+00:00,2021-04-02 09:30:00-04:00,2021-04-02,MAPPED,True
13304,Unemployment Rate,US Employment,2021-04-02 13:30:00+00:00,2021-04-02 09:30:00-04:00,2021-04-02,MAPPED,True
13315,CPI MoM,US CPI,2021-04-13 13:30:00+00:00,2021-04-13 09:30:00-04:00,2021-04-13,MAPPED,True
13316,CPI YoY,US CPI,2021-04-13 13:30:00+00:00,2021-04-13 09:30:00-04:00,2021-04-13,MAPPED,True
13331,Natl CPI YoY,JPY National CPI,2021-04-23 00:30:00+00:00,2021-04-22 20:30:00-04:00,2021-04-23,MAPPED,True
13336,BOJ Target Rate,BoJ,2021-04-27 04:00:00+00:00,2021-04-27 00:00:00-04:00,2021-04-27,MAPPED,True
13340,FOMC Rate Decision (Upper Bound),FOMC,2021-04-28 19:00:00+00:00,2021-04-28 15:00:00-04:00,2021-04-28,MAPPED,True
13362,Change in Nonfarm Payrolls,US Employment,2021-05-07 13:30:00+00:00,2021-05-07 09:30:00-04:00,2021-05-07,MAPPED,True
13363,Unemployment Rate,US Employment,2021-05-07 13:30:00+00:00,2021-05-07 09:30:00-04:00,2021-05-07,MAPPED,True
13366,CPI YoY,US CPI,2021-05-12 13:30:00+00:00,2021-05-12 09:30:00-04:00,2021-05-12,MAPPED,True
13367,CPI MoM,US CPI,2021-05-12 13:30:00+00:00,2021-05-12 09:30:00-04:00,2021-05-12,MAPPED,True
13376,GDP Deflator YoY,JPY GDP,2021-05-18 00:50:00+00:00,2021-05-17 20:50:00-04:00,2021-05-18,MAPPED,True
13377,GDP SA QoQ,JPY GDP,2021-05-18 00:50:00+00:00,2021-05-17 20:50:00-04:00,2021-05-18,MAPPED,True
13378,GDP Annualized SA QoQ,JPY GDP,2021-05-18 00:50:00+00:00,2021-05-17 20:50:00-04:00,2021-05-18,MAPPED,True
13386,Natl CPI YoY,JPY National CPI,2021-05-21 00:30:00+00:00,2021-05-20 20:30:00-04:00,2021-05-21,MAPPED,True
13414,Unemployment Rate,US Employment,2021-06-04 13:30:00+00:00,2021-06-04 09:30:00-04:00,2021-06-04,MAPPED,True
13415,Change in Nonfarm Payrolls,US Employment,2021-06-04 13:30:00+00:00,2021-06-04 09:30:00-04:00,2021-06-04,MAPPED,True
13418,GDP Deflator YoY,JPY GDP,2021-06-08 00:50:00+00:00,2021-06-07 20:50:00-04:00,2021-06-08,MAPPED,True
13420,GDP Annualized SA QoQ,JPY GDP,2021-06-08 00:50:00+00:00,2021-06-07 20:50:00-04:00,2021-06-08,MAPPED,True
13421,GDP SA QoQ,JPY GDP,2021-06-08 00:50:00+00:00,2021-06-07 20:50:00-04:00,2021-06-08,MAPPED,True
13427,CPI YoY,US CPI,2021-06-10 13:30:00+00:00,2021-06-10 09:30:00-04:00,2021-06-10,MAPPED,True
13428,CPI MoM,US CPI,2021-06-10 13:30:00+00:00,2021-06-10 09:30:00-04:00,2021-06-10,MAPPED,True
13439,FOMC Rate Decision (Upper Bound),FOMC,2021-06-16 19:00:00+00:00,2021-06-16 15:00:00-04:00,2021-06-16,MAPPED,True
13442,Natl CPI YoY,JPY National CPI,2021-06-18 00:30:00+00:00,2021-06-17 20:30:00-04:00,2021-06-18,MAPPED,True
13443,BOJ Target Rate,BoJ,2021-06-18 04:30:00+00:00,2021-06-18 00:30:00-04:00,2021-06-18,MAPPED,True
13474,Unemployment Rate,US Employment,2021-07-02 13:30:00+00:00,2021-07-02 09:30:00-04:00,2021-07-02,MAPPED,True
13476,Change in Nonfarm Payrolls,US Employment,2021-07-02 13:30:00+00:00,2021-07-02 09:30:00-04:00,2021-07-02,MAPPED,True
13486,CPI MoM,US CPI,2021-07-13 13:30:00+00:00,2021-07-13 09:30:00-04:00,2021-07-13,MAPPED,True
13487,CPI YoY,US CPI,2021-07-13 13:30:00+00:00,2021-07-13 09:30:00-04:00,2021-07-13,MAPPED,True
13495,BOJ Target Rate,BoJ,2021-07-16 03:56:00+00:00,2021-07-15 23:56:00-04:00,2021-07-16,MAPPED,True
13498,Natl CPI YoY,JPY National CPI,2021-07-20 00:30:00+00:00,2021-07-19 20:30:00-04:00,2021-07-20,MAPPED,True
13511,FOMC Rate Decision (Upper Bound),FOMC,2021-07-28 19:00:00+00:00,2021-07-28 15:00:00-04:00,2021-07-28,MAPPED,True
13533,Change in Nonfarm Payrolls,US Employment,2021-08-06 13:30:00+00:00,2021-08-06 09:30:00-04:00,2021-08-06,MAPPED,True
13534,Unemployment Rate,US Employment,2021-08-06 13:30:00+00:00,2021-08-06 09:30:00-04:00,2021-08-06,MAPPED,True
13538,CPI MoM,US CPI,2021-08-11 13:30:00+00:00,2021-08-11 09:30:00-04:00,2021-08-11,MAPPED,True
13539,CPI YoY,US CPI,2021-08-11 13:30:00+00:00,2021-08-11 09:30:00-04:00,2021-08-11,MAPPED,True
13544,GDP SA QoQ,JPY GDP,2021-08-16 00:50:00+00:00,2021-08-15 20:50:00-04:00,2021-08-16,MAPPED,True
13545,GDP Deflator YoY,JPY GDP,2021-08-16 00:50:00+00:00,2021-08-15 20:50:00-04:00,2021-08-16,MAPPED,True
13546,GDP Annualized SA QoQ,JPY GDP,2021-08-16 00:50:00+00:00,2021-08-15 20:50:00-04:00,2021-08-16,MAPPED,True
13557,Natl CPI YoY,JPY National CPI,2021-08-20 00:30:00+00:00,2021-08-19 20:30:00-04:00,2021-08-20,MAPPED,True
13587,Unemployment Rate,US Employment,2021-09-03 13:30:00+00:00,2021-09-03 09:30:00-04:00,2021-09-03,MAPPED,True
13588,Change in Nonfarm Payrolls,US Employment,2021-09-03 13:30:00+00:00,2021-09-03 09:30:00-04:00,2021-09-03,MAPPED,True
13591,GDP Annualized SA QoQ,JPY GDP,2021-09-08 00:50:00+00:00,2021-09-07 20:50:00-04:00,2021-09-08,MAPPED,True
13592,GDP SA QoQ,JPY GDP,2021-09-08 00:50:00+00:00,2021-09-07 20:50:00-04:00,2021-09-08,MAPPED,True
13593,GDP Deflator YoY,JPY GDP,2021-09-08 00:50:00+00:00,2021-09-07 20:50:00-04:00,2021-09-08,MAPPED,True
13600,CPI MoM,US CPI,2021-09-14 13:30:00+00:00,2021-09-14 09:30:00-04:00,2021-09-14,MAPPED,True
13601,CPI YoY,US CPI,2021-09-14 13:30:00+00:00,2021-09-14 09:30:00-04:00,2021-09-14,MAPPED,True
13611,BOJ Target Rate,BoJ,2021-09-22 03:49:00+00:00,2021-09-21 23:49:00-04:00,2021-09-22,MAPPED,True
13614,FOMC Rate Decision (Upper Bound),FOMC,2021-09-22 19:00:00+00:00,2021-09-22 15:00:00-04:00,2021-09-22,MAPPED,True
13618,Natl CPI YoY,JPY National CPI,2021-09-24 00:30:00+00:00,2021-09-23 20:30:00-04:00,2021-09-24,MAPPED,True
13652,Change in Nonfarm Payrolls,US Employment,2021-10-08 13:30:00+00:00,2021-10-08 09:30:00-04:00,2021-10-08,MAPPED,True
13653,Unemployment Rate,US Employment,2021-10-08 13:30:00+00:00,2021-10-08 09:30:00-04:00,2021-10-08,MAPPED,True
13658,CPI MoM,US CPI,2021-10-13 13:30:00+00:00,2021-10-13 09:30:00-04:00,2021-10-13,MAPPED,True
13659,CPI YoY,US CPI,2021-10-13 13:30:00+00:00,2021-10-13 09:30:00-04:00,2021-10-13,MAPPED,True
13673,Natl CPI YoY,JPY National CPI,2021-10-22 00:30:00+00:00,2021-10-21 20:30:00-04:00,2021-10-22,MAPPED,True
13681,BOJ Target Rate,BoJ,2021-10-28 03:45:00+00:00,2021-10-27 23:45:00-04:00,2021-10-28,MAPPED,True
13701,FOMC Rate Decision (Upper Bound),FOMC,2021-11-03 18:00:00+00:00,2021-11-03 14:00:00-04:00,2021-11-03,MAPPED,True
13704,Change in Nonfarm Payrolls,US Employment,2021-11-05 12:30:00+00:00,2021-11-05 08:30:00-04:00,2021-11-05,MAPPED,True
13705,Unemployment Rate,US Employment,2021-11-05 12:30:00+00:00,2021-11-05 08:30:00-04:00,2021-11-05,MAPPED,True
13709,CPI YoY,US CPI,2021-11-10 13:30:00+00:00,2021-11-10 08:30:00-05:00,2021-11-10,MAPPED,True
13710,CPI MoM,US CPI,2021-11-10 13:30:00+00:00,2021-11-10 08:30:00-05:00,2021-11-10,MAPPED,True
13715,GDP Deflator YoY,JPY GDP,2021-11-14 23:50:00+00:00,2021-11-14 18:50:00-05:00,2021-11-15,MAPPED,True
13716,GDP SA QoQ,JPY GDP,2021-11-14 23:50:00+00:00,2021-11-14 18:50:00-05:00,2021-11-15,MAPPED,True
13717,GDP Annualized SA QoQ,JPY GDP,2021-11-14 23:50:00+00:00,2021-11-14 18:50:00-05:00,2021-11-15,MAPPED,True
13728,Natl CPI YoY,JPY National CPI,2021-11-18 23:30:00+00:00,2021-11-18 18:30:00-05:00,2021-11-19,MAPPED,True
13755,Change in Nonfarm Payrolls,US Employment,2021-12-03 13:30:00+00:00,2021-12-03 08:30:00-05:00,2021-12-03,MAPPED,True
13756,Unemployment Rate,US Employment,2021-12-03 13:30:00+00:00,2021-12-03 08:30:00-05:00,2021-12-03,MAPPED,True
13761,GDP Annualized SA QoQ,JPY GDP,2021-12-07 23:50:00+00:00,2021-12-07 18:50:00-05:00,2021-12-08,MAPPED,True
13762,GDP SA QoQ,JPY GDP,2021-12-07 23:50:00+00:00,2021-12-07 18:50:00-05:00,2021-12-08,MAPPED,True
13764,GDP Deflator YoY,JPY GDP,2021-12-07 23:50:00+00:00,2021-12-07 18:50:00-05:00,2021-12-08,MAPPED,True
13769,CPI YoY,US CPI,2021-12-10 13:30:00+00:00,2021-12-10 08:30:00-05:00,2021-12-10,MAPPED,True
13770,CPI MoM,US CPI,2021-12-10 13:30:00+00:00,2021-12-10 08:30:00-05:00,2021-12-10,MAPPED,True
13784,FOMC Rate Decision (Upper Bound),FOMC,2021-12-15 19:00:00+00:00,2021-12-15 14:00:00-05:00,2021-12-15,MAPPED,True
13790,BOJ Target Rate,BoJ,2021-12-17 02:57:00+00:00,2021-12-16 21:57:00-05:00,2021-12-17,MAPPED,True
13802,Natl CPI YoY,JPY National CPI,2021-12-23 23:30:00+00:00,2021-12-23 18:30:00-05:00,2021-12-24,MAPPED,True
13821,Change in Nonfarm Payrolls,US Employment,2022-01-07 13:30:00+00:00,2022-01-07 08:30:00-05:00,2022-01-07,MAPPED,True
13822,Unemployment Rate,US Employment,2022-01-07 13:30:00+00:00,2022-01-07 08:30:00-05:00,2022-01-07,MAPPED,True
13826,CPI MoM,US CPI,2022-01-12 13:30:00+00:00,2022-01-12 08:30:00-05:00,2022-01-12,MAPPED,True
13827,CPI YoY,US CPI,2022-01-12 13:30:00+00:00,2022-01-12 08:30:00-05:00,2022-01-12,MAPPED,True
13836,BOJ Target Rate,BoJ,2022-01-18 02:46:00+00:00,2022-01-17 21:46:00-05:00,2022-01-18,MAPPED,True
13843,Natl CPI YoY,JPY National CPI,2022-01-20 23:30:00+00:00,2022-01-20 18:30:00-05:00,2022-01-21,MAPPED,True
13851,FOMC Rate Decision (Upper Bound),FOMC,2022-01-26 19:00:00+00:00,2022-01-26 14:00:00-05:00,2022-01-26,MAPPED,True
13873,Unemployment Rate,US Employment,2022-02-04 13:30:00+00:00,2022-02-04 08:30:00-05:00,2022-02-04,MAPPED,True
13874,Change in Nonfarm Payrolls,US Employment,2022-02-04 13:30:00+00:00,2022-02-04 08:30:00-05:00,2022-02-04,MAPPED,True
13880,CPI MoM,US CPI,2022-02-10 13:30:00+00:00,2022-02-10 08:30:00-05:00,2022-02-10,MAPPED,True
13881,CPI YoY,US CPI,2022-02-10 13:30:00+00:00,2022-02-10 08:30:00-05:00,2022-02-10,MAPPED,True
13884,GDP SA QoQ,JPY GDP,2022-02-14 23:50:00+00:00,2022-02-14 18:50:00-05:00,2022-02-15,MAPPED,True
13885,GDP Deflator YoY,JPY GDP,2022-02-14 23:50:00+00:00,2022-02-14 18:50:00-05:00,2022-02-15,MAPPED,True
13886,GDP Annualized SA QoQ,JPY GDP,2022-02-14 23:50:00+00:00,2022-02-14 18:50:00-05:00,2022-02-15,MAPPED,True
13897,Natl CPI YoY,JPY National CPI,2022-02-17 23:30:00+00:00,2022-02-17 18:30:00-05:00,2022-02-18,MAPPED,True
13928,Unemployment Rate,US Employment,2022-03-04 13:30:00+00:00,2022-03-04 08:30:00-05:00,2022-03-04,MAPPED,True
13929,Change in Nonfarm Payrolls,US Employment,2022-03-04 13:30:00+00:00,2022-03-04 08:30:00-05:00,2022-03-04,MAPPED,True
13933,GDP Annualized SA QoQ,JPY GDP,2022-03-08 23:50:00+00:00,2022-03-08 18:50:00-05:00,2022-03-09,MAPPED,True
13934,GDP SA QoQ,JPY GDP,2022-03-08 23:50:00+00:00,2022-03-08 18:50:00-05:00,2022-03-09,MAPPED,True
13935,GDP Deflator YoY,JPY GDP,2022-03-08 23:50:00+00:00,2022-03-08 18:50:00-05:00,2022-03-09,MAPPED,True
13939,CPI YoY,US CPI,2022-03-10 13:30:00+00:00,2022-03-10 08:30:00-05:00,2022-03-10,MAPPED,True
13940,CPI MoM,US CPI,2022-03-10 13:30:00+00:00,2022-03-10 08:30:00-05:00,2022-03-10,MAPPED,True
13947,FOMC Rate Decision (Upper Bound),FOMC,2022-03-16 18:00:00+00:00,2022-03-16 14:00:00-04:00,2022-03-16,MAPPED,True
13952,Natl CPI YoY,JPY National CPI,2022-03-17 23:30:00+00:00,2022-03-17 19:30:00-04:00,2022-03-18,MAPPED,True
13953,BOJ Target Rate,BoJ,2022-03-18 02:51:00+00:00,2022-03-17 22:51:00-04:00,2022-03-18,MAPPED,True
13983,Unemployment Rate,US Employment,2022-04-01 13:30:00+00:00,2022-04-01 09:30:00-04:00,2022-04-01,MAPPED,True
13984,Change in Nonfarm Payrolls,US Employment,2022-04-01 13:30:00+00:00,2022-04-01 09:30:00-04:00,2022-04-01,MAPPED,True
13997,CPI MoM,US CPI,2022-04-12 13:30:00+00:00,2022-04-12 09:30:00-04:00,2022-04-12,MAPPED,True
13998,CPI YoY,US CPI,2022-04-12 13:30:00+00:00,2022-04-12 09:30:00-04:00,2022-04-12,MAPPED,True
14014,Natl CPI YoY,JPY National CPI,2022-04-22 00:30:00+00:00,2022-04-21 20:30:00-04:00,2022-04-22,MAPPED,True
14025,BOJ Target Rate,BoJ,2022-04-28 04:09:00+00:00,2022-04-28 00:09:00-04:00,2022-04-28,MAPPED,True
14042,FOMC Rate Decision (Upper Bound),FOMC,2022-05-04 19:00:00+00:00,2022-05-04 15:00:00-04:00,2022-05-04,MAPPED,True
14045,Change in Nonfarm Payrolls,US Employment,2022-05-06 13:30:00+00:00,2022-05-06 09:30:00-04:00,2022-05-06,MAPPED,True
14046,Unemployment Rate,US Employment,2022-05-06 13:30:00+00:00,2022-05-06 09:30:00-04:00,2022-05-06,MAPPED,True
14049,CPI MoM,US CPI,2022-05-11 13:30:00+00:00,2022-05-11 09:30:00-04:00,2022-05-11,MAPPED,True
14050,CPI YoY,US CPI,2022-05-11 13:30:00+00:00,2022-05-11 09:30:00-04:00,2022-05-11,MAPPED,True
14060,GDP Deflator YoY,JPY GDP,2022-05-18 00:50:00+00:00,2022-05-17 20:50:00-04:00,2022-05-18,MAPPED,True
14061,GDP Annualized SA QoQ,JPY GDP,2022-05-18 00:50:00+00:00,2022-05-17 20:50:00-04:00,2022-05-18,MAPPED,True
14062,GDP SA QoQ,JPY GDP,2022-05-18 00:50:00+00:00,2022-05-17 20:50:00-04:00,2022-05-18,MAPPED,True
14070,Natl CPI YoY,JPY National CPI,2022-05-20 00:30:00+00:00,2022-05-19 20:30:00-04:00,2022-05-20,MAPPED,True
14098,Change in Nonfarm Payrolls,US Employment,2022-06-03 13:30:00+00:00,2022-06-03 09:30:00-04:00,2022-06-03,MAPPED,True
14099,Unemployment Rate,US Employment,2022-06-03 13:30:00+00:00,2022-06-03 09:30:00-04:00,2022-06-03,MAPPED,True
14102,GDP Deflator YoY,JPY GDP,2022-06-08 00:50:00+00:00,2022-06-07 20:50:00-04:00,2022-06-08,MAPPED,True
14104,GDP SA QoQ,JPY GDP,2022-06-08 00:50:00+00:00,2022-06-07 20:50:00-04:00,2022-06-08,MAPPED,True
14105,GDP Annualized SA QoQ,JPY GDP,2022-06-08 00:50:00+00:00,2022-06-07 20:50:00-04:00,2022-06-08,MAPPED,True
14110,CPI MoM,US CPI,2022-06-10 13:30:00+00:00,2022-06-10 09:30:00-04:00,2022-06-10,MAPPED,True
14111,CPI YoY,US CPI,2022-06-10 13:30:00+00:00,2022-06-10 09:30:00-04:00,2022-06-10,MAPPED,True
14120,FOMC Rate Decision (Upper Bound),FOMC,2022-06-15 19:00:00+00:00,2022-06-15 15:00:00-04:00,2022-06-15,MAPPED,True
14123,BOJ Target Rate,BoJ,2022-06-17 03:43:00+00:00,2022-06-16 23:43:00-04:00,2022-06-17,MAPPED,True
14131,Natl CPI YoY,JPY National CPI,2022-06-24 00:30:00+00:00,2022-06-23 20:30:00-04:00,2022-06-24,MAPPED,True
14163,Change in Nonfarm Payrolls,US Employment,2022-07-08 13:30:00+00:00,2022-07-08 09:30:00-04:00,2022-07-08,MAPPED,True
14164,Unemployment Rate,US Employment,2022-07-08 13:30:00+00:00,2022-07-08 09:30:00-04:00,2022-07-08,MAPPED,True
14169,CPI MoM,US CPI,2022-07-13 13:30:00+00:00,2022-07-13 09:30:00-04:00,2022-07-13,MAPPED,True
14170,CPI YoY,US CPI,2022-07-13 13:30:00+00:00,2022-07-13 09:30:00-04:00,2022-07-13,MAPPED,True
14182,BOJ Target Rate,BoJ,2022-07-21 04:04:00+00:00,2022-07-21 00:04:00-04:00,2022-07-21,MAPPED,True
14185,Natl CPI YoY,JPY National CPI,2022-07-22 00:30:00+00:00,2022-07-21 20:30:00-04:00,2022-07-22,MAPPED,True
14193,FOMC Rate Decision (Upper Bound),FOMC,2022-07-27 19:00:00+00:00,2022-07-27 15:00:00-04:00,2022-07-27,MAPPED,True
14214,Change in Nonfarm Payrolls,US Employment,2022-08-05 13:30:00+00:00,2022-08-05 09:30:00-04:00,2022-08-05,MAPPED,True
14215,Unemployment Rate,US Employment,2022-08-05 13:30:00+00:00,2022-08-05 09:30:00-04:00,2022-08-05,MAPPED,True
14219,CPI MoM,US CPI,2022-08-10 13:30:00+00:00,2022-08-10 09:30:00-04:00,2022-08-10,MAPPED,True
14220,CPI YoY,US CPI,2022-08-10 13:30:00+00:00,2022-08-10 09:30:00-04:00,2022-08-10,MAPPED,True
14225,GDP SA QoQ,JPY GDP,2022-08-15 00:50:00+00:00,2022-08-14 20:50:00-04:00,2022-08-15,MAPPED,True
14226,GDP Annualized SA QoQ,JPY GDP,2022-08-15 00:50:00+00:00,2022-08-14 20:50:00-04:00,2022-08-15,MAPPED,True
14227,GDP Deflator YoY,JPY GDP,2022-08-15 00:50:00+00:00,2022-08-14 20:50:00-04:00,2022-08-15,MAPPED,True
14239,Natl CPI YoY,JPY National CPI,2022-08-19 00:30:00+00:00,2022-08-18 20:30:00-04:00,2022-08-19,MAPPED,True
14265,Unemployment Rate,US Employment,2022-09-02 13:30:00+00:00,2022-09-02 09:30:00-04:00,2022-09-02,MAPPED,True
14266,Change in Nonfarm Payrolls,US Employment,2022-09-02 13:30:00+00:00,2022-09-02 09:30:00-04:00,2022-09-02,MAPPED,True
14272,GDP Annualized SA QoQ,JPY GDP,2022-09-08 00:50:00+00:00,2022-09-07 20:50:00-04:00,2022-09-08,MAPPED,True
14273,GDP Deflator YoY,JPY GDP,2022-09-08 00:50:00+00:00,2022-09-07 20:50:00-04:00,2022-09-08,MAPPED,True
14275,GDP SA QoQ,JPY GDP,2022-09-08 00:50:00+00:00,2022-09-07 20:50:00-04:00,2022-09-08,MAPPED,True
14279,CPI YoY,US CPI,2022-09-13 13:30:00+00:00,2022-09-13 09:30:00-04:00,2022-09-13,MAPPED,True
14280,CPI MoM,US CPI,2022-09-13 13:30:00+00:00,2022-09-13 09:30:00-04:00,2022-09-13,MAPPED,True
14291,Natl CPI YoY,JPY National CPI,2022-09-20 00:30:00+00:00,2022-09-19 20:30:00-04:00,2022-09-20,MAPPED,True
14295,FOMC Rate Decision (Upper Bound),FOMC,2022-09-21 19:00:00+00:00,2022-09-21 15:00:00-04:00,2022-09-21,MAPPED,True
14296,BOJ Target Rate,BoJ,2022-09-22 03:51:00+00:00,2022-09-21 23:51:00-04:00,2022-09-22,MAPPED,True
14332,Unemployment Rate,US Employment,2022-10-07 13:30:00+00:00,2022-10-07 09:30:00-04:00,2022-10-07,MAPPED,True
14333,Change in Nonfarm Payrolls,US Employment,2022-10-07 13:30:00+00:00,2022-10-07 09:30:00-04:00,2022-10-07,MAPPED,True
14340,CPI YoY,US CPI,2022-10-13 13:30:00+00:00,2022-10-13 09:30:00-04:00,2022-10-13,MAPPED,True
14342,CPI MoM,US CPI,2022-10-13 13:30:00+00:00,2022-10-13 09:30:00-04:00,2022-10-13,MAPPED,True
14354,Natl CPI YoY,JPY National CPI,2022-10-21 00:30:00+00:00,2022-10-20 20:30:00-04:00,2022-10-21,MAPPED,True
14367,BOJ Target Rate,BoJ,2022-10-28 03:50:00+00:00,2022-10-27 23:50:00-04:00,2022-10-28,MAPPED,True
14379,FOMC Rate Decision (Upper Bound),FOMC,2022-11-02 18:00:00+00:00,2022-11-02 14:00:00-04:00,2022-11-02,MAPPED,True
14385,Change in Nonfarm Payrolls,US Employment,2022-11-04 12:30:00+00:00,2022-11-04 08:30:00-04:00,2022-11-04,MAPPED,True
14386,Unemployment Rate,US Employment,2022-11-04 12:30:00+00:00,2022-11-04 08:30:00-04:00,2022-11-04,MAPPED,True
14390,CPI YoY,US CPI,2022-11-10 13:30:00+00:00,2022-11-10 08:30:00-05:00,2022-11-10,MAPPED,True
14392,CPI MoM,US CPI,2022-11-10 13:30:00+00:00,2022-11-10 08:30:00-05:00,2022-11-10,MAPPED,True
14395,GDP Deflator YoY,JPY GDP,2022-11-14 23:50:00+00:00,2022-11-14 18:50:00-05:00,2022-11-15,MAPPED,True
14396,GDP SA QoQ,JPY GDP,2022-11-14 23:50:00+00:00,2022-11-14 18:50:00-05:00,2022-11-15,MAPPED,True
14397,GDP Annualized SA QoQ,JPY GDP,2022-11-14 23:50:00+00:00,2022-11-14 18:50:00-05:00,2022-11-15,MAPPED,True
14408,Natl CPI YoY,JPY National CPI,2022-11-17 23:30:00+00:00,2022-11-17 18:30:00-05:00,2022-11-18,MAPPED,True
14436,Change in Nonfarm Payrolls,US Employment,2022-12-02 13:30:00+00:00,2022-12-02 08:30:00-05:00,2022-12-02,MAPPED,True
14437,Unemployment Rate,US Employment,2022-12-02 13:30:00+00:00,2022-12-02 08:30:00-05:00,2022-12-02,MAPPED,True
14443,GDP Annualized SA QoQ,JPY GDP,2022-12-07 23:50:00+00:00,2022-12-07 18:50:00-05:00,2022-12-08,MAPPED,True
14444,GDP Deflator YoY,JPY GDP,2022-12-07 23:50:00+00:00,2022-12-07 18:50:00-05:00,2022-12-08,MAPPED,True
14445,GDP SA QoQ,JPY GDP,2022-12-07 23:50:00+00:00,2022-12-07 18:50:00-05:00,2022-12-08,MAPPED,True
14452,CPI YoY,US CPI,2022-12-13 13:30:00+00:00,2022-12-13 08:30:00-05:00,2022-12-13,MAPPED,True
14453,CPI MoM,US CPI,2022-12-13 13:30:00+00:00,2022-12-13 08:30:00-05:00,2022-12-13,MAPPED,True
14462,FOMC Rate Decision (Upper Bound),FOMC,2022-12-14 19:00:00+00:00,2022-12-14 14:00:00-05:00,2022-12-14,MAPPED,True
14470,BOJ Target Rate,BoJ,2022-12-20 03:01:00+00:00,2022-12-19 22:01:00-05:00,2022-12-20,MAPPED,True
14478,Natl CPI YoY,JPY National CPI,2022-12-22 23:30:00+00:00,2022-12-22 18:30:00-05:00,2022-12-23,MAPPED,True
14498,Unemployment Rate,US Employment,2023-01-06 13:30:00+00:00,2023-01-06 08:30:00-05:00,2023-01-06,MAPPED,True
14499,Change in Nonfarm Payrolls,US Employment,2023-01-06 13:30:00+00:00,2023-01-06 08:30:00-05:00,2023-01-06,MAPPED,True
14508,CPI MoM,US CPI,2023-01-12 13:30:00+00:00,2023-01-12 08:30:00-05:00,2023-01-12,MAPPED,True
14509,CPI YoY,US CPI,2023-01-12 13:30:00+00:00,2023-01-12 08:30:00-05:00,2023-01-12,MAPPED,True
14515,BOJ Target Rate,BoJ,2023-01-18 02:40:00+00:00,2023-01-17 21:40:00-05:00,2023-01-18,MAPPED,True
14523,Natl CPI YoY,JPY National CPI,2023-01-19 23:30:00+00:00,2023-01-19 18:30:00-05:00,2023-01-20,MAPPED,True
14549,FOMC Rate Decision (Upper Bound),FOMC,2023-02-01 19:00:00+00:00,2023-02-01 14:00:00-05:00,2023-02-01,MAPPED,True
14553,Unemployment Rate,US Employment,2023-02-03 13:30:00+00:00,2023-02-03 08:30:00-05:00,2023-02-03,MAPPED,True
14554,Change in Nonfarm Payrolls,US Employment,2023-02-03 13:30:00+00:00,2023-02-03 08:30:00-05:00,2023-02-03,MAPPED,True
14563,GDP Deflator YoY,JPY GDP,2023-02-13 23:50:00+00:00,2023-02-13 18:50:00-05:00,2023-02-14,MAPPED,True
14564,GDP SA QoQ,JPY GDP,2023-02-13 23:50:00+00:00,2023-02-13 18:50:00-05:00,2023-02-14,MAPPED,True
14565,GDP Annualized SA QoQ,JPY GDP,2023-02-13 23:50:00+00:00,2023-02-13 18:50:00-05:00,2023-02-14,MAPPED,True
14567,CPI MoM,US CPI,2023-02-14 13:30:00+00:00,2023-02-14 08:30:00-05:00,2023-02-14,MAPPED,True
14568,CPI YoY,US CPI,2023-02-14 13:30:00+00:00,2023-02-14 08:30:00-05:00,2023-02-14,MAPPED,True
14585,Natl CPI YoY,JPY National CPI,2023-02-23 23:30:00+00:00,2023-02-23 18:30:00-05:00,2023-02-24,MAPPED,True
14613,GDP Annualized SA QoQ,JPY GDP,2023-03-08 23:50:00+00:00,2023-03-08 18:50:00-05:00,2023-03-09,MAPPED,True
14614,GDP SA QoQ,JPY GDP,2023-03-08 23:50:00+00:00,2023-03-08 18:50:00-05:00,2023-03-09,MAPPED,True
14615,GDP Deflator YoY,JPY GDP,2023-03-08 23:50:00+00:00,2023-03-08 18:50:00-05:00,2023-03-09,MAPPED,True
14618,BOJ Target Rate,BoJ,2023-03-10 02:30:00+00:00,2023-03-09 21:30:00-05:00,2023-03-10,MAPPED,True
14619,Unemployment Rate,US Employment,2023-03-10 13:30:00+00:00,2023-03-10 08:30:00-05:00,2023-03-10,MAPPED,True
14620,Change in Nonfarm Payrolls,US Employment,2023-03-10 13:30:00+00:00,2023-03-10 08:30:00-05:00,2023-03-10,MAPPED,True
14621,CPI MoM,US CPI,2023-03-14 12:30:00+00:00,2023-03-14 08:30:00-04:00,2023-03-14,MAPPED,True
14622,CPI YoY,US CPI,2023-03-14 12:30:00+00:00,2023-03-14 08:30:00-04:00,2023-03-14,MAPPED,True
14637,FOMC Rate Decision (Upper Bound),FOMC,2023-03-22 18:00:00+00:00,2023-03-22 14:00:00-04:00,2023-03-22,MAPPED,True
14640,Natl CPI YoY,JPY National CPI,2023-03-23 23:30:00+00:00,2023-03-23 19:30:00-04:00,2023-03-24,MAPPED,True
14673,Unemployment Rate,US Employment,2023-04-07 13:30:00+00:00,2023-04-07 09:30:00-04:00,2023-04-07,MAPPED,True
14674,Change in Nonfarm Payrolls,US Employment,2023-04-07 13:30:00+00:00,2023-04-07 09:30:00-04:00,2023-04-07,MAPPED,True
14680,CPI MoM,US CPI,2023-04-12 13:30:00+00:00,2023-04-12 09:30:00-04:00,2023-04-12,MAPPED,True
14681,CPI YoY,US CPI,2023-04-12 13:30:00+00:00,2023-04-12 09:30:00-04:00,2023-04-12,MAPPED,True
14695,Natl CPI YoY,JPY National CPI,2023-04-21 00:30:00+00:00,2023-04-20 20:30:00-04:00,2023-04-21,MAPPED,True
14709,BOJ Target Rate,BoJ,2023-04-28 05:00:00+00:00,2023-04-28 01:00:00-04:00,2023-04-28,MAPPED,True
14723,FOMC Rate Decision (Upper Bound),FOMC,2023-05-03 19:00:00+00:00,2023-05-03 15:00:00-04:00,2023-05-03,MAPPED,True
14726,Change in Nonfarm Payrolls,US Employment,2023-05-05 13:30:00+00:00,2023-05-05 09:30:00-04:00,2023-05-05,MAPPED,True
14727,Unemployment Rate,US Employment,2023-05-05 13:30:00+00:00,2023-05-05 09:30:00-04:00,2023-05-05,MAPPED,True
14730,CPI YoY,US CPI,2023-05-10 13:30:00+00:00,2023-05-10 09:30:00-04:00,2023-05-10,MAPPED,True
14731,CPI MoM,US CPI,2023-05-10 13:30:00+00:00,2023-05-10 09:30:00-04:00,2023-05-10,MAPPED,True
14740,GDP Deflator YoY,JPY GDP,2023-05-17 00:50:00+00:00,2023-05-16 20:50:00-04:00,2023-05-17,MAPPED,True
14741,GDP SA QoQ,JPY GDP,2023-05-17 00:50:00+00:00,2023-05-16 20:50:00-04:00,2023-05-17,MAPPED,True
14742,GDP Annualized SA QoQ,JPY GDP,2023-05-17 00:50:00+00:00,2023-05-16 20:50:00-04:00,2023-05-17,MAPPED,True
14749,Natl CPI YoY,JPY National CPI,2023-05-19 00:30:00+00:00,2023-05-18 20:30:00-04:00,2023-05-19,MAPPED,True
14777,Unemployment Rate,US Employment,2023-06-02 13:30:00+00:00,2023-06-02 09:30:00-04:00,2023-06-02,MAPPED,True
14778,Change in Nonfarm Payrolls,US Employment,2023-06-02 13:30:00+00:00,2023-06-02 09:30:00-04:00,2023-06-02,MAPPED,True
14784,GDP Annualized SA QoQ,JPY GDP,2023-06-08 00:50:00+00:00,2023-06-07 20:50:00-04:00,2023-06-08,MAPPED,True
14785,GDP SA QoQ,JPY GDP,2023-06-08 00:50:00+00:00,2023-06-07 20:50:00-04:00,2023-06-08,MAPPED,True
14787,GDP Deflator YoY,JPY GDP,2023-06-08 00:50:00+00:00,2023-06-07 20:50:00-04:00,2023-06-08,MAPPED,True
14791,CPI YoY,US CPI,2023-06-13 13:30:00+00:00,2023-06-13 09:30:00-04:00,2023-06-13,MAPPED,True
14792,CPI MoM,US CPI,2023-06-13 13:30:00+00:00,2023-06-13 09:30:00-04:00,2023-06-13,MAPPED,True
14795,FOMC Rate Decision (Upper Bound),FOMC,2023-06-14 19:00:00+00:00,2023-06-14 15:00:00-04:00,2023-06-14,MAPPED,True
14802,BOJ Target Rate,BoJ,2023-06-16 03:47:00+00:00,2023-06-15 23:47:00-04:00,2023-06-16,MAPPED,True
14810,Natl CPI YoY,JPY National CPI,2023-06-23 00:30:00+00:00,2023-06-22 20:30:00-04:00,2023-06-23,MAPPED,True
14844,Unemployment Rate,US Employment,2023-07-07 13:30:00+00:00,2023-07-07 09:30:00-04:00,2023-07-07,MAPPED,True
14845,Change in Nonfarm Payrolls,US Employment,2023-07-07 13:30:00+00:00,2023-07-07 09:30:00-04:00,2023-07-07,MAPPED,True
14851,CPI MoM,US CPI,2023-07-12 13:30:00+00:00,2023-07-12 09:30:00-04:00,2023-07-12,MAPPED,True
14852,CPI YoY,US CPI,2023-07-12 13:30:00+00:00,2023-07-12 09:30:00-04:00,2023-07-12,MAPPED,True
14866,Natl CPI YoY,JPY National CPI,2023-07-21 00:30:00+00:00,2023-07-20 20:30:00-04:00,2023-07-21,MAPPED,True
14872,FOMC Rate Decision (Upper Bound),FOMC,2023-07-26 19:00:00+00:00,2023-07-26 15:00:00-04:00,2023-07-26,MAPPED,True
14878,BOJ Target Rate,BoJ,2023-07-28 04:28:00+00:00,2023-07-28 00:28:00-04:00,2023-07-28,MAPPED,True
14896,Change in Nonfarm Payrolls,US Employment,2023-08-04 13:30:00+00:00,2023-08-04 09:30:00-04:00,2023-08-04,MAPPED,True
14897,Unemployment Rate,US Employment,2023-08-04 13:30:00+00:00,2023-08-04 09:30:00-04:00,2023-08-04,MAPPED,True
14904,CPI MoM,US CPI,2023-08-10 13:30:00+00:00,2023-08-10 09:30:00-04:00,2023-08-10,MAPPED,True
14905,CPI YoY,US CPI,2023-08-10 13:30:00+00:00,2023-08-10 09:30:00-04:00,2023-08-10,MAPPED,True
14908,GDP Annualized SA QoQ,JPY GDP,2023-08-15 00:50:00+00:00,2023-08-14 20:50:00-04:00,2023-08-15,MAPPED,True
14909,GDP SA QoQ,JPY GDP,2023-08-15 00:50:00+00:00,2023-08-14 20:50:00-04:00,2023-08-15,MAPPED,True
14910,GDP Deflator YoY,JPY GDP,2023-08-15 00:50:00+00:00,2023-08-14 20:50:00-04:00,2023-08-15,MAPPED,True
14921,Natl CPI YoY,JPY National CPI,2023-08-18 00:30:00+00:00,2023-08-17 20:30:00-04:00,2023-08-18,MAPPED,True
14945,Change in Nonfarm Payrolls,US Employment,2023-09-01 13:30:00+00:00,2023-09-01 09:30:00-04:00,2023-09-01,MAPPED,True
14946,Unemployment Rate,US Employment,2023-09-01 13:30:00+00:00,2023-09-01 09:30:00-04:00,2023-09-01,MAPPED,True
14956,GDP Deflator YoY,JPY GDP,2023-09-08 00:50:00+00:00,2023-09-07 20:50:00-04:00,2023-09-08,MAPPED,True
14958,GDP Annualized SA QoQ,JPY GDP,2023-09-08 00:50:00+00:00,2023-09-07 20:50:00-04:00,2023-09-08,MAPPED,True
14959,GDP SA QoQ,JPY GDP,2023-09-08 00:50:00+00:00,2023-09-07 20:50:00-04:00,2023-09-08,MAPPED,True
14963,CPI MoM,US CPI,2023-09-13 13:30:00+00:00,2023-09-13 09:30:00-04:00,2023-09-13,MAPPED,True
14964,CPI YoY,US CPI,2023-09-13 13:30:00+00:00,2023-09-13 09:30:00-04:00,2023-09-13,MAPPED,True
14976,FOMC Rate Decision (Upper Bound),FOMC,2023-09-20 19:00:00+00:00,2023-09-20 15:00:00-04:00,2023-09-20,MAPPED,True
14980,Natl CPI YoY,JPY National CPI,2023-09-22 00:30:00+00:00,2023-09-21 20:30:00-04:00,2023-09-22,MAPPED,True
14982,BOJ Target Rate,BoJ,2023-09-22 03:52:00+00:00,2023-09-21 23:52:00-04:00,2023-09-22,MAPPED,True
15015,Change in Nonfarm Payrolls,US Employment,2023-10-06 13:30:00+00:00,2023-10-06 09:30:00-04:00,2023-10-06,MAPPED,True
15016,Unemployment Rate,US Employment,2023-10-06 13:30:00+00:00,2023-10-06 09:30:00-04:00,2023-10-06,MAPPED,True
15023,CPI YoY,US CPI,2023-10-12 13:30:00+00:00,2023-10-12 09:30:00-04:00,2023-10-12,MAPPED,True
15024,CPI MoM,US CPI,2023-10-12 13:30:00+00:00,2023-10-12 09:30:00-04:00,2023-10-12,MAPPED,True
15037,Natl CPI YoY,JPY National CPI,2023-10-20 00:30:00+00:00,2023-10-19 20:30:00-04:00,2023-10-20,MAPPED,True
15053,BOJ Target Rate,BoJ,2023-10-31 03:27:00+00:00,2023-10-30 23:27:00-04:00,2023-10-31,MAPPED,True
15062,FOMC Rate Decision (Upper Bound),FOMC,2023-11-01 18:00:00+00:00,2023-11-01 14:00:00-04:00,2023-11-01,MAPPED,True
15066,Unemployment Rate,US Employment,2023-11-03 12:30:00+00:00,2023-11-03 08:30:00-04:00,2023-11-03,MAPPED,True
15067,Change in Nonfarm Payrolls,US Employment,2023-11-03 12:30:00+00:00,2023-11-03 08:30:00-04:00,2023-11-03,MAPPED,True
15076,CPI YoY,US CPI,2023-11-14 13:30:00+00:00,2023-11-14 08:30:00-05:00,2023-11-14,MAPPED,True
15077,CPI MoM,US CPI,2023-11-14 13:30:00+00:00,2023-11-14 08:30:00-05:00,2023-11-14,MAPPED,True
15078,GDP Deflator YoY,JPY GDP,2023-11-14 23:50:00+00:00,2023-11-14 18:50:00-05:00,2023-11-15,MAPPED,True
15079,GDP SA QoQ,JPY GDP,2023-11-14 23:50:00+00:00,2023-11-14 18:50:00-05:00,2023-11-15,MAPPED,True
15080,GDP Annualized SA QoQ,JPY GDP,2023-11-14 23:50:00+00:00,2023-11-14 18:50:00-05:00,2023-11-15,MAPPED,True
15097,Natl CPI YoY,JPY National CPI,2023-11-23 23:30:00+00:00,2023-11-23 18:30:00-05:00,2023-11-24,MAPPED,True
15127,GDP Annualized SA QoQ,JPY GDP,2023-12-07 23:50:00+00:00,2023-12-07 18:50:00-05:00,2023-12-08,MAPPED,True
15128,GDP SA QoQ,JPY GDP,2023-12-07 23:50:00+00:00,2023-12-07 18:50:00-05:00,2023-12-08,MAPPED,True
15129,GDP Deflator YoY,JPY GDP,2023-12-07 23:50:00+00:00,2023-12-07 18:50:00-05:00,2023-12-08,MAPPED,True
15130,Change in Nonfarm Payrolls,US Employment,2023-12-08 13:30:00+00:00,2023-12-08 08:30:00-05:00,2023-12-08,MAPPED,True
15131,Unemployment Rate,US Employment,2023-12-08 13:30:00+00:00,2023-12-08 08:30:00-05:00,2023-12-08,MAPPED,True
15134,CPI MoM,US CPI,2023-12-12 13:30:00+00:00,2023-12-12 08:30:00-05:00,2023-12-12,MAPPED,True
15135,CPI YoY,US CPI,2023-12-12 13:30:00+00:00,2023-12-12 08:30:00-05:00,2023-12-12,MAPPED,True
15143,FOMC Rate Decision (Upper Bound),FOMC,2023-12-13 19:00:00+00:00,2023-12-13 14:00:00-05:00,2023-12-13,MAPPED,True
15153,BOJ Target Rate,BoJ,2023-12-19 02:49:00+00:00,2023-12-18 21:49:00-05:00,2023-12-19,MAPPED,True
15161,Natl CPI YoY,JPY National CPI,2023-12-21 23:30:00+00:00,2023-12-21 18:30:00-05:00,2023-12-22,MAPPED,True
15180,Change in Nonfarm Payrolls,US Employment,2024-01-05 13:30:00+00:00,2024-01-05 08:30:00-05:00,2024-01-05,MAPPED,True
15181,Unemployment Rate,US Employment,2024-01-05 13:30:00+00:00,2024-01-05 08:30:00-05:00,2024-01-05,MAPPED,True
15190,CPI MoM,US CPI,2024-01-11 13:30:00+00:00,2024-01-11 08:30:00-05:00,2024-01-11,MAPPED,True
15191,CPI YoY,US CPI,2024-01-11 13:30:00+00:00,2024-01-11 08:30:00-05:00,2024-01-11,MAPPED,True
15203,Natl CPI YoY,JPY National CPI,2024-01-18 23:30:00+00:00,2024-01-18 18:30:00-05:00,2024-01-19,MAPPED,True
15208,BOJ Target Rate,BoJ,2024-01-23 03:09:00+00:00,2024-01-22 22:09:00-05:00,2024-01-23,MAPPED,True
15227,FOMC Rate Decision (Upper Bound),FOMC,2024-01-31 19:00:00+00:00,2024-01-31 14:00:00-05:00,2024-01-31,MAPPED,True
15233,Unemployment Rate,US Employment,2024-02-02 13:30:00+00:00,2024-02-02 08:30:00-05:00,2024-02-02,MAPPED,True
15234,Change in Nonfarm Payrolls,US Employment,2024-02-02 13:30:00+00:00,2024-02-02 08:30:00-05:00,2024-02-02,MAPPED,True
15245,CPI MoM,US CPI,2024-02-13 13:30:00+00:00,2024-02-13 08:30:00-05:00,2024-02-13,MAPPED,True
15246,CPI YoY,US CPI,2024-02-13 13:30:00+00:00,2024-02-13 08:30:00-05:00,2024-02-13,MAPPED,True
15248,GDP Deflator YoY,JPY GDP,2024-02-14 23:50:00+00:00,2024-02-14 18:50:00-05:00,2024-02-15,MAPPED,True
15249,GDP Annualized SA QoQ,JPY GDP,2024-02-14 23:50:00+00:00,2024-02-14 18:50:00-05:00,2024-02-15,MAPPED,True
15250,GDP SA QoQ,JPY GDP,2024-02-14 23:50:00+00:00,2024-02-14 18:50:00-05:00,2024-02-15,MAPPED,True
15268,Natl CPI YoY,JPY National CPI,2024-02-26 23:30:00+00:00,2024-02-26 18:30:00-05:00,2024-02-27,MAPPED,True
15297,Change in Nonfarm Payrolls,US Employment,2024-03-08 13:30:00+00:00,2024-03-08 08:30:00-05:00,2024-03-08,MAPPED,True
15298,Unemployment Rate,US Employment,2024-03-08 13:30:00+00:00,2024-03-08 08:30:00-05:00,2024-03-08,MAPPED,True
15299,GDP Deflator YoY,JPY GDP,2024-03-10 23:50:00+00:00,2024-03-10 19:50:00-04:00,2024-03-11,MAPPED,True
15300,GDP SA QoQ,JPY GDP,2024-03-10 23:50:00+00:00,2024-03-10 19:50:00-04:00,2024-03-11,MAPPED,True
15301,GDP Annualized SA QoQ,JPY GDP,2024-03-10 23:50:00+00:00,2024-03-10 19:50:00-04:00,2024-03-11,MAPPED,True
15303,CPI YoY,US CPI,2024-03-12 12:30:00+00:00,2024-03-12 08:30:00-04:00,2024-03-12,MAPPED,True
15304,CPI MoM,US CPI,2024-03-12 12:30:00+00:00,2024-03-12 08:30:00-04:00,2024-03-12,MAPPED,True
15314,BOJ Target Rate,BoJ,2024-03-19 03:36:00+00:00,2024-03-18 23:36:00-04:00,2024-03-19,MAPPED,True
15318,FOMC Rate Decision (Upper Bound),FOMC,2024-03-20 18:00:00+00:00,2024-03-20 14:00:00-04:00,2024-03-20,MAPPED,True
15324,Natl CPI YoY,JPY National CPI,2024-03-21 23:30:00+00:00,2024-03-21 19:30:00-04:00,2024-03-22,MAPPED,True
15356,Unemployment Rate,US Employment,2024-04-05 13:30:00+00:00,2024-04-05 09:30:00-04:00,2024-04-05,MAPPED,True
15357,Change in Nonfarm Payrolls,US Employment,2024-04-05 13:30:00+00:00,2024-04-05 09:30:00-04:00,2024-04-05,MAPPED,True
15361,CPI MoM,US CPI,2024-04-10 13:30:00+00:00,2024-04-10 09:30:00-04:00,2024-04-10,MAPPED,True
15362,CPI YoY,US CPI,2024-04-10 13:30:00+00:00,2024-04-10 09:30:00-04:00,2024-04-10,MAPPED,True
15378,Natl CPI YoY,JPY National CPI,2024-04-19 00:30:00+00:00,2024-04-18 20:30:00-04:00,2024-04-19,MAPPED,True
15388,BOJ Target Rate,BoJ,2024-04-26 04:22:00+00:00,2024-04-26 00:22:00-04:00,2024-04-26,MAPPED,True
15403,FOMC Rate Decision (Upper Bound),FOMC,2024-05-01 19:00:00+00:00,2024-05-01 15:00:00-04:00,2024-05-01,MAPPED,True
15408,Unemployment Rate,US Employment,2024-05-03 13:30:00+00:00,2024-05-03 09:30:00-04:00,2024-05-03,MAPPED,True
15409,Change in Nonfarm Payrolls,US Employment,2024-05-03 13:30:00+00:00,2024-05-03 09:30:00-04:00,2024-05-03,MAPPED,True
15419,CPI MoM,US CPI,2024-05-15 13:30:00+00:00,2024-05-15 09:30:00-04:00,2024-05-15,MAPPED,True
15421,CPI YoY,US CPI,2024-05-15 13:30:00+00:00,2024-05-15 09:30:00-04:00,2024-05-15,MAPPED,True
15423,GDP SA QoQ,JPY GDP,2024-05-16 00:50:00+00:00,2024-05-15 20:50:00-04:00,2024-05-16,MAPPED,True
15424,GDP Annualized SA QoQ,JPY GDP,2024-05-16 00:50:00+00:00,2024-05-15 20:50:00-04:00,2024-05-16,MAPPED,True
15425,GDP Deflator YoY,JPY GDP,2024-05-16 00:50:00+00:00,2024-05-15 20:50:00-04:00,2024-05-16,MAPPED,True
15439,Natl CPI YoY,JPY National CPI,2024-05-24 00:30:00+00:00,2024-05-23 20:30:00-04:00,2024-05-24,MAPPED,True
15466,Change in Nonfarm Payrolls,US Employment,2024-06-07 13:30:00+00:00,2024-06-07 09:30:00-04:00,2024-06-07,MAPPED,True
15467,Unemployment Rate,US Employment,2024-06-07 13:30:00+00:00,2024-06-07 09:30:00-04:00,2024-06-07,MAPPED,True
15469,GDP Deflator YoY,JPY GDP,2024-06-10 00:50:00+00:00,2024-06-09 20:50:00-04:00,2024-06-10,MAPPED,True
15471,GDP SA QoQ,JPY GDP,2024-06-10 00:50:00+00:00,2024-06-09 20:50:00-04:00,2024-06-10,MAPPED,True
15472,GDP Annualized SA QoQ,JPY GDP,2024-06-10 00:50:00+00:00,2024-06-09 20:50:00-04:00,2024-06-10,MAPPED,True
15475,CPI YoY,US CPI,2024-06-12 13:30:00+00:00,2024-06-12 09:30:00-04:00,2024-06-12,MAPPED,True
15476,CPI MoM,US CPI,2024-06-12 13:30:00+00:00,2024-06-12 09:30:00-04:00,2024-06-12,MAPPED,True
15477,FOMC Rate Decision (Upper Bound),FOMC,2024-06-12 19:00:00+00:00,2024-06-12 15:00:00-04:00,2024-06-12,MAPPED,True
15480,BOJ Target Rate,BoJ,2024-06-14 04:23:00+00:00,2024-06-14 00:23:00-04:00,2024-06-14,MAPPED,True
15491,Natl CPI YoY,JPY National CPI,2024-06-21 00:30:00+00:00,2024-06-20 20:30:00-04:00,2024-06-21,MAPPED,True
15527,Unemployment Rate,US Employment,2024-07-05 13:30:00+00:00,2024-07-05 09:30:00-04:00,2024-07-05,MAPPED,True
15528,Change in Nonfarm Payrolls,US Employment,2024-07-05 13:30:00+00:00,2024-07-05 09:30:00-04:00,2024-07-05,MAPPED,True
15534,CPI MoM,US CPI,2024-07-11 13:30:00+00:00,2024-07-11 09:30:00-04:00,2024-07-11,MAPPED,True
15536,CPI YoY,US CPI,2024-07-11 13:30:00+00:00,2024-07-11 09:30:00-04:00,2024-07-11,MAPPED,True
15548,Natl CPI YoY,JPY National CPI,2024-07-19 00:30:00+00:00,2024-07-18 20:30:00-04:00,2024-07-19,MAPPED,True
15566,BOJ Target Rate,BoJ,2024-07-31 04:56:00.986000+00:00,2024-07-31 00:56:00.986000-04:00,2024-07-31,MAPPED,True
15570,FOMC Rate Decision (Upper Bound),FOMC,2024-07-31 19:00:00+00:00,2024-07-31 15:00:00-04:00,2024-07-31,MAPPED,True
15576,Unemployment Rate,US Employment,2024-08-02 13:30:00+00:00,2024-08-02 09:30:00-04:00,2024-08-02,MAPPED,True
15577,Change in Nonfarm Payrolls,US Employment,2024-08-02 13:30:00+00:00,2024-08-02 09:30:00-04:00,2024-08-02,MAPPED,True
15589,CPI MoM,US CPI,2024-08-14 13:30:00+00:00,2024-08-14 09:30:00-04:00,2024-08-14,MAPPED,True
15590,CPI YoY,US CPI,2024-08-14 13:30:00+00:00,2024-08-14 09:30:00-04:00,2024-08-14,MAPPED,True
15591,GDP Deflator YoY,JPY GDP,2024-08-15 00:50:00+00:00,2024-08-14 20:50:00-04:00,2024-08-15,MAPPED,True
15592,GDP SA QoQ,JPY GDP,2024-08-15 00:50:00+00:00,2024-08-14 20:50:00-04:00,2024-08-15,MAPPED,True
15593,GDP Annualized SA QoQ,JPY GDP,2024-08-15 00:50:00+00:00,2024-08-14 20:50:00-04:00,2024-08-15,MAPPED,True
15609,Natl CPI YoY,JPY National CPI,2024-08-23 00:30:00+00:00,2024-08-22 20:30:00-04:00,2024-08-23,MAPPED,True
15637,Change in Nonfarm Payrolls,US Employment,2024-09-06 13:30:00+00:00,2024-09-06 09:30:00-04:00,2024-09-06,MAPPED,True
15638,Unemployment Rate,US Employment,2024-09-06 13:30:00+00:00,2024-09-06 09:30:00-04:00,2024-09-06,MAPPED,True
15640,GDP Deflator YoY,JPY GDP,2024-09-09 00:50:00+00:00,2024-09-08 20:50:00-04:00,2024-09-09,MAPPED,True
15641,GDP Annualized SA QoQ,JPY GDP,2024-09-09 00:50:00+00:00,2024-09-08 20:50:00-04:00,2024-09-09,MAPPED,True
15642,GDP SA QoQ,JPY GDP,2024-09-09 00:50:00+00:00,2024-09-08 20:50:00-04:00,2024-09-09,MAPPED,True
15645,CPI MoM,US CPI,2024-09-11 13:30:00+00:00,2024-09-11 09:30:00-04:00,2024-09-11,MAPPED,True
15646,CPI YoY,US CPI,2024-09-11 13:30:00+00:00,2024-09-11 09:30:00-04:00,2024-09-11,MAPPED,True
15659,FOMC Rate Decision (Upper Bound),FOMC,2024-09-18 19:00:00+00:00,2024-09-18 15:00:00-04:00,2024-09-18,MAPPED,True
15663,Natl CPI YoY,JPY National CPI,2024-09-20 00:30:00+00:00,2024-09-19 20:30:00-04:00,2024-09-20,MAPPED,True
15664,BOJ Target Rate,BoJ,2024-09-20 03:52:00+00:00,2024-09-19 23:52:00-04:00,2024-09-20,MAPPED,True
15697,Change in Nonfarm Payrolls,US Employment,2024-10-04 13:30:00+00:00,2024-10-04 09:30:00-04:00,2024-10-04,MAPPED,True
15698,Unemployment Rate,US Employment,2024-10-04 13:30:00+00:00,2024-10-04 09:30:00-04:00,2024-10-04,MAPPED,True
15704,CPI YoY,US CPI,2024-10-10 13:30:00+00:00,2024-10-10 09:30:00-04:00,2024-10-10,MAPPED,True
15706,CPI MoM,US CPI,2024-10-10 13:30:00+00:00,2024-10-10 09:30:00-04:00,2024-10-10,MAPPED,True
15717,Natl CPI YoY,JPY National CPI,2024-10-18 00:30:00+00:00,2024-10-17 20:30:00-04:00,2024-10-18,MAPPED,True
15737,BOJ Target Rate,BoJ,2024-10-31 02:48:00+00:00,2024-10-30 22:48:00-04:00,2024-10-31,MAPPED,True
15743,Change in Nonfarm Payrolls,US Employment,2024-11-01 12:30:00+00:00,2024-11-01 08:30:00-04:00,2024-11-01,MAPPED,True
15744,Unemployment Rate,US Employment,2024-11-01 12:30:00+00:00,2024-11-01 08:30:00-04:00,2024-11-01,MAPPED,True
15755,FOMC Rate Decision (Upper Bound),FOMC,2024-11-07 19:00:00+00:00,2024-11-07 14:00:00-05:00,2024-11-07,MAPPED,True
15760,CPI YoY,US CPI,2024-11-13 13:30:00+00:00,2024-11-13 08:30:00-05:00,2024-11-13,MAPPED,True
15761,CPI MoM,US CPI,2024-11-13 13:30:00+00:00,2024-11-13 08:30:00-05:00,2024-11-13,MAPPED,True
15764,GDP SA QoQ,JPY GDP,2024-11-14 23:50:00+00:00,2024-11-14 18:50:00-05:00,2024-11-15,MAPPED,True
15765,GDP Deflator YoY,JPY GDP,2024-11-14 23:50:00+00:00,2024-11-14 18:50:00-05:00,2024-11-15,MAPPED,True
15766,GDP Annualized SA QoQ,JPY GDP,2024-11-14 23:50:00+00:00,2024-11-14 18:50:00-05:00,2024-11-15,MAPPED,True
15778,Natl CPI YoY,JPY National CPI,2024-11-21 23:30:00+00:00,2024-11-21 18:30:00-05:00,2024-11-22,MAPPED,True
15808,Change in Nonfarm Payrolls,US Employment,2024-12-06 13:30:00+00:00,2024-12-06 08:30:00-05:00,2024-12-06,MAPPED,True
15809,Unemployment Rate,US Employment,2024-12-06 13:30:00+00:00,2024-12-06 08:30:00-05:00,2024-12-06,MAPPED,True
15811,GDP Annualized SA QoQ,JPY GDP,2024-12-08 23:50:00+00:00,2024-12-08 18:50:00-05:00,2024-12-09,MAPPED,True
15813,GDP Deflator YoY,JPY GDP,2024-12-08 23:50:00+00:00,2024-12-08 18:50:00-05:00,2024-12-09,MAPPED,True
15814,GDP SA QoQ,JPY GDP,2024-12-08 23:50:00+00:00,2024-12-08 18:50:00-05:00,2024-12-09,MAPPED,True
15818,CPI YoY,US CPI,2024-12-11 13:30:00+00:00,2024-12-11 08:30:00-05:00,2024-12-11,MAPPED,True
15819,CPI MoM,US CPI,2024-12-11 13:30:00+00:00,2024-12-11 08:30:00-05:00,2024-12-11,MAPPED,True
15837,FOMC Rate Decision (Upper Bound),FOMC,2024-12-18 19:00:00+00:00,2024-12-18 14:00:00-05:00,2024-12-18,MAPPED,True
15838,BOJ Target Rate,BoJ,2024-12-19 02:52:00+00:00,2024-12-18 21:52:00-05:00,2024-12-19,MAPPED,True
15843,Natl CPI YoY,JPY National CPI,2024-12-19 23:30:00+00:00,2024-12-19 18:30:00-05:00,2024-12-20,MAPPED,True
15872,Change in Nonfarm Payrolls,US Employment,2025-01-10 13:30:00+00:00,2025-01-10 08:30:00-05:00,2025-01-10,MAPPED,True
15873,Unemployment Rate,US Employment,2025-01-10 13:30:00+00:00,2025-01-10 08:30:00-05:00,2025-01-10,MAPPED,True
15878,CPI MoM,US CPI,2025-01-15 13:30:00+00:00,2025-01-15 08:30:00-05:00,2025-01-15,MAPPED,True
15880,CPI YoY,US CPI,2025-01-15 13:30:00+00:00,2025-01-15 08:30:00-05:00,2025-01-15,MAPPED,True
15892,Natl CPI YoY,JPY National CPI,2025-01-23 23:30:00+00:00,2025-01-23 18:30:00-05:00,2025-01-24,MAPPED,True
15894,BOJ Target Rate,BoJ,2025-01-24 03:23:00+00:00,2025-01-23 22:23:00-05:00,2025-01-24,MAPPED,True
15903,FOMC Rate Decision (Upper Bound),FOMC,2025-01-29 19:00:00+00:00,2025-01-29 14:00:00-05:00,2025-01-29,MAPPED,True
15924,Unemployment Rate,US Employment,2025-02-07 13:30:00+00:00,2025-02-07 08:30:00-05:00,2025-02-07,MAPPED,True
15925,Change in Nonfarm Payrolls,US Employment,2025-02-07 13:30:00+00:00,2025-02-07 08:30:00-05:00,2025-02-07,MAPPED,True
15930,CPI YoY,US CPI,2025-02-12 13:30:00+00:00,2025-02-12 08:30:00-05:00,2025-02-12,MAPPED,True
15931,CPI MoM,US CPI,2025-02-12 13:30:00+00:00,2025-02-12 08:30:00-05:00,2025-02-12,MAPPED,True
15937,GDP Annualized SA QoQ,JPY GDP,2025-02-16 23:50:00+00:00,2025-02-16 18:50:00-05:00,2025-02-17,MAPPED,True
15938,GDP Deflator YoY,JPY GDP,2025-02-16 23:50:00+00:00,2025-02-16 18:50:00-05:00,2025-02-17,MAPPED,True
15939,GDP SA QoQ,JPY GDP,2025-02-16 23:50:00+00:00,2025-02-16 18:50:00-05:00,2025-02-17,MAPPED,True
15948,Natl CPI YoY,JPY National CPI,2025-02-20 23:30:00+00:00,2025-02-20 18:30:00-05:00,2025-02-21,MAPPED,True
15980,Change in Nonfarm Payrolls,US Employment,2025-03-07 13:30:00+00:00,2025-03-07 08:30:00-05:00,2025-03-07,MAPPED,True
15981,Unemployment Rate,US Employment,2025-03-07 13:30:00+00:00,2025-03-07 08:30:00-05:00,2025-03-07,MAPPED,True
15983,GDP SA QoQ,JPY GDP,2025-03-10 23:50:00+00:00,2025-03-10 19:50:00-04:00,2025-03-11,MAPPED,True
15984,GDP Deflator YoY,JPY GDP,2025-03-10 23:50:00+00:00,2025-03-10 19:50:00-04:00,2025-03-11,MAPPED,True
15985,GDP Annualized SA QoQ,JPY GDP,2025-03-10 23:50:00+00:00,2025-03-10 19:50:00-04:00,2025-03-11,MAPPED,True
15988,CPI YoY,US CPI,2025-03-12 12:30:00+00:00,2025-03-12 08:30:00-04:00,2025-03-12,MAPPED,True
15989,CPI MoM,US CPI,2025-03-12 12:30:00+00:00,2025-03-12 08:30:00-04:00,2025-03-12,MAPPED,True
15999,BOJ Target Rate,BoJ,2025-03-19 02:25:00+00:00,2025-03-18 22:25:00-04:00,2025-03-19,MAPPED,True
16002,FOMC Rate Decision (Upper Bound),FOMC,2025-03-19 18:00:00+00:00,2025-03-19 14:00:00-04:00,2025-03-19,MAPPED,True
16006,Natl CPI YoY,JPY National CPI,2025-03-20 23:30:00+00:00,2025-03-20 19:30:00-04:00,2025-03-21,MAPPED,True
16040,Unemployment Rate,US Employment,2025-04-04 13:30:00+00:00,2025-04-04 09:30:00-04:00,2025-04-04,MAPPED,True
16041,Change in Nonfarm Payrolls,US Employment,2025-04-04 13:30:00+00:00,2025-04-04 09:30:00-04:00,2025-04-04,MAPPED,True
16046,CPI YoY,US CPI,2025-04-10 13:30:00+00:00,2025-04-10 09:30:00-04:00,2025-04-10,MAPPED,True
16047,CPI MoM,US CPI,2025-04-10 13:30:00+00:00,2025-04-10 09:30:00-04:00,2025-04-10,MAPPED,True
16059,Natl CPI YoY,JPY National CPI,2025-04-18 00:30:00+00:00,2025-04-17 20:30:00-04:00,2025-04-18,MAPPED,True
16081,BOJ Target Rate,BoJ,2025-05-01 04:02:00+00:00,2025-05-01 00:02:00-04:00,2025-05-01,MAPPED,True
16088,Change in Nonfarm Payrolls,US Employment,2025-05-02 13:30:00+00:00,2025-05-02 09:30:00-04:00,2025-05-02,MAPPED,True
16089,Unemployment Rate,US Employment,2025-05-02 13:30:00+00:00,2025-05-02 09:30:00-04:00,2025-05-02,MAPPED,True
16095,FOMC Rate Decision (Upper Bound),FOMC,2025-05-07 19:00:00+00:00,2025-05-07 15:00:00-04:00,2025-05-07,MAPPED,True
16099,CPI YoY,US CPI,2025-05-13 13:30:00+00:00,2025-05-13 09:30:00-04:00,2025-05-13,MAPPED,True
16100,CPI MoM,US CPI,2025-05-13 13:30:00+00:00,2025-05-13 09:30:00-04:00,2025-05-13,MAPPED,True
16108,GDP Annualized SA QoQ,JPY GDP,2025-05-16 00:50:00+00:00,2025-05-15 20:50:00-04:00,2025-05-16,MAPPED,True
16109,GDP Deflator YoY,JPY GDP,2025-05-16 00:50:00+00:00,2025-05-15 20:50:00-04:00,2025-05-16,MAPPED,True
16110,GDP SA QoQ,JPY GDP,2025-05-16 00:50:00+00:00,2025-05-15 20:50:00-04:00,2025-05-16,MAPPED,True
16122,Natl CPI YoY,JPY National CPI,2025-05-23 00:30:00+00:00,2025-05-22 20:30:00-04:00,2025-05-23,MAPPED,True
16150,Change in Nonfarm Payrolls,US Employment,2025-06-06 13:30:00+00:00,2025-06-06 09:30:00-04:00,2025-06-06,MAPPED,True
16151,Unemployment Rate,US Employment,2025-06-06 13:30:00+00:00,2025-06-06 09:30:00-04:00,2025-06-06,MAPPED,True
16152,GDP Deflator YoY,JPY GDP,2025-06-09 00:50:00+00:00,2025-06-08 20:50:00-04:00,2025-06-09,MAPPED,True
16153,GDP Annualized SA QoQ,JPY GDP,2025-06-09 00:50:00+00:00,2025-06-08 20:50:00-04:00,2025-06-09,MAPPED,True
16155,GDP SA QoQ,JPY GDP,2025-06-09 00:50:00+00:00,2025-06-08 20:50:00-04:00,2025-06-09,MAPPED,True
16159,CPI YoY,US CPI,2025-06-11 13:30:00+00:00,2025-06-11 09:30:00-04:00,2025-06-11,MAPPED,True
16160,CPI MoM,US CPI,2025-06-11 13:30:00+00:00,2025-06-11 09:30:00-04:00,2025-06-11,MAPPED,True
16167,BOJ Target Rate,BoJ,2025-06-17 04:31:00+00:00,2025-06-17 00:31:00-04:00,2025-06-17,MAPPED,True
16174,FOMC Rate Decision (Upper Bound),FOMC,2025-06-18 19:00:00+00:00,2025-06-18 15:00:00-04:00,2025-06-18,MAPPED,True
16175,Natl CPI YoY,JPY National CPI,2025-06-20 00:30:00+00:00,2025-06-19 20:30:00-04:00,2025-06-20,MAPPED,True
16206,Unemployment Rate,US Employment,2025-07-03 13:30:00+00:00,2025-07-03 09:30:00-04:00,2025-07-03,MAPPED,True
16209,Change in Nonfarm Payrolls,US Employment,2025-07-03 13:30:00+00:00,2025-07-03 09:30:00-04:00,2025-07-03,MAPPED,True
16222,CPI YoY,US CPI,2025-07-15 13:30:00+00:00,2025-07-15 09:30:00-04:00,2025-07-15,MAPPED,True
16223,CPI MoM,US CPI,2025-07-15 13:30:00+00:00,2025-07-15 09:30:00-04:00,2025-07-15,MAPPED,True
16229,Natl CPI YoY,JPY National CPI,2025-07-18 00:30:00+00:00,2025-07-17 20:30:00-04:00,2025-07-18,MAPPED,True
16246,FOMC Rate Decision (Upper Bound),FOMC,2025-07-30 19:00:00+00:00,2025-07-30 15:00:00-04:00,2025-07-30,MAPPED,True
16248,BOJ Target Rate,BoJ,2025-07-31 03:57:00+00:00,2025-07-30 23:57:00-04:00,2025-07-31,MAPPED,True
16256,Change in Nonfarm Payrolls,US Employment,2025-08-01 13:30:00+00:00,2025-08-01 09:30:00-04:00,2025-08-01,MAPPED,True
16257,Unemployment Rate,US Employment,2025-08-01 13:30:00+00:00,2025-08-01 09:30:00-04:00,2025-08-01,MAPPED,True
16270,CPI MoM,US CPI,2025-08-12 13:30:00+00:00,2025-08-12 09:30:00-04:00,2025-08-12,MAPPED,True
16271,CPI YoY,US CPI,2025-08-12 13:30:00+00:00,2025-08-12 09:30:00-04:00,2025-08-12,MAPPED,True
16276,GDP Deflator YoY,JPY GDP,2025-08-15 00:50:00+00:00,2025-08-14 20:50:00-04:00,2025-08-15,MAPPED,True
16277,GDP SA QoQ,JPY GDP,2025-08-15 00:50:00+00:00,2025-08-14 20:50:00-04:00,2025-08-15,MAPPED,True
16278,GDP Annualized SA QoQ,JPY GDP,2025-08-15 00:50:00+00:00,2025-08-14 20:50:00-04:00,2025-08-15,MAPPED,True
16293,Natl CPI YoY,JPY National CPI,2025-08-22 00:30:00+00:00,2025-08-21 20:30:00-04:00,2025-08-22,MAPPED,True
16321,Unemployment Rate,US Employment,2025-09-05 13:30:00+00:00,2025-09-05 09:30:00-04:00,2025-09-05,MAPPED,True
16322,Change in Nonfarm Payrolls,US Employment,2025-09-05 13:30:00+00:00,2025-09-05 09:30:00-04:00,2025-09-05,MAPPED,True
16323,GDP Annualized SA QoQ,JPY GDP,2025-09-08 00:50:00+00:00,2025-09-07 20:50:00-04:00,2025-09-08,MAPPED,True
16324,GDP SA QoQ,JPY GDP,2025-09-08 00:50:00+00:00,2025-09-07 20:50:00-04:00,2025-09-08,MAPPED,True
16325,GDP Deflator YoY,JPY GDP,2025-09-08 00:50:00+00:00,2025-09-07 20:50:00-04:00,2025-09-08,MAPPED,True
16331,CPI YoY,US CPI,2025-09-11 13:30:00+00:00,2025-09-11 09:30:00-04:00,2025-09-11,MAPPED,True
16332,CPI MoM,US CPI,2025-09-11 13:30:00+00:00,2025-09-11 09:30:00-04:00,2025-09-11,MAPPED,True
16342,FOMC Rate Decision (Upper Bound),FOMC,2025-09-17 19:00:00+00:00,2025-09-17 15:00:00-04:00,2025-09-17,MAPPED,True
16346,Natl CPI YoY,JPY National CPI,2025-09-19 00:30:00+00:00,2025-09-18 20:30:00-04:00,2025-09-19,MAPPED,True
16347,BOJ Target Rate,BoJ,2025-09-19 04:47:00+00:00,2025-09-19 00:47:00-04:00,2025-09-19,MAPPED,True
16388,Natl CPI YoY,JPY National CPI,2025-10-24 00:30:00+00:00,2025-10-23 20:30:00-04:00,2025-10-24,MAPPED,True
16390,CPI MoM,US CPI,2025-10-24 13:30:00+00:00,2025-10-24 09:30:00-04:00,2025-10-24,MAPPED,True
16391,CPI YoY,US CPI,2025-10-24 13:30:00+00:00,2025-10-24 09:30:00-04:00,2025-10-24,MAPPED,True
16396,FOMC Rate Decision (Upper Bound),FOMC,2025-10-29 18:00:00+00:00,2025-10-29 14:00:00-04:00,2025-10-29,MAPPED,True
16397,BOJ Target Rate,BoJ,2025-10-30 03:15:00+00:00,2025-10-29 23:15:00-04:00,2025-10-30,MAPPED,True
16414,GDP Annualized SA QoQ,JPY GDP,2025-11-16 23:50:00+00:00,2025-11-16 18:50:00-05:00,2025-11-17,MAPPED,True
16415,GDP SA QoQ,JPY GDP,2025-11-16 23:50:00+00:00,2025-11-16 18:50:00-05:00,2025-11-17,MAPPED,True
16416,GDP Deflator YoY,JPY GDP,2025-11-16 23:50:00+00:00,2025-11-16 18:50:00-05:00,2025-11-17,MAPPED,True
16426,Unemployment Rate,US Employment,2025-11-20 13:30:00+00:00,2025-11-20 08:30:00-05:00,2025-11-20,MAPPED,True
16427,Change in Nonfarm Payrolls,US Employment,2025-11-20 13:30:00+00:00,2025-11-20 08:30:00-05:00,2025-11-20,MAPPED,True
16436,Natl CPI YoY,JPY National CPI,2025-11-20 23:30:00+00:00,2025-11-20 18:30:00-05:00,2025-11-21,MAPPED,True
16467,GDP Annualized SA QoQ,JPY GDP,2025-12-07 23:50:00+00:00,2025-12-07 18:50:00-05:00,2025-12-08,MAPPED,True
16468,GDP SA QoQ,JPY GDP,2025-12-07 23:50:00+00:00,2025-12-07 18:50:00-05:00,2025-12-08,MAPPED,True
16469,GDP Deflator YoY,JPY GDP,2025-12-07 23:50:00+00:00,2025-12-07 18:50:00-05:00,2025-12-08,MAPPED,True
16473,FOMC Rate Decision (Upper Bound),FOMC,2025-12-10 19:00:00+00:00,2025-12-10 14:00:00-05:00,2025-12-10,MAPPED,True
16486,Unemployment Rate,US Employment,2025-12-16 13:30:00+00:00,2025-12-16 08:30:00-05:00,2025-12-16,MAPPED,True
16487,Change in Nonfarm Payrolls,US Employment,2025-12-16 13:30:00+00:00,2025-12-16 08:30:00-05:00,2025-12-16,MAPPED,True
16489,Change in Nonfarm Payrolls,US Employment,2025-12-16 13:30:01+00:00,2025-12-16 08:30:01-05:00,2025-12-16,MAPPED,True
16493,CPI YoY,US CPI,2025-12-18 13:30:00+00:00,2025-12-18 08:30:00-05:00,2025-12-18,MAPPED,True
16495,Natl CPI YoY,JPY National CPI,2025-12-18 23:30:00+00:00,2025-12-18 18:30:00-05:00,2025-12-19,MAPPED,True
16496,BOJ Target Rate,BoJ,2025-12-19 03:19:00+00:00,2025-12-18 22:19:00-05:00,2025-12-19,MAPPED,True
16525,Change in Nonfarm Payrolls,US Employment,2026-01-09 13:30:00+00:00,2026-01-09 08:30:00-05:00,2026-01-09,MAPPED,True
16526,Unemployment Rate,US Employment,2026-01-09 13:30:00+00:00,2026-01-09 08:30:00-05:00,2026-01-09,MAPPED,True
16530,CPI YoY,US CPI,2026-01-13 13:30:00+00:00,2026-01-13 08:30:00-05:00,2026-01-13,MAPPED,True
16531,CPI MoM,US CPI,2026-01-13 13:30:00+00:00,2026-01-13 08:30:00-05:00,2026-01-13,MAPPED,True
16555,Natl CPI YoY,JPY National CPI,2026-01-22 23:30:00+00:00,2026-01-22 18:30:00-05:00,2026-01-23,MAPPED,True
16557,BOJ Target Rate,BoJ,2026-01-23 03:07:00+00:00,2026-01-22 22:07:00-05:00,2026-01-23,MAPPED,True
16565,FOMC Rate Decision (Upper Bound),FOMC,2026-01-28 19:00:00+00:00,2026-01-28 14:00:00-05:00,2026-01-28,MAPPED,True
16588,Unemployment Rate,US Employment,2026-02-11 13:30:00+00:00,2026-02-11 08:30:00-05:00,2026-02-11,MAPPED,True
16589,Change in Nonfarm Payrolls,US Employment,2026-02-11 13:30:00+00:00,2026-02-11 08:30:00-05:00,2026-02-11,MAPPED,True
16593,CPI MoM,US CPI,2026-02-13 13:30:00+00:00,2026-02-13 08:30:00-05:00,2026-02-13,MAPPED,True
16594,CPI YoY,US CPI,2026-02-13 13:30:00+00:00,2026-02-13 08:30:00-05:00,2026-02-13,MAPPED,True
16595,GDP Deflator YoY,JPY GDP,2026-02-15 23:50:00+00:00,2026-02-15 18:50:00-05:00,2026-02-16,MAPPED,True
16596,GDP SA QoQ,JPY GDP,2026-02-15 23:50:00+00:00,2026-02-15 18:50:00-05:00,2026-02-16,MAPPED,True
16597,GDP Annualized SA QoQ,JPY GDP,2026-02-15 23:50:00+00:00,2026-02-15 18:50:00-05:00,2026-02-16,MAPPED,True
16611,Natl CPI YoY,JPY National CPI,2026-02-19 23:30:00+00:00,2026-02-19 18:30:00-05:00,2026-02-20,MAPPED,True
16642,Unemployment Rate,US Employment,2026-03-06 13:30:00+00:00,2026-03-06 08:30:00-05:00,2026-03-06,MAPPED,True
16643,Change in Nonfarm Payrolls,US Employment,2026-03-06 13:30:00+00:00,2026-03-06 08:30:00-05:00,2026-03-06,MAPPED,True
16646,GDP Annualized SA QoQ,JPY GDP,2026-03-09 23:50:00+00:00,2026-03-09 19:50:00-04:00,2026-03-10,MAPPED,True
16647,GDP SA QoQ,JPY GDP,2026-03-09 23:50:00+00:00,2026-03-09 19:50:00-04:00,2026-03-10,MAPPED,True
16648,GDP Deflator YoY,JPY GDP,2026-03-09 23:50:00+00:00,2026-03-09 19:50:00-04:00,2026-03-10,MAPPED,True
16652,CPI MoM,US CPI,2026-03-11 12:30:00+00:00,2026-03-11 08:30:00-04:00,2026-03-11,MAPPED,True
16653,CPI YoY,US CPI,2026-03-11 12:30:00+00:00,2026-03-11 08:30:00-04:00,2026-03-11,MAPPED,True
16669,FOMC Rate Decision (Upper Bound),FOMC,2026-03-18 18:00:00+00:00,2026-03-18 14:00:00-04:00,2026-03-18,MAPPED,True
16671,BOJ Target Rate,BoJ,2026-03-19 02:46:00+00:00,2026-03-18 22:46:00-04:00,2026-03-19,MAPPED,True
16678,Natl CPI YoY,JPY National CPI,2026-03-23 23:30:00+00:00,2026-03-23 19:30:00-04:00,2026-03-24,MAPPED,True
16703,Change in Nonfarm Payrolls,US Employment,2026-04-03 13:30:00+00:00,2026-04-03 09:30:00-04:00,2026-04-03,MAPPED,True
16704,Unemployment Rate,US Employment,2026-04-03 13:30:00+00:00,2026-04-03 09:30:00-04:00,2026-04-03,MAPPED,True
16715,CPI MoM,US CPI,2026-04-10 13:30:00+00:00,2026-04-10 09:30:00-04:00,2026-04-10,MAPPED,True
16716,CPI YoY,US CPI,2026-04-10 13:30:00+00:00,2026-04-10 09:30:00-04:00,2026-04-10,MAPPED,True
16734,Natl CPI YoY,JPY National CPI,2026-04-24 00:30:00+00:00,2026-04-23 20:30:00-04:00,2026-04-24,MAPPED,True
16738,BOJ Target Rate,BoJ,2026-04-28 04:04:00+00:00,2026-04-28 00:04:00-04:00,2026-04-28,MAPPED,True
16745,FOMC Rate Decision (Upper Bound),FOMC,2026-04-29 19:00:00+00:00,2026-04-29 15:00:00-04:00,2026-04-29,MAPPED,True
16769,Change in Nonfarm Payrolls,US Employment,2026-05-08 13:30:00+00:00,2026-05-08 09:30:00-04:00,2026-05-08,MAPPED,True
16770,Unemployment Rate,US Employment,2026-05-08 13:30:00+00:00,2026-05-08 09:30:00-04:00,2026-05-08,MAPPED,True
16774,CPI YoY,US CPI,2026-05-12 13:30:00+00:00,2026-05-12 09:30:00-04:00,2026-05-12,MAPPED,True
16775,CPI MoM,US CPI,2026-05-12 13:30:00+00:00,2026-05-12 09:30:00-04:00,2026-05-12,MAPPED,True
16784,GDP Annualized SA QoQ,JPY GDP,2026-05-19 00:50:00+00:00,2026-05-18 20:50:00-04:00,2026-05-19,MAPPED,True
16785,GDP SA QoQ,JPY GDP,2026-05-19 00:50:00+00:00,2026-05-18 20:50:00-04:00,2026-05-19,MAPPED,True
16786,GDP Deflator YoY,JPY GDP,2026-05-19 00:50:00+00:00,2026-05-18 20:50:00-04:00,2026-05-19,MAPPED,True
16795,Natl CPI YoY,JPY National CPI,2026-05-22 00:30:00+00:00,2026-05-21 20:30:00-04:00,2026-05-22,MAPPED,True
16823,Change in Nonfarm Payrolls,US Employment,2026-06-05 13:30:00+00:00,2026-06-05 09:30:00-04:00,2026-06-05,MAPPED,True
16824,Unemployment Rate,US Employment,2026-06-05 13:30:00+00:00,2026-06-05 09:30:00-04:00,2026-06-05,MAPPED,True
16825,GDP Annualized SA QoQ,JPY GDP,2026-06-08 00:50:00+00:00,2026-06-07 20:50:00-04:00,2026-06-08,MAPPED,True
16826,GDP SA QoQ,JPY GDP,2026-06-08 00:50:00+00:00,2026-06-07 20:50:00-04:00,2026-06-08,MAPPED,True
16828,GDP Deflator YoY,JPY GDP,2026-06-08 00:50:00+00:00,2026-06-07 20:50:00-04:00,2026-06-08,MAPPED,True
16834,CPI YoY,US CPI,2026-06-10 13:30:00+00:00,2026-06-10 09:30:00-04:00,2026-06-10,MAPPED,True
16835,CPI MoM,US CPI,2026-06-10 13:30:00+00:00,2026-06-10 09:30:00-04:00,2026-06-10,MAPPED,True
16843,BOJ Target Rate,BoJ,2026-06-16 04:19:00+00:00,2026-06-16 00:19:00-04:00,2026-06-16,MAPPED,True
16848,FOMC Rate Decision (Upper Bound),FOMC,2026-06-17 19:00:00+00:00,2026-06-17 15:00:00-04:00,2026-06-17,MAPPED,True
16851,Natl CPI YoY,JPY National CPI,2026-06-19 00:30:00+00:00,2026-06-18 20:30:00-04:00,2026-06-19,MAPPED,True
